0.20 0.22 0.23 0.25 0.23 0.25 0.25 0.28 0.28 0.29 0.28 0.26 0.30 0.29 0.30 0.32 0.32 0.33 0.35 0.34 0.34 0.36 0.38 0.38 0.40 0.40 0.41 0.46 0.46 0.49 0.47 0.53 0.53 0.53 0.55 0.58 0.61 0.59 0.64 0.60 0.60 0.57 0.56 0.59 0.52 0.51 0.52 0.47 0.43 0.43 0.45 0.42 0.39 0.40 0.39 0.46 0.46 0.48 0.55 0.63 0.70 0.79 0.92 1.10 1.26 1.47 1.73 1.96 2.28 2.65 3.00 3.42 3.87 4.30 4.77 5.27 5.75 6.25 6.74 7.17 7.68 8.07 8.42 8.73 8.98 9.17 9.28 9.32 9.30 9.17 8.98 8.74 8.45 8.06 7.67 7.24 6.77 6.26 5.81 5.28 4.80 4.30 3.87 3.43 3.02 0.85 0.85 0.85 0.45 0.48 0.47 0.47 0.47 0.81 0.70 0.62 0.55 0.44 0.43 0.40 0.33 0.33 0.28 0.28 0.29 0.30 0.25 0.28 0.28 0.27 0.28 0.29 0.26 0.29 0.29 0.30 0.26 0.29 0.32 0.30 0.30 0.28 0.29 0.30 0.28 0.27 0.27 0.30 0.29 0.28 0.31 0.27 0.32 0.27 0.28 0.28 0.30 0.28 0.28 0.29 0.32 0.32 0.33 0.33 0.34 0.36 0.42 0.45 0.45 0.49 0.51 0.56 0.61 0.63 0.47 0.71 0.77 0.76 0.84 0.85 0.91 0.96 0.97 1.00 1.00 1.03 1.05 1.03 1.04 1.03 1.01 1.01 0.96 0.97 0.93 0.87 0.85 0.82 0.76 0.71
0.24 0.24 0.23 0.23 0.24 0.26 0.24 0.25 0.24 0.30 0.26 0.25 0.29 0.29 0.28 0.32 0.31 0.32 0.33 0.35 0.35 0.36 0.41 0.41 0.42 0.44 0.43 0.47 0.51 0.51 0.56 0.57 0.58 0.61 0.63 0.66 0.70 0.67 0.67 0.69 0.69 0.67 0.66 0.67 0.62 0.60 0.55 0.53 0.50 0.49 0.47 0.46 0.42 0.43 0.44 0.44 0.47 0.50 0.58 0.63 0.72 0.83 0.96 1.12 1.32 1.56 1.81 2.08 2.40 2.77 3.15 3.56 4.04 4.52 5.05 5.55 6.06 6.60 7.07 7.59 8.05 8.49 8.86 9.20 9.45 9.65 9.79 9.80 9.76 9.68 9.48 9.21 8.86 8.52 8.08 7.61 7.12 6.59 6.11 5.53 5.03 4.52 4.05 3.61 3.17 0.85 0.85 0.85 0.46 0.45 0.45 0.46 0.47 0.82 0.73 0.63 0.54 0.50 0.44 0.41 0.37 0.35 0.32 0.31 0.28 0.30 0.27 0.26 0.28 0.28 0.28 0.29 0.26 0.27 0.28 0.30 0.30 0.29 0.28 0.30 0.30 0.31 0.28 0.28 0.27 0.29 0.30 0.28 0.28 0.27 0.28 0.32 0.29 0.29 0.27 0.29 0.31 0.29 0.31 0.31 0.29 0.34 0.37 0.37 0.39 0.42 0.45 0.46 0.52 0.56 0.57 0.60 0.47 0.46 0.47 0.47 0.47 0.85 0.85 0.85 1.05 1.12 1.13 1.16 1.18 1.19 1.21 1.22 1.21 1.20 1.18 1.16 1.15 1.08 1.06 1.01 0.95 0.90 0.87 0.83
0.26 0.24 0.24 0.26 0.25 0.24 0.25 0.29 0.29 0.28 0.31 0.29 0.29 0.30 0.28 0.30 0.32 0.36 0.34 0.35 0.32 0.37 0.38 0.43 0.41 0.47 0.48 0.51 0.52 0.58 0.60 0.65 0.67 0.72 0.74 0.75 0.79 0.80 0.81 0.80 0.80 0.81 0.74 0.74 0.68 0.68 0.63 0.58 0.55 0.55 0.55 0.47 0.48 0.48 0.47 0.45 0.49 0.55 0.59 0.67 0.78 0.86 1.00 1.20 1.38 1.62 1.86 2.15 2.51 2.87 3.27 3.76 4.23 4.70 5.25 5.78 6.32 6.88 7.40 7.93 8.42 8.88 9.27 9.62 9.88 10.10 10.22 10.27 10.22 10.09 9.91 9.62 9.25 8.88 8.43 7.97 7.44 6.91 6.37 5.80 5.25 4.72 4.23 3.76 0.85 0.85 0.85 0.47 0.45 0.48 0.48 0.45 0.46 0.48 0.75 0.67 0.56 0.47 0.43 0.38 0.37 0.33 0.31 0.31 0.32 0.28 0.29 0.28 0.28 0.29 0.31 0.28 0.29 0.30 0.27 0.27 0.28 0.29 0.29 0.28 0.30 0.30 0.30 0.31 0.30 0.29 0.28 0.27 0.29 0.27 0.28 0.28 0.29 0.29 0.29 0.28 0.31 0.32 0.31 0.32 0.32 0.35 0.38 0.43 0.42 0.44 0.49 0.51 0.58 0.60 0.67 0.70 0.47 0.47 0.48 0.45 0.48 0.85 0.85 0.85 1.26 1.28 1.35 1.38 1.41 1.43 1.42 1.39 1.43 1.41 1.36 1.33 1.33 1.28 1.21 1.19 1.09 1.05 0.98 0.92
0.23 0.26 0.28 0.27 0.25 0.27 0.26 0.28 0.27 0.28 0.27 0.27 0.32 0.32 0.29 0.31 0.34 0.32 0.35 0.36 0.37 0.39 0.37 0.44 0.48 0.50 0.53 0.58 0.62 0.64 0.69 0.76 0.80 0.84 0.88 0.86 0.91 0.93 0.94 0.94 0.94 0.95 0.94 0.88 0.82 0.80 0.76 0.70 0.67 0.62 0.56 0.52 0.53 0.49 0.50 0.49 0.54 0.56 0.62 0.67 0.78 0.89 1.04 1.22 1.41 1.68 1.93 2.25 2.61 2.98 3.41 3.86 4.38 4.88 5.45 5.99 6.54 7.14 7.72 8.25 8.75 9.20 9.62 9.97 10.23 10.49 10.60 10.63 10.58 10.48 10.26 9.96 9.60 9.21 8.77 8.23 7.70 7.17 6.56 6.03 5.46 4.89 4.39 3.88 3.41 0.85 0.85 0.85 0.45 0.45 0.47 0.47 0.46 0.85 0.75 0.64 0.57 0.50 0.45 0.42 0.37 0.33 0.33 0.33 0.30 0.29 0.28 0.28 0.24 0.24 0.28 0.27 0.29 0.30 0.29 0.29 0.29 0.28 0.32 0.29 0.29 0.29 0.29 0.30 0.30 0.30 0.25 0.30 0.31 0.28 0.27 0.29 0.29 0.31 0.28 0.30 0.32 0.28 0.32 0.35 0.34 0.36 0.41 0.44 0.44 0.49 0.54 0.57 0.64 0.66 0.74 0.47 0.45 0.46 0.46 0.48 0.47 0.46 0.85 0.85 0.85 1.49 1.53 1.56 1.59 1.60 1.64 1.63 1.66 1.63 1.60 1.56 1.52 1.49 1.43 1.33 1.29 1.23 1.14 1.06
0.24 0.22 0.25 0.24 0.22 0.25 0.27 0.26 0.27 0.25 0.30 0.30 0.30 0.32 0.32 0.30 0.34 0.35 0.36 0.37 0.38 0.41 0.44 0.48 0.49 0.54 0.58 0.62 0.69 0.74 0.79 0.84 0.91 0.94 1.01 1.05 1.08 1.09 1.12 1.15 1.13 1.11 1.06 1.03 0.99 0.93 0.87 0.81 0.76 0.69 0.64 0.61 0.55 0.55 0.55 0.51 0.56 0.59 0.64 0.72 0.81 0.92 1.06 1.25 1.46 1.69 2.00 2.30 2.66 3.06 3.51 4.00 4.46 5.04 5.56 6.17 6.74 7.35 7.93 8.46 8.99 9.49 9.91 10.24 10.53 10.75 10.88 10.92 10.89 10.77 10.54 10.26 9.89 9.47 8.98 8.49 7.95 7.32 6.79 6.19 5.62 5.06 4.50 3.98 3.52 0.85 0.85 0.85 0.48 0.45 0.46 0.47 0.45 0.85 0.78 0.65 0.58 0.54 0.44 0.40 0.41 0.33 0.34 0.31 0.29 0.30 0.31 0.27 0.26 0.29 0.29 0.31 0.29 0.32 0.29 0.31 0.31 0.30 0.30 0.31 0.30 0.31 0.29 0.26 0.30 0.31 0.30 0.28 0.28 0.31 0.32 0.29 0.28 0.31 0.28 0.31 0.31 0.33 0.33 0.33 0.38 0.40 0.46 0.46 0.50 0.55 0.58 0.64 0.68 0.78 0.84 0.85 0.47 0.46 0.46 0.46 0.47 0.85 0.85 0.85 1.63 1.71 1.76 1.82 1.89 1.87 1.89 1.88 1.90 1.89 1.86 1.81 1.76 1.68 1.61 1.55 1.47 1.40 1.29 1.21
0.25 0.22 0.24 0.25 0.24 0.26 0.26 0.26 0.29 0.29 0.28 0.27 0.30 0.32 0.33 0.31 0.33 0.36 0.37 0.39 0.39 0.46 0.44 0.48 0.55 0.61 0.65 0.69 0.77 0.84 0.91 0.98 1.07 1.17 1.19 1.22 1.31 1.32 1.33 1.35 1.32 1.31 1.29 1.24 1.15 1.10 1.02 0.96 0.89 0.81 0.73 0.69 0.64 0.57 0.58 0.58 0.58 0.62 0.70 0.72 0.80 0.92 1.09 1.25 1.47 1.73 2.02 2.33 2.71 3.13 3.57 4.03 4.58 5.12 5.67 6.29 6.90 7.50 8.06 8.63 9.16 9.66 10.07 10.46 10.76 10.98 11.12 11.15 11.14 10.98 10.76 10.48 10.10 9.65 9.19 8.68 8.09 7.50 6.90 6.31 5.73 5.14 4.59 4.06 3.60 0.85 0.85 0.85 0.85 0.85 0.48 0.85 0.85 0.85 0.82 0.68 0.61 0.52 0.45 0.41 0.39 0.38 0.32 0.32 0.29 0.28 0.29 0.28 0.31 0.29 0.29 0.30 0.26 0.29 0.29 0.29 0.31 0.31 0.30 0.28 0.29 0.27 0.30 0.28 0.31 0.30 0.27 0.31 0.27 0.29 0.31 0.28 0.29 0.33 0.30 0.30 0.33 0.34 0.34 0.41 0.40 0.41 0.45 0.50 0.55 0.59 0.63 0.68 0.79 0.85 0.85 0.85 0.48 0.47 0.48 0.48 0.45 0.85 0.85 0.85 1.86 1.95 2.02 2.08 2.14 2.17 2.19 2.20 2.19 2.19 2.12 2.08 2.02 1.93 1.86 1.76 1.70 1.59 1.47 1.38
0.22 0.23 0.24 0.23 0.25 0.26 0.25 0.27 0.28 0.31 0.33 0.30 0.30 0.33 0.33 0.33 0.34 0.36 0.40 0.38 0.45 0.46 0.49 0.54 0.58 0.64 0.72 0.82 0.88 0.96 1.06 1.15 1.25 1.32 1.40 1.47 1.53 1.57 1.58 1.56 1.56 1.56 1.51 1.45 1.36 1.29 1.18 1.09 1.01 0.92 0.80 0.75 0.72 0.65 0.63 0.61 0.63 0.62 0.67 0.73 0.85 0.93 1.11 1.29 1.49 1.76 2.04 2.37 2.73 3.15 3.64 4.09 4.62 5.17 5.78 6.36 6.94 7.57 8.17 8.74 9.26 9.78 10.21 10.60 10.89 11.10 11.27 11.31 11.24 11.10 10.90 10.58 10.23 9.81 9.29 8.75 8.22 7.58 7.01 6.39 5.79 5.19 4.66 4.12 3.62 3.18 0.85 0.85 0.85 0.85 0.85 0.85 0.85 0.85 0.79 0.69 0.59 0.52 0.46 0.41 0.38 0.38 0.33 0.31 0.32 0.31 0.30 0.29 0.28 0.28 0.28 0.26 0.30 0.32 0.29 0.31 0.29 0.28 0.29 0.29 0.31 0.30 0.31 0.31 0.33 0.29 0.29 0.30 0.31 0.32 0.31 0.30 0.29 0.29 0.31 0.35 0.34 0.32 0.34 0.39 0.41 0.48 0.48 0.51 0.59 0.64 0.71 0.77 0.85 0.85 0.85 0.85 0.85 0.85 0.47 0.85 0.85 0.85 0.85 0.85 2.13 2.24 2.32 2.38 2.43 2.50 2.53 2.52 2.50 2.48 2.45 2.39 2.33 2.20 2.10 2.03 1.92 1.80 1.69 1.58
0.21 0.26 0.25 0.22 0.24 0.28 0.26 0.27 0.26 0.30 0.31 0.27 0.31 0.32 0.31 0.33 0.36 0.36 0.39 0.43 0.42 0.48 0.56 0.58 0.65 0.75 0.83 0.88 1.00 1.11 1.21 1.31 1.43 1.54 1.65 1.75 1.77 1.85 1.89 1.90 1.87 1.86 1.78 1.70 1.61 1.53 1.41 1.27 1.19 1.08 0.98 0.86 0.77 0.74 0.67 0.67 0.65 0.67 0.73 0.78 0.86 0.98 1.10 1.29 1.50 1.71 2.04 2.35 2.77 3.17 3.62 4.10 4.64 5.17 5.76 6.40 7.01 7.65 8.20 8.78 9.31 9.82 10.23 10.63 10.93 11.18 11.30 11.33 11.32 11.15 10.94 10.65 10.26 9.82 9.35 8.80 8.24 7.62 7.05 6.42 5.80 5.23 4.65 4.13 3.67 3.22 2.78 0.85 0.85 0.85 0.85 0.85 0.85 0.85 0.79 0.71 0.61 0.52 0.49 0.42 0.39 0.35 0.32 0.35 0.31 0.31 0.30 0.32 0.27 0.29 0.28 0.31 0.29 0.30 0.28 0.28 0.34 0.30 0.30 0.29 0.30 0.28 0.30 0.28 0.32 0.30 0.29 0.26 0.32 0.28 0.30 0.31 0.32 0.32 0.33 0.32 0.36 0.38 0.38 0.40 0.45 0.49 0.53 0.56 0.61 0.70 0.75 0.86 0.97 1.07 0.85 0.85 0.85 0.85 0.85 0.85 0.85 0.85 0.85 2.34 2.42 2.56 2.66 2.70 2.77 2.86 2.86 2.89 2.85 2.82 2.80 2.70 2.62 2.54 2.42 2.33 2.23 2.06 1.90 1.78
0.25 0.23 0.24 0.23 0.22 0.24 0.29 0.27 0.29 0.27 0.31 0.31 0.29 0.29 0.34 0.31 0.36 0.40 0.43 0.45 0.49 0.53 0.57 0.65 0.74 0.81 0.91 1.01 1.13 1.28 1.41 1.55 1.68 1.81 1.92 2.01 2.09 2.16 2.18 2.21 2.19 2.16 2.10 1.97 1.89 1.73 1.64 1.49 1.37 1.23 1.12 0.98 0.90 0.82 0.80 0.69 0.70 0.69 0.71 0.80 0.87 0.95 1.12 1.27 1.49 1.77 2.05 2.35 2.74 3.15 3.61 4.10 4.62 5.18 5.76 6.35 6.99 7.60 8.17 8.71 9.29 9.76 10.24 10.59 10.89 11.10 11.27 11.31 11.25 11.11 10.92 10.61 10.23 9.77 9.31 8.77 8.19 7.60 7.01 6.39 5.78 5.23 4.66 4.15 3.68 3.18 2.76 2.43 2.06 1.78 0.85 1.30 1.10 0.93 0.81 0.73 0.60 0.52 0.47 0.41 0.40 0.35 0.33 0.31 0.32 0.31 0.31 0.26 0.28 0.25 0.27 0.28 0.31 0.27 0.26 0.31 0.27 0.28 0.31 0.28 0.28 0.30 0.28 0.28 0.29 0.29 0.29 0.32 0.29 0.30 0.29 0.30 0.31 0.33 0.33 0.36 0.37 0.37 0.41 0.43 0.47 0.52 0.57 0.62 0.67 0.75 0.86 0.94 1.09 1.18 1.30 0.85 0.85 0.85 0.85 0.85 0.85 0.85 2.51 2.64 2.78 2.89 3.00 3.09 3.15 3.19 3.24 3.21 3.24 3.20 3.14 3.09 2.98 2.90 2.73 2.61 2.48 2.32 2.16 2.01
0.21 0.24 0.26 0.25 0.23 0.26 0.26 0.25 0.29 0.29 0.33 0.29 0.30 0.31 0.34 0.34 0.37 0.42 0.42 0.44 0.53 0.56 0.61 0.72 0.81 0.93 1.04 1.14 1.29 1.47 1.60 1.77 1.94 2.09 2.24 2.34 2.47 2.54 2.57 2.61 2.56 2.51 2.42 2.33 2.20 2.04 1.91 1.73 1.58 1.38 1.27 1.14 1.01 0.90 0.83 0.75 0.71 0.71 0.76 0.77 0.87 0.97 0.85 1.24 1.51 1.73 2.01 2.35 2.68 3.12 3.56 4.04 4.54 5.10 5.68 6.29 6.86 7.48 8.05 8.63 9.17 9.69 10.09 10.44 10.75 10.95 11.13 11.18 11.12 10.98 10.80 10.48 10.13 9.66 9.15 8.65 8.11 7.52 6.92 6.31 5.72 5.17 4.62 4.08 3.60 3.16 2.75 2.36 2.03 1.77 1.52 1.27 1.10 0.92 0.81 0.67 0.61 0.52 0.48 0.42 0.37 0.35 0.32 0.32 0.31 0.30 0.29 0.31 0.27 0.30 0.31 0.29 0.28 0.31 0.28 0.27 0.30 0.30 0.28 0.30 0.27 0.30 0.30 0.30 0.30 0.30 0.28 0.29 0.28 0.30 0.31 0.31 0.33 0.32 0.34 0.35 0.37 0.39 0.42 0.44 0.52 0.54 0.63 0.67 0.76 0.88 0.94 1.03 1.17 1.31 1.44 1.60 1.75 1.93 0.85 2.30 2.45 2.63 2.77 2.95 3.12 3.23 3.36 3.45 3.54 3.62 3.66 3.66 3.65 3.59 3.55 3.47 3.35 3.23 3.09 2.95 2.78 2.60 2.41 2.26
0.22 0.23 0.23 0.25 0.24 0.26 0.26 0.29 0.28 0.28 0.29 0.28 0.34 0.32 0.32 0.37 0.37 0.39 0.44 0.48 0.55 0.61 0.68 0.75 0.87 0.98 1.12 1.28 1.45 1.66 1.84 2.03 2.25 2.41 2.57 2.69 2.83 2.91 2.96 2.96 2.96 2.87 2.81 2.67 2.54 2.38 2.18 1.98 1.80 1.63 1.43 1.25 1.11 1.01 0.91 0.80 0.76 0.73 0.73 0.78 0.85 0.85 0.85 0.85 0.85 0.85 1.99 2.31 2.65 3.06 3.48 3.97 4.45 5.03 5.59 6.17 6.75 7.33 7.93 8.48 9.01 9.49 9.90 10.25 10.59 10.75 10.92 10.93 10.88 10.77 10.56 10.29 9.94 9.49 9.02 8.50 7.93 7.37 6.76 6.19 5.64 5.07 4.55 4.02 3.55 3.09 2.71 2.34 2.02 1.72 1.49 1.28 1.12 0.94 0.81 0.69 0.63 0.53 0.49 0.41 0.39 0.35 0.32 0.31 0.31 0.30 0.31 0.30 0.29 0.30 0.30 0.28 0.30 0.30 0.28 0.30 0.29 0.30 0.33 0.27 0.29 0.30 0.31 0.31 0.28 0.30 0.31 0.28 0.31 0.30 0.31 0.30 0.32 0.34 0.36 0.37 0.39 0.40 0.46 0.50 0.52 0.59 0.65 0.72 0.85 0.91 1.03 1.17 1.28 1.44 1.59 1.76 1.97 2.12 2.31 2.52 2.71 2.93 3.11 3.30 3.45 3.62 3.76 3.90 3.96 4.08 4.06 4.12 4.07 4.04 3.97 3.86 3.73 3.63 3.44 3.30 3.09 2.92 2.72 2.51
0.23 0.23 0.25 0.24 0.25 0.25 0.26 0.27 0.29 0.29 0.31 0.31 0.31 0.31 0.33 0.36 0.39 0.40 0.46 0.53 0.58 0.62 0.73 0.85 0.97 1.11 1.26 1.44 1.63 1.88 2.05 2.29 2.52 2.72 2.90 3.06 3.22 3.33 3.38 3.40 3.39 3.27 3.20 3.04 2.85 2.68 2.47 2.26 2.02 1.81 1.56 1.42 1.25 1.12 0.97 0.88 0.81 0.79 0.79 0.81 0.85 0.85 0.85 0.85 0.85 0.85 0.85 2.24 2.58 2.99 3.37 3.88 4.32 4.88 5.42 5.98 6.54 7.14 7.71 8.21 8.76 9.22 9.62 9.99 10.27 10.46 10.60 10.66 10.62 10.50 10.26 9.99 9.63 9.22 8.78 8.29 7.74 7.17 6.60 6.02 5.47 4.93 4.45 3.93 3.46 3.05 2.65 2.28 1.98 1.71 1.46 1.23 1.05 0.92 0.80 0.68 0.59 0.53 0.46 0.42 0.40 0.36 0.33 0.33 0.34 0.34 0.29 0.30 0.28 0.30 0.31 0.29 0.30 0.28 0.33 0.27 0.29 0.29 0.31 0.31 0.30 0.29 0.28 0.31 0.29 0.33 0.33 0.30 0.32 0.29 0.30 0.32 0.33 0.36 0.36 0.38 0.38 0.43 0.50 0.48 0.58 0.61 0.68 0.80 0.89 1.00 1.11 1.24 1.42 1.58 1.76 1.95 2.14 2.37 2.58 2.79 3.01 3.25 3.46 3.68 3.83 4.03 4.16 4.30 4.41 4.49 4.55 4.57 4.54 4.48 4.40 4.31 4.16 3.98 3.85 3.63 3.45 3.23 3.04 2.79
0.23 0.24 0.26 0.25 0.26 0.27 0.27 0.29 0.26 0.30 0.30 0.31 0.32 0.34 0.33 0.36 0.39 0.44 0.47 0.52 0.60 0.70 0.81 0.90 1.05 1.22 1.41 1.62 1.84 2.09 2.32 2.62 2.83 3.07 3.29 3.50 3.64 3.78 3.81 3.85 3.82 3.74 3.61 3.45 3.23 3.03 2.79 2.53 2.29 2.02 1.77 1.58 1.38 1.22 1.05 0.97 0.84 0.79 0.80 0.83 0.84 0.85 0.47 0.85 0.85 0.85 0.85 0.85 2.50 2.86 3.29 3.76 4.22 4.71 5.23 5.80 6.33 6.86 7.44 7.95 8.45 8.91 9.30 9.62 9.91 10.13 10.24 10.28 10.24 10.11 9.92 9.67 9.30 8.92 8.49 8.01 7.48 6.96 6.36 5.82 5.33 4.78 4.26 3.81 3.36 2.95 2.54 2.23 1.92 1.62 1.42 1.23 1.04 0.91 0.74 0.69 0.58 0.51 0.43 0.40 0.35 0.33 0.37 0.30 0.33 0.30 0.31 0.29 0.31 0.33 0.29 0.28 0.33 0.31 0.29 0.29 0.31 0.30 0.29 0.31 0.30 0.31 0.29 0.31 0.28 0.28 0.29 0.30 0.29 0.31 0.30 0.31 0.33 0.35 0.36 0.38 0.43 0.44 0.50 0.54 0.60 0.69 0.76 0.85 0.94 1.06 1.24 1.37 1.55 1.72 1.90 2.15 2.35 2.62 2.81 3.07 3.32 3.58 3.81 4.04 4.26 4.41 4.62 4.75 4.89 4.95 5.03 5.03 5.01 4.96 4.86 4.75 4.61 4.41 4.27 4.02 3.81 3.59 3.31 3.06
0.21 0.23 0.26 0.25 0.26 0.25 0.27 0.29 0.27 0.30 0.29 0.28 0.31 0.31 0.34 0.38 0.41 0.43 0.50 0.57 0.62 0.70 0.82 0.99 1.14 1.33 1.55 1.77 2.02 2.31 2.59 2.87 3.18 3.42 3.66 3.89 4.06 4.21 4.29 4.32 4.28 4.18 4.06 3.87 3.64 3.41 3.10 2.83 2.52 2.23 1.97 1.71 1.50 1.30 1.16 1.03 0.91 0.84 0.85 0.83 0.46 0.48 0.45 0.45 0.47 0.85 0.85 0.85 2.40 2.74 3.16 3.56 4.03 4.53 5.00 5.54 6.06 6.59 7.12 7.62 8.09 8.52 8.90 9.25 9.51 9.68 9.80 9.85 9.83 9.71 9.52 9.24 8.93 8.57 8.14 7.66 7.16 6.69 6.13 5.61 5.05 4.57 4.07 3.64 3.21 2.84 2.45 2.14 1.87 1.60 1.37 1.17 1.00 0.88 0.75 0.64 0.58 0.52 0.46 0.42 0.38 0.38 0.37 0.35 0.30 0.31 0.30 0.28 0.30 0.30 0.31 0.28 0.29 0.28 0.28 0.30 0.32 0.30 0.28 0.31 0.29 0.28 0.31 0.31 0.32 0.31 0.31 0.32 0.33 0.32 0.31 0.35 0.33 0.34 0.35 0.41 0.44 0.47 0.53 0.59 0.65 0.73 0.82 0.92 1.01 1.18 1.31 1.50 1.68 1.91 2.11 2.32 2.57 2.84 3.12 3.39 3.69 3.94 4.19 4.44 4.68 4.88 5.07 5.23 5.37 5.45 5.49 5.50 5.52 5.45 5.35 5.21 5.04 4.89 4.66 4.42 4.17 3.91 3.62 3.34
0.23 0.23 0.23 0.23 0.26 0.25 0.25 0.26 0.29 0.26 0.29 0.33 0.31 0.32 0.34 0.40 0.38 0.43 0.53 0.55 0.66 0.76 0.92 1.04 1.22 1.42 1.67 1.93 2.16 2.49 2.85 3.16 3.47 3.77 4.05 4.26 4.49 4.59 4.74 4.77 4.72 4.61 4.47 4.26 4.00 3.74 3.43 3.10 2.80 2.47 2.16 1.87 1.64 1.39 1.22 1.07 0.97 0.85 0.85 0.83 0.46 0.48 0.45 0.46 0.46 0.85 0.85 0.85 2.28 2.61 2.99 3.41 3.81 4.29 4.76 5.25 5.79 6.27 6.76 7.23 7.69 8.09 8.44 8.77 9.01 9.22 9.32 9.37 9.35 9.21 9.04 8.79 8.47 8.14 7.73 7.32 6.85 6.32 5.85 5.35 4.87 4.38 3.91 3.51 3.10 2.73 2.37 2.08 1.79 1.56 1.31 1.14 0.97 0.83 0.73 0.65 0.57 0.51 0.44 0.38 0.39 0.36 0.34 0.35 0.33 0.33 0.30 0.30 0.32 0.34 0.26 0.31 0.29 0.29 0.29 0.26 0.30 0.29 0.29 0.30 0.28 0.28 0.26 0.31 0.31 0.30 0.30 0.31 0.33 0.32 0.33 0.32 0.33 0.37 0.38 0.40 0.44 0.47 0.54 0.59 0.65 0.75 0.83 0.98 1.11 1.27 1.41 1.62 1.82 2.03 2.29 2.53 2.84 3.08 3.38 3.65 3.98 4.25 4.57 4.82 5.12 5.34 5.53 5.69 5.83 5.94 6.00 6.01 6.00 5.95 5.82 5.67 5.52 5.30 5.06 4.82 4.53 4.26 3.96 3.65
0.23 0.23 0.22 0.27 0.24 0.26 0.29 0.26 0.28 0.28 0.28 0.30 0.32 0.33 0.32 0.40 0.42 0.47 0.52 0.55 0.68 0.82 0.93 1.14 1.31 1.53 1.81 2.07 2.37 2.72 3.04 3.41 3.80 4.08 4.42 4.66 4.87 5.02 5.15 5.18 5.12 5.08 4.86 4.66 4.37 4.04 3.71 3.37 3.02 2.68 2.34 2.00 1.77 1.51 1.34 1.14 0.85 0.85 0.85 0.48 0.47 0.48 0.46 0.45 0.47 0.45 0.85 0.85 0.85 2.46 2.82 3.20 3.61 4.05 4.49 4.98 5.45 5.92 6.38 6.80 7.21 7.66 8.00 8.27 8.51 8.68 8.80 8.84 8.78 8.70 8.53 8.30 8.04 7.68 7.31 6.88 6.47 6.00 5.52 5.10 4.58 4.15 3.72 3.32 2.95 2.57 2.27 1.96 1.70 1.46 1.28 1.10 0.98 0.82 0.74 0.62 0.56 0.50 0.46 0.40 0.40 0.36 0.35 0.34 0.33 0.29 0.31 0.31 0.29 0.29 0.29 0.26 0.28 0.31 0.30 0.30 0.32 0.30 0.31 0.30 0.32 0.31 0.29 0.32 0.29 0.32 0.31 0.29 0.30 0.32 0.30 0.32 0.38 0.36 0.41 0.43 0.45 0.52 0.56 0.62 0.73 0.77 0.92 1.03 1.19 1.34 1.53 1.71 1.97 2.20 2.46 2.73 3.02 3.35 3.64 3.98 4.33 4.63 4.95 5.22 5.50 5.78 6.00 6.14 6.35 6.46 6.49 6.54 6.53 6.45 6.34 6.20 5.97 5.74 5.50 5.23 4.91 4.61 4.30 3.96
0.23 0.25 0.25 0.22 0.28 0.26 0.27 0.25 0.29 0.25 0.30 0.29 0.32 0.34 0.37 0.40 0.41 0.47 0.54 0.61 0.72 0.88 1.00 1.16 1.39 1.62 1.94 2.24 2.54 2.91 3.31 3.66 4.05 4.39 4.72 5.03 5.24 5.43 5.52 5.58 5.54 5.40 5.25 5.01 4.69 4.36 3.98 3.62 3.21 2.83 2.50 2.16 1.86 1.62 1.36 1.18 1.03 0.85 0.85 0.82 0.46 0.46 0.46 0.47 0.45 0.85 0.85 0.85 2.02 2.31 2.67 2.99 3.38 3.80 4.21 4.67 5.10 5.50 5.96 6.41 6.77 7.13 7.46 7.75 7.98 8.11 8.24 8.26 8.26 8.15 8.00 7.80 7.54 7.19 6.87 6.45 6.07 5.64 5.21 4.78 4.33 3.91 3.53 3.13 2.79 2.45 2.15 1.89 1.62 1.39 1.21 1.04 0.93 0.78 0.70 0.62 0.58 0.54 0.46 0.40 0.39 0.36 0.34 0.33 0.32 0.33 0.34 0.29 0.30 0.29 0.29 0.30 0.31 0.29 0.29 0.30 0.31 0.29 0.31 0.33 0.29 0.29 0.33 0.30 0.31 0.30 0.31 0.32 0.29 0.33 0.36 0.32 0.37 0.37 0.39 0.43 0.49 0.52 0.59 0.64 0.75 0.86 0.98 1.10 1.26 1.41 1.64 1.83 2.08 2.34 2.63 2.94 3.26 3.59 3.94 4.29 4.62 4.96 5.31 5.61 5.93 6.21 6.42 6.66 6.82 6.93 7.01 7.02 6.97 6.93 6.79 6.63 6.45 6.20 5.89 5.61 5.30 4.93 4.58 4.23
0.22 0.22 0.24 0.24 0.24 0.27 0.27 0.29 0.29 0.28 0.28 0.31 0.35 0.34 0.38 0.40 0.45 0.52 0.55 0.63 0.74 0.87 1.05 1.24 1.48 1.71 2.04 2.34 2.70 3.09 3.47 3.89 4.29 4.65 5.03 5.32 5.57 5.77 5.88 5.92 5.87 5.74 5.55 5.29 4.99 4.62 4.24 3.86 3.41 3.02 2.62 2.28 1.96 1.67 1.40 1.24 1.09 0.85 0.85 0.83 0.47 0.45 0.46 0.45 0.48 0.85 0.85 0.85 1.86 2.17 2.45 2.82 3.15 3.53 3.93 4.31 4.72 5.15 5.58 5.95 6.30 6.64 6.97 7.19 7.41 7.59 7.69 7.71 7.69 7.59 7.43 7.26 7.01 6.73 6.40 6.02 5.68 5.27 4.87 4.48 4.07 3.69 3.30 2.97 2.61 2.33 2.02 1.78 1.54 1.34 1.18 1.04 0.91 0.80 0.67 0.64 0.52 0.49 0.47 0.40 0.39 0.38 0.35 0.34 0.33 0.33 0.31 0.31 0.31 0.30 0.29 0.30 0.28 0.28 0.31 0.28 0.30 0.29 0.30 0.30 0.30 0.29 0.29 0.31 0.31 0.27 0.31 0.31 0.29 0.33 0.32 0.34 0.35 0.40 0.43 0.40 0.48 0.53 0.60 0.69 0.80 0.86 1.00 1.16 1.31 1.53 1.71 1.96 2.22 2.50 2.85 3.12 3.47 3.82 4.16 4.57 4.93 5.33 5.66 6.02 6.34 6.63 6.88 7.11 7.26 7.39 7.51 7.52 7.50 7.38 7.26 7.09 6.86 6.64 6.31 6.00 5.63 5.28 4.88 4.55
0.25 0.22 0.22 0.23 0.26 0.23 0.24 0.26 0.28 0.30 0.29 0.29 0.30 0.33 0.31 0.40 0.44 0.50 0.55 0.67 0.75 0.89 1.08 1.26 1.51 1.77 2.12 2.43 2.84 3.25 3.62 4.06 4.52 4.89 5.26 5.57 5.87 6.06 6.16 6.21 6.16 6.01 5.83 5.54 5.21 4.85 4.44 4.01 3.55 3.15 2.76 2.38 2.04 1.73 1.47 1.26 1.07 0.85 0.85 0.83 0.78 0.81 0.46 0.85 0.85 0.85 0.85 0.85 1.76 2.02 2.29 2.58 2.92 3.26 3.62 4.01 4.39 4.77 5.15 5.49 5.84 6.13 6.44 6.68 6.85 7.00 7.06 7.11 7.09 7.04 6.89 6.73 6.50 6.22 5.92 5.60 5.24 4.91 4.53 4.14 3.78 3.44 3.09 2.72 2.47 2.18 1.90 1.69 1.48 1.30 1.14 0.99 0.88 0.77 0.67 0.59 0.54 0.47 0.45 0.43 0.39 0.34 0.34 0.34 0.34 0.33 0.31 0.33 0.27 0.32 0.29 0.31 0.29 0.32 0.30 0.29 0.30 0.29 0.31 0.34 0.27 0.29 0.29 0.31 0.29 0.30 0.32 0.30 0.34 0.31 0.30 0.35 0.35 0.41 0.44 0.46 0.46 0.56 0.64 0.71 0.77 0.92 1.04 1.22 1.38 1.61 1.81 2.08 2.34 2.64 2.95 3.32 3.69 4.03 4.47 4.85 5.24 5.62 6.00 6.35 6.70 7.05 7.32 7.55 7.74 7.86 7.94 8.00 7.95 7.87 7.71 7.53 7.29 7.01 6.70 6.36 5.98 5.59 5.19 4.79
0.22 0.24 0.24 0.24 0.26 0.28 0.25 0.28 0.27 0.29 0.31 0.29 0.30 0.33 0.38 0.41 0.43 0.50 0.57 0.64 0.77 0.91 1.09 1.32 1.55 1.83 2.15 2.52 2.90 3.31 3.76 4.20 4.64 5.03 5.40 5.75 6.04 6.25 6.38 6.38 6.38 6.23 6.00 5.72 5.40 5.02 4.59 4.15 3.69 3.27 2.83 2.44 2.09 1.81 1.50 1.28 1.11 0.96 0.85 0.77 0.77 0.79 0.80 0.85 0.85 0.85 0.85 1.42 1.59 1.82 2.12 2.37 2.69 2.99 3.33 3.68 4.02 4.36 4.71 5.04 5.33 5.61 5.91 6.11 6.29 6.43 6.51 6.55 6.52 6.49 6.34 6.19 6.00 5.77 5.46 5.18 4.86 4.53 4.17 3.87 3.50 3.15 2.84 2.56 2.30 2.06 1.81 1.62 1.44 1.24 1.10 0.95 0.84 0.74 0.66 0.59 0.55 0.47 0.45 0.42 0.39 0.35 0.35 0.35 0.34 0.33 0.32 0.31 0.33 0.30 0.29 0.28 0.33 0.29 0.31 0.30 0.31 0.30 0.30 0.29 0.28 0.30 0.28 0.32 0.30 0.26 0.28 0.31 0.29 0.35 0.33 0.35 0.37 0.40 0.42 0.46 0.48 0.55 0.64 0.73 0.85 0.96 1.10 1.26 1.43 1.66 1.88 2.17 2.42 2.78 3.14 3.47 3.85 4.26 4.67 5.10 5.52 5.92 6.32 6.74 7.09 7.41 7.70 7.98 8.13 8.29 8.39 8.38 8.38 8.27 8.12 7.94 7.70 7.40 7.07 6.69 6.34 5.90 5.50 5.03
0.22 0.22 0.23 0.22 0.24 0.24 0.25 0.28 0.29 0.29 0.29 0.32 0.29 0.33 0.34 0.39 0.44 0.51 0.59 0.65 0.79 0.93 1.10 1.29 1.57 1.85 2.23 2.55 2.96 3.37 3.82 4.28 4.71 5.15 5.52 5.90 6.16 6.36 6.50 6.53 6.51 6.34 6.13 5.86 5.51 5.07 4.68 4.21 3.76 3.33 2.89 2.49 2.13 1.81 1.49 1.30 1.13 0.97 0.82 0.76 0.73 0.74 0.75 0.81 0.85 0.85 1.16 1.33 1.49 1.70 1.89 2.16 2.46 2.72 3.05 3.34 3.65 3.98 4.30 4.59 4.85 5.12 5.37 5.58 5.73 5.86 5.94 5.94 5.96 5.92 5.81 5.66 5.49 5.25 5.01 4.73 4.46 4.15 3.87 3.55 3.26 2.99 2.67 2.42 2.17 1.90 1.71 1.49 1.34 1.17 1.01 0.91 0.81 0.72 0.67 0.61 0.51 0.49 0.45 0.41 0.40 0.36 0.38 0.36 0.35 0.34 0.31 0.29 0.29 0.28 0.30 0.31 0.32 0.31 0.29 0.31 0.31 0.27 0.30 0.29 0.29 0.29 0.29 0.31 0.29 0.29 0.30 0.30 0.32 0.31 0.33 0.35 0.35 0.41 0.41 0.46 0.53 0.57 0.63 0.75 0.85 0.97 1.15 1.32 1.51 1.73 1.97 2.23 2.55 2.91 3.25 3.61 4.03 4.47 4.89 5.30 5.79 6.21 6.65 7.02 7.39 7.76 8.07 8.33 8.53 8.65 8.74 8.80 8.76 8.69 8.51 8.30 8.04 7.73 7.37 7.01 6.61 6.19 5.72 5.30
0.21 0.25 0.24 0.24 0.23 0.25 0.27 0.23 0.27 0.29 0.27 0.30 0.31 0.34 0.35 0.41 0.43 0.50 0.56 0.68 0.79 0.93 1.14 1.33 1.59 1.89 2.22 2.56 2.97 3.39 3.87 4.27 4.74 5.19 5.56 5.92 6.21 6.41 6.55 6.56 6.54 6.41 6.18 5.88 5.52 5.12 4.72 4.22 3.78 3.34 2.91 2.51 2.15 1.84 1.55 1.32 1.11 0.92 0.82 0.73 0.71 0.70 0.71 0.77 0.84 0.91 1.04 1.16 1.35 1.56 1.76 1.97 2.22 2.48 2.76 3.00 3.34 3.62 3.88 4.17 4.43 4.65 4.88 5.08 5.23 5.31 5.39 5.41 5.43 5.36 5.30 5.15 4.99 4.81 4.59 4.35 4.10 3.84 3.57 3.26 3.00 2.75 2.46 2.27 2.00 1.79 1.61 1.45 1.26 1.14 1.01 0.92 0.82 0.73 0.64 0.60 0.53 0.50 0.45 0.42 0.38 0.38 0.36 0.34 0.34 0.32 0.32 0.32 0.31 0.31 0.33 0.30 0.29 0.30 0.30 0.32 0.29 0.30 0.31 0.28 0.28 0.30 0.30 0.31 0.28 0.28 0.32 0.32 0.33 0.30 0.33 0.33 0.36 0.40 0.44 0.48 0.52 0.60 0.68 0.76 0.91 1.01 1.17 1.35 1.57 1.79 2.04 2.34 2.68 3.00 3.39 3.79 4.18 4.60 5.07 5.53 5.96 6.45 6.90 7.30 7.71 8.07 8.37 8.65 8.85 9.02 9.09 9.15 9.10 9.02 8.83 8.63 8.38 8.05 7.68 7.30 6.85 6.40 5.94 5.53
0.22 0.23 0.21 0.22 0.26 0.26 0.26 0.26 0.26 0.28 0.27 0.31 0.31 0.34 0.37 0.36 0.41 0.48 0.56 0.71 0.80 0.92 1.12 1.31 1.60 1.86 2.21 2.55 2.96 3.38 3.82 4.27 4.70 5.16 5.55 5.87 6.13 6.33 6.50 6.52 6.47 6.33 6.14 5.85 5.50 5.09 4.67 4.21 3.73 3.31 2.88 2.47 2.08 1.82 1.53 1.26 1.06 0.92 0.81 0.74 0.66 0.66 0.68 0.70 0.75 0.84 0.95 1.08 1.23 1.41 1.59 1.78 2.02 2.24 2.48 2.75 3.02 3.27 3.54 3.77 4.03 4.22 4.40 4.57 4.74 4.85 4.89 4.93 4.93 4.90 4.79 4.71 4.55 4.36 4.18 3.97 3.76 3.48 3.26 3.02 2.79 2.54 2.29 2.12 1.87 1.69 1.51 1.35 1.23 1.08 0.98 0.86 0.80 0.73 0.66 0.59 0.52 0.50 0.47 0.42 0.44 0.38 0.38 0.36 0.37 0.34 0.37 0.33 0.32 0.34 0.32 0.32 0.31 0.29 0.29 0.30 0.29 0.32 0.30 0.31 0.32 0.31 0.30 0.29 0.30 0.28 0.29 0.30 0.30 0.32 0.34 0.35 0.38 0.41 0.44 0.50 0.53 0.59 0.70 0.78 0.89 1.04 1.18 1.39 1.59 1.83 2.10 2.40 2.75 3.09 3.46 3.85 4.30 4.74 5.19 5.68 6.19 6.66 7.12 7.53 7.97 8.30 8.62 8.94 9.16 9.30 9.39 9.42 9.39 9.27 9.13 8.92 8.62 8.30 7.91 7.53 7.08 6.63 6.13 5.65
0.21 0.22 0.22 0.24 0.22 0.23 0.27 0.23 0.27 0.27 0.30 0.31 0.32 0.33 0.36 0.37 0.42 0.48 0.56 0.64 0.76 0.90 1.06 1.30 1.55 1.82 2.13 2.49 2.88 3.28 3.74 4.16 4.64 5.02 5.42 5.75 6.08 6.23 6.36 6.42 6.35 6.22 6.01 5.73 5.35 4.97 4.56 4.11 3.67 3.23 2.83 2.41 2.08 1.75 1.47 1.20 1.07 0.89 0.79 0.69 0.64 0.61 0.60 0.64 0.73 0.79 0.85 0.99 1.11 1.28 1.45 1.61 1.82 2.02 2.28 2.47 2.73 2.94 3.21 3.38 3.59 3.80 3.98 4.14 4.26 4.35 4.40 4.46 4.47 4.42 4.33 4.27 4.12 3.98 3.81 3.62 3.45 3.23 3.03 2.78 2.60 2.38 2.16 1.96 1.80 1.64 1.47 1.33 1.18 1.04 0.96 0.87 0.80 0.73 0.64 0.59 0.55 0.51 0.47 0.44 0.43 0.42 0.40 0.40 0.37 0.35 0.36 0.34 0.32 0.31 0.36 0.32 0.31 0.33 0.31 0.29 0.29 0.30 0.30 0.31 0.28 0.28 0.30 0.31 0.29 0.29 0.31 0.31 0.30 0.33 0.32 0.36 0.38 0.41 0.45 0.49 0.54 0.60 0.68 0.82 0.92 1.04 1.25 1.44 1.62 1.86 2.17 2.46 2.81 3.17 3.56 3.97 4.41 4.89 5.37 5.81 6.31 6.80 7.29 7.71 8.14 8.50 8.84 9.13 9.36 9.52 9.61 9.65 9.62 9.53 9.37 9.13 8.81 8.50 8.12 7.72 7.24 6.78 6.27 5.81
0.20 0.22 0.20 0.20 0.22 0.23 0.24 0.27 0.25 0.28 0.30 0.28 0.30 0.34 0.36 0.35 0.41 0.48 0.55 0.64 0.76 0.88 1.05 1.25 1.50 1.77 2.06 2.43 2.82 3.20 3.62 4.03 4.48 4.85 5.26 5.56 5.81 6.01 6.13 6.17 6.10 5.97 5.75 5.52 5.20 4.85 4.40 3.99 3.54 3.09 2.72 2.34 2.00 1.73 1.41 1.20 1.03 0.87 0.76 0.65 0.60 0.57 0.56 0.62 0.67 0.73 0.81 0.93 1.03 1.15 1.28 1.47 1.66 1.83 2.01 2.22 2.44 2.67 2.86 3.03 3.21 3.43 3.57 3.68 3.85 3.91 3.99 4.02 4.00 4.00 3.95 3.88 3.74 3.61 3.49 3.33 3.15 2.98 2.77 2.58 2.43 2.22 2.03 1.87 1.67 1.54 1.43 1.27 1.17 1.04 0.96 0.87 0.80 0.72 0.67 0.63 0.58 0.54 0.50 0.48 0.46 0.42 0.41 0.39 0.36 0.35 0.35 0.37 0.34 0.34 0.37 0.34 0.32 0.32 0.33 0.32 0.31 0.32 0.30 0.31 0.27 0.30 0.28 0.31 0.30 0.29 0.29 0.32 0.31 0.33 0.34 0.36 0.36 0.40 0.45 0.49 0.53 0.62 0.69 0.81 0.93 1.05 1.24 1.42 1.65 1.87 2.20 2.50 2.86 3.21 3.58 4.04 4.49 4.98 5.43 5.95 6.41 6.92 7.41 7.84 8.27 8.66 8.99 9.27 9.54 9.72 9.80 9.85 9.81 9.68 9.50 9.30 8.99 8.65 8.26 7.82 7.37 6.87 6.37 5.91
0.22 0.21 0.24 0.24 0.23 0.23 0.24 0.26 0.27 0.24 0.28 0.28 0.31 0.32 0.33 0.37 0.43 0.47 0.53 0.61 0.73 0.86 1.01 1.20 1.45 1.70 1.99 2.31 2.67 3.05 3.46 3.87 4.28 4.63 4.97 5.31 5.56 5.72 5.87 5.89 5.85 5.72 5.52 5.27 4.94 4.59 4.22 3.79 3.37 3.00 2.58 2.24 1.89 1.60 1.35 1.12 0.93 0.82 0.72 0.62 0.57 0.54 0.56 0.56 0.59 0.66 0.74 0.84 0.92 1.05 1.18 1.33 1.48 1.66 1.82 2.01 2.16 2.39 2.55 2.72 2.93 3.08 3.22 3.35 3.45 3.53 3.58 3.61 3.63 3.64 3.57 3.51 3.43 3.34 3.18 3.04 2.92 2.77 2.59 2.42 2.22 2.13 1.93 1.76 1.63 1.51 1.37 1.30 1.15 1.05 0.94 0.87 0.83 0.74 0.71 0.64 0.62 0.54 0.49 0.54 0.47 0.46 0.38 0.39 0.37 0.40 0.36 0.37 0.35 0.33 0.33 0.33 0.33 0.33 0.30 0.31 0.29 0.31 0.30 0.30 0.34 0.28 0.31 0.28 0.30 0.28 0.31 0.32 0.32 0.33 0.36 0.35 0.37 0.41 0.47 0.50 0.57 0.63 0.70 0.79 0.91 1.09 1.26 1.42 1.66 1.92 2.17 2.51 2.87 3.23 3.65 4.08 4.52 5.00 5.50 6.00 6.49 6.99 7.48 7.91 8.38 8.77 9.11 9.40 9.65 9.78 9.91 9.93 9.89 9.79 9.60 9.41 9.07 8.74 8.34 7.92 7.43 6.97 6.47 5.97
0.21 0.22 0.20 0.22 0.25 0.27 0.24 0.25 0.26 0.26 0.29 0.29 0.30 0.32 0.32 0.37 0.39 0.43 0.51 0.61 0.68 0.79 0.96 1.15 1.35 1.58 1.84 2.19 2.52 2.89 3.27 3.60 4.02 4.34 4.69 5.00 5.22 5.42 5.50 5.53 5.49 5.39 5.21 4.92 4.67 4.31 3.96 3.55 3.19 2.82 2.44 2.09 1.81 1.51 1.28 1.08 0.89 0.75 0.66 0.60 0.55 0.50 0.50 0.52 0.56 0.60 0.66 0.75 0.85 0.97 1.08 1.20 1.33 1.49 1.65 1.84 1.96 2.13 2.31 2.47 2.65 2.76 2.90 3.01 3.12 3.20 3.25 3.29 3.32 3.30 3.24 3.22 3.13 3.08 2.96 2.84 2.73 2.56 2.44 2.31 2.15 1.99 1.86 1.74 1.59 1.48 1.39 1.26 1.15 1.05 0.98 0.90 0.84 0.79 0.71 0.69 0.62 0.59 0.56 0.53 0.50 0.45 0.51 0.44 0.43 0.42 0.38 0.35 0.35 0.36 0.34 0.33 0.34 0.34 0.33 0.31 0.32 0.31 0.28 0.27 0.25 0.29 0.31 0.27 0.31 0.30 0.28 0.28 0.30 0.35 0.33 0.35 0.37 0.38 0.41 0.48 0.55 0.62 0.69 0.84 0.95 1.08 1.26 1.43 1.68 1.93 2.20 2.51 2.87 3.22 3.63 4.10 4.56 5.01 5.51 6.03 6.53 7.02 7.48 7.95 8.38 8.79 9.12 9.39 9.65 9.81 9.93 9.97 9.90 9.82 9.65 9.42 9.13 8.74 8.33 7.92 7.45 6.99 6.47 5.97
0.19 0.19 0.23 0.23 0.22 0.22 0.23 0.23 0.26 0.27 0.28 0.27 0.27 0.31 0.37 0.35 0.37 0.42 0.48 0.60 0.66 0.74 0.92 1.08 1.27 1.52 1.79 2.04 2.37 2.68 3.01 3.38 3.71 4.05 4.37 4.62 4.85 5.01 5.09 5.12 5.09 4.97 4.81 4.56 4.34 3.99 3.65 3.30 2.95 2.59 2.25 1.95 1.68 1.43 1.20 1.00 0.84 0.72 0.61 0.57 0.50 0.49 0.48 0.49 0.50 0.57 0.62 0.71 0.82 0.87 0.98 1.10 1.20 1.36 1.53 1.64 1.80 1.94 2.12 2.24 2.37 2.50 2.62 2.76 2.84 2.91 2.98 3.03 3.01 3.02 3.01 2.98 2.91 2.84 2.76 2.68 2.58 2.44 2.34 2.19 2.05 1.95 1.83 1.70 1.59 1.48 1.39 1.29 1.18 1.10 0.99 0.96 0.89 0.84 0.77 0.69 0.64 0.62 0.57 0.54 0.52 0.51 0.47 0.45 0.44 0.42 0.39 0.39 0.38 0.37 0.36 0.35 0.33 0.32 0.34 0.30 0.29 0.32 0.30 0.29 0.29 0.28 0.29 0.30 0.29 0.33 0.28 0.31 0.29 0.29 0.31 0.32 0.36 0.39 0.41 0.44 0.55 0.59 0.69 0.79 0.91 1.06 1.25 1.42 1.64 1.94 2.19 2.48 2.84 3.21 3.65 4.07 4.54 4.99 5.49 6.02 6.48 7.00 7.47 7.90 8.36 8.75 9.09 9.34 9.63 9.80 9.88 9.92 9.89 9.76 9.59 9.36 9.06 8.71 8.31 7.90 7.44 6.96 6.44 5.97
0.20 0.24 0.20 0.22 0.22 0.22 0.22 0.25 0.25 0.27 0.26 0.26 0.28 0.32 0.33 0.34 0.36 0.42 0.45 0.53 0.62 0.74 0.82 1.00 1.19 1.40 1.65 1.89 2.17 2.47 2.80 3.11 3.43 3.72 4.01 4.23 4.45 4.57 4.65 4.71 4.65 4.56 4.41 4.19 3.95 3.67 3.33 3.05 2.70 2.39 2.07 1.80 1.56 1.29 1.10 0.91 0.80 0.65 0.60 0.51 0.48 0.45 0.42 0.47 0.50 0.53 0.57 0.64 0.72 0.82 0.90 1.01 1.13 1.24 1.39 1.50 1.66 1.79 1.91 2.04 2.18 2.30 2.40 2.50 2.59 2.69 2.72 2.77 2.80 2.82 2.80 2.79 2.73 2.68 2.59 2.52 2.43 2.34 2.23 2.14 2.02 1.91 1.79 1.70 1.58 0.85 1.42 1.34 1.22 1.12 1.11 0.97 0.96 0.87 0.82 0.76 0.70 0.66 0.63 0.59 0.56 0.54 0.48 0.49 0.44 0.43 0.43 0.40 0.35 0.38 0.36 0.35 0.35 0.34 0.31 0.32 0.32 0.27 0.31 0.32 0.31 0.29 0.28 0.28 0.29 0.30 0.27 0.32 0.31 0.32 0.30 0.36 0.35 0.38 0.42 0.49 0.55 0.61 0.67 0.78 0.91 1.05 1.23 1.40 1.62 1.86 2.16 2.50 2.83 3.18 3.60 4.01 4.47 4.96 5.43 5.93 6.43 6.89 7.40 7.84 8.27 8.63 9.01 9.28 9.51 9.69 9.79 9.84 9.77 9.66 9.51 9.26 8.97 8.62 8.23 7.84 7.34 6.89 6.40 5.88
0.22 0.19 0.18 0.23 0.22 0.22 0.24 0.27 0.25 0.26 0.28 0.28 0.30 0.29 0.33 0.33 0.36 0.41 0.46 0.52 0.59 0.68 0.80 0.93 1.09 1.28 1.50 1.70 1.98 2.28 2.51 2.82 3.09 3.35 3.65 3.83 4.00 4.14 4.21 4.24 4.21 4.11 3.98 3.78 3.54 3.31 3.01 2.73 2.44 2.15 1.87 1.66 1.38 1.19 1.00 0.84 0.68 0.63 0.52 0.51 0.45 0.42 0.41 0.43 0.48 0.49 0.52 0.62 0.67 0.75 0.82 0.93 1.06 1.14 1.29 1.40 1.52 1.67 1.78 1.90 2.05 2.16 2.23 2.36 2.45 2.48 2.56 2.59 2.64 2.63 2.65 2.60 2.61 2.57 2.52 2.47 2.38 2.30 2.17 2.13 2.01 1.92 0.85 0.85 0.85 0.85 0.85 0.85 0.85 1.19 1.13 1.06 0.97 0.92 0.86 0.84 0.76 0.73 0.68 0.64 0.60 0.54 0.57 0.51 0.51 0.45 0.43 0.45 0.38 0.39 0.38 0.37 0.34 0.34 0.34 0.32 0.31 0.30 0.31 0.30 0.32 0.30 0.29 0.30 0.30 0.27 0.30 0.28 0.34 0.31 0.31 0.33 0.36 0.40 0.41 0.46 0.50 0.60 0.67 0.77 0.90 1.03 1.19 1.39 1.60 1.84 2.12 2.41 2.76 3.12 3.51 3.95 4.38 4.85 5.30 5.81 6.30 6.79 7.26 7.69 8.11 8.49 8.81 9.09 9.35 9.51 9.60 9.64 9.57 9.52 9.32 9.08 8.83 8.47 8.11 7.69 7.23 6.77 6.26 5.80
0.17 0.22 0.19 0.24 0.21 0.23 0.21 0.23 0.25 0.27 0.27 0.25 0.31 0.28 0.30 0.33 0.35 0.39 0.40 0.46 0.55 0.62 0.75 0.87 1.00 1.17 1.37 1.55 1.79 2.01 2.23 2.51 2.77 3.03 3.22 3.42 3.57 3.70 3.73 3.76 3.76 3.68 3.54 3.40 3.19 2.96 2.68 2.46 2.20 1.92 1.68 1.45 1.27 1.07 0.91 0.74 0.66 0.56 0.51 0.45 0.41 0.41 0.39 0.39 0.44 0.47 0.53 0.57 0.65 0.70 0.79 0.89 0.97 1.09 1.20 1.32 1.42 1.56 1.67 1.78 1.89 2.00 2.13 2.23 2.30 2.35 2.42 2.48 2.49 2.55 2.57 2.54 2.53 2.47 2.46 2.38 2.37 2.28 2.23 2.13 2.01 0.85 0.85 0.85 0.85 0.85 0.85 0.85 0.85 0.85 1.20 1.14 1.07 0.99 0.95 0.89 0.82 0.78 0.73 0.70 0.66 0.60 0.54 0.55 0.51 0.49 0.48 0.45 0.41 0.41 0.38 0.37 0.36 0.34 0.33 0.34 0.34 0.32 0.29 0.30 0.30 0.29 0.28 0.29 0.30 0.28 0.31 0.29 0.28 0.34 0.33 0.33 0.37 0.36 0.40 0.45 0.54 0.57 0.68 0.73 0.83 1.01 1.19 1.39 1.55 1.83 2.08 2.38 2.69 3.07 3.43 3.82 4.30 4.71 5.21 5.66 6.11 6.62 7.08 7.52 7.91 8.27 8.62 8.88 9.11 9.24 9.36 9.40 9.36 9.28 9.06 8.88 8.60 8.25 7.88 7.49 7.04 6.58 6.11 5.65
0.19 0.24 0.20 0.21 0.21 0.23 0.24 0.25 0.24 0.24 0.26 0.28 0.28 0.29 0.31 0.30 0.34 0.36 0.39 0.46 0.53 0.59 0.66 0.79 0.88 1.03 1.20 1.36 1.59 1.78 2.02 2.23 2.44 2.68 2.83 3.01 3.15 3.23 3.32 3.33 3.28 3.25 3.11 3.01 2.82 2.61 2.36 2.13 1.92 1.70 1.52 1.32 1.09 0.95 0.84 0.70 0.59 0.52 0.46 0.44 0.40 0.40 0.36 0.41 0.43 0.47 0.48 0.55 0.60 0.69 0.77 0.84 0.93 1.04 1.17 1.28 1.36 1.51 1.61 1.70 1.81 1.92 2.02 2.11 2.20 2.27 2.36 2.40 2.44 2.48 2.50 2.49 2.52 2.45 2.45 2.42 2.36 2.33 2.23 2.16 0.85 0.85 0.85 0.85 0.85 0.47 0.85 0.85 0.85 0.85 0.85 1.22 1.15 1.10 1.02 0.92 0.90 0.84 0.78 0.72 0.70 0.66 0.63 0.59 0.55 0.53 0.50 0.46 0.45 0.40 0.42 0.40 0.36 0.34 0.33 0.34 0.32 0.32 0.30 0.27 0.30 0.31 0.29 0.29 0.31 0.30 0.29 0.28 0.32 0.30 0.31 0.33 0.34 0.36 0.39 0.42 0.50 0.56 0.63 0.74 0.83 0.99 1.12 1.31 1.52 1.74 2.01 2.27 2.60 2.97 3.32 3.74 4.15 4.59 5.01 5.52 5.95 6.42 6.85 7.25 7.63 8.02 8.32 8.60 8.79 8.97 9.06 9.09 9.05 8.95 8.80 8.57 8.30 8.00 7.63 7.23 6.82 6.36 5.94 5.45
0.20 0.20 0.23 0.23 0.21 0.21 0.24 0.22 0.27 0.25 0.27 0.28 0.29 0.31 0.30 0.32 0.34 0.35 0.40 0.43 0.47 0.53 0.61 0.68 0.82 0.92 1.08 1.21 1.38 1.56 1.77 1.94 2.15 2.29 2.47 2.62 2.72 2.85 2.88 2.87 2.84 2.83 2.72 2.58 2.44 2.29 2.06 1.86 1.67 1.48 1.28 1.15 0.99 0.85 0.73 0.62 0.54 0.50 0.44 0.38 0.39 0.39 0.37 0.40 0.41 0.48 0.48 0.57 0.61 0.71 0.77 0.83 0.94 1.01 1.12 1.22 1.33 1.44 1.55 1.66 1.76 1.87 1.97 2.09 2.19 2.25 2.32 2.36 2.40 2.46 2.50 2.50 2.50 2.49 2.48 2.45 2.41 2.36 2.33 2.23 0.85 0.85 0.85 0.45 0.46 0.46 0.45 0.48 0.85 0.85 0.85 1.32 1.27 1.19 1.09 1.02 0.96 0.93 0.86 0.79 0.76 0.70 0.65 0.63 0.56 0.55 0.52 0.49 0.49 0.43 0.42 0.38 0.39 0.36 0.36 0.36 0.36 0.30 0.32 0.30 0.32 0.30 0.33 0.26 0.26 0.30 0.29 0.29 0.30 0.29 0.31 0.33 0.36 0.37 0.39 0.42 0.48 0.55 0.63 0.73 0.83 0.96 1.12 1.26 1.46 1.68 1.94 2.19 2.52 2.82 3.23 3.59 3.97 4.39 4.85 5.27 5.72 6.16 6.59 6.94 7.40 7.71 8.02 8.23 8.47 8.61 8.70 8.74 8.71 8.62 8.45 8.26 7.97 7.65 7.34 6.95 6.54 6.12 5.67 5.24
0.17 0.18 0.21 0.20 0.24 0.22 0.24 0.22 0.20 0.27 0.26 0.25 0.25 0.26 0.30 0.32 0.33 0.33 0.38 0.42 0.47 0.52 0.56 0.63 0.73 0.83 0.94 1.09 1.24 1.36 1.53 1.70 1.84 2.01 2.17 2.28 2.35 2.44 2.48 2.49 2.45 2.42 2.32 2.23 2.09 1.95 1.77 1.65 1.44 1.29 1.12 1.01 0.87 0.77 0.65 0.58 0.47 0.45 0.43 0.40 0.33 0.37 0.36 0.37 0.42 0.45 0.51 0.53 0.59 0.69 0.75 0.82 0.94 1.01 1.12 1.24 1.35 1.43 1.54 1.65 1.76 1.87 1.97 2.07 2.18 2.23 2.31 2.38 2.43 2.51 2.51 2.56 2.58 2.57 2.54 2.53 2.49 2.46 2.41 2.38 0.85 0.85 0.85 0.45 0.46 0.46 0.48 0.47 0.85 0.85 0.85 1.42 1.37 1.27 1.24 1.13 1.07 0.98 0.92 0.86 0.80 0.74 0.74 0.67 0.64 0.59 0.52 0.53 0.48 0.45 0.44 0.43 0.42 0.40 0.37 0.32 0.35 0.35 0.34 0.33 0.32 0.29 0.29 0.28 0.28 0.27 0.29 0.28 0.28 0.31 0.30 0.32 0.32 0.36 0.39 0.44 0.48 0.52 0.62 0.69 0.77 0.89 1.06 1.20 1.40 1.62 1.83 2.08 2.41 2.70 3.05 3.43 3.82 4.18 4.63 5.02 5.47 5.90 6.27 6.67 7.03 7.37 7.62 7.87 8.09 8.20 8.31 8.33 8.30 8.22 8.07 7.88 7.61 7.30 6.99 6.66 6.25 5.82 5.40 4.97
0.20 0.22 0.18 0.24 0.21 0.23 0.24 0.23 0.23 0.23 0.28 0.26 0.28 0.28 0.29 0.29 0.31 0.34 0.33 0.38 0.41 0.46 0.51 0.61 0.66 0.76 0.82 0.93 1.05 1.18 1.32 1.45 1.62 1.68 1.82 1.91 2.00 2.07 2.13 2.11 2.10 2.07 1.98 1.89 1.77 1.66 1.54 1.38 1.22 1.11 0.97 0.86 0.77 0.68 0.59 0.50 0.45 0.39 0.39 0.38 0.34 0.36 0.39 0.39 0.43 0.47 0.51 0.56 0.62 0.72 0.75 0.86 0.93 1.03 1.12 1.25 1.34 1.45 1.56 1.67 1.82 1.89 1.99 2.10 2.22 2.29 2.37 2.43 2.50 2.55 2.60 2.63 2.66 2.66 2.68 2.64 2.64 2.60 2.58 0.85 0.85 0.85 0.45 0.47 0.46 0.48 0.46 0.47 0.46 0.85 0.85 0.85 1.52 1.40 1.32 1.25 1.20 1.08 1.04 0.94 0.91 0.83 0.76 0.73 0.65 0.61 0.61 0.54 0.52 0.49 0.44 0.41 0.40 0.43 0.37 0.35 0.33 0.33 0.33 0.30 0.29 0.30 0.30 0.27 0.29 0.30 0.27 0.29 0.29 0.28 0.29 0.29 0.32 0.33 0.37 0.39 0.43 0.50 0.57 0.64 0.75 0.87 1.00 1.15 1.34 1.52 1.75 2.02 2.26 2.55 2.91 3.23 3.63 3.97 4.35 4.76 5.16 5.58 5.94 6.32 6.64 6.95 7.24 7.46 7.63 7.81 7.87 7.88 7.86 7.76 7.65 7.48 7.22 6.94 6.61 6.30 5.92 5.53 5.11 4.74
0.19 0.20 0.19 0.21 0.22 0.22 0.24 0.22 0.25 0.23 0.27 0.25 0.27 0.28 0.29 0.30 0.31 0.31 0.34 0.33 0.40 0.45 0.48 0.53 0.59 0.67 0.76 0.87 0.91 1.04 1.11 1.23 1.34 1.45 1.54 1.64 1.69 1.72 1.78 1.77 1.77 1.71 1.65 1.59 1.50 1.38 1.29 1.18 1.03 0.95 0.85 0.73 0.64 0.58 0.52 0.47 0.41 0.37 0.35 0.37 0.33 0.35 0.38 0.39 0.41 0.49 0.54 0.60 0.63 0.71 0.80 0.87 0.99 1.09 1.17 1.27 1.38 1.49 1.61 1.73 1.84 1.96 2.06 2.17 2.27 2.40 2.46 2.55 2.60 2.66 2.73 2.77 2.78 2.81 2.84 2.82 2.82 2.77 2.76 2.71 0.85 0.85 0.85 0.45 0.45 0.48 0.47 0.48 0.85 0.85 0.85 1.74 1.63 1.56 1.47 1.36 1.26 1.20 1.08 1.04 0.95 0.89 0.82 0.77 0.71 0.68 0.63 0.60 0.55 0.51 0.48 0.43 0.42 0.39 0.38 0.38 0.34 0.34 0.31 0.30 0.33 0.29 0.32 0.27 0.25 0.29 0.26 0.25 0.26 0.29 0.26 0.29 0.31 0.34 0.35 0.40 0.46 0.50 0.53 0.60 0.69 0.83 0.96 1.09 1.25 1.41 1.65 1.89 2.15 2.43 2.72 3.05 3.38 3.76 4.12 4.51 4.86 5.25 5.60 5.92 6.26 6.53 6.81 7.00 7.21 7.34 7.39 7.41 7.41 7.32 7.22 7.02 6.79 6.52 6.22 5.92 5.55 5.18 4.81 4.44
0.17 0.19 0.17 0.21 0.23 0.22 0.23 0.23 0.25 0.24 0.26 0.25 0.24 0.27 0.26 0.32 0.31 0.31 0.34 0.36 0.37 0.41 0.43 0.46 0.51 0.58 0.66 0.72 0.82 0.90 0.97 1.07 1.15 1.27 1.29 1.35 1.42 1.47 1.47 1.49 1.48 1.45 1.38 1.36 1.22 1.16 1.10 0.98 0.90 0.77 0.70 0.65 0.58 0.51 0.45 0.40 0.35 0.33 0.35 0.34 0.35 0.35 0.37 0.44 0.46 0.49 0.57 0.62 0.67 0.75 0.83 0.91 1.01 1.11 1.21 1.33 1.44 1.59 1.68 1.80 1.93 2.04 2.16 2.28 2.38 2.48 2.59 2.68 2.75 2.81 2.89 2.91 2.98 2.99 3.01 3.01 3.00 2.98 2.98 2.88 0.85 0.85 0.85 0.46 0.46 0.47 0.45 0.46 0.85 0.85 0.85 1.89 1.74 1.68 1.58 1.49 1.40 1.32 1.20 1.14 1.04 0.97 0.89 0.80 0.78 0.72 0.65 0.62 0.60 0.56 0.49 0.50 0.44 0.43 0.39 0.39 0.37 0.34 0.35 0.31 0.31 0.31 0.29 0.27 0.31 0.27 0.27 0.25 0.27 0.29 0.28 0.31 0.29 0.30 0.37 0.37 0.43 0.48 0.51 0.58 0.68 0.79 0.91 1.02 1.16 1.35 1.56 1.76 2.00 2.27 2.54 2.86 3.17 3.52 3.83 4.19 4.54 4.88 5.21 5.53 5.81 6.12 6.35 6.55 6.71 6.85 6.92 6.93 6.93 6.88 6.72 6.53 6.32 6.08 5.81 5.50 5.19 4.88 4.50 4.13
0.20 0.22 0.20 0.23 0.22 0.22 0.25 0.24 0.27 0.25 0.25 0.27 0.28 0.29 0.28 0.31 0.32 0.31 0.34 0.35 0.34 0.40 0.42 0.45 0.49 0.54 0.59 0.64 0.71 0.74 0.83 0.87 0.98 1.06 1.08 1.18 1.18 1.22 1.22 1.23 1.23 1.17 1.14 1.09 1.03 0.97 0.91 0.83 0.74 0.67 0.58 0.55 0.49 0.46 0.41 0.40 0.34 0.34 0.31 0.34 0.34 0.34 0.39 0.45 0.45 0.55 0.58 0.68 0.70 0.80 0.87 0.97 1.07 1.17 1.29 1.40 1.52 1.65 1.77 1.90 2.03 2.16 2.28 2.40 2.52 2.64 2.75 2.83 2.92 3.00 3.07 3.13 3.19 3.20 3.22 3.24 3.24 3.21 3.17 3.15 0.85 0.85 0.85 0.85 0.85 0.46 0.85 0.85 0.85 0.85 0.85 2.05 1.96 1.83 1.72 1.60 1.51 1.44 1.29 1.21 1.13 1.06 0.96 0.92 0.82 0.77 0.71 0.67 0.60 0.56 0.54 0.47 0.44 0.42 0.40 0.38 0.38 0.34 0.32 0.34 0.31 0.28 0.31 0.28 0.26 0.29 0.27 0.25 0.27 0.26 0.30 0.29 0.31 0.30 0.31 0.36 0.38 0.45 0.48 0.54 0.64 0.74 0.83 0.95 1.11 1.27 1.43 1.62 1.87 2.12 2.35 2.64 2.94 3.26 3.58 3.90 4.21 4.53 4.84 5.13 5.42 5.68 5.89 6.08 6.25 6.35 6.42 6.42 6.39 6.35 6.22 6.08 5.88 5.68 5.40 5.12 4.80 4.51 4.17 3.83
0.21 0.20 0.22 0.22 0.23 0.23 0.23 0.24 0.25 0.26 0.28 0.27 0.27 0.27 0.31 0.31 0.33 0.34 0.32 0.35 0.37 0.39 0.42 0.43 0.46 0.47 0.53 0.54 0.61 0.67 0.75 0.76 0.82 0.87 0.92 0.95 0.99 1.00 1.04 1.04 0.99 0.98 0.94 0.89 0.86 0.80 0.74 0.68 0.64 0.57 0.52 0.46 0.44 0.38 0.37 0.32 0.33 0.31 0.31 0.33 0.34 0.38 0.38 0.44 0.50 0.53 0.61 0.69 0.77 0.86 0.96 1.03 1.14 1.25 1.37 1.49 1.62 1.75 1.90 2.02 2.16 2.31 2.44 2.56 2.69 2.82 2.92 3.05 3.15 3.21 3.34 3.37 3.45 3.46 3.46 3.50 3.52 3.46 3.44 3.42 3.39 0.85 0.85 0.85 0.85 0.85 0.85 0.85 0.85 0.85 2.38 2.26 2.15 2.02 1.86 1.75 1.61 1.51 1.45 1.31 1.22 1.15 1.06 0.95 0.91 0.81 0.77 0.71 0.66 0.61 0.55 0.51 0.49 0.48 0.43 0.38 0.38 0.35 0.36 0.34 0.30 0.29 0.27 0.28 0.29 0.26 0.30 0.25 0.24 0.26 0.26 0.29 0.27 0.33 0.33 0.34 0.38 0.42 0.46 0.51 0.61 0.69 0.77 0.92 1.02 1.15 1.34 1.54 1.74 1.92 2.22 2.42 2.73 2.97 3.31 3.57 3.91 4.19 4.45 4.73 5.01 5.23 5.45 5.59 5.74 5.82 5.89 5.92 5.90 5.84 5.74 5.58 5.40 5.19 4.96 4.72 4.45 4.14 3.87 3.55
0.20 0.20 0.23 0.21 0.23 0.22 0.25 0.25 0.30 0.28 0.27 0.28 0.29 0.32 0.32 0.32 0.34 0.34 0.35 0.37 0.37 0.39 0.40 0.41 0.42 0.47 0.50 0.53 0.55 0.59 0.64 0.67 0.70 0.73 0.75 0.80 0.82 0.85 0.86 0.85 0.81 0.78 0.81 0.75 0.73 0.64 0.64 0.58 0.53 0.47 0.46 0.39 0.39 0.34 0.33 0.30 0.29 0.31 0.33 0.32 0.34 0.37 0.43 0.45 0.54 0.61 0.65 0.74 0.82 0.90 1.02 1.10 1.23 1.34 1.46 1.60 1.73 1.88 2.02 2.17 2.33 2.46 2.60 2.75 2.88 3.03 3.14 3.26 3.38 3.48 3.55 3.64 3.70 3.74 3.79 3.78 3.81 3.78 3.75 3.70 3.69 3.61 0.85 0.85 0.85 0.85 0.85 0.85 0.85 2.72 2.61 2.44 2.32 2.19 2.05 1.91 1.79 1.65 1.55 1.47 1.33 1.24 1.14 1.06 0.96 0.88 0.81 0.75 0.69 0.64 0.59 0.54 0.54 0.45 0.44 0.42 0.39 0.37 0.31 0.32 0.32 0.31 0.25 0.27 0.27 0.27 0.27 0.26 0.25 0.26 0.26 0.26 0.27 0.28 0.29 0.34 0.35 0.40 0.45 0.49 0.55 0.65 0.72 0.81 0.92 1.09 1.21 1.40 1.57 1.76 1.99 2.26 2.49 2.75 3.01 3.26 3.56 3.81 4.09 4.31 4.59 4.77 4.96 5.11 5.25 5.34 5.38 5.43 5.38 5.33 5.23 5.11 4.94 4.76 4.54 4.30 4.06 3.78 3.52 3.24
0.20 0.20 0.25 0.24 0.22 0.24 0.27 0.26 0.27 0.32 0.29 0.33 0.30 0.34 0.34 0.36 0.34 0.34 0.38 0.38 0.40 0.36 0.42 0.41 0.42 0.45 0.49 0.50 0.51 0.56 0.57 0.58 0.62 0.64 0.66 0.70 0.66 0.71 0.69 0.68 0.68 0.67 0.60 0.64 0.58 0.56 0.53 0.47 0.45 0.42 0.38 0.33 0.31 0.33 0.31 0.32 0.30 0.31 0.34 0.33 0.38 0.42 0.48 0.48 0.54 0.61 0.72 0.80 0.87 0.96 1.07 1.19 1.31 1.44 1.57 1.71 1.87 2.01 2.17 2.33 2.48 2.64 2.80 2.95 3.11 3.25 3.38 3.51 3.63 3.76 3.84 3.91 4.00 4.07 4.07 4.10 4.12 4.10 4.08 4.03 4.01 3.89 3.83 3.72 3.63 0.85 3.37 3.26 3.09 2.95 2.80 2.65 2.54 2.40 2.22 2.09 1.92 1.79 1.66 1.55 1.45 1.32 1.21 1.12 1.02 0.96 0.84 0.80 0.73 0.66 0.62 0.57 0.52 0.49 0.46 0.43 0.41 0.38 0.37 0.34 0.32 0.28 0.32 0.29 0.27 0.29 0.27 0.26 0.27 0.25 0.25 0.26 0.27 0.29 0.31 0.34 0.32 0.35 0.41 0.46 0.51 0.58 0.64 0.75 0.86 0.98 1.18 1.26 1.45 1.66 1.83 2.03 2.24 2.48 2.72 2.97 3.22 3.47 3.71 3.91 4.15 4.33 4.52 4.63 4.76 4.84 4.89 4.91 4.90 4.86 4.75 4.63 4.49 4.31 4.13 3.90 3.69 3.43 3.20 2.94
0.18 0.21 0.26 0.23 0.25 0.28 0.26 0.27 0.29 0.31 0.30 0.33 0.34 0.38 0.38 0.37 0.39 0.36 0.41 0.40 0.40 0.41 0.45 0.42 0.41 0.46 0.47 0.48 0.49 0.51 0.54 0.53 0.53 0.57 0.57 0.59 0.58 0.61 0.61 0.56 0.57 0.56 0.53 0.52 0.47 0.44 0.44 0.40 0.37 0.34 0.33 0.33 0.30 0.27 0.33 0.27 0.30 0.34 0.33 0.36 0.38 0.41 0.49 0.54 0.59 0.66 0.76 0.83 0.93 1.04 1.15 1.27 1.43 1.54 1.69 1.84 2.00 2.16 2.33 2.50 2.67 2.84 3.01 3.18 3.36 3.50 3.64 3.79 3.91 4.04 4.13 4.22 4.29 4.34 4.41 4.44 4.43 4.44 4.42 4.37 4.28 4.21 4.16 4.05 3.90 3.79 3.67 3.50 3.37 3.20 3.05 2.88 2.74 2.56 2.40 2.22 2.09 1.98 1.82 1.66 1.55 1.44 1.30 1.21 1.12 1.01 0.93 0.84 0.79 0.70 0.65 0.57 0.53 0.53 0.48 0.46 0.38 0.39 0.36 0.36 0.32 0.30 0.31 0.31 0.27 0.29 0.23 0.25 0.27 0.26 0.26 0.25 0.26 0.26 0.27 0.29 0.34 0.33 0.38 0.42 0.49 0.56 0.62 0.68 0.76 0.88 1.06 1.13 1.32 1.47 1.65 1.83 2.03 2.26 2.46 2.70 2.91 3.13 3.35 3.54 3.73 3.92 4.08 4.22 4.28 4.36 4.41 4.42 4.41 4.38 4.30 4.18 4.06 3.89 3.72 0.85 3.32 3.10 2.87 2.65
0.19 0.23 0.21 0.25 0.27 0.30 0.30 0.31 0.32 0.34 0.33 0.35 0.36 0.41 0.40 0.40 0.43 0.42 0.43 0.41 0.49 0.46 0.46 0.45 0.45 0.46 0.43 0.47 0.47 0.48 0.45 0.47 0.50 0.49 0.52 0.53 0.51 0.53 0.50 0.48 0.48 0.45 0.46 0.44 0.41 0.39 0.35 0.32 0.32 0.32 0.29 0.28 0.27 0.28 0.29 0.30 0.28 0.32 0.34 0.38 0.40 0.47 0.49 0.55 0.63 0.71 0.80 0.89 1.00 1.11 1.24 1.37 1.51 1.67 1.82 1.98 2.15 2.33 2.51 2.69 2.87 3.06 3.24 3.42 3.60 3.76 3.95 4.07 4.22 4.34 4.45 4.55 4.63 4.70 4.74 4.80 4.81 4.79 4.77 4.69 4.65 4.58 4.48 4.38 4.25 4.12 3.95 3.79 3.61 3.48 3.31 3.13 2.94 2.76 2.60 2.43 2.24 2.13 1.93 1.80 1.65 1.53 1.37 1.26 1.17 1.10 1.00 0.89 0.81 0.76 0.70 0.62 0.58 0.53 0.49 0.46 0.43 0.40 0.39 0.35 0.37 0.32 0.31 0.28 0.26 0.29 0.23 0.23 0.24 0.24 0.25 0.24 0.24 0.25 0.28 0.29 0.30 0.31 0.34 0.39 0.40 0.47 0.58 0.62 0.72 0.79 0.91 1.02 1.18 1.32 1.49 1.64 1.87 2.01 2.22 2.40 2.61 2.77 2.98 3.18 3.33 3.51 3.64 3.74 3.84 3.90 3.95 3.96 3.95 3.90 3.83 3.74 0.85 0.85 0.85 0.85 0.85 0.85 0.85 2.39
0.24 0.25 0.24 0.31 0.27 0.30 0.30 0.33 0.33 0.40 0.38 0.37 0.43 0.45 0.43 0.46 0.44 0.47 0.47 0.46 0.46 0.48 0.46 0.46 0.46 0.47 0.45 0.48 0.50 0.48 0.49 0.47 0.49 0.46 0.46 0.45 0.45 0.46 0.42 0.41 0.40 0.39 0.38 0.36 0.34 0.34 0.34 0.29 0.32 0.28 0.26 0.27 0.28 0.27 0.26 0.28 0.27 0.32 0.36 0.37 0.45 0.47 0.54 0.61 0.67 0.77 0.85 0.97 1.07 1.20 1.33 1.47 1.62 1.78 1.95 2.13 2.31 2.50 2.69 2.89 3.09 3.28 3.48 3.67 3.88 4.05 4.23 4.38 4.53 4.67 4.79 4.90 5.02 5.09 5.15 5.15 5.14 5.16 5.13 5.10 4.99 4.93 4.83 4.72 4.58 4.44 4.28 4.11 3.91 3.74 3.54 3.39 3.18 2.99 2.79 2.61 2.45 2.27 2.10 1.92 1.78 1.64 1.50 1.36 1.28 1.15 1.04 0.96 0.86 0.80 0.76 0.63 0.60 0.57 0.53 0.48 0.45 0.41 0.39 0.35 0.34 0.30 0.31 0.30 0.26 0.29 0.25 0.26 0.23 0.24 0.24 0.25 0.23 0.27 0.23 0.27 0.28 0.33 0.33 0.37 0.40 0.45 0.51 0.57 0.64 0.74 0.81 0.93 1.05 1.18 1.32 1.47 1.65 1.79 1.95 2.12 2.29 2.50 2.66 2.83 2.96 3.10 3.22 3.33 3.42 3.47 3.51 3.52 3.51 3.47 3.41 0.85 0.85 0.85 0.85 0.85 0.85 0.85 0.85 0.85
0.22 0.25 0.27 0.27 0.31 0.31 0.34 0.38 0.41 0.42 0.43 0.48 0.49 0.48 0.51 0.51 0.52 0.56 0.56 0.56 0.53 0.46 0.46 0.48 0.46 0.47 0.52 0.50 0.49 0.49 0.48 0.48 0.45 0.45 0.42 0.42 0.41 0.41 0.37 0.37 0.34 0.37 0.31 0.33 0.31 0.29 0.28 0.29 0.27 0.27 0.24 0.25 0.24 0.26 0.27 0.29 0.31 0.31 0.35 0.39 0.45 0.49 0.59 0.63 0.72 0.82 0.91 1.03 1.15 1.28 1.43 1.58 1.74 1.91 2.10 2.28 2.48 2.68 2.89 3.10 3.31 3.52 3.73 3.94 4.14 4.34 4.53 4.71 4.86 5.01 5.14 5.26 5.37 5.43 5.51 5.54 5.54 5.55 5.52 5.48 5.40 5.30 5.19 5.09 4.91 4.77 4.61 4.43 4.18 4.06 3.82 3.57 3.42 3.22 3.01 2.82 2.60 2.41 2.26 2.03 1.89 1.72 1.63 1.43 1.33 1.21 1.10 1.03 0.91 0.81 0.74 0.70 0.62 0.58 0.55 0.48 0.44 0.42 0.41 0.39 0.34 0.33 0.29 0.28 0.29 0.29 0.26 0.25 0.23 0.23 0.21 0.24 0.23 0.27 0.23 0.24 0.25 0.30 0.30 0.35 0.38 0.43 0.43 0.50 0.60 0.67 0.73 0.81 0.93 1.05 1.17 1.31 1.42 1.58 1.71 1.91 2.06 2.18 2.33 2.48 2.61 2.74 2.84 2.94 3.01 3.06 3.10 3.11 3.10 3.06 0.85 0.85 0.85 0.85 0.85 0.47 0.85 0.85 0.85 0.85
0.26 0.26 0.30 0.30 0.32 0.38 0.38 0.41 0.41 0.47 0.48 0.54 0.51 0.58 0.59 0.61 0.62 0.64 0.63 0.64 0.65 0.47 0.47 0.47 0.48 0.47 0.59 0.58 0.56 0.53 0.50 0.52 0.50 0.46 0.42 0.43 0.38 0.37 0.37 0.36 0.32 0.32 0.29 0.32 0.26 0.25 0.25 0.22 0.22 0.25 0.23 0.23 0.25 0.22 0.24 0.26 0.34 0.35 0.35 0.40 0.46 0.52 0.61 0.68 0.79 0.87 0.98 1.11 1.23 1.37 1.52 1.69 1.86 2.04 2.24 2.44 2.65 2.86 3.09 3.31 3.54 3.77 3.99 4.22 4.43 4.65 4.84 5.05 5.21 5.37 5.51 5.65 5.75 5.82 5.88 5.94 5.96 5.97 5.92 5.87 5.78 5.69 5.59 5.41 5.28 5.09 4.92 4.70 4.52 4.30 4.10 3.87 3.65 3.44 3.23 3.00 2.80 2.58 2.39 2.21 2.04 1.84 1.68 1.56 1.38 1.27 1.15 1.04 0.97 0.87 0.79 0.72 0.67 0.61 0.54 0.50 0.44 0.44 0.39 0.38 0.35 0.35 0.27 0.28 0.30 0.25 0.23 0.24 0.24 0.25 0.23 0.22 0.23 0.24 0.23 0.25 0.24 0.28 0.28 0.32 0.31 0.39 0.42 0.46 0.50 0.58 0.65 0.72 0.85 0.94 1.04 1.15 1.27 1.37 1.52 1.64 1.81 1.91 2.06 2.19 2.29 2.40 2.49 2.57 2.64 2.69 2.71 2.72 2.71 2.69 0.85 0.85 0.85 0.47 0.48 0.46 0.47 0.45 0.85 0.85
0.25 0.32 0.31 0.33 0.36 0.39 0.42 0.48 0.53 0.53 0.58 0.60 0.64 0.63 0.67 0.72 0.70 0.77 0.75 0.73 0.74 0.75 0.74 0.46 0.69 0.66 0.67 0.63 0.61 0.58 0.57 0.50 0.48 0.51 0.47 0.42 0.40 0.37 0.35 0.31 0.32 0.32 0.31 0.26 0.27 0.24 0.21 0.22 0.21 0.22 0.21 0.24 0.26 0.26 0.27 0.29 0.33 0.33 0.38 0.43 0.51 0.58 0.66 0.72 0.82 0.94 1.05 1.17 1.31 1.46 1.62 1.80 1.98 2.18 2.39 2.60 2.82 3.05 3.29 3.53 3.77 4.02 4.26 4.50 4.73 4.95 5.17 5.38 5.55 5.73 5.88 6.02 6.12 6.23 6.30 6.32 6.34 6.32 6.30 6.26 6.13 6.05 5.94 5.79 5.59 5.43 5.23 5.06 4.81 4.58 4.35 4.12 3.88 3.66 3.44 3.18 2.97 2.77 2.52 2.32 2.18 1.98 1.79 1.62 1.48 1.36 1.23 1.08 1.00 0.90 0.86 0.77 0.70 0.62 0.58 0.52 0.48 0.45 0.43 0.35 0.34 0.35 0.32 0.30 0.30 0.26 0.26 0.27 0.23 0.21 0.22 0.21 0.23 0.24 0.23 0.22 0.26 0.24 0.27 0.30 0.31 0.35 0.38 0.39 0.45 0.51 0.56 0.65 0.73 0.83 0.91 0.98 1.11 1.20 1.35 1.45 1.56 1.66 1.78 1.89 2.01 2.09 2.17 2.24 2.30 2.34 2.36 2.37 2.36 2.34 0.85 0.85 0.85 0.46 0.48 0.46 0.45 0.47 0.85 0.85
0.32 0.35 0.37 0.39 0.39 0.48 0.52 0.54 0.57 0.62 0.66 0.70 0.73 0.76 0.79 0.82 0.84 0.87 0.86 0.85 0.85 0.85 0.85 0.83 0.83 0.79 0.77 0.70 0.67 0.65 0.63 0.58 0.52 0.50 0.50 0.45 0.43 0.41 0.39 0.35 0.33 0.27 0.26 0.28 0.25 0.24 0.20 0.22 0.21 0.21 0.24 0.22 0.21 0.25 0.28 0.28 0.33 0.36 0.42 0.48 0.52 0.59 0.67 0.79 0.87 0.98 1.11 1.25 1.39 1.55 1.73 1.91 2.11 2.32 2.53 2.76 3.00 3.25 3.50 3.75 4.01 4.27 4.53 4.79 5.03 5.27 5.50 5.71 5.91 6.12 6.30 6.41 6.51 6.62 6.68 6.73 6.78 6.73 6.70 6.65 6.57 6.42 6.33 6.16 5.96 5.80 5.57 5.34 5.07 4.89 4.62 4.37 4.11 3.89 3.61 3.38 3.17 2.90 2.71 2.49 2.27 2.08 1.93 1.74 1.56 1.42 1.28 1.20 1.06 0.96 0.89 0.76 0.73 0.63 0.60 0.53 0.48 0.43 0.42 0.39 0.35 0.33 0.30 0.28 0.28 0.25 0.24 0.24 0.24 0.24 0.22 0.21 0.19 0.21 0.21 0.23 0.22 0.26 0.25 0.28 0.26 0.31 0.32 0.38 0.42 0.43 0.49 0.57 0.62 0.72 0.77 0.86 0.98 1.05 1.15 1.24 1.34 1.44 1.54 1.64 1.72 1.81 1.88 1.94 1.99 2.02 2.04 2.05 2.04 0.85 0.85 0.85 0.45 0.46 0.48 0.46 0.46 0.46 0.47 0.85
0.33 0.36 0.40 0.45 0.47 0.50 0.55 0.60 0.68 0.73 0.76 0.80 0.85 0.91 0.90 0.97 1.00 1.02 1.02 1.01 0.85 0.85 0.85 0.85 0.85 0.85 0.85 0.82 0.76 0.74 0.69 0.65 0.62 0.57 0.52 0.47 0.45 0.39 0.40 0.35 0.32 0.27 0.27 0.28 0.25 0.24 0.21 0.20 0.21 0.20 0.21 0.21 0.26 0.26 0.27 0.34 0.33 0.42 0.41 0.48 0.58 0.64 0.72 0.83 0.93 1.04 1.17 1.32 1.47 1.64 1.83 2.02 2.23 2.45 2.68 2.93 3.18 3.45 3.70 3.99 4.25 4.52 4.79 5.06 5.32 5.58 5.82 6.05 6.26 6.46 6.63 6.77 6.91 6.99 7.07 7.11 7.16 7.13 7.10 7.06 6.93 6.83 6.70 6.48 6.33 6.13 5.91 5.67 5.44 5.13 4.91 4.65 4.38 4.09 3.86 3.57 3.31 3.06 2.82 2.63 2.42 2.20 2.00 1.82 1.64 1.53 1.33 1.22 1.11 0.99 0.88 0.82 0.75 0.71 0.59 0.55 0.50 0.44 0.42 0.39 0.35 0.34 0.31 0.32 0.26 0.28 0.25 0.24 0.27 0.21 0.22 0.19 0.19 0.21 0.20 0.20 0.21 0.23 0.22 0.26 0.24 0.29 0.30 0.35 0.40 0.40 0.45 0.50 0.54 0.62 0.68 0.76 0.81 0.90 0.98 1.06 1.16 1.24 1.33 1.41 1.50 1.55 1.61 1.66 1.71 1.74 1.76 1.76 1.76 1.74 0.85 0.85 0.85 0.47 0.47 0.48 0.46 0.46 0.85 0.85
0.34 0.38 0.43 0.49 0.53 0.57 0.66 0.71 0.79 0.81 0.90 0.95 0.98 1.04 1.11 1.11 1.17 1.20 1.21 1.22 1.19 1.18 1.15 0.85 1.10 1.07 1.02 0.93 0.93 0.87 0.76 0.72 0.70 0.63 0.53 0.51 0.47 0.44 0.42 0.39 0.33 0.28 0.31 0.26 0.26 0.23 0.22 0.23 0.22 0.22 0.24 0.24 0.23 0.26 0.29 0.30 0.37 0.41 0.46 0.50 0.59 0.68 0.75 0.85 0.97 1.13 1.24 1.39 1.56 1.74 1.93 2.14 2.36 2.59 2.83 3.09 3.35 3.63 3.91 4.19 4.48 4.77 5.06 5.34 5.62 5.89 6.14 6.38 6.60 6.83 7.00 7.16 7.28 7.40 7.47 7.51 7.55 7.58 7.48 7.40 7.31 7.20 7.06 6.87 6.69 6.46 6.23 5.97 5.74 5.46 5.18 4.89 4.59 4.33 4.04 3.75 3.51 3.24 2.98 2.75 2.48 2.29 2.11 1.93 1.71 1.58 1.42 1.28 1.15 1.06 0.92 0.85 0.77 0.69 0.62 0.59 0.52 0.48 0.46 0.41 0.35 0.34 0.31 0.30 0.29 0.27 0.24 0.25 0.23 0.21 0.25 0.21 0.19 0.20 0.20 0.21 0.20 0.19 0.21 0.24 0.21 0.25 0.22 0.28 0.31 0.36 0.39 0.43 0.44 0.54 0.59 0.65 0.71 0.78 0.83 0.91 0.98 1.06 1.13 1.20 1.27 1.32 1.38 1.42 1.46 1.48 1.50 1.50 1.50 1.48 0.85 0.85 0.85 0.46 0.47 0.46 0.46 0.46 0.85 0.85
0.38 0.45 0.47 0.59 0.58 0.68 0.76 0.83 0.91 0.98 1.04 1.11 1.17 1.22 1.30 1.33 1.34 1.38 1.39 1.44 1.42 1.38 1.36 1.33 1.29 1.21 1.18 1.12 1.05 0.99 0.91 0.83 0.79 0.69 0.66 0.61 0.54 0.49 0.44 0.40 0.37 0.31 0.29 0.30 0.24 0.24 0.24 0.21 0.23 0.20 0.21 0.24 0.26 0.24 0.30 0.33 0.37 0.42 0.46 0.48 0.60 0.69 0.79 0.93 1.02 1.17 1.30 1.46 1.64 1.82 2.03 2.25 2.48 2.72 2.98 3.25 3.53 3.81 4.11 4.41 4.71 5.02 5.32 5.62 5.91 6.19 6.46 6.71 6.94 7.16 7.35 7.52 7.67 7.77 7.85 7.91 7.96 7.94 7.86 7.80 7.71 7.57 7.42 7.22 7.02 6.79 6.55 6.27 6.00 5.72 5.43 5.13 4.85 4.55 4.26 3.96 3.67 3.39 3.13 2.85 2.63 2.39 2.22 1.99 1.79 1.65 1.50 1.37 1.23 1.09 0.99 0.88 0.79 0.69 0.64 0.60 0.53 0.46 0.42 0.40 0.38 0.38 0.33 0.27 0.28 0.26 0.26 0.22 0.21 0.21 0.22 0.19 0.20 0.20 0.19 0.18 0.20 0.20 0.21 0.23 0.20 0.26 0.24 0.25 0.28 0.29 0.34 0.34 0.39 0.46 0.50 0.58 0.58 0.66 0.71 0.77 0.84 0.90 0.96 1.03 1.07 1.12 1.17 1.20 1.23 1.26 1.27 1.27 1.27 1.26 0.85 0.85 0.85 0.85 0.85 0.48 0.85 0.85 0.84 0.77
0.50 0.49 0.57 0.64 0.71 0.78 0.87 0.96 1.03 1.12 1.21 1.30 1.38 1.43 1.49 1.55 1.60 1.61 1.64 1.64 1.64 1.63 1.59 1.56 1.49 1.44 1.37 1.28 1.20 1.14 1.05 0.96 0.92 0.80 0.73 0.66 0.60 0.53 0.50 0.44 0.37 0.35 0.33 0.30 0.26 0.24 0.24 0.21 0.23 0.23 0.24 0.26 0.26 0.27 0.30 0.36 0.40 0.44 0.47 0.55 0.63 0.74 0.83 0.95 1.07 1.23 1.36 1.53 1.71 1.91 2.12 2.35 2.59 2.85 3.12 3.40 3.69 3.99 4.30 4.62 4.93 5.25 5.57 5.88 6.19 6.49 6.76 7.03 7.27 7.51 7.71 7.87 8.02 8.13 8.25 8.29 8.31 8.28 8.26 8.19 8.08 7.94 7.76 7.57 7.34 7.10 6.85 6.58 6.31 5.99 5.69 5.36 5.05 4.76 4.42 4.13 3.83 3.58 3.27 3.00 2.74 2.50 2.30 2.09 1.88 1.74 1.54 1.37 1.26 1.11 1.03 0.90 0.81 0.73 0.65 0.60 0.54 0.48 0.47 0.41 0.37 0.35 0.32 0.28 0.29 0.29 0.24 0.24 0.25 0.21 0.24 0.21 0.18 0.21 0.17 0.20 0.17 0.15 0.20 0.20 0.17 0.22 0.26 0.20 0.25 0.30 0.26 0.32 0.36 0.38 0.43 0.45 0.49 0.55 0.60 0.68 0.71 0.78 0.81 0.86 0.90 0.95 0.98 1.01 1.04 1.06 1.07 1.07 1.07 1.06 1.04 0.85 0.85 0.85 0.85 0.85 0.81 0.76 0.71 0.65
0.48 0.57 0.63 0.73 0.83 0.90 1.00 1.11 1.22 1.29 1.39 1.49 1.58 1.71 1.74 1.83 1.87 1.90 1.92 1.91 1.88 1.86 1.87 1.79 1.73 1.67 1.60 1.50 1.39 1.32 1.23 1.12 1.04 0.91 0.86 0.74 0.70 0.61 0.53 0.46 0.42 0.35 0.32 0.31 0.28 0.27 0.23 0.23 0.24 0.25 0.26 0.25 0.28 0.33 0.31 0.39 0.43 0.46 0.47 0.60 0.67 0.77 0.90 1.00 1.13 1.26 1.42 1.60 1.79 2.00 2.22 2.46 2.71 2.97 3.25 3.55 3.85 4.17 4.49 4.82 5.15 5.48 5.82 6.14 6.45 6.76 7.06 7.34 7.59 7.82 8.04 8.22 8.37 8.50 8.61 8.65 8.66 8.67 8.60 8.53 8.44 8.28 8.08 7.89 7.64 7.42 7.12 6.85 6.56 6.26 5.90 5.58 5.26 4.96 4.63 4.33 3.98 3.69 3.41 3.13 2.85 2.63 2.43 2.16 1.96 1.78 1.61 1.46 1.31 1.17 1.05 0.93 0.84 0.78 0.67 0.59 0.54 0.50 0.46 0.39 0.37 0.34 0.34 0.30 0.28 0.27 0.27 0.24 0.21 0.22 0.20 0.20 0.17 0.19 0.17 0.16 0.16 0.18 0.17 0.20 0.16 0.18 0.17 0.21 0.23 0.23 0.28 0.27 0.30 0.33 0.36 0.41 0.42 0.47 0.50 0.55 0.59 0.64 0.68 0.72 0.76 0.79 0.82 0.85 0.87 0.89 0.90 0.90 0.90 0.89 0.87 0.85 0.82 0.79 0.76 0.72 0.68 0.64 0.59 0.55
0.57 0.68 0.75 0.84 0.96 1.03 1.16 1.27 1.38 1.52 1.61 1.75 1.85 1.91 2.01 2.09 2.14 2.19 2.22 2.22 2.23 2.20 2.14 2.06 2.03 1.93 1.84 1.74 1.64 1.48 1.41 1.25 1.17 1.10 0.95 0.85 0.76 0.67 0.59 0.54 0.47 0.42 0.37 0.33 0.32 0.27 0.29 0.27 0.27 0.25 0.27 0.25 0.30 0.31 0.33 0.38 0.43 0.49 0.53 0.62 0.71 0.81 0.92 1.03 1.17 1.32 1.49 1.67 1.86 2.08 2.31 2.55 2.82 3.09 3.38 3.69 4.00 4.33 4.67 5.01 5.35 5.69 6.04 6.38 6.71 7.03 7.33 7.62 7.90 8.13 8.35 8.56 8.69 8.84 8.95 8.98 9.01 9.01 8.96 8.86 8.77 8.59 8.40 8.21 7.96 7.69 7.43 7.13 6.80 6.47 6.15 5.82 5.48 5.14 4.81 4.48 4.17 3.84 3.52 3.23 2.96 2.71 2.46 2.24 2.05 1.82 1.67 1.48 1.32 1.21 1.05 0.97 0.86 0.78 0.72 0.64 0.62 0.50 0.46 0.39 0.39 0.37 0.34 0.29 0.27 0.28 0.24 0.23 0.23 0.21 0.20 0.19 0.16 0.18 0.18 0.17 0.17 0.16 0.16 0.18 0.17 0.16 0.16 0.18 0.19 0.18 0.24 0.23 0.25 0.28 0.30 0.33 0.37 0.39 0.42 0.47 0.51 0.53 0.57 0.60 0.63 0.66 0.69 0.71 0.72 0.74 0.75 0.75 0.75 0.74 0.72 0.71 0.69 0.66 0.63 0.60 0.57 0.53 0.49 0.46
0.64 0.71 0.87 0.97 1.05 1.20 1.33 1.45 1.58 1.72 1.85 1.96 2.13 2.24 2.36 2.43 2.49 2.57 2.56 2.57 2.56 2.53 2.49 2.44 2.33 2.25 2.12 1.97 1.87 1.73 1.62 1.45 1.34 1.20 1.08 0.97 0.89 0.79 0.65 0.60 0.51 0.45 0.42 0.34 0.34 0.30 0.29 0.26 0.25 0.26 0.26 0.29 0.31 0.34 0.34 0.41 0.44 0.49 0.59 0.65 0.74 0.83 0.94 1.07 1.21 1.38 1.54 1.73 1.93 2.15 2.39 2.65 2.92 3.20 3.50 3.82 4.15 4.49 4.83 5.18 5.54 5.89 6.25 6.60 6.94 7.27 7.59 7.88 8.16 8.41 8.63 8.85 9.02 9.16 9.23 9.31 9.32 9.32 9.24 9.20 9.06 8.87 8.69 8.47 8.23 7.93 7.69 7.35 7.05 6.68 6.37 6.03 5.62 5.32 4.95 4.62 4.28 3.94 3.63 3.34 3.07 2.80 2.54 2.28 2.10 1.88 1.71 1.52 1.37 1.23 1.09 0.99 0.89 0.78 0.71 0.63 0.58 0.53 0.48 0.43 0.40 0.35 0.33 0.34 0.29 0.27 0.24 0.23 0.23 0.21 0.21 0.16 0.17 0.18 0.15 0.17 0.18 0.15 0.14 0.16 0.14 0.16 0.17 0.19 0.15 0.17 0.17 0.17 0.23 0.22 0.26 0.28 0.30 0.32 0.35 0.39 0.41 0.44 0.47 0.50 0.52 0.55 0.57 0.59 0.60 0.61 0.62 0.62 0.62 0.61 0.60 0.59 0.57 0.55 0.52 0.50 0.47 0.44 0.41 0.38
0.74 0.84 0.96 1.11 1.23 1.37 1.52 1.68 1.82 2.00 2.12 2.28 2.45 2.55 2.66 2.76 2.85 2.90 2.92 2.96 2.98 2.91 2.87 2.80 2.68 2.57 2.42 2.31 2.13 2.01 1.82 1.67 1.54 1.37 1.21 1.11 0.98 0.84 0.78 0.64 0.58 0.51 0.45 0.41 0.36 0.31 0.32 0.31 0.28 0.27 0.28 0.27 0.32 0.33 0.39 0.42 0.48 0.51 0.60 0.70 0.78 0.86 0.98 1.11 1.26 1.42 1.60 1.79 2.00 2.23 2.47 2.73 3.01 3.31 3.62 3.95 4.28 4.62 4.98 5.34 5.71 6.08 6.44 6.80 7.16 7.50 7.82 8.13 8.41 8.68 8.90 9.10 9.27 9.43 9.54 9.60 9.60 9.58 9.55 9.46 9.36 9.17 8.96 8.74 8.48 8.20 7.92 7.60 7.25 6.91 6.57 6.17 5.82 5.47 5.14 4.77 4.40 4.09 3.76 3.46 3.15 2.92 2.61 2.36 2.16 1.91 1.75 1.57 1.41 1.27 1.16 1.00 0.89 0.82 0.73 0.63 0.61 0.53 0.49 0.44 0.40 0.37 0.33 0.29 0.28 0.24 0.28 0.23 0.22 0.21 0.17 0.18 0.17 0.15 0.17 0.14 0.15 0.15 0.16 0.14 0.13 0.13 0.14 0.16 0.14 0.16 0.20 0.19 0.18 0.20 0.21 0.26 0.26 0.27 0.29 0.32 0.34 0.36 0.39 0.41 0.43 0.45 0.47 0.48 0.49 0.50 0.51 0.51 0.51 0.50 0.49 0.48 0.47 0.45 0.43 0.41 0.39 0.36 0.34 0.32
0.82 0.95 1.08 1.23 1.38 1.53 1.72 1.89 2.07 2.24 2.42 2.59 2.78 2.93 3.03 3.15 3.25 3.34 3.34 3.37 3.37 3.31 3.26 3.17 3.06 2.87 2.74 2.61 2.46 2.24 2.10 1.87 1.76 1.57 1.41 1.23 1.10 0.96 0.83 0.74 0.61 0.56 0.50 0.46 0.40 0.36 0.35 0.30 0.31 0.30 0.29 0.31 0.33 0.40 0.40 0.43 0.50 0.54 0.61 0.69 0.81 0.90 1.02 1.15 1.30 1.47 1.65 1.85 2.06 2.29 2.54 2.81 3.10 3.40 3.72 4.05 4.39 4.75 5.12 5.49 5.86 6.24 6.62 6.99 7.35 7.70 8.03 8.37 8.63 8.90 9.15 9.37 9.55 9.68 9.76 9.83 9.87 9.86 9.81 9.71 9.56 9.43 9.23 8.98 8.75 8.45 8.10 7.80 7.45 7.10 6.72 6.34 5.99 5.61 5.24 4.86 4.52 4.19 3.88 3.52 3.25 3.00 2.68 2.44 2.19 1.98 1.78 1.60 1.45 1.28 1.14 1.02 0.93 0.83 0.71 0.67 0.58 0.52 0.49 0.42 0.42 0.39 0.35 0.31 0.27 0.27 0.23 0.25 0.21 0.19 0.19 0.18 0.17 0.17 0.17 0.14 0.15 0.17 0.11 0.13 0.12 0.16 0.14 0.16 0.14 0.12 0.13 0.16 0.17 0.15 0.20 0.20 0.21 0.23 0.24 0.26 0.28 0.30 0.32 0.34 0.36 0.37 0.38 0.40 0.41 0.41 0.42 0.42 0.42 0.41 0.41 0.40 0.38 0.37 0.36 0.34 0.32 0.30 0.28 0.26
0.92 1.08 1.21 1.37 1.53 1.73 1.93 2.12 2.35 2.54 2.74 2.94 3.10 3.27 3.46 3.57 3.66 3.76 3.80 3.80 3.80 3.77 3.69 3.55 3.44 3.29 3.09 2.96 2.76 2.55 2.34 2.15 1.96 1.75 1.54 1.38 1.22 1.06 0.94 0.83 0.73 0.58 0.54 0.48 0.40 0.41 0.37 0.32 0.33 0.31 0.33 0.33 0.34 0.38 0.40 0.46 0.51 0.59 0.64 0.73 0.82 0.96 1.06 1.22 1.35 1.52 1.70 1.90 2.12 2.36 2.61 2.89 3.18 3.48 3.81 4.15 4.50 4.86 5.23 5.61 6.00 6.39 6.77 7.16 7.51 7.87 8.21 8.53 8.84 9.10 9.39 9.59 9.76 9.89 10.01 10.06 10.08 10.08 10.02 9.92 9.80 9.62 9.40 9.18 8.92 8.61 8.28 7.95 7.61 7.27 6.88 6.50 6.12 5.73 5.36 5.00 4.64 4.28 3.92 3.60 3.29 2.97 2.72 2.50 2.25 2.03 1.81 1.65 1.46 1.35 1.17 1.08 0.92 0.85 0.75 0.65 0.59 0.56 0.49 0.46 0.40 0.38 0.35 0.32 0.30 0.27 0.26 0.21 0.18 0.18 0.18 0.18 0.18 0.15 0.15 0.14 0.15 0.13 0.15 0.13 0.14 0.14 0.09 0.10 0.12 0.12 0.11 0.12 0.13 0.14 0.15 0.15 0.17 0.18 0.20 0.22 0.23 0.25 0.26 0.28 0.29 0.30 0.31 0.32 0.33 0.34 0.34 0.34 0.34 0.34 0.33 0.32 0.31 0.30 0.29 0.28 0.26 0.25 0.23 0.22
1.00 1.17 1.33 1.53 1.72 1.92 2.16 2.38 2.63 2.87 3.07 3.34 3.50 3.70 3.89 4.01 4.15 4.24 4.27 4.29 4.25 4.24 4.17 4.02 3.89 3.72 3.53 3.29 3.08 2.86 2.61 2.40 2.19 1.94 1.73 1.58 1.37 1.19 1.05 0.90 0.81 0.69 0.60 0.55 0.46 0.39 0.38 0.36 0.34 0.32 0.33 0.37 0.37 0.42 0.44 0.47 0.53 0.60 0.70 0.79 0.86 0.98 1.10 1.25 1.39 1.56 1.75 1.96 2.18 2.42 2.68 2.95 3.25 3.56 3.89 4.23 4.59 4.96 5.34 5.72 6.11 6.50 6.90 7.28 7.65 8.02 8.37 8.69 8.99 9.27 9.52 9.74 9.94 10.06 10.18 10.25 10.27 10.26 10.19 10.14 9.98 9.81 9.59 9.35 9.08 8.80 8.47 8.13 7.77 7.36 7.00 6.60 6.21 5.87 5.45 5.06 4.75 4.34 3.99 3.65 3.38 3.06 2.79 2.55 2.28 2.06 1.85 1.66 1.47 1.34 1.19 1.07 0.95 0.84 0.76 0.69 0.59 0.56 0.49 0.47 0.40 0.36 0.29 0.30 0.27 0.27 0.22 0.25 0.20 0.16 0.21 0.16 0.17 0.17 0.12 0.13 0.13 0.16 0.10 0.10 0.12 0.12 0.10 0.12 0.10 0.11 0.11 0.10 0.10 0.15 0.12 0.13 0.15 0.15 0.17 0.18 0.19 0.20 0.22 0.23 0.24 0.25 0.26 0.26 0.27 0.27 0.28 0.28 0.28 0.27 0.27 0.26 0.26 0.25 0.24 0.23 0.22 0.20 0.19 0.18
1.14 1.30 1.49 1.68 1.95 2.16 2.44 2.66 2.92 3.17 3.45 3.67 3.91 4.12 4.31 4.52 4.61 4.71 4.77 4.79 4.77 4.71 4.60 4.50 4.33 4.14 3.89 3.70 3.44 3.18 2.95 2.66 2.42 2.18 1.93 1.71 1.52 1.33 1.17 1.01 0.86 0.77 0.63 0.58 0.52 0.45 0.42 0.38 0.39 0.39 0.37 0.41 0.42 0.43 0.49 0.53 0.59 0.65 0.73 0.82 0.91 1.03 1.15 1.31 1.44 1.61 1.80 2.01 2.23 2.47 2.73 3.02 3.31 3.62 3.96 4.30 4.66 5.04 5.42 5.81 6.21 6.60 7.00 7.38 7.77 8.13 8.48 8.81 9.12 9.43 9.67 9.88 10.06 10.24 10.31 10.37 10.42 10.43 10.35 10.26 10.11 9.92 9.73 9.46 9.18 8.92 8.57 8.23 7.85 7.49 7.08 6.68 6.30 5.93 5.50 5.15 4.77 4.40 4.08 3.72 3.41 3.11 2.81 2.54 2.31 2.09 1.83 1.66 1.48 1.32 1.20 1.08 0.95 0.86 0.78 0.65 0.62 0.57 0.51 0.43 0.43 0.37 0.33 0.30 0.31 0.28 0.27 0.25 0.22 0.21 0.18 0.19 0.17 0.18 0.17 0.15 0.14 0.12 0.12 0.12 0.13 0.12 0.12 0.10 0.09 0.10 0.09 0.13 0.13 0.10 0.10 0.12 0.12 0.14 0.14 0.16 0.16 0.17 0.18 0.19 0.19 0.20 0.21 0.22 0.22 0.22 0.23 0.23 0.23 0.22 0.22 0.22 0.21 0.20 0.19 0.19 0.18 0.17 0.16 0.15
1.22 1.41 1.64 1.87 2.13 2.42 2.65 2.93 3.25 3.52 3.78 4.06 4.32 4.57 4.78 4.95 5.10 5.23 5.29 5.32 5.28 5.22 5.12 4.96 4.78 4.56 4.35 4.07 3.79 3.51 3.24 2.95 2.66 2.40 2.16 1.88 1.68 1.47 1.26 1.11 0.98 0.86 0.72 0.65 0.57 0.52 0.47 0.44 0.42 0.41 0.41 0.43 0.45 0.47 0.51 0.56 0.64 0.69 0.78 0.85 0.95 1.09 1.20 1.34 1.49 1.67 1.85 2.06 2.28 2.54 2.79 3.07 3.36 3.68 4.01 4.36 4.72 5.10 5.49 5.88 6.28 6.67 7.07 7.46 7.85 8.22 8.57 8.91 9.22 9.51 9.78 9.99 10.17 10.30 10.42 10.50 10.51 10.52 10.46 10.34 10.23 10.01 9.83 9.61 9.29 9.02 8.65 8.32 7.94 7.58 7.19 6.80 6.37 5.98 5.58 5.21 4.83 4.48 4.07 3.75 3.44 3.14 2.85 2.57 2.34 2.09 1.88 1.69 1.51 1.37 1.21 1.07 0.98 0.84 0.76 0.71 0.63 0.52 0.49 0.45 0.41 0.37 0.32 0.34 0.29 0.27 0.26 0.22 0.22 0.23 0.19 0.17 0.16 0.15 0.13 0.13 0.12 0.15 0.12 0.12 0.10 0.08 0.12 0.12 0.09 0.09 0.10 0.11 0.08 0.09 0.11 0.09 0.10 0.11 0.11 0.12 0.13 0.14 0.15 0.15 0.16 0.17 0.17 0.18 0.18 0.18 0.18 0.18 0.18 0.18 0.18 0.18 0.17 0.17 0.16 0.15 0.15 0.14 0.13 0.12
1.34 1.57 1.82 2.05 2.32 2.61 2.91 3.21 3.56 3.84 4.14 4.49 4.77 5.03 5.27 5.47 5.63 5.73 5.80 5.80 5.78 5.73 5.62 5.47 5.26 5.04 4.78 4.44 4.17 3.86 3.53 3.24 2.94 2.61 2.38 2.08 1.81 1.59 1.39 1.24 1.04 0.94 0.81 0.72 0.61 0.58 0.50 0.48 0.43 0.47 0.44 0.47 0.51 0.55 0.58 0.60 0.69 0.73 0.82 0.92 1.02 1.17 1.25 1.42 1.56 1.72 1.91 2.11 2.34 2.58 2.84 3.12 3.41 3.73 4.08 4.41 4.77 5.15 5.53 5.92 6.32 6.72 7.12 7.51 7.90 8.27 8.63 8.97 9.28 9.57 9.83 10.05 10.25 10.39 10.48 10.56 10.61 10.58 10.50 10.42 10.27 10.10 9.89 9.60 9.38 9.05 8.74 8.37 8.03 7.64 7.20 6.82 6.37 6.01 5.62 5.20 4.84 4.50 4.10 3.75 3.45 3.13 2.85 2.59 2.35 2.10 1.89 1.72 1.53 1.37 1.21 1.10 1.00 0.85 0.75 0.69 0.63 0.57 0.48 0.43 0.38 0.36 0.34 0.33 0.28 0.26 0.25 0.23 0.22 0.19 0.19 0.17 0.18 0.14 0.15 0.13 0.15 0.10 0.12 0.12 0.10 0.09 0.12 0.09 0.07 0.10 0.06 0.08 0.06 0.08 0.08 0.08 0.08 0.10 0.10 0.10 0.11 0.11 0.12 0.13 0.13 0.14 0.14 0.14 0.15 0.15 0.15 0.15 0.15 0.15 0.15 0.14 0.14 0.14 0.13 0.13 0.12 0.11 0.11 0.10
1.46 1.68 1.95 2.21 2.50 2.85 3.16 3.53 3.84 4.18 4.52 4.87 5.22 5.45 5.71 5.95 6.11 6.25 6.32 6.36 6.34 6.25 6.12 5.96 5.74 5.46 5.19 4.88 4.55 4.23 3.87 3.53 3.19 2.85 2.53 2.28 1.99 1.72 1.49 1.30 1.15 1.00 0.88 0.76 0.68 0.64 0.57 0.54 0.53 0.51 0.52 0.56 0.54 0.61 0.63 0.70 0.73 0.84 0.92 0.99 1.09 1.20 1.32 1.48 1.62 1.78 1.97 2.17 2.39 2.63 2.89 3.17 3.46 3.77 4.10 4.44 4.80 5.18 5.56 5.95 6.35 6.75 7.17 7.54 7.93 8.29 8.65 8.98 9.31 9.58 9.85 10.05 10.26 10.41 10.52 10.59 10.62 10.60 10.54 10.46 10.29 10.11 9.91 9.67 9.39 9.04 8.73 8.38 8.01 7.63 7.23 6.81 6.45 6.05 5.61 5.25 4.84 4.48 4.12 3.80 3.46 3.16 2.84 2.59 2.36 2.12 1.90 1.71 1.51 1.38 1.21 1.07 0.97 0.87 0.75 0.69 0.62 0.58 0.51 0.46 0.42 0.40 0.35 0.32 0.29 0.27 0.25 0.23 0.23 0.21 0.19 0.19 0.17 0.16 0.14 0.14 0.12 0.15 0.12 0.09 0.10 0.08 0.10 0.10 0.08 0.07 0.08 0.07 0.07 0.06 0.08 0.07 0.08 0.08 0.08 0.09 0.09 0.10 0.10 0.10 0.11 0.11 0.12 0.12 0.12 0.12 0.12 0.12 0.12 0.12 0.12 0.12 0.12 0.11 0.11 0.10 0.10 0.10 0.09 0.09
1.58 1.86 2.08 2.37 2.70 3.06 3.41 3.80 4.17 4.54 4.91 5.28 5.61 5.91 6.19 6.42 6.62 6.74 6.85 6.88 6.86 6.76 6.60 6.44 6.18 5.94 5.63 5.27 4.92 4.56 4.20 3.81 3.44 3.09 2.75 2.42 2.13 1.88 1.64 1.43 1.22 1.08 0.95 0.83 0.73 0.68 0.65 0.57 0.59 0.59 0.62 0.60 0.63 0.69 0.71 0.77 0.82 0.89 0.98 1.08 1.17 1.29 1.40 1.54 1.69 1.86 2.04 2.24 2.45 2.68 2.93 3.20 3.50 3.80 4.12 4.46 4.82 5.19 5.57 5.96 6.35 6.75 7.14 7.54 7.91 8.28 8.64 9.02 9.29 9.58 9.82 10.04 10.24 10.40 10.51 10.57 10.60 10.59 10.52 10.43 10.28 10.12 9.89 9.62 9.38 9.08 8.70 8.34 7.99 7.62 7.23 6.83 6.42 6.03 5.63 5.26 4.86 4.47 4.12 3.79 3.47 3.16 2.83 2.60 2.33 2.11 1.90 1.68 1.52 1.39 1.21 1.09 0.97 0.87 0.80 0.71 0.62 0.56 0.50 0.44 0.38 0.39 0.34 0.33 0.29 0.29 0.26 0.24 0.23 0.19 0.20 0.20 0.16 0.17 0.14 0.12 0.15 0.12 0.11 0.11 0.08 0.10 0.10 0.10 0.08 0.08 0.06 0.09 0.06 0.06 0.06 0.07 0.07 0.07 0.07 0.07 0.08 0.08 0.08 0.09 0.09 0.09 0.10 0.10 0.10 0.10 0.10 0.10 0.10 0.10 0.10 0.10 0.10 0.09 0.09 0.09 0.08 0.08 0.08 0.07
1.70 1.95 2.24 2.55 2.91 3.28 3.65 4.08 4.48 4.87 5.23 5.65 6.01 6.35 6.63 6.89 7.09 7.26 7.34 7.39 7.35 7.26 7.11 6.91 6.62 6.36 6.05 5.68 5.28 4.89 4.48 4.11 3.71 3.30 2.99 2.62 2.29 2.05 1.78 1.55 1.34 1.15 1.01 0.91 0.80 0.75 0.67 0.65 0.63 0.66 0.63 0.66 0.74 0.76 0.79 0.83 0.94 0.98 1.09 1.19 1.26 1.39 1.51 1.63 1.80 1.94 2.13 0.85 2.52 2.74 2.99 3.25 3.53 3.83 4.14 4.48 4.83 5.19 5.56 5.94 6.34 6.72 7.11 7.50 7.87 8.24 8.61 8.92 9.25 9.52 9.79 9.98 10.19 10.35 10.42 10.49 10.54 10.52 10.45 10.39 10.21 10.05 9.82 9.61 9.30 9.01 8.67 8.28 7.94 7.57 7.17 6.79 6.39 5.98 5.58 5.18 4.81 4.44 4.10 3.75 3.44 3.16 2.83 2.56 2.34 2.13 1.89 1.69 1.53 1.40 1.22 1.08 0.97 0.90 0.75 0.71 0.63 0.54 0.54 0.47 0.42 0.38 0.37 0.34 0.31 0.29 0.22 0.25 0.21 0.22 0.20 0.20 0.17 0.16 0.14 0.14 0.11 0.09 0.11 0.11 0.10 0.10 0.08 0.08 0.09 0.11 0.07 0.06 0.05 0.05 0.05 0.08 0.06 0.07 0.07 0.06 0.07 0.07 0.07 0.07 0.08 0.08 0.08 0.08 0.08 0.08 0.08 0.08 0.08 0.08 0.08 0.08 0.08 0.08 0.08 0.07 0.07 0.08 0.07 0.06
1.77 2.07 2.41 2.72 3.09 3.46 3.89 4.32 4.75 5.17 5.59 6.02 6.39 6.75 7.06 7.34 7.59 7.71 7.83 7.86 7.81 7.72 7.57 7.35 7.07 6.78 6.41 6.03 5.62 5.19 4.77 4.34 3.90 3.52 3.13 2.80 2.44 2.15 1.89 1.64 1.42 1.23 1.11 0.94 0.87 0.80 0.76 0.74 0.76 0.75 0.74 0.79 0.81 0.88 0.90 0.96 1.07 1.12 1.19 1.30 1.38 1.49 1.63 1.74 0.85 0.85 0.85 0.85 0.85 0.85 0.85 3.29 3.56 3.85 4.17 4.48 4.82 5.19 5.54 5.91 6.29 6.67 7.06 7.43 7.81 8.17 8.51 8.84 9.15 9.43 9.67 9.92 10.08 10.25 10.35 10.39 10.47 10.43 10.35 10.27 10.11 9.94 9.74 9.49 9.23 8.90 8.59 8.23 7.87 7.49 7.11 6.71 6.31 5.91 5.52 5.14 4.76 4.42 4.06 3.73 3.42 3.12 2.83 2.54 2.33 2.09 1.88 1.70 1.54 1.36 1.23 1.08 0.97 0.88 0.78 0.71 0.63 0.55 0.49 0.46 0.42 0.38 0.36 0.34 0.30 0.27 0.28 0.23 0.24 0.21 0.18 0.19 0.20 0.16 0.15 0.13 0.14 0.12 0.12 0.11 0.09 0.06 0.07 0.07 0.09 0.08 0.05 0.05 0.04 0.04 0.05 0.05 0.05 0.05 0.05 0.05 0.06 0.06 0.06 0.06 0.06 0.07 0.07 0.07 0.07 0.07 0.07 0.07 0.07 0.07 0.07 0.07 0.07 0.07 0.06 0.06 0.06 0.06 0.06 0.06
1.88 2.19 2.50 2.86 3.25 3.69 4.12 4.53 5.01 5.47 5.90 6.32 6.77 7.11 7.46 7.74 7.97 8.17 8.25 8.24 8.27 8.16 7.97 7.75 7.50 7.13 6.76 6.39 5.94 5.50 5.04 4.61 4.19 3.75 3.31 2.95 2.60 2.30 2.00 1.73 1.55 1.35 1.21 1.06 0.96 0.91 0.85 0.80 0.81 0.80 0.85 0.89 0.92 0.98 1.05 1.08 1.17 1.24 1.34 1.44 1.54 1.64 1.75 0.85 0.85 0.85 0.85 0.85 0.85 0.85 0.85 0.85 3.60 3.88 4.19 4.49 4.81 5.16 5.50 5.86 6.23 6.61 6.98 7.37 7.73 8.06 8.41 8.73 9.04 9.31 9.54 9.78 9.95 10.10 10.20 10.30 10.31 10.28 10.20 10.15 9.99 9.84 9.59 9.32 9.10 8.80 8.48 8.13 7.76 7.39 7.02 6.60 6.21 5.85 5.45 5.07 4.74 4.35 4.04 3.67 3.38 3.06 2.80 2.54 2.31 2.07 1.86 1.69 1.48 1.34 1.21 1.07 0.95 0.85 0.79 0.68 0.66 0.56 0.53 0.47 0.45 0.41 0.36 0.31 0.33 0.30 0.29 0.26 0.23 0.26 0.19 0.19 0.17 0.17 0.17 0.13 0.09 0.14 0.14 0.10 0.11 0.08 0.08 0.07 0.06 0.07 0.05 0.08 0.07 0.05 0.04 0.04 0.04 0.06 0.05 0.05 0.05 0.05 0.05 0.05 0.06 0.06 0.06 0.06 0.06 0.06 0.06 0.06 0.06 0.06 0.06 0.06 0.06 0.06 0.06 0.05 0.05 0.05 0.05 0.05
1.95 2.29 2.61 2.98 3.40 3.84 4.26 4.73 5.24 5.72 6.20 6.64 7.07 7.47 7.81 8.11 8.37 8.54 8.63 8.66 8.64 8.52 8.32 8.13 7.82 7.46 7.07 6.64 6.21 5.75 5.28 4.80 4.34 3.88 3.48 3.09 2.72 2.41 2.11 1.83 1.64 1.44 1.28 1.16 1.08 0.98 0.97 0.94 0.95 0.92 0.97 1.03 1.06 1.12 1.19 1.26 1.36 1.44 1.52 1.59 1.70 1.82 0.85 0.85 0.85 0.85 0.85 0.46 0.85 0.85 0.85 0.85 0.85 3.90 4.18 4.48 4.79 5.11 5.47 5.80 6.15 6.52 6.88 7.24 7.61 7.93 8.30 8.57 8.89 9.17 9.38 9.61 9.79 9.91 10.02 10.09 10.12 10.08 10.03 9.92 9.80 9.63 9.43 9.19 8.93 8.62 8.32 7.98 7.61 7.26 6.89 6.50 6.12 5.73 5.37 4.97 4.62 4.32 3.97 3.60 3.30 3.03 2.74 2.50 2.24 2.05 1.84 1.67 1.48 1.32 1.19 1.09 0.94 0.86 0.77 0.72 0.65 0.56 0.52 0.51 0.45 0.41 0.42 0.36 0.33 0.31 0.31 0.24 0.23 0.25 0.20 0.18 0.19 0.18 0.17 0.14 0.14 0.12 0.13 0.11 0.09 0.08 0.11 0.10 0.07 0.08 0.08 0.05 0.04 0.06 0.04 0.05 0.04 0.04 0.04 0.04 0.05 0.05 0.05 0.05 0.05 0.05 0.05 0.05 0.05 0.05 0.05 0.05 0.05 0.05 0.05 0.05 0.05 0.05 0.05 0.05 0.05 0.05 0.05 0.04
2.03 2.38 2.74 3.10 3.54 3.95 4.45 4.95 5.46 5.96 6.39 6.86 7.34 7.73 8.09 8.41 8.65 8.87 8.97 9.02 8.96 8.84 8.68 8.39 8.12 7.75 7.34 6.94 6.45 6.00 5.49 4.97 4.52 4.06 3.63 3.18 2.86 2.49 2.19 1.94 1.71 1.55 1.39 1.26 1.15 1.12 1.04 1.03 1.02 1.09 1.11 1.18 1.21 1.32 1.37 1.46 1.55 1.62 1.70 1.82 1.93 2.00 0.85 0.85 0.85 0.46 0.48 0.47 0.46 0.45 0.85 0.85 0.85 3.93 4.21 4.47 4.78 5.07 5.39 5.73 6.06 6.41 6.76 7.10 7.45 7.77 8.11 8.40 8.70 8.97 9.19 9.39 9.59 9.72 9.80 9.85 9.87 9.88 9.82 9.71 9.60 9.41 9.19 8.98 8.74 8.44 8.15 7.80 7.48 7.10 6.74 6.36 5.99 5.60 5.26 4.90 4.56 4.19 3.88 3.53 3.27 2.92 2.69 2.41 2.24 1.99 1.84 1.63 1.46 1.30 1.15 1.06 0.94 0.84 0.76 0.70 0.66 0.57 0.53 0.49 0.48 0.44 0.38 0.39 0.36 0.31 0.31 0.33 0.27 0.26 0.24 0.24 0.19 0.17 0.16 0.14 0.15 0.14 0.14 0.12 0.11 0.11 0.10 0.09 0.07 0.09 0.05 0.04 0.06 0.04 0.04 0.04 0.04 0.04 0.04 0.04 0.04 0.04 0.04 0.04 0.04 0.05 0.05 0.05 0.05 0.05 0.05 0.05 0.05 0.05 0.05 0.05 0.05 0.05 0.04 0.04 0.04 0.04 0.04 0.04
2.09 2.44 2.82 3.21 3.62 4.13 4.57 5.07 5.59 6.08 6.62 7.09 7.55 7.96 8.33 8.67 8.94 9.11 9.24 9.27 9.22 9.10 8.93 8.69 8.37 8.00 7.57 7.12 6.61 6.14 5.64 5.14 4.67 4.19 3.73 3.32 2.96 2.61 2.29 2.02 1.81 1.61 1.44 1.34 1.28 1.24 1.17 1.19 1.23 1.21 1.31 1.35 1.44 1.51 1.62 1.67 1.79 1.87 1.98 2.06 2.15 2.23 0.85 0.85 0.85 0.46 0.46 0.46 0.48 0.46 0.85 0.85 0.85 4.00 4.21 4.48 4.74 5.02 5.34 5.66 5.97 6.33 6.65 6.95 7.30 7.60 7.90 8.20 8.49 8.72 8.96 9.15 9.33 9.46 9.55 9.63 9.65 9.65 9.58 9.48 9.35 9.20 8.99 8.76 8.55 8.22 7.94 7.61 7.28 6.93 6.57 6.23 5.83 5.49 5.13 4.77 4.40 4.10 3.78 3.46 3.17 2.91 2.63 2.40 2.19 1.94 1.76 1.59 1.43 1.29 1.18 1.06 0.94 0.88 0.79 0.71 0.67 0.60 0.54 0.51 0.50 0.44 0.40 0.40 0.39 0.35 0.33 0.32 0.30 0.26 0.27 0.27 0.21 0.17 0.19 0.15 0.16 0.13 0.13 0.14 0.12 0.08 0.09 0.07 0.09 0.06 0.05 0.06 0.04 0.05 0.04 0.04 0.04 0.04 0.04 0.04 0.04 0.04 0.04 0.04 0.04 0.04 0.04 0.04 0.04 0.04 0.04 0.04 0.04 0.04 0.04 0.04 0.04 0.04 0.04 0.04 0.04 0.04 0.04 0.04
2.17 2.47 2.86 3.26 3.71 4.18 4.67 5.16 5.73 6.22 6.74 7.26 7.73 8.14 8.52 8.88 9.10 9.26 9.43 9.46 9.44 9.32 9.12 8.87 8.53 8.18 7.75 7.28 6.78 6.24 5.75 5.25 4.75 4.27 3.83 3.42 3.00 2.69 2.38 2.13 1.90 1.71 1.58 1.46 1.39 1.36 1.33 1.33 1.37 1.42 1.48 1.58 1.65 1.76 1.85 1.94 2.05 2.18 2.23 2.38 2.41 0.85 0.85 0.85 0.45 0.48 0.46 0.46 0.45 0.47 0.46 0.85 0.85 0.85 4.23 4.48 4.71 4.97 5.27 5.54 5.84 6.17 6.47 6.79 7.11 7.42 7.69 7.99 8.27 8.48 8.70 8.88 9.06 9.16 9.27 9.32 9.35 9.33 9.28 9.20 9.06 8.90 8.70 8.53 8.26 7.97 7.70 7.37 7.08 6.73 6.35 6.03 5.66 5.32 4.99 4.67 4.30 3.98 3.68 3.35 3.10 2.82 2.59 2.31 2.11 1.91 1.74 1.53 1.39 1.28 1.14 1.01 0.97 0.85 0.79 0.74 0.70 0.63 0.60 0.55 0.54 0.49 0.46 0.44 0.44 0.39 0.35 0.34 0.34 0.29 0.26 0.24 0.24 0.25 0.20 0.18 0.16 0.16 0.16 0.13 0.12 0.08 0.12 0.06 0.10 0.05 0.09 0.06 0.07 0.04 0.04 0.04 0.05 0.04 0.04 0.04 0.04 0.04 0.04 0.04 0.04 0.04 0.04 0.04 0.04 0.04 0.04 0.04 0.04 0.04 0.04 0.04 0.04 0.04 0.04 0.04 0.04 0.04 0.04 0.04
2.14 2.50 2.91 3.30 3.77 4.27 4.75 5.27 5.77 6.32 6.82 7.33 7.81 8.26 8.65 8.96 9.25 9.40 9.52 9.58 9.54 9.46 9.24 8.96 8.66 8.24 7.82 7.35 6.85 6.37 5.83 5.36 4.83 4.35 3.93 3.49 3.08 2.73 2.46 2.19 1.97 1.81 1.66 1.57 1.51 1.46 1.51 1.52 1.56 1.68 1.73 1.85 1.89 2.04 2.12 2.25 2.36 2.47 2.58 2.64 2.76 2.85 0.85 0.85 0.85 0.47 0.48 0.46 0.46 0.46 0.85 0.85 0.85 4.08 4.27 4.46 4.71 4.92 5.18 5.45 5.72 6.01 6.31 6.61 6.92 7.16 7.46 7.73 7.98 8.22 8.41 8.62 8.77 8.87 8.96 9.03 9.05 9.02 8.97 8.90 8.80 8.63 8.42 8.22 7.99 7.73 7.46 7.16 6.84 6.53 6.17 5.81 5.50 5.17 4.81 4.48 4.15 3.86 3.53 3.26 3.01 2.69 2.46 2.28 2.03 1.87 1.68 1.54 1.36 1.25 1.14 1.03 0.85 0.85 0.79 0.74 0.70 0.67 0.62 0.58 0.55 0.51 0.50 0.49 0.47 0.45 0.42 0.40 0.40 0.35 0.31 0.31 0.26 0.26 0.23 0.21 0.20 0.18 0.15 0.16 0.14 0.14 0.09 0.10 0.05 0.07 0.09 0.05 0.04 0.05 0.04 0.03 0.07 0.03 0.03 0.03 0.03 0.04 0.04 0.04 0.04 0.04 0.04 0.04 0.04 0.04 0.04 0.04 0.04 0.04 0.04 0.04 0.04 0.04 0.04 0.04 0.04 0.03 0.03 0.03
2.18 2.52 2.92 3.32 3.78 4.28 4.75 5.28 5.79 6.31 6.86 7.34 7.88 8.25 8.63 9.00 9.27 9.46 9.58 9.64 9.60 9.46 9.26 9.01 8.67 8.30 7.87 7.40 6.90 6.41 5.87 5.35 4.86 4.40 3.94 3.55 3.14 2.83 2.52 2.27 2.05 1.87 1.76 1.71 1.65 1.64 1.67 1.72 1.81 1.87 1.99 2.09 2.22 2.35 2.48 2.60 2.73 2.84 2.98 3.06 3.12 3.20 0.85 0.85 0.85 0.45 0.45 0.48 0.47 0.45 0.85 0.85 0.85 4.17 4.31 4.50 4.70 4.88 5.12 5.33 5.62 5.85 6.14 6.42 6.69 6.95 7.22 7.47 7.71 7.94 8.13 8.30 8.44 8.54 8.65 8.67 8.69 8.67 8.64 8.54 8.43 8.29 8.12 7.90 7.69 7.44 7.14 6.89 6.58 6.25 5.97 5.60 5.29 4.96 4.63 4.31 4.01 3.69 3.41 3.15 2.88 2.66 2.40 2.19 1.99 1.79 1.64 1.49 1.38 1.24 1.12 0.85 0.85 0.85 0.84 0.79 0.47 0.69 0.66 0.65 0.62 0.61 0.55 0.54 0.54 0.50 0.43 0.41 0.45 0.41 0.38 0.34 0.32 0.27 0.25 0.25 0.21 0.20 0.20 0.12 0.13 0.14 0.12 0.09 0.08 0.08 0.04 0.04 0.06 0.04 0.04 0.04 0.04 0.03 0.04 0.03 0.03 0.03 0.03 0.03 0.03 0.03 0.03 0.03 0.03 0.03 0.03 0.03 0.03 0.03 0.03 0.03 0.03 0.03 0.03 0.03 0.03 0.03 0.03 0.03
2.18 2.52 2.87 3.35 3.80 4.25 4.75 5.26 5.79 6.33 6.85 7.34 7.81 8.25 8.64 8.99 9.21 9.39 9.53 9.57 9.54 9.44 9.26 8.96 8.66 8.27 7.83 7.39 6.89 6.40 5.86 5.38 4.85 4.39 3.95 3.51 3.19 2.85 2.57 2.34 2.09 1.97 1.88 1.79 1.79 1.79 1.87 1.91 2.03 2.13 2.27 2.40 2.56 2.70 2.86 3.00 3.14 3.29 3.40 3.49 3.58 3.63 0.85 0.85 0.85 0.85 0.85 0.45 0.85 0.85 0.85 0.85 0.85 4.25 4.40 4.50 4.68 4.86 5.07 5.24 5.48 5.71 5.98 6.21 6.44 6.72 6.93 7.20 7.38 7.61 7.83 7.96 8.11 8.18 8.28 8.32 8.34 8.34 8.30 8.25 8.11 7.98 7.79 7.57 7.38 7.16 6.87 6.61 6.32 5.99 5.70 5.39 5.07 4.77 4.45 4.17 3.85 0.85 3.29 3.02 2.76 2.57 2.33 2.11 1.93 1.76 1.59 1.44 1.34 1.23 1.13 0.85 0.85 0.85 0.48 0.46 0.48 0.46 0.46 0.70 0.69 0.62 0.64 0.62 0.58 0.58 0.55 0.53 0.50 0.47 0.44 0.40 0.36 0.36 0.33 0.29 0.24 0.21 0.20 0.16 0.15 0.14 0.09 0.10 0.11 0.11 0.06 0.06 0.04 0.05 0.04 0.04 0.06 0.03 0.03 0.03 0.04 0.03 0.03 0.03 0.03 0.03 0.03 0.03 0.03 0.03 0.03 0.03 0.03 0.03 0.03 0.03 0.03 0.03 0.03 0.03 0.04 0.03 0.03 0.03
2.10 2.50 2.86 3.25 3.70 4.19 4.68 5.21 5.70 6.24 6.78 7.27 7.72 8.14 8.55 8.86 9.09 9.31 9.42 9.44 9.41 9.36 9.11 8.87 8.53 8.19 7.74 7.28 6.82 6.33 5.78 5.32 4.85 4.38 3.95 3.54 3.18 2.87 2.60 2.36 2.19 2.09 1.99 1.99 1.94 2.00 2.07 2.15 2.26 2.39 2.60 2.75 2.94 3.11 3.27 3.44 3.57 3.74 3.86 3.96 4.03 4.11 4.16 0.85 0.85 0.85 0.85 0.85 0.85 0.85 0.85 0.85 4.32 4.37 4.45 4.55 4.67 4.81 4.97 5.15 5.35 5.53 5.74 5.97 6.22 6.46 6.70 6.87 7.09 7.30 7.47 7.62 7.75 7.87 7.90 7.97 7.97 7.98 7.93 7.83 7.72 7.61 7.47 7.24 7.04 6.82 6.56 6.30 6.04 5.77 5.47 5.16 4.84 4.57 0.85 0.85 0.85 0.85 0.85 0.85 0.85 2.45 2.25 2.06 1.86 1.72 1.54 1.43 1.31 1.22 1.13 0.85 0.85 0.85 0.47 0.47 0.45 0.45 0.46 0.79 0.79 0.76 0.74 0.72 0.70 0.65 0.66 0.65 0.58 0.55 0.50 0.45 0.42 0.39 0.36 0.32 0.28 0.26 0.20 0.17 0.19 0.14 0.12 0.10 0.11 0.08 0.10 0.06 0.05 0.05 0.06 0.05 0.03 0.03 0.03 0.03 0.03 0.03 0.03 0.03 0.03 0.03 0.03 0.03 0.03 0.03 0.03 0.03 0.03 0.03 0.03 0.03 0.03 0.03 0.03 0.03 0.05 0.04 0.03 0.05
2.13 2.41 2.80 3.21 3.67 4.11 4.57 5.11 5.61 6.12 6.59 7.07 7.53 7.97 8.33 8.68 8.95 9.12 9.23 9.30 9.25 9.12 8.95 8.69 8.40 8.02 7.60 7.14 6.68 6.21 5.71 5.21 4.77 4.31 3.90 3.52 3.20 2.88 2.64 2.44 2.29 2.18 2.10 2.10 2.15 2.20 2.29 2.44 2.57 2.75 2.92 3.13 3.34 3.52 3.74 3.94 4.09 4.23 4.37 4.47 4.57 4.62 4.63 4.68 0.85 0.85 0.85 0.85 0.85 0.85 0.85 4.49 4.51 4.50 4.55 4.59 4.68 4.79 4.90 5.04 5.23 5.39 5.57 5.77 5.98 6.19 6.40 6.57 6.77 6.96 7.14 7.25 7.38 7.46 7.54 7.58 7.60 7.55 7.52 7.46 7.38 7.25 7.04 6.91 6.72 6.51 6.25 6.02 5.75 5.46 5.18 4.91 4.61 0.85 0.85 0.85 0.85 0.85 0.85 0.85 0.85 0.85 2.15 1.95 1.81 1.68 1.55 1.39 1.32 1.22 0.85 0.85 0.85 0.46 0.45 0.45 0.46 0.47 0.47 0.46 0.85 0.85 0.84 0.82 0.83 0.78 0.75 0.72 0.70 0.62 0.60 0.55 0.52 0.48 0.44 0.39 0.34 0.32 0.25 0.23 0.18 0.20 0.17 0.14 0.12 0.08 0.09 0.06 0.07 0.05 0.04 0.06 0.04 0.03 0.03 0.03 0.03 0.03 0.03 0.03 0.03 0.03 0.03 0.03 0.03 0.03 0.03 0.03 0.03 0.03 0.03 0.03 0.03 0.03 0.03 0.05 0.04 0.03 0.03 0.03
2.03 2.34 2.71 3.12 3.54 3.97 4.44 4.95 5.42 5.91 6.40 6.93 7.34 7.75 8.12 8.44 8.69 8.83 8.96 9.01 8.96 8.86 8.70 8.44 8.13 7.78 7.38 6.97 6.51 6.03 5.58 5.08 4.65 4.25 3.82 3.49 3.16 2.89 2.66 2.51 2.37 2.28 2.26 2.29 2.34 2.43 2.58 2.71 2.90 3.11 3.37 3.57 3.80 4.02 4.25 4.43 4.67 4.82 4.96 5.05 5.15 5.20 5.23 5.22 5.18 5.16 5.11 0.85 4.95 4.86 4.79 4.76 4.72 4.68 4.67 4.68 4.69 4.76 4.86 4.98 5.08 5.25 5.39 5.56 5.73 5.92 6.10 6.28 6.47 6.64 6.76 6.89 6.99 7.06 7.17 7.18 7.20 7.19 7.15 7.08 7.01 6.89 6.74 6.55 6.38 6.17 5.91 5.67 5.46 5.20 4.93 4.64 0.85 0.85 0.85 0.85 0.85 0.48 0.85 0.85 0.85 0.85 0.85 1.88 1.74 1.62 1.46 1.39 1.28 1.23 1.18 0.85 0.85 0.85 0.47 0.48 0.47 0.45 0.45 0.85 0.85 0.85 1.01 1.01 0.98 0.96 0.89 0.84 0.82 0.76 0.73 0.66 0.62 0.55 0.50 0.46 0.37 0.35 0.31 0.25 0.24 0.17 0.20 0.16 0.09 0.11 0.10 0.07 0.07 0.10 0.06 0.04 0.05 0.03 0.03 0.03 0.05 0.03 0.03 0.03 0.03 0.03 0.03 0.03 0.03 0.03 0.03 0.03 0.03 0.03 0.03 0.03 0.03 0.03 0.05 0.04 0.03 0.03 0.04 0.04
1.94 2.27 2.64 3.01 3.42 3.85 4.31 4.74 5.22 5.71 6.17 6.67 7.07 7.46 7.82 8.16 8.37 8.55 8.66 8.70 8.63 8.55 8.38 8.14 7.87 7.53 7.15 6.73 6.28 5.84 5.38 4.95 4.53 4.12 3.75 3.42 3.11 2.85 2.68 2.52 2.41 2.40 2.38 2.44 2.53 2.64 2.80 2.98 3.23 3.48 3.76 4.00 4.26 4.56 4.80 5.01 5.23 5.41 5.54 5.68 5.76 5.79 5.81 5.79 5.75 5.68 5.57 5.47 5.35 5.24 5.15 5.01 4.95 4.83 4.78 4.74 4.74 4.76 4.82 4.89 4.98 5.09 5.20 5.35 5.47 5.63 5.80 5.96 6.13 6.26 6.39 6.52 6.63 6.71 6.75 6.80 6.83 6.80 6.76 6.69 6.62 6.49 6.34 6.14 5.99 5.82 5.60 5.40 5.13 4.91 4.68 4.42 0.85 0.85 0.85 0.46 0.45 0.48 0.46 0.47 0.85 0.85 0.85 1.80 1.69 1.58 1.47 1.37 1.30 1.23 1.20 0.85 0.85 0.85 0.46 0.45 0.46 0.45 0.46 0.85 0.85 0.85 1.18 1.16 1.15 1.13 1.09 1.03 0.95 0.91 0.84 0.78 0.72 0.65 0.63 0.52 0.46 0.41 0.37 0.30 0.27 0.23 0.20 0.17 0.14 0.13 0.09 0.08 0.08 0.05 0.07 0.07 0.04 0.04 0.04 0.03 0.04 0.03 0.03 0.03 0.03 0.03 0.03 0.03 0.03 0.03 0.03 0.03 0.03 0.03 0.03 0.03 0.03 0.03 0.03 0.05 0.03 0.04 0.03 0.03
1.87 2.15 2.50 2.88 3.28 3.68 4.09 4.54 5.01 5.45 5.91 6.32 6.78 7.13 7.50 7.79 7.98 8.17 8.25 8.29 8.27 8.20 8.03 7.78 7.51 7.18 6.84 6.46 6.02 5.59 5.17 4.76 4.36 3.99 3.63 3.34 3.10 2.89 2.69 2.56 2.49 2.50 2.52 2.59 2.76 2.87 3.13 3.33 3.61 3.89 4.19 4.49 4.79 5.07 5.37 5.62 5.85 6.08 6.19 6.38 6.40 6.45 6.45 6.43 6.35 6.23 6.11 5.93 5.80 5.63 5.49 5.33 5.16 5.06 4.93 4.87 4.82 4.77 4.81 4.80 4.86 4.92 5.03 5.12 5.25 5.41 5.51 5.65 5.80 5.91 6.05 6.16 6.23 6.32 6.37 6.39 6.42 6.40 6.36 6.28 6.20 6.09 5.98 5.83 5.67 5.47 5.29 5.05 4.86 4.62 4.39 4.16 0.85 0.85 0.85 0.46 0.45 0.46 0.46 0.47 0.85 0.85 0.85 1.76 1.62 1.53 1.44 1.35 1.29 1.29 1.22 0.85 0.85 0.85 0.85 0.85 0.46 0.85 0.85 0.85 0.85 0.85 1.39 1.39 1.36 1.31 1.28 1.23 1.19 1.12 1.02 0.94 0.85 0.78 0.71 0.61 0.56 0.47 0.40 0.37 0.33 0.26 0.23 0.22 0.18 0.13 0.13 0.09 0.10 0.08 0.05 0.04 0.04 0.04 0.03 0.06 0.04 0.03 0.03 0.03 0.03 0.04 0.03 0.03 0.03 0.03 0.03 0.03 0.03 0.03 0.03 0.03 0.04 0.06 0.04 0.03 0.03 0.03 0.04 0.06
1.81 2.07 2.39 2.75 3.09 3.49 3.89 4.35 4.77 5.17 5.61 6.02 6.40 6.76 7.08 7.36 7.57 7.75 7.84 7.90 7.85 7.77 7.58 7.36 7.13 6.86 6.51 6.14 5.72 5.33 4.91 4.56 4.17 3.83 3.50 3.25 3.02 2.82 2.68 2.62 2.55 2.60 2.68 2.75 2.94 3.15 3.38 3.67 3.99 4.31 4.66 5.03 5.37 5.68 5.97 6.27 6.52 6.74 6.93 7.04 7.12 7.13 7.14 7.07 6.95 6.86 6.69 6.44 6.27 6.07 5.86 5.62 5.45 5.26 5.12 4.98 4.89 4.80 4.72 4.74 4.75 4.79 4.85 4.92 5.01 5.09 5.25 5.33 5.48 5.56 5.68 5.79 5.85 5.91 5.96 6.02 6.02 5.97 5.96 5.90 5.83 5.71 5.59 5.45 5.31 5.12 4.95 4.74 4.55 4.34 4.11 0.85 0.85 0.85 0.47 0.48 0.45 0.46 0.48 0.45 0.46 0.85 0.85 0.85 1.56 1.49 1.40 1.37 1.33 1.31 1.29 1.30 0.85 0.85 0.85 0.85 0.85 0.85 0.85 0.85 0.85 1.61 1.64 1.63 1.61 1.56 1.51 1.43 1.40 1.26 1.21 1.11 1.00 0.93 0.82 0.73 0.64 0.55 0.48 0.41 0.35 0.29 0.24 0.21 0.20 0.15 0.11 0.10 0.09 0.07 0.06 0.05 0.07 0.04 0.07 0.03 0.03 0.03 0.05 0.03 0.03 0.04 0.03 0.03 0.03 0.03 0.03 0.04 0.03 0.03 0.03 0.03 0.03 0.03 0.03 0.04 0.03 0.04 0.05 0.07
1.69 1.96 2.26 2.56 2.94 3.26 3.66 4.04 4.46 4.86 5.25 5.68 6.04 6.35 6.68 6.90 7.10 7.28 7.38 7.42 7.37 7.31 7.15 6.95 6.70 6.43 6.08 5.76 5.39 5.02 4.67 4.36 3.97 3.69 3.37 3.15 2.95 2.80 2.70 2.64 2.61 2.72 2.82 2.98 3.17 3.42 3.73 4.03 4.38 4.78 5.13 5.53 5.91 6.26 6.59 6.94 7.19 7.44 7.64 7.77 7.82 7.85 7.83 7.74 7.62 7.48 7.26 7.03 6.76 6.53 6.23 5.98 5.76 5.46 5.28 5.11 4.94 4.82 4.72 4.66 4.66 4.65 4.70 4.72 4.80 4.85 4.96 5.05 5.16 5.26 5.32 5.40 5.50 5.52 5.58 5.61 5.61 5.59 5.55 5.52 5.45 5.33 5.23 5.10 4.93 4.80 4.62 4.45 4.25 4.04 3.87 3.64 0.85 0.85 0.85 0.45 0.48 0.45 0.46 0.47 0.85 0.85 0.85 1.63 1.53 1.47 1.40 1.38 1.37 1.35 1.39 1.40 1.44 0.85 0.85 0.85 0.85 0.85 0.85 0.85 1.89 1.90 1.93 1.90 1.91 1.86 1.78 1.73 1.61 1.56 1.43 1.32 1.18 1.07 0.97 0.87 0.74 0.65 0.58 0.48 0.44 0.33 0.32 0.25 0.21 0.16 0.15 0.13 0.07 0.08 0.05 0.07 0.06 0.04 0.04 0.07 0.03 0.03 0.03 0.03 0.03 0.04 0.03 0.03 0.03 0.03 0.03 0.03 0.03 0.04 0.03 0.03 0.03 0.03 0.03 0.03 0.03 0.05 0.07 0.05
1.57 1.84 2.11 2.41 2.74 3.06 3.43 3.80 4.16 4.57 4.94 5.29 5.60 5.96 6.18 6.47 6.65 6.80 6.88 6.88 6.88 6.79 6.66 6.51 6.27 6.02 5.72 5.40 5.08 4.70 4.39 4.08 3.77 3.53 3.26 3.02 2.90 2.78 2.73 2.70 2.72 2.85 3.00 3.18 3.43 3.69 4.05 4.40 4.79 5.20 5.63 6.08 6.48 6.90 7.26 7.63 7.92 8.18 8.37 8.50 8.58 8.58 8.54 8.43 8.24 8.08 7.87 7.57 7.25 6.96 6.65 6.32 6.04 5.74 5.48 5.23 5.06 4.86 4.74 4.60 4.55 4.53 4.52 4.49 4.55 4.61 4.67 4.75 4.85 4.91 5.00 5.04 5.11 5.16 5.21 5.23 5.21 5.23 5.16 5.11 5.04 4.98 4.88 4.73 4.57 4.44 4.30 4.12 3.98 3.77 3.59 3.38 0.85 0.85 0.85 0.47 0.47 0.48 0.46 0.45 0.85 0.85 0.85 1.57 1.51 1.49 1.41 1.39 1.40 1.39 1.46 1.48 1.58 1.68 1.74 1.79 0.85 1.98 2.06 2.15 2.21 2.22 2.23 2.28 2.21 2.15 2.09 2.01 1.92 1.79 1.68 1.55 1.39 1.26 1.15 1.01 0.89 0.76 0.64 0.56 0.48 0.38 0.35 0.29 0.22 0.18 0.15 0.12 0.10 0.11 0.09 0.05 0.06 0.05 0.06 0.04 0.04 0.03 0.03 0.03 0.03 0.03 0.03 0.03 0.04 0.03 0.03 0.03 0.04 0.06 0.07 0.03 0.03 0.05 0.04 0.03 0.03 0.03 0.06 0.07
1.42 1.67 1.96 2.22 2.52 2.84 3.17 3.53 3.86 4.20 4.57 4.91 5.21 5.51 5.75 6.00 6.13 6.28 6.34 6.38 6.38 6.34 6.18 6.04 5.84 5.57 5.29 5.01 4.73 4.41 4.10 3.84 3.56 3.32 3.14 2.94 2.82 2.73 2.70 2.73 2.80 2.94 3.10 3.37 3.66 4.03 4.36 4.77 5.23 5.70 6.13 6.61 7.08 7.54 7.94 8.31 8.64 8.93 9.10 9.23 9.31 9.33 9.26 9.16 8.98 8.72 8.46 8.15 7.82 7.45 7.04 6.70 6.32 5.97 5.68 5.38 5.13 4.90 4.74 4.60 4.50 4.40 4.36 4.34 4.30 4.37 4.41 4.43 4.53 4.59 4.64 4.69 4.78 4.78 4.83 4.86 4.84 4.82 4.79 4.76 4.70 4.59 4.47 4.40 4.25 4.15 3.99 3.84 3.69 3.51 3.34 3.17 0.85 0.85 0.85 0.85 0.85 0.46 0.85 0.85 0.85 0.85 0.85 1.52 1.48 1.42 1.42 1.42 1.47 1.51 1.56 1.60 1.72 1.85 1.95 2.05 2.17 2.27 2.41 2.49 2.57 2.58 2.59 2.60 2.60 2.54 2.45 2.34 2.23 2.07 1.92 1.78 1.62 1.48 1.31 1.14 1.00 0.90 0.73 0.63 0.55 0.47 0.38 0.31 0.29 0.21 0.16 0.14 0.14 0.09 0.11 0.08 0.08 0.04 0.05 0.04 0.03 0.03 0.03 0.03 0.06 0.03 0.04 0.03 0.03 0.04 0.04 0.04 0.03 0.06 0.03 0.03 0.03 0.03 0.05 0.04 0.05 0.05 0.05 0.06
1.35 1.58 1.78 2.05 2.32 2.61 2.93 3.23 3.56 3.88 4.18 4.48 4.76 5.04 5.29 5.47 5.64 5.77 5.85 5.85 5.87 5.80 5.67 5.58 5.38 5.13 4.92 4.65 4.36 4.09 3.84 3.58 3.36 3.17 2.98 2.83 2.74 2.67 2.71 2.75 2.87 3.08 3.27 3.56 3.90 4.28 4.68 5.14 5.64 6.14 6.64 7.16 7.66 8.15 8.57 9.00 9.32 9.63 9.84 9.98 10.09 10.05 10.02 9.87 9.62 9.36 9.03 8.69 8.27 7.88 7.44 7.03 6.63 6.24 5.87 5.53 5.22 4.93 4.73 4.57 4.39 4.26 4.18 4.17 4.12 4.11 4.14 4.17 4.24 4.26 4.30 4.36 4.40 4.44 4.47 4.45 4.49 4.47 4.44 4.39 4.32 4.23 4.18 4.06 3.91 3.81 3.67 3.55 3.41 3.22 3.11 2.91 2.79 0.85 0.85 0.85 0.85 0.85 0.85 0.85 0.85 0.85 1.51 1.47 1.45 1.43 1.44 1.44 1.49 1.60 1.66 1.79 1.90 2.02 2.18 2.30 2.46 2.59 2.69 2.81 2.92 2.97 2.98 3.01 2.99 2.91 2.82 2.73 2.56 2.41 2.24 2.06 1.90 1.69 1.50 1.34 1.19 1.02 0.85 0.72 0.62 0.56 0.46 0.37 0.28 0.25 0.21 0.17 0.15 0.12 0.13 0.06 0.06 0.07 0.04 0.05 0.05 0.04 0.04 0.03 0.04 0.04 0.03 0.03 0.05 0.03 0.06 0.03 0.03 0.03 0.03 0.03 0.03 0.03 0.03 0.07 0.03 0.03 0.06 0.06
1.25 1.41 1.66 1.90 2.12 2.40 2.67 2.94 3.26 3.51 3.82 4.10 4.36 4.58 4.83 5.00 5.15 5.26 5.33 5.39 5.35 5.30 5.19 5.07 4.88 4.70 4.49 4.25 4.03 3.79 3.54 3.34 3.15 2.95 2.81 2.73 2.68 2.66 2.69 2.78 2.93 3.17 3.44 3.75 4.10 4.55 4.96 5.52 6.05 6.58 7.10 7.68 8.28 8.76 9.22 9.66 10.03 10.33 10.57 10.71 10.76 10.80 10.70 10.54 10.30 9.99 9.64 9.22 8.78 8.33 7.86 7.37 6.92 6.49 6.02 5.67 5.32 4.98 4.72 4.48 4.33 4.15 4.03 3.99 3.90 3.91 3.91 3.91 3.95 3.95 4.02 4.05 4.06 4.08 4.11 4.12 4.12 4.11 4.08 4.02 4.00 3.90 3.84 3.75 3.64 3.53 3.40 3.28 3.11 3.00 2.82 2.71 2.55 2.41 0.85 0.85 0.85 0.85 0.85 0.85 0.85 1.52 1.45 1.40 1.43 1.40 1.44 1.53 1.55 1.69 1.80 1.96 2.09 2.26 2.42 2.60 2.78 2.93 3.08 3.20 3.29 3.37 3.41 3.42 3.41 3.34 3.24 3.08 2.93 2.76 2.57 2.36 2.14 1.96 1.71 1.52 1.31 1.16 0.99 0.84 0.71 0.59 0.50 0.41 0.35 0.24 0.23 0.19 0.14 0.12 0.13 0.09 0.07 0.07 0.06 0.07 0.07 0.03 0.03 0.03 0.03 0.03 0.04 0.03 0.03 0.03 0.04 0.03 0.03 0.04 0.03 0.04 0.04 0.04 0.07 0.05 0.09 0.07 0.06 0.07
1.10 1.32 1.47 1.76 1.93 2.18 2.42 2.70 2.92 3.18 3.46 3.72 3.96 4.18 4.34 4.52 4.66 4.75 4.83 4.86 4.85 4.83 4.72 4.59 4.45 4.29 4.12 3.92 3.68 3.48 3.29 3.10 2.92 2.76 2.68 2.65 2.61 2.64 2.68 2.83 3.03 3.26 3.57 3.95 4.33 4.81 5.32 5.85 6.42 7.00 7.62 8.18 8.78 9.34 9.86 10.31 10.70 11.00 11.24 11.41 11.49 11.48 11.38 11.17 10.92 10.57 10.17 9.75 9.25 8.73 8.24 7.70 7.19 6.68 6.23 5.78 5.42 5.04 4.71 4.44 4.21 4.07 3.93 3.83 3.72 3.71 3.67 3.65 3.68 3.69 3.71 3.69 3.77 3.77 3.79 3.80 3.79 3.78 3.74 3.68 3.63 3.59 3.52 3.41 3.29 3.24 3.13 2.98 2.89 2.74 2.61 2.52 2.33 2.22 2.09 1.98 1.85 0.85 1.65 1.58 1.51 1.47 1.45 1.38 1.42 1.42 1.51 1.57 1.67 1.80 1.94 2.12 2.29 2.50 2.72 2.92 3.13 3.29 3.50 3.60 3.74 3.81 3.85 3.85 3.87 3.78 3.65 3.52 3.33 3.12 2.91 2.68 2.44 2.17 1.94 1.70 1.51 1.33 1.13 0.94 0.79 0.64 0.56 0.46 0.38 0.27 0.25 0.19 0.14 0.15 0.13 0.09 0.07 0.06 0.05 0.07 0.05 0.06 0.06 0.08 0.05 0.06 0.03 0.07 0.06 0.03 0.03 0.03 0.03 0.03 0.05 0.04 0.04 0.07 0.05 0.05 0.07 0.07 0.06 0.11
1.02 1.19 1.35 1.55 1.73 1.99 2.18 2.40 2.61 2.88 3.13 3.36 3.56 3.74 3.94 4.08 4.22 4.28 4.34 4.35 4.36 4.32 4.24 4.18 4.04 3.88 3.73 3.52 3.37 3.18 3.00 2.85 2.76 2.61 2.55 2.53 2.54 2.60 2.70 2.90 3.10 3.35 3.71 4.12 4.53 5.05 5.57 6.16 6.80 7.41 8.01 8.67 9.28 9.88 10.41 10.88 11.33 11.65 11.86 12.05 12.14 12.08 12.00 11.76 11.50 11.13 10.70 10.22 9.66 9.13 8.56 7.98 7.44 6.91 6.39 5.92 5.48 5.10 4.73 4.41 4.17 3.95 3.79 3.62 3.54 3.47 3.46 3.41 3.41 3.44 3.40 3.42 3.45 3.44 3.46 3.49 3.47 3.45 3.42 3.38 3.33 3.27 3.22 3.10 3.02 2.94 2.84 2.73 2.65 2.52 2.41 2.27 2.17 2.02 1.94 1.82 1.73 1.61 1.58 1.50 1.41 1.39 1.39 1.38 1.39 1.44 1.52 1.60 1.75 1.92 2.10 2.27 2.53 2.75 2.96 3.22 3.45 3.67 3.85 4.03 4.19 4.27 4.32 4.37 4.33 4.25 4.10 3.96 3.77 3.53 3.29 2.99 2.71 2.48 2.19 1.92 1.71 1.45 1.24 1.06 0.89 0.73 0.63 0.49 0.40 0.34 0.29 0.24 0.16 0.15 0.16 0.11 0.08 0.07 0.06 0.06 0.07 0.06 0.06 0.05 0.05 0.06 0.05 0.06 0.04 0.06 0.03 0.05 0.06 0.04 0.03 0.03 0.04 0.05 0.07 0.06 0.07 0.08 0.06 0.10
0.94 1.08 1.26 1.37 1.55 1.76 1.97 2.16 2.39 2.58 2.76 2.99 3.17 3.35 3.50 3.66 3.74 3.84 3.89 3.92 3.89 3.87 3.82 3.71 3.61 3.49 3.36 3.22 3.04 2.91 2.79 2.64 2.54 2.48 2.44 2.44 2.51 2.57 2.73 2.92 3.15 3.47 3.83 4.29 4.73 5.29 5.84 6.49 7.12 7.79 8.42 9.10 9.75 10.35 10.92 11.42 11.85 12.23 12.47 12.62 12.71 12.68 12.52 12.32 11.99 11.62 11.15 10.64 10.08 9.51 8.87 8.28 7.67 7.10 6.55 6.01 5.54 5.09 4.72 4.39 4.08 3.84 3.65 3.50 3.38 3.29 3.23 3.17 3.13 3.14 3.14 3.12 3.17 3.13 3.15 3.19 3.15 3.12 3.09 3.10 3.04 2.98 2.91 2.87 2.79 2.67 2.61 2.48 2.40 2.30 2.20 2.13 1.96 0.85 1.75 1.69 1.59 1.51 1.44 1.36 1.35 1.34 1.35 1.35 1.41 1.46 1.59 1.65 1.87 2.05 2.25 2.47 2.71 2.98 3.28 3.52 3.78 4.07 4.27 4.47 4.63 4.74 4.81 4.81 4.78 4.70 4.56 4.37 4.17 3.90 3.65 3.33 3.05 2.71 2.42 2.14 1.84 1.61 1.38 1.16 0.98 0.85 0.67 0.55 0.45 0.35 0.30 0.23 0.20 0.13 0.14 0.12 0.08 0.09 0.08 0.04 0.06 0.09 0.03 0.07 0.05 0.04 0.06 0.04 0.03 0.06 0.03 0.04 0.03 0.05 0.05 0.06 0.05 0.04 0.07 0.07 0.05 0.09 0.09 0.09
0.84 0.93 1.09 1.24 1.40 1.54 1.74 1.93 2.13 2.29 2.48 2.65 2.84 2.98 3.13 3.25 3.35 3.42 3.45 3.49 3.50 3.47 3.41 3.35 3.23 3.17 3.03 2.91 2.78 2.66 2.53 2.45 2.40 2.35 2.33 2.37 2.42 2.55 2.75 2.92 3.22 3.58 3.95 4.43 4.91 5.51 6.09 6.73 7.43 8.10 8.79 9.48 10.14 10.76 11.37 11.92 12.34 12.73 12.98 13.15 13.19 13.15 12.97 12.78 12.47 12.02 11.54 11.00 10.42 9.79 9.16 8.51 7.85 7.22 6.65 6.13 5.56 5.12 4.68 4.34 4.01 3.77 3.52 3.38 3.22 3.10 3.01 2.94 2.92 2.93 2.88 2.88 2.88 2.89 2.87 2.89 2.88 2.86 2.84 2.83 2.75 2.71 2.65 2.58 2.51 2.45 2.35 2.26 2.17 2.09 0.85 0.85 0.85 0.85 0.85 0.85 0.85 1.39 1.35 1.32 1.31 1.28 1.29 1.36 1.41 1.46 1.60 1.74 1.96 2.15 2.40 2.64 2.91 3.24 3.56 3.83 4.17 4.41 4.68 4.88 5.06 5.23 5.28 5.30 5.25 5.16 5.00 4.80 4.59 4.28 4.00 3.64 3.34 2.99 2.64 2.35 2.05 1.75 1.50 1.26 1.07 0.87 0.74 0.58 0.49 0.40 0.32 0.25 0.21 0.18 0.15 0.12 0.11 0.09 0.10 0.05 0.08 0.08 0.07 0.05 0.04 0.03 0.07 0.05 0.05 0.06 0.03 0.06 0.03 0.05 0.03 0.09 0.05 0.08 0.07 0.05 0.09 0.07 0.08 0.09
0.74 0.87 0.97 1.12 1.24 1.38 1.54 1.71 1.86 2.03 2.21 2.36 2.51 2.64 2.75 2.87 2.97 3.02 3.09 3.09 3.09 3.08 3.07 2.99 2.89 2.83 2.75 2.61 2.55 2.44 2.35 2.26 2.25 2.20 2.23 2.27 2.37 2.52 2.73 2.96 3.31 3.63 4.07 4.55 5.08 5.69 6.29 6.97 7.67 8.39 9.10 9.82 10.51 11.15 11.78 12.28 12.75 13.14 13.41 13.57 13.64 13.60 13.43 13.19 12.83 12.36 11.86 11.31 10.70 10.06 9.34 8.68 8.02 7.34 6.72 6.14 5.63 5.13 4.68 4.26 3.94 3.65 3.42 3.22 3.05 2.89 2.85 2.76 2.69 2.67 2.67 2.62 2.63 2.64 2.62 2.59 2.58 2.59 2.57 2.52 2.51 2.47 2.42 2.33 2.28 2.20 2.16 2.08 2.00 0.85 0.85 0.85 0.85 0.85 0.85 0.85 0.85 0.85 1.26 1.25 1.24 1.25 1.26 1.31 1.40 1.51 1.66 1.83 2.02 2.26 2.56 2.83 3.16 3.48 3.81 4.14 4.47 4.79 5.10 5.31 5.52 5.67 5.75 5.74 5.73 5.63 5.47 5.25 4.99 4.65 4.35 3.97 3.62 3.25 2.90 2.52 2.25 1.91 1.64 1.37 1.20 0.93 0.80 0.65 0.54 0.45 0.36 0.31 0.20 0.19 0.16 0.12 0.12 0.10 0.09 0.09 0.07 0.06 0.05 0.08 0.04 0.07 0.05 0.09 0.07 0.04 0.06 0.05 0.04 0.08 0.04 0.08 0.07 0.10 0.07 0.12 0.08 0.07 0.08 0.12
0.68 0.78 0.86 0.98 1.09 1.25 1.39 1.55 1.67 1.79 1.92 2.09 2.20 2.33 2.44 2.57 2.63 2.68 2.73 2.75 2.74 2.75 2.71 2.66 2.58 2.54 2.48 2.41 2.31 2.23 2.19 2.14 2.13 2.12 2.16 2.23 2.35 2.53 2.75 3.00 3.36 3.72 4.17 4.66 5.22 5.83 6.49 7.19 7.88 8.63 9.34 10.10 10.78 11.43 12.05 12.60 13.09 13.41 13.71 13.90 13.96 13.89 13.73 13.47 13.12 12.66 12.15 11.53 10.89 10.22 9.53 8.83 8.13 7.46 6.81 6.19 5.62 5.11 4.61 4.24 3.84 3.54 3.29 3.09 2.89 2.76 2.65 2.55 2.49 2.46 2.41 2.39 2.41 2.38 2.38 2.35 2.37 2.33 2.33 2.29 2.28 2.24 2.14 2.13 2.05 2.02 1.95 1.87 0.85 0.85 0.85 0.85 0.85 0.47 0.85 0.85 0.85 0.85 0.85 1.18 1.20 1.20 1.28 1.32 1.39 1.53 1.71 1.90 2.13 2.37 2.65 3.01 3.33 3.72 4.07 4.44 4.81 5.15 5.44 5.69 5.91 6.09 6.19 6.16 6.17 6.05 5.85 5.64 5.36 5.03 4.68 4.32 3.91 3.48 3.13 2.73 2.38 2.03 1.76 1.47 1.25 1.00 0.85 0.69 0.55 0.47 0.35 0.32 0.27 0.19 0.19 0.13 0.12 0.10 0.09 0.07 0.07 0.07 0.08 0.07 0.05 0.05 0.05 0.07 0.06 0.07 0.08 0.08 0.04 0.08 0.08 0.11 0.08 0.05 0.10 0.09 0.10 0.09 0.09 0.11
0.58 0.67 0.77 0.87 0.98 1.14 1.23 1.36 1.44 1.59 1.74 1.83 1.96 2.08 2.18 2.25 2.30 2.38 2.46 2.43 2.47 2.46 2.43 2.40 2.34 2.30 2.25 2.18 2.12 2.06 2.04 2.03 2.04 2.05 2.10 2.20 2.34 2.52 2.77 3.04 3.40 3.79 4.27 4.76 5.34 5.95 6.62 7.35 8.06 8.78 9.54 10.30 10.99 11.68 12.31 12.82 13.30 13.67 13.91 14.13 14.19 14.13 13.99 13.68 13.31 12.83 12.29 11.69 11.03 10.33 9.65 8.90 8.14 7.49 6.81 6.19 5.63 5.06 4.57 4.15 3.77 3.43 3.16 2.93 2.74 2.57 2.48 2.41 2.30 2.25 2.21 2.18 2.17 2.16 2.14 2.13 2.10 2.09 2.09 2.08 2.02 2.00 1.97 1.93 1.88 1.85 1.78 1.71 0.85 0.85 0.85 0.48 0.46 0.45 0.46 0.46 0.85 0.85 0.85 1.11 1.13 1.14 1.24 1.31 1.42 1.54 1.73 1.92 2.19 2.47 2.82 3.15 3.54 3.89 4.31 4.69 5.07 5.46 5.79 6.05 6.30 6.44 6.56 6.56 6.55 6.42 6.22 5.97 5.67 5.33 4.94 4.56 4.17 3.73 3.30 2.90 2.52 2.17 1.88 1.53 1.32 1.09 0.91 0.73 0.57 0.49 0.38 0.29 0.25 0.21 0.18 0.13 0.12 0.10 0.10 0.08 0.08 0.06 0.08 0.08 0.08 0.08 0.05 0.07 0.04 0.06 0.09 0.05 0.10 0.05 0.06 0.09 0.07 0.08 0.09 0.07 0.10 0.07 0.08 0.09
0.57 0.61 0.68 0.79 0.89 0.97 1.08 1.17 1.31 1.41 1.55 1.64 1.71 1.86 1.94 2.00 2.05 2.11 2.16 2.17 2.20 2.17 2.21 2.18 2.13 2.09 2.02 1.99 1.95 1.93 1.94 1.93 1.94 2.00 2.07 2.18 2.34 2.54 2.78 3.04 3.45 3.85 4.31 4.85 5.44 6.07 6.72 7.45 8.16 8.91 9.63 10.41 11.12 11.78 12.43 12.96 13.48 13.83 14.09 14.25 14.28 14.24 14.05 13.78 13.39 12.91 12.36 11.74 11.06 10.37 9.64 8.90 8.17 7.47 6.78 6.13 5.53 4.99 4.51 4.06 3.66 3.31 3.03 2.80 2.62 2.41 2.30 2.19 2.15 2.07 2.01 1.96 1.96 1.95 1.92 1.94 1.91 1.91 1.89 1.85 1.78 1.79 1.77 1.73 1.66 1.62 1.55 1.54 0.85 0.85 0.85 0.45 0.47 0.46 0.47 0.47 0.85 0.85 0.85 1.04 1.05 1.10 1.15 1.26 1.39 1.58 1.76 2.00 2.28 2.56 2.91 3.28 3.69 4.07 4.51 4.93 5.35 5.72 6.03 6.37 6.63 6.79 6.92 6.90 6.91 6.76 6.57 6.30 5.98 5.62 5.21 4.79 4.37 3.89 3.49 3.06 2.65 2.29 1.94 1.67 1.40 1.14 0.96 0.76 0.64 0.50 0.41 0.32 0.26 0.23 0.19 0.15 0.12 0.12 0.10 0.13 0.11 0.10 0.06 0.07 0.07 0.08 0.08 0.07 0.06 0.07 0.05 0.09 0.08 0.06 0.08 0.09 0.09 0.08 0.09 0.10 0.10 0.13 0.12 0.13
0.51 0.59 0.62 0.71 0.79 0.87 0.95 1.08 1.17 1.25 1.35 1.45 1.55 1.65 1.70 1.79 1.87 1.90 1.95 1.96 1.98 2.00 2.01 1.99 1.97 1.94 1.88 1.86 1.83 1.87 1.83 1.84 1.90 1.95 2.04 2.18 2.33 2.58 2.82 3.10 3.48 3.90 4.37 4.92 5.52 6.13 6.81 7.52 8.23 9.00 9.74 10.45 11.20 11.86 12.45 12.99 13.47 13.88 14.10 14.24 14.31 14.23 14.10 13.77 13.42 12.89 12.32 11.74 11.05 10.35 9.63 8.85 8.11 7.43 6.73 6.06 5.44 4.89 4.42 3.95 3.56 3.23 2.93 2.67 2.45 2.27 2.17 2.04 1.94 1.90 1.85 1.80 1.77 1.75 1.76 1.72 1.74 1.70 1.68 1.66 1.65 1.63 1.57 1.57 1.51 1.49 1.42 0.85 0.85 0.85 0.48 0.46 0.45 0.46 0.46 0.46 0.46 0.85 0.85 0.85 1.04 1.07 1.14 1.24 1.39 1.57 1.79 2.05 2.30 2.65 2.99 3.39 3.80 4.23 4.70 5.13 5.52 5.94 6.29 6.61 6.87 7.06 7.18 7.20 7.18 7.03 6.82 6.57 6.23 5.82 5.44 4.98 4.54 4.06 3.62 3.18 2.80 2.40 2.03 1.74 1.41 1.19 1.00 0.82 0.66 0.54 0.44 0.36 0.28 0.23 0.18 0.16 0.16 0.13 0.08 0.10 0.08 0.07 0.10 0.10 0.07 0.08 0.07 0.10 0.08 0.05 0.06 0.08 0.06 0.08 0.07 0.08 0.09 0.10 0.11 0.10 0.10 0.12 0.08 0.11
0.46 0.52 0.59 0.63 0.74 0.81 0.89 0.97 1.07 1.14 1.20 1.30 1.39 1.47 1.54 1.63 1.67 1.70 1.75 1.80 1.80 1.83 1.83 1.82 1.81 1.80 1.81 1.80 1.75 1.76 1.80 1.82 1.87 1.93 2.04 2.19 2.34 2.58 2.84 3.15 3.53 3.94 4.42 4.96 5.52 6.17 6.86 7.50 8.28 9.00 9.74 10.48 11.16 11.84 12.45 12.98 13.43 13.79 14.05 14.19 14.25 14.17 13.98 13.69 13.28 12.81 12.24 11.64 10.94 10.21 9.49 8.77 8.03 7.29 6.62 5.97 5.37 4.77 4.31 3.84 3.41 3.07 2.80 2.51 2.30 2.14 1.98 1.89 1.81 1.74 1.68 1.63 1.64 1.59 1.55 1.57 1.55 1.54 1.50 1.48 1.48 1.42 1.39 1.35 1.32 1.31 1.29 1.23 0.85 0.85 0.85 0.47 0.46 0.45 0.46 0.47 0.85 0.85 0.85 0.92 0.97 1.01 1.11 1.24 1.39 1.57 1.80 2.06 2.36 2.68 3.03 3.47 3.91 4.31 4.81 5.25 5.69 6.13 6.47 6.79 7.07 7.26 7.38 7.41 7.34 7.23 7.01 6.72 6.42 6.03 5.60 5.13 4.69 4.18 3.75 3.28 2.86 2.46 2.12 1.76 1.48 1.22 1.02 0.80 0.67 0.53 0.46 0.36 0.30 0.23 0.20 0.17 0.14 0.14 0.12 0.10 0.09 0.09 0.06 0.06 0.08 0.09 0.06 0.09 0.09 0.06 0.06 0.08 0.10 0.07 0.09 0.10 0.09 0.09 0.10 0.13 0.11 0.10 0.12 0.12
0.42 0.46 0.52 0.59 0.66 0.72 0.81 0.87 0.93 1.03 1.14 1.21 1.30 1.34 1.41 1.49 1.56 1.60 1.64 1.67 1.70 1.73 1.69 1.73 1.73 1.72 1.71 1.75 1.73 1.73 1.74 1.83 1.86 1.95 2.03 2.20 2.36 2.63 2.86 3.23 3.56 3.98 4.45 5.00 5.55 6.17 6.84 7.52 8.23 8.94 9.69 10.39 11.08 11.72 12.32 12.83 13.29 13.62 13.86 14.04 14.04 13.96 13.77 13.50 13.12 12.63 12.04 11.44 10.78 10.07 9.31 8.60 7.89 7.15 6.47 5.84 5.25 4.66 4.17 3.71 3.30 2.98 2.66 2.38 2.17 2.03 1.86 1.74 1.67 1.60 1.54 1.46 1.46 1.44 1.43 1.36 1.41 1.32 1.34 1.30 1.29 1.27 1.25 1.21 1.19 1.17 1.14 1.13 0.85 0.85 0.85 0.45 0.45 0.47 0.47 0.45 0.85 0.85 0.85 0.88 0.94 0.99 1.10 1.21 1.37 1.56 1.79 2.05 2.37 2.71 3.11 3.50 3.96 4.40 4.86 5.35 5.77 6.21 6.59 6.91 7.17 7.36 7.48 7.55 7.48 7.38 7.16 6.90 6.49 6.12 5.69 5.21 4.77 4.27 3.78 3.32 2.88 2.47 2.13 1.80 1.51 1.26 1.03 0.82 0.71 0.55 0.47 0.37 0.32 0.25 0.20 0.19 0.17 0.11 0.13 0.13 0.09 0.11 0.06 0.08 0.07 0.09 0.11 0.10 0.10 0.12 0.08 0.10 0.07 0.07 0.13 0.06 0.07 0.09 0.08 0.13 0.14 0.12 0.13 0.14
0.39 0.40 0.52 0.54 0.62 0.66 0.73 0.81 0.89 0.95 1.04 1.13 1.18 1.26 1.33 1.40 1.47 1.53 1.54 1.58 1.62 1.63 1.66 1.68 1.68 1.69 1.68 1.69 1.72 1.74 1.78 1.81 1.87 1.99 2.11 2.23 2.45 2.67 2.94 3.25 3.60 4.05 4.49 5.00 5.58 6.15 6.78 7.47 8.14 8.88 9.56 10.20 10.93 11.52 12.13 12.66 13.05 13.37 13.61 13.76 13.78 13.69 13.50 13.21 12.84 12.36 11.79 11.18 10.54 9.85 9.13 8.42 7.66 6.99 6.32 5.65 5.06 4.53 4.03 3.57 3.20 2.84 2.54 2.27 2.04 1.89 1.74 1.64 1.56 1.44 1.41 1.36 1.27 1.29 1.26 1.24 1.23 1.21 1.22 1.20 1.19 1.17 1.12 1.12 1.07 1.05 0.99 1.00 0.85 0.85 0.85 0.85 0.83 0.46 0.78 0.77 0.76 0.78 0.83 0.84 0.89 0.97 1.04 1.19 1.35 1.55 1.79 2.05 2.37 2.74 3.08 3.51 3.97 4.42 4.87 5.35 5.82 6.23 6.60 6.93 7.21 7.42 7.52 7.58 7.52 7.39 7.18 6.88 6.55 6.19 5.73 5.26 4.78 4.28 3.81 3.33 2.89 2.50 2.15 1.80 1.48 1.24 1.02 0.85 0.70 0.57 0.44 0.37 0.29 0.24 0.21 0.17 0.19 0.14 0.13 0.11 0.07 0.10 0.06 0.10 0.10 0.07 0.08 0.07 0.11 0.08 0.10 0.08 0.11 0.06 0.07 0.09 0.08 0.13 0.11 0.13 0.15 0.13 0.12 0.15
0.38 0.43 0.48 0.51 0.58 0.64 0.71 0.79 0.84 0.85 1.03 1.07 1.15 1.19 1.30 1.37 1.40 1.45 1.50 1.52 1.56 1.62 1.63 1.66 1.68 1.69 1.71 1.72 1.76 1.78 1.82 1.88 1.95 2.04 2.18 2.32 2.50 2.72 3.01 3.31 3.67 4.08 4.51 5.00 5.55 6.12 6.75 7.39 8.07 8.75 9.42 10.07 10.70 11.33 11.87 12.37 12.76 13.07 13.31 13.42 13.42 13.34 13.14 12.87 12.48 12.01 11.43 10.84 10.24 9.53 8.83 8.12 7.43 6.76 6.10 5.48 4.90 4.36 3.86 3.42 3.04 2.69 2.40 2.14 1.94 1.76 1.59 1.49 1.39 1.32 1.28 1.22 1.19 1.19 1.13 1.10 1.09 1.11 1.08 1.05 1.04 1.05 0.99 1.00 0.97 0.95 0.91 0.89 0.87 0.84 0.83 0.78 0.77 0.74 0.74 0.74 0.74 0.74 0.79 0.82 0.86 0.94 1.03 1.16 1.31 1.52 1.75 2.04 2.35 2.71 3.08 3.48 3.92 4.39 4.86 5.32 5.76 6.18 6.55 6.91 7.19 7.36 7.51 7.54 7.49 7.34 7.15 6.86 6.54 6.11 5.68 5.22 4.75 4.28 3.80 3.33 2.90 2.49 2.12 1.78 1.54 1.27 1.04 0.86 0.69 0.55 0.45 0.37 0.32 0.27 0.24 0.20 0.13 0.13 0.09 0.10 0.12 0.14 0.11 0.11 0.10 0.07 0.10 0.10 0.07 0.10 0.09 0.11 0.08 0.09 0.11 0.09 0.12 0.12 0.11 0.12 0.13 0.13 0.12 0.15
0.35 0.40 0.43 0.50 0.57 0.66 0.72 0.76 0.82 0.85 0.85 0.85 0.85 1.20 1.25 1.31 1.41 1.45 1.50 1.55 1.59 1.65 1.66 1.70 1.71 1.74 1.76 1.77 1.84 1.87 1.89 1.95 2.01 2.13 2.24 2.40 2.61 2.82 3.10 3.38 3.70 4.10 4.52 5.01 5.54 6.11 6.69 7.28 7.95 8.59 9.25 9.88 10.47 11.08 11.58 12.01 12.39 12.71 12.89 13.00 13.01 12.92 12.72 12.43 12.05 11.61 11.07 10.51 9.86 9.23 8.53 7.84 7.15 6.52 5.84 5.27 4.70 4.18 3.68 3.28 2.92 2.59 2.27 2.01 1.84 1.65 1.51 1.36 1.26 1.22 1.16 1.09 1.05 1.04 1.01 0.98 0.99 0.96 0.95 0.95 0.94 0.92 0.92 0.87 0.86 0.84 0.86 0.81 0.81 0.74 0.76 0.72 0.71 0.69 0.68 0.69 0.70 0.69 0.71 0.78 0.83 0.90 1.01 1.11 1.29 1.46 1.72 1.98 2.28 2.64 3.00 3.46 3.85 4.30 4.79 5.24 5.67 6.08 6.46 6.80 7.06 7.26 7.39 7.39 7.37 7.23 7.05 6.74 6.44 6.03 5.61 5.14 4.69 4.20 3.73 3.31 2.84 2.47 2.11 1.78 1.47 1.24 1.01 0.84 0.70 0.57 0.42 0.36 0.30 0.25 0.21 0.19 0.14 0.15 0.11 0.12 0.12 0.11 0.10 0.09 0.08 0.11 0.08 0.08 0.12 0.09 0.10 0.06 0.10 0.12 0.12 0.13 0.11 0.14 0.13 0.16 0.11 0.12 0.13 0.13
0.37 0.44 0.48 0.52 0.57 0.64 0.69 0.80 0.84 0.85 0.85 0.85 0.85 0.85 1.27 1.34 1.40 1.50 1.54 1.60 1.63 1.69 1.75 1.74 1.81 1.83 1.88 1.91 1.93 1.99 2.00 2.10 2.15 2.25 2.37 2.50 2.66 2.90 3.15 3.44 3.78 4.14 4.53 5.04 5.50 6.07 6.60 7.20 7.80 8.40 9.01 9.62 10.19 10.74 11.21 11.66 11.99 12.26 12.47 12.54 12.52 12.47 12.24 11.96 11.57 11.16 10.65 10.08 9.46 8.83 8.17 7.52 6.85 6.22 5.64 5.04 4.46 4.00 3.51 3.13 2.75 2.44 2.13 1.90 1.71 1.53 1.36 1.28 1.18 1.10 1.03 0.98 0.98 0.93 0.89 0.87 0.88 0.86 0.85 0.85 0.84 0.82 0.81 0.78 0.74 0.78 0.74 0.71 0.71 0.68 0.65 0.66 0.64 0.63 0.61 0.63 0.61 0.63 0.66 0.71 0.79 0.84 0.97 1.09 1.27 1.41 1.64 1.93 2.21 2.55 2.93 3.31 3.74 4.22 4.65 5.09 5.51 5.92 6.30 6.60 6.86 7.08 7.13 7.22 7.17 7.03 6.84 6.58 6.24 5.89 5.45 5.00 4.56 4.09 3.64 3.20 2.78 2.41 2.06 1.74 1.44 1.21 1.00 0.83 0.68 0.54 0.43 0.39 0.28 0.27 0.21 0.21 0.15 0.14 0.11 0.13 0.12 0.12 0.14 0.11 0.08 0.09 0.08 0.10 0.09 0.11 0.09 0.10 0.09 0.09 0.10 0.12 0.11 0.10 0.14 0.12 0.15 0.12 0.16 0.13
0.39 0.42 0.49 0.52 0.57 0.63 0.69 0.78 0.84 0.48 0.85 0.85 0.85 0.85 0.85 1.42 1.51 1.54 1.64 1.71 1.74 1.83 1.83 1.87 1.92 1.96 1.99 2.02 2.08 2.14 2.18 2.23 2.29 2.39 2.50 2.67 2.82 3.04 3.27 3.54 3.85 4.21 4.59 5.05 5.50 6.01 6.51 7.10 7.66 8.20 8.82 9.34 9.92 10.37 10.83 11.24 11.55 11.81 11.99 12.03 12.02 11.93 11.72 11.45 11.08 10.64 10.15 9.61 9.02 8.44 7.80 7.18 6.55 5.96 5.34 4.79 4.28 3.83 3.35 2.95 2.58 2.30 2.02 1.80 1.62 1.43 1.29 1.20 1.07 1.02 0.96 0.92 0.87 0.86 0.83 0.80 0.77 0.78 0.76 0.76 0.76 0.75 0.73 0.71 0.71 0.69 0.65 0.64 0.63 0.61 0.63 0.59 0.56 0.58 0.56 0.59 0.59 0.59 0.62 0.68 0.73 0.80 0.90 1.04 1.19 1.36 1.58 1.83 2.13 2.49 2.82 3.21 3.60 4.03 4.47 4.88 5.29 5.72 6.04 6.34 6.59 6.78 6.91 6.89 6.90 6.77 6.59 6.32 5.98 5.64 5.26 4.83 4.37 3.93 3.50 3.06 2.69 2.31 1.99 1.68 1.41 1.16 0.98 0.77 0.66 0.55 0.46 0.40 0.27 0.25 0.21 0.15 0.17 0.16 0.12 0.10 0.09 0.11 0.07 0.12 0.12 0.12 0.10 0.11 0.10 0.08 0.08 0.10 0.11 0.09 0.10 0.17 0.11 0.12 0.13 0.13 0.13 0.14 0.15 0.15
0.41 0.45 0.50 0.57 0.60 0.69 0.75 0.46 0.46 0.45 0.45 0.47 0.85 0.85 0.85 1.51 1.63 1.67 1.74 1.82 1.89 1.93 1.98 2.06 2.07 2.15 2.19 2.22 2.30 2.30 2.38 2.43 2.47 2.62 2.71 2.85 2.97 3.19 3.40 3.63 3.94 4.25 4.62 5.03 5.49 5.96 6.46 6.99 7.48 8.02 8.57 9.06 9.56 10.04 10.42 10.77 11.08 11.32 11.45 11.51 11.52 11.37 11.17 10.90 10.55 10.14 9.66 9.14 8.61 8.02 7.40 6.83 6.22 5.65 5.07 4.55 4.05 3.64 3.17 2.78 2.47 2.17 1.91 1.67 1.48 1.34 1.21 1.11 1.00 0.93 0.87 0.85 0.78 0.75 0.75 0.72 0.72 0.67 0.69 0.69 0.69 0.68 0.68 0.64 0.65 0.62 0.60 0.58 0.56 0.58 0.56 0.53 0.54 0.52 0.52 0.54 0.56 0.57 0.59 0.62 0.71 0.78 0.89 0.95 1.16 1.27 1.52 1.79 2.04 2.34 2.67 3.03 3.43 3.85 4.25 4.69 5.02 5.41 5.74 6.03 6.28 6.46 6.54 6.58 6.55 6.41 6.25 5.99 5.71 5.38 4.97 4.57 4.18 3.77 3.34 2.94 2.57 2.21 1.91 1.59 1.38 1.11 0.95 0.77 0.63 0.52 0.44 0.35 0.34 0.26 0.21 0.20 0.16 0.14 0.11 0.11 0.13 0.13 0.10 0.10 0.11 0.11 0.15 0.08 0.12 0.08 0.11 0.11 0.10 0.11 0.10 0.11 0.12 0.12 0.13 0.13 0.13 0.17 0.15 0.14
0.43 0.47 0.53 0.58 0.69 0.73 0.82 0.46 0.45 0.46 0.45 0.47 0.85 0.85 0.85 1.65 1.72 1.81 1.90 2.00 2.05 2.12 2.20 2.26 2.30 2.36 2.40 2.45 2.48 2.52 2.55 2.63 2.72 2.80 2.91 3.02 3.15 3.35 3.53 3.79 4.06 4.35 4.67 5.06 5.49 5.90 6.38 6.84 7.31 7.82 8.33 8.79 9.21 9.67 10.02 10.35 10.61 10.82 10.90 10.97 10.95 10.82 10.59 10.34 10.02 9.65 9.18 8.63 8.13 7.59 7.02 6.42 5.85 5.35 4.79 4.31 3.84 3.39 3.01 2.64 2.35 2.05 1.81 1.58 1.42 1.21 1.13 1.03 0.91 0.81 0.81 0.75 0.72 0.71 0.67 0.67 0.64 0.62 0.64 0.60 0.60 0.61 0.58 0.58 0.60 0.56 0.56 0.53 0.53 0.53 0.53 0.52 0.45 0.48 0.49 0.46 0.51 0.53 0.54 0.58 0.66 0.72 0.81 0.92 1.04 1.24 1.44 1.67 1.91 2.24 2.52 2.88 3.25 3.62 4.02 4.40 4.77 5.08 5.38 5.66 5.91 6.06 6.16 6.20 6.14 6.06 5.90 5.66 5.40 5.06 4.70 4.32 3.94 3.53 3.15 2.78 2.42 2.09 1.80 1.53 1.28 1.07 0.90 0.72 0.64 0.50 0.42 0.33 0.28 0.25 0.22 0.18 0.15 0.16 0.11 0.14 0.14 0.13 0.11 0.11 0.11 0.13 0.10 0.10 0.10 0.14 0.09 0.15 0.13 0.12 0.13 0.10 0.13 0.12 0.15 0.14 0.18 0.14 0.17 0.14
0.44 0.54 0.56 0.63 0.71 0.78 0.46 0.48 0.46 0.47 0.48 0.47 0.47 0.85 0.85 0.85 1.92 2.02 2.11 2.19 2.33 2.38 2.44 2.50 2.57 2.60 2.64 2.70 2.76 2.79 2.85 2.90 2.98 3.05 3.12 3.26 3.38 3.53 3.72 3.94 4.20 4.46 4.77 5.11 5.50 5.90 6.33 6.73 7.18 7.62 8.05 8.50 8.91 9.27 9.63 9.88 10.13 10.30 10.41 10.40 10.39 10.25 10.06 9.81 9.47 9.07 8.65 8.15 7.67 7.16 6.62 6.08 5.55 5.02 4.52 4.05 3.60 3.19 2.84 2.48 2.18 1.89 1.66 1.47 1.32 1.13 1.05 0.95 0.84 0.78 0.75 0.67 0.65 0.60 0.61 0.57 0.57 0.57 0.56 0.54 0.54 0.54 0.53 0.54 0.51 0.50 0.48 0.50 0.50 0.49 0.45 0.48 0.46 0.46 0.45 0.43 0.48 0.51 0.53 0.53 0.61 0.70 0.78 0.87 0.99 1.17 1.32 1.55 1.80 2.05 2.35 2.66 3.01 3.36 3.74 4.07 4.42 4.74 5.04 5.26 5.50 5.63 5.72 5.76 5.73 5.61 5.48 5.25 5.01 4.73 4.39 4.00 3.64 3.30 2.93 2.58 2.26 1.94 1.68 1.43 1.22 1.03 0.84 0.66 0.57 0.48 0.40 0.35 0.29 0.26 0.24 0.17 0.17 0.17 0.15 0.11 0.13 0.14 0.12 0.12 0.11 0.12 0.11 0.11 0.11 0.11 0.10 0.12 0.12 0.14 0.17 0.10 0.13 0.12 0.14 0.14 0.14 0.12 0.18 0.15
0.47 0.55 0.64 0.69 0.77 0.85 0.85 0.47 0.47 0.48 0.47 0.46 0.85 0.85 0.85 2.00 2.11 2.24 2.34 2.47 2.56 2.64 2.71 2.76 2.82 2.92 2.95 3.03 3.05 3.08 3.17 3.19 3.25 3.33 3.41 3.48 3.64 3.77 3.93 4.14 4.32 4.58 4.88 5.19 5.51 5.91 6.26 6.64 7.06 7.47 7.85 8.23 8.58 8.94 9.24 9.52 9.68 9.82 9.91 9.91 9.82 9.71 9.50 9.25 8.92 8.57 8.15 7.69 7.23 6.75 6.22 5.74 5.20 4.71 4.25 3.84 3.41 3.00 2.67 2.34 2.07 1.78 1.57 1.41 1.20 1.10 0.98 0.88 0.77 0.76 0.66 0.65 0.60 0.58 0.54 0.53 0.53 0.51 0.50 0.52 0.47 0.50 0.50 0.47 0.47 0.46 0.45 0.44 0.41 0.44 0.43 0.40 0.42 0.42 0.42 0.44 0.45 0.48 0.52 0.49 0.59 0.64 0.72 0.82 0.96 1.10 1.25 1.44 1.67 1.91 2.22 2.48 2.77 3.07 3.45 3.77 4.06 4.38 4.65 4.89 5.05 5.21 5.28 5.31 5.29 5.21 5.02 4.85 4.61 4.34 4.01 3.72 3.36 3.05 2.69 2.36 2.08 1.79 1.55 1.32 1.10 0.92 0.77 0.64 0.54 0.43 0.40 0.33 0.30 0.22 0.19 0.21 0.16 0.16 0.13 0.14 0.12 0.13 0.10 0.10 0.13 0.13 0.12 0.13 0.12 0.13 0.14 0.11 0.13 0.12 0.10 0.15 0.14 0.15 0.14 0.12 0.15 0.17 0.16 0.18
0.53 0.61 0.67 0.73 0.85 0.85 0.85 0.46 0.46 0.47 0.48 0.46 0.85 0.85 0.85 2.22 2.39 2.48 2.60 2.74 2.88 2.94 3.01 3.11 3.19 3.28 3.28 3.38 3.39 3.46 3.46 3.50 3.58 3.63 3.73 3.79 3.89 4.01 4.13 4.35 4.52 4.72 4.99 5.28 5.57 5.87 6.21 6.58 6.94 7.30 7.67 7.99 8.31 8.64 8.87 9.10 9.23 9.34 9.41 9.41 9.33 9.16 8.97 8.73 8.43 8.07 7.68 7.25 6.80 6.33 5.84 5.36 4.89 4.43 3.98 3.59 3.21 2.83 2.50 2.21 1.94 1.67 1.49 1.31 1.15 1.00 0.89 0.83 0.73 0.67 0.61 0.57 0.55 0.51 0.55 0.51 0.51 0.50 0.46 0.43 0.43 0.46 0.43 0.43 0.45 0.41 0.39 0.38 0.41 0.41 0.39 0.37 0.36 0.39 0.42 0.43 0.45 0.41 0.44 0.50 0.52 0.59 0.71 0.72 0.89 1.00 1.16 1.32 1.51 1.76 1.99 2.27 2.54 2.85 3.14 3.44 3.71 3.97 4.24 4.43 4.62 4.73 4.80 4.83 4.79 4.73 4.60 4.41 4.18 3.94 3.69 3.39 3.08 2.79 2.49 2.18 1.92 1.65 1.42 1.20 1.01 0.86 0.73 0.62 0.53 0.44 0.39 0.32 0.24 0.22 0.21 0.19 0.19 0.15 0.15 0.14 0.12 0.14 0.14 0.12 0.11 0.15 0.15 0.12 0.12 0.13 0.14 0.13 0.12 0.12 0.13 0.13 0.16 0.15 0.14 0.17 0.17 0.16 0.14 0.17
0.58 0.65 0.74 0.82 0.85 0.85 0.85 0.85 0.85 0.46 0.85 0.85 0.85 0.85 0.85 2.50 2.64 2.80 2.92 3.09 3.18 3.29 3.40 3.45 3.56 3.64 3.70 3.76 3.79 3.82 3.84 3.90 3.93 3.97 4.03 4.14 4.20 4.29 4.39 4.53 4.71 4.93 5.13 5.35 5.63 5.92 6.20 6.56 6.84 7.16 7.49 7.78 8.06 8.32 8.57 8.72 8.84 8.93 8.95 8.92 8.83 8.70 8.51 8.24 7.92 7.60 7.20 6.81 6.40 5.93 5.50 5.03 4.60 4.19 3.75 3.38 2.98 2.65 2.33 2.07 1.83 1.61 1.37 1.25 1.09 0.96 0.85 0.75 0.69 0.64 0.58 0.55 0.53 0.48 0.48 0.44 0.44 0.46 0.42 0.41 0.41 0.37 0.42 0.39 0.39 0.39 0.39 0.40 0.37 0.37 0.38 0.36 0.37 0.36 0.37 0.37 0.40 0.39 0.41 0.46 0.53 0.58 0.62 0.68 0.80 0.95 1.06 1.22 1.40 1.58 1.84 2.06 2.31 2.59 2.84 3.12 3.35 3.59 3.83 4.00 4.16 4.26 4.33 4.35 4.30 4.26 4.13 4.00 3.78 3.55 3.30 3.06 2.77 2.51 2.22 2.00 1.73 1.49 1.30 1.13 0.97 0.80 0.67 0.60 0.48 0.40 0.33 0.28 0.29 0.21 0.20 0.18 0.18 0.13 0.16 0.13 0.14 0.13 0.14 0.14 0.13 0.13 0.13 0.14 0.13 0.13 0.13 0.12 0.14 0.13 0.13 0.16 0.17 0.17 0.16 0.18 0.16 0.16 0.18 0.16
0.65 0.72 0.79 0.90 1.02 0.85 0.85 0.85 0.85 0.85 0.85 0.85 0.85 0.85 2.65 2.79 2.94 3.13 3.29 3.43 3.57 3.71 3.80 3.88 4.00 4.05 4.12 4.15 4.20 4.27 4.28 4.28 4.35 4.36 4.36 4.42 4.51 4.58 4.72 4.84 4.97 5.12 5.32 5.51 5.77 6.04 6.27 6.52 6.82 7.07 7.35 7.59 7.83 8.03 8.24 8.38 8.47 8.55 8.54 8.48 8.40 8.22 8.05 7.75 7.51 7.17 6.79 6.41 6.01 5.62 5.17 4.74 4.34 3.92 3.54 3.17 2.81 2.51 2.22 1.97 1.72 1.51 1.34 1.18 1.03 0.92 0.79 0.72 0.65 0.59 0.54 0.53 0.49 0.44 0.44 0.43 0.40 0.42 0.38 0.41 0.38 0.37 0.38 0.37 0.36 0.34 0.38 0.34 0.36 0.33 0.34 0.35 0.34 0.35 0.32 0.37 0.35 0.40 0.39 0.43 0.47 0.50 0.58 0.63 0.71 0.85 1.00 1.12 1.27 1.46 1.66 1.83 2.06 2.30 2.54 2.75 2.97 3.22 3.44 3.57 3.72 3.80 3.86 3.89 3.87 3.79 3.70 3.53 3.39 3.14 2.97 2.74 2.49 2.26 2.03 1.77 1.56 1.36 1.17 1.03 0.85 0.73 0.61 0.54 0.45 0.35 0.34 0.27 0.25 0.20 0.20 0.21 0.17 0.16 0.13 0.13 0.15 0.12 0.14 0.11 0.12 0.13 0.13 0.12 0.13 0.13 0.15 0.13 0.14 0.16 0.14 0.13 0.18 0.15 0.16 0.14 0.18 0.17 0.18 0.17
0.69 0.80 0.88 1.01 1.14 1.27 0.85 0.85 0.85 0.85 0.85 0.85 0.85 2.74 2.92 3.10 3.31 3.50 3.68 3.83 4.01 4.11 4.24 4.32 4.43 4.50 4.60 4.60 4.67 4.68 4.71 4.70 4.73 4.75 4.77 4.81 4.83 4.92 4.98 5.08 5.19 5.35 5.51 5.70 5.91 6.06 6.30 6.56 6.79 7.03 7.27 7.44 7.70 7.84 7.98 8.07 8.14 8.20 8.17 8.08 7.97 7.84 7.62 7.38 7.07 6.74 6.42 6.06 5.64 5.28 4.84 4.47 4.09 3.70 3.31 3.00 2.71 2.40 2.11 1.86 1.63 1.41 1.25 1.10 0.97 0.85 0.74 0.70 0.60 0.56 0.50 0.48 0.45 0.44 0.41 0.38 0.35 0.37 0.35 0.35 0.33 0.36 0.34 0.35 0.33 0.34 0.32 0.33 0.33 0.35 0.31 0.35 0.37 0.33 0.36 0.35 0.36 0.35 0.38 0.41 0.46 0.47 0.52 0.59 0.68 0.78 0.87 1.01 1.13 1.26 1.45 1.65 1.81 2.05 2.26 2.45 2.66 2.84 2.99 3.18 3.27 3.38 3.43 3.44 3.42 3.34 3.26 3.13 2.97 2.81 2.66 2.41 2.19 2.04 1.79 1.58 1.40 1.21 1.06 0.92 0.76 0.65 0.58 0.47 0.45 0.37 0.32 0.28 0.25 0.20 0.18 0.16 0.16 0.14 0.15 0.14 0.17 0.15 0.14 0.13 0.13 0.12 0.15 0.15 0.13 0.15 0.14 0.14 0.16 0.15 0.12 0.15 0.14 0.16 0.16 0.18 0.17 0.19 0.20 0.18
0.75 0.85 0.96 1.10 1.26 1.41 1.57 1.74 1.96 0.85 2.34 2.59 2.79 2.99 3.21 3.47 3.67 3.86 4.10 4.25 4.46 4.59 4.74 4.84 4.92 5.00 5.07 5.10 5.13 5.14 5.14 5.18 5.18 5.14 5.19 5.24 5.24 5.25 5.32 5.41 5.50 5.61 5.74 5.87 6.03 6.22 6.40 6.57 6.78 6.97 7.18 7.38 7.52 7.67 7.76 7.82 7.85 7.87 7.84 7.76 7.62 7.47 7.24 7.02 6.72 6.42 6.10 5.75 5.36 4.99 4.59 4.22 3.82 3.50 3.17 2.83 2.56 2.23 2.00 1.77 1.53 1.35 1.18 1.05 0.93 0.82 0.70 0.66 0.58 0.53 0.49 0.44 0.40 0.41 0.41 0.33 0.35 0.35 0.34 0.32 0.34 0.32 0.33 0.35 0.32 0.29 0.32 0.30 0.32 0.32 0.28 0.31 0.31 0.31 0.33 0.32 0.31 0.34 0.37 0.38 0.40 0.42 0.48 0.55 0.60 0.69 0.75 0.89 1.02 1.16 1.31 1.47 1.64 1.82 1.98 2.16 2.33 2.49 2.65 2.75 2.86 2.94 2.95 3.01 2.97 2.92 2.82 2.75 2.59 2.47 2.29 2.12 1.93 1.73 1.58 1.39 1.25 1.09 0.93 0.80 0.69 0.61 0.52 0.44 0.38 0.33 0.28 0.26 0.22 0.19 0.20 0.20 0.16 0.15 0.15 0.15 0.14 0.15 0.14 0.14 0.15 0.13 0.12 0.15 0.12 0.14 0.15 0.17 0.14 0.11 0.17 0.15 0.16 0.17 0.16 0.15 0.18 0.19 0.16 0.18
0.81 0.96 1.07 1.21 1.38 1.53 1.74 1.94 2.12 2.36 2.61 2.85 3.09 3.35 3.56 3.83 4.07 4.27 4.51 4.74 4.87 5.02 5.21 5.33 5.46 5.51 5.59 5.62 5.63 5.68 5.65 5.68 5.65 5.61 5.62 5.63 5.62 5.60 5.73 5.74 5.80 5.86 5.98 6.10 6.23 6.35 6.53 6.65 6.85 6.99 7.16 7.32 7.41 7.52 7.60 7.67 7.66 7.61 7.58 7.48 7.33 7.15 6.91 6.69 6.43 6.10 5.80 5.44 5.10 4.74 4.38 4.02 3.67 3.32 2.98 2.70 2.43 2.14 1.93 1.67 1.49 1.29 1.13 1.00 0.87 0.75 0.70 0.63 0.54 0.53 0.44 0.42 0.38 0.40 0.34 0.35 0.31 0.32 0.30 0.29 0.31 0.29 0.30 0.32 0.29 0.26 0.32 0.31 0.29 0.29 0.29 0.30 0.29 0.31 0.30 0.29 0.34 0.35 0.34 0.35 0.41 0.40 0.46 0.47 0.57 0.61 0.71 0.80 0.89 1.03 1.15 1.30 1.44 1.60 1.71 1.90 2.06 2.16 2.31 2.42 2.52 2.55 2.56 2.59 2.58 2.55 2.51 2.39 2.27 2.12 2.01 1.83 1.68 1.53 1.39 1.22 1.07 0.96 0.84 0.70 0.61 0.52 0.45 0.40 0.35 0.29 0.32 0.25 0.24 0.18 0.21 0.16 0.18 0.14 0.18 0.17 0.15 0.12 0.15 0.15 0.14 0.18 0.14 0.11 0.16 0.15 0.16 0.15 0.13 0.11 0.16 0.18 0.17 0.15 0.18 0.17 0.17 0.16 0.16 0.18
0.93 1.01 1.17 1.33 1.51 1.70 1.84 2.12 2.38 2.60 2.83 3.12 3.43 3.66 3.96 4.24 4.46 4.71 4.96 5.17 5.38 5.57 5.72 5.85 5.95 6.04 6.12 6.14 6.16 6.18 6.16 6.14 6.14 6.08 6.06 6.07 6.05 6.02 6.01 6.06 6.06 6.16 6.23 6.30 6.41 6.50 6.63 6.77 6.93 7.02 7.13 7.24 7.32 7.42 7.45 7.49 7.49 7.44 7.33 7.22 7.11 6.87 6.67 6.41 6.13 5.86 5.55 5.21 4.84 4.54 4.16 3.82 3.47 3.16 2.87 2.56 2.32 2.03 1.83 1.63 1.42 1.25 1.08 0.96 0.86 0.78 0.67 0.61 0.55 0.49 0.46 0.39 0.39 0.37 0.34 0.33 0.31 0.32 0.30 0.30 0.30 0.30 0.30 0.27 0.27 0.29 0.28 0.30 0.27 0.27 0.25 0.27 0.30 0.26 0.28 0.29 0.33 0.34 0.36 0.34 0.38 0.39 0.42 0.47 0.51 0.57 0.66 0.72 0.83 0.90 1.01 1.16 1.25 1.36 1.49 1.64 1.78 1.87 2.00 2.09 2.19 2.21 2.23 2.22 2.22 2.17 2.10 2.05 1.96 1.87 1.71 1.60 1.48 1.33 1.19 1.08 0.97 0.82 0.71 0.64 0.55 0.51 0.42 0.39 0.32 0.29 0.26 0.24 0.20 0.18 0.19 0.16 0.17 0.17 0.15 0.14 0.14 0.14 0.14 0.13 0.14 0.13 0.14 0.15 0.15 0.15 0.16 0.19 0.12 0.16 0.15 0.15 0.19 0.18 0.17 0.15 0.17 0.17 0.17 0.21
0.95 1.08 1.25 1.43 1.64 1.83 2.08 2.31 2.58 2.84 3.12 3.41 3.73 3.99 4.34 4.61 4.91 5.18 5.42 5.66 5.91 6.12 6.26 6.43 6.52 6.60 6.68 6.70 6.71 6.71 6.67 6.65 6.65 6.56 6.52 6.48 6.45 6.43 6.43 6.39 6.42 6.41 6.49 6.56 6.62 6.74 6.80 6.88 7.00 7.09 7.16 7.24 7.30 7.34 7.37 7.36 7.33 7.25 7.16 7.03 6.88 6.68 6.42 6.19 5.95 5.64 5.30 4.98 4.65 4.33 4.01 3.67 3.36 3.05 2.74 2.47 2.21 1.97 1.77 1.54 1.33 1.20 1.07 0.94 0.83 0.70 0.68 0.57 0.52 0.45 0.44 0.40 0.39 0.35 0.31 0.32 0.32 0.29 0.29 0.29 0.29 0.28 0.28 0.29 0.29 0.26 0.26 0.25 0.27 0.26 0.27 0.28 0.26 0.27 0.27 0.30 0.29 0.31 0.32 0.31 0.35 0.36 0.40 0.43 0.49 0.52 0.57 0.63 0.71 0.79 0.89 0.99 1.11 0.85 1.30 1.42 1.50 1.61 1.70 1.78 1.84 1.89 1.88 1.92 1.91 1.86 1.81 1.75 1.67 1.59 1.48 1.35 1.27 1.15 1.07 0.94 0.83 0.73 0.67 0.57 0.52 0.44 0.38 0.34 0.33 0.28 0.20 0.23 0.23 0.20 0.16 0.16 0.16 0.15 0.15 0.16 0.17 0.14 0.13 0.12 0.17 0.15 0.15 0.12 0.15 0.13 0.14 0.17 0.16 0.16 0.15 0.14 0.16 0.18 0.16 0.17 0.16 0.19 0.20 0.19
1.06 1.17 1.38 1.56 1.77 1.99 2.24 2.53 2.78 3.08 3.40 3.72 4.04 4.37 4.69 5.04 5.34 5.63 5.91 6.16 6.42 6.62 6.83 6.97 7.08 7.19 7.24 7.27 7.23 7.31 7.24 7.18 7.13 7.08 7.02 6.94 6.88 6.84 6.82 6.76 6.77 6.74 6.75 6.80 6.87 6.92 6.96 7.04 7.11 7.14 7.24 7.27 7.31 7.32 7.29 7.28 7.21 7.13 7.03 6.89 6.70 6.49 6.24 6.00 5.75 5.47 5.12 4.82 4.52 4.22 3.86 3.53 3.25 2.94 2.67 2.38 2.18 1.92 1.70 1.52 1.33 1.19 1.06 0.91 0.81 0.70 0.64 0.57 0.50 0.44 0.40 0.38 0.35 0.32 0.30 0.29 0.30 0.29 0.27 0.27 0.30 0.26 0.24 0.28 0.26 0.23 0.26 0.26 0.23 0.25 0.28 0.27 0.26 0.24 0.27 0.27 0.31 0.27 0.30 0.32 0.31 0.30 0.39 0.38 0.46 0.48 0.55 0.59 0.61 0.71 0.80 0.85 0.85 0.85 0.85 0.85 0.85 1.36 1.45 1.51 1.58 1.61 1.65 1.62 1.62 1.58 1.54 1.48 1.43 1.34 1.27 1.15 1.05 0.98 0.86 0.79 0.71 0.66 0.58 0.53 0.46 0.38 0.34 0.34 0.29 0.24 0.23 0.25 0.22 0.19 0.20 0.15 0.17 0.15 0.14 0.19 0.17 0.12 0.14 0.17 0.16 0.13 0.16 0.15 0.15 0.15 0.16 0.17 0.15 0.19 0.13 0.15 0.18 0.16 0.15 0.16 0.18 0.15 0.18 0.19
1.11 1.31 1.49 1.70 1.90 2.16 2.43 2.70 3.03 3.35 3.68 4.03 4.36 4.73 5.09 5.44 5.77 6.13 6.43 6.71 6.93 7.15 7.39 7.51 7.69 7.74 7.85 7.84 7.85 7.82 7.80 7.71 7.64 7.56 7.48 7.42 7.31 7.25 7.17 7.12 7.11 7.09 7.08 7.06 7.09 7.14 7.14 7.19 7.23 7.29 7.30 7.34 7.35 7.32 7.30 7.24 7.13 7.05 6.89 6.79 6.60 6.36 6.14 5.84 5.58 5.31 4.99 4.70 4.39 4.08 3.75 3.46 3.16 2.88 2.60 2.35 2.09 1.88 1.67 1.49 1.34 1.13 1.02 0.90 0.80 0.69 0.63 0.55 0.51 0.45 0.40 0.39 0.36 0.34 0.28 0.29 0.28 0.26 0.27 0.23 0.26 0.26 0.25 0.23 0.22 0.25 0.26 0.27 0.24 0.26 0.26 0.25 0.29 0.27 0.28 0.30 0.31 0.29 0.29 0.31 0.29 0.35 0.34 0.36 0.42 0.41 0.47 0.48 0.57 0.63 0.69 0.74 0.81 0.85 0.85 0.85 0.85 0.85 1.23 1.27 1.35 1.36 1.34 1.40 1.35 1.34 1.30 1.24 1.20 1.11 1.07 0.99 0.92 0.83 0.77 0.71 0.63 0.56 0.50 0.46 0.43 0.36 0.32 0.27 0.25 0.26 0.24 0.21 0.18 0.18 0.19 0.18 0.17 0.14 0.17 0.18 0.17 0.14 0.15 0.16 0.14 0.15 0.16 0.15 0.16 0.15 0.16 0.12 0.16 0.18 0.17 0.17 0.16 0.19 0.16 0.18 0.21 0.17 0.19 0.19
1.18 1.36 1.54 1.77 2.01 2.33 2.61 2.92 3.23 3.61 3.96 4.34 4.70 5.11 5.47 5.88 6.22 6.55 6.90 7.18 7.44 7.71 7.90 8.07 8.22 8.33 8.38 8.40 8.41 8.36 8.32 8.24 8.18 8.07 7.97 7.85 7.75 7.67 7.55 7.44 7.42 7.38 7.35 7.33 7.31 7.31 7.30 7.36 7.37 7.41 7.37 7.40 7.40 7.33 7.29 7.21 7.13 7.00 6.87 6.68 6.50 6.23 6.02 5.77 5.48 5.15 4.90 4.58 4.29 3.98 3.64 3.37 3.10 2.80 2.52 2.26 2.05 1.84 1.62 1.47 1.27 1.12 0.98 0.88 0.79 0.69 0.64 0.56 0.50 0.46 0.40 0.36 0.36 0.33 0.29 0.28 0.27 0.27 0.26 0.26 0.25 0.24 0.25 0.23 0.25 0.25 0.28 0.24 0.25 0.24 0.24 0.26 0.24 0.27 0.24 0.25 0.26 0.27 0.28 0.27 0.29 0.32 0.35 0.34 0.38 0.40 0.42 0.49 0.49 0.57 0.60 0.66 0.71 0.48 0.84 0.85 0.85 0.85 0.85 1.10 1.10 1.13 1.15 1.13 1.18 1.14 1.09 1.08 0.99 0.96 0.92 0.85 0.79 0.73 0.69 0.61 0.57 0.50 0.47 0.41 0.37 0.36 0.31 0.28 0.22 0.24 0.24 0.21 0.16 0.19 0.19 0.18 0.15 0.15 0.17 0.15 0.17 0.17 0.17 0.18 0.16 0.16 0.18 0.16 0.15 0.14 0.17 0.16 0.13 0.16 0.16 0.19 0.18 0.18 0.16 0.18 0.19 0.19 0.21 0.19
1.26 1.47 1.67 1.92 2.20 2.48 2.77 3.14 3.49 3.83 4.24 4.62 5.01 5.44 5.88 6.25 6.65 7.03 7.39 7.69 7.99 8.29 8.45 8.65 8.79 8.87 8.95 8.99 8.94 8.93 8.85 8.73 8.65 8.56 8.39 8.28 8.12 8.05 7.94 7.82 7.75 7.66 7.63 7.58 7.57 7.53 7.54 7.50 7.48 7.50 7.47 7.46 7.46 7.38 7.30 7.23 7.11 6.97 6.81 6.64 6.44 6.18 5.96 5.66 5.40 5.10 4.81 4.52 4.22 3.89 3.58 3.30 3.01 2.78 2.49 2.25 1.99 1.82 1.61 1.43 1.25 1.12 1.01 0.89 0.78 0.65 0.61 0.55 0.46 0.47 0.41 0.36 0.34 0.31 0.31 0.29 0.24 0.24 0.29 0.25 0.24 0.23 0.24 0.25 0.26 0.23 0.25 0.24 0.23 0.21 0.25 0.27 0.23 0.25 0.25 0.25 0.24 0.28 0.28 0.28 0.31 0.30 0.33 0.34 0.34 0.37 0.38 0.42 0.48 0.50 0.51 0.46 0.45 0.45 0.45 0.46 0.79 0.85 0.85 0.92 0.95 0.97 0.95 1.00 0.94 0.96 0.94 0.90 0.87 0.81 0.79 0.73 0.70 0.62 0.57 0.50 0.50 0.43 0.41 0.36 0.34 0.31 0.28 0.24 0.24 0.24 0.18 0.20 0.19 0.18 0.18 0.20 0.20 0.15 0.17 0.15 0.16 0.15 0.17 0.20 0.17 0.17 0.15 0.15 0.16 0.15 0.15 0.16 0.14 0.16 0.17 0.17 0.15 0.18 0.16 0.19 0.17 0.21 0.18 0.17
1.33 1.54 1.78 2.03 2.33 2.61 2.96 3.32 3.70 4.09 4.50 4.93 5.33 5.79 6.24 6.65 7.06 7.48 7.81 8.20 8.51 8.78 8.99 9.18 9.33 9.41 9.47 9.49 9.50 9.43 9.37 9.24 9.14 8.98 8.86 8.70 8.56 8.43 8.31 8.14 8.05 7.96 7.91 7.85 7.76 7.73 7.73 7.67 7.64 7.63 7.59 7.53 7.49 7.40 7.35 7.24 7.12 6.97 6.81 6.58 6.39 6.13 5.89 5.63 5.35 5.04 4.74 4.46 4.16 3.85 3.53 3.27 2.96 2.70 2.45 2.22 2.00 1.78 1.57 1.43 1.25 1.11 1.01 0.88 0.77 0.70 0.62 0.53 0.51 0.46 0.41 0.38 0.32 0.29 0.29 0.28 0.24 0.25 0.24 0.27 0.22 0.25 0.22 0.22 0.22 0.24 0.23 0.20 0.25 0.24 0.23 0.24 0.25 0.22 0.25 0.26 0.24 0.26 0.26 0.27 0.29 0.29 0.30 0.32 0.33 0.34 0.38 0.40 0.45 0.42 0.48 0.47 0.47 0.45 0.45 0.46 0.68 0.74 0.77 0.77 0.81 0.82 0.81 0.81 0.82 0.79 0.79 0.76 0.72 0.72 0.65 0.62 0.62 0.55 0.51 0.48 0.44 0.38 0.38 0.34 0.29 0.29 0.27 0.27 0.22 0.21 0.26 0.19 0.20 0.19 0.22 0.19 0.17 0.20 0.17 0.15 0.15 0.17 0.18 0.17 0.17 0.18 0.14 0.16 0.18 0.16 0.14 0.19 0.19 0.18 0.16 0.19 0.19 0.16 0.18 0.20 0.19 0.18 0.19 0.17
1.42 1.61 1.87 2.12 2.45 2.77 3.11 3.52 3.90 4.32 4.75 5.22 5.68 6.12 6.58 7.02 7.45 7.89 8.29 8.64 8.97 9.26 9.49 9.69 9.84 9.95 10.00 10.02 9.97 9.93 9.84 9.71 9.58 9.42 9.24 9.08 8.92 8.74 8.62 8.48 8.35 8.24 8.14 8.08 7.95 7.94 7.85 7.85 7.78 7.73 7.70 7.63 7.55 7.48 7.37 7.25 7.13 6.95 6.77 6.55 6.36 6.12 5.86 5.58 5.30 4.99 4.71 4.42 4.11 3.81 3.52 3.25 2.93 2.71 2.44 2.20 1.97 1.76 1.58 1.42 1.27 1.09 0.97 0.87 0.78 0.69 0.62 0.54 0.46 0.43 0.40 0.33 0.31 0.31 0.31 0.27 0.23 0.27 0.27 0.24 0.23 0.24 0.21 0.19 0.24 0.25 0.22 0.21 0.24 0.23 0.23 0.24 0.23 0.25 0.22 0.23 0.26 0.27 0.28 0.29 0.27 0.29 0.29 0.29 0.31 0.34 0.32 0.36 0.35 0.38 0.40 0.47 0.45 0.45 0.46 0.48 0.46 0.62 0.64 0.67 0.68 0.70 0.72 0.69 0.68 0.67 0.67 0.66 0.63 0.61 0.55 0.52 0.49 0.47 0.45 0.43 0.40 0.35 0.33 0.32 0.31 0.28 0.24 0.24 0.21 0.25 0.18 0.19 0.18 0.19 0.18 0.15 0.17 0.20 0.21 0.16 0.15 0.16 0.15 0.15 0.18 0.15 0.16 0.17 0.15 0.16 0.18 0.15 0.14 0.17 0.18 0.16 0.18 0.19 0.16 0.19 0.19 0.17 0.20 0.19
1.47 1.69 1.98 2.25 2.56 2.90 3.26 3.66 4.08 4.52 4.98 5.47 5.91 6.44 6.89 7.38 7.81 8.26 8.68 9.03 9.41 9.73 9.96 10.15 10.29 10.43 10.48 10.50 10.46 10.36 10.29 10.16 9.99 9.81 9.65 9.46 9.25 9.12 8.91 8.75 8.59 8.52 8.39 8.25 8.17 8.12 8.04 7.97 7.91 7.84 7.77 7.74 7.63 7.53 7.41 7.27 7.13 6.95 6.77 6.58 6.34 6.10 5.84 5.57 5.25 4.97 4.66 4.36 4.10 3.80 3.47 3.22 2.94 2.65 2.41 2.20 1.95 1.74 1.59 1.37 1.24 1.14 1.00 0.88 0.76 0.70 0.61 0.54 0.50 0.43 0.40 0.34 0.35 0.32 0.27 0.27 0.26 0.26 0.21 0.23 0.23 0.23 0.23 0.22 0.21 0.24 0.20 0.24 0.25 0.23 0.23 0.24 0.23 0.23 0.24 0.25 0.25 0.22 0.25 0.26 0.26 0.26 0.31 0.27 0.29 0.32 0.32 0.34 0.36 0.39 0.40 0.44 0.44 0.47 0.47 0.46 0.50 0.54 0.57 0.57 0.60 0.59 0.59 0.61 0.57 0.57 0.56 0.55 0.52 0.49 0.50 0.45 0.43 0.44 0.38 0.38 0.35 0.31 0.29 0.29 0.27 0.26 0.23 0.23 0.18 0.20 0.18 0.16 0.19 0.20 0.18 0.16 0.17 0.20 0.19 0.15 0.18 0.16 0.20 0.17 0.16 0.16 0.17 0.16 0.17 0.16 0.20 0.19 0.17 0.14 0.18 0.15 0.21 0.18 0.15 0.18 0.17 0.19 0.20 0.20
1.53 1.79 2.03 2.34 2.68 3.03 3.40 3.82 4.25 4.73 5.21 5.68 6.20 6.72 7.21 7.69 8.18 8.62 9.10 9.42 9.82 10.13 10.38 10.58 10.73 10.82 10.90 10.92 10.87 10.79 10.68 10.53 10.37 10.18 9.99 9.77 9.59 9.37 9.17 9.03 8.84 8.69 8.58 8.44 8.32 8.25 8.17 8.11 8.04 7.97 7.90 7.82 7.70 7.61 7.44 7.32 7.16 7.00 6.79 6.58 6.32 6.07 5.84 5.56 5.27 4.97 4.67 4.35 4.06 3.78 3.48 3.16 2.92 2.67 0.85 2.14 1.98 1.79 1.55 1.41 1.25 1.10 0.99 0.89 0.77 0.68 0.60 0.53 0.48 0.42 0.39 0.34 0.33 0.28 0.23 0.27 0.23 0.25 0.24 0.22 0.22 0.21 0.23 0.24 0.23 0.21 0.24 0.21 0.20 0.23 0.21 0.23 0.23 0.25 0.23 0.27 0.26 0.25 0.22 0.24 0.25 0.28 0.25 0.29 0.28 0.26 0.29 0.31 0.32 0.36 0.35 0.37 0.38 0.42 0.43 0.43 0.45 0.47 0.52 0.49 0.50 0.52 0.52 0.49 0.53 0.51 0.52 0.47 0.45 0.43 0.42 0.42 0.37 0.38 0.34 0.31 0.30 0.31 0.30 0.27 0.27 0.24 0.22 0.21 0.21 0.21 0.20 0.17 0.20 0.17 0.20 0.16 0.17 0.19 0.15 0.19 0.17 0.14 0.19 0.19 0.14 0.17 0.18 0.17 0.16 0.16 0.15 0.17 0.16 0.16 0.15 0.18 0.17 0.16 0.17 0.19 0.19 0.20 0.20 0.20
1.56 1.84 2.08 2.42 2.76 3.10 3.53 3.96 4.41 4.89 5.39 5.88 6.42 6.95 7.45 7.98 8.47 8.93 9.38 9.79 10.13 10.45 10.76 10.98 11.11 11.23 11.28 11.29 11.21 11.14 11.05 10.86 10.69 10.50 10.26 10.07 9.85 9.64 9.41 9.21 9.07 8.90 8.73 8.62 8.51 8.37 8.30 8.20 8.11 8.03 7.95 7.86 7.74 7.59 7.49 7.35 7.18 7.00 6.80 6.56 6.34 6.08 5.83 5.54 5.23 4.94 4.64 4.34 4.05 3.74 3.47 0.85 0.85 0.85 0.85 0.85 0.85 0.85 1.56 1.39 1.23 1.14 1.00 0.89 0.79 0.69 0.59 0.53 0.46 0.41 0.40 0.36 0.32 0.29 0.29 0.24 0.22 0.24 0.23 0.23 0.21 0.21 0.20 0.23 0.21 0.22 0.23 0.21 0.26 0.23 0.22 0.23 0.20 0.23 0.26 0.21 0.26 0.23 0.25 0.23 0.27 0.27 0.26 0.26 0.28 0.27 0.29 0.30 0.31 0.30 0.32 0.34 0.39 0.37 0.38 0.39 0.40 0.42 0.45 0.43 0.44 0.45 0.43 0.44 0.46 0.44 0.43 0.46 0.40 0.39 0.36 0.38 0.36 0.34 0.32 0.33 0.30 0.24 0.27 0.24 0.23 0.25 0.22 0.22 0.22 0.21 0.20 0.20 0.18 0.21 0.18 0.18 0.19 0.16 0.18 0.20 0.20 0.18 0.14 0.16 0.16 0.17 0.15 0.17 0.19 0.15 0.17 0.15 0.17 0.17 0.16 0.22 0.18 0.17 0.17 0.15 0.18 0.18 0.20 0.22
1.62 1.88 2.20 2.49 2.84 3.24 3.61 4.07 4.54 5.05 5.54 6.10 6.63 7.14 7.70 8.22 8.72 9.20 9.64 10.08 10.42 10.76 11.03 11.25 11.44 11.54 11.58 11.60 11.51 11.47 11.27 11.13 10.95 10.73 10.54 10.28 10.04 9.81 9.59 9.39 9.21 9.03 8.89 8.69 8.60 8.48 8.39 8.29 8.17 8.09 7.97 7.89 7.78 7.68 7.50 7.38 7.21 7.02 6.77 6.58 6.31 6.09 5.80 5.52 5.23 4.94 4.62 4.32 4.04 3.74 0.85 0.85 0.85 0.85 0.85 0.85 0.85 0.85 0.85 1.40 1.26 1.14 1.00 0.86 0.77 0.68 0.61 0.54 0.49 0.45 0.39 0.35 0.33 0.33 0.28 0.29 0.24 0.25 0.23 0.25 0.22 0.21 0.21 0.24 0.21 0.20 0.20 0.22 0.19 0.20 0.23 0.23 0.22 0.23 0.22 0.24 0.22 0.21 0.23 0.25 0.25 0.26 0.27 0.24 0.29 0.29 0.28 0.29 0.32 0.28 0.32 0.33 0.33 0.34 0.34 0.37 0.39 0.38 0.40 0.39 0.39 0.40 0.40 0.41 0.39 0.37 0.36 0.38 0.38 0.38 0.36 0.34 0.35 0.29 0.33 0.27 0.29 0.27 0.28 0.27 0.25 0.25 0.22 0.22 0.19 0.21 0.18 0.19 0.16 0.21 0.18 0.18 0.15 0.18 0.19 0.13 0.15 0.15 0.18 0.17 0.17 0.18 0.14 0.15 0.18 0.18 0.16 0.20 0.18 0.17 0.18 0.16 0.17 0.18 0.21 0.20 0.17 0.20 0.18 0.22
1.66 1.92 2.23 2.55 2.89 3.30 3.71 4.16 4.64 5.16 5.70 6.21 6.75 7.31 7.85 8.39 8.92 9.41 9.86 10.32 10.68 11.02 11.30 11.48 11.67 11.79 11.83 11.83 11.78 11.69 11.53 11.36 11.17 10.92 10.71 10.47 10.23 10.01 9.76 9.55 9.33 9.14 8.97 8.81 8.68 8.56 8.43 8.32 8.24 8.12 8.02 7.91 7.80 7.67 7.52 7.32 7.17 6.98 6.78 6.54 6.32 6.04 5.77 5.49 5.23 4.94 4.63 4.32 4.06 0.85 0.85 0.85 0.85 0.85 0.47 0.85 0.85 0.85 0.85 0.85 1.28 1.12 1.00 0.86 0.80 0.71 0.59 0.53 0.51 0.42 0.39 0.35 0.33 0.33 0.28 0.27 0.24 0.25 0.23 0.24 0.24 0.17 0.20 0.19 0.21 0.22 0.21 0.19 0.20 0.21 0.21 0.22 0.21 0.22 0.23 0.22 0.25 0.20 0.22 0.24 0.26 0.24 0.26 0.24 0.24 0.26 0.26 0.28 0.29 0.28 0.30 0.26 0.32 0.33 0.30 0.36 0.33 0.34 0.37 0.36 0.34 0.37 0.39 0.37 0.33 0.37 0.34 0.32 0.34 0.32 0.33 0.34 0.31 0.31 0.27 0.25 0.24 0.24 0.28 0.28 0.23 0.24 0.21 0.24 0.20 0.18 0.21 0.21 0.21 0.19 0.20 0.18 0.17 0.18 0.18 0.17 0.19 0.20 0.17 0.15 0.18 0.16 0.16 0.16 0.16 0.17 0.16 0.16 0.18 0.15 0.18 0.17 0.18 0.16 0.17 0.17 0.19 0.21 0.18 0.22
1.67 1.94 2.26 2.57 2.94 3.36 3.77 4.21 4.77 5.22 5.75 6.29 6.86 7.43 7.98 8.58 9.05 9.57 10.03 10.48 10.85 11.19 11.50 11.68 11.84 11.95 12.03 12.01 11.94 11.86 11.69 11.51 11.31 11.05 10.83 10.61 10.33 10.07 9.87 9.65 9.38 9.19 9.05 8.90 8.71 8.57 8.46 8.34 8.20 8.13 8.03 7.92 7.81 7.66 7.52 7.37 7.15 6.98 6.74 6.58 6.28 6.05 5.77 5.50 5.20 4.93 4.62 4.33 4.02 0.85 0.85 0.85 0.46 0.45 0.48 0.46 0.48 0.85 0.85 0.85 1.27 1.14 0.98 0.89 0.79 0.68 0.63 0.53 0.51 0.45 0.41 0.35 0.33 0.30 0.27 0.24 0.25 0.22 0.27 0.22 0.21 0.20 0.20 0.21 0.22 0.21 0.21 0.22 0.22 0.21 0.22 0.23 0.20 0.22 0.20 0.22 0.20 0.21 0.21 0.23 0.22 0.24 0.24 0.26 0.26 0.25 0.30 0.28 0.32 0.28 0.29 0.29 0.31 0.32 0.26 0.32 0.30 0.30 0.31 0.35 0.34 0.35 0.30 0.32 0.31 0.34 0.34 0.33 0.29 0.30 0.31 0.29 0.28 0.27 0.30 0.26 0.27 0.25 0.25 0.23 0.20 0.24 0.23 0.22 0.21 0.20 0.18 0.20 0.19 0.17 0.19 0.20 0.19 0.18 0.18 0.18 0.17 0.16 0.17 0.18 0.17 0.16 0.17 0.17 0.14 0.19 0.19 0.17 0.17 0.15 0.18 0.20 0.18 0.18 0.18 0.18 0.19 0.18 0.19 0.18
1.72 1.99 2.32 2.62 2.98 3.37 3.80 4.30 4.79 5.29 5.81 6.37 6.93 7.55 8.06 8.62 9.17 9.67 10.12 10.59 10.96 11.27 11.58 11.80 11.99 12.08 12.11 12.10 12.04 11.94 11.77 11.58 11.40 11.14 10.91 10.66 10.38 10.10 9.88 9.69 9.44 9.23 9.05 8.89 8.73 8.59 8.47 8.33 8.25 8.13 7.98 7.92 7.77 7.61 7.45 7.33 7.17 6.95 6.74 6.50 6.30 6.01 5.70 5.47 5.17 4.87 4.58 4.30 4.04 0.85 0.85 0.85 0.47 0.46 0.48 0.45 0.47 0.85 0.85 0.85 1.28 1.13 1.00 0.86 0.81 0.69 0.64 0.55 0.49 0.42 0.38 0.36 0.34 0.30 0.29 0.26 0.25 0.23 0.21 0.22 0.20 0.22 0.21 0.21 0.21 0.17 0.19 0.21 0.19 0.22 0.21 0.22 0.23 0.24 0.21 0.24 0.22 0.21 0.23 0.24 0.24 0.23 0.27 0.25 0.26 0.25 0.25 0.25 0.28 0.27 0.28 0.26 0.26 0.31 0.28 0.30 0.27 0.31 0.30 0.35 0.31 0.32 0.32 0.29 0.32 0.30 0.30 0.30 0.31 0.30 0.30 0.28 0.29 0.28 0.28 0.23 0.22 0.23 0.23 0.22 0.22 0.21 0.24 0.19 0.21 0.20 0.23 0.21 0.19 0.23 0.17 0.19 0.18 0.21 0.16 0.16 0.19 0.16 0.19 0.17 0.17 0.17 0.20 0.18 0.17 0.18 0.15 0.17 0.19 0.16 0.18 0.17 0.17 0.21 0.19 0.17 0.18 0.18 0.19 0.18
1.72 1.97 2.29 2.63 3.00 3.38 3.82 4.30 4.80 5.32 5.86 6.37 6.95 7.52 8.09 8.66 9.19 9.69 10.18 10.64 10.99 11.32 11.64 11.83 12.00 12.07 12.13 12.14 12.09 11.95 11.79 11.59 11.38 11.15 10.90 10.65 10.40 10.13 9.85 9.62 9.42 9.21 9.02 8.83 8.66 8.54 8.42 8.29 8.19 8.09 7.97 7.83 7.70 7.60 7.44 7.28 7.09 6.90 6.70 6.46 6.21 5.96 5.73 5.43 5.14 4.89 4.56 4.29 0.85 0.85 0.85 0.47 0.46 0.47 0.46 0.46 0.48 0.46 0.85 0.85 0.85 1.13 0.98 0.88 0.79 0.69 0.62 0.56 0.50 0.43 0.40 0.36 0.29 0.31 0.28 0.26 0.22 0.23 0.24 0.22 0.19 0.19 0.22 0.21 0.19 0.21 0.24 0.23 0.22 0.20 0.20 0.22 0.19 0.23 0.22 0.20 0.20 0.24 0.23 0.23 0.28 0.25 0.26 0.21 0.27 0.26 0.24 0.26 0.26 0.30 0.25 0.26 0.31 0.29 0.30 0.27 0.28 0.28 0.32 0.28 0.32 0.29 0.28 0.29 0.28 0.31 0.29 0.28 0.30 0.28 0.30 0.26 0.25 0.27 0.22 0.25 0.26 0.22 0.24 0.24 0.23 0.22 0.23 0.22 0.24 0.21 0.21 0.17 0.17 0.17 0.20 0.19 0.20 0.21 0.18 0.18 0.16 0.21 0.18 0.19 0.18 0.17 0.17 0.15 0.19 0.16 0.19 0.17 0.16 0.17 0.16 0.17 0.20 0.19 0.18 0.18 0.17 0.20 0.18 0.24
1.71 1.97 2.31 2.63 2.99 3.38 3.82 4.29 4.78 5.29 5.84 6.37 6.97 7.51 8.08 8.64 9.13 9.68 10.13 10.58 10.96 11.27 11.57 11.77 11.92 12.04 12.07 12.08 11.99 11.88 11.77 11.53 11.32 11.10 10.85 10.60 10.31 10.06 9.84 9.58 9.35 9.12 8.94 8.77 8.61 8.49 8.36 8.22 8.14 7.98 7.88 7.78 7.65 7.54 7.38 7.23 7.04 6.85 6.65 6.42 6.18 5.92 5.68 5.41 5.12 4.85 4.55 4.28 3.98 0.85 0.85 0.85 0.47 0.46 0.47 0.46 0.47 0.85 0.85 0.85 1.26 1.15 1.01 0.90 0.80 0.73 0.61 0.55 0.51 0.41 0.40 0.37 0.32 0.30 0.27 0.26 0.26 0.22 0.24 0.19 0.19 0.22 0.20 0.22 0.21 0.18 0.19 0.22 0.20 0.21 0.19 0.19 0.19 0.23 0.22 0.23 0.23 0.21 0.24 0.26 0.21 0.25 0.25 0.23 0.24 0.27 0.26 0.27 0.22 0.25 0.28 0.28 0.26 0.27 0.29 0.27 0.28 0.26 0.28 0.27 0.32 0.25 0.25 0.29 0.27 0.27 0.27 0.26 0.26 0.25 0.28 0.28 0.27 0.25 0.23 0.25 0.24 0.23 0.26 0.22 0.23 0.25 0.22 0.21 0.24 0.24 0.21 0.22 0.20 0.20 0.19 0.22 0.19 0.17 0.17 0.20 0.17 0.20 0.16 0.18 0.18 0.17 0.16 0.15 0.14 0.14 0.17 0.15 0.19 0.18 0.18 0.18 0.17 0.21 0.20 0.20 0.18 0.21 0.17 0.22
1.70 1.98 2.27 2.60 2.95 3.36 3.82 4.26 4.73 5.25 5.80 6.34 6.87 7.44 7.99 8.56 9.08 9.58 10.01 10.46 10.86 11.18 11.46 11.68 11.80 11.93 11.98 11.94 11.89 11.77 11.63 11.43 11.23 10.97 10.74 10.45 10.23 9.95 9.70 9.44 9.23 9.03 8.86 8.68 8.51 8.37 8.24 8.13 8.02 7.91 7.78 7.67 7.57 7.44 7.31 7.15 6.97 6.78 6.59 6.37 6.14 5.89 5.63 5.37 5.07 4.81 4.51 4.25 3.96 0.85 0.85 0.85 0.46 0.48 0.45 0.47 0.46 0.85 0.85 0.85 1.26 1.14 1.02 0.89 0.82 0.72 0.62 0.58 0.48 0.46 0.38 0.36 0.33 0.31 0.26 0.26 0.25 0.23 0.25 0.22 0.21 0.16 0.20 0.20 0.19 0.20 0.19 0.18 0.19 0.18 0.19 0.19 0.20 0.22 0.23 0.22 0.21 0.19 0.21 0.24 0.25 0.24 0.26 0.23 0.24 0.26 0.24 0.30 0.26 0.27 0.27 0.28 0.27 0.27 0.26 0.27 0.25 0.27 0.32 0.26 0.28 0.27 0.27 0.28 0.30 0.25 0.25 0.29 0.28 0.26 0.24 0.26 0.27 0.26 0.24 0.25 0.26 0.24 0.23 0.26 0.24 0.22 0.23 0.21 0.23 0.21 0.21 0.23 0.18 0.21 0.22 0.20 0.19 0.19 0.17 0.18 0.20 0.16 0.17 0.17 0.17 0.18 0.19 0.15 0.16 0.19 0.16 0.17 0.16 0.20 0.18 0.17 0.21 0.19 0.19 0.19 0.22 0.20 0.19 0.19
1.67 1.97 2.24 2.58 2.91 3.34 3.76 4.20 4.68 5.15 5.70 6.25 6.78 7.32 7.86 8.41 8.93 9.42 9.87 10.28 10.65 10.97 11.26 11.45 11.64 11.69 11.75 11.77 11.68 11.60 11.45 11.23 11.03 10.80 10.55 10.30 10.04 9.78 9.53 9.30 9.09 8.88 8.69 8.54 8.40 8.28 8.14 8.04 7.92 7.80 7.71 7.60 7.47 7.35 7.21 7.04 6.91 6.73 6.53 6.28 6.10 5.86 5.57 5.32 5.07 4.76 4.49 4.23 3.95 0.85 0.85 0.85 0.85 0.85 0.48 0.85 0.85 0.85 0.85 0.85 1.31 1.14 1.04 0.94 0.81 0.72 0.63 0.59 0.50 0.45 0.41 0.40 0.35 0.34 0.26 0.22 0.24 0.22 0.20 0.19 0.21 0.19 0.19 0.19 0.17 0.19 0.18 0.18 0.20 0.22 0.19 0.18 0.19 0.20 0.19 0.21 0.20 0.22 0.24 0.23 0.26 0.22 0.25 0.25 0.25 0.27 0.24 0.26 0.25 0.27 0.27 0.26 0.27 0.25 0.26 0.29 0.26 0.29 0.28 0.26 0.29 0.27 0.26 0.28 0.28 0.29 0.29 0.28 0.28 0.26 0.26 0.24 0.27 0.27 0.26 0.25 0.26 0.25 0.26 0.21 0.25 0.25 0.26 0.25 0.21 0.22 0.21 0.21 0.20 0.22 0.21 0.17 0.21 0.21 0.20 0.18 0.16 0.18 0.16 0.16 0.17 0.19 0.18 0.14 0.16 0.16 0.16 0.17 0.12 0.17 0.16 0.19 0.19 0.18 0.17 0.18 0.17 0.18 0.18 0.19
1.66 1.92 2.22 2.55 2.88 3.28 3.66 4.08 4.58 5.11 5.61 6.10 6.64 7.18 7.70 8.23 8.73 9.20 9.69 10.07 10.44 10.75 11.00 11.21 11.36 11.47 11.49 11.48 11.41 11.33 11.14 11.02 10.78 10.57 10.30 10.07 9.81 9.58 9.33 9.15 8.88 8.67 8.53 8.36 8.23 8.09 7.96 7.88 7.76 7.68 7.56 7.44 7.36 7.24 7.08 6.95 6.78 6.61 6.45 6.25 6.01 5.80 5.55 5.31 5.03 4.76 4.49 4.19 3.93 3.66 0.85 0.85 0.85 0.85 0.85 0.85 0.85 0.85 0.85 1.44 1.33 1.15 1.04 0.96 0.82 0.73 0.64 0.58 0.49 0.46 0.40 0.36 0.35 0.31 0.27 0.27 0.27 0.24 0.22 0.21 0.22 0.22 0.20 0.18 0.18 0.16 0.19 0.19 0.22 0.19 0.20 0.20 0.19 0.21 0.20 0.22 0.22 0.23 0.21 0.20 0.23 0.24 0.24 0.24 0.23 0.22 0.24 0.25 0.24 0.25 0.24 0.26 0.26 0.27 0.24 0.27 0.27 0.26 0.27 0.28 0.26 0.28 0.26 0.26 0.28 0.28 0.27 0.27 0.25 0.26 0.27 0.27 0.30 0.26 0.28 0.26 0.25 0.24 0.27 0.28 0.23 0.24 0.26 0.24 0.20 0.22 0.24 0.18 0.22 0.20 0.21 0.21 0.21 0.18 0.22 0.18 0.20 0.20 0.18 0.17 0.19 0.17 0.18 0.15 0.19 0.17 0.16 0.22 0.15 0.18 0.17 0.15 0.18 0.17 0.19 0.16 0.21 0.17 0.17 0.18
1.64 1.92 2.18 2.48 2.84 3.19 3.60 4.03 4.48 4.91 5.45 5.95 6.47 6.99 7.48 8.00 8.49 8.94 9.38 9.74 10.11 10.44 10.65 10.90 11.03 11.12 11.19 11.17 11.11 10.99 10.87 10.68 10.48 10.25 10.03 9.80 9.55 9.33 9.09 8.86 8.68 8.49 8.31 8.15 8.05 7.92 7.80 7.71 7.62 7.53 7.43 7.31 7.24 7.14 7.01 6.82 6.67 6.55 6.35 6.17 5.94 5.69 5.46 5.23 4.98 4.74 4.47 4.20 3.91 3.66 3.39 0.85 0.85 0.85 0.85 0.85 0.85 0.85 1.65 1.47 1.31 1.19 1.04 0.93 0.85 0.73 0.66 0.58 0.51 0.47 0.40 0.38 0.39 0.32 0.28 0.27 0.25 0.22 0.22 0.23 0.21 0.19 0.21 0.19 0.20 0.18 0.19 0.17 0.22 0.19 0.20 0.20 0.20 0.21 0.21 0.23 0.20 0.22 0.25 0.21 0.22 0.25 0.22 0.23 0.22 0.24 0.25 0.25 0.26 0.27 0.21 0.26 0.23 0.29 0.26 0.25 0.27 0.27 0.27 0.25 0.26 0.28 0.24 0.25 0.28 0.28 0.29 0.25 0.30 0.28 0.26 0.25 0.27 0.26 0.29 0.27 0.26 0.26 0.26 0.27 0.26 0.26 0.25 0.27 0.26 0.27 0.25 0.22 0.23 0.21 0.20 0.20 0.23 0.22 0.23 0.17 0.20 0.20 0.20 0.16 0.18 0.17 0.16 0.19 0.16 0.17 0.15 0.18 0.17 0.19 0.16 0.17 0.17 0.16 0.19 0.19 0.18 0.19 0.21 0.18
1.60 1.85 2.12 2.41 2.76 3.12 3.50 3.92 4.35 4.78 5.27 5.78 6.25 6.75 7.24 7.75 8.19 8.63 9.07 9.45 9.78 10.06 10.33 10.47 10.63 10.73 10.78 10.78 10.71 10.62 10.47 10.31 10.14 9.93 9.69 9.46 9.26 9.03 8.80 8.62 8.44 8.25 8.11 7.94 7.82 7.73 7.61 7.53 7.46 7.36 7.30 7.22 7.10 6.98 6.86 6.78 6.60 6.47 6.27 6.09 5.86 5.67 5.44 5.24 4.94 4.71 4.44 4.19 3.93 3.66 3.43 3.17 2.93 2.67 0.85 2.24 2.04 1.86 1.68 1.49 1.35 1.22 1.08 0.95 0.85 0.76 0.71 0.62 0.53 0.52 0.41 0.42 0.36 0.31 0.27 0.23 0.24 0.22 0.21 0.22 0.21 0.18 0.18 0.16 0.19 0.17 0.20 0.20 0.20 0.19 0.20 0.19 0.21 0.21 0.20 0.19 0.20 0.22 0.20 0.22 0.22 0.22 0.24 0.24 0.25 0.23 0.24 0.26 0.24 0.26 0.27 0.25 0.25 0.26 0.25 0.25 0.26 0.26 0.25 0.24 0.22 0.27 0.26 0.26 0.28 0.25 0.26 0.27 0.30 0.29 0.30 0.28 0.32 0.28 0.25 0.28 0.30 0.28 0.26 0.29 0.29 0.27 0.27 0.27 0.26 0.26 0.25 0.28 0.26 0.22 0.22 0.22 0.25 0.19 0.22 0.21 0.20 0.20 0.18 0.18 0.18 0.16 0.16 0.17 0.16 0.16 0.15 0.16 0.16 0.18 0.16 0.16 0.14 0.19 0.18 0.19 0.19 0.17 0.17 0.20
1.56 1.84 2.09 2.37 2.68 3.03 3.39 3.82 4.21 4.64 5.07 5.53 6.03 6.49 6.95 7.43 7.87 8.28 8.69 9.03 9.39 9.68 9.89 10.08 10.20 10.30 10.35 10.35 10.30 10.20 10.06 9.93 9.75 9.53 9.33 9.12 8.90 8.70 8.51 8.32 8.15 7.99 7.83 7.74 7.62 7.51 7.44 7.35 7.28 7.22 7.09 7.05 6.96 6.87 6.77 6.64 6.54 6.33 6.18 6.02 5.83 5.63 5.39 5.17 4.94 4.67 4.45 4.19 3.92 3.66 3.41 3.18 2.89 2.69 2.49 2.28 2.07 1.89 1.73 1.55 1.36 1.25 1.11 1.02 0.90 0.78 0.68 0.59 0.57 0.47 0.45 0.41 0.37 0.32 0.29 0.25 0.24 0.24 0.23 0.21 0.20 0.20 0.18 0.17 0.17 0.18 0.16 0.21 0.18 0.19 0.20 0.21 0.22 0.21 0.19 0.21 0.22 0.21 0.22 0.23 0.23 0.23 0.24 0.25 0.25 0.24 0.21 0.25 0.25 0.24 0.21 0.24 0.23 0.26 0.27 0.27 0.26 0.25 0.30 0.26 0.24 0.26 0.26 0.26 0.28 0.28 0.28 0.32 0.26 0.28 0.29 0.28 0.29 0.30 0.30 0.28 0.29 0.32 0.31 0.33 0.30 0.32 0.29 0.32 0.31 0.28 0.27 0.26 0.28 0.26 0.24 0.25 0.24 0.24 0.21 0.21 0.18 0.20 0.19 0.17 0.16 0.18 0.20 0.19 0.16 0.16 0.17 0.17 0.19 0.18 0.17 0.16 0.14 0.16 0.17 0.19 0.16 0.17 0.19 0.18
1.57 1.82 2.05 2.28 2.63 2.97 3.26 3.67 4.06 4.46 4.87 5.32 5.74 6.22 6.64 7.09 7.51 7.88 8.31 8.63 8.95 9.23 9.42 9.61 9.75 9.84 9.85 9.85 9.80 9.74 9.64 9.49 9.34 9.14 8.94 8.76 8.55 8.38 8.17 8.01 7.86 7.74 7.59 7.47 7.36 7.29 7.23 7.19 7.08 7.03 6.96 6.92 6.82 6.75 6.67 6.56 6.43 6.30 6.15 5.96 5.78 5.59 5.39 5.17 4.90 4.67 4.43 4.17 3.95 3.69 3.45 3.21 2.98 2.76 2.51 2.29 2.11 1.92 1.74 1.57 1.42 1.24 1.13 1.00 0.91 0.79 0.72 0.62 0.59 0.51 0.46 0.41 0.34 0.35 0.29 0.27 0.24 0.26 0.22 0.20 0.22 0.19 0.21 0.19 0.18 0.19 0.22 0.17 0.18 0.18 0.19 0.21 0.18 0.22 0.21 0.19 0.20 0.21 0.22 0.22 0.22 0.22 0.23 0.19 0.24 0.24 0.27 0.21 0.25 0.21 0.27 0.26 0.23 0.26 0.23 0.25 0.26 0.27 0.26 0.27 0.26 0.28 0.29 0.28 0.25 0.29 0.28 0.31 0.30 0.28 0.30 0.30 0.27 0.31 0.34 0.31 0.33 0.29 0.32 0.32 0.33 0.32 0.33 0.31 0.33 0.33 0.32 0.29 0.29 0.28 0.28 0.23 0.23 0.24 0.27 0.22 0.20 0.21 0.22 0.19 0.20 0.19 0.16 0.17 0.15 0.16 0.16 0.16 0.15 0.18 0.18 0.13 0.17 0.15 0.15 0.18 0.18 0.18 0.17 0.17
1.52 1.78 1.99 2.27 2.55 2.84 3.20 3.54 3.92 4.28 4.69 5.09 5.53 5.96 6.35 6.78 7.15 7.51 7.87 8.17 8.50 8.72 8.96 9.13 9.23 9.31 9.35 9.36 9.31 9.23 9.16 8.99 8.87 8.68 8.51 8.35 8.20 7.99 7.84 7.67 7.54 7.43 7.32 7.22 7.15 7.07 7.04 6.96 6.92 6.83 6.82 6.77 6.71 6.63 6.54 6.48 6.35 6.23 6.06 5.92 5.73 5.56 5.38 5.17 4.92 4.70 4.43 4.23 4.00 3.71 3.48 3.26 3.00 2.78 2.56 2.37 2.17 1.93 1.78 1.61 1.43 1.27 1.21 1.02 0.92 0.82 0.72 0.67 0.59 0.56 0.47 0.45 0.39 0.33 0.32 0.28 0.27 0.23 0.21 0.24 0.21 0.21 0.21 0.18 0.18 0.19 0.17 0.16 0.16 0.16 0.18 0.19 0.19 0.20 0.20 0.25 0.20 0.22 0.22 0.21 0.21 0.23 0.20 0.24 0.23 0.24 0.24 0.24 0.23 0.25 0.26 0.25 0.25 0.26 0.26 0.25 0.26 0.26 0.27 0.30 0.27 0.27 0.28 0.31 0.27 0.28 0.31 0.29 0.29 0.28 0.33 0.30 0.32 0.35 0.32 0.36 0.35 0.38 0.36 0.38 0.40 0.38 0.38 0.38 0.35 0.34 0.33 0.35 0.32 0.32 0.28 0.29 0.25 0.25 0.23 0.23 0.23 0.20 0.20 0.21 0.23 0.21 0.20 0.20 0.16 0.17 0.17 0.15 0.19 0.18 0.18 0.18 0.17 0.18 0.19 0.16 0.16 0.17 0.17 0.18
1.54 1.75 1.98 2.22 2.50 2.79 3.09 3.42 3.76 4.13 4.52 4.87 5.28 5.66 6.04 6.40 6.79 7.12 7.45 7.72 7.99 8.21 8.42 8.61 8.73 8.78 8.82 8.78 8.79 8.76 8.65 8.54 8.36 8.26 8.10 7.95 7.78 7.62 7.47 7.37 7.23 7.13 7.05 6.99 6.89 6.84 6.82 6.78 6.76 6.70 6.67 6.65 6.58 6.53 6.47 6.38 6.28 6.17 6.02 5.91 5.73 5.54 5.37 5.19 4.95 4.73 4.49 4.24 4.03 3.79 3.52 3.28 3.07 2.82 2.63 2.40 2.20 2.02 1.84 1.68 1.49 1.35 1.21 1.09 0.96 0.86 0.77 0.67 0.62 0.56 0.52 0.45 0.42 0.34 0.31 0.32 0.26 0.27 0.25 0.22 0.19 0.21 0.20 0.20 0.19 0.19 0.19 0.17 0.16 0.19 0.20 0.19 0.20 0.23 0.19 0.18 0.18 0.21 0.21 0.22 0.22 0.19 0.24 0.22 0.25 0.24 0.22 0.23 0.23 0.25 0.25 0.24 0.23 0.28 0.27 0.25 0.28 0.27 0.24 0.27 0.28 0.28 0.29 0.29 0.28 0.30 0.28 0.29 0.31 0.30 0.38 0.33 0.34 0.38 0.40 0.40 0.42 0.41 0.43 0.39 0.43 0.43 0.44 0.44 0.43 0.42 0.42 0.40 0.35 0.37 0.32 0.33 0.31 0.29 0.28 0.26 0.24 0.23 0.20 0.20 0.19 0.18 0.20 0.16 0.16 0.18 0.18 0.15 0.17 0.18 0.17 0.13 0.15 0.16 0.17 0.16 0.17 0.20 0.18 0.15
1.55 1.72 1.94 2.20 2.43 2.72 2.99 3.35 3.64 3.96 4.30 4.62 5.00 5.34 5.71 6.02 6.39 6.70 6.97 7.27 7.51 7.71 7.92 8.04 8.17 8.25 8.26 8.30 8.22 8.18 8.11 8.02 7.94 7.76 7.65 7.48 7.37 7.23 7.17 7.03 6.93 6.85 6.79 6.73 6.67 6.67 6.62 6.61 6.59 6.55 6.55 6.52 6.50 6.46 6.40 6.32 6.23 6.16 6.02 5.89 5.73 5.56 5.35 5.19 4.99 4.78 4.57 4.33 4.07 3.84 3.61 3.39 3.13 2.92 2.68 2.48 2.28 2.07 1.93 1.74 1.57 1.37 1.24 1.14 1.03 0.91 0.81 0.71 0.68 0.59 0.52 0.50 0.43 0.37 0.32 0.30 0.28 0.25 0.23 0.23 0.21 0.22 0.20 0.20 0.19 0.21 0.18 0.19 0.16 0.17 0.19 0.17 0.17 0.18 0.22 0.21 0.21 0.17 0.20 0.22 0.21 0.20 0.25 0.24 0.22 0.22 0.25 0.25 0.22 0.23 0.25 0.25 0.24 0.27 0.23 0.30 0.24 0.28 0.27 0.26 0.28 0.30 0.28 0.30 0.31 0.29 0.32 0.34 0.35 0.34 0.39 0.36 0.40 0.41 0.44 0.45 0.47 0.48 0.51 0.50 0.49 0.45 0.50 0.50 0.49 0.48 0.42 0.48 0.41 0.40 0.42 0.38 0.34 0.32 0.29 0.32 0.27 0.25 0.25 0.21 0.21 0.19 0.18 0.19 0.20 0.15 0.16 0.16 0.18 0.15 0.13 0.17 0.13 0.15 0.15 0.18 0.18 0.17 0.15 0.18
1.58 1.76 1.96 2.21 2.44 2.70 2.97 3.23 3.53 3.84 4.13 4.46 4.78 5.10 5.38 5.68 6.00 6.31 6.53 6.79 7.01 7.23 7.39 7.49 7.63 7.66 7.71 7.74 7.73 7.68 7.59 7.51 7.41 7.34 7.19 7.07 6.98 6.87 6.77 6.67 6.65 6.57 6.53 6.52 6.45 6.45 6.45 6.45 6.45 6.45 6.44 6.44 6.42 6.43 6.34 6.29 6.21 6.13 6.05 5.88 5.75 5.60 5.44 5.25 5.07 4.86 4.61 4.37 4.19 3.95 3.70 3.45 3.23 3.01 2.80 2.55 2.35 2.15 1.97 1.79 1.64 1.46 1.31 1.20 1.05 0.96 0.85 0.79 0.67 0.60 0.54 0.48 0.42 0.37 0.36 0.32 0.28 0.27 0.24 0.22 0.22 0.20 0.21 0.20 0.19 0.19 0.21 0.19 0.20 0.20 0.18 0.18 0.19 0.19 0.20 0.19 0.19 0.19 0.20 0.21 0.23 0.20 0.22 0.23 0.23 0.24 0.24 0.27 0.24 0.24 0.24 0.25 0.24 0.25 0.26 0.25 0.26 0.27 0.25 0.30 0.29 0.27 0.30 0.29 0.29 0.31 0.35 0.33 0.38 0.40 0.40 0.44 0.46 0.47 0.49 0.52 0.52 0.57 0.56 0.57 0.56 0.56 0.59 0.55 0.54 0.56 0.52 0.52 0.52 0.47 0.45 0.42 0.38 0.37 0.34 0.35 0.30 0.26 0.28 0.25 0.22 0.23 0.20 0.18 0.16 0.20 0.16 0.16 0.18 0.17 0.14 0.15 0.18 0.17 0.14 0.14 0.18 0.15 0.17 0.15
1.64 1.85 2.03 2.23 2.46 2.69 2.92 3.20 3.45 3.70 4.00 4.28 4.56 4.83 5.11 5.39 5.65 5.93 6.14 6.35 6.53 6.71 6.82 6.97 7.08 7.16 7.18 7.19 7.18 7.13 7.09 6.97 6.94 6.88 6.74 6.65 6.58 6.52 6.42 6.35 6.31 6.30 6.26 6.26 6.26 6.28 6.28 6.29 6.33 6.34 6.36 6.37 6.35 6.35 6.32 6.29 6.20 6.17 6.06 5.94 5.83 5.68 5.51 5.37 5.11 4.93 4.72 4.52 4.25 4.02 3.81 3.56 3.35 3.09 2.89 2.63 2.45 2.24 2.06 1.86 1.68 1.52 1.39 1.26 1.10 1.03 0.89 0.82 0.75 0.66 0.57 0.52 0.46 0.40 0.41 0.36 0.29 0.27 0.26 0.26 0.22 0.24 0.21 0.16 0.21 0.19 0.19 0.17 0.17 0.18 0.20 0.20 0.20 0.23 0.20 0.21 0.20 0.21 0.20 0.21 0.21 0.22 0.24 0.22 0.24 0.24 0.23 0.21 0.24 0.24 0.25 0.24 0.24 0.25 0.26 0.27 0.29 0.29 0.29 0.27 0.26 0.30 0.32 0.30 0.31 0.34 0.35 0.38 0.41 0.44 0.47 0.46 0.49 0.56 0.54 0.58 0.61 0.64 0.65 0.65 0.66 0.67 0.65 0.67 0.68 0.65 0.62 0.60 0.59 0.55 0.52 0.50 0.45 0.39 0.38 0.33 0.35 0.28 0.30 0.26 0.22 0.22 0.24 0.17 0.20 0.18 0.17 0.18 0.17 0.14 0.19 0.17 0.17 0.17 0.17 0.14 0.15 0.18 0.18 0.17
1.73 1.92 2.10 2.32 2.53 2.74 2.92 3.17 3.38 3.64 3.89 4.11 4.36 4.60 4.83 5.06 5.30 5.50 5.72 5.90 6.06 6.24 6.33 6.46 6.55 6.60 6.61 6.66 6.63 6.62 6.55 6.54 6.47 6.42 6.32 6.25 6.21 6.17 6.12 6.05 6.06 6.02 6.08 6.07 6.06 6.11 6.13 6.17 6.22 6.28 6.31 6.32 6.33 6.33 6.36 6.28 6.26 6.19 6.12 6.02 5.91 5.75 5.61 5.44 5.27 5.04 4.85 4.61 4.40 4.15 3.94 3.70 3.48 3.21 3.00 2.77 2.56 2.37 2.15 1.97 1.82 1.62 1.48 1.29 1.16 1.07 0.95 0.87 0.77 0.69 0.60 0.54 0.49 0.43 0.35 0.31 0.33 0.30 0.24 0.24 0.23 0.21 0.19 0.20 0.18 0.20 0.20 0.17 0.19 0.17 0.20 0.20 0.23 0.18 0.19 0.22 0.20 0.21 0.21 0.23 0.21 0.20 0.22 0.22 0.25 0.24 0.23 0.26 0.25 0.26 0.23 0.27 0.22 0.26 0.27 0.27 0.28 0.28 0.27 0.27 0.29 0.33 0.31 0.33 0.35 0.37 0.38 0.44 0.47 0.49 0.48 0.55 0.57 0.62 0.64 0.69 0.70 0.76 0.79 0.78 0.80 0.81 0.80 0.80 0.77 0.78 0.73 0.73 0.70 0.63 0.61 0.58 0.54 0.47 0.44 0.42 0.37 0.30 0.29 0.27 0.25 0.21 0.22 0.21 0.20 0.15 0.17 0.18 0.17 0.18 0.18 0.17 0.14 0.15 0.15 0.16 0.16 0.19 0.16 0.17
1.86 2.02 2.22 2.42 2.58 2.80 3.03 3.22 3.39 3.62 3.81 4.01 4.20 4.41 4.60 4.77 4.97 5.17 5.33 5.47 5.62 5.74 5.87 5.96 6.04 6.09 6.10 6.16 6.15 6.11 6.09 6.03 6.02 5.96 5.93 5.89 5.84 5.82 5.82 5.77 5.79 5.82 5.85 5.88 5.91 5.96 6.01 6.08 6.16 6.22 6.24 6.30 6.34 6.34 6.40 6.35 6.32 6.27 6.20 6.09 6.00 5.88 5.75 5.54 5.41 5.18 4.99 4.80 4.53 4.33 4.08 3.83 3.61 3.39 3.16 2.93 2.67 2.47 2.29 2.07 1.86 1.72 1.56 1.40 1.26 1.15 1.02 0.93 0.84 0.71 0.61 0.54 0.47 0.46 0.39 0.38 0.34 0.33 0.28 0.26 0.24 0.22 0.20 0.19 0.21 0.18 0.20 0.17 0.18 0.19 0.15 0.19 0.17 0.19 0.17 0.21 0.19 0.20 0.21 0.19 0.22 0.21 0.21 0.23 0.24 0.22 0.24 0.25 0.22 0.23 0.24 0.25 0.24 0.28 0.24 0.23 0.27 0.26 0.28 0.29 0.31 0.33 0.31 0.38 0.35 0.40 0.41 0.46 0.53 0.55 0.55 0.63 0.67 0.72 0.76 0.81 0.88 0.87 0.89 0.92 0.98 0.94 0.94 0.95 0.92 0.90 0.90 0.86 0.82 0.76 0.70 0.66 0.60 0.57 0.52 0.45 0.41 0.39 0.33 0.32 0.29 0.26 0.25 0.23 0.18 0.20 0.15 0.13 0.14 0.17 0.16 0.11 0.13 0.15 0.17 0.17 0.13 0.14 0.16 0.17
1.99 2.17 2.36 2.54 2.74 2.93 3.10 3.29 3.45 3.61 3.81 3.94 4.12 4.26 4.43 4.54 4.68 4.87 4.96 5.12 5.19 5.34 5.41 5.50 5.55 5.60 5.59 5.64 5.65 5.63 5.63 5.62 5.58 5.56 5.53 5.53 5.51 5.51 5.52 5.53 5.57 5.60 5.65 5.71 5.77 5.85 5.93 6.01 6.09 6.15 6.24 6.33 6.38 6.40 6.44 6.43 6.39 6.36 6.35 6.25 6.14 5.99 5.89 5.75 5.55 5.37 5.19 4.94 4.72 4.52 4.28 4.02 3.78 3.55 3.32 3.08 2.84 2.61 2.41 2.19 1.99 1.81 1.64 1.51 1.34 1.23 1.07 0.95 0.84 0.77 0.69 0.62 0.52 0.48 0.45 0.39 0.36 0.33 0.28 0.25 0.24 0.24 0.23 0.23 0.21 0.21 0.21 0.17 0.17 0.18 0.18 0.21 0.20 0.19 0.21 0.21 0.19 0.21 0.20 0.21 0.22 0.22 0.21 0.23 0.22 0.26 0.24 0.24 0.23 0.26 0.23 0.26 0.26 0.24 0.24 0.28 0.26 0.27 0.30 0.30 0.32 0.34 0.36 0.36 0.38 0.39 0.45 0.53 0.56 0.63 0.66 0.74 0.76 0.83 0.87 0.95 0.99 1.02 1.05 1.07 1.11 1.12 1.14 1.12 1.09 1.09 1.01 0.99 0.93 0.88 0.83 0.77 0.72 0.64 0.59 0.54 0.48 0.44 0.38 0.34 0.30 0.28 0.23 0.21 0.24 0.21 0.18 0.18 0.14 0.16 0.17 0.17 0.13 0.16 0.13 0.14 0.16 0.17 0.14 0.16
2.22 2.40 2.58 2.73 2.94 3.11 3.25 3.41 3.52 3.67 3.82 3.92 4.03 4.15 4.29 4.35 4.45 4.55 4.66 4.74 4.82 4.89 4.97 5.04 5.08 5.10 5.16 5.18 5.18 5.19 5.17 5.21 5.16 5.20 5.16 5.18 5.20 5.22 5.26 5.30 5.35 5.40 5.50 5.57 5.69 5.77 5.87 5.98 6.07 6.21 6.27 6.37 6.42 6.51 6.51 6.53 6.54 6.53 6.49 6.39 6.34 6.19 6.09 5.93 5.77 5.55 5.42 5.11 4.94 4.70 4.45 4.23 3.97 3.73 3.47 3.25 3.02 2.77 2.58 2.35 2.14 1.97 1.74 1.58 1.44 1.28 1.15 1.03 0.92 0.80 0.73 0.65 0.58 0.49 0.45 0.40 0.37 0.30 0.29 0.30 0.26 0.25 0.20 0.23 0.20 0.19 0.19 0.22 0.22 0.20 0.19 0.20 0.20 0.18 0.21 0.20 0.21 0.21 0.22 0.22 0.19 0.19 0.20 0.20 0.24 0.25 0.22 0.26 0.20 0.27 0.27 0.24 0.28 0.27 0.27 0.30 0.26 0.31 0.30 0.31 0.31 0.37 0.40 0.42 0.43 0.46 0.52 0.60 0.63 0.73 0.75 0.84 0.87 0.96 1.04 1.10 1.14 1.19 1.27 1.30 1.31 1.31 1.34 1.31 1.31 1.28 1.22 1.16 1.10 1.04 0.99 0.91 0.81 0.74 0.68 0.62 0.53 0.49 0.43 0.37 0.34 0.30 0.24 0.26 0.24 0.20 0.21 0.20 0.18 0.16 0.15 0.18 0.17 0.14 0.14 0.13 0.16 0.11 0.13 0.14
2.44 2.65 2.85 3.01 3.18 3.31 3.44 3.59 3.68 3.78 3.89 3.96 4.03 4.09 4.15 4.18 4.26 4.32 4.38 4.44 4.47 4.55 4.57 4.63 4.68 4.68 4.69 4.75 4.76 4.78 4.78 4.79 4.81 4.82 4.87 4.89 4.92 4.98 5.01 5.05 5.19 5.25 5.37 5.49 5.57 5.71 5.85 5.93 6.09 6.22 6.33 6.44 6.54 6.60 6.63 6.69 6.68 6.71 6.65 6.61 6.55 6.45 6.32 6.13 6.00 5.79 5.60 5.40 5.16 4.94 4.72 4.42 4.19 3.93 3.68 3.39 3.18 2.93 2.70 2.49 2.26 2.04 1.90 1.69 1.54 1.38 1.25 1.10 0.98 0.85 0.80 0.67 0.61 0.53 0.48 0.44 0.39 0.33 0.33 0.31 0.28 0.26 0.27 0.23 0.21 0.21 0.22 0.20 0.21 0.18 0.20 0.21 0.20 0.18 0.19 0.16 0.19 0.20 0.22 0.23 0.24 0.22 0.22 0.23 0.22 0.22 0.24 0.23 0.24 0.25 0.29 0.26 0.27 0.26 0.28 0.26 0.26 0.28 0.32 0.34 0.35 0.35 0.37 0.43 0.51 0.52 0.59 0.62 0.71 0.79 0.83 0.93 1.03 1.11 1.18 1.28 1.33 1.40 1.44 1.52 1.54 1.55 1.55 1.54 1.53 1.52 1.44 1.37 1.30 1.21 1.12 1.06 0.97 0.86 0.77 0.73 0.64 0.53 0.49 0.41 0.41 0.33 0.31 0.30 0.27 0.23 0.17 0.20 0.16 0.15 0.17 0.14 0.13 0.12 0.15 0.14 0.14 0.13 0.15 0.13
2.75 2.97 3.15 3.28 3.46 3.63 3.71 3.82 3.90 3.97 4.00 4.05 4.04 4.08 4.07 4.09 4.14 4.14 4.13 4.14 4.18 4.23 4.21 4.23 4.27 4.29 4.32 4.35 4.36 4.40 4.42 4.45 4.48 4.48 4.56 4.63 4.67 4.72 4.81 4.92 5.02 5.14 5.26 5.41 5.53 5.68 5.87 6.01 6.13 6.29 6.43 6.56 6.60 6.77 6.84 6.88 6.92 6.91 6.89 6.84 6.79 6.69 6.57 6.41 6.26 6.11 5.86 5.68 5.44 5.21 4.96 4.67 4.38 4.17 3.92 3.63 3.38 3.14 2.87 2.64 2.40 2.19 2.01 1.82 1.63 1.46 1.30 1.17 1.06 0.95 0.83 0.73 0.65 0.61 0.51 0.45 0.41 0.40 0.37 0.29 0.27 0.28 0.27 0.23 0.23 0.19 0.20 0.19 0.22 0.19 0.20 0.20 0.20 0.20 0.23 0.20 0.20 0.25 0.22 0.21 0.26 0.24 0.22 0.21 0.22 0.23 0.26 0.23 0.26 0.25 0.24 0.27 0.28 0.26 0.29 0.28 0.29 0.31 0.31 0.34 0.40 0.40 0.44 0.51 0.51 0.58 0.66 0.70 0.80 0.91 0.97 1.03 1.17 1.25 1.37 1.48 1.58 1.61 1.73 1.77 1.81 1.83 1.82 1.82 1.77 1.76 1.67 1.60 1.53 1.41 1.34 1.20 1.09 1.00 0.89 0.83 0.72 0.61 0.57 0.50 0.45 0.39 0.33 0.30 0.26 0.20 0.22 0.17 0.17 0.16 0.15 0.13 0.14 0.12 0.13 0.15 0.15 0.16 0.13 0.16
3.07 3.29 3.48 3.68 3.81 3.94 4.05 4.08 4.15 4.19 4.17 4.17 4.15 4.10 4.09 4.05 4.00 3.94 3.94 3.93 3.90 3.92 3.91 3.88 3.95 3.93 3.96 3.98 4.01 4.02 4.08 4.10 4.16 4.23 4.26 4.36 4.43 4.53 4.68 4.77 4.90 5.04 5.20 5.37 5.55 5.71 5.89 6.03 6.24 6.40 6.55 6.69 6.80 6.91 7.02 7.10 7.16 7.15 7.14 7.12 7.04 6.96 6.84 6.71 6.56 6.37 6.18 5.95 5.70 5.47 5.20 4.95 4.68 4.41 4.13 3.86 3.59 3.33 3.05 2.83 2.58 2.33 2.15 1.94 1.74 1.57 1.42 1.24 1.11 0.98 0.90 0.79 0.69 0.61 0.54 0.50 0.45 0.41 0.33 0.33 0.30 0.28 0.25 0.23 0.23 0.23 0.20 0.19 0.20 0.21 0.19 0.22 0.21 0.21 0.22 0.22 0.22 0.22 0.23 0.22 0.22 0.22 0.24 0.26 0.24 0.24 0.26 0.27 0.28 0.27 0.26 0.27 0.27 0.27 0.29 0.30 0.31 0.30 0.33 0.32 0.40 0.44 0.47 0.53 0.56 0.66 0.74 0.86 0.91 0.99 1.12 1.22 1.35 1.47 1.58 1.71 1.84 1.89 1.98 2.06 2.11 2.09 2.11 2.13 2.04 2.02 1.93 1.87 1.76 1.64 1.52 1.39 1.29 1.12 1.05 0.93 0.81 0.73 0.64 0.55 0.47 0.41 0.37 0.31 0.30 0.25 0.25 0.19 0.19 0.18 0.15 0.15 0.15 0.14 0.12 0.14 0.15 0.15 0.14 0.15
3.44 3.68 3.89 4.05 4.20 4.32 4.40 4.43 4.47 4.49 4.43 4.39 4.30 4.18 4.11 4.05 3.95 3.86 3.81 3.73 3.67 3.66 3.64 3.62 3.64 3.63 3.63 3.66 3.69 3.71 3.77 3.85 3.89 3.99 4.04 4.16 4.25 4.38 4.49 4.64 4.80 4.96 5.14 5.33 5.53 5.76 5.92 6.14 6.31 6.49 6.67 6.85 6.98 7.12 7.26 7.34 7.38 7.41 7.45 7.42 7.35 7.27 7.18 7.06 6.90 6.70 6.49 6.29 6.04 5.76 5.49 5.21 4.97 4.65 4.38 4.08 3.77 3.54 3.22 3.01 2.76 2.51 2.29 2.07 1.88 1.68 1.52 1.33 1.19 1.08 0.96 0.83 0.76 0.65 0.63 0.50 0.47 0.42 0.37 0.33 0.32 0.28 0.31 0.26 0.26 0.25 0.19 0.20 0.22 0.21 0.23 0.23 0.22 0.21 0.25 0.22 0.24 0.20 0.26 0.26 0.23 0.23 0.26 0.26 0.27 0.25 0.25 0.26 0.29 0.25 0.27 0.30 0.29 0.26 0.29 0.31 0.34 0.35 0.35 0.38 0.41 0.47 0.52 0.56 0.66 0.74 0.80 0.93 1.01 1.13 1.28 1.40 1.55 1.67 1.82 1.97 2.07 2.17 2.25 2.33 2.41 2.46 2.46 2.41 2.38 2.31 2.22 2.14 2.03 1.89 1.74 1.62 1.46 1.32 1.19 1.07 0.94 0.78 0.72 0.58 0.50 0.46 0.40 0.35 0.31 0.23 0.22 0.21 0.20 0.18 0.15 0.13 0.14 0.14 0.15 0.13 0.17 0.14 0.13 0.11
3.84 4.09 4.29 4.50 4.63 4.75 4.80 4.86 4.81 4.77 4.72 4.60 4.49 4.31 4.22 4.08 3.94 3.78 3.69 3.59 3.51 3.43 3.40 3.35 3.33 3.34 3.34 3.36 3.38 3.49 3.49 3.59 3.64 3.72 3.85 3.98 4.11 4.24 4.42 4.58 4.76 4.94 5.14 5.36 5.56 5.81 6.06 6.27 6.47 6.68 6.89 7.07 7.24 7.40 7.50 7.61 7.68 7.73 7.75 7.72 7.70 7.62 7.53 7.39 7.22 7.05 6.82 6.60 6.36 6.08 5.81 5.51 5.23 4.94 4.63 4.34 4.03 3.76 3.45 3.19 2.90 2.68 2.41 2.18 2.01 1.81 1.60 1.45 1.28 1.14 1.01 0.87 0.77 0.72 0.61 0.55 0.50 0.45 0.41 0.41 0.35 0.32 0.27 0.24 0.27 0.26 0.25 0.23 0.24 0.24 0.22 0.24 0.22 0.21 0.22 0.22 0.23 0.25 0.25 0.25 0.24 0.28 0.28 0.28 0.25 0.28 0.28 0.25 0.29 0.28 0.29 0.27 0.28 0.31 0.31 0.34 0.34 0.36 0.40 0.42 0.44 0.47 0.60 0.64 0.71 0.81 0.89 1.01 1.12 1.30 1.41 1.58 1.75 1.89 2.08 2.22 2.33 2.46 2.60 2.74 2.77 2.80 2.79 2.80 2.76 2.71 2.58 2.47 2.34 2.17 2.00 1.83 1.68 1.52 1.36 1.21 1.04 0.94 0.79 0.68 0.57 0.51 0.40 0.37 0.33 0.25 0.23 0.21 0.21 0.19 0.18 0.15 0.18 0.14 0.16 0.14 0.13 0.14 0.13 0.14
4.23 4.54 4.78 4.94 5.13 5.19 5.28 5.26 5.22 5.10 5.02 4.85 4.68 4.51 4.30 4.12 3.96 3.78 3.63 3.52 3.40 3.26 3.21 3.15 3.14 3.09 3.09 3.16 3.14 3.23 3.29 3.35 3.44 3.56 3.69 3.83 3.97 4.12 4.33 4.52 4.74 4.94 5.16 5.42 5.66 5.88 6.15 6.39 6.65 6.89 7.09 7.30 7.50 7.66 7.76 7.93 8.04 8.06 8.10 8.10 8.05 8.02 7.86 7.76 7.58 7.41 7.18 6.98 6.72 6.43 6.13 5.83 5.53 5.25 4.94 4.61 4.29 3.99 3.66 3.38 3.14 2.85 2.57 2.36 2.12 1.90 1.70 1.54 1.39 1.21 1.09 0.96 0.88 0.76 0.67 0.63 0.52 0.47 0.45 0.38 0.37 0.34 0.28 0.27 0.28 0.25 0.25 0.25 0.25 0.22 0.24 0.23 0.25 0.23 0.25 0.23 0.22 0.26 0.29 0.25 0.27 0.27 0.30 0.27 0.29 0.30 0.28 0.31 0.31 0.32 0.31 0.33 0.32 0.33 0.33 0.35 0.37 0.39 0.44 0.44 0.49 0.54 0.60 0.68 0.77 0.88 1.01 1.14 1.28 1.42 1.62 1.76 1.96 2.15 2.35 2.53 2.66 2.82 2.93 3.07 3.12 3.18 3.16 3.17 3.13 3.06 2.91 2.78 2.64 2.45 2.29 2.10 1.89 1.70 1.53 1.33 1.18 1.02 0.88 0.77 0.63 0.54 0.45 0.40 0.33 0.28 0.23 0.22 0.20 0.18 0.16 0.15 0.11 0.13 0.12 0.14 0.12 0.11 0.14 0.09
4.69 4.99 5.23 5.42 5.59 5.68 5.74 5.70 5.62 5.53 5.34 5.15 4.95 4.75 4.45 4.26 3.98 3.80 3.61 3.40 3.27 3.15 3.06 2.98 2.93 2.87 2.88 2.92 2.95 2.99 3.10 3.16 3.30 3.39 3.54 3.72 3.88 4.05 4.28 4.49 4.72 4.99 5.21 5.48 5.75 6.02 6.29 6.57 6.83 7.11 7.33 7.58 7.79 7.96 8.12 8.26 8.33 8.42 8.47 8.48 8.44 8.39 8.27 8.17 8.01 7.78 7.57 7.34 7.08 6.78 6.46 6.19 5.86 5.54 5.18 4.88 4.56 4.22 3.92 3.62 3.30 3.04 2.77 2.48 2.25 2.04 1.84 1.64 1.47 1.31 1.15 1.02 0.94 0.83 0.70 0.64 0.57 0.50 0.47 0.42 0.39 0.36 0.32 0.32 0.30 0.30 0.27 0.24 0.25 0.25 0.27 0.26 0.27 0.26 0.24 0.26 0.26 0.26 0.27 0.31 0.28 0.30 0.30 0.32 0.32 0.33 0.31 0.38 0.33 0.35 0.36 0.36 0.35 0.35 0.35 0.38 0.38 0.42 0.43 0.49 0.52 0.58 0.65 0.72 0.83 0.96 1.09 1.28 1.42 1.59 1.81 1.98 2.20 2.41 2.63 2.79 3.00 3.17 3.29 3.42 3.53 3.54 3.56 3.56 3.49 3.44 3.30 3.11 2.99 2.75 2.54 2.33 2.12 1.91 1.69 1.49 1.32 1.16 1.00 0.82 0.71 0.64 0.52 0.42 0.35 0.32 0.28 0.20 0.19 0.19 0.18 0.13 0.14 0.17 0.11 0.12 0.13 0.11 0.12 0.13
5.15 5.44 5.71 5.95 6.07 6.18 6.19 6.15 6.05 5.95 5.70 5.49 5.20 4.91 4.61 4.35 4.07 3.83 3.59 3.36 3.16 3.05 2.91 2.83 2.76 2.73 2.69 2.72 2.78 2.82 2.92 3.06 3.15 3.25 3.44 3.60 3.82 3.99 4.25 4.49 4.75 5.02 5.28 5.57 5.88 6.16 6.47 6.79 7.06 7.33 7.60 7.83 8.05 8.27 8.47 8.61 8.73 8.84 8.84 8.90 8.82 8.79 8.66 8.55 8.40 8.20 8.00 7.74 7.43 7.13 6.85 6.53 6.16 5.86 5.48 5.16 4.80 4.48 4.14 3.80 3.49 3.20 2.92 2.66 2.42 2.17 1.96 1.76 1.57 1.37 1.27 1.13 0.97 0.85 0.77 0.71 0.61 0.54 0.53 0.47 0.44 0.37 0.36 0.32 0.31 0.31 0.29 0.28 0.30 0.29 0.27 0.28 0.28 0.30 0.26 0.29 0.30 0.32 0.32 0.31 0.32 0.33 0.37 0.35 0.34 0.39 0.38 0.36 0.40 0.37 0.39 0.42 0.41 0.40 0.41 0.42 0.45 0.44 0.53 0.53 0.58 0.63 0.70 0.81 0.92 1.03 1.21 1.37 1.54 1.74 1.97 2.21 2.44 2.68 2.91 3.13 3.32 3.52 3.70 3.82 3.92 3.97 3.99 3.94 3.92 3.81 3.67 3.50 3.27 3.07 2.83 2.59 2.37 2.10 1.87 1.63 1.44 1.24 1.10 0.93 0.78 0.64 0.59 0.46 0.41 0.33 0.29 0.26 0.21 0.20 0.17 0.15 0.16 0.17 0.15 0.12 0.12 0.12 0.11 0.11
5.55 5.90 6.19 6.44 6.56 6.64 6.67 6.61 6.50 6.32 6.08 5.80 5.48 5.16 4.84 4.48 4.18 3.88 3.58 3.34 3.10 2.96 2.79 2.67 2.62 2.57 2.54 2.58 2.62 2.68 2.79 2.88 3.03 3.17 3.35 3.56 3.74 4.00 4.23 4.50 4.77 5.08 5.36 5.71 6.00 6.32 6.63 6.97 7.28 7.56 7.86 8.11 8.38 8.61 8.83 8.96 9.06 9.20 9.24 9.29 9.25 9.21 9.12 8.98 8.82 8.60 8.39 8.12 7.82 7.54 7.23 6.85 6.50 6.18 5.79 5.44 5.10 4.70 4.35 4.03 3.71 3.39 3.08 2.83 2.55 2.28 2.07 1.85 1.65 1.46 1.30 1.15 1.02 0.93 0.80 0.76 0.67 0.60 0.52 0.50 0.46 0.41 0.37 0.36 0.36 0.34 0.33 0.30 0.30 0.30 0.28 0.29 0.28 0.30 0.31 0.32 0.34 0.37 0.35 0.36 0.37 0.35 0.39 0.40 0.41 0.43 0.44 0.43 0.45 0.44 0.46 0.45 0.45 0.45 0.48 0.48 0.49 0.51 0.54 0.57 0.61 0.71 0.79 0.88 0.99 1.15 1.29 1.50 1.70 1.91 2.14 2.43 2.68 2.92 3.20 3.43 3.69 3.89 4.06 4.19 4.27 4.39 4.38 4.32 4.28 4.18 4.02 3.87 3.62 3.37 3.12 2.88 2.58 2.33 2.06 1.82 1.59 1.35 1.18 1.01 0.85 0.72 0.61 0.50 0.45 0.35 0.30 0.27 0.22 0.19 0.16 0.19 0.12 0.13 0.13 0.12 0.13 0.12 0.13 0.09
6.00 6.36 6.60 6.87 7.03 7.12 7.13 7.04 6.89 6.71 6.42 6.09 5.75 5.41 5.01 4.61 4.27 3.94 3.61 3.36 3.09 2.87 2.71 2.59 2.55 2.46 2.43 2.46 2.52 2.57 2.71 2.79 2.93 3.11 3.31 3.52 3.74 4.00 4.25 4.55 4.83 5.15 5.49 5.82 6.18 6.50 6.85 7.18 7.50 7.87 8.18 8.47 8.72 8.94 9.17 9.35 9.48 9.59 9.68 9.67 9.67 9.61 9.52 9.38 9.23 9.04 8.79 8.53 8.22 7.91 7.57 7.26 6.85 6.49 6.11 5.75 5.33 4.96 4.59 4.24 3.89 3.59 3.26 2.95 2.68 2.44 2.17 1.95 1.74 1.56 1.38 1.23 1.11 0.97 0.86 0.76 0.71 0.63 0.57 0.54 0.49 0.43 0.43 0.41 0.38 0.37 0.35 0.34 0.33 0.33 0.35 0.36 0.34 0.38 0.35 0.38 0.36 0.40 0.38 0.38 0.45 0.44 0.44 0.45 0.46 0.48 0.50 0.53 0.48 0.50 0.50 0.48 0.53 0.51 0.51 0.51 0.55 0.57 0.58 0.61 0.68 0.75 0.84 0.95 1.08 1.28 1.42 1.63 1.83 2.07 2.35 2.64 2.88 3.20 3.46 3.72 4.00 4.25 4.43 4.57 4.68 4.79 4.78 4.73 4.70 4.56 4.43 4.20 3.96 3.69 3.40 3.13 2.82 2.54 2.30 1.98 1.73 1.49 1.28 1.09 0.89 0.80 0.65 0.55 0.46 0.39 0.31 0.30 0.25 0.20 0.19 0.16 0.15 0.13 0.11 0.10 0.14 0.11 0.13 0.10
6.35 6.74 7.06 7.31 7.45 7.56 7.54 7.44 7.26 7.02 6.75 6.40 6.00 5.60 5.18 4.77 4.38 3.98 3.63 3.33 3.05 2.84 2.68 2.54 2.44 2.37 2.33 2.36 2.39 2.47 2.58 2.70 2.85 3.05 3.27 3.50 3.72 3.98 4.29 4.57 4.94 5.25 5.61 5.97 6.34 6.70 7.07 7.43 7.78 8.13 8.45 8.77 9.05 9.30 9.53 9.72 9.87 10.01 10.08 10.11 10.11 10.05 9.93 9.84 9.68 9.44 9.18 8.90 8.64 8.29 7.94 7.57 7.20 6.80 6.42 6.01 5.65 5.22 4.86 4.46 4.10 3.78 3.43 3.13 2.85 2.57 2.30 2.06 1.84 1.65 1.47 1.31 1.16 1.06 0.96 0.82 0.76 0.71 0.63 0.56 0.55 0.50 0.46 0.42 0.43 0.41 0.41 0.39 0.37 0.39 0.40 0.38 0.41 0.40 0.42 0.44 0.39 0.43 0.45 0.47 0.51 0.49 0.54 0.53 0.53 0.57 0.55 0.57 0.61 0.59 0.61 0.60 0.58 0.61 0.59 0.59 0.62 0.61 0.64 0.70 0.78 0.82 0.93 1.06 1.19 1.34 1.51 1.75 2.00 2.24 2.53 2.85 3.13 3.43 3.76 4.03 4.30 4.56 4.79 4.97 5.10 5.17 5.20 5.15 5.07 4.94 4.77 4.54 4.32 4.00 3.69 3.36 3.05 2.76 2.43 2.15 1.85 1.62 1.38 1.17 1.01 0.81 0.69 0.58 0.50 0.41 0.34 0.27 0.23 0.19 0.18 0.15 0.15 0.15 0.13 0.14 0.11 0.14 0.11 0.13
6.69 7.07 7.40 7.67 7.82 7.91 7.87 7.81 7.60 7.34 7.03 6.66 6.21 5.80 5.33 4.90 4.46 4.06 3.68 3.34 3.03 2.80 2.59 2.44 2.33 2.32 2.22 2.28 2.34 2.41 2.52 2.64 2.82 3.03 3.22 3.48 3.77 4.03 4.34 4.65 5.06 5.36 5.74 6.14 6.51 6.91 7.28 7.68 8.05 8.41 8.76 9.07 9.38 9.65 9.90 10.07 10.25 10.37 10.46 10.52 10.51 10.49 10.39 10.29 10.10 9.90 9.63 9.32 9.02 8.69 8.32 7.95 7.55 7.12 6.72 6.30 5.91 5.49 5.10 4.69 4.31 3.95 3.60 3.28 2.98 2.70 2.46 2.17 1.95 1.74 1.56 1.40 1.26 1.10 0.98 0.92 0.83 0.73 0.66 0.62 0.58 0.55 0.50 0.49 0.47 0.44 0.44 0.46 0.43 0.40 0.41 0.45 0.43 0.44 0.45 0.45 0.49 0.49 0.51 0.52 0.61 0.63 0.63 0.66 0.68 0.66 0.69 0.67 0.71 0.70 0.71 0.72 0.71 0.71 0.69 0.71 0.70 0.72 0.72 0.75 0.85 0.92 0.97 1.12 1.26 1.45 1.63 1.86 2.13 2.39 2.72 2.99 3.34 3.68 4.00 4.34 4.62 4.90 5.14 5.31 5.45 5.52 5.57 5.54 5.42 5.29 5.07 4.86 4.57 4.28 3.96 3.62 3.26 2.95 2.58 2.27 1.98 1.71 1.47 1.24 1.05 0.90 0.74 0.62 0.50 0.42 0.36 0.30 0.26 0.23 0.18 0.18 0.16 0.14 0.13 0.12 0.11 0.10 0.13 0.13
6.95 7.38 7.69 7.99 8.11 8.18 8.18 8.08 7.88 7.59 7.24 6.84 6.40 5.93 5.48 4.99 4.53 4.11 3.69 3.33 3.04 2.74 2.53 2.41 2.28 2.20 2.18 2.19 2.25 2.36 2.48 2.61 2.79 3.00 3.23 3.47 3.80 4.08 4.40 4.75 5.14 5.50 5.88 6.26 6.71 7.08 7.50 7.93 8.32 8.70 9.07 9.43 9.71 10.01 10.27 10.50 10.65 10.80 10.89 10.96 10.97 10.88 10.79 10.65 10.48 10.27 9.99 9.73 9.41 9.03 8.68 8.31 7.88 7.44 7.01 6.61 6.17 5.73 5.34 4.91 4.51 4.14 3.78 3.44 3.13 2.82 2.55 2.29 2.05 1.86 0.85 1.50 1.35 1.20 1.05 0.95 0.88 0.82 0.74 0.67 0.62 0.60 0.54 0.52 0.55 0.50 0.47 0.49 0.49 0.46 0.45 0.48 0.50 0.52 0.50 0.53 0.56 0.57 0.62 0.65 0.67 0.74 0.72 0.75 0.80 0.79 0.83 0.84 0.86 0.89 0.85 0.83 0.84 0.83 0.80 0.81 0.81 0.80 0.86 0.87 0.91 0.99 1.09 1.20 1.35 1.53 1.72 1.98 2.25 2.54 2.84 3.18 3.55 3.92 4.25 4.59 4.88 5.17 5.40 5.62 5.77 5.85 5.89 5.83 5.75 5.61 5.39 5.13 4.83 4.52 4.18 3.78 3.45 3.11 2.73 2.44 2.08 1.85 1.55 1.30 1.13 0.92 0.77 0.64 0.52 0.44 0.35 0.30 0.27 0.22 0.21 0.19 0.17 0.12 0.15 0.11 0.13 0.12 0.13 0.13
7.16 7.55 7.95 8.18 8.33 8.41 8.40 8.25 8.06 7.77 7.40 6.96 6.53 6.03 5.54 5.07 4.56 4.14 3.68 3.33 2.99 2.72 2.50 2.35 2.22 2.17 2.13 2.12 2.23 2.31 2.44 2.60 2.78 3.03 3.24 3.53 3.81 4.15 4.51 4.83 5.22 5.63 6.03 6.43 6.86 7.29 7.72 8.17 8.59 8.98 9.36 9.73 10.04 10.39 10.63 10.85 11.05 11.17 11.28 11.35 11.35 11.32 11.24 11.10 10.91 10.68 10.42 10.11 9.78 9.43 9.03 8.62 8.17 7.75 7.30 6.87 6.42 5.97 5.54 5.12 4.71 4.32 3.97 3.61 3.28 2.96 2.67 0.85 0.85 0.85 0.85 0.85 0.85 0.85 1.13 1.02 0.93 0.88 0.81 0.74 0.71 0.64 0.62 0.59 0.55 0.56 0.54 0.54 0.55 0.55 0.55 0.55 0.58 0.60 0.63 0.63 0.70 0.69 0.73 0.75 0.80 0.84 0.88 0.90 0.95 0.97 1.02 1.01 1.02 1.04 1.01 1.00 0.99 0.99 0.95 0.96 0.95 0.93 0.92 0.93 1.01 1.08 1.15 1.29 1.46 1.60 1.85 2.07 2.35 2.70 3.01 3.33 3.76 4.11 4.43 4.81 5.11 5.41 5.68 5.87 6.04 6.15 6.15 6.13 6.01 5.85 5.64 5.34 5.05 4.74 4.37 4.00 3.63 3.22 2.88 2.55 2.22 1.92 1.62 1.39 1.16 0.99 0.80 0.66 0.54 0.47 0.41 0.35 0.28 0.24 0.19 0.19 0.20 0.18 0.16 0.18 0.15 0.15 0.15 0.08
7.27 7.68 8.02 8.30 8.48 8.57 8.52 8.40 8.16 7.89 7.50 7.08 6.61 6.08 5.58 5.04 4.60 4.10 3.70 3.31 2.95 2.71 2.47 2.29 2.18 2.12 2.09 2.11 2.15 2.28 2.41 2.56 2.78 2.98 3.25 3.55 3.86 4.18 4.53 4.93 5.33 5.72 6.17 6.60 7.07 7.51 7.98 8.36 8.81 9.24 9.66 10.03 10.36 10.69 10.97 11.22 11.41 11.58 11.68 11.74 11.72 11.69 11.62 11.46 11.28 11.06 10.75 10.48 10.13 9.77 9.36 8.93 8.50 8.04 7.58 7.12 6.66 6.21 5.76 5.32 4.90 4.50 4.13 3.75 3.41 3.09 0.85 0.85 0.85 0.85 0.85 0.85 0.85 0.85 0.85 1.11 0.99 0.91 0.87 0.80 0.76 0.73 0.68 0.66 0.67 0.63 0.63 0.58 0.63 0.60 0.59 0.67 0.63 0.67 0.70 0.75 0.77 0.82 0.85 0.89 0.93 1.02 1.05 1.12 1.15 1.19 1.21 1.23 1.24 1.23 1.21 1.20 1.17 1.17 1.13 1.12 1.08 1.05 1.07 1.09 1.10 1.18 1.22 1.38 1.54 1.70 1.92 2.18 2.46 2.79 3.10 3.49 3.84 4.22 4.61 4.98 5.33 5.62 5.90 6.10 6.24 6.36 6.40 6.33 6.23 6.08 5.87 5.58 5.26 4.90 4.53 4.12 3.74 3.36 3.00 2.65 2.29 1.96 1.70 1.43 1.21 1.01 0.85 0.70 0.59 0.50 0.42 0.37 0.27 0.25 0.22 0.21 0.18 0.18 0.17 0.17 0.14 0.16 0.13 0.12
7.31 7.74 8.09 8.31 8.53 8.60 8.54 8.41 8.20 7.87 7.50 7.07 6.60 6.10 5.56 5.06 4.56 4.10 3.69 3.28 2.94 2.63 2.40 2.22 2.15 2.06 2.06 2.07 2.10 2.25 2.39 2.56 2.79 2.97 3.27 3.56 3.90 4.24 4.61 5.00 5.44 5.85 6.31 6.77 7.23 7.69 8.16 8.60 9.07 9.51 9.93 10.31 10.66 11.01 11.28 11.55 11.78 11.94 12.03 12.11 12.11 12.08 12.00 11.85 11.68 11.44 11.13 10.84 10.45 10.07 9.66 9.26 8.81 8.32 7.85 7.37 6.90 6.43 5.97 5.52 5.09 4.67 4.27 3.90 3.55 0.85 0.85 0.85 0.85 0.85 0.46 0.85 0.85 0.85 0.85 0.85 1.07 1.01 0.94 0.86 0.84 0.78 0.76 0.73 0.71 0.72 0.67 0.69 0.70 0.68 0.70 0.72 0.74 0.79 0.80 0.85 0.90 0.92 1.01 1.08 1.14 1.21 1.24 1.31 1.37 1.40 1.46 1.47 1.46 1.48 1.47 1.43 1.40 1.35 1.33 1.29 1.24 1.25 1.22 1.21 1.22 1.30 1.34 1.45 1.63 1.79 2.00 2.24 2.56 2.88 3.20 3.54 3.95 4.32 4.76 5.09 5.46 5.78 6.05 6.25 6.43 6.53 6.55 6.53 6.38 6.26 6.00 5.75 5.41 5.06 4.67 4.26 3.87 3.47 3.05 2.70 2.35 2.02 1.75 1.47 1.25 1.04 0.86 0.72 0.61 0.50 0.44 0.35 0.28 0.28 0.24 0.21 0.23 0.20 0.16 0.15 0.18 0.17 0.14 0.14
7.26 7.68 8.00 8.27 8.41 8.51 8.46 8.33 8.13 7.77 7.45 7.01 6.51 6.01 5.46 4.96 4.49 4.01 3.59 3.20 2.87 2.61 2.37 2.21 2.14 2.04 1.99 2.01 2.10 2.25 2.36 2.53 0.85 3.03 3.31 3.63 3.94 4.30 4.70 5.10 5.53 5.98 6.45 6.93 7.38 7.89 8.39 8.85 9.27 9.76 10.15 10.59 10.95 11.33 11.63 11.89 12.10 12.26 12.39 12.45 12.46 12.42 12.33 12.20 11.99 11.77 11.48 11.14 10.78 10.39 10.00 9.52 9.05 8.60 8.10 7.62 7.12 6.64 6.19 5.71 5.26 4.84 4.43 4.04 3.68 0.85 0.85 0.85 0.47 0.47 0.45 0.45 0.47 0.85 0.85 0.85 1.20 1.10 1.01 0.98 0.92 0.91 0.85 0.85 0.82 0.80 0.78 0.79 0.76 0.79 0.84 0.82 0.88 0.90 0.95 1.00 1.03 1.10 1.18 1.27 1.36 1.42 1.50 1.57 1.64 1.68 1.72 1.77 1.76 1.78 1.78 1.72 1.69 1.65 1.58 1.49 1.47 1.42 1.37 1.39 1.36 1.37 1.45 1.54 1.68 1.86 2.06 2.35 2.60 2.93 3.30 3.66 4.05 4.41 4.83 5.18 5.54 5.88 6.15 6.38 6.54 6.62 6.66 6.64 6.50 6.32 6.07 5.82 5.47 5.11 4.76 4.34 3.92 3.53 3.10 2.73 2.40 2.04 1.78 1.52 1.24 1.07 0.90 0.78 0.63 0.54 0.45 0.36 0.33 0.29 0.25 0.24 0.21 0.22 0.19 0.19 0.21 0.17 0.18 0.16
7.13 7.52 7.85 8.15 8.28 8.32 8.30 8.15 7.98 7.67 7.30 6.85 6.37 5.88 5.37 4.84 4.38 3.92 3.54 3.11 2.81 2.52 2.30 2.16 2.02 1.99 1.96 2.02 2.10 0.85 0.85 0.85 0.85 0.85 0.85 0.85 3.98 4.38 4.78 5.20 5.64 6.09 6.57 7.03 7.54 8.04 8.53 9.02 9.52 9.98 10.40 10.83 11.22 11.60 11.90 12.18 12.42 12.60 12.72 12.77 12.78 12.77 12.66 12.54 12.32 12.07 11.79 11.43 11.06 10.67 10.24 9.78 9.30 8.82 8.34 7.83 7.33 6.84 6.35 5.88 5.42 4.99 4.57 4.18 3.81 0.85 0.85 0.85 0.45 0.46 0.46 0.47 0.46 0.85 0.85 0.85 1.26 1.17 1.13 1.04 1.01 0.96 0.95 0.92 0.91 0.89 0.89 0.90 0.90 0.89 0.92 0.98 0.99 1.03 1.12 1.17 1.22 1.34 1.40 1.47 1.60 1.70 1.75 1.86 1.92 2.01 2.04 2.09 2.10 2.10 2.09 2.03 2.01 1.92 1.86 1.80 1.68 1.63 1.60 1.51 1.51 1.55 1.58 1.65 1.75 1.92 2.12 2.37 2.64 2.94 3.31 3.66 4.05 4.45 4.85 5.23 5.61 5.87 6.17 6.37 6.56 6.68 6.69 6.66 6.56 6.39 6.15 5.82 5.50 5.15 4.75 4.35 3.95 3.58 3.14 2.75 2.38 2.10 1.77 1.53 1.30 1.07 0.91 0.75 0.66 0.55 0.47 0.42 0.34 0.35 0.27 0.30 0.27 0.24 0.22 0.23 0.23 0.21 0.20 0.18
6.90 7.27 7.60 7.85 8.02 8.07 8.08 7.92 7.71 7.43 7.07 6.62 6.15 5.70 5.19 4.72 4.21 3.78 3.39 3.02 2.70 2.47 2.23 2.10 2.00 1.94 1.94 1.98 0.85 0.85 0.85 0.85 0.85 0.85 0.85 0.85 0.85 4.45 4.84 5.29 5.73 6.16 6.66 7.17 7.70 8.20 8.72 9.21 9.67 10.15 10.61 11.06 11.45 11.81 12.16 12.44 12.67 12.83 12.94 13.05 13.07 13.02 12.94 12.78 12.61 12.33 12.04 11.73 11.32 10.91 10.49 10.01 9.53 9.04 8.53 8.02 7.52 7.01 6.52 6.04 5.57 5.13 4.70 4.30 0.85 0.85 0.85 0.47 0.48 0.48 0.48 0.46 0.46 0.45 0.85 0.85 0.85 1.27 1.21 1.17 1.10 1.07 1.05 1.03 1.01 1.02 1.02 1.03 1.03 1.07 1.09 1.11 1.16 1.25 1.26 1.35 1.42 1.53 1.65 1.72 1.84 1.98 2.08 2.18 2.30 2.40 2.44 2.48 2.50 2.49 2.45 2.38 2.35 2.27 2.16 2.07 1.97 1.86 1.80 1.72 1.68 1.66 1.70 1.75 1.84 1.99 2.18 2.40 2.64 2.95 3.31 3.64 4.05 4.42 4.83 5.20 5.53 5.86 6.15 6.34 6.55 6.63 6.64 6.62 6.50 6.35 6.08 5.81 5.49 5.13 4.73 4.35 3.96 3.52 3.11 2.80 2.39 2.11 1.83 1.50 1.31 1.12 0.91 0.79 0.70 0.57 0.49 0.46 0.39 0.36 0.30 0.30 0.29 0.29 0.27 0.27 0.24 0.24 0.24 0.21
6.60 6.99 7.28 7.52 7.67 7.73 7.71 7.58 7.38 7.09 6.76 6.35 5.89 5.45 5.00 4.53 4.06 3.64 3.24 2.92 2.60 2.36 2.18 2.01 1.94 1.87 1.91 0.85 0.85 0.85 0.85 0.85 0.47 0.85 0.85 0.85 0.85 0.85 4.90 5.35 5.81 6.27 6.74 7.33 7.80 8.34 8.84 9.37 9.85 10.35 10.83 11.21 11.69 12.02 12.39 12.66 12.91 13.07 13.19 13.29 13.31 13.32 13.19 13.04 12.85 12.57 12.30 11.96 11.57 11.16 10.71 10.22 9.73 9.23 8.72 8.20 7.68 7.17 6.67 6.18 5.71 5.26 4.83 4.42 4.04 0.85 0.85 0.85 0.45 0.47 0.46 0.46 0.45 0.85 0.85 0.85 1.49 1.39 1.31 1.30 1.23 1.21 1.17 1.15 1.17 1.12 1.16 1.17 1.20 1.19 1.24 1.29 1.35 1.38 1.46 1.55 1.67 1.76 1.90 2.02 2.19 2.30 2.44 2.55 2.65 2.78 2.85 2.89 2.91 2.92 2.87 2.79 2.70 2.62 2.52 2.39 2.26 2.13 2.03 1.93 1.87 1.81 1.81 1.82 1.91 2.05 2.20 2.44 2.64 2.97 3.27 3.62 4.02 4.39 4.77 5.14 5.47 5.76 6.05 6.26 6.41 6.51 6.56 6.49 6.39 6.21 6.02 5.77 5.41 5.03 4.68 4.28 3.88 3.47 3.12 2.73 2.42 2.05 1.79 1.54 1.32 1.11 0.94 0.83 0.67 0.58 0.54 0.49 0.44 0.39 0.35 0.32 0.33 0.33 0.29 0.30 0.27 0.28 0.27 0.26
6.25 6.59 6.90 7.11 7.27 7.31 7.28 7.17 6.98 6.68 6.38 6.00 5.60 5.17 4.72 4.26 3.84 3.43 3.08 2.76 2.47 2.27 2.08 1.93 1.90 1.85 1.87 0.85 0.85 0.85 0.47 0.45 0.45 0.47 0.46 0.85 0.85 0.85 4.96 5.39 5.87 6.37 6.86 7.37 7.88 8.43 8.96 9.47 10.01 10.46 10.98 11.42 11.81 12.23 12.54 12.85 13.07 13.27 13.42 13.53 13.54 13.48 13.42 13.26 13.02 12.78 12.49 12.16 11.75 11.34 10.88 10.41 9.91 9.40 8.88 8.36 7.83 7.31 6.81 6.31 5.84 5.38 4.95 4.54 4.15 0.85 0.85 0.85 0.48 0.46 0.46 0.47 0.45 0.85 0.85 0.85 1.58 1.50 1.44 1.41 1.37 1.34 1.30 1.30 1.27 1.30 1.30 1.30 1.34 1.38 1.42 1.45 1.51 1.64 1.69 1.82 1.93 2.07 2.18 2.34 2.49 2.69 2.85 2.98 3.09 3.24 3.29 3.36 3.36 3.36 3.34 3.27 3.17 3.05 2.88 2.74 2.58 2.44 2.28 2.16 2.04 1.96 1.95 1.97 2.00 2.12 2.23 2.44 2.67 2.92 3.23 3.59 3.91 4.26 4.65 4.99 5.33 5.61 5.89 6.10 6.24 6.36 6.37 6.34 6.22 6.09 5.86 5.60 5.27 4.95 4.56 4.17 3.79 3.40 3.03 2.68 2.34 2.02 1.73 1.55 1.30 1.12 0.96 0.84 0.71 0.63 0.56 0.49 0.46 0.43 0.43 0.40 0.35 0.36 0.37 0.33 0.34 0.31 0.32 0.31
5.85 6.16 6.46 6.70 6.81 6.84 6.86 6.70 6.52 6.29 5.97 5.62 5.23 4.83 4.41 4.02 3.61 3.23 2.91 2.63 2.35 2.15 1.98 1.87 1.81 1.79 1.80 0.85 0.85 0.85 0.47 0.47 0.47 0.47 0.46 0.85 0.85 0.85 4.99 5.46 5.94 6.41 6.94 7.45 7.96 8.53 9.06 9.59 10.13 10.61 11.11 11.57 11.97 12.37 12.69 13.01 13.23 13.42 13.61 13.69 13.70 13.65 13.57 13.40 13.22 12.95 12.67 12.32 11.95 11.51 11.04 10.56 10.06 9.54 9.02 8.49 7.96 7.44 6.93 6.43 5.95 5.49 5.05 4.64 4.25 0.85 0.85 0.85 0.85 0.85 0.46 0.85 0.85 0.85 0.85 0.85 1.71 1.65 1.60 1.54 1.51 1.47 1.47 1.44 1.43 1.43 1.50 1.51 1.51 1.55 1.61 1.67 1.73 1.85 1.95 2.08 2.23 2.35 2.52 2.71 2.87 3.08 3.25 3.43 3.57 3.70 3.77 3.85 3.88 3.87 3.81 3.74 3.61 3.48 3.26 3.09 2.91 2.75 2.55 2.39 2.25 2.14 2.07 2.07 2.09 2.12 2.24 2.42 2.62 2.86 3.16 3.46 3.79 4.14 4.46 4.83 5.16 5.45 5.67 5.90 6.04 6.13 6.13 6.13 6.01 5.84 5.65 5.39 5.07 4.77 4.37 4.03 3.65 3.28 2.95 2.60 2.25 1.98 1.75 1.50 1.31 1.13 0.96 0.85 0.75 0.68 0.61 0.55 0.52 0.50 0.49 0.44 0.42 0.42 0.41 0.40 0.40 0.37 0.37 0.36
5.41 5.69 5.98 6.15 6.29 6.35 6.29 6.20 6.04 5.80 5.53 5.23 4.83 4.47 4.09 3.71 3.35 3.00 2.70 2.45 2.23 2.02 1.89 1.79 1.75 1.74 0.85 0.85 0.85 0.48 0.47 0.46 0.46 0.47 0.47 0.48 0.85 0.85 0.85 5.49 5.96 6.46 6.95 7.53 8.04 8.58 9.14 9.67 10.18 10.72 11.17 11.67 12.05 12.48 12.80 13.12 13.38 13.58 13.73 13.81 13.82 13.79 13.68 13.56 13.39 13.12 12.78 12.44 12.04 11.62 11.18 10.68 10.17 9.66 9.13 8.60 8.06 7.54 7.03 6.53 6.04 5.58 5.15 4.73 4.35 3.99 0.85 0.85 0.85 0.85 0.85 0.85 0.85 0.85 0.85 1.93 1.84 1.79 1.74 1.68 1.68 1.64 1.62 1.61 1.61 1.64 1.64 1.69 1.70 1.77 1.81 1.88 1.97 2.08 2.20 2.38 2.50 2.68 2.87 3.05 3.27 3.47 3.69 3.90 4.04 4.17 4.27 4.37 4.40 4.41 4.33 4.25 4.09 3.94 3.74 3.50 3.29 3.05 2.83 2.63 2.45 2.31 2.21 2.14 2.13 2.17 2.27 2.39 2.56 2.78 3.03 3.33 3.65 3.97 4.31 4.60 4.91 5.18 5.44 5.62 5.78 5.83 5.88 5.85 5.76 5.57 5.39 5.14 4.86 4.56 4.22 3.83 3.52 3.15 2.83 2.49 2.21 1.92 1.68 1.50 1.28 1.13 0.98 0.87 0.81 0.71 0.66 0.61 0.60 0.55 0.55 0.54 0.50 0.50 0.46 0.47 0.47 0.45 0.43 0.42
4.95 5.22 5.47 5.61 5.75 5.80 5.80 5.65 5.53 5.31 5.03 4.76 4.45 4.08 3.76 3.41 3.07 2.79 2.53 2.27 2.07 1.90 1.80 1.71 1.65 1.69 1.76 0.85 0.85 0.85 0.46 0.46 0.47 0.47 0.48 0.85 0.85 0.85 5.02 5.49 6.00 6.48 7.01 7.54 8.09 8.65 9.19 9.70 10.24 10.75 11.25 11.71 12.14 12.59 12.89 13.22 13.49 13.66 13.82 13.88 13.91 13.89 13.80 13.65 13.46 13.21 12.89 12.53 12.14 11.71 11.25 10.77 10.26 9.74 9.21 8.68 8.15 7.62 7.11 6.61 6.13 5.67 5.23 4.82 4.44 4.09 3.76 0.85 0.85 0.85 0.85 0.85 0.85 0.85 2.17 2.07 1.99 1.95 1.88 1.86 1.81 1.82 1.81 1.80 1.83 1.84 1.85 1.91 1.91 1.96 2.07 2.10 2.22 2.34 2.49 2.64 2.83 3.01 3.22 3.47 3.69 3.92 4.15 4.37 4.56 4.72 4.85 4.90 4.97 4.91 4.92 4.76 4.60 4.41 4.18 3.94 3.67 3.41 3.15 2.86 2.66 2.48 2.34 2.23 2.21 2.19 2.24 2.38 2.49 2.72 2.96 3.19 3.48 3.80 4.08 4.37 4.65 4.89 5.10 5.29 5.44 5.53 5.55 5.51 5.41 5.31 5.10 4.84 4.58 4.28 4.00 3.63 3.34 3.03 2.70 2.41 2.11 1.89 1.66 1.44 1.26 1.14 1.01 0.92 0.83 0.78 0.70 0.68 0.67 0.63 0.63 0.61 0.59 0.60 0.59 0.56 0.54 0.55 0.53 0.52
4.46 4.72 4.93 5.08 5.16 5.22 5.23 5.11 4.99 4.82 4.56 4.31 4.03 3.71 3.42 3.13 2.81 2.53 2.28 2.11 1.90 1.81 1.69 1.63 1.64 1.62 1.70 0.85 0.85 0.85 0.45 0.46 0.47 0.46 0.46 0.85 0.85 0.85 5.04 5.52 5.98 6.47 7.05 7.57 8.09 8.66 9.20 9.72 10.29 10.78 11.27 11.77 12.21 12.59 12.96 13.22 13.51 13.71 13.88 13.93 13.94 13.93 13.87 13.72 13.50 13.27 12.94 12.59 12.21 11.77 11.31 10.83 10.32 9.81 9.28 8.74 8.21 7.69 7.18 6.68 6.20 5.74 5.31 4.90 4.52 4.18 3.86 3.57 3.31 3.08 0.85 2.70 2.55 2.42 2.31 2.23 2.15 2.10 2.07 2.05 2.02 2.04 2.03 2.00 2.05 2.05 2.07 2.13 2.17 2.24 2.29 2.39 2.50 2.62 2.77 2.95 3.13 3.37 3.60 3.85 4.13 4.39 4.63 4.86 5.07 5.25 5.39 5.49 5.53 5.48 5.41 5.30 5.10 4.91 4.63 4.36 4.04 3.71 3.44 3.15 2.86 2.66 2.49 2.33 2.24 2.24 2.24 2.29 2.44 2.61 2.79 3.02 3.29 3.56 3.80 4.09 4.32 4.59 4.80 4.98 5.07 5.15 5.18 5.13 5.07 4.94 4.78 4.56 4.30 4.02 3.74 3.44 3.14 2.84 2.55 2.29 2.04 1.81 1.61 1.42 1.26 1.14 1.04 0.95 0.89 0.86 0.81 0.76 0.74 0.72 0.72 0.72 0.71 0.69 0.68 0.67 0.65 0.63 0.62 0.60
3.98 4.20 4.39 4.54 4.63 4.64 4.64 4.57 4.45 4.30 4.07 3.87 3.59 3.35 3.07 2.79 2.53 2.32 2.11 1.92 1.76 1.66 1.59 1.53 1.54 1.58 1.64 0.85 0.85 0.85 0.85 0.85 0.46 0.85 0.85 0.85 0.85 0.85 5.02 5.48 5.99 6.48 7.03 7.55 8.13 8.66 9.22 9.76 10.30 10.79 11.30 11.74 12.20 12.59 12.94 13.23 13.52 13.71 13.86 13.98 13.99 13.95 13.88 13.73 13.52 13.26 12.96 12.62 12.23 11.80 11.35 10.86 10.36 9.84 9.32 8.79 8.26 7.74 7.23 6.73 6.26 5.80 5.38 4.98 4.60 4.26 3.95 3.67 3.42 3.19 3.00 2.83 2.69 2.57 2.47 2.39 2.34 2.29 2.26 2.25 2.22 2.22 2.22 2.21 2.27 2.27 2.29 2.36 2.40 2.49 2.56 2.67 2.80 2.95 3.10 3.28 3.50 3.75 4.02 4.30 4.57 4.82 5.11 5.37 5.60 5.81 5.96 6.03 6.09 6.05 5.95 5.81 5.61 5.35 5.07 4.76 4.41 4.04 3.70 3.41 3.07 2.83 2.60 2.41 2.31 2.25 2.21 2.24 2.34 2.51 2.63 2.84 3.05 3.32 3.53 3.81 4.03 4.25 4.45 4.57 4.71 4.76 4.79 4.76 4.69 4.58 4.41 4.20 3.99 3.75 3.47 3.21 2.94 2.66 2.44 2.15 1.94 1.76 1.54 1.42 1.26 1.17 1.06 0.99 0.95 0.90 0.90 0.88 0.85 0.85 0.86 0.84 0.83 0.82 0.81 0.80 0.78 0.76 0.73 0.71
3.51 3.72 3.90 4.01 4.09 4.15 4.10 4.04 3.92 3.80 3.61 3.40 3.20 2.96 2.72 2.50 2.26 2.07 1.92 1.74 1.64 1.54 1.47 1.44 1.47 1.51 1.61 1.71 0.85 0.85 0.85 0.85 0.85 0.85 0.85 0.85 0.85 4.57 5.01 5.46 5.96 6.47 7.01 7.53 8.08 8.60 9.18 9.71 10.28 10.76 11.25 11.74 12.17 12.55 12.92 13.24 13.50 13.69 13.84 13.94 13.98 13.94 13.84 13.70 13.50 13.25 12.96 12.61 12.22 11.80 11.35 10.87 10.37 9.85 9.33 8.81 8.28 7.77 7.26 6.77 6.30 5.86 5.44 5.04 4.68 4.35 4.04 3.77 3.53 3.31 3.13 2.97 2.84 2.73 2.64 2.57 2.52 2.48 2.46 2.44 2.44 2.45 2.44 2.48 2.53 2.55 2.56 2.64 2.70 2.76 2.84 2.97 3.10 3.24 3.42 3.63 3.86 4.12 4.41 4.68 4.99 5.31 5.60 5.85 6.13 6.33 6.48 6.58 6.60 6.58 6.49 6.30 6.09 5.80 5.50 5.16 4.75 4.37 3.99 3.63 3.30 3.00 2.72 2.52 2.31 2.23 2.19 2.18 2.25 2.37 2.49 2.63 2.84 3.04 3.25 3.51 3.71 3.90 4.07 4.22 4.31 4.35 4.40 4.35 4.29 4.20 4.05 3.88 3.66 3.45 3.21 2.97 2.71 2.48 2.26 2.07 1.87 1.68 1.53 1.40 1.28 1.21 1.15 1.08 1.02 1.00 0.99 0.99 0.98 0.98 0.99 0.98 0.99 0.97 0.97 0.95 0.93 0.91 0.88 0.85
3.06 3.23 3.39 3.50 3.56 3.61 3.59 3.54 3.44 3.35 3.16 3.01 2.83 2.61 2.43 2.22 2.02 1.88 1.71 1.58 1.50 1.48 1.37 1.37 1.44 1.44 1.56 1.67 1.84 0.85 0.85 0.85 0.85 0.85 0.85 0.85 4.12 4.56 4.99 5.43 5.94 6.42 6.96 7.50 8.05 8.58 9.12 9.66 10.19 10.70 11.19 11.69 12.11 12.51 12.87 13.17 13.43 13.66 13.78 13.88 13.91 13.89 13.80 13.65 13.46 13.23 12.92 12.58 12.19 11.79 11.32 10.85 10.36 9.85 9.33 8.81 8.29 7.78 7.28 6.80 6.34 5.90 5.49 5.11 4.75 4.43 4.13 3.87 3.64 3.44 3.26 3.12 2.99 2.90 2.82 2.76 2.72 2.69 2.67 2.67 2.67 2.68 2.69 2.73 2.77 2.78 2.84 2.91 2.97 3.06 3.16 3.25 3.42 3.58 3.77 3.95 4.22 4.51 4.80 5.12 5.40 5.75 6.05 6.36 6.59 6.82 7.01 7.11 7.11 7.10 6.97 6.77 6.54 6.27 5.90 5.50 5.08 4.69 4.28 3.86 3.46 3.10 2.84 2.61 2.36 2.27 2.18 2.15 2.18 2.22 2.34 2.48 2.60 2.81 2.99 3.17 3.36 3.54 3.68 3.81 3.95 3.97 3.99 3.98 3.90 3.80 3.68 3.54 3.36 3.15 2.97 2.74 2.54 2.30 2.15 1.96 1.75 1.63 1.52 1.38 1.30 1.24 1.18 1.17 1.15 1.15 1.15 1.15 1.13 1.17 1.16 1.15 1.16 1.14 1.13 1.12 1.11 1.07 1.03 1.01
2.64 2.78 2.95 3.01 3.09 3.11 3.09 3.08 2.96 2.89 2.75 2.60 2.46 2.28 2.11 1.98 1.76 1.63 1.52 1.43 1.38 1.32 1.28 1.30 1.35 1.44 1.52 1.64 1.79 2.00 2.20 2.43 0.85 3.03 3.35 3.70 4.08 4.50 4.95 5.41 5.89 6.38 6.90 7.43 7.99 8.51 9.04 9.61 10.13 10.63 11.12 11.60 11.99 12.41 12.78 13.09 13.32 13.56 13.69 13.78 13.82 13.81 13.71 13.60 13.40 13.14 12.85 12.51 12.13 11.72 11.28 10.81 10.32 9.82 9.31 8.80 8.29 7.78 7.29 6.82 6.37 5.94 5.54 5.16 4.82 4.51 4.22 3.97 3.75 3.56 3.40 3.27 3.16 3.07 3.01 2.97 2.93 2.91 2.91 2.91 2.93 2.96 2.98 3.01 3.06 3.10 3.15 3.19 3.28 3.36 3.44 3.58 3.70 3.89 4.11 4.32 4.59 4.86 5.16 5.50 5.82 6.17 6.48 6.80 7.09 7.28 7.44 7.56 7.60 7.53 7.44 7.20 6.95 6.60 6.27 5.83 5.39 4.92 4.47 4.02 3.62 3.26 2.91 2.63 2.42 2.25 2.13 2.07 2.05 2.11 2.17 2.28 2.38 2.57 2.70 2.89 3.01 3.17 3.31 3.41 3.51 3.57 3.58 3.57 3.49 3.43 3.33 3.20 3.05 2.86 2.71 2.49 2.31 2.13 1.98 1.83 1.71 1.60 1.48 1.41 1.35 1.30 1.27 1.28 1.25 1.25 1.27 1.28 1.30 1.32 1.33 1.34 1.34 1.34 1.33 1.33 1.29 1.26 1.22 1.17
2.25 2.39 2.51 2.58 2.63 2.63 2.64 2.60 2.53 2.45 2.36 2.23 2.11 1.99 1.84 1.72 1.57 1.46 1.38 1.30 1.22 1.19 1.19 1.25 1.29 1.36 1.45 1.59 1.77 1.93 2.15 2.42 2.70 2.98 3.32 3.64 4.04 4.45 4.89 5.38 5.83 6.32 6.84 7.37 7.90 8.45 8.98 9.49 10.00 10.52 11.04 11.46 11.93 12.30 12.66 12.95 13.20 13.42 13.60 13.69 13.71 13.69 13.60 13.47 13.28 13.04 12.76 12.42 12.05 11.65 11.21 10.75 10.27 9.77 9.27 8.77 8.27 7.77 7.29 6.83 6.39 5.97 5.58 5.22 4.89 4.59 4.32 4.08 3.87 3.70 3.55 3.43 3.33 3.26 3.22 3.17 3.16 3.17 3.16 3.17 3.19 3.26 3.28 3.34 3.36 3.42 3.46 3.53 3.61 3.69 3.77 3.91 4.05 4.22 4.45 4.67 4.91 5.22 5.54 5.87 6.21 6.54 6.88 7.20 7.47 7.69 7.90 7.97 7.98 7.95 7.79 7.59 7.30 6.95 6.54 6.10 5.64 5.18 4.68 4.20 3.78 3.38 3.00 2.72 2.42 2.24 2.08 1.99 1.94 1.97 1.96 2.11 2.19 2.31 2.43 2.57 2.72 2.84 2.97 3.03 3.13 3.17 3.16 3.16 3.12 3.07 2.97 2.87 2.74 2.57 2.47 2.29 2.13 2.00 1.86 1.73 1.65 1.55 1.49 1.41 1.38 1.40 1.38 1.38 1.39 1.42 1.44 1.47 1.52 1.52 1.54 1.56 1.57 1.57 1.55 1.54 1.51 1.47 1.42 1.37
1.91 2.04 2.11 2.16 2.22 2.24 2.27 2.22 2.17 2.09 2.04 1.90 1.77 1.69 1.58 1.48 1.38 1.31 1.22 1.16 1.13 1.12 1.11 1.16 1.25 1.31 1.43 1.54 1.74 1.94 2.13 2.39 2.63 2.95 3.25 3.62 4.01 4.40 4.86 5.31 5.77 6.27 6.76 7.31 7.81 8.34 8.88 9.43 9.94 10.44 10.92 11.34 11.76 12.17 12.55 12.84 13.09 13.28 13.45 13.51 13.57 13.55 13.47 13.34 13.16 12.92 12.64 12.32 11.95 11.55 11.12 10.67 10.20 9.71 9.22 8.73 8.24 7.75 7.29 6.83 6.41 6.00 5.62 5.27 4.95 4.67 4.41 4.19 3.99 3.83 3.70 3.59 3.51 3.46 3.43 3.40 3.39 3.42 3.42 3.47 3.49 3.55 3.58 3.60 3.68 3.72 3.78 3.85 3.91 4.04 4.14 4.24 4.38 4.57 4.79 5.00 5.30 5.56 5.88 6.23 6.54 6.91 7.23 7.56 7.79 8.05 8.20 8.30 8.33 8.25 8.09 7.88 7.59 7.22 6.78 6.32 5.83 5.31 4.80 4.33 3.85 3.43 3.07 2.70 2.42 2.20 2.03 1.92 1.84 1.81 1.84 1.88 1.97 2.07 2.19 2.31 2.41 2.51 2.59 2.71 2.75 2.81 2.84 2.81 2.74 2.74 2.66 2.54 2.43 2.33 2.19 2.10 1.97 1.88 1.74 1.69 1.63 1.52 1.50 1.46 1.46 1.48 1.48 1.51 1.55 1.60 1.64 1.69 1.72 1.75 1.78 1.80 1.81 1.83 1.80 1.78 1.75 1.71 1.67 1.59
1.60 1.69 1.77 1.82 1.87 1.89 1.89 1.87 1.83 1.76 1.69 1.61 1.52 1.45 1.39 1.26 1.24 1.15 1.07 1.06 1.07 1.05 1.07 1.12 1.19 1.27 1.40 1.53 1.71 1.88 2.12 2.33 2.59 2.90 3.23 3.62 3.96 4.38 4.77 5.21 5.66 6.20 6.70 7.22 7.70 8.25 8.77 9.28 9.81 10.30 10.77 11.21 11.65 12.01 12.38 12.69 12.92 13.13 13.28 13.39 13.41 13.38 13.32 13.20 13.01 12.78 12.51 12.19 11.83 11.44 11.02 10.57 10.11 9.64 9.16 8.67 8.20 7.73 7.27 6.83 6.41 6.02 5.66 5.32 5.02 4.75 4.51 4.30 4.12 3.98 3.86 3.77 3.70 3.66 3.64 3.63 3.64 3.67 3.71 3.73 3.79 3.84 3.91 3.94 4.04 4.07 4.10 4.17 4.27 4.36 4.47 4.57 4.73 4.93 5.11 5.31 5.60 5.89 6.20 6.54 6.85 7.21 7.52 7.85 8.11 8.35 8.48 8.56 8.57 8.49 8.36 8.07 7.80 7.40 6.94 6.46 5.98 5.45 4.93 4.41 3.92 3.44 3.08 2.73 2.42 2.17 1.98 1.85 1.75 1.69 1.69 1.70 1.75 1.83 1.92 2.03 2.14 2.21 2.29 2.37 2.41 2.46 2.45 2.46 2.44 2.41 2.35 2.25 2.18 2.10 1.98 1.88 1.80 1.74 1.67 1.60 1.57 1.56 1.55 1.53 1.57 1.59 1.62 1.67 1.73 1.79 1.85 1.91 1.96 2.01 2.05 2.08 2.09 2.09 2.08 2.06 2.02 1.97 1.91 1.83
1.32 1.40 1.46 1.54 1.55 1.56 1.58 1.54 1.53 1.49 1.43 1.39 1.29 1.21 1.16 1.11 1.05 1.01 0.99 0.98 0.98 0.95 1.03 1.08 1.14 1.23 1.36 1.51 1.65 1.85 2.06 2.34 2.56 2.88 3.18 3.54 3.92 4.29 4.71 5.17 5.61 6.09 6.59 7.08 7.60 8.14 8.63 9.19 9.69 10.15 10.62 11.07 11.49 11.87 12.21 12.51 12.76 12.99 13.10 13.19 13.22 13.22 13.15 13.03 12.85 12.63 12.36 12.05 11.70 11.32 10.91 10.47 10.02 9.55 9.08 8.61 8.15 7.69 7.25 6.82 6.42 6.04 5.69 5.37 5.08 4.83 4.60 4.41 4.25 4.12 4.02 3.95 3.90 3.88 3.87 3.88 3.91 3.94 3.98 4.05 4.10 4.15 4.21 4.29 4.36 4.41 4.49 4.58 4.65 4.72 4.82 4.95 5.06 5.21 5.43 5.67 5.92 6.16 6.48 6.80 7.15 7.47 7.78 8.07 8.33 8.55 8.67 8.74 8.75 8.66 8.51 8.24 7.92 7.52 7.08 6.56 6.03 5.51 4.99 4.43 3.96 3.47 3.06 2.71 2.37 2.14 1.90 1.77 1.64 1.56 1.53 1.57 1.57 1.61 1.72 1.79 1.85 1.94 1.99 2.01 2.09 2.13 2.14 2.15 2.13 2.12 2.08 2.03 1.92 1.87 1.78 1.76 1.67 1.62 1.58 1.57 1.56 1.55 1.58 1.60 1.68 1.71 1.78 1.86 1.94 2.02 2.09 2.17 2.24 2.29 2.34 2.38 2.39 2.40 2.39 2.36 2.32 2.26 2.19 2.10
1.12 1.16 1.22 1.27 1.30 1.30 1.31 1.29 1.28 1.24 1.18 1.14 1.09 1.01 1.02 0.92 0.93 0.92 0.87 0.87 0.89 0.87 0.93 0.99 1.07 1.18 1.32 1.46 1.64 1.80 2.03 2.28 2.54 2.80 3.13 3.47 3.85 4.23 4.67 5.09 5.52 5.99 6.47 6.99 7.47 8.01 8.51 9.03 9.52 9.98 10.47 10.90 11.33 11.68 12.03 12.31 12.57 12.78 12.92 13.00 13.04 13.03 12.97 12.85 12.68 12.47 12.20 11.90 11.56 11.18 10.78 10.36 9.92 9.46 9.01 8.55 8.09 7.65 7.22 6.81 6.42 6.06 5.73 5.42 5.15 4.91 4.70 4.53 4.39 4.27 4.19 4.14 4.10 4.10 4.11 4.14 4.17 4.24 4.32 4.35 4.43 4.49 4.58 4.66 4.70 4.79 4.86 4.93 5.01 5.07 5.19 5.32 5.43 5.58 5.75 5.95 6.17 6.45 6.75 7.04 7.34 7.68 7.95 8.22 8.48 8.67 8.78 8.88 8.81 8.74 8.56 8.28 7.96 7.56 7.09 6.59 6.05 5.53 4.98 4.43 3.93 3.47 3.04 2.68 2.33 2.04 1.83 1.68 1.53 1.47 1.41 1.37 1.40 1.44 1.49 1.53 1.60 1.66 1.71 1.77 1.80 1.85 1.87 1.91 1.86 1.82 1.83 1.76 1.74 1.70 1.63 1.61 1.57 1.54 1.55 1.56 1.57 1.59 1.66 1.71 1.80 1.87 1.96 2.06 2.16 2.26 2.36 2.45 2.54 2.60 2.66 2.70 2.72 2.73 2.72 2.70 2.64 2.57 2.50 2.40
0.89 0.97 0.99 1.01 1.05 1.08 1.07 1.07 1.02 1.03 0.98 0.96 0.96 0.90 0.88 0.80 0.81 0.79 0.78 0.81 0.78 0.85 0.91 0.94 1.06 1.16 1.28 1.42 1.60 1.80 1.97 2.23 2.49 2.80 3.08 3.42 3.74 4.17 4.57 4.99 5.45 5.89 6.41 6.85 7.40 7.89 8.39 8.85 9.34 9.83 10.29 10.76 11.12 11.49 11.85 12.12 12.38 12.55 12.70 12.82 12.88 12.86 12.78 12.68 12.50 12.29 12.04 11.74 11.41 11.04 10.65 10.24 9.81 9.37 8.92 8.48 8.04 7.61 7.20 6.80 6.43 6.08 5.76 5.47 5.22 5.00 4.81 4.65 4.52 4.43 4.37 4.33 4.31 4.32 4.35 4.39 4.46 4.52 4.60 4.69 4.77 4.83 4.93 5.01 5.07 5.14 5.21 5.30 5.38 5.44 5.53 5.61 5.77 5.89 6.05 6.25 6.46 6.70 6.95 7.25 7.55 7.82 8.09 8.33 8.54 8.71 8.85 8.87 8.84 8.70 8.52 8.26 7.91 7.49 7.02 6.53 6.00 5.44 4.88 4.36 3.86 3.43 3.00 2.64 2.28 1.99 1.78 1.58 1.44 1.35 1.28 1.26 1.26 1.27 1.31 1.35 1.36 1.45 1.48 1.53 1.54 1.58 1.58 1.57 1.61 1.59 1.60 1.56 1.53 1.52 1.50 1.48 1.48 1.47 1.54 1.58 1.59 1.66 1.74 1.83 1.93 2.05 2.20 2.29 2.41 2.53 2.65 2.76 2.85 2.94 3.00 3.05 3.08 3.09 3.07 3.04 2.98 2.91 2.82 2.71
0.74 0.79 0.81 0.87 0.87 0.87 0.88 0.87 0.88 0.87 0.83 0.82 0.82 0.79 0.74 0.73 0.72 0.72 0.73 0.71 0.76 0.81 0.83 0.93 1.03 1.11 1.26 1.38 1.55 1.75 1.98 2.18 2.47 2.73 3.03 3.37 3.75 4.10 4.51 4.92 5.34 5.80 6.30 6.76 7.25 7.76 8.26 8.71 9.22 9.69 10.11 10.56 10.95 11.34 11.67 11.94 12.22 12.39 12.50 12.61 12.66 12.64 12.58 12.48 12.32 12.11 11.87 11.58 11.25 10.90 10.52 10.12 9.70 9.27 8.84 8.41 7.98 7.57 7.17 6.79 6.43 6.10 5.80 5.53 5.29 5.08 4.91 4.77 4.66 4.59 4.54 4.52 4.53 4.56 4.60 4.66 4.76 4.82 4.91 5.05 5.08 5.22 5.29 5.38 5.45 5.51 5.61 5.68 5.73 5.82 5.88 5.99 6.09 6.21 6.34 6.52 6.70 6.93 7.14 7.42 7.65 7.92 8.15 8.38 8.57 8.70 8.75 8.80 8.75 8.64 8.40 8.14 7.79 7.36 6.91 6.41 5.87 5.36 4.82 4.31 3.80 3.33 2.91 2.54 2.21 1.92 1.67 1.47 1.35 1.27 1.13 1.14 1.10 1.11 1.12 1.15 1.21 1.25 1.29 1.33 1.33 1.37 1.37 1.40 1.37 1.39 1.41 1.38 1.40 1.38 1.37 1.41 1.44 1.47 1.50 1.58 1.65 1.74 1.85 1.97 2.10 2.24 2.39 2.53 2.68 2.82 2.96 3.08 3.20 3.29 3.37 3.42 3.46 3.47 3.45 3.41 3.35 3.27 3.18 3.05
0.59 0.64 0.67 0.69 0.71 0.73 0.76 0.73 0.70 0.73 0.69 0.66 0.68 0.64 0.61 0.64 0.63 0.61 0.65 0.68 0.72 0.76 0.84 0.91 0.99 1.14 1.21 1.35 1.51 1.73 1.93 2.16 2.38 2.67 3.01 3.31 3.64 4.03 4.38 4.82 5.26 5.69 6.16 6.65 7.11 7.60 8.12 8.57 9.03 9.51 9.96 10.38 10.75 11.13 11.46 11.72 11.95 12.18 12.32 12.40 12.46 12.46 12.39 12.28 12.13 11.93 11.69 11.41 11.10 10.75 10.38 9.99 9.59 9.17 8.75 8.33 7.92 7.52 7.14 6.77 6.43 6.12 5.83 5.58 5.36 5.17 5.02 4.90 4.81 4.75 4.72 4.72 4.75 4.79 4.88 4.94 5.04 5.14 5.25 5.34 5.44 5.58 5.64 5.76 5.84 5.92 5.98 6.03 6.12 6.16 6.27 6.31 6.39 6.53 6.62 6.78 6.91 7.10 7.35 7.52 7.75 7.95 8.16 8.34 8.50 8.58 8.66 8.66 8.58 8.44 8.25 7.95 7.62 7.20 6.73 6.22 5.71 5.19 4.66 4.16 3.70 3.22 2.78 2.42 2.12 1.82 1.58 1.41 1.25 1.13 1.10 1.01 0.99 1.01 0.96 1.00 1.05 1.07 1.07 1.11 1.11 1.16 1.18 1.20 1.23 1.21 1.25 1.23 1.27 1.27 1.26 1.36 1.43 1.45 1.55 1.61 1.73 1.85 1.98 2.13 2.29 2.46 2.63 2.80 2.97 3.13 3.29 3.43 3.56 3.67 3.75 3.82 3.86 3.87 3.85 3.81 3.74 3.65 3.54 3.40
0.50 0.53 0.55 0.57 0.59 0.60 0.58 0.64 0.61 0.58 0.56 0.58 0.55 0.55 0.55 0.60 0.61 0.56 0.63 0.64 0.66 0.72 0.76 0.86 0.95 1.06 1.18 1.34 1.50 1.70 1.88 2.09 2.36 2.64 2.92 3.28 3.60 3.96 4.35 4.77 5.16 5.61 6.05 6.53 7.00 7.48 7.99 8.45 8.92 9.35 9.77 10.19 10.55 10.92 11.27 11.52 11.78 11.95 12.12 12.19 12.28 12.24 12.19 12.09 11.95 11.76 11.52 11.25 10.94 10.61 10.25 9.87 9.48 9.07 8.67 8.26 7.87 7.48 7.11 6.76 6.44 6.14 5.87 5.63 5.43 5.26 5.12 5.02 4.95 4.91 4.90 4.93 4.96 5.03 5.11 5.22 5.31 5.45 5.55 5.68 5.81 5.90 6.05 6.13 6.19 6.28 6.35 6.43 6.48 6.53 6.60 6.66 6.71 6.80 6.90 6.99 7.13 7.27 7.42 7.58 7.77 7.94 8.11 8.27 8.40 8.47 8.50 8.48 8.36 8.25 7.97 7.69 7.34 6.93 6.50 6.00 5.53 4.98 4.50 4.03 3.51 3.08 2.69 2.30 2.00 1.72 1.53 1.31 1.18 1.06 0.97 0.91 0.90 0.83 0.84 0.86 0.86 0.90 0.93 0.97 0.97 0.99 1.02 1.04 1.03 1.06 1.09 1.13 1.15 1.19 1.26 1.30 1.39 1.46 1.56 1.68 1.82 1.96 2.12 2.30 2.48 2.68 2.87 3.07 3.27 3.45 3.63 3.79 3.94 4.06 4.16 4.23 4.27 4.29 4.27 4.22 4.15 4.05 3.92 3.77
0.40 0.43 0.45 0.46 0.48 0.50 0.51 0.52 0.47 0.49 0.48 0.51 0.49 0.48 0.50 0.53 0.54 0.55 0.57 0.60 0.64 0.72 0.76 0.82 0.91 1.09 1.15 1.30 1.47 1.67 1.87 2.11 2.30 2.56 2.88 3.19 3.53 3.88 4.28 4.63 5.09 5.50 5.98 6.41 6.90 7.34 7.83 8.28 8.76 9.17 9.62 10.04 10.40 10.75 11.06 11.34 11.58 11.76 11.91 12.00 12.04 12.05 12.00 11.90 11.78 11.58 11.35 11.09 10.79 10.47 10.12 9.75 9.37 8.98 8.58 8.19 7.81 7.44 7.08 6.75 6.44 6.16 5.91 5.69 5.50 5.35 5.23 5.15 5.09 5.07 5.08 5.12 5.18 5.26 5.36 5.47 5.61 5.73 5.89 6.02 6.15 6.29 6.39 6.47 6.60 6.65 6.73 6.82 6.83 6.87 6.91 6.99 7.03 7.07 7.12 7.21 7.28 7.41 7.56 7.67 7.80 7.92 8.04 8.17 8.23 8.28 8.24 8.20 8.10 7.89 7.69 7.39 7.03 6.65 6.22 5.72 5.25 4.77 4.30 3.79 3.35 2.93 2.55 2.21 1.88 1.63 1.43 1.24 1.11 0.96 0.87 0.81 0.79 0.74 0.72 0.74 0.76 0.78 0.80 0.81 0.83 0.86 0.90 0.88 0.91 0.95 0.99 1.05 1.08 1.12 1.22 1.27 1.37 1.49 1.62 1.76 1.90 2.08 2.28 2.49 2.69 2.91 3.14 3.36 3.58 3.79 3.99 4.17 4.33 4.46 4.57 4.65 4.71 4.72 4.70 4.65 4.56 4.45 4.31 4.15
0.34 0.38 0.39 0.40 0.38 0.40 0.40 0.41 0.42 0.45 0.43 0.43 0.46 0.42 0.48 0.45 0.47 0.54 0.56 0.57 0.62 0.66 0.74 0.85 0.91 1.03 1.14 1.25 1.47 1.62 1.83 2.06 2.28 2.56 2.81 3.15 3.47 3.81 4.18 4.56 5.00 5.42 5.88 6.31 6.76 7.22 7.69 8.15 8.60 9.02 9.46 9.84 10.22 10.58 10.87 11.13 11.40 11.55 11.71 11.81 11.86 11.89 11.84 11.72 11.59 11.41 11.19 10.93 10.64 10.33 9.99 9.63 9.26 8.88 8.50 8.13 7.76 7.40 7.06 6.74 6.45 6.18 5.94 5.74 5.57 5.44 5.34 5.27 5.24 5.23 5.26 5.32 5.40 5.50 5.61 5.74 5.89 6.03 6.20 6.33 6.46 6.61 6.76 6.86 6.94 7.04 7.07 7.15 7.16 7.21 7.24 7.30 7.33 7.34 7.39 7.45 7.45 7.55 7.59 7.70 7.80 7.86 7.94 8.00 8.06 8.06 8.01 7.92 7.77 7.59 7.34 7.03 6.65 6.30 5.87 5.44 4.97 4.51 4.06 3.59 3.17 2.75 2.40 2.07 1.81 1.53 1.30 1.16 1.00 0.87 0.78 0.74 0.70 0.69 0.64 0.65 0.70 0.69 0.68 0.69 0.72 0.74 0.77 0.78 0.83 0.86 0.93 0.96 1.03 1.10 1.20 1.28 1.42 1.53 1.71 1.87 2.03 2.23 2.47 2.68 2.93 3.18 3.41 3.65 3.90 4.13 4.35 4.55 4.72 4.87 4.99 5.08 5.13 5.15 5.13 5.08 4.99 4.87 4.71 4.53
0.31 0.31 0.32 0.33 0.36 0.35 0.37 0.35 0.36 0.37 0.37 0.39 0.39 0.43 0.41 0.43 0.43 0.49 0.51 0.57 0.60 0.65 0.73 0.81 0.89 1.02 1.13 1.26 1.41 1.62 1.80 2.00 2.24 2.49 2.80 3.12 3.40 3.79 4.12 4.48 4.92 5.31 5.79 6.20 6.67 7.09 7.57 8.02 8.45 8.88 9.29 9.68 10.05 10.40 10.67 10.94 11.17 11.38 11.53 11.61 11.67 11.67 11.63 11.54 11.43 11.24 11.03 10.78 10.50 10.19 9.87 9.52 9.16 8.79 8.43 8.06 7.70 7.36 7.04 6.73 6.45 6.20 5.98 5.79 5.64 5.52 5.44 5.39 5.37 5.39 5.43 5.51 5.60 5.72 5.85 6.01 6.15 6.33 6.48 6.64 6.81 6.93 7.11 7.20 7.29 7.40 7.47 7.52 7.54 7.58 7.60 7.58 7.58 7.57 7.59 7.60 7.60 7.65 7.66 7.72 7.78 7.78 7.81 7.85 7.85 7.81 7.71 7.58 7.47 7.25 6.99 6.65 6.32 5.94 5.57 5.11 4.65 4.21 3.78 3.39 2.97 2.59 2.25 1.98 1.69 1.43 1.24 1.05 0.91 0.80 0.75 0.67 0.63 0.59 0.56 0.59 0.54 0.57 0.60 0.60 0.66 0.63 0.66 0.73 0.77 0.79 0.84 0.92 0.99 1.09 1.18 1.28 1.43 1.58 1.75 1.95 2.14 2.37 2.61 2.87 3.13 3.40 3.69 3.95 4.22 4.47 4.71 4.93 5.12 5.29 5.42 5.51 5.57 5.59 5.57 5.51 5.41 5.28 5.11 4.93
0.26 0.24 0.27 0.29 0.27 0.31 0.35 0.34 0.32 0.35 0.34 0.34 0.36 0.38 0.36 0.40 0.46 0.46 0.49 0.55 0.58 0.64 0.70 0.78 0.86 0.99 1.14 1.24 1.39 1.60 1.75 1.96 2.20 2.45 2.75 3.04 3.35 3.68 4.04 4.41 4.85 5.22 5.66 6.12 6.54 6.96 7.43 7.88 8.33 8.74 9.12 9.52 9.90 10.21 10.51 10.80 11.01 11.22 11.33 11.46 11.50 11.49 11.47 11.37 11.25 11.08 10.88 10.64 10.36 10.07 9.75 9.41 9.06 8.71 8.35 8.00 7.66 7.33 7.01 6.72 6.46 6.22 6.02 5.85 5.71 5.61 5.54 5.51 5.51 5.54 5.60 5.69 5.80 5.94 6.09 6.26 6.44 6.61 6.79 6.96 7.11 7.27 7.45 7.53 7.63 7.75 7.77 7.83 7.89 7.90 7.91 7.86 7.83 7.83 7.84 7.80 7.74 7.74 7.74 7.70 7.72 7.69 7.70 7.64 7.60 7.49 7.41 7.24 7.08 6.85 6.59 6.28 5.92 5.56 5.20 4.80 4.36 3.95 3.54 3.14 2.77 2.45 2.10 1.81 1.55 1.32 1.14 1.00 0.86 0.75 0.66 0.59 0.56 0.50 0.50 0.52 0.51 0.51 0.52 0.53 0.56 0.58 0.58 0.62 0.69 0.74 0.82 0.88 0.97 1.04 1.18 1.35 1.47 1.62 1.83 2.05 2.27 2.53 2.78 3.08 3.36 3.65 3.95 4.25 4.54 4.81 5.07 5.31 5.52 5.69 5.84 5.94 6.00 6.02 6.00 5.94 5.83 5.69 5.51 5.30
0.24 0.25 0.24 0.25 0.26 0.28 0.28 0.29 0.31 0.29 0.35 0.32 0.33 0.34 0.36 0.37 0.44 0.45 0.47 0.52 0.56 0.63 0.68 0.77 0.86 0.98 1.09 1.22 1.40 1.57 1.76 1.94 2.17 2.43 2.73 2.98 3.32 3.62 3.97 4.33 4.73 5.15 5.58 6.02 6.43 6.88 7.30 7.77 8.19 8.59 8.99 9.37 9.75 10.05 10.36 10.59 10.82 11.04 11.18 11.25 11.31 11.36 11.29 11.21 11.09 10.93 10.73 10.50 10.23 9.94 9.63 9.31 8.97 8.63 8.28 7.94 7.61 7.29 6.99 6.72 6.47 6.24 6.05 5.90 5.77 5.69 5.63 5.62 5.63 5.68 5.76 5.87 5.99 6.14 6.31 6.48 6.68 6.87 7.06 7.24 7.42 7.60 7.75 7.87 7.98 8.08 8.15 8.16 8.22 8.20 8.15 8.12 8.08 8.02 7.99 7.91 7.88 7.82 7.81 7.71 7.67 7.57 7.54 7.43 7.35 7.23 7.10 6.94 6.71 6.46 6.19 5.92 5.57 5.18 4.82 4.45 4.05 3.65 3.28 2.89 2.60 2.23 1.93 1.66 1.43 1.25 1.09 0.93 0.80 0.70 0.62 0.57 0.52 0.48 0.46 0.48 0.43 0.45 0.45 0.46 0.50 0.52 0.54 0.61 0.67 0.69 0.78 0.86 0.98 1.06 1.21 1.32 1.52 1.70 1.91 2.17 2.39 2.68 2.95 3.26 3.57 3.89 4.22 4.54 4.85 5.14 5.42 5.68 5.90 6.09 6.24 6.35 6.42 6.44 6.42 6.35 6.24 6.09 5.89 5.67
0.21 0.19 0.23 0.22 0.22 0.22 0.25 0.25 0.28 0.28 0.26 0.30 0.32 0.30 0.33 0.35 0.39 0.43 0.46 0.50 0.52 0.62 0.68 0.77 0.82 0.96 1.07 1.25 1.36 1.51 1.74 1.91 2.15 2.42 2.67 2.96 3.24 3.60 3.90 4.29 4.66 5.07 5.49 5.90 6.30 6.77 7.20 7.60 8.04 8.46 8.83 9.23 9.60 9.89 10.20 10.44 10.68 10.87 10.99 11.14 11.15 11.16 11.14 11.06 10.95 10.78 10.59 10.36 10.11 9.83 9.53 9.21 8.88 8.55 8.21 7.88 7.56 7.26 6.97 6.71 6.47 6.26 6.08 5.94 5.83 5.76 5.72 5.72 5.75 5.81 5.91 6.03 6.17 6.34 6.52 6.72 6.95 7.14 7.32 7.53 7.70 7.87 8.05 8.17 8.27 8.37 8.44 8.46 8.47 8.48 8.45 8.40 8.32 8.24 8.16 8.05 7.97 7.86 7.78 7.68 7.56 7.51 7.35 7.26 7.10 6.98 6.78 6.56 6.35 6.07 5.78 5.52 5.21 4.83 4.47 4.14 3.75 3.36 3.00 2.69 2.38 2.06 1.79 1.54 1.35 1.13 0.99 0.88 0.72 0.65 0.57 0.52 0.45 0.45 0.42 0.40 0.42 0.39 0.41 0.41 0.45 0.48 0.52 0.58 0.59 0.70 0.73 0.85 0.94 1.09 1.21 1.38 1.55 1.75 2.01 2.26 2.53 2.81 3.12 3.45 3.78 4.13 4.47 4.81 5.14 5.46 5.76 6.03 6.27 6.47 6.63 6.75 6.82 6.84 6.82 6.75 6.63 6.47 6.26 6.02
0.18 0.21 0.22 0.20 0.22 0.23 0.24 0.23 0.27 0.25 0.30 0.30 0.28 0.29 0.32 0.33 0.40 0.40 0.45 0.51 0.54 0.61 0.66 0.76 0.83 0.96 1.05 1.20 1.34 1.50 1.70 1.89 2.11 2.37 2.57 2.90 3.21 3.53 3.91 4.23 4.61 4.98 5.39 5.83 6.24 6.66 7.09 7.51 7.90 8.31 8.72 9.09 9.46 9.77 10.02 10.32 10.53 10.71 10.86 10.94 11.00 11.01 10.98 10.90 10.79 10.64 10.45 10.24 9.99 9.71 9.42 9.11 8.79 8.47 8.15 7.83 7.52 7.22 6.95 6.70 6.47 6.27 6.11 5.98 5.89 5.82 5.80 5.81 5.86 5.94 6.04 6.18 6.35 6.51 6.70 6.93 7.14 7.33 7.58 7.78 7.96 8.14 8.31 8.45 8.58 8.65 8.71 8.74 8.76 8.75 8.68 8.63 8.53 8.43 8.33 8.23 8.09 7.93 7.79 7.67 7.52 7.36 7.21 7.08 6.87 6.69 6.47 6.25 6.03 5.76 5.44 5.13 4.80 4.49 4.14 3.80 3.45 3.11 2.76 2.48 2.17 1.91 1.64 1.43 1.22 1.06 0.91 0.80 0.68 0.60 0.56 0.45 0.42 0.39 0.38 0.36 0.39 0.36 0.37 0.41 0.42 0.46 0.49 0.52 0.60 0.69 0.75 0.81 0.95 1.07 1.24 1.41 1.62 1.84 2.09 2.34 2.65 2.98 3.28 3.63 3.98 4.35 4.71 5.07 5.42 5.76 6.07 6.36 6.61 6.82 6.99 7.12 7.19 7.22 7.19 7.12 6.99 6.82 6.60 6.36
0.19 0.18 0.19 0.21 0.22 0.21 0.22 0.23 0.23 0.23 0.25 0.23 0.28 0.28 0.35 0.33 0.37 0.42 0.43 0.47 0.51 0.60 0.65 0.72 0.84 0.91 1.05 1.15 1.32 1.49 1.67 1.84 2.08 2.32 2.61 2.85 3.14 3.46 3.81 4.17 4.54 4.92 5.31 5.71 6.14 6.54 6.94 7.38 7.78 8.21 8.58 8.95 9.30 9.60 9.89 10.17 10.37 10.55 10.70 10.79 10.85 10.87 10.84 10.76 10.65 10.51 10.32 10.11 9.87 9.60 9.32 9.02 8.71 8.39 8.08 7.77 7.47 7.19 6.92 6.68 6.47 6.28 6.13 6.01 5.93 5.88 5.91 5.90 5.95 6.04 6.19 6.31 6.48 6.68 6.90 7.11 7.33 7.55 7.75 7.99 8.19 8.35 8.56 8.68 8.79 8.90 8.97 8.97 9.00 8.97 8.93 8.78 8.71 8.59 8.47 8.29 8.16 8.00 7.81 7.61 7.47 7.25 7.05 6.85 6.67 6.43 6.24 5.94 5.68 5.43 5.10 4.83 4.51 4.16 3.84 3.54 3.19 2.89 2.57 2.30 1.99 1.75 1.54 1.33 1.16 1.00 0.84 0.72 0.64 0.55 0.50 0.43 0.38 0.38 0.39 0.34 0.34 0.35 0.35 0.39 0.40 0.41 0.45 0.53 0.57 0.65 0.75 0.84 0.97 1.11 1.28 1.44 1.68 1.94 2.17 2.44 2.75 3.07 3.43 3.79 4.16 4.54 4.93 5.31 5.67 6.03 6.36 6.65 6.92 7.14 7.32 7.46 7.53 7.56 7.53 7.45 7.32 7.14 6.92 6.66
0.16 0.18 0.21 0.19 0.22 0.18 0.23 0.21 0.23 0.24 0.25 0.25 0.32 0.29 0.31 0.35 0.38 0.36 0.46 0.46 0.51 0.57 0.62 0.73 0.81 0.92 1.03 1.17 1.33 1.47 1.65 1.83 2.09 2.33 2.56 2.82 3.13 3.43 3.77 4.12 4.47 4.87 5.22 5.65 6.01 6.48 6.84 7.29 7.68 8.07 8.45 8.81 9.16 9.44 9.78 10.02 10.21 10.41 10.53 10.65 10.69 10.72 10.69 10.62 10.51 10.37 10.20 9.99 9.75 9.50 9.22 8.93 8.63 8.32 8.01 7.71 7.43 7.15 6.90 6.67 6.46 6.29 6.14 6.04 5.96 0.85 5.93 5.96 6.03 6.14 6.27 6.43 6.62 6.83 7.06 7.27 7.49 7.74 7.96 8.19 8.38 8.58 8.76 8.91 9.04 9.10 9.19 9.20 9.17 9.13 9.07 8.99 8.88 8.74 8.59 8.41 8.18 8.00 7.82 7.61 7.37 7.16 6.92 6.67 6.44 6.19 5.94 5.66 5.38 5.13 4.80 4.50 4.18 3.89 3.55 3.25 2.93 2.66 2.38 2.12 1.83 1.59 1.43 1.22 1.06 0.90 0.79 0.68 0.61 0.50 0.45 0.41 0.40 0.37 0.33 0.30 0.35 0.33 0.32 0.35 0.37 0.41 0.46 0.48 0.57 0.63 0.76 0.83 0.98 1.12 1.30 1.51 1.70 1.97 2.24 2.52 2.84 3.19 3.57 3.94 4.32 4.72 5.12 5.52 5.90 6.27 6.61 6.92 7.20 7.43 7.62 7.75 7.84 7.86 7.84 7.75 7.62 7.43 7.19 6.93
0.16 0.18 0.15 0.19 0.20 0.19 0.21 0.20 0.27 0.24 0.25 0.24 0.25 0.28 0.32 0.33 0.36 0.37 0.43 0.45 0.52 0.55 0.66 0.74 0.82 0.93 1.02 1.16 1.28 1.45 1.61 1.83 2.03 2.30 2.49 2.77 3.09 3.38 3.69 4.05 4.39 4.79 5.17 5.59 5.95 6.35 6.79 7.16 7.60 7.98 8.36 8.70 9.02 9.34 9.66 9.89 10.08 10.26 10.41 10.49 10.56 10.59 10.54 10.48 10.38 10.25 10.08 9.87 9.64 9.39 9.12 8.83 8.54 8.24 7.95 7.65 7.37 7.11 6.86 6.64 6.45 6.28 0.85 0.85 0.85 0.85 0.85 0.85 0.85 6.21 6.35 6.52 6.71 6.92 7.15 7.40 7.64 7.88 8.15 8.37 8.56 8.77 8.94 9.12 9.21 9.29 9.34 9.33 9.37 9.33 9.25 9.15 9.01 8.86 8.65 8.45 8.23 8.04 7.78 7.52 7.28 7.04 6.76 6.50 6.25 5.95 5.71 5.39 5.11 4.82 4.51 4.21 3.87 3.64 3.31 3.00 2.70 2.44 2.20 1.94 1.69 1.48 1.31 1.14 0.99 0.85 0.74 0.65 0.57 0.50 0.47 0.38 0.36 0.32 0.34 0.29 0.31 0.30 0.31 0.32 0.37 0.39 0.43 0.47 0.56 0.65 0.73 0.85 1.00 1.13 1.32 1.54 1.76 2.01 2.28 2.59 2.93 3.30 3.66 4.06 4.46 4.87 5.28 5.69 6.09 6.47 6.82 7.16 7.43 7.67 7.86 8.00 8.09 8.12 8.09 8.00 7.86 7.67 7.43 7.14
0.17 0.18 0.18 0.17 0.20 0.20 0.20 0.21 0.21 0.24 0.21 0.26 0.25 0.29 0.31 0.35 0.38 0.40 0.44 0.46 0.52 0.55 0.67 0.72 0.80 0.91 1.04 1.13 1.30 1.42 1.62 1.79 1.99 2.25 2.48 2.75 3.02 3.33 3.64 3.99 4.36 4.71 5.06 5.47 5.87 6.27 6.68 7.11 7.49 7.81 8.24 8.55 8.88 9.21 9.47 9.71 9.93 10.12 10.25 10.34 10.40 10.43 10.40 10.34 10.24 10.11 9.94 9.75 9.52 9.28 9.02 8.74 8.45 8.16 7.87 7.59 7.32 7.06 6.82 6.61 6.42 0.85 0.85 0.85 0.85 0.85 0.85 0.85 0.85 0.85 6.41 6.59 6.80 7.00 7.23 7.51 7.79 8.02 8.24 8.48 8.69 8.90 9.09 9.22 9.36 9.45 9.48 9.52 9.49 9.45 9.38 9.25 9.09 8.91 8.72 8.51 8.27 8.02 7.75 7.55 7.20 6.95 6.70 6.36 6.07 5.77 5.47 5.18 4.89 4.57 4.28 3.96 3.69 3.39 3.09 2.76 2.52 2.26 2.01 1.77 1.58 1.38 1.21 1.05 0.94 0.77 0.70 0.60 0.52 0.47 0.41 0.39 0.33 0.31 0.32 0.28 0.29 0.30 0.30 0.32 0.34 0.38 0.43 0.49 0.55 0.66 0.74 0.85 0.99 1.17 1.36 1.54 1.82 2.08 2.35 2.67 3.03 3.36 3.75 4.15 4.57 4.99 5.42 5.85 6.24 6.63 6.99 7.32 7.62 7.86 8.06 8.21 8.29 8.33 8.29 8.21 8.06 7.86 7.62 7.32
0.16 0.17 0.20 0.20 0.18 0.22 0.20 0.20 0.21 0.23 0.26 0.23 0.27 0.28 0.30 0.34 0.35 0.39 0.42 0.45 0.50 0.55 0.66 0.73 0.78 0.88 1.00 1.10 1.29 1.41 1.57 1.77 1.98 2.21 2.42 2.70 2.96 3.28 3.58 3.93 4.25 4.64 5.01 5.42 5.80 6.18 6.59 6.95 7.33 7.74 8.10 8.46 8.76 9.08 9.33 9.60 9.79 10.00 10.10 10.21 10.25 10.29 10.26 10.22 10.11 10.00 9.82 9.62 9.41 9.17 8.92 8.64 8.36 8.08 7.79 7.52 7.25 7.01 6.78 6.57 0.85 0.85 0.85 0.85 0.85 0.45 0.85 0.85 0.85 0.85 0.85 6.66 6.86 7.08 7.33 7.58 7.84 8.10 8.36 8.60 8.80 9.00 9.17 9.35 9.44 9.54 9.58 9.63 9.60 9.55 9.43 9.33 9.18 8.96 8.76 8.55 8.29 8.01 7.72 7.45 7.14 6.80 6.52 6.22 5.88 5.59 5.26 4.96 4.61 4.34 4.03 3.72 3.44 3.15 2.86 2.57 2.34 2.07 1.85 1.65 1.47 1.30 1.14 0.97 0.87 0.70 0.65 0.57 0.50 0.43 0.43 0.36 0.35 0.30 0.32 0.27 0.31 0.29 0.32 0.34 0.33 0.38 0.44 0.50 0.54 0.64 0.76 0.86 1.04 1.16 1.35 1.56 1.81 2.10 2.41 2.69 3.04 3.44 3.82 4.23 4.67 5.08 5.51 5.94 6.35 6.75 7.12 7.46 7.75 8.00 8.21 8.35 8.44 8.47 8.44 8.35 8.21 8.01 7.75 7.45
0.16 0.15 0.16 0.16 0.18 0.18 0.21 0.18 0.17 0.24 0.21 0.22 0.26 0.27 0.30 0.34 0.36 0.38 0.41 0.45 0.45 0.57 0.62 0.70 0.76 0.91 0.99 1.11 1.27 1.40 1.59 1.73 1.94 2.17 2.41 2.64 2.93 3.26 3.51 3.87 4.23 4.56 4.92 5.32 5.71 6.09 6.43 6.85 7.25 7.59 7.97 8.29 8.66 8.94 9.21 9.45 9.64 9.83 9.97 10.04 10.10 10.13 10.11 10.06 9.98 9.84 9.68 9.50 9.28 9.05 8.80 8.53 8.26 7.99 7.71 7.44 7.18 6.94 6.72 6.52 0.85 0.85 0.85 0.48 0.45 0.47 0.48 0.47 0.85 0.85 0.85 6.66 6.90 7.14 7.37 7.62 7.85 8.16 8.40 8.66 8.87 9.07 9.24 9.44 9.52 9.62 9.66 9.66 9.65 9.58 9.49 9.36 9.17 9.00 8.78 8.53 8.24 7.99 7.67 7.39 7.06 6.72 6.41 6.09 5.73 5.42 5.11 4.74 4.44 4.13 3.83 3.52 3.21 2.93 2.69 2.43 2.17 1.98 1.75 1.55 1.39 1.22 1.05 0.92 0.82 0.71 0.63 0.55 0.48 0.42 0.39 0.34 0.30 0.31 0.28 0.30 0.25 0.28 0.29 0.31 0.34 0.37 0.42 0.49 0.58 0.66 0.74 0.84 1.02 1.18 1.38 1.60 1.85 2.09 2.40 2.73 3.08 3.49 3.85 4.27 4.70 5.13 5.58 6.00 6.42 6.82 7.19 7.53 7.84 8.09 8.29 8.44 8.53 8.56 8.53 8.44 8.29 8.09 7.84 7.53
0.14 0.14 0.17 0.18 0.18 0.21 0.21 0.23 0.22 0.24 0.24 0.24 0.28 0.30 0.30 0.33 0.35 0.36 0.43 0.46 0.50 0.58 0.62 0.70 0.82 0.86 0.99 1.13 1.22 1.37 1.53 1.71 1.93 2.12 2.37 2.60 2.90 3.16 3.48 3.83 4.13 4.47 4.85 5.20 5.61 6.01 6.37 6.72 7.13 7.53 7.85 8.18 8.50 8.82 9.04 9.30 9.52 9.69 9.80 9.90 9.98 9.98 9.97 9.93 9.82 9.71 9.54 9.37 9.15 8.92 8.68 8.43 8.15 7.88 7.62 7.35 7.10 6.87 6.65 6.46 0.85 0.85 0.85 0.46 0.48 0.48 0.46 0.46 0.85 0.85 0.85 6.68 6.87 7.12 7.38 7.63 7.88 8.16 8.43 8.64 8.86 9.09 9.26 9.41 9.51 9.61 9.69 9.67 9.67 9.62 9.49 9.35 9.19 9.00 8.76 8.50 8.22 7.90 7.61 7.28 6.94 6.61 6.26 5.95 5.62 5.28 4.91 4.59 4.28 3.95 3.66 3.33 3.07 2.78 2.55 2.30 2.05 1.81 1.65 1.41 1.30 1.14 1.00 0.86 0.74 0.67 0.60 0.53 0.42 0.41 0.40 0.34 0.32 0.32 0.30 0.30 0.26 0.28 0.26 0.32 0.32 0.38 0.41 0.48 0.52 0.64 0.75 0.85 1.04 1.17 1.37 1.62 1.83 2.10 2.42 2.73 3.08 3.48 3.88 4.28 4.71 5.15 5.59 6.04 6.44 6.84 7.22 7.57 7.86 8.12 8.32 8.47 8.56 8.60 8.56 8.47 8.32 8.12 7.86 7.58
0.13 0.16 0.20 0.15 0.19 0.18 0.19 0.17 0.21 0.21 0.24 0.25 0.23 0.28 0.30 0.32 0.32 0.39 0.38 0.45 0.50 0.57 0.62 0.67 0.75 0.83 0.96 1.08 1.22 1.35 1.53 1.70 1.88 2.13 2.35 2.59 2.86 3.14 3.45 3.74 4.10 4.39 4.79 5.15 5.51 5.89 6.27 6.62 6.99 7.36 7.69 8.02 8.30 8.66 8.90 9.13 9.36 9.52 9.62 9.72 9.80 9.84 9.82 9.77 9.67 9.54 9.40 9.22 9.04 8.79 8.56 8.30 8.04 7.77 7.52 7.26 7.01 6.79 6.59 0.85 0.85 0.85 0.47 0.47 0.48 0.47 0.47 0.48 0.47 0.85 0.85 0.85 6.87 7.08 7.36 7.62 7.89 8.15 8.40 8.61 8.84 9.05 9.25 9.40 9.48 9.60 9.65 9.67 9.62 9.57 9.46 9.31 9.16 8.91 8.70 8.41 8.17 7.82 7.50 7.18 6.85 6.52 6.15 5.81 5.47 5.11 4.74 4.42 4.09 3.81 3.49 3.23 2.91 2.64 2.39 2.17 1.94 1.74 1.55 1.38 1.19 1.05 0.95 0.82 0.73 0.65 0.57 0.49 0.44 0.42 0.35 0.34 0.31 0.28 0.29 0.28 0.25 0.28 0.27 0.30 0.32 0.36 0.42 0.48 0.54 0.64 0.71 0.85 1.00 1.19 1.37 1.56 1.81 2.12 2.42 2.71 3.09 3.46 3.88 4.27 4.70 5.14 5.57 6.00 6.42 6.83 7.19 7.55 7.84 8.09 8.29 8.44 8.53 8.56 8.53 8.45 8.29 8.09 7.84 7.55
0.18 0.16 0.15 0.21 0.18 0.17 0.20 0.21 0.22 0.23 0.22 0.24 0.27 0.26 0.27 0.33 0.34 0.36 0.42 0.44 0.48 0.52 0.60 0.66 0.76 0.87 0.98 1.09 1.17 1.33 1.54 1.67 1.89 2.09 2.25 2.54 2.83 3.05 3.35 3.69 3.99 4.35 4.71 5.05 5.44 5.76 6.17 6.52 6.87 7.23 7.60 7.89 8.19 8.51 8.77 8.96 9.18 9.34 9.48 9.60 9.62 9.64 9.63 9.57 9.50 9.39 9.25 9.08 8.86 8.64 8.41 8.19 7.93 7.67 7.40 7.15 6.91 6.69 6.48 6.30 0.85 0.85 0.85 0.46 0.46 0.46 0.47 0.46 0.85 0.85 0.85 6.59 6.80 7.05 7.28 7.56 7.82 8.08 8.33 8.58 8.77 8.99 9.19 9.31 9.48 9.55 9.57 9.59 9.57 9.49 9.40 9.24 9.06 8.85 8.62 8.34 8.07 7.75 7.41 7.07 6.73 6.38 6.03 5.65 5.33 4.95 4.64 4.27 3.97 3.61 3.35 3.06 2.80 2.52 2.29 2.07 1.84 1.64 1.44 1.28 1.14 1.01 0.90 0.78 0.71 0.62 0.53 0.47 0.41 0.39 0.33 0.31 0.29 0.29 0.25 0.24 0.26 0.27 0.27 0.29 0.31 0.36 0.42 0.48 0.54 0.62 0.71 0.84 1.01 1.15 1.34 1.54 1.82 2.06 2.41 2.73 3.09 3.44 3.82 4.22 4.65 5.08 5.51 5.95 6.35 6.77 7.12 7.45 7.76 8.01 8.21 8.35 8.44 8.47 8.44 8.35 8.21 8.00 7.75 7.45
0.16 0.17 0.18 0.18 0.22 0.23 0.21 0.18 0.20 0.23 0.23 0.25 0.25 0.27 0.29 0.29 0.32 0.38 0.40 0.47 0.49 0.57 0.61 0.66 0.76 0.83 0.94 1.04 1.18 1.33 1.51 1.65 1.83 2.02 2.28 2.53 2.75 3.01 3.30 3.64 3.94 4.29 4.60 4.94 5.31 5.67 6.00 6.39 6.75 7.12 7.41 7.74 8.05 8.32 8.60 8.80 9.01 9.19 9.28 9.40 9.46 9.45 9.44 9.39 9.32 9.23 9.06 8.89 8.70 8.50 8.26 8.03 7.77 7.52 7.28 7.03 6.79 6.58 6.39 6.20 0.85 0.85 0.85 0.45 0.48 0.47 0.47 0.47 0.85 0.85 0.85 6.50 6.74 6.98 7.25 7.45 7.74 7.98 8.23 8.49 8.72 8.91 9.08 9.24 9.36 9.43 9.46 9.49 9.46 9.40 9.28 9.12 8.95 8.77 8.51 8.26 7.93 7.66 7.29 6.97 6.60 6.27 5.91 5.54 5.17 4.83 4.47 4.18 3.85 3.53 3.22 2.93 2.66 2.43 2.19 1.94 1.77 1.57 1.38 1.24 1.06 0.97 0.88 0.76 0.64 0.58 0.56 0.49 0.43 0.37 0.33 0.33 0.30 0.31 0.26 0.26 0.27 0.26 0.28 0.29 0.32 0.37 0.41 0.46 0.50 0.62 0.72 0.83 0.98 1.16 1.33 1.53 1.78 2.06 2.35 2.64 3.00 3.35 3.76 4.15 4.56 4.99 5.45 5.83 6.26 6.63 6.99 7.32 7.62 7.86 8.06 8.21 8.30 8.32 8.29 8.21 8.06 7.86 7.62 7.33
0.15 0.19 0.17 0.15 0.16 0.21 0.19 0.21 0.21 0.24 0.22 0.23 0.26 0.30 0.30 0.30 0.36 0.38 0.41 0.44 0.45 0.54 0.60 0.65 0.74 0.80 0.91 1.05 1.18 1.29 1.44 1.63 1.82 2.00 2.26 2.46 2.68 2.97 3.26 3.53 3.85 4.18 4.49 4.85 5.19 5.55 5.91 6.28 6.60 6.98 7.29 7.59 7.88 8.17 8.40 8.60 8.81 8.98 9.12 9.20 9.25 9.28 9.26 9.22 9.12 9.03 8.89 8.72 8.53 8.33 8.09 7.86 7.62 7.37 7.13 6.89 6.66 6.46 6.26 6.10 0.85 0.85 0.85 0.85 0.85 0.48 0.85 0.85 0.85 0.85 0.85 6.42 6.62 6.85 7.11 7.35 7.64 7.86 8.12 8.32 8.55 8.77 8.95 9.11 9.21 9.29 9.30 9.38 9.29 9.25 9.11 8.97 8.80 8.59 8.34 8.07 7.79 7.46 7.16 6.79 6.45 6.10 5.72 5.39 5.03 4.67 4.32 4.00 3.69 3.40 3.11 2.80 2.56 2.32 2.08 1.86 1.67 1.50 1.36 1.18 1.03 0.93 0.82 0.74 0.65 0.58 0.52 0.46 0.42 0.39 0.34 0.34 0.31 0.28 0.28 0.26 0.25 0.26 0.25 0.29 0.31 0.35 0.37 0.41 0.49 0.59 0.69 0.82 0.96 1.13 1.30 1.51 1.74 2.01 2.30 2.61 2.92 3.29 3.67 4.05 4.45 4.87 5.28 5.69 6.09 6.47 6.82 7.14 7.43 7.67 7.86 8.00 8.09 8.12 8.10 8.00 7.86 7.67 7.44 7.14