0.054252 0.055111 0.055992 0.056897 0.057826 0.058781 0.059763 0.060774 0.061815 0.062888 0.063996 0.065141 0.066325 0.067552 0.068825 0.070148 0.071527 0.072966 0.074472 0.076053 0.077717 0.079474 0.081336 0.083317 0.085434 0.087706 0.090159 0.092820 0.095723 0.098911 0.102436 0.106360 0.110763 0.115740 0.121415 0.127941 0.135511 0.144371 0.154830 0.167276 0.182186 0.200121 0.221696 0.247468 0.277679 0.311778 0.347690 0.381145 0.405906 0.415869 0.408418 0.386168 0.355222 0.321817 0.290221 0.262507 0.239225 0.220130 0.204662 0.192205 0.182192 0.174145 0.167672 0.162460 0.158262 0.154881 0.152163 0.149983 0.148244 0.146869 0.145794 0.144969 0.144355 0.143919 0.143634 0.143480 0.143438 0.143494 0.143636 0.143855 0.144142 0.144491 0.144897 0.145358 0.145873 0.146442 0.147069 0.147758 0.148518 0.149360 0.150296 0.151344 0.152524 0.153862 0.155386 0.157133 0.159144 0.161468 0.164164 0.167303 0.170970 0.175265 0.180313 0.186263 0.193296 0.201630 0.211524 0.223284 0.237247 0.253765 0.273140 0.295510 0.320646 0.347661 0.374695 0.398801 0.416372 0.424282 0.421302 0.408758 0.389874 0.368365 0.347293 0.328646 0.313460 0.302128 0.294706 0.291107 0.291222 0.294968 0.302293 0.313144 0.327392 0.344710 0.364411 0.385249 0.405297 0.422004 0.432616 0.434926 0.428055 0.412796 0.391272 0.366143 0.339856 0.314224 0.290355 0.268783 0.249646 0.232854 0.218197 0.205427 0.194292 0.184556 0.176011 0.168479 0.161806 0.155863 0.150544 0.145759 0.141431 0.137498 0.133908 0.130615 0.127584 0.124781 0.122181 0.119761 0.117500 0.115381 0.113391 0.111516 0.109744 0.108066 0.106473 0.104957 0.103510 0.102126 0.100800 0.099524 0.098295 0.097108 0.095958 0.094841 0.093753 0.092690 0.091650 0.090629 0.089623 0.088631 0.087650 0.086677 0.085710 0.084747 0.083787 0.082828 0.081868 0.080908 0.079945 0.078980
0.054951 0.055832 0.056737 0.057665 0.058620 0.059600 0.060609 0.061648 0.062718 0.063821 0.064960 0.066136 0.067354 0.068615 0.069925 0.071286 0.072704 0.074185 0.075736 0.077363 0.079077 0.080889 0.082809 0.084855 0.087044 0.089398 0.091942 0.094708 0.097735 0.101070 0.104771 0.108911 0.113582 0.118898 0.125008 0.132103 0.140431 0.150316 0.162188 0.176616 0.194354 0.216388 0.243966 0.278565 0.321627 0.373817 0.433366 0.493517 0.541012 0.560194 0.543670 0.498833 0.441338 0.384443 0.334904 0.294488 0.262529 0.237580 0.218163 0.203025 0.191177 0.181860 0.174502 0.168670 0.164034 0.160343 0.157405 0.155070 0.153222 0.151770 0.150643 0.149784 0.149148 0.148700 0.148411 0.148257 0.148221 0.148287 0.148440 0.148672 0.148972 0.149334 0.149753 0.150223 0.150745 0.151318 0.151945 0.152632 0.153387 0.154221 0.155149 0.156190 0.157367 0.158707 0.160244 0.162018 0.164075 0.166473 0.169279 0.172577 0.176467 0.181073 0.186547 0.193080 0.200911 0.210339 0.221742 0.235590 0.252459 0.273030 0.298045 0.328180 0.363742 0.404098 0.446812 0.486848 0.516841 0.529593 0.522050 0.497379 0.462892 0.426079 0.392117 0.363599 0.341344 0.325263 0.314941 0.309945 0.309964 0.314848 0.324603 0.339341 0.359181 0.384065 0.413457 0.445919 0.478654 0.507336 0.526707 0.532203 0.521961 0.497750 0.464031 0.425954 0.387728 0.352008 0.320068 0.292243 0.268348 0.247961 0.230592 0.215768 0.203065 0.192124 0.182643 0.174374 0.167117 0.160704 0.155003 0.149902 0.145312 0.141158 0.137380 0.133927 0.130756 0.127832 0.125125 0.122610 0.120265 0.118072 0.116015 0.114080 0.112254 0.110528 0.108892 0.107336 0.105854 0.104438 0.103082 0.101780 0.100527 0.099317 0.098146 0.097009 0.095903 0.094823 0.093765 0.092727 0.091705 0.090695 0.089696 0.088704 0.087718 0.086734 0.085752 0.084769 0.083785 0.082797 0.081806 0.080811
0.055661 0.056565 0.057493 0.058447 0.059427 0.060434 0.061471 0.062538 0.063637 0.064771 0.065941 0.067150 0.068401 0.069698 0.071043 0.072442 0.073900 0.075423 0.077016 0.078690 0.080453 0.082316 0.084293 0.086400 0.088657 0.091085 0.093714 0.096578 0.099718 0.103186 0.107048 0.111384 0.116300 0.121927 0.128441 0.136069 0.145115 0.155993 0.169266 0.185720 0.206460 0.233054 0.267733 0.313605 0.374759 0.455689 0.558603 0.676067 0.779901 0.823991 0.782719 0.681702 0.567055 0.466957 0.388841 0.330497 0.287429 0.255545 0.231732 0.213758 0.200047 0.189490 0.181296 0.174895 0.169871 0.165916 0.162797 0.160340 0.158410 0.156904 0.155743 0.154863 0.154217 0.153767 0.153482 0.153337 0.153313 0.153393 0.153564 0.153814 0.154132 0.154511 0.154943 0.155426 0.155954 0.156530 0.157154 0.157833 0.158575 0.159392 0.160300 0.161320 0.162477 0.163802 0.165332 0.167110 0.169190 0.171635 0.174524 0.177951 0.182033 0.186916 0.192785 0.199875 0.208490 0.219024 0.231999 0.248100 0.268233 0.293580 0.325639 0.366177 0.416926 0.478696 0.549418 0.621106 0.678072 0.701786 0.683536 0.632162 0.566325 0.501860 0.446913 0.403746 0.371777 0.349550 0.335641 0.328980 0.328917 0.335211 0.347988 0.367685 0.394952 0.430428 0.474296 0.525445 0.580233 0.631337 0.668140 0.680266 0.663239 0.621428 0.565095 0.504738 0.447538 0.396974 0.353960 0.318070 0.288352 0.263760 0.243336 0.226270 0.211903 0.199709 0.189273 0.180265 0.172427 0.165552 0.159476 0.154069 0.149225 0.144857 0.140897 0.137288 0.133981 0.130939 0.128128 0.125521 0.123094 0.120828 0.118706 0.116713 0.114835 0.113062 0.111383 0.109789 0.108273 0.106826 0.105442 0.104115 0.102839 0.101609 0.100419 0.099264 0.098141 0.097045 0.095972 0.094918 0.093880 0.092854 0.091838 0.090828 0.089823 0.088819 0.087815 0.086809 0.085799 0.084784 0.083764 0.082737
0.056381 0.057309 0.058262 0.059241 0.060248 0.061282 0.062347 0.063443 0.064573 0.065737 0.066940 0.068182 0.069468 0.070799 0.072182 0.073619 0.075116 0.076679 0.078315 0.080034 0.081843 0.083756 0.085787 0.087951 0.090270 0.092767 0.095472 0.098423 0.101662 0.105248 0.109249 0.113757 0.118884 0.124782 0.131646 0.139741 0.149425 0.161196 0.175755 0.194118 0.217787 0.249039 0.291413 0.350519 0.435308 0.559604 0.741625 0.991183 1.260633 1.391153 1.263625 0.997167 0.750602 0.571574 0.450271 0.368473 0.312354 0.272959 0.244674 0.223954 0.208517 0.196854 0.187942 0.181074 0.175744 0.171591 0.168346 0.165810 0.163833 0.162300 0.161126 0.160244 0.159601 0.159159 0.158886 0.158758 0.158753 0.158854 0.159048 0.159322 0.159664 0.160064 0.160515 0.161011 0.161548 0.162124 0.162742 0.163407 0.164127 0.164916 0.165790 0.166773 0.167891 0.169179 0.170676 0.172431 0.174504 0.176964 0.179898 0.183413 0.187642 0.192754 0.198962 0.206550 0.215888 0.227475 0.241992 0.260383 0.283970 0.314628 0.355018 0.408847 0.480984 0.576787 0.698904 0.838550 0.962334 1.015601 0.968021 0.850064 0.716538 0.600995 0.512409 0.448354 0.403746 0.374057 0.356014 0.347519 0.347434 0.355406 0.371772 0.397523 0.434278 0.484159 0.549330 0.630702 0.725126 0.821068 0.896045 0.923545 0.891023 0.810907 0.709584 0.609401 0.521734 0.449546 0.391697 0.345733 0.309152 0.279834 0.256107 0.236694 0.220629 0.207184 0.195809 0.186084 0.177688 0.170372 0.163941 0.158244 0.153158 0.148588 0.144455 0.140696 0.137260 0.134104 0.131192 0.128496 0.125990 0.123653 0.121468 0.119417 0.117489 0.115670 0.113950 0.112320 0.110771 0.109296 0.107886 0.106536 0.105239 0.103989 0.102782 0.101612 0.100474 0.099363 0.098277 0.097209 0.096157 0.095117 0.094085 0.093058 0.092035 0.091011 0.089985 0.088955 0.087920 0.086877 0.085826 0.084767
0.057113 0.058066 0.059044 0.060050 0.061083 0.062146 0.063240 0.064366 0.065526 0.066723 0.067958 0.069234 0.070554 0.071922 0.073341 0.074816 0.076352 0.077956 0.079634 0.081396 0.083251 0.085211 0.087291 0.089508 0.091883 0.094441 0.097214 0.100239 0.103563 0.107246 0.111363 0.116008 0.121306 0.127419 0.134563 0.143030 0.153225 0.165716 0.181328 0.201286 0.227472 0.262883 0.312503 0.385038 0.496523 0.678130 0.992246 1.552083 2.424649 3.006913 2.427831 1.558449 1.001796 0.690870 0.512453 0.404160 0.334816 0.288381 0.256145 0.233117 0.216291 0.203779 0.194345 0.187157 0.181638 0.177376 0.174074 0.171512 0.169529 0.168002 0.166840 0.165972 0.165346 0.164923 0.164671 0.164566 0.164587 0.164717 0.164942 0.165246 0.165618 0.166047 0.166521 0.167035 0.167581 0.168158 0.168766 0.169410 0.170099 0.170846 0.171670 0.172595 0.173651 0.174875 0.176310 0.178010 0.180039 0.182473 0.185407 0.188960 0.193276 0.198546 0.205014 0.213003 0.222949 0.235453 0.251360 0.271886 0.298825 0.334894 0.384305 0.453733 0.553820 0.700988 0.916883 1.213183 1.533405 1.689185 1.539272 1.225072 0.935113 0.726060 0.586446 0.494881 0.435258 0.397341 0.374987 0.364691 0.364703 0.374565 0.394932 0.427619 0.475792 0.544274 0.639645 0.769256 0.936652 1.129141 1.299039 1.368412 1.293941 1.118816 0.920839 0.747544 0.611450 0.508807 0.432003 0.374124 0.329906 0.295576 0.268478 0.246740 0.229034 0.214402 0.202149 0.191760 0.182851 0.175131 0.168375 0.162410 0.157103 0.152344 0.148050 0.144151 0.140592 0.137328 0.134320 0.131538 0.128956 0.126550 0.124303 0.122198 0.120220 0.118357 0.116599 0.114934 0.113354 0.111851 0.110418 0.109046 0.107731 0.106465 0.105242 0.104059 0.102908 0.101786 0.100688 0.099608 0.098544 0.097491 0.096446 0.095404 0.094363 0.093321 0.092274 0.091220 0.090158 0.089087 0.088004 0.086910
0.057856 0.058834 0.059839 0.060872 0.061934 0.063026 0.064149 0.065306 0.066499 0.067728 0.068997 0.070308 0.071663 0.073068 0.074524 0.076037 0.077612 0.079256 0.080975 0.082779 0.084677 0.086682 0.088808 0.091073 0.093498 0.096110 0.098939 0.102025 0.105417 0.109176 0.113379 0.118126 0.123546 0.129809 0.137145 0.145864 0.156401 0.169375 0.185693 0.206731 0.234649 0.272997 0.327940 0.410929 0.545147 0.783093 1.262823 2.425776 5.911567 11.720199 5.914957 2.432558 1.273003 0.796676 0.562140 0.431338 0.351767 0.300242 0.265304 0.240781 0.223111 0.210125 0.200435 0.193123 0.187558 0.183297 0.180021 0.177497 0.175556 0.174069 0.172942 0.172107 0.171512 0.171117 0.170893 0.170818 0.170872 0.171038 0.171300 0.171644 0.172056 0.172521 0.173027 0.173563 0.174123 0.174700 0.175294 0.175910 0.176556 0.177245 0.177999 0.178843 0.179810 0.180939 0.182278 0.183884 0.185825 0.188185 0.191065 0.194592 0.198923 0.204265 0.210885 0.219141 0.229525 0.242723 0.259724 0.281995 0.311779 0.352648 0.410531 0.495772 0.627418 0.842478 1.214992 1.879315 2.914986 3.606646 2.920984 1.891477 1.233661 0.868194 0.660954 0.538181 0.463224 0.417503 0.391294 0.379522 0.379813 0.391646 0.416100 0.456037 0.516750 0.607226 0.742223 0.944815 1.245560 1.660867 2.110184 2.325302 2.105058 1.650479 1.229632 0.922910 0.713718 0.571274 0.472222 0.401433 0.349424 0.310211 0.279942 0.256077 0.236897 0.221217 0.208196 0.197229 0.187874 0.179801 0.172759 0.166559 0.161052 0.156124 0.151682 0.147654 0.143980 0.140614 0.137515 0.134651 0.131995 0.129523 0.127217 0.125059 0.123034 0.121129 0.119333 0.117635 0.116027 0.114499 0.113044 0.111654 0.110322 0.109042 0.107807 0.106613 0.105453 0.104322 0.103214 0.102126 0.101052 0.099989 0.098932 0.097877 0.096820 0.095760 0.094692 0.093615 0.092527 0.091426 0.090310 0.089180
0.058612 0.059616 0.060648 0.061709 0.062800 0.063922 0.065077 0.066266 0.067491 0.068754 0.070058 0.071404 0.072796 0.074237 0.075732 0.077283 0.078898 0.080581 0.082341 0.084185 0.086125 0.088171 0.090340 0.092648 0.095118 0.097774 0.100649 0.103783 0.107224 0.111035 0.115294 0.120102 0.125591 0.131933 0.139362 0.148195 0.158879 0.172050 0.188646 0.210096 0.238665 0.278111 0.335062 0.422094 0.565530 0.828381 1.394539 3.009234 11.721393 11.723168 11.725010 3.016473 1.405408 0.842890 0.583693 0.443922 0.360566 0.307296 0.271527 0.246625 0.228815 0.215820 0.206196 0.198989 0.193546 0.189411 0.186254 0.183837 0.181987 0.180576 0.179511 0.178725 0.178169 0.177809 0.177619 0.177579 0.177672 0.177881 0.178191 0.178585 0.179047 0.179560 0.180108 0.180676 0.181253 0.181832 0.182410 0.182989 0.183579 0.184193 0.184853 0.185588 0.186432 0.187430 0.188631 0.190098 0.191902 0.194132 0.196895 0.200323 0.204584 0.209894 0.216536 0.224893 0.235492 0.249080 0.266744 0.290128 0.321808 0.366009 0.430062 0.527568 0.686054 0.967826 1.536705 2.916436 7.052267 13.944259 7.058339 2.928755 1.555631 0.993930 0.720152 0.570782 0.483902 0.432502 0.403675 0.391069 0.391859 0.405548 0.433677 0.480224 0.552866 0.665773 0.845642 1.144818 1.668406 2.607368 4.074693 5.052279 4.069596 2.597032 1.652541 1.122966 0.817154 0.629761 0.508145 0.425215 0.366266 0.322873 0.289968 0.264371 0.244010 0.227495 0.213863 0.202436 0.192722 0.184361 0.177083 0.170684 0.165006 0.159928 0.155354 0.151208 0.147428 0.143966 0.140781 0.137839 0.135112 0.132577 0.130214 0.128004 0.125934 0.123989 0.122158 0.120430 0.118795 0.117245 0.115770 0.114364 0.113019 0.111728 0.110485 0.109283 0.108116 0.106979 0.105867 0.104773 0.103692 0.102621 0.101555 0.100488 0.099419 0.098342 0.097255 0.096155 0.095040 0.093908 0.092758 0.091590
0.059380 0.060411 0.061472 0.062562 0.063683 0.064836 0.066023 0.067245 0.068505 0.069803 0.071142 0.072525 0.073955 0.075434 0.076967 0.078558 0.080212 0.081935 0.083734 0.085619 0.087598 0.089684 0.091892 0.094239 0.096746 0.099438 0.102349 0.105516 0.108989 0.112828 0.117112 0.121940 0.127442 0.133788 0.141207 0.150012 0.160637 0.173702 0.190116 0.211254 0.239277 0.277738 0.332801 0.415921 0.550281 0.788381 1.268281 2.431420 5.917416 11.726275 5.921282 2.439158 1.279905 0.803908 0.569732 0.439318 0.360165 0.309082 0.274608 0.250564 0.233384 0.220887 0.211676 0.204822 0.199683 0.195809 0.192872 0.190636 0.188930 0.187629 0.186646 0.185920 0.185410 0.185087 0.184931 0.184928 0.185063 0.185323 0.185692 0.186150 0.186677 0.187254 0.187858 0.188470 0.189074 0.189658 0.190217 0.190750 0.191267 0.191784 0.192322 0.192914 0.193597 0.194420 0.195436 0.196710 0.198320 0.200356 0.202931 0.206179 0.210274 0.215435 0.221954 0.230222 0.240778 0.254392 0.272187 0.295871 0.328142 0.373475 0.439744 0.541888 0.711157 1.022330 1.693600 3.609129 13.945248 13.948008 13.951332 3.621477 1.712583 1.048535 0.745430 0.585391 0.494049 0.440701 0.411157 0.398600 0.400100 0.415287 0.446109 0.497442 0.578929 0.709368 0.927509 1.321692 2.124763 4.081768 9.960490 19.760831 9.955484 4.071610 2.109155 1.300166 0.899400 0.673767 0.534622 0.442813 0.378995 0.332753 0.298086 0.271343 0.250203 0.233133 0.219090 0.207345 0.197377 0.188804 0.181345 0.174787 0.168968 0.163763 0.159073 0.154820 0.150944 0.147393 0.144126 0.141109 0.138315 0.135718 0.133300 0.131041 0.128927 0.126945 0.125080 0.123324 0.121665 0.120095 0.118604 0.117185 0.115830 0.114532 0.113284 0.112078 0.110909 0.109770 0.108656 0.107560 0.106477 0.105402 0.104329 0.103254 0.102173 0.101082 0.099977 0.098854 0.097713 0.096550 0.095365 0.094156
0.060161 0.061221 0.062310 0.063431 0.064583 0.065769 0.066989 0.068246 0.069541 0.070875 0.072252 0.073673 0.075141 0.076660 0.078232 0.079863 0.081557 0.083321 0.085160 0.087084 0.089102 0.091225 0.093469 0.095850 0.098388 0.101110 0.104045 0.107232 0.110718 0.114563 0.118841 0.123649 0.129110 0.135389 0.142700 0.151339 0.161709 0.174383 0.190185 0.210343 0.236739 0.272375 0.322237 0.395032 0.506800 0.688717 1.003171 1.563382 2.436359 3.019076 2.440496 1.571666 1.015621 0.705361 0.527670 0.420163 0.351665 0.306128 0.274837 0.252788 0.236962 0.225450 0.216996 0.210746 0.206100 0.202627 0.200015 0.198034 0.196522 0.195362 0.194476 0.193814 0.193345 0.193052 0.192925 0.192956 0.193136 0.193454 0.193893 0.194432 0.195047 0.195709 0.196391 0.197065 0.197708 0.198304 0.198842 0.199320 0.199746 0.200137 0.200519 0.200927 0.201403 0.201998 0.202772 0.203794 0.205143 0.206915 0.209221 0.212201 0.216026 0.220915 0.227155 0.235131 0.245372 0.258625 0.275980 0.299081 0.330502 0.374470 0.438314 0.535637 0.693963 0.975600 1.544367 2.924012 7.059781 13.951737 7.065811 2.936253 1.563193 1.001603 0.727994 0.578870 0.492339 0.441435 0.413320 0.401753 0.404102 0.420210 0.452264 0.505526 0.590440 0.727713 0.961403 1.397601 2.346528 5.066077 19.767594 19.765005 19.762745 5.056233 2.331388 1.376694 0.934059 0.693023 0.547191 0.452111 0.386538 0.339279 0.303979 0.276816 0.255376 0.238079 0.223851 0.211947 0.201837 0.193134 0.185553 0.178879 0.172950 0.167639 0.162849 0.158502 0.154536 0.150901 0.147557 0.144469 0.141609 0.138953 0.136481 0.134176 0.132020 0.130001 0.128106 0.126324 0.124644 0.123057 0.121554 0.120126 0.118765 0.117463 0.116214 0.115009 0.113842 0.112706 0.111595 0.110502 0.109420 0.108345 0.107271 0.106191 0.105102 0.103998 0.102876 0.101733 0.100565 0.099370 0.098147 0.096896
0.060955 0.062044 0.063164 0.064316 0.065502 0.066721 0.067977 0.069270 0.070601 0.071974 0.073389 0.074850 0.076359 0.077918 0.079532 0.081204 0.082939 0.084743 0.086622 0.088585 0.090641 0.092800 0.095077 0.097488 0.100053 0.102796 0.105746 0.108941 0.112424 0.116252 0.120497 0.125248 0.130621 0.136766 0.143882 0.152234 0.162182 0.174225 0.189069 0.207730 0.231715 0.263304 0.306039 0.365535 0.450749 0.575508 0.758038 1.008157 1.278225 1.409429 1.282657 1.017035 0.771391 0.593376 0.473180 0.392585 0.337763 0.299752 0.272926 0.253725 0.239841 0.229737 0.222356 0.216952 0.212985 0.210057 0.207875 0.206224 0.204952 0.203954 0.203169 0.202560 0.202115 0.201833 0.201717 0.201771 0.201993 0.202376 0.202902 0.203546 0.204277 0.205056 0.205846 0.206609 0.207312 0.207929 0.208446 0.208857 0.209169 0.209402 0.209585 0.209758 0.209969 0.210275 0.210740 0.211437 0.212451 0.213878 0.215830 0.218446 0.221892 0.226381 0.232186 0.239672 0.249331 0.261854 0.278232 0.299930 0.329193 0.369592 0.427056 0.511928 0.643253 0.858040 1.230330 1.894477 2.930022 3.621609 2.935931 1.906473 1.248780 0.883527 0.676615 0.554317 0.480036 0.435268 0.410420 0.400618 0.403836 0.420156 0.451767 0.503678 0.585613 0.716416 0.934865 1.329319 2.132637 4.089869 9.968805 19.769345 9.964185 4.080484 2.118187 1.309338 0.908691 0.683155 0.544083 0.452321 0.388522 0.342271 0.307566 0.280757 0.259526 0.242341 0.228163 0.216264 0.206127 0.197375 0.189729 0.182980 0.176969 0.171574 0.166698 0.162266 0.158217 0.154504 0.151085 0.147927 0.145004 0.142290 0.139766 0.137415 0.135219 0.133166 0.131243 0.129437 0.127740 0.126139 0.124627 0.123194 0.121832 0.120532 0.119286 0.118088 0.116928 0.115801 0.114698 0.113613 0.112539 0.111469 0.110397 0.109317 0.108223 0.107111 0.105975 0.104811 0.103618 0.102391 0.101129 0.099832
0.061763 0.062883 0.064035 0.065220 0.066439 0.067694 0.068987 0.070317 0.071688 0.073100 0.074557 0.076059 0.077609 0.079211 0.080868 0.082583 0.084360 0.086206 0.088127 0.090129 0.092222 0.094416 0.096725 0.099163 0.101750 0.104508 0.107465 0.110656 0.114122 0.117915 0.122102 0.126764 0.132007 0.137965 0.144813 0.152783 0.162181 0.173421 0.187073 0.203923 0.225083 0.252125 0.287283 0.333675 0.395392 0.476940 0.580533 0.698745 0.803407 0.848415 0.808159 0.708270 0.594870 0.496147 0.419540 0.362844 0.321560 0.291590 0.269806 0.253952 0.242420 0.234058 0.228025 0.223693 0.220591 0.218354 0.216712 0.215463 0.214468 0.213642 0.212941 0.212355 0.211895 0.211583 0.211445 0.211499 0.211756 0.212210 0.212843 0.213625 0.214512 0.215454 0.216397 0.217288 0.218080 0.218736 0.219234 0.219563 0.219733 0.219764 0.219693 0.219567 0.219442 0.219382 0.219458 0.219749 0.220341 0.221333 0.222838 0.224988 0.227944 0.231906 0.237127 0.243937 0.252777 0.264253 0.279209 0.298865 0.325012 0.360368 0.409144 0.478012 0.577612 0.724367 0.939922 1.235953 1.555982 1.711647 1.561704 1.247567 0.957782 0.749032 0.609885 0.518995 0.460327 0.423752 0.403292 0.395709 0.399688 0.415510 0.445142 0.492804 0.566316 0.679935 0.860413 1.160129 1.684209 2.623628 4.091382 5.069371 4.087066 2.614853 1.670682 1.141393 0.835824 0.648631 0.527164 0.444330 0.385420 0.342008 0.309026 0.283296 0.262749 0.245999 0.232090 0.220350 0.210293 0.201567 0.193909 0.187122 0.181055 0.175591 0.170640 0.166130 0.162003 0.158213 0.154721 0.151495 0.148508 0.145737 0.143163 0.140766 0.138532 0.136447 0.134497 0.132672 0.130960 0.129350 0.127833 0.126400 0.125041 0.123749 0.122513 0.121327 0.120182 0.119069 0.117982 0.116912 0.115851 0.114793 0.113730 0.112654 0.111561 0.110443 0.109296 0.108115 0.106896 0.105637 0.104334 0.102989
0.062585 0.063737 0.064922 0.066142 0.067397 0.068689 0.070020 0.071390 0.072802 0.074257 0.075756 0.077302 0.078897 0.080544 0.082245 0.084005 0.085827 0.087717 0.089679 0.091722 0.093853 0.096082 0.098421 0.100885 0.103490 0.106259 0.109216 0.112393 0.115830 0.119573 0.123682 0.128230 0.133310 0.139039 0.145568 0.153090 0.161855 0.172192 0.184535 0.199457 0.217717 0.240307 0.268483 0.303728 0.347493 0.400454 0.460851 0.521939 0.570474 0.590811 0.575571 0.532163 0.476255 0.421120 0.373522 0.335237 0.305600 0.283157 0.266415 0.254091 0.245152 0.238782 0.234336 0.231298 0.229251 0.227864 0.226876 0.226100 0.225410 0.224741 0.224080 0.223451 0.222902 0.222492 0.222273 0.222288 0.222561 0.223093 0.223862 0.224827 0.225931 0.227101 0.228263 0.229340 0.230266 0.230987 0.231469 0.231700 0.231687 0.231460 0.231064 0.230556 0.230005 0.229484 0.229074 0.228859 0.228930 0.229386 0.230340 0.231918 0.234272 0.237584 0.242081 0.248054 0.255881 0.266065 0.279288 0.296495 0.319009 0.348702 0.388231 0.441303 0.512783 0.608027 0.729682 0.868963 0.992481 1.045585 0.997952 0.880065 0.746748 0.631580 0.543571 0.480353 0.436922 0.408872 0.393114 0.387842 0.392375 0.407112 0.433652 0.475163 0.537124 0.628635 0.764528 0.967921 1.269402 1.685398 2.135366 2.351099 2.131434 1.677395 1.257042 0.950761 0.741949 0.599814 0.500995 0.430356 0.378408 0.339167 0.308780 0.284708 0.265240 0.249196 0.235745 0.224293 0.214408 0.205771 0.198143 0.191346 0.185240 0.179720 0.174700 0.170116 0.165912 0.162045 0.158480 0.155184 0.152134 0.149305 0.146679 0.144239 0.141968 0.139852 0.137879 0.136036 0.134313 0.132698 0.131182 0.129754 0.128405 0.127126 0.125908 0.124742 0.123618 0.122529 0.121464 0.120417 0.119378 0.118339 0.117292 0.116228 0.115141 0.114024 0.112870 0.111674 0.110431 0.109139 0.107794 0.106396
0.063421 0.064606 0.065827 0.067083 0.068376 0.069708 0.071079 0.072491 0.073946 0.075445 0.076990 0.078582 0.080225 0.081919 0.083668 0.085476 0.087345 0.089281 0.091288 0.093372 0.095542 0.097807 0.100176 0.102664 0.105286 0.108062 0.111014 0.114172 0.117570 0.121251 0.125267 0.129682 0.134577 0.140050 0.146227 0.153264 0.161357 0.170758 0.181779 0.194814 0.210346 0.228945 0.251233 0.277776 0.308828 0.343849 0.380779 0.415360 0.441374 0.452733 0.446842 0.426335 0.397335 0.366098 0.336911 0.311860 0.291502 0.275589 0.263545 0.254722 0.248499 0.244318 0.241687 0.240175 0.239401 0.239045 0.238846 0.238615 0.238239 0.237681 0.236969 0.236180 0.235417 0.234789 0.234394 0.234306 0.234566 0.235181 0.236126 0.237342 0.238749 0.240245 0.241723 0.243073 0.244199 0.245024 0.245499 0.245605 0.245357 0.244793 0.243974 0.242976 0.241882 0.240781 0.239764 0.238924 0.238357 0.238164 0.238453 0.239346 0.240981 0.243525 0.247174 0.252175 0.258840 0.267569 0.278883 0.293469 0.312229 0.336344 0.367308 0.406882 0.456795 0.517855 0.587988 0.659209 0.715829 0.739325 0.720991 0.669681 0.604073 0.540031 0.485743 0.443530 0.412894 0.392505 0.381125 0.377964 0.382802 0.396067 0.418945 0.453569 0.503310 0.573117 0.669652 0.800320 0.968698 1.162114 1.332895 1.403108 1.329433 1.155054 0.957762 0.785081 0.649518 0.547309 0.470834 0.413167 0.369038 0.334670 0.307408 0.285383 0.267273 0.252133 0.239280 0.228214 0.218567 0.210063 0.202495 0.195704 0.189570 0.183996 0.178909 0.174248 0.169964 0.166018 0.162376 0.159008 0.155892 0.153004 0.150326 0.147841 0.145534 0.143390 0.141396 0.139540 0.137810 0.136195 0.134685 0.133268 0.131936 0.130679 0.129486 0.128348 0.127255 0.126197 0.125166 0.124152 0.123144 0.122133 0.121111 0.120068 0.118995 0.117885 0.116729 0.115522 0.114258 0.112933 0.111544 0.110090
0.064273 0.065493 0.066750 0.068044 0.069377 0.070750 0.072164 0.073621 0.075122 0.076668 0.078262 0.079904 0.081596 0.083341 0.085142 0.087000 0.088920 0.090905 0.092959 0.095089 0.097300 0.099602 0.102003 0.104515 0.107153 0.109935 0.112879 0.116013 0.119367 0.122978 0.126892 0.131163 0.135858 0.141061 0.146872 0.153413 0.160834 0.169317 0.179079 0.190375 0.203489 0.218715 0.236308 0.256381 0.278741 0.302637 0.326501 0.347842 0.363615 0.371176 0.369477 0.359618 0.344290 0.326591 0.309053 0.293284 0.280065 0.269606 0.261793 0.256344 0.252907 0.251103 0.250542 0.250839 0.251616 0.252528 0.253287 0.253683 0.253608 0.253060 0.252131 0.250979 0.249792 0.248758 0.248036 0.247743 0.247943 0.248651 0.249828 0.251395 0.253235 0.255203 0.257143 0.258896 0.260321 0.261307 0.261785 0.261732 0.261170 0.260158 0.258782 0.257144 0.255353 0.253518 0.251744 0.250135 0.248791 0.247814 0.247311 0.247395 0.248194 0.249853 0.252541 0.256462 0.261862 0.269046 0.278391 0.290366 0.305545 0.324601 0.348272 0.377226 0.411766 0.451251 0.493243 0.532701 0.562263 0.574733 0.567065 0.542438 0.508183 0.471820 0.438566 0.411074 0.390245 0.376109 0.368423 0.367006 0.371910 0.383530 0.402671 0.430627 0.469210 0.520671 0.587259 0.669937 0.765591 0.862709 0.938816 0.967402 0.935916 0.856775 0.756354 0.656984 0.570023 0.498417 0.441009 0.395332 0.358874 0.329510 0.305567 0.285773 0.269172 0.255053 0.242881 0.232259 0.222887 0.214538 0.207039 0.200259 0.194093 0.188462 0.183300 0.178555 0.174184 0.170151 0.166426 0.162981 0.159794 0.156845 0.154113 0.151584 0.149241 0.147070 0.145058 0.143192 0.141460 0.139850 0.138353 0.136956 0.135649 0.134421 0.133263 0.132163 0.131112 0.130098 0.129111 0.128140 0.127176 0.126206 0.125220 0.124208 0.123159 0.122063 0.120913 0.119700 0.118418 0.117061 0.115626 0.114112
0.065139 0.066396 0.067692 0.069026 0.070401 0.071818 0.073278 0.074782 0.076332 0.077929 0.079574 0.081269 0.083016 0.084816 0.086672 0.088585 0.090559 0.092597 0.094703 0.096881 0.099137 0.101479 0.103914 0.106453 0.109108 0.111895 0.114832 0.117940 0.121247 0.124784 0.128591 0.132712 0.137205 0.142134 0.147580 0.153636 0.160412 0.168036 0.176650 0.186409 0.197467 0.209952 0.223924 0.239309 0.255797 0.272740 0.289072 0.303354 0.314019 0.319819 0.320295 0.315974 0.308169 0.298512 0.288508 0.279278 0.271522 0.265584 0.261553 0.259353 0.258793 0.259605 0.261453 0.263950 0.266673 0.269200 0.271159 0.272285 0.272460 0.271732 0.270296 0.268440 0.266487 0.264744 0.263460 0.262807 0.262879 0.263691 0.265189 0.267256 0.269724 0.272385 0.275007 0.277360 0.279235 0.280468 0.280963 0.280692 0.279696 0.278071 0.275945 0.273462 0.270767 0.267997 0.265276 0.262717 0.260429 0.258511 0.257069 0.256208 0.256044 0.256702 0.258325 0.261076 0.265143 0.270748 0.278151 0.287650 0.299579 0.314281 0.332048 0.353009 0.376924 0.402900 0.429070 0.452483 0.469528 0.477084 0.473927 0.461395 0.442729 0.421673 0.401328 0.383738 0.370013 0.360655 0.355868 0.355774 0.360555 0.370534 0.386216 0.408298 0.437601 0.474883 0.520405 0.573109 0.629386 0.681931 0.720134 0.733618 0.717898 0.677328 0.622150 0.562840 0.506555 0.456750 0.414316 0.378805 0.349254 0.324608 0.303908 0.286351 0.271292 0.258225 0.246759 0.236595 0.227502 0.219304 0.211865 0.205082 0.198870 0.193164 0.187912 0.183069 0.178597 0.174466 0.170648 0.167119 0.163855 0.160839 0.158052 0.155476 0.153098 0.150902 0.148874 0.147003 0.145274 0.143677 0.142199 0.140830 0.139557 0.138370 0.137257 0.136208 0.135211 0.134254 0.133325 0.132413 0.131505 0.130590 0.129655 0.128687 0.127674 0.126605 0.125470 0.124258 0.122961 0.121574 0.120092 0.118513
0.066022 0.067317 0.068653 0.070030 0.071450 0.072913 0.074421 0.075976 0.077578 0.079229 0.080930 0.082683 0.084488 0.086348 0.088263 0.090237 0.092270 0.094366 0.096528 0.098760 0.101066 0.103452 0.105925 0.108494 0.111169 0.113964 0.116894 0.119977 0.123238 0.126701 0.130401 0.134374 0.138666 0.143329 0.148425 0.154022 0.160200 0.167043 0.174643 0.183087 0.192446 0.202758 0.213992 0.226014 0.238531 0.251055 0.262891 0.273198 0.281139 0.286089 0.287844 0.286696 0.283354 0.278745 0.273796 0.269287 0.265785 0.263650 0.263063 0.264058 0.266550 0.270334 0.275091 0.280380 0.285663 0.290350 0.293895 0.295900 0.296212 0.294959 0.292507 0.289371 0.286096 0.283167 0.280958 0.279716 0.279560 0.280502 0.282455 0.285249 0.288641 0.292330 0.295975 0.299232 0.301786 0.303394 0.303918 0.303330 0.301713 0.299223 0.296063 0.292443 0.288561 0.284589 0.280676 0.276945 0.273506 0.270461 0.267908 0.265946 0.264678 0.264214 0.264669 0.266172 0.268861 0.272891 0.278428 0.285648 0.294721 0.305786 0.318901 0.333958 0.350578 0.367976 0.384874 0.399555 0.410152 0.415185 0.414112 0.407571 0.397143 0.384803 0.372393 0.361333 0.352575 0.346702 0.344066 0.344905 0.349434 0.357900 0.370592 0.387829 0.409872 0.436764 0.468042 0.502314 0.536812 0.567225 0.588297 0.595462 0.586842 0.564183 0.531921 0.495177 0.458121 0.423379 0.392191 0.364865 0.341195 0.320747 0.303031 0.287582 0.273996 0.261940 0.251148 0.241410 0.232563 0.224483 0.217072 0.210252 0.203963 0.198155 0.192786 0.187822 0.183231 0.178985 0.175061 0.171435 0.168088 0.164999 0.162152 0.159529 0.157115 0.154896 0.152856 0.150984 0.149264 0.147687 0.146238 0.144906 0.143678 0.142544 0.141490 0.140506 0.139577 0.138693 0.137839 0.137002 0.136170 0.135327 0.134459 0.133552 0.132591 0.131563 0.130455 0.129253 0.127949 0.126535 0.125004 0.123355
0.066920 0.068256 0.069635 0.071056 0.072523 0.074036 0.075596 0.077205 0.078863 0.080573 0.082334 0.084149 0.086018 0.087942 0.089924 0.091963 0.094062 0.096222 0.098447 0.100738 0.103099 0.105536 0.108052 0.110656 0.113357 0.116164 0.119090 0.122153 0.125369 0.128763 0.132359 0.136190 0.140291 0.144702 0.149470 0.154645 0.160281 0.166435 0.173161 0.180502 0.188484 0.197098 0.206282 0.215897 0.225706 0.235365 0.244426 0.252396 0.258813 0.263360 0.265955 0.266790 0.266294 0.265042 0.263649 0.262680 0.262606 0.263777 0.266430 0.270686 0.276544 0.283855 0.292291 0.301312 0.310160 0.317931 0.323722 0.326854 0.327080 0.324664 0.320299 0.314902 0.309389 0.304523 0.300846 0.298680 0.298163 0.299281 0.301896 0.305761 0.310529 0.315765 0.320964 0.325603 0.329196 0.331372 0.331927 0.330849 0.328297 0.324547 0.319924 0.314744 0.309281 0.303755 0.298334 0.293149 0.288308 0.283907 0.280038 0.276791 0.274258 0.272534 0.271713 0.271892 0.273169 0.275644 0.279414 0.284567 0.291169 0.299242 0.308727 0.319436 0.330999 0.342811 0.354025 0.363620 0.370581 0.374153 0.374076 0.370687 0.364823 0.357586 0.350092 0.343297 0.337933 0.334516 0.333404 0.334854 0.339065 0.346213 0.356447 0.369868 0.386460 0.405981 0.427802 0.450719 0.472827 0.491588 0.504248 0.508587 0.503710 0.490379 0.470681 0.447235 0.422440 0.398064 0.375170 0.354252 0.335419 0.318563 0.303473 0.289912 0.277654 0.266502 0.256296 0.246908 0.238238 0.230212 0.222767 0.215857 0.209442 0.203489 0.197967 0.192850 0.188112 0.183731 0.179683 0.175948 0.172506 0.169337 0.166425 0.163753 0.161304 0.159062 0.157014 0.155146 0.153444 0.151894 0.150484 0.149200 0.148031 0.146963 0.145984 0.145081 0.144239 0.143446 0.142687 0.141946 0.141210 0.140461 0.139683 0.138858 0.137970 0.137002 0.135936 0.134759 0.133456 0.132018 0.130438 0.128713
0.067835 0.069213 0.070637 0.072106 0.073623 0.075188 0.076804 0.078470 0.080190 0.081962 0.083789 0.085671 0.087610 0.089606 0.091659 0.093772 0.095943 0.098176 0.100471 0.102829 0.105254 0.107748 0.110315 0.112962 0.115693 0.118519 0.121448 0.124495 0.127674 0.131003 0.134505 0.138203 0.142125 0.146304 0.150772 0.155566 0.160724 0.166280 0.172264 0.178695 0.185574 0.192872 0.200523 0.208408 0.216350 0.224111 0.231411 0.237956 0.243495 0.247871 0.251071 0.253245 0.254690 0.255806 0.257045 0.258857 0.261663 0.265829 0.271661 0.279383 0.289111 0.300789 0.314105 0.328386 0.342526 0.355033 0.364288 0.369002 0.368696 0.363908 0.355989 0.346622 0.337363 0.329384 0.323427 0.319867 0.318816 0.320198 0.323793 0.329253 0.336092 0.343686 0.351286 0.358078 0.363292 0.366332 0.366891 0.364999 0.360978 0.355321 0.348569 0.341208 0.333615 0.326060 0.318725 0.311733 0.305177 0.299140 0.293704 0.288950 0.284961 0.281817 0.279595 0.278365 0.278194 0.279136 0.281236 0.284523 0.288995 0.294610 0.301256 0.308735 0.316729 0.324789 0.332353 0.338797 0.343539 0.346168 0.346550 0.344879 0.341627 0.337442 0.333017 0.328994 0.325909 0.324175 0.324104 0.325922 0.329796 0.335846 0.344134 0.354652 0.367267 0.381665 0.397262 0.413140 0.428028 0.440404 0.448739 0.451860 0.449283 0.441355 0.429110 0.413937 0.397218 0.380084 0.363315 0.347367 0.332443 0.318579 0.305721 0.293776 0.282643 0.272233 0.262475 0.253313 0.244710 0.236637 0.229070 0.221990 0.215381 0.209224 0.203499 0.198188 0.193271 0.188726 0.184532 0.180671 0.177122 0.173865 0.170883 0.168158 0.165673 0.163412 0.161360 0.159503 0.157825 0.156313 0.154953 0.153732 0.152636 0.151652 0.150765 0.149962 0.149228 0.148549 0.147908 0.147289 0.146675 0.146047 0.145386 0.144671 0.143882 0.142997 0.141996 0.140860 0.139572 0.138118 0.136489 0.134682
0.068765 0.070189 0.071660 0.073179 0.074749 0.076371 0.078046 0.079775 0.081559 0.083400 0.085299 0.087255 0.089270 0.091344 0.093478 0.095672 0.097925 0.100239 0.102613 0.105048 0.107546 0.110107 0.112735 0.115432 0.118204 0.121056 0.123997 0.127036 0.130186 0.133460 0.136877 0.140454 0.144215 0.148183 0.152383 0.156840 0.161580 0.166624 0.171987 0.177674 0.183675 0.189956 0.196460 0.203092 0.209726 0.216205 0.222355 0.228006 0.233028 0.237356 0.241022 0.244161 0.247011 0.249891 0.253177 0.257274 0.262604 0.269591 0.278655 0.290188 0.304512 0.321787 0.341836 0.363907 0.386399 0.406772 0.421912 0.429126 0.427362 0.417778 0.403175 0.386782 0.371262 0.358348 0.348935 0.343343 0.341554 0.343360 0.348422 0.356266 0.366245 0.377484 0.388866 0.399104 0.406915 0.411293 0.411750 0.408426 0.401976 0.393322 0.383386 0.372914 0.362420 0.352208 0.342438 0.333196 0.324538 0.316519 0.309204 0.302667 0.296982 0.292222 0.288447 0.285706 0.284035 0.283455 0.283970 0.285562 0.288188 0.291767 0.296171 0.301210 0.306621 0.312075 0.317188 0.321564 0.324851 0.326810 0.327368 0.326641 0.324911 0.322572 0.320071 0.317839 0.316261 0.315653 0.316265 0.318283 0.321836 0.327001 0.333798 0.342167 0.351948 0.362841 0.374373 0.385878 0.396512 0.405336 0.411457 0.414203 0.413283 0.408846 0.401413 0.391732 0.380589 0.368678 0.356519 0.344456 0.332678 0.321270 0.310254 0.299623 0.289369 0.279486 0.269984 0.260876 0.252182 0.243920 0.236108 0.228752 0.221858 0.215420 0.209430 0.203873 0.198733 0.193992 0.189627 0.185620 0.181949 0.178593 0.175535 0.172754 0.170233 0.167956 0.165905 0.164066 0.162422 0.160960 0.159664 0.158521 0.157516 0.156634 0.155861 0.155181 0.154580 0.154041 0.153548 0.153081 0.152621 0.152147 0.151637 0.151067 0.150410 0.149642 0.148735 0.147665 0.146409 0.144950 0.143275 0.141377
0.069712 0.071183 0.072704 0.074277 0.075904 0.077585 0.079324 0.081120 0.082975 0.084891 0.086867 0.088904 0.091004 0.093165 0.095388 0.097673 0.100018 0.102423 0.104888 0.107412 0.109994 0.112635 0.115334 0.118094 0.120917 0.123807 0.126770 0.129811 0.132942 0.136172 0.139516 0.142988 0.146605 0.150386 0.154349 0.158512 0.162892 0.167502 0.172349 0.177431 0.182734 0.188228 0.193867 0.199581 0.205285 0.210878 0.216257 0.221331 0.226044 0.230387 0.234423 0.238290 0.242205 0.246456 0.251397 0.257439 0.265051 0.274766 0.287184 0.302977 0.322847 0.347423 0.377005 0.411070 0.447535 0.482066 0.508320 0.520099 0.514790 0.495160 0.467564 0.438516 0.412538 0.391920 0.377418 0.368984 0.366250 0.368756 0.376004 0.387409 0.402170 0.419122 0.436615 0.452554 0.464697 0.471214 0.471267 0.465265 0.454597 0.441043 0.426208 0.411234 0.396763 0.383069 0.370212 0.358173 0.346929 0.336489 0.326899 0.318226 0.310544 0.303919 0.298400 0.294015 0.290774 0.288663 0.287651 0.287685 0.288690 0.290562 0.293164 0.296318 0.299811 0.303389 0.306784 0.309728 0.311996 0.313440 0.314016 0.313793 0.312947 0.311728 0.310427 0.309340 0.308742 0.308869 0.309913 0.312018 0.315285 0.319762 0.325447 0.332267 0.340073 0.348614 0.357529 0.366346 0.374503 0.381405 0.386503 0.389387 0.389862 0.387970 0.383965 0.378233 0.371199 0.363254 0.354702 0.345754 0.336541 0.327137 0.317593 0.307958 0.298291 0.288665 0.279165 0.269876 0.260878 0.252241 0.244018 0.236248 0.228951 0.222137 0.215802 0.209938 0.204526 0.199549 0.194984 0.190808 0.186998 0.183533 0.180391 0.177552 0.174996 0.172705 0.170662 0.168849 0.167251 0.165852 0.164636 0.163589 0.162695 0.161938 0.161303 0.160775 0.160336 0.159970 0.159657 0.159379 0.159113 0.158835 0.158520 0.158138 0.157659 0.157049 0.156276 0.155306 0.154109 0.152661 0.150944 0.148949
0.070675 0.072195 0.073770 0.075399 0.077086 0.078832 0.080639 0.082508 0.084440 0.086436 0.088497 0.090624 0.092817 0.095075 0.097398 0.099785 0.102235 0.104745 0.107314 0.109940 0.112621 0.115355 0.118141 0.120977 0.123865 0.126806 0.129802 0.132859 0.135983 0.139182 0.142467 0.145849 0.149342 0.152959 0.156715 0.160624 0.164696 0.168941 0.173360 0.177950 0.182698 0.187580 0.192560 0.197593 0.202621 0.207587 0.212434 0.217122 0.221643 0.226026 0.230358 0.234786 0.239528 0.244871 0.251179 0.258903 0.268601 0.280963 0.296858 0.317380 0.343883 0.377941 0.421090 0.474064 0.535106 0.597346 0.647260 0.668877 0.654709 0.612447 0.558272 0.505940 0.462578 0.430244 0.408548 0.396350 0.392521 0.396174 0.406641 0.423310 0.445359 0.471389 0.499043 0.524843 0.544626 0.554751 0.553603 0.542282 0.523887 0.501995 0.479436 0.457869 0.437954 0.419735 0.402997 0.387492 0.373056 0.359633 0.347248 0.335977 0.325902 0.317091 0.309581 0.303380 0.298466 0.294791 0.292287 0.290867 0.290425 0.290838 0.291960 0.293627 0.295652 0.297835 0.299973 0.301877 0.303391 0.304414 0.304915 0.304936 0.304588 0.304036 0.303473 0.303105 0.303128 0.303718 0.305021 0.307147 0.310172 0.314131 0.319011 0.324748 0.331217 0.338225 0.345508 0.352735 0.359533 0.365515 0.370333 0.373722 0.375536 0.375760 0.374492 0.371900 0.368173 0.363476 0.357931 0.351610 0.344552 0.336791 0.328376 0.319394 0.309970 0.300256 0.290424 0.280641 0.271056 0.261794 0.252948 0.244584 0.236740 0.229431 0.222659 0.216412 0.210672 0.205415 0.200615 0.196246 0.192280 0.188693 0.185461 0.182561 0.179970 0.177671 0.175642 0.173867 0.172328 0.171008 0.169891 0.168961 0.168202 0.167597 0.167130 0.166784 0.166542 0.166386 0.166296 0.166251 0.166226 0.166196 0.166131 0.165995 0.165751 0.165358 0.164772 0.163949 0.162849 0.161438 0.159688 0.157587
0.071654 0.073227 0.074857 0.076547 0.078298 0.080113 0.081993 0.083939 0.085955 0.088039 0.090194 0.092420 0.094716 0.097083 0.099518 0.102021 0.104589 0.107219 0.109909 0.112654 0.115451 0.118295 0.121184 0.124115 0.127084 0.130092 0.133137 0.136224 0.139355 0.142537 0.145777 0.149085 0.152472 0.155948 0.159526 0.163216 0.167027 0.170964 0.175029 0.179219 0.183523 0.187923 0.192397 0.196914 0.201441 0.205948 0.210413 0.214830 0.219220 0.223642 0.228200 0.233057 0.238439 0.244649 0.252081 0.261249 0.272822 0.287695 0.307083 0.332671 0.366812 0.412759 0.474762 0.557489 0.663268 0.784546 0.892520 0.940015 0.900887 0.801532 0.689392 0.593564 0.521940 0.472597 0.441352 0.424545 0.419637 0.425106 0.440176 0.464475 0.497558 0.538181 0.583300 0.627143 0.661468 0.678210 0.673749 0.651111 0.617715 0.581066 0.546084 0.514859 0.487590 0.463609 0.442067 0.422290 0.403888 0.386728 0.370845 0.356348 0.343350 0.331929 0.322110 0.313871 0.307148 0.301850 0.297863 0.295060 0.293304 0.292447 0.292332 0.292797 0.293670 0.294782 0.295968 0.297083 0.298009 0.298672 0.299044 0.299150 0.299061 0.298886 0.298759 0.298825 0.299226 0.300094 0.301538 0.303647 0.306478 0.310059 0.314379 0.319390 0.324996 0.331058 0.337391 0.343771 0.349950 0.355680 0.360733 0.364935 0.368170 0.370391 0.371599 0.371817 0.371062 0.369315 0.366521 0.362597 0.357460 0.351070 0.343458 0.334743 0.325128 0.314873 0.304258 0.293558 0.283007 0.272793 0.263052 0.253871 0.245300 0.237356 0.230036 0.223323 0.217189 0.211603 0.206532 0.201943 0.197803 0.194083 0.190753 0.187789 0.185167 0.182864 0.180860 0.179134 0.177670 0.176448 0.175452 0.174664 0.174068 0.173645 0.173380 0.173255 0.173251 0.173350 0.173531 0.173773 0.174049 0.174331 0.174584 0.174769 0.174837 0.174738 0.174414 0.173806 0.172858 0.171521 0.169755 0.167541
0.072648 0.074276 0.075965 0.077719 0.079538 0.081427 0.083386 0.085417 0.087523 0.089704 0.091962 0.094297 0.096708 0.099196 0.101758 0.104392 0.107095 0.109864 0.112693 0.115577 0.118510 0.121487 0.124500 0.127545 0.130616 0.133709 0.136823 0.139956 0.143110 0.146290 0.149501 0.152751 0.156048 0.159404 0.162829 0.166331 0.169918 0.173597 0.177368 0.181230 0.185175 0.189194 0.193271 0.197389 0.201533 0.205693 0.209868 0.214077 0.218362 0.222802 0.227518 0.232684 0.238541 0.245414 0.253736 0.264089 0.277268 0.294389 0.317064 0.347698 0.389984 0.449736 0.536196 0.663596 0.850683 1.107594 1.385583 1.521966 1.394783 1.126296 0.879511 0.703534 0.588654 0.516646 0.473931 0.452107 0.446440 0.454626 0.475996 0.510974 0.560446 0.624622 0.700798 0.780008 0.845015 0.875524 0.861786 0.812911 0.748458 0.684752 0.629637 0.584488 0.547622 0.516582 0.489249 0.464222 0.440815 0.418860 0.398476 0.379873 0.363227 0.348633 0.336093 0.325533 0.316828 0.309822 0.304342 0.300208 0.297241 0.295262 0.294095 0.293569 0.293519 0.293787 0.294230 0.294726 0.295178 0.295522 0.295733 0.295822 0.295837 0.295851 0.295959 0.296266 0.296877 0.297894 0.299403 0.301473 0.304155 0.307474 0.311426 0.315981 0.321077 0.326620 0.332491 0.338545 0.344628 0.350585 0.356276 0.361587 0.366434 0.370751 0.374481 0.377544 0.379811 0.381091 0.381132 0.379652 0.376396 0.371201 0.364058 0.355134 0.344747 0.333318 0.321295 0.309095 0.297068 0.285473 0.274486 0.264212 0.254698 0.245954 0.237961 0.230687 0.224089 0.218123 0.212743 0.207906 0.203573 0.199707 0.196275 0.193247 0.190596 0.188297 0.186328 0.184667 0.183296 0.182195 0.181345 0.180729 0.180328 0.180125 0.180102 0.180241 0.180523 0.180930 0.181442 0.182035 0.182684 0.183357 0.184017 0.184618 0.185101 0.185402 0.185444 0.185148 0.184434 0.183228 0.181475 0.179141
0.073656 0.075342 0.077094 0.078915 0.080808 0.082775 0.084819 0.086942 0.089146 0.091433 0.093803 0.096259 0.098799 0.101422 0.104127 0.106911 0.109770 0.112698 0.115690 0.118737 0.121832 0.124966 0.128130 0.131314 0.134511 0.137713 0.140915 0.144114 0.147310 0.150503 0.153700 0.156906 0.160131 0.163384 0.166676 0.170016 0.173412 0.176871 0.180396 0.183986 0.187640 0.191350 0.195110 0.198912 0.202753 0.206636 0.210577 0.214610 0.218791 0.223214 0.228011 0.233368 0.239542 0.246877 0.255842 0.267081 0.281504 0.300432 0.325860 0.360925 0.410803 0.484477 0.598452 0.784750 1.107393 1.682514 2.578896 3.178556 2.588822 1.702713 1.138590 0.828095 0.655608 0.557755 0.503356 0.477036 0.471359 0.483303 0.512742 0.561838 0.634688 0.736337 0.869163 1.023353 1.162600 1.227639 1.185412 1.068378 0.935031 0.820589 0.733363 0.669084 0.620555 0.581453 0.547377 0.515855 0.485930 0.457582 0.431201 0.407214 0.385911 0.367394 0.351604 0.338376 0.327482 0.318666 0.311670 0.306244 0.302151 0.299172 0.297102 0.295753 0.294953 0.294547 0.294399 0.294396 0.294451 0.294508 0.294538 0.294545 0.294559 0.294633 0.294837 0.295251 0.295955 0.297031 0.298550 0.300572 0.303142 0.306289 0.310021 0.314328 0.319177 0.324519 0.330285 0.336398 0.342776 0.349339 0.356017 0.362753 0.369498 0.376195 0.382756 0.389027 0.394752 0.399549 0.402917 0.404285 0.403119 0.399053 0.392003 0.382213 0.370209 0.356679 0.342339 0.327821 0.313620 0.300079 0.287404 0.275697 0.264987 0.255254 0.246450 0.238513 0.231376 0.224976 0.219248 0.214138 0.209594 0.205572 0.202032 0.198940 0.196265 0.193980 0.192060 0.190483 0.189227 0.188272 0.187599 0.187189 0.187023 0.187082 0.187348 0.187803 0.188429 0.189206 0.190117 0.191139 0.192248 0.193412 0.194591 0.195732 0.196768 0.197614 0.198171 0.198326 0.197966 0.196983 0.195290 0.192835
0.074679 0.076425 0.078243 0.080136 0.082106 0.084157 0.086292 0.088514 0.090825 0.093227 0.095723 0.098312 0.100995 0.103772 0.106639 0.109594 0.112631 0.115744 0.118926 0.122166 0.125453 0.128776 0.132121 0.135475 0.138828 0.142166 0.145482 0.148770 0.152026 0.155250 0.158447 0.161623 0.164787 0.167952 0.171127 0.174324 0.177554 0.180825 0.184140 0.187504 0.190916 0.194373 0.197874 0.201418 0.205010 0.208661 0.212397 0.216262 0.220323 0.224682 0.229479 0.234909 0.241238 0.248826 0.258165 0.269945 0.285153 0.305260 0.332539 0.370693 0.426103 0.510571 0.647926 0.892053 1.384542 2.577965 6.153049 12.109934 6.163568 2.599393 1.417693 0.938225 0.709015 0.589242 0.526056 0.497065 0.492542 0.509188 0.548019 0.614153 0.717820 0.875997 1.111617 1.437042 1.791138 1.970355 1.821971 1.498344 1.202364 0.993932 0.858668 0.770824 0.710086 0.662900 0.621265 0.581426 0.542515 0.505168 0.470438 0.439168 0.411791 0.388357 0.368661 0.352355 0.339038 0.328304 0.319771 0.313091 0.307955 0.304087 0.301245 0.299214 0.297807 0.296860 0.296237 0.295827 0.295546 0.295338 0.295174 0.295051 0.294991 0.295033 0.295233 0.295654 0.296364 0.297431 0.298919 0.300884 0.303372 0.306418 0.310043 0.314258 0.319061 0.324438 0.330373 0.336842 0.343827 0.351318 0.359313 0.367822 0.376850 0.386384 0.396346 0.406549 0.416625 0.425974 0.433746 0.438911 0.440446 0.437599 0.430146 0.418484 0.403530 0.386461 0.368437 0.350418 0.333086 0.316857 0.301939 0.288394 0.276196 0.265265 0.255500 0.246795 0.239046 0.232158 0.226047 0.220638 0.215868 0.211681 0.208031 0.204877 0.202186 0.199927 0.198072 0.196599 0.195484 0.194707 0.194247 0.194084 0.194198 0.194571 0.195182 0.196014 0.197049 0.198270 0.199662 0.201205 0.202879 0.204655 0.206494 0.208339 0.210112 0.211706 0.212988 0.213803 0.213983 0.213365 0.211813 0.209241
0.075714 0.077524 0.079411 0.081379 0.083432 0.085573 0.087806 0.090134 0.092561 0.095090 0.097723 0.100460 0.103304 0.106252 0.109304 0.112454 0.115698 0.119027 0.122431 0.125899 0.129416 0.132965 0.136530 0.140094 0.143637 0.147146 0.150606 0.154008 0.157346 0.160618 0.163829 0.166985 0.170099 0.173183 0.176252 0.179321 0.182402 0.185506 0.188641 0.191812 0.195020 0.198267 0.201552 0.204880 0.208258 0.211703 0.215247 0.218939 0.222851 0.227089 0.231799 0.237179 0.243499 0.251124 0.260553 0.272492 0.287955 0.308465 0.336399 0.375673 0.433138 0.521750 0.668558 0.938225 1.519323 3.175819 12.108017 12.112918 12.118975 3.198160 1.553932 0.986521 0.732630 0.604558 0.538847 0.510172 0.508156 0.529978 0.578327 0.662227 0.800995 1.033898 1.440561 2.165993 3.296176 4.058638 3.337483 2.248863 1.565039 1.198847 1.002602 0.892279 0.822951 0.769742 0.719751 0.668309 0.615865 0.564951 0.518037 0.476620 0.441193 0.411563 0.387174 0.367339 0.351365 0.338618 0.328545 0.320667 0.314580 0.309940 0.306453 0.303871 0.301983 0.300611 0.299611 0.298868 0.298297 0.297842 0.297472 0.297182 0.296988 0.296926 0.297041 0.297390 0.298036 0.299039 0.300461 0.302358 0.304782 0.307777 0.311379 0.315620 0.320527 0.326125 0.332439 0.339502 0.347359 0.356069 0.365710 0.376378 0.388173 0.401177 0.415399 0.430689 0.446627 0.462376 0.476588 0.487459 0.493033 0.491776 0.483157 0.467903 0.447736 0.424770 0.400941 0.377687 0.355900 0.336020 0.318179 0.302325 0.288315 0.275965 0.265090 0.255514 0.247083 0.239660 0.233132 0.227403 0.222393 0.218035 0.214275 0.211064 0.208366 0.206147 0.204378 0.203035 0.202092 0.201529 0.201325 0.201458 0.201907 0.202653 0.203676 0.204957 0.206480 0.208231 0.210199 0.212371 0.214736 0.217273 0.219950 0.222712 0.225470 0.228094 0.230410 0.232197 0.233204 0.233179 0.231905 0.229237
0.076761 0.078637 0.080597 0.082645 0.084784 0.087021 0.089359 0.091802 0.094355 0.097022 0.099806 0.102708 0.105731 0.108873 0.112134 0.115509 0.118991 0.122572 0.126240 0.129978 0.133770 0.137594 0.141427 0.145246 0.149027 0.152748 0.156388 0.159935 0.163379 0.166717 0.169953 0.173097 0.176164 0.179170 0.182137 0.185082 0.188024 0.190977 0.193952 0.196955 0.199989 0.203058 0.206161 0.209303 0.212492 0.215747 0.219100 0.222602 0.226328 0.230384 0.234916 0.240121 0.246266 0.253708 0.262939 0.274643 0.289805 0.309890 0.337171 0.375345 0.430795 0.515323 0.652761 0.896997 1.389628 2.583234 6.158554 12.115746 6.169780 2.606132 1.425133 0.946611 0.718704 0.600761 0.540217 0.515172 0.516779 0.543427 0.599568 0.697906 0.867050 1.173729 1.794708 3.295803 7.778389 15.243144 7.833036 3.406684 1.964383 1.404245 1.157230 1.039504 0.973699 0.920237 0.860206 0.789915 0.714657 0.641723 0.576238 0.520379 0.474234 0.436842 0.406891 0.383078 0.364252 0.349446 0.337871 0.328885 0.321965 0.316685 0.312690 0.309691 0.307446 0.305758 0.304469 0.303458 0.302636 0.301944 0.301354 0.300861 0.300481 0.300248 0.300207 0.300414 0.300929 0.301815 0.303134 0.304948 0.307314 0.310289 0.313927 0.318281 0.323407 0.329366 0.336230 0.344085 0.353043 0.363243 0.374860 0.388111 0.403248 0.420533 0.440188 0.462267 0.486454 0.511752 0.536152 0.556503 0.568968 0.570249 0.559096 0.537003 0.507489 0.474576 0.441550 0.410501 0.382452 0.357698 0.336129 0.317444 0.301284 0.287299 0.275172 0.264634 0.255460 0.247462 0.240493 0.234428 0.229169 0.224637 0.220768 0.217508 0.214816 0.212655 0.210995 0.209810 0.209077 0.208772 0.208874 0.209361 0.210211 0.211404 0.212917 0.214733 0.216837 0.219218 0.221873 0.224801 0.228004 0.231482 0.235218 0.239171 0.243250 0.247306 0.251106 0.254341 0.256632 0.257580 0.256820 0.254106
0.077816 0.079762 0.081798 0.083930 0.086161 0.088500 0.090950 0.093517 0.096207 0.099024 0.101974 0.105059 0.108282 0.111643 0.115142 0.118775 0.122534 0.126410 0.130389 0.134451 0.138574 0.142732 0.146895 0.151030 0.155105 0.159089 0.162956 0.166684 0.170261 0.173682 0.176952 0.180085 0.183100 0.186023 0.188881 0.191700 0.194504 0.197312 0.200140 0.202994 0.205880 0.208797 0.211746 0.214727 0.217746 0.220820 0.223978 0.227269 0.230765 0.234572 0.238831 0.243736 0.249541 0.256588 0.265341 0.276436 0.290772 0.309664 0.335099 0.370210 0.420171 0.493967 0.608107 0.794621 1.117544 1.693025 2.589872 3.190132 2.601180 1.716098 1.153337 0.844674 0.674694 0.580343 0.530964 0.512063 0.517764 0.547959 0.608301 0.713280 0.895765 1.236174 1.970240 4.053370 15.237285 15.267924 15.308298 4.199507 2.199220 1.557634 1.316939 1.230562 1.196334 1.155236 1.079203 0.971668 0.853077 0.741924 0.647277 0.570785 0.510550 0.463661 0.427315 0.399175 0.377401 0.360576 0.347609 0.337659 0.330066 0.324308 0.319964 0.316695 0.314225 0.312332 0.310841 0.309620 0.308578 0.307655 0.306825 0.306088 0.305463 0.304991 0.304720 0.304712 0.305029 0.305741 0.306914 0.308617 0.310919 0.313889 0.317598 0.322125 0.327553 0.333983 0.341533 0.350347 0.360610 0.372553 0.386475 0.402756 0.421873 0.444404 0.470990 0.502210 0.538269 0.578403 0.619953 0.657513 0.683211 0.689386 0.672854 0.637120 0.590135 0.539998 0.492267 0.449667 0.412954 0.381848 0.355658 0.333607 0.314980 0.299167 0.285674 0.274103 0.264141 0.255543 0.248114 0.241704 0.236193 0.231488 0.227515 0.224216 0.221544 0.219462 0.217939 0.216948 0.216466 0.216471 0.216941 0.217853 0.219184 0.220910 0.223011 0.225465 0.228260 0.231389 0.234859 0.238686 0.242899 0.247528 0.252595 0.258090 0.263945 0.269997 0.275956 0.281383 0.285703 0.288262 0.288439 0.285789
0.078880 0.080898 0.083013 0.085232 0.087561 0.090007 0.092577 0.095277 0.098114 0.101096 0.104227 0.107514 0.110961 0.114569 0.118339 0.122269 0.126350 0.130573 0.134921 0.139372 0.143898 0.148465 0.153034 0.157562 0.162005 0.166321 0.170471 0.174426 0.178167 0.181687 0.184995 0.188109 0.191058 0.193879 0.196609 0.199285 0.201942 0.204604 0.207290 0.210011 0.212769 0.215561 0.218382 0.221227 0.224095 0.226995 0.229951 0.233006 0.236227 0.239715 0.243606 0.248083 0.253388 0.259840 0.267858 0.278011 0.291079 0.308162 0.330862 0.361577 0.403995 0.463935 0.550642 0.678362 0.865860 1.123296 1.401960 1.539213 1.413158 1.146147 0.901310 0.727937 0.616593 0.549478 0.513688 0.501937 0.511408 0.543233 0.603255 0.704972 0.877536 1.188157 1.814136 3.322007 7.814207 15.293071 7.904194 3.510332 2.117994 1.633447 1.494566 1.512416 1.574216 1.575811 1.461162 1.263713 1.053341 0.872757 0.732199 0.626934 0.548907 0.490954 0.447642 0.415060 0.390427 0.371757 0.357607 0.346912 0.338862 0.332833 0.328333 0.324966 0.322419 0.320441 0.318837 0.317465 0.316227 0.315067 0.313965 0.312928 0.311989 0.311196 0.310612 0.310304 0.310347 0.310816 0.311788 0.313340 0.315555 0.318515 0.322313 0.327048 0.332839 0.339822 0.348166 0.358079 0.369826 0.383747 0.400288 0.420041 0.443798 0.472621 0.507889 0.551273 0.604438 0.668112 0.740002 0.811528 0.865883 0.883252 0.854409 0.789032 0.707334 0.626428 0.555070 0.495604 0.447231 0.408133 0.376438 0.350547 0.329200 0.311426 0.296495 0.283853 0.273085 0.263875 0.255982 0.249225 0.243463 0.238588 0.234520 0.231193 0.228560 0.226581 0.225226 0.224470 0.224291 0.224668 0.225579 0.227001 0.228910 0.231281 0.234087 0.237306 0.240924 0.244940 0.249372 0.254261 0.259674 0.265695 0.272414 0.279893 0.288128 0.296981 0.306113 0.314919 0.322515 0.327808 0.329694 0.327340
0.079948 0.082041 0.084238 0.086549 0.088980 0.091540 0.094236 0.097078 0.100075 0.103234 0.106565 0.110076 0.113771 0.117658 0.121737 0.126008 0.130465 0.135097 0.139886 0.144806 0.149824 0.154896 0.159971 0.164994 0.169902 0.174636 0.179144 0.183381 0.187322 0.190958 0.194298 0.197373 0.200225 0.202905 0.205470 0.207972 0.210457 0.212961 0.215506 0.218105 0.220757 0.223453 0.226178 0.228916 0.231655 0.234393 0.237142 0.239936 0.242835 0.245931 0.249355 0.253279 0.257929 0.263597 0.270655 0.279594 0.291056 0.305914 0.325367 0.351085 0.385420 0.431624 0.493957 0.577104 0.683414 0.805368 0.914203 0.962803 0.925101 0.827602 0.717895 0.625295 0.558009 0.514592 0.491600 0.486555 0.498860 0.530310 0.585997 0.676362 0.821724 1.062247 1.478576 2.217103 3.365875 4.155696 3.476028 2.451937 1.870489 1.668077 1.728997 1.989113 2.331556 2.479406 2.229235 1.766914 1.344954 1.037847 0.828187 0.685511 0.586773 0.517000 0.466751 0.430015 0.402880 0.382721 0.367724 0.356593 0.348373 0.342336 0.337916 0.334661 0.332212 0.330287 0.328667 0.327199 0.325781 0.324363 0.322935 0.321522 0.320175 0.318960 0.317956 0.317247 0.316919 0.317061 0.317760 0.319106 0.321193 0.324122 0.328003 0.332962 0.339149 0.346743 0.355966 0.367094 0.380483 0.396593 0.416040 0.439670 0.468677 0.504785 0.550515 0.609500 0.686661 0.787530 0.914859 1.059224 1.184818 1.232995 1.171343 1.032942 0.877020 0.739809 0.630956 0.547721 0.484401 0.435783 0.397890 0.367859 0.343669 0.323894 0.307518 0.293813 0.282247 0.272433 0.264084 0.256986 0.250979 0.245943 0.241789 0.238449 0.235873 0.234025 0.232874 0.232400 0.232583 0.233405 0.234846 0.236885 0.239494 0.242646 0.246307 0.250450 0.255056 0.260124 0.265687 0.271816 0.278633 0.286307 0.295043 0.305044 0.316450 0.329238 0.343080 0.357190 0.370218 0.380299 0.385379 0.383812
0.081019 0.083188 0.085471 0.087877 0.090414 0.093094 0.095924 0.098918 0.102085 0.105437 0.108985 0.112741 0.116714 0.120913 0.125344 0.130008 0.134903 0.140018 0.145335 0.150825 0.156447 0.162148 0.167862 0.173512 0.179015 0.184288 0.189252 0.193846 0.198030 0.201791 0.205147 0.208141 0.210838 0.213314 0.215650 0.217922 0.220194 0.222514 0.224912 0.227400 0.229972 0.232608 0.235278 0.237951 0.240596 0.243192 0.245735 0.248245 0.250773 0.253402 0.256254 0.259496 0.263338 0.268045 0.273948 0.281456 0.291086 0.303494 0.319524 0.340251 0.367024 0.401419 0.444984 0.498473 0.560154 0.623199 0.674132 0.697049 0.684549 0.644440 0.593069 0.544421 0.505953 0.480203 0.467509 0.467840 0.481803 0.511292 0.560176 0.635337 0.748311 0.917286 1.166602 1.510550 1.890922 2.108896 2.019772 1.790138 1.649316 1.708620 2.056131 2.851214 4.184287 5.070523 4.096782 2.664472 1.744021 1.225356 0.924444 0.739694 0.620158 0.539487 0.483289 0.443245 0.414297 0.393215 0.377849 0.366698 0.358676 0.352962 0.348918 0.346031 0.343895 0.342186 0.340662 0.339151 0.337555 0.335832 0.333995 0.332095 0.330210 0.328435 0.326874 0.325631 0.324811 0.324517 0.324851 0.325914 0.327815 0.330669 0.334608 0.339784 0.346381 0.354621 0.364785 0.377223 0.392389 0.410876 0.433486 0.461341 0.496082 0.540228 0.597807 0.675437 0.784042 0.940917 1.169216 1.481618 1.817579 1.974553 1.800788 1.449060 1.122802 0.883187 0.717824 0.603491 0.522535 0.463497 0.419176 0.385011 0.358058 0.336368 0.318623 0.303911 0.291590 0.281202 0.272416 0.264990 0.258748 0.253560 0.249330 0.245992 0.243495 0.241805 0.240899 0.240760 0.241374 0.242729 0.244809 0.247595 0.251059 0.255166 0.259876 0.265148 0.270950 0.277277 0.284169 0.291730 0.300157 0.309743 0.320877 0.334013 0.349589 0.367880 0.388758 0.411348 0.433664 0.452474 0.463774 0.464076
0.082089 0.084336 0.086707 0.089211 0.091860 0.094664 0.097636 0.100789 0.104138 0.107697 0.111482 0.115507 0.119788 0.124337 0.129166 0.134283 0.139688 0.145374 0.151326 0.157511 0.163883 0.170375 0.176902 0.183362 0.189638 0.195612 0.201169 0.206218 0.210698 0.214591 0.217924 0.220763 0.223207 0.225371 0.227375 0.229328 0.231319 0.233415 0.235653 0.238043 0.240569 0.243197 0.245874 0.248544 0.251148 0.253639 0.255989 0.258199 0.260304 0.262382 0.264549 0.266968 0.269841 0.273416 0.277986 0.283894 0.291549 0.301429 0.314100 0.330209 0.350450 0.375456 0.405543 0.440211 0.477412 0.512855 0.540253 0.553480 0.550019 0.532757 0.508218 0.483144 0.462376 0.448659 0.443401 0.447514 0.462045 0.488647 0.529960 0.589981 0.674244 0.789190 0.938859 1.115741 1.287056 1.399324 1.429570 1.429026 1.494139 1.745708 2.416061 4.214864 9.782828 19.114707 9.711402 4.065173 2.174015 1.390034 0.999719 0.779520 0.644184 0.555908 0.495912 0.454014 0.424282 0.403053 0.387935 0.377287 0.369924 0.364948 0.361651 0.359458 0.357902 0.356612 0.355310 0.353810 0.352013 0.349903 0.347524 0.344970 0.342362 0.339838 0.337534 0.335585 0.334117 0.333250 0.333099 0.333780 0.335413 0.338129 0.342079 0.347444 0.354440 0.363339 0.374483 0.388306 0.405369 0.426410 0.452421 0.484799 0.525616 0.578164 0.648063 0.745529 0.890153 1.121095 1.517852 2.225418 3.330135 4.061906 3.307964 2.182693 1.457592 1.047298 0.807203 0.657577 0.558533 0.489500 0.439276 0.401417 0.372028 0.348658 0.329705 0.314096 0.301092 0.290177 0.280983 0.273247 0.266782 0.261450 0.257156 0.253832 0.251435 0.249935 0.249316 0.249571 0.250695 0.252687 0.255539 0.259235 0.263750 0.269043 0.275058 0.281733 0.289010 0.296862 0.305320 0.314522 0.324748 0.336464 0.350339 0.367237 0.388151 0.414030 0.445412 0.481762 0.520490 0.556041 0.580209 0.584932
0.083155 0.085482 0.087943 0.090548 0.093310 0.096244 0.099364 0.102686 0.106227 0.110008 0.114047 0.118366 0.122986 0.127926 0.133206 0.138841 0.144841 0.151204 0.157920 0.164957 0.172263 0.179759 0.187336 0.194857 0.202158 0.209065 0.215411 0.221052 0.225896 0.229915 0.233150 0.235706 0.237737 0.239418 0.240927 0.242422 0.244030 0.245838 0.247894 0.250203 0.252737 0.255434 0.258212 0.260975 0.263625 0.266076 0.268264 0.270164 0.271794 0.273223 0.274570 0.276003 0.277727 0.279983 0.283044 0.287206 0.292793 0.300154 0.309657 0.321666 0.336496 0.354312 0.374961 0.397720 0.421029 0.442398 0.458773 0.467538 0.467738 0.460654 0.449248 0.436967 0.426767 0.420783 0.420467 0.426916 0.441195 0.464590 0.498779 0.545876 0.608191 0.687382 0.782512 0.887079 0.987623 1.070053 1.135510 1.213702 1.367128 1.714444 2.561095 5.112196 19.130392 19.098542 19.074207 4.996346 2.379000 1.457715 1.028915 0.795256 0.654638 0.564273 0.503627 0.461812 0.432593 0.412156 0.398028 0.388512 0.382370 0.378649 0.376573 0.375493 0.374867 0.374255 0.373330 0.371884 0.369829 0.367184 0.364053 0.360596 0.357001 0.353462 0.350166 0.347283 0.344964 0.343348 0.342562 0.342732 0.343991 0.346482 0.350376 0.355877 0.363239 0.372785 0.384926 0.400190 0.419262 0.443038 0.472716 0.509947 0.557145 0.618148 0.699696 0.814897 0.991720 1.295945 1.903554 3.379433 7.821185 15.230450 7.790258 3.320179 1.820873 1.196354 0.882299 0.702125 0.588575 0.511856 0.457179 0.416540 0.385299 0.360623 0.340704 0.324352 0.310762 0.299377 0.289809 0.281782 0.275102 0.269633 0.265280 0.261983 0.259702 0.258421 0.258135 0.258849 0.260575 0.263326 0.267109 0.271922 0.277742 0.284523 0.292192 0.300650 0.309791 0.319534 0.329871 0.340944 0.353120 0.367081 0.383892 0.405050 0.432497 0.468514 0.515343 0.574150 0.642807 0.712487 0.765641 0.781485
0.084213 0.086621 0.089172 0.091881 0.094760 0.097828 0.101100 0.104598 0.108343 0.112358 0.116671 0.121308 0.126298 0.131672 0.137460 0.143687 0.150377 0.157541 0.165177 0.173262 0.181741 0.190525 0.199476 0.208409 0.217095 0.225279 0.232699 0.239135 0.244435 0.248553 0.251557 0.253615 0.254970 0.255893 0.256652 0.257478 0.258547 0.259976 0.261821 0.264079 0.266699 0.269584 0.272606 0.275614 0.278450 0.280970 0.283059 0.284651 0.285745 0.286404 0.286760 0.286999 0.287349 0.288065 0.289418 0.291679 0.295119 0.299998 0.306554 0.314982 0.325393 0.337749 0.351768 0.366817 0.381840 0.395402 0.405949 0.412272 0.413986 0.411752 0.407071 0.401824 0.397825 0.396591 0.399315 0.406977 0.420480 0.440762 0.468852 0.505809 0.552492 0.609050 0.674163 0.744467 0.815365 0.884692 0.958984 1.060027 1.233019 1.570661 2.301242 4.139926 9.733903 19.082865 9.690999 4.052646 2.167106 1.387310 1.000275 0.782802 0.649874 0.563858 0.506098 0.466502 0.439207 0.420593 0.408286 0.400630 0.396391 0.394575 0.394338 0.394934 0.395710 0.396123 0.395769 0.394408 0.391971 0.388544 0.384327 0.379588 0.374617 0.369693 0.365064 0.360945 0.357513 0.354924 0.353314 0.352816 0.353567 0.355722 0.359466 0.365027 0.372696 0.382850 0.395979 0.412719 0.433905 0.460631 0.494333 0.536935 0.591106 0.660846 0.752965 0.880919 1.075149 1.413422 2.129709 4.177904 15.294471 15.271820 15.249067 4.091282 2.009976 1.271605 0.923225 0.729437 0.609363 0.529049 0.472166 0.430045 0.397730 0.372224 0.351633 0.334717 0.320647 0.308853 0.298941 0.290635 0.283744 0.278136 0.273724 0.270457 0.268307 0.267271 0.267362 0.268604 0.271033 0.274685 0.279594 0.285778 0.293233 0.301911 0.311718 0.322504 0.334079 0.346252 0.358913 0.372143 0.386364 0.402498 0.422124 0.447645 0.482476 0.531260 0.599915 0.694828 0.819244 0.963465 1.090077 1.137710
0.085259 0.087747 0.090391 0.093203 0.096202 0.099406 0.102836 0.106515 0.110472 0.114735 0.119337 0.124315 0.129708 0.135559 0.141913 0.148813 0.156301 0.164408 0.173153 0.182529 0.192490 0.202940 0.213712 0.224562 0.235167 0.245142 0.254080 0.261618 0.267506 0.271661 0.274196 0.275391 0.275638 0.275366 0.274980 0.274816 0.275118 0.276037 0.277634 0.279890 0.282720 0.285977 0.289464 0.292954 0.296199 0.298969 0.301069 0.302376 0.302859 0.302585 0.301713 0.300476 0.299151 0.298036 0.297426 0.297593 0.298780 0.301195 0.304995 0.310277 0.317051 0.325205 0.334456 0.344321 0.354103 0.362962 0.370067 0.374821 0.377070 0.377193 0.376022 0.374649 0.374211 0.375754 0.380181 0.388268 0.400717 0.418192 0.441319 0.470634 0.506438 0.548583 0.596282 0.648226 0.703452 0.763330 0.834484 0.932301 1.086051 1.349961 1.827925 2.704711 4.089453 5.009081 4.057539 2.640483 1.730925 1.220396 0.925888 0.746485 0.631700 0.555515 0.503780 0.468363 0.444342 0.428585 0.418983 0.414019 0.412506 0.413432 0.415866 0.418922 0.421774 0.423705 0.424179 0.422903 0.419848 0.415218 0.409380 0.402779 0.395860 0.389023 0.382596 0.376842 0.371962 0.368119 0.365452 0.364091 0.364173 0.365854 0.369329 0.374848 0.382735 0.393426 0.407496 0.425716 0.449110 0.479035 0.517278 0.566166 0.628708 0.708864 0.812346 0.949332 1.142943 1.453914 2.056005 3.516308 7.937449 15.325896 7.867583 3.383079 1.872893 1.240409 0.920596 0.736251 0.619632 0.540588 0.484078 0.441928 0.409390 0.383561 0.362600 0.345298 0.330846 0.318691 0.308453 0.299868 0.292755 0.286996 0.282514 0.279271 0.277256 0.276486 0.276994 0.278834 0.282074 0.286788 0.293052 0.300927 0.310442 0.321570 0.334200 0.348117 0.362997 0.378453 0.394142 0.409952 0.426256 0.444194 0.465961 0.495135 0.537184 0.600381 0.697368 0.847121 1.074299 1.392208 1.737490 1.898596
0.086288 0.088857 0.091592 0.094509 0.097628 0.100969 0.104559 0.108425 0.112600 0.117120 0.122026 0.127366 0.133192 0.139563 0.146543 0.154200 0.162602 0.171815 0.181891 0.192856 0.204693 0.217315 0.230534 0.244037 0.257367 0.269942 0.281106 0.290246 0.296921 0.300985 0.302628 0.302331 0.300751 0.298579 0.296435 0.294801 0.294006 0.294232 0.295538 0.297876 0.301108 0.305017 0.309315 0.313658 0.317672 0.320987 0.323289 0.324364 0.324138 0.322693 0.320248 0.317123 0.313694 0.310341 0.307416 0.305218 0.303988 0.303901 0.305066 0.307523 0.311231 0.316054 0.321748 0.327949 0.334197 0.339979 0.344826 0.348425 0.350714 0.351926 0.352556 0.353268 0.354794 0.357847 0.363083 0.371085 0.382373 0.397409 0.416590 0.440205 0.468379 0.501010 0.537790 0.578433 0.623278 0.674328 0.736630 0.819845 0.940038 1.121549 1.395656 1.779588 2.197307 2.392891 2.174216 1.733521 1.327052 1.031581 0.831148 0.696240 0.604471 0.541342 0.497769 0.468024 0.448415 0.436480 0.430496 0.429164 0.431397 0.436174 0.442449 0.449117 0.455059 0.459251 0.460918 0.459670 0.455552 0.448993 0.440659 0.431289 0.421573 0.412073 0.403214 0.395300 0.388544 0.383100 0.379093 0.376637 0.375855 0.376899 0.379961 0.385306 0.393290 0.404404 0.419321 0.438969 0.464615 0.497993 0.541447 0.598072 0.671781 0.767100 0.888558 1.040228 1.228768 1.477677 1.858977 2.525102 3.578019 4.260522 3.465935 2.309672 1.561936 1.135453 0.883845 0.725968 0.620886 0.547283 0.493443 0.452583 0.420595 0.394900 0.373831 0.356284 0.341517 0.329023 0.318452 0.309565 0.302203 0.296260 0.291681 0.288443 0.286556 0.286059 0.287017 0.289521 0.293684 0.299636 0.307520 0.317472 0.329594 0.343918 0.360348 0.378602 0.398169 0.418323 0.438262 0.457402 0.475825 0.494776 0.517130 0.547876 0.594977 0.671346 0.799438 1.021553 1.421269 2.149637 3.295984 4.056917
0.087296 0.089945 0.092770 0.095790 0.099028 0.102508 0.106259 0.110314 0.114710 0.119494 0.124715 0.130434 0.136718 0.143647 0.151311 0.159808 0.169248 0.179744 0.191405 0.204320 0.218532 0.233999 0.250543 0.267785 0.285095 0.301580 0.316161 0.327754 0.335550 0.339264 0.339239 0.336345 0.331721 0.326506 0.321650 0.317830 0.315466 0.314754 0.315726 0.318283 0.322213 0.327206 0.332847 0.338633 0.343993 0.348346 0.351175 0.352120 0.351043 0.348060 0.343507 0.337872 0.331700 0.325516 0.319774 0.314825 0.310920 0.308214 0.306779 0.306612 0.307639 0.309715 0.312625 0.316090 0.319788 0.323388 0.326604 0.329255 0.331316 0.332933 0.334412 0.336170 0.338687 0.342451 0.347926 0.355535 0.365655 0.378611 0.394661 0.413985 0.436665 0.462689 0.492018 0.524777 0.561606 0.604169 0.655725 0.721595 0.809210 0.926938 1.079458 1.255699 1.410849 1.470900 1.394732 1.223796 1.032550 0.866471 0.737540 0.642189 0.573170 0.523920 0.489473 0.466303 0.451951 0.444689 0.443256 0.446642 0.453917 0.464071 0.475902 0.487962 0.498621 0.506280 0.509698 0.508294 0.502272 0.492501 0.480203 0.466630 0.452839 0.439610 0.427459 0.416704 0.407533 0.400063 0.394376 0.390550 0.388680 0.388894 0.391375 0.396387 0.404309 0.415684 0.431285 0.452215 0.480043 0.517016 0.566344 0.632569 0.721882 0.841896 0.999450 1.193965 1.407467 1.609482 1.796539 2.007894 2.230720 2.291304 2.045017 1.641730 1.279675 1.015363 0.832866 0.706449 0.616717 0.551032 0.501409 0.462788 0.431919 0.406683 0.385676 0.367957 0.352887 0.340029 0.329081 0.319839 0.312169 0.305991 0.301265 0.297993 0.296208 0.295978 0.297405 0.300626 0.305817 0.313189 0.322987 0.335470 0.350882 0.369396 0.391015 0.415445 0.441948 0.469261 0.495714 0.519687 0.540431 0.559016 0.579062 0.607237 0.654177 0.737363 0.889330 1.181029 1.796868 3.325060 7.949815 15.670954
0.088278 0.091004 0.093918 0.097040 0.100395 0.104011 0.107921 0.112164 0.116783 0.121833 0.127375 0.133484 0.140246 0.147765 0.156161 0.165577 0.176175 0.188139 0.201665 0.216949 0.234152 0.253352 0.274450 0.297053 0.320336 0.342943 0.363043 0.378644 0.388159 0.390999 0.387832 0.380322 0.370542 0.360407 0.351357 0.344301 0.339711 0.337743 0.338352 0.341348 0.346425 0.353156 0.360967 0.369132 0.376787 0.383005 0.386927 0.387932 0.385778 0.380656 0.373132 0.363999 0.354105 0.344213 0.334928 0.326676 0.319718 0.314181 0.310091 0.307394 0.305979 0.305682 0.306300 0.307599 0.309332 0.311263 0.313196 0.315014 0.316696 0.318330 0.320109 0.322300 0.325218 0.329196 0.334558 0.341606 0.350608 0.361792 0.375337 0.391367 0.409954 0.431141 0.454999 0.481754 0.511967 0.546750 0.587939 0.638076 0.699954 0.775286 0.861904 0.949526 1.017252 1.040177 1.006613 0.928653 0.831668 0.737132 0.656014 0.591242 0.541835 0.505582 0.480254 0.464011 0.455467 0.453609 0.457687 0.467068 0.481072 0.498771 0.518787 0.539139 0.557293 0.570528 0.576630 0.574612 0.565037 0.549698 0.530909 0.510815 0.491024 0.472555 0.455959 0.441491 0.429241 0.419231 0.411463 0.405950 0.402735 0.401905 0.403613 0.408107 0.415773 0.427191 0.443224 0.465151 0.494879 0.535280 0.590759 0.668180 0.778314 0.937620 1.167992 1.483669 1.840150 2.077375 2.073798 1.944237 1.818415 1.687024 1.506945 1.291752 1.085786 0.915527 0.784424 0.685786 0.611358 0.554287 0.509548 0.473639 0.444171 0.419528 0.398616 0.380694 0.365253 0.351943 0.340522 0.330830 0.322761 0.316262 0.311316 0.307947 0.306215 0.306222 0.308112 0.312083 0.318389 0.327352 0.339365 0.354885 0.374408 0.398400 0.427156 0.460559 0.497724 0.536631 0.574029 0.606071 0.629929 0.645859 0.658505 0.676935 0.714650 0.792223 0.947137 1.264498 1.989597 4.115065 15.698873 15.681455
0.089230 0.092031 0.095029 0.098249 0.101718 0.105466 0.109532 0.113958 0.118798 0.124112 0.129975 0.136477 0.143726 0.151854 0.161019 0.171417 0.183281 0.196890 0.212570 0.230685 0.251613 0.275678 0.303029 0.333424 0.365914 0.398514 0.428072 0.450729 0.463146 0.464006 0.454725 0.438747 0.420038 0.401866 0.386341 0.374542 0.366847 0.363235 0.363484 0.367266 0.374158 0.383609 0.394868 0.406917 0.418453 0.427971 0.433997 0.435419 0.431799 0.423496 0.411535 0.397290 0.382136 0.367216 0.353344 0.341018 0.330482 0.321798 0.314910 0.309689 0.305961 0.303524 0.302161 0.301650 0.301775 0.302344 0.303201 0.304252 0.305469 0.306898 0.308656 0.310913 0.313875 0.317765 0.322809 0.329216 0.337177 0.346849 0.358360 0.371800 0.387233 0.404717 0.424344 0.446310 0.470994 0.499028 0.531303 0.568813 0.612222 0.661031 0.712333 0.759659 0.793315 0.803752 0.786983 0.747409 0.695025 0.640026 0.589432 0.546732 0.512986 0.488012 0.471174 0.461800 0.459362 0.463524 0.474106 0.490994 0.513954 0.542345 0.574706 0.608321 0.639050 0.661870 0.672379 0.668654 0.652117 0.626679 0.596896 0.566484 0.537790 0.511973 0.489427 0.470156 0.454022 0.440863 0.430546 0.422982 0.418134 0.416024 0.416751 0.420525 0.427711 0.438900 0.455014 0.477482 0.508521 0.551642 0.612591 0.701196 0.835194 1.048426 1.407662 2.033022 2.996339 3.668919 3.139131 2.307680 1.787113 1.487356 1.280604 1.110969 0.965664 0.844604 0.747038 0.669754 0.608575 0.559595 0.519674 0.486483 0.458377 0.434229 0.413269 0.394976 0.378989 0.365056 0.353001 0.342709 0.334106 0.327164 0.321889 0.318330 0.316575 0.316760 0.319079 0.323797 0.331267 0.341954 0.356456 0.375527 0.400076 0.431127 0.469657 0.516227 0.570269 0.629006 0.686483 0.733995 0.763431 0.772623 0.768433 0.764895 0.779730 0.834707 0.963872 1.238001 1.840643 3.359030 7.976509 15.692224
0.090147 0.093018 0.096097 0.099411 0.102987 0.106862 0.111076 0.115679 0.120731 0.126301 0.132477 0.139367 0.147100 0.155841 0.165792 0.177211 0.190418 0.205818 0.223917 0.245333 0.270796 0.301104 0.336982 0.378761 0.425769 0.475403 0.522282 0.558532 0.576460 0.572804 0.550952 0.518728 0.484146 0.452744 0.427298 0.408678 0.396771 0.391084 0.391053 0.396140 0.405811 0.419435 0.436113 0.454493 0.472627 0.488029 0.498050 0.500579 0.494772 0.481369 0.462364 0.440267 0.417387 0.395444 0.375493 0.358047 0.343243 0.330994 0.321096 0.313291 0.307306 0.302869 0.299724 0.297631 0.296376 0.295775 0.295687 0.296017 0.296724 0.297821 0.299370 0.301475 0.304268 0.307896 0.312509 0.318253 0.325258 0.333634 0.343468 0.354827 0.367761 0.382320 0.398575 0.416653 0.436762 0.459200 0.484305 0.512304 0.543036 0.575517 0.607482 0.635184 0.653953 0.659737 0.651018 0.629715 0.600297 0.567884 0.536697 0.509502 0.487778 0.472169 0.462898 0.460063 0.463825 0.474499 0.492589 0.518738 0.553557 0.597209 0.648644 0.704439 0.757722 0.798518 0.817025 0.808858 0.777789 0.733017 0.683949 0.636949 0.595046 0.559036 0.528643 0.503258 0.482287 0.465264 0.451853 0.441824 0.435025 0.431386 0.430921 0.433767 0.440234 0.450879 0.466638 0.489013 0.520429 0.564872 0.629176 0.725824 0.879681 1.146339 1.670785 2.914657 6.590077 12.696388 6.681059 3.088520 1.910740 1.428048 1.176050 1.013682 0.893575 0.799063 0.723190 0.661743 0.611402 0.569453 0.533796 0.502920 0.475801 0.451771 0.430398 0.411393 0.394550 0.379719 0.366789 0.355682 0.346357 0.338806 0.333057 0.329179 0.327289 0.327557 0.330228 0.335644 0.344269 0.356740 0.373922 0.396978 0.427452 0.467323 0.518954 0.584721 0.665889 0.760120 0.857624 0.938923 0.981226 0.974881 0.933667 0.885455 0.857109 0.870527 0.949774 1.135368 1.508214 2.216891 3.348755 4.098951
0.091023 0.093961 0.097116 0.100516 0.104193 0.108186 0.112540 0.117309 0.122559 0.128371 0.134845 0.142104 0.150304 0.159641 0.170367 0.182808 0.197388 0.214665 0.235377 0.260495 0.291288 0.329362 0.376611 0.434893 0.505080 0.584963 0.666011 0.731453 0.761484 0.746794 0.696847 0.631609 0.568032 0.514848 0.474503 0.446407 0.429034 0.420879 0.420775 0.427906 0.441693 0.461576 0.486688 0.515418 0.544960 0.571128 0.588905 0.593960 0.584516 0.562223 0.531269 0.496499 0.461872 0.429897 0.401779 0.377844 0.357920 0.341611 0.328447 0.317964 0.309737 0.303391 0.298597 0.295077 0.292594 0.290955 0.290011 0.289658 0.289837 0.290532 0.291767 0.293596 0.296099 0.299368 0.303500 0.308592 0.314730 0.321987 0.330424 0.340083 0.350998 0.363200 0.376729 0.391644 0.408030 0.425978 0.445537 0.466607 0.488781 0.511157 0.532186 0.549730 0.561438 0.565459 0.561194 0.549625 0.532995 0.514070 0.495429 0.479084 0.466435 0.458414 0.455697 0.458907 0.468776 0.486292 0.512805 0.550105 0.600360 0.665715 0.747107 0.841660 0.938655 1.017132 1.052298 1.032227 0.968079 0.883878 0.799834 0.725997 0.664757 0.614945 0.574471 0.541460 0.514544 0.492812 0.475664 0.462689 0.453594 0.448173 0.446317 0.448047 0.453566 0.463346 0.478256 0.499775 0.530356 0.574116 0.638268 0.736319 0.896194 1.184147 1.792577 3.499740 12.620531 12.650697 12.681957 3.617441 1.956555 1.380720 1.110331 0.954425 0.850115 0.773196 0.713009 0.663965 0.622582 0.586523 0.554262 0.524907 0.498008 0.473376 0.450941 0.430660 0.412484 0.396353 0.382206 0.369995 0.359697 0.351318 0.344903 0.340537 0.338359 0.338575 0.341476 0.347477 0.357165 0.371367 0.391263 0.418534 0.455598 0.505908 0.574300 0.667158 0.791560 0.951190 1.135164 1.301150 1.379745 1.333227 1.202667 1.061433 0.957221 0.908850 0.924882 1.016881 1.202890 1.491238 1.815056 1.960369
0.091856 0.094854 0.098078 0.101558 0.105327 0.109428 0.113908 0.118828 0.124260 0.130293 0.137039 0.144638 0.153269 0.163162 0.174618 0.188035 0.203949 0.223091 0.246475 0.275519 0.312236 0.359476 0.421210 0.502653 0.609543 0.744720 0.898799 1.036087 1.098149 1.052567 0.931945 0.794911 0.677377 0.588986 0.527206 0.486685 0.462691 0.451856 0.452078 0.462233 0.481877 0.510891 0.548948 0.594669 0.644404 0.691131 0.724783 0.735564 0.719242 0.679906 0.627191 0.570959 0.517963 0.471481 0.432381 0.400271 0.374261 0.353368 0.336683 0.323432 0.312974 0.304787 0.298450 0.293621 0.290025 0.287446 0.285717 0.284717 0.284368 0.284630 0.285495 0.286982 0.289133 0.291998 0.295637 0.300108 0.305467 0.311759 0.319019 0.327273 0.336538 0.346824 0.358140 0.370497 0.383898 0.398324 0.413691 0.429788 0.446199 0.462225 0.476858 0.488868 0.497025 0.500448 0.498919 0.493020 0.484010 0.473512 0.463182 0.454490 0.448655 0.446691 0.449528 0.458167 0.473849 0.498270 0.533834 0.583985 0.653565 0.748960 0.877214 1.041775 1.230938 1.400393 1.477587 1.421958 1.273117 1.102608 0.953685 0.837061 0.748565 0.680901 0.627967 0.585658 0.551487 0.524006 0.502327 0.485839 0.474068 0.466626 0.463225 0.463705 0.468100 0.476726 0.490303 0.510163 0.538580 0.579397 0.639284 0.730496 0.877566 1.135614 1.648994 2.878611 6.535952 12.620304 6.580498 2.964646 1.770740 1.285331 1.046713 0.910958 0.824193 0.763273 0.716925 0.678901 0.645406 0.614184 0.584134 0.554999 0.527012 0.500573 0.476040 0.453632 0.433437 0.415452 0.399634 0.385939 0.374343 0.364857 0.357530 0.352459 0.349800 0.349781 0.352735 0.359142 0.369702 0.385431 0.407838 0.439190 0.482961 0.544575 0.632659 0.760982 0.950810 1.230197 1.614488 2.031551 2.239909 2.058940 1.671790 1.322782 1.087561 0.955318 0.903720 0.917684 0.986504 1.091725 1.190413 1.217665
0.092642 0.095693 0.098979 0.102529 0.106380 0.110576 0.115168 0.120220 0.125811 0.132038 0.139023 0.146920 0.155930 0.166312 0.178415 0.192705 0.209829 0.230693 0.256605 0.289489 0.332259 0.389427 0.468142 0.579793 0.741954 0.977783 1.299781 1.647567 1.819733 1.665260 1.335381 1.031734 0.814961 0.672874 0.582707 0.527390 0.496195 0.482860 0.484047 0.498394 0.525956 0.567770 0.625241 0.698808 0.785245 0.873553 0.942518 0.967193 0.935769 0.859906 0.764378 0.670174 0.587987 0.520612 0.466988 0.424820 0.391764 0.365828 0.345435 0.329374 0.316723 0.306778 0.298997 0.292964 0.288354 0.284919 0.282468 0.280860 0.279998 0.279820 0.280294 0.281411 0.283184 0.285633 0.288790 0.292686 0.297351 0.302808 0.309076 0.316163 0.324072 0.332794 0.342318 0.352620 0.363660 0.375364 0.387602 0.400151 0.412659 0.424621 0.435392 0.444256 0.450556 0.453867 0.454144 0.451784 0.447574 0.442556 0.437867 0.434628 0.433897 0.436701 0.444128 0.457468 0.478421 0.509408 0.554047 0.617937 0.709942 0.844185 1.042450 1.333427 1.732595 2.165223 2.382020 2.195738 1.792511 1.420312 1.152286 0.971298 0.847385 0.758357 0.690767 0.637282 0.594172 0.559539 0.532277 0.511573 0.496713 0.487054 0.482038 0.481243 0.484451 0.491731 0.503569 0.521034 0.546054 0.581873 0.633923 0.711586 0.831914 1.027721 1.364317 1.959927 2.884321 3.507498 2.919373 2.028393 1.463154 1.152907 0.979005 0.876184 0.811836 0.768866 0.737322 0.710757 0.684922 0.657486 0.627866 0.596771 0.565496 0.535303 0.507088 0.481326 0.458171 0.437602 0.419528 0.403864 0.390559 0.379610 0.371065 0.365020 0.361636 0.361155 0.363933 0.370497 0.381631 0.398512 0.422941 0.457735 0.507437 0.579648 0.687679 0.856071 1.132507 1.612345 2.468557 3.803754 4.698811 3.826045 2.514922 1.686467 1.240173 1.005354 0.888804 0.843879 0.843773 0.866219 0.885954 0.877553
0.093376 0.096475 0.099814 0.103425 0.107345 0.111622 0.116308 0.121472 0.127196 0.133583 0.140764 0.148905 0.158224 0.169005 0.181634 0.196637 0.214754 0.237047 0.265092 0.301297 0.349492 0.416029 0.511981 0.657733 0.892872 1.296592 2.012578 3.125906 3.871648 3.144885 2.050778 1.354520 0.971335 0.757908 0.635519 0.565209 0.527461 0.512413 0.515432 0.535155 0.572693 0.631406 0.716733 0.835101 0.989536 1.167939 1.325442 1.388825 1.317400 1.151712 0.964808 0.801329 0.673045 0.576449 0.504410 0.450444 0.409615 0.378380 0.354241 0.335431 0.320687 0.309097 0.299988 0.292859 0.287331 0.283120 0.280009 0.277838 0.276489 0.275882 0.275965 0.276709 0.278103 0.280147 0.282849 0.286220 0.290272 0.295011 0.300442 0.306559 0.313353 0.320803 0.328882 0.337547 0.346737 0.356359 0.366278 0.376295 0.386136 0.395448 0.403821 0.410833 0.416134 0.419529 0.421056 0.421018 0.419961 0.418617 0.417829 0.418494 0.421557 0.428036 0.439118 0.456313 0.481705 0.518381 0.571169 0.648026 0.762765 0.940743 1.231103 1.731991 2.621316 4.004454 4.935440 4.047502 2.706347 1.856301 1.389494 1.124940 0.961861 0.850221 0.766117 0.698923 0.644298 0.600381 0.566032 0.540200 0.521816 0.509834 0.503299 0.501400 0.503550 0.509469 0.519308 0.533795 0.554421 0.583707 0.625648 0.686474 0.775907 0.908699 1.104096 1.372443 1.663962 1.812673 1.693939 1.431793 1.191760 1.023416 0.916459 0.851735 0.814241 0.793145 0.779915 0.767353 0.749942 0.724883 0.692533 0.655523 0.617139 0.580032 0.545758 0.514929 0.487582 0.463504 0.442442 0.424200 0.408668 0.395811 0.385663 0.378312 0.373911 0.372695 0.375023 0.381435 0.392757 0.410258 0.435931 0.472982 0.526760 0.606629 0.730053 0.932431 1.293927 2.025254 3.799894 9.118783 17.982344 9.135887 3.835293 2.081337 1.374247 1.041542 0.873011 0.787871 0.748016 0.730297 0.717011 0.694612
0.094056 0.097195 0.100578 0.104239 0.108216 0.112558 0.117319 0.122570 0.128397 0.134906 0.142235 0.150557 0.160101 0.171170 0.184172 0.199676 0.218485 0.241770 0.271297 0.309832 0.361908 0.435378 0.544807 0.719645 1.026541 1.640695 3.122189 7.551151 14.927680 7.571496 3.163149 1.702832 1.110754 0.827252 0.677675 0.596124 0.554214 0.538933 0.544759 0.570727 0.619659 0.698679 0.820830 1.007265 1.286365 1.673357 2.092527 2.292046 2.083059 1.654300 1.257447 0.967994 0.770387 0.635745 0.542158 0.475433 0.426673 0.390259 0.362572 0.341216 0.324568 0.311499 0.301204 0.293100 0.286756 0.281853 0.278148 0.275461 0.273660 0.272647 0.272355 0.272739 0.273770 0.275431 0.277715 0.280616 0.284132 0.288258 0.292985 0.298299 0.304181 0.310602 0.317525 0.324898 0.332652 0.340695 0.348902 0.357110 0.365111 0.372665 0.379510 0.385401 0.390154 0.393696 0.396107 0.397639 0.398708 0.399872 0.401798 0.405245 0.411071 0.420275 0.434099 0.454192 0.482907 0.523815 0.582680 0.669388 0.802169 1.017721 1.398818 2.162569 4.002139 9.490530 18.628366 9.551208 4.123189 2.342042 1.630746 1.289883 1.096155 0.964377 0.861175 0.775460 0.704582 0.647803 0.604102 0.571957 0.549632 0.535419 0.527749 0.525251 0.526801 0.531622 0.539416 0.550510 0.565976 0.587716 0.618542 0.662272 0.723712 0.807997 0.917754 1.045429 1.161722 1.218563 1.189291 1.100818 1.001603 0.921568 0.869075 0.842208 0.835787 0.843166 0.855863 0.863678 0.857171 0.831825 0.790174 0.739422 0.686999 0.637812 0.593988 0.555812 0.522736 0.494028 0.469081 0.447500 0.429079 0.413746 0.401513 0.392450 0.386686 0.384426 0.385998 0.391914 0.402981 0.420468 0.446402 0.484103 0.539190 0.621688 0.750731 0.966466 1.365044 2.227031 4.689170 17.977060 17.982071 17.989082 4.713986 2.266136 1.420535 1.040786 0.846185 0.739635 0.678892 0.641445 0.613105 0.584588
0.094681 0.097851 0.101269 0.104968 0.108989 0.113379 0.118194 0.123507 0.129404 0.135995 0.143418 0.151851 0.161528 0.172757 0.185959 0.201716 0.220854 0.244587 0.274753 0.314250 0.367881 0.444088 0.558867 0.745658 1.084453 1.808603 3.863595 14.923304 14.933683 14.945110 3.907499 1.875215 1.174748 0.861068 0.701430 0.616686 0.574623 0.561103 0.570583 0.602945 0.663148 0.763143 0.927163 1.203852 1.691591 2.569505 3.943602 4.858098 3.932504 2.547230 1.657950 1.158471 0.869370 0.691778 0.576290 0.497486 0.441564 0.400616 0.369877 0.346354 0.328090 0.313763 0.302457 0.293517 0.286469 0.280960 0.276731 0.273583 0.271371 0.269985 0.269344 0.269391 0.270084 0.271395 0.273302 0.275790 0.278844 0.282450 0.286591 0.291247 0.296390 0.301987 0.307995 0.314360 0.321012 0.327867 0.334816 0.341729 0.348454 0.354825 0.360677 0.365869 0.370313 0.374004 0.377041 0.379645 0.382158 0.385033 0.388828 0.394208 0.401962 0.413057 0.428737 0.450700 0.481406 0.524629 0.586515 0.677752 0.818443 1.050359 1.472989 2.375665 4.928646 18.623228 18.660803 18.708452 5.101497 2.638287 1.821482 1.467278 1.269888 1.122357 0.991727 0.875790 0.779022 0.703165 0.646745 0.606836 0.580312 0.564335 0.556423 0.554394 0.556353 0.560787 0.566769 0.574170 0.583755 0.597115 0.616438 0.644208 0.682755 0.733395 0.794718 0.859973 0.915567 0.945433 0.942258 0.914400 0.879192 0.851900 0.841416 0.851515 0.882520 0.930820 0.986243 1.030279 1.041454 1.009255 0.942612 0.861271 0.781780 0.712137 0.653874 0.605539 0.564972 0.530338 0.500410 0.474510 0.452332 0.433777 0.418842 0.407569 0.400038 0.396395 0.396895 0.401971 0.412341 0.429166 0.454333 0.490943 0.544239 0.623488 0.746056 0.947255 1.307159 2.036395 3.808337 9.123784 17.982964 9.130906 3.823088 2.059724 1.340316 0.991542 0.802452 0.692116 0.623745 0.577933 0.543159 0.512305
0.095248 0.098442 0.101885 0.105611 0.109661 0.114081 0.118930 0.124278 0.130213 0.136842 0.144305 0.152777 0.162490 0.173748 0.186966 0.202713 0.221798 0.245397 0.275283 0.314228 0.366775 0.440784 0.550832 0.726383 1.034098 1.649194 3.131770 7.561972 14.939919 7.585353 3.178845 1.720613 1.130894 0.850068 0.703553 0.625578 0.588000 0.578291 0.591881 0.629748 0.698818 0.815448 1.015243 1.380685 2.130139 3.962947 9.477451 18.673596 9.464411 3.936856 2.090938 1.328200 0.949056 0.734716 0.601979 0.514097 0.452916 0.408653 0.375667 0.350521 0.331021 0.315712 0.303598 0.293977 0.286342 0.280322 0.275641 0.272090 0.269514 0.267792 0.266835 0.266576 0.266964 0.267961 0.269537 0.271667 0.274330 0.277503 0.281164 0.285287 0.289841 0.294788 0.300084 0.305675 0.311495 0.317468 0.323502 0.329493 0.335331 0.340899 0.346096 0.350841 0.355104 0.358914 0.362381 0.365706 0.369181 0.373194 0.378230 0.384880 0.393870 0.406116 0.422817 0.445623 0.476923 0.520363 0.581812 0.671308 0.807296 1.026788 1.413029 2.183850 4.033560 9.536978 18.697587 9.655239 4.279700 2.573484 1.956093 1.703784 1.548882 1.380725 1.191563 1.014837 0.872388 0.767130 0.693435 0.644304 0.613779 0.597198 0.590795 0.591283 0.595630 0.601161 0.605955 0.609307 0.611918 0.615609 0.622720 0.635459 0.655336 0.682612 0.715633 0.750277 0.780340 0.799874 0.806836 0.805085 0.802787 0.809196 0.832770 0.881062 0.960658 1.074376 1.212066 1.336250 1.385870 1.326721 1.191754 1.040646 0.909312 0.806278 0.727437 0.665973 0.616148 0.574145 0.537847 0.506291 0.479149 0.456355 0.437910 0.423809 0.414048 0.408664 0.407790 0.411724 0.421022 0.436639 0.460154 0.494166 0.543003 0.614060 0.720451 0.886533 1.159817 1.635485 2.486306 3.814627 4.700939 3.816990 2.491406 1.644004 1.172608 0.904406 0.743880 0.642835 0.575869 0.528555 0.492128 0.461129
0.095758 0.098966 0.102425 0.106167 0.110231 0.114666 0.119527 0.124884 0.130822 0.137449 0.144897 0.153337 0.162992 0.174152 0.187209 0.202697 0.221365 0.244285 0.273046 0.310070 0.359203 0.426817 0.524009 0.671186 0.907966 1.313575 2.031733 3.147557 3.896156 3.172660 2.082272 1.390233 1.011826 0.803808 0.687580 0.624403 0.595179 0.590875 0.608499 0.649990 0.723304 0.846750 1.061023 1.465375 2.350904 4.898502 18.694485 18.686535 18.679040 4.867693 2.304861 1.404213 0.984718 0.754948 0.615041 0.523271 0.459694 0.413794 0.379595 0.353491 0.333201 0.317219 0.304518 0.294379 0.286282 0.279846 0.274789 0.270896 0.268003 0.265987 0.264750 0.264221 0.264340 0.265064 0.266355 0.268183 0.270521 0.273342 0.276618 0.280321 0.284415 0.288864 0.293621 0.298634 0.303841 0.309175 0.314557 0.319904 0.325131 0.330157 0.334918 0.339371 0.343516 0.347404 0.351147 0.354928 0.359008 0.363727 0.369515 0.376903 0.386553 0.399308 0.416278 0.438980 0.469584 0.511321 0.569238 0.651590 0.772613 0.958271 1.258616 1.773211 2.682226 4.094741 5.070957 4.254316 3.026776 2.354716 2.144008 2.164255 2.141377 1.894393 1.530647 1.213130 0.987261 0.837819 0.742020 0.682957 0.649612 0.634736 0.633017 0.639791 0.650337 0.659947 0.664835 0.663387 0.656711 0.647923 0.640676 0.637914 0.641274 0.650941 0.665697 0.683135 0.700288 0.714839 0.726572 0.738214 0.755258 0.785370 0.838456 0.927950 1.072916 1.297679 1.615242 1.962998 2.132236 1.966218 1.620771 1.303463 1.075374 0.921692 0.816422 0.739762 0.679304 0.628280 0.583644 0.544419 0.510515 0.482031 0.458990 0.441290 0.428772 0.421289 0.418786 0.421363 0.429350 0.443411 0.464706 0.495156 0.537891 0.598005 0.683812 0.808796 0.993964 1.267119 1.643327 2.050084 2.245362 2.047686 1.638885 1.261275 0.987515 0.802502 0.678151 0.592912 0.532510 0.487681 0.452352 0.422551
0.096210 0.099425 0.102890 0.106635 0.110701 0.115133 0.119985 0.125326 0.131238 0.137821 0.145204 0.153548 0.163059 0.174007 0.186747 0.201761 0.219707 0.241508 0.268489 0.302597 0.346770 0.405552 0.486124 0.599915 0.764543 1.003218 1.328497 1.680061 1.856569 1.707071 1.382874 1.085690 0.876240 0.742433 0.661641 0.617041 0.598384 0.600356 0.621511 0.664253 0.736204 0.854120 1.053897 1.418292 2.165930 3.996405 9.508279 18.701674 9.489746 3.959541 2.111117 1.346039 0.964731 0.748395 0.613822 0.524254 0.461521 0.415830 0.381529 0.355171 0.334554 0.318216 0.305154 0.294660 0.286224 0.279468 0.274108 0.269932 0.266774 0.264506 0.263029 0.262266 0.262155 0.262646 0.263700 0.265281 0.267357 0.269900 0.272880 0.276263 0.280016 0.284099 0.288467 0.293070 0.297849 0.302742 0.307681 0.312595 0.317418 0.322088 0.326562 0.330821 0.334879 0.338798 0.342687 0.346717 0.351123 0.356209 0.362360 0.370052 0.379880 0.392602 0.409203 0.431012 0.459875 0.498452 0.550690 0.622630 0.723742 0.869013 1.081518 1.391959 1.819088 2.293730 2.576427 2.498167 2.280517 2.242014 2.583247 3.363379 3.884397 3.157628 2.136573 1.482447 1.115785 0.907901 0.787875 0.720286 0.686950 0.677804 0.686224 0.706189 0.730493 0.750470 0.758136 0.749906 0.728501 0.700837 0.674036 0.652898 0.639519 0.633970 0.635086 0.641107 0.650304 0.661694 0.675763 0.695022 0.724404 0.771914 0.850429 0.982187 1.208972 1.613300 2.344267 3.490186 4.259412 3.508169 2.379894 1.665402 1.274645 1.055761 0.922948 0.831913 0.760243 0.697853 0.641548 0.591269 0.547741 0.511425 0.482312 0.460062 0.444205 0.434292 0.429987 0.431124 0.437754 0.450196 0.469133 0.495751 0.531968 0.580750 0.646476 0.735125 0.853427 1.004760 1.177919 1.330143 1.391356 1.322730 1.163533 0.984205 0.827738 0.705368 0.613505 0.544957 0.493071 0.452645 0.419860 0.392012
0.096605 0.099820 0.103281 0.107019 0.111073 0.115486 0.120312 0.125613 0.131469 0.137975 0.145248 0.153438 0.162732 0.173373 0.185673 0.200047 0.217049 0.237432 0.262233 0.292901 0.331481 0.380866 0.445072 0.529370 0.639559 0.778552 0.937045 1.079435 1.147385 1.108583 0.995738 0.867587 0.760146 0.683163 0.634235 0.608209 0.600742 0.609279 0.633389 0.675297 0.741116 0.843478 1.007174 1.281402 1.765114 2.637976 4.006467 4.915170 3.983858 2.593106 1.698678 1.194421 0.900914 0.719274 0.600071 0.517857 0.458803 0.414973 0.381583 0.355617 0.335101 0.318701 0.305486 0.294792 0.286131 0.279142 0.273552 0.269150 0.265774 0.263298 0.261620 0.260662 0.260359 0.260661 0.261523 0.262909 0.264786 0.267122 0.269886 0.273044 0.276562 0.280400 0.284514 0.288854 0.293364 0.297986 0.302656 0.307311 0.311891 0.316346 0.320644 0.324775 0.328759 0.332661 0.336585 0.340692 0.345196 0.350373 0.356568 0.364207 0.373818 0.386063 0.401789 0.422109 0.448512 0.483047 0.528573 0.589110 0.670264 0.779489 0.925395 1.113880 1.337259 1.558212 1.717162 1.799729 1.904485 2.257188 3.392374 7.142570 13.504546 6.995798 3.086075 1.771024 1.227167 0.962775 0.824009 0.752854 0.724466 0.727243 0.754726 0.800666 0.854658 0.899686 0.916523 0.895915 0.846028 0.784779 0.727358 0.681392 0.648653 0.627987 0.617257 0.614318 0.617549 0.626264 0.641120 0.664574 0.701552 0.760817 0.858234 1.025077 1.331049 1.958152 3.486758 8.070640 15.710546 8.106280 3.558941 2.067786 1.477138 1.201959 1.053145 0.954125 0.871196 0.792609 0.717932 0.650354 0.592450 0.545108 0.507950 0.480014 0.460221 0.447617 0.441463 0.441256 0.446724 0.457821 0.474745 0.497980 0.528369 0.567192 0.616155 0.677071 0.750761 0.834557 0.918373 0.982329 1.002933 0.969266 0.892880 0.797821 0.704360 0.622736 0.555481 0.501332 0.457780 0.422258 0.392568 0.366991
0.096945 0.100151 0.103600 0.107322 0.111352 0.115732 0.120513 0.125755 0.131530 0.137927 0.145053 0.153043 0.162064 0.172326 0.184097 0.197723 0.213651 0.232465 0.254934 0.282066 0.315174 0.355917 0.406249 0.468098 0.542421 0.627105 0.713730 0.785649 0.823198 0.817217 0.777329 0.723655 0.673290 0.635086 0.611584 0.602280 0.605810 0.621088 0.647981 0.687968 0.745044 0.827111 0.947986 1.129729 1.401701 1.780068 2.189904 2.379970 2.161808 1.724378 1.319465 1.022594 0.818190 0.677333 0.578061 0.506132 0.452598 0.411801 0.380080 0.355012 0.334945 0.318728 0.305537 0.294772 0.285988 0.278846 0.273089 0.268515 0.264968 0.262323 0.260482 0.259366 0.258911 0.259064 0.259781 0.261024 0.262760 0.264956 0.267581 0.270603 0.273987 0.277692 0.281677 0.285890 0.290279 0.294782 0.299339 0.303885 0.308363 0.312724 0.316935 0.320988 0.324903 0.328741 0.332604 0.336638 0.341045 0.346078 0.352048 0.359336 0.368406 0.379825 0.394302 0.412734 0.436272 0.466417 0.505117 0.554873 0.618741 0.700067 0.801512 0.922851 1.057703 1.192671 1.317219 1.449052 1.669833 2.208447 3.913380 13.512354 13.454898 13.412692 3.711617 1.903567 1.270612 0.985001 0.843224 0.777060 0.760281 0.783231 0.843468 0.939170 1.059041 1.168649 1.213299 1.162492 1.045537 0.915717 0.805542 0.723431 0.666599 0.629601 0.607504 0.596651 0.594718 0.600722 0.615133 0.640214 0.680745 0.745659 0.851951 1.034813 1.377717 2.122990 4.250244 15.703825 15.727395 15.760813 4.367830 2.307156 1.633483 1.359768 1.227970 1.135794 1.039461 0.931729 0.823514 0.726516 0.646295 0.583303 0.535616 0.500761 0.476505 0.461089 0.453218 0.451985 0.456773 0.467179 0.482946 0.503926 0.530056 0.561349 0.597817 0.639216 0.684420 0.730350 0.770894 0.797129 0.800377 0.777204 0.732007 0.674336 0.613790 0.556838 0.506501 0.463405 0.426928 0.395965 0.369350 0.346045
0.097231 0.100423 0.103852 0.107547 0.111542 0.115877 0.120599 0.125763 0.131437 0.137700 0.144650 0.152406 0.161112 0.170949 0.182140 0.194963 0.209768 0.226992 0.247177 0.270987 0.299206 0.332696 0.372258 0.418312 0.470293 0.525725 0.579371 0.623530 0.650701 0.657842 0.648570 0.630948 0.613206 0.601051 0.597332 0.602865 0.617351 0.640086 0.670532 0.708941 0.757072 0.818886 0.900822 1.010750 1.153339 1.318031 1.461187 1.510443 1.425615 1.247498 1.049214 0.875377 0.737683 0.632536 0.552710 0.491637 0.444305 0.407106 0.377487 0.353635 0.334252 0.318392 0.305358 0.294626 0.285799 0.278571 0.272701 0.268002 0.264325 0.261550 0.259583 0.258346 0.257775 0.257819 0.258435 0.259585 0.261237 0.263358 0.265920 0.268890 0.272236 0.275918 0.279894 0.284114 0.288523 0.293058 0.297652 0.302237 0.306748 0.311129 0.315338 0.319360 0.323209 0.326940 0.330647 0.334473 0.338606 0.343283 0.348793 0.355476 0.363740 0.374065 0.387032 0.403346 0.423870 0.449661 0.481999 0.522371 0.572375 0.633438 0.706256 0.790014 0.881998 0.979321 1.085188 1.221320 1.450221 1.934904 3.175516 6.999675 13.410951 6.934879 3.047434 1.748579 1.217878 0.966041 0.841701 0.790113 0.791618 0.843581 0.954984 1.142898 1.416214 1.717931 1.862324 1.710178 1.399520 1.114681 0.910811 0.776305 0.689827 0.635205 0.602024 0.583930 0.577285 0.580426 0.593381 0.617985 0.658465 0.722897 0.826600 1.000545 1.314426 1.950565 3.490053 8.087914 15.746942 8.170173 3.663553 2.232691 1.727300 1.558424 1.509581 1.454239 1.329984 1.153839 0.975391 0.825275 0.710051 0.625292 0.564350 0.521494 0.492487 0.474377 0.465160 0.463480 0.468396 0.479192 0.495220 0.515773 0.539994 0.566847 0.595139 0.623528 0.650394 0.673540 0.689921 0.695925 0.688557 0.667050 0.633632 0.592683 0.548977 0.506273 0.466822 0.431563 0.400561 0.373414 0.349530 0.328301
0.097467 0.100637 0.104039 0.107699 0.111650 0.115929 0.120579 0.125652 0.131208 0.137319 0.144072 0.151569 0.159937 0.169325 0.179915 0.191927 0.205628 0.221335 0.239416 0.260292 0.284401 0.312146 0.343768 0.379134 0.417430 0.456828 0.494368 0.526419 0.549907 0.563824 0.569933 0.572049 0.574504 0.580863 0.593376 0.612971 0.639441 0.671684 0.708060 0.747011 0.787934 0.831940 0.881806 0.940438 1.007470 1.074449 1.122020 1.126361 1.076210 0.983385 0.872607 0.764715 0.670218 0.591734 0.528047 0.476726 0.435316 0.401731 0.374320 0.351807 0.333221 0.317817 0.305023 0.294394 0.285583 0.278318 0.272380 0.267595 0.263824 0.260955 0.258895 0.257570 0.256920 0.256894 0.257452 0.258557 0.260179 0.262289 0.264860 0.267863 0.271267 0.275035 0.279126 0.283490 0.288067 0.292789 0.297582 0.302364 0.307054 0.311579 0.315880 0.319925 0.323715 0.327295 0.330755 0.334235 0.337920 0.342041 0.346870 0.352721 0.359953 0.368976 0.380259 0.394350 0.411882 0.433584 0.460275 0.492829 0.532076 0.578641 0.632721 0.693956 0.761786 0.836987 0.925112 1.042370 1.225171 1.547114 2.138921 3.079185 3.701119 3.039168 2.061568 1.438757 1.097393 0.913524 0.820957 0.790520 0.814232 0.900842 1.080882 1.423429 2.057943 3.060913 3.730188 3.052274 2.039559 1.392917 1.034206 0.831623 0.712530 0.640661 0.597461 0.573080 0.562271 0.562529 0.573304 0.595817 0.633381 0.692367 0.784384 0.930981 1.173917 1.596365 2.348864 3.522247 4.329075 3.632551 2.587662 2.003543 1.814977 1.885571 2.073896 2.140619 1.915900 1.537202 1.196496 0.949481 0.781558 0.668513 0.592187 0.540878 0.507311 0.486981 0.477080 0.475828 0.482039 0.494799 0.513185 0.536013 0.561643 0.587930 0.612414 0.632746 0.647122 0.654419 0.653989 0.645413 0.628593 0.604130 0.573573 0.539209 0.503492 0.468488 0.435592 0.405518 0.378457 0.354268 0.332635 0.313184
0.097655 0.100798 0.104167 0.107785 0.111684 0.115898 0.120466 0.125435 0.130861 0.136807 0.143349 0.150576 0.158594 0.167528 0.177523 0.188752 0.201415 0.215735 0.231963 0.250353 0.271144 0.294500 0.320434 0.348685 0.378590 0.408990 0.438297 0.464815 0.487319 0.505654 0.521000 0.535611 0.552194 0.573268 0.600695 0.635350 0.676819 0.723105 0.770597 0.814757 0.851765 0.880397 0.902580 0.921696 0.939418 0.953012 0.955097 0.937156 0.895310 0.833497 0.760997 0.687275 0.618720 0.558304 0.506646 0.463157 0.426789 0.396429 0.371068 0.349846 0.332059 0.317135 0.304613 0.294122 0.285364 0.278097 0.272124 0.267285 0.263451 0.260517 0.258394 0.257013 0.256317 0.256258 0.256798 0.257904 0.259551 0.261712 0.264364 0.267484 0.271045 0.275014 0.279350 0.284005 0.288914 0.294002 0.299179 0.304344 0.309390 0.314212 0.318724 0.322862 0.326608 0.329994 0.333106 0.336089 0.339138 0.342488 0.346412 0.351209 0.357205 0.364752 0.374235 0.386074 0.400729 0.418699 0.440504 0.466655 0.497599 0.533640 0.574894 0.621361 0.673320 0.732257 0.802469 0.893211 1.020718 1.207374 1.466770 1.748563 1.878462 1.725754 1.423948 1.150614 0.960198 0.844152 0.786170 0.777868 0.822437 0.940449 1.188891 1.725667 3.062335 7.104244 13.850583 7.095318 3.043514 1.694884 1.142704 0.873553 0.726843 0.641560 0.590886 0.561808 0.547697 0.545315 0.553547 0.572951 0.605776 0.656409 0.732344 0.845826 1.015910 1.267985 1.617246 2.004853 2.228468 2.142543 1.923533 1.818947 1.969308 2.503205 3.480463 4.129533 3.350416 2.224124 1.499548 1.090102 0.852515 0.707702 0.616029 0.557092 0.519892 0.498260 0.488648 0.488991 0.498046 0.514923 0.538661 0.567770 0.599772 0.630986 0.656897 0.673339 0.677970 0.670987 0.654470 0.631041 0.602915 0.571728 0.538785 0.505288 0.472347 0.440883 0.411528 0.384609 0.360191 0.338154 0.318270 0.300270
0.097798 0.100910 0.104240 0.107811 0.111651 0.115792 0.120270 0.125129 0.130416 0.136189 0.142513 0.149466 0.157136 0.165624 0.175050 0.185546 0.197261 0.210356 0.224997 0.241344 0.259523 0.279597 0.301511 0.325046 0.349763 0.375011 0.400010 0.424058 0.446820 0.468610 0.490520 0.514336 0.542290 0.576730 0.619751 0.672696 0.735348 0.804738 0.874054 0.933036 0.971517 0.984987 0.977319 0.957413 0.933094 0.907397 0.878765 0.843752 0.800153 0.748719 0.692693 0.636105 0.582274 0.533222 0.489791 0.452029 0.419550 0.391789 0.368139 0.348030 0.330952 0.316468 0.304208 0.293862 0.285171 0.277921 0.271934 0.267066 0.263194 0.260219 0.258061 0.256652 0.255941 0.255883 0.256444 0.257596 0.259319 0.261592 0.264399 0.267722 0.271542 0.275833 0.280559 0.285671 0.291104 0.296770 0.302561 0.308346 0.313978 0.319305 0.324190 0.328525 0.332256 0.335398 0.338039 0.340341 0.342524 0.344852 0.347616 0.351118 0.355669 0.361581 0.369171 0.378764 0.390694 0.405296 0.422901 0.443811 0.468271 0.496448 0.528444 0.564392 0.604715 0.650573 0.704454 0.770596 0.854493 0.959778 1.079763 1.184788 1.225147 1.173714 1.060171 0.937063 0.837422 0.772112 0.742976 0.752623 0.811033 0.945264 1.226025 1.865330 3.728445 13.848084 13.842399 13.839339 3.710152 1.835796 1.182485 0.883583 0.725237 0.634233 0.580118 0.548559 0.532338 0.527831 0.533531 0.549416 0.576762 0.618201 0.677924 0.761799 0.876692 1.027116 1.205943 1.380567 1.498118 1.539251 1.566571 1.706232 2.167745 3.512440 7.786029 14.982660 7.684182 3.299450 1.825649 1.212289 0.906560 0.735168 0.632070 0.568124 0.529080 0.507502 0.499416 0.502757 0.516549 0.540347 0.573662 0.615174 0.661673 0.707088 0.742718 0.759945 0.754605 0.729295 0.691135 0.647483 0.603328 0.561122 0.521725 0.485296 0.451795 0.421148 0.393266 0.368018 0.345224 0.324658 0.306072 0.289213
0.097900 0.100977 0.104263 0.107781 0.111558 0.115621 0.120004 0.124746 0.129890 0.135486 0.141592 0.148273 0.155603 0.163667 0.172560 0.182385 0.193256 0.205290 0.218603 0.233297 0.249451 0.267092 0.286177 0.306573 0.328049 0.350305 0.373054 0.396152 0.419773 0.444568 0.471782 0.503279 0.541512 0.589444 0.650368 0.727419 0.822275 0.932344 1.046419 1.142084 1.192646 1.185188 1.131525 1.056946 0.981964 0.915430 0.857541 0.804936 0.754280 0.703869 0.653733 0.604934 0.558765 0.516235 0.477899 0.443906 0.414115 0.388219 0.365838 0.346576 0.330053 0.315922 0.303878 0.293655 0.285027 0.277801 0.271815 0.266932 0.263041 0.260048 0.257877 0.256466 0.255767 0.255742 0.256360 0.257601 0.259449 0.261894 0.264928 0.268544 0.272732 0.277478 0.282755 0.288521 0.294708 0.301219 0.307922 0.314645 0.321183 0.327312 0.332811 0.337500 0.341267 0.344103 0.346105 0.347474 0.348486 0.349466 0.350750 0.352669 0.355535 0.359635 0.365238 0.372595 0.381944 0.393507 0.407488 0.424059 0.443354 0.465463 0.490458 0.518460 0.549772 0.585047 0.625417 0.672361 0.726933 0.787882 0.848683 0.895707 0.912672 0.892457 0.844401 0.787197 0.737297 0.704762 0.695678 0.716438 0.778703 0.907738 1.163148 1.704327 3.043700 7.087139 13.834154 7.078914 3.026616 1.677068 1.123617 0.852897 0.704370 0.617054 0.564141 0.532575 0.515595 0.509672 0.513148 0.525606 0.547583 0.580433 0.626194 0.687263 0.765490 0.860214 0.965310 1.068017 1.156023 1.235321 1.348504 1.594866 2.221593 4.168692 14.996192 14.952592 14.919104 4.010859 1.977030 1.258823 0.924354 0.743391 0.636996 0.572313 0.533903 0.514026 0.508821 0.516647 0.537280 0.571418 0.620099 0.683555 0.758942 0.836904 0.899526 0.925701 0.905141 0.846969 0.771182 0.694683 0.625967 0.567174 0.517482 0.475244 0.438914 0.407290 0.379495 0.354886 0.332971 0.313351 0.295693 0.279710
0.097965 0.101002 0.104242 0.107704 0.111412 0.115394 0.119678 0.124301 0.129299 0.134719 0.140609 0.147025 0.154032 0.161698 0.170100 0.179323 0.189453 0.200580 0.212791 0.226162 0.240752 0.256592 0.273675 0.291959 0.311377 0.331875 0.353476 0.376386 0.401113 0.428607 0.460397 0.498741 0.546811 0.608961 0.691032 0.800474 0.945349 1.129721 1.341124 1.531626 1.622576 1.569935 1.416532 1.239673 1.085743 0.965554 0.873547 0.800725 0.739612 0.685379 0.635527 0.589133 0.546107 0.506644 0.470926 0.438994 0.410745 0.385962 0.364362 0.345635 0.329470 0.315571 0.303673 0.293536 0.284954 0.277748 0.271766 0.266880 0.262984 0.259989 0.257825 0.256435 0.255773 0.255809 0.256517 0.257886 0.259907 0.262582 0.265916 0.269915 0.274587 0.279934 0.285947 0.292597 0.299824 0.307525 0.315541 0.323649 0.331559 0.338933 0.345421 0.350713 0.354604 0.357044 0.358156 0.358218 0.357618 0.356790 0.356161 0.356120 0.356999 0.359073 0.362570 0.367680 0.374564 0.383358 0.394174 0.407099 0.422189 0.439479 0.458993 0.480788 0.504997 0.531876 0.561770 0.594906 0.630894 0.667894 0.701813 0.726493 0.735987 0.728274 0.707241 0.680843 0.657570 0.644428 0.647237 0.672405 0.729767 0.837328 1.030627 1.381554 2.021205 3.027048 3.697535 3.019556 2.005748 1.357161 0.995789 0.789941 0.667080 0.591023 0.543253 0.513868 0.497396 0.490811 0.492549 0.501999 0.519228 0.544789 0.579519 0.624218 0.679099 0.743023 0.812993 0.885200 0.959299 1.046146 1.178139 1.428891 1.979105 3.385963 7.700809 14.924431 7.643741 3.270971 1.805454 1.198064 0.896873 0.729198 0.629458 0.568931 0.533821 0.517280 0.516190 0.529810 0.559264 0.607432 0.678833 0.778745 0.909558 1.061040 1.195685 1.252381 1.196977 1.062739 0.909925 0.775251 0.668231 0.585826 0.522126 0.471891 0.431253 0.397553 0.368998 0.344376 0.322845 0.303803 0.286800 0.271489
0.097996 0.100992 0.104181 0.107584 0.111222 0.115119 0.119303 0.123804 0.128658 0.133904 0.139584 0.145748 0.152448 0.159745 0.167702 0.176387 0.185872 0.196230 0.207532 0.219843 0.233221 0.247714 0.263358 0.280191 0.298268 0.317704 0.338732 0.361788 0.387630 0.417476 0.453203 0.497632 0.554990 0.631695 0.737699 0.888614 1.108288 1.427973 1.864506 2.336784 2.574276 2.373787 1.937322 1.534133 1.243935 1.048482 0.915301 0.819801 0.746341 0.685739 0.632999 0.585671 0.542711 0.503747 0.468645 0.437294 0.409531 0.385128 0.363812 0.345289 0.329265 0.315462 0.303625 0.293525 0.284962 0.277765 0.271786 0.266903 0.263012 0.260030 0.257890 0.256538 0.255936 0.256056 0.256885 0.258416 0.260655 0.263616 0.267319 0.271794 0.277071 0.283179 0.290139 0.297949 0.306573 0.315916 0.325797 0.335932 0.345913 0.355228 0.363307 0.369617 0.373783 0.375685 0.375500 0.373663 0.370767 0.367447 0.364288 0.361772 0.360265 0.360034 0.361264 0.364082 0.368579 0.374814 0.382824 0.392629 0.404226 0.417598 0.432722 0.449581 0.468178 0.488524 0.510583 0.534121 0.558451 0.582133 0.602839 0.617718 0.624445 0.622537 0.614005 0.602806 0.593656 0.591166 0.599794 0.624523 0.672113 0.752853 0.882534 1.082014 1.362386 1.667967 1.813844 1.661320 1.348758 1.060726 0.852559 0.712819 0.620332 0.559081 0.518769 0.493046 0.478050 0.471470 0.472002 0.479009 0.492316 0.512042 0.538433 0.571656 0.611547 0.657426 0.708263 0.763717 0.826484 0.906012 1.023745 1.222137 1.583186 2.251671 3.313443 4.016135 3.271804 2.168737 1.460206 1.062321 0.833533 0.695929 0.610766 0.558443 0.528832 0.516896 0.520748 0.540935 0.580495 0.645697 0.747523 0.903558 1.137296 1.461234 1.812294 1.981117 1.810599 1.457153 1.129469 0.889984 0.725595 0.612221 0.531659 0.472201 0.426595 0.390354 0.360660 0.335703 0.314291 0.295609 0.279087 0.264306
0.097997 0.100948 0.104086 0.107427 0.110993 0.114804 0.118887 0.123268 0.127980 0.133055 0.138534 0.144458 0.150873 0.157830 0.165384 0.173593 0.182518 0.192222 0.202769 0.214224 0.226651 0.240118 0.254700 0.270497 0.287654 0.306402 0.327115 0.350389 0.377163 0.408884 0.447764 0.497209 0.562586 0.652688 0.782647 0.980072 1.298302 1.843751 2.809268 4.308927 5.316138 4.347872 2.886043 1.956002 1.442257 1.150438 0.972741 0.854906 0.769183 0.701187 0.643612 0.592952 0.547649 0.507045 0.470814 0.438704 0.410443 0.385720 0.364203 0.345555 0.329456 0.315607 0.303742 0.293625 0.285052 0.277850 0.271872 0.266994 0.263117 0.260158 0.258054 0.256756 0.256231 0.256458 0.257431 0.259156 0.261651 0.264947 0.269088 0.274129 0.280134 0.287174 0.295318 0.304616 0.315084 0.326662 0.339176 0.352281 0.365418 0.377802 0.388490 0.396541 0.401249 0.402363 0.400177 0.395441 0.389143 0.382274 0.375673 0.369956 0.365527 0.362626 0.361372 0.361817 0.363964 0.367795 0.373278 0.380366 0.389007 0.399138 0.410690 0.423590 0.437755 0.453074 0.469359 0.486263 0.503169 0.519102 0.532770 0.542815 0.548307 0.549259 0.546877 0.543377 0.541548 0.544379 0.554949 0.576621 0.613387 0.670105 0.751950 0.861356 0.989517 1.103503 1.149547 1.097734 0.977754 0.843155 0.726656 0.636886 0.571293 0.524699 0.492440 0.471036 0.458082 0.451999 0.451806 0.456946 0.467159 0.482366 0.502561 0.527698 0.557611 0.592021 0.630803 0.674657 0.726296 0.792066 0.883798 1.020447 1.226891 1.517348 1.833765 1.978654 1.803704 1.457985 1.140032 0.909435 0.754033 0.651261 0.584205 0.542277 0.519419 0.512709 0.521676 0.548302 0.597797 0.680655 0.817276 1.048138 1.454900 2.186175 3.329810 4.091947 3.326061 2.178129 1.441469 1.027710 0.787725 0.639333 0.541493 0.473133 0.422878 0.384273 0.353490 0.328171 0.306808 0.288402 0.272275 0.257944
0.097971 0.100877 0.103961 0.107240 0.110732 0.114457 0.118439 0.122702 0.127274 0.132186 0.137472 0.143169 0.149319 0.155965 0.163155 0.170941 0.179378 0.188523 0.198439 0.209192 0.220855 0.233514 0.247278 0.262291 0.278760 0.296993 0.317453 0.340840 0.368214 0.401178 0.442190 0.495099 0.566173 0.666165 0.814852 1.051987 1.467218 2.295802 4.289339 10.238791 20.144135 10.283011 4.376850 2.424490 1.633347 1.249794 1.036469 0.902146 0.806645 0.731182 0.667119 0.610775 0.560709 0.516326 0.477244 0.443069 0.413361 0.387651 0.365473 0.346393 0.330013 0.315987 0.304011 0.293827 0.285217 0.277997 0.272014 0.267144 0.263286 0.260358 0.258301 0.257069 0.256635 0.256985 0.258123 0.260066 0.262849 0.266523 0.271161 0.276851 0.283706 0.291854 0.301439 0.312603 0.325460 0.340051 0.356267 0.373749 0.391762 0.409118 0.424223 0.435342 0.441091 0.440945 0.435459 0.426046 0.414472 0.402367 0.390958 0.381018 0.372952 0.366912 0.362903 0.360852 0.360654 0.362196 0.365365 0.370053 0.376155 0.383565 0.392177 0.401878 0.412538 0.423995 0.436023 0.448294 0.460332 0.471512 0.481112 0.488474 0.493238 0.495563 0.496232 0.496587 0.498345 0.503413 0.513784 0.531511 0.558673 0.597132 0.647715 0.708341 0.771092 0.820466 0.838177 0.815549 0.761118 0.693041 0.626706 0.569961 0.524880 0.490732 0.465907 0.448795 0.438078 0.432783 0.432239 0.436017 0.443861 0.455628 0.471220 0.490545 0.513491 0.539991 0.570212 0.604923 0.646015 0.697035 0.763413 0.851645 0.965655 1.097332 1.212466 1.254183 1.190978 1.055187 0.904649 0.774763 0.675039 0.603025 0.553569 0.522276 0.506357 0.504748 0.518251 0.550081 0.607295 0.704183 0.870661 1.175345 1.799534 3.323809 7.905524 15.544426 7.900389 3.313096 1.782362 1.150401 0.836194 0.657996 0.546697 0.471802 0.418285 0.378103 0.346659 0.321193 0.299973 0.281870 0.266128 0.252218
0.097922 0.100781 0.103811 0.107026 0.110444 0.114084 0.117966 0.122113 0.126550 0.131305 0.136408 0.141892 0.147795 0.154156 0.161017 0.168427 0.176434 0.185097 0.194474 0.204638 0.215669 0.227668 0.240765 0.255136 0.271026 0.288789 0.308936 0.332221 0.359757 0.393211 0.435132 0.489534 0.563027 0.667136 0.823552 1.077398 1.536270 2.513536 5.278043 20.126177 20.151188 20.179389 5.384039 2.670931 1.741728 1.324469 1.101966 0.963366 0.862422 0.779168 0.705919 0.640457 0.582415 0.531654 0.487784 0.450173 0.418077 0.390746 0.367490 0.347702 0.330868 0.316553 0.304399 0.294108 0.285439 0.278190 0.272201 0.267342 0.263507 0.260618 0.258616 0.257459 0.257125 0.257610 0.258925 0.261103 0.264196 0.268281 0.273461 0.279872 0.287685 0.297111 0.308403 0.321846 0.337739 0.356332 0.377727 0.401685 0.427365 0.453028 0.475937 0.492742 0.500540 0.498164 0.486797 0.469357 0.449212 0.429122 0.410849 0.395262 0.382629 0.372880 0.365794 0.361104 0.358546 0.357885 0.358914 0.361454 0.365346 0.370446 0.376613 0.383709 0.391581 0.400054 0.408912 0.417877 0.426606 0.434699 0.441748 0.447430 0.451620 0.454500 0.456596 0.458754 0.462050 0.467679 0.476865 0.490766 0.510337 0.536050 0.567360 0.601891 0.634667 0.658406 0.665970 0.654277 0.626333 0.589206 0.550133 0.514080 0.483473 0.458988 0.440396 0.427126 0.418563 0.414171 0.413534 0.416351 0.422413 0.431572 0.443718 0.458756 0.476614 0.497295 0.520982 0.548211 0.580044 0.618137 0.664471 0.720363 0.784284 0.848526 0.897197 0.911296 0.882021 0.818943 0.741893 0.667692 0.605066 0.556597 0.521980 0.500179 0.490520 0.493253 0.510059 0.544881 0.605662 0.708350 0.887107 1.224467 1.962098 4.080407 15.539179 15.536009 15.533141 4.067970 1.942544 1.196717 0.849720 0.659507 0.543132 0.465956 0.411455 0.370950 0.339548 0.314325 0.293459 0.275767 0.260457 0.246981
0.097854 0.100665 0.103639 0.106791 0.110136 0.113691 0.117475 0.121509 0.125815 0.130420 0.135349 0.140634 0.146307 0.152406 0.158968 0.166039 0.173666 0.181904 0.190814 0.200469 0.210958 0.222390 0.234909 0.248708 0.264052 0.281314 0.301020 0.323929 0.351143 0.384289 0.425829 0.479605 0.551872 0.653382 0.803941 1.043382 1.461508 2.293836 4.292366 10.248634 20.163380 10.315149 4.426222 2.495735 1.729998 1.371921 1.178268 1.051648 0.949168 0.854771 0.765994 0.685040 0.613944 0.553227 0.502216 0.459675 0.424260 0.394734 0.370044 0.349333 0.331912 0.317231 0.304853 0.294433 0.285693 0.278414 0.272420 0.267574 0.263770 0.260925 0.258983 0.257906 0.257678 0.258302 0.259801 0.262222 0.265637 0.270149 0.275901 0.283081 0.291934 0.302781 0.316025 0.332169 0.351812 0.375609 0.404152 0.437693 0.475617 0.515651 0.553129 0.581241 0.593326 0.586532 0.563712 0.531529 0.496797 0.464192 0.435998 0.412847 0.394505 0.380402 0.369904 0.362432 0.357500 0.354712 0.353748 0.354350 0.356302 0.359419 0.363535 0.368490 0.374125 0.380266 0.386719 0.393263 0.399649 0.405619 0.410935 0.415435 0.419092 0.422060 0.424698 0.427548 0.431281 0.436633 0.444321 0.454952 0.468889 0.486063 0.505692 0.525987 0.544056 0.556333 0.559705 0.552909 0.537175 0.515588 0.491710 0.468459 0.447694 0.430332 0.416655 0.406596 0.399943 0.396443 0.395866 0.398018 0.402746 0.409927 0.419460 0.431261 0.445273 0.461497 0.480043 0.501189 0.525408 0.553287 0.585233 0.620846 0.657953 0.691690 0.714730 0.719867 0.704192 0.671281 0.629034 0.585520 0.546387 0.514621 0.491451 0.477346 0.472759 0.478680 0.497198 0.532336 0.591669 0.689820 0.856930 1.161776 1.785772 3.309598 7.890691 15.528876 7.884103 3.296128 1.764832 1.132479 0.818093 0.639948 0.528931 0.454531 0.401690 0.362321 0.331787 0.307285 0.287048 0.269920 0.255124 0.242120
0.097769 0.100532 0.103451 0.106540 0.109812 0.113283 0.116972 0.120896 0.125076 0.129536 0.134301 0.139399 0.144858 0.150714 0.157003 0.163767 0.171051 0.178909 0.187403 0.196607 0.206613 0.217535 0.229523 0.242776 0.257562 0.274253 0.293361 0.315610 0.342033 0.374126 0.414105 0.465349 0.533185 0.626385 0.760124 0.962157 1.286125 1.838964 2.814353 4.327596 5.353838 4.412296 2.987394 2.106329 1.652643 1.424730 1.299055 1.202110 1.096950 0.978411 0.858456 0.749337 0.656754 0.581038 0.520036 0.470998 0.431411 0.399225 0.372853 0.351084 0.333007 0.317926 0.305312 0.294760 0.285953 0.278648 0.272657 0.267831 0.264062 0.261266 0.259388 0.258393 0.258272 0.259035 0.260715 0.263376 0.267110 0.272049 0.278378 0.286343 0.296279 0.308635 0.324016 0.343225 0.367322 0.397653 0.435809 0.483350 0.540983 0.606763 0.673307 0.726144 0.748187 0.731367 0.683739 0.622375 0.561740 0.509210 0.466733 0.433606 0.408282 0.389184 0.374981 0.364630 0.357339 0.352511 0.349694 0.348541 0.348778 0.350181 0.352558 0.355737 0.359553 0.363842 0.368435 0.373151 0.377810 0.382236 0.386285 0.389873 0.393004 0.395797 0.398493 0.401437 0.405045 0.409756 0.415974 0.423987 0.433882 0.445426 0.457944 0.470238 0.480643 0.487326 0.488808 0.484515 0.475014 0.461787 0.446685 0.431415 0.417252 0.404992 0.395042 0.387544 0.382490 0.379795 0.379351 0.381045 0.384774 0.390444 0.397971 0.407281 0.418319 0.431063 0.445539 0.461836 0.480076 0.500327 0.522393 0.545502 0.567941 0.586894 0.598856 0.600816 0.591723 0.573190 0.548804 0.522671 0.498233 0.477861 0.463027 0.454716 0.453850 0.461701 0.480347 0.513343 0.566893 0.652138 0.789908 1.020986 1.427261 2.157532 3.299812 4.060403 3.292935 2.143538 1.405666 0.991068 0.750697 0.602415 0.505176 0.437867 0.389039 0.352146 0.323267 0.299954 0.280626 0.264229 0.250042 0.237560
0.097670 0.100385 0.103249 0.106275 0.109475 0.112865 0.116460 0.120278 0.124338 0.128660 0.133269 0.138189 0.143449 0.149080 0.155117 0.161598 0.168569 0.176081 0.184197 0.192989 0.202550 0.212995 0.224473 0.237179 0.251375 0.267410 0.285765 0.307098 0.332331 0.362762 0.400263 0.447578 0.508831 0.590366 0.702152 0.859981 1.088128 1.418630 1.869613 2.361998 2.628309 2.469792 2.094457 1.778425 1.605596 1.549519 1.542420 1.500669 1.375646 1.191187 1.001373 0.839093 0.711548 0.614214 0.540122 0.483183 0.438808 0.403708 0.375560 0.352715 0.333991 0.318532 0.305706 0.295043 0.286188 0.278875 0.272898 0.268103 0.264375 0.261632 0.259819 0.258905 0.258886 0.259780 0.261632 0.264519 0.268553 0.273898 0.280778 0.289504 0.300505 0.314380 0.331968 0.354456 0.383539 0.421629 0.472101 0.539391 0.628382 0.741460 0.870496 0.984739 1.033883 0.989975 0.880936 0.757042 0.649020 0.564981 0.502529 0.456779 0.423300 0.398728 0.380666 0.367435 0.357859 0.351107 0.346582 0.343844 0.342561 0.342473 0.343364 0.345051 0.347370 0.350163 0.353281 0.356577 0.359910 0.363156 0.366221 0.369054 0.371667 0.374144 0.376640 0.379371 0.382590 0.386553 0.391470 0.397463 0.404500 0.412335 0.420464 0.428115 0.434318 0.438088 0.438674 0.435796 0.429746 0.421290 0.411447 0.401231 0.391491 0.382835 0.375644 0.370124 0.366355 0.364342 0.364051 0.365425 0.368400 0.372906 0.378877 0.386248 0.394959 0.404966 0.416234 0.428738 0.442425 0.457144 0.472538 0.487894 0.502037 0.513361 0.520115 0.520947 0.515478 0.504555 0.490005 0.474070 0.458867 0.446111 0.437105 0.432892 0.434488 0.443140 0.460643 0.489781 0.534986 0.603429 0.706694 0.862792 1.095538 1.417698 1.766441 1.932649 1.759466 1.403551 1.073826 0.832924 0.667883 0.554689 0.475130 0.417413 0.374157 0.340712 0.314098 0.292358 0.274179 0.258660 0.245170 0.233260
0.097560 0.100227 0.103037 0.106001 0.109131 0.112441 0.115946 0.119661 0.123604 0.127795 0.132256 0.137009 0.142081 0.147501 0.153302 0.159522 0.166203 0.173395 0.181159 0.189567 0.198707 0.208693 0.219667 0.231815 0.245380 0.260683 0.278154 0.298369 0.322113 0.350462 0.384904 0.427524 0.481262 0.550268 0.640316 0.759020 0.914952 1.113188 1.343017 1.559417 1.688474 1.693847 1.630754 1.595637 1.660144 1.849661 2.098328 2.191589 1.967319 1.575393 1.218925 0.957347 0.776052 0.650028 0.560373 0.494784 0.445495 0.407560 0.377764 0.353965 0.334698 0.318942 0.305966 0.295241 0.286375 0.279078 0.273135 0.268382 0.264704 0.262017 0.260268 0.259430 0.259505 0.260516 0.262520 0.265607 0.269908 0.275614 0.282988 0.292401 0.304378 0.319668 0.339360 0.365075 0.399281 0.445816 0.510778 0.603906 0.740249 0.939646 1.212769 1.507630 1.651009 1.512984 1.223423 0.955497 0.761151 0.629683 0.541231 0.480737 0.438465 0.408328 0.386503 0.370542 0.358842 0.350328 0.344255 0.340098 0.337470 0.336077 0.335687 0.336108 0.337174 0.338736 0.340659 0.342816 0.345096 0.347401 0.349664 0.351847 0.353958 0.356050 0.358219 0.360595 0.363327 0.366556 0.370384 0.374845 0.379866 0.385240 0.390610 0.395481 0.399282 0.401459 0.401612 0.399599 0.395582 0.389989 0.383406 0.376454 0.369694 0.363568 0.358391 0.354363 0.351596 0.350136 0.349988 0.351131 0.353528 0.357131 0.361885 0.367733 0.374615 0.382469 0.391229 0.400811 0.411088 0.421851 0.432745 0.443217 0.452500 0.459668 0.463810 0.464292 0.460998 0.454429 0.445614 0.435863 0.426519 0.418796 0.413734 0.412255 0.415277 0.423866 0.439419 0.463896 0.500098 0.551980 0.624783 0.724292 0.853291 1.001880 1.132873 1.185493 1.125940 0.987853 0.831849 0.694957 0.586919 0.504796 0.442651 0.395095 0.358032 0.328534 0.304546 0.284628 0.267766 0.253234 0.240509 0.229210
0.097443 0.100062 0.102818 0.105721 0.108782 0.112015 0.115431 0.119047 0.122879 0.126944 0.131263 0.135858 0.140752 0.145974 0.151555 0.157529 0.163938 0.170830 0.178263 0.186304 0.195040 0.204577 0.215047 0.226623 0.239523 0.254033 0.270524 0.289484 0.311558 0.337598 0.368733 0.406462 0.452749 0.510111 0.581590 0.670389 0.778712 0.905137 1.040602 1.166425 1.262424 1.327316 1.394540 1.531310 1.841415 2.483793 3.548708 4.249510 3.449121 2.279653 1.524496 1.094721 0.841614 0.682987 0.577551 0.503912 0.450356 0.410108 0.379053 0.354580 0.334972 0.319062 0.306038 0.295322 0.286495 0.279251 0.273365 0.268670 0.265048 0.262419 0.260730 0.259960 0.260113 0.261223 0.263352 0.266602 0.271121 0.277120 0.284899 0.294878 0.307662 0.324134 0.345614 0.374138 0.412957 0.467488 0.547199 0.669553 0.868512 1.212070 1.823647 2.776269 3.412308 2.781875 1.834779 1.228572 0.890166 0.696091 0.578320 0.502878 0.452302 0.417139 0.391995 0.373648 0.360089 0.350023 0.342582 0.337167 0.333350 0.330813 0.329309 0.328642 0.328644 0.329174 0.330106 0.331327 0.332742 0.334271 0.335856 0.337467 0.339100 0.340784 0.342574 0.344545 0.346777 0.349342 0.352282 0.355588 0.359182 0.362901 0.366500 0.369660 0.372036 0.373308 0.373254 0.371800 0.369045 0.365240 0.360740 0.355936 0.351200 0.346849 0.343129 0.340211 0.338207 0.337178 0.337148 0.338118 0.340066 0.342960 0.346757 0.351405 0.356846 0.363013 0.369824 0.377176 0.384927 0.392869 0.400708 0.408044 0.414379 0.419173 0.421937 0.422367 0.420452 0.416521 0.411198 0.405300 0.399708 0.395279 0.392806 0.393037 0.396720 0.404687 0.417935 0.437719 0.465614 0.503475 0.553107 0.615290 0.687605 0.761071 0.818160 0.838192 0.811369 0.747359 0.666711 0.586828 0.516565 0.458223 0.410909 0.372713 0.341690 0.316198 0.294947 0.276958 0.261495 0.248008 0.236087 0.225420
0.097320 0.099892 0.102595 0.105439 0.108433 0.111589 0.114920 0.118440 0.122165 0.126110 0.130294 0.134738 0.139464 0.144498 0.149870 0.155613 0.161765 0.168371 0.175487 0.183177 0.191519 0.200613 0.210580 0.221572 0.233785 0.247462 0.262919 0.280556 0.300884 0.324557 0.352401 0.385450 0.424963 0.472392 0.529253 0.596765 0.675169 0.762717 0.854943 0.945836 1.033017 1.126923 1.262175 1.517513 2.083357 3.541960 8.032576 15.556134 7.958392 3.392229 1.856610 1.214853 0.891163 0.705081 0.587733 0.508540 0.452294 0.410738 0.379074 0.354357 0.334694 0.318825 0.305887 0.295272 0.286547 0.279397 0.273594 0.268972 0.265414 0.262841 0.261206 0.260491 0.260706 0.261887 0.264107 0.267473 0.272148 0.278357 0.286421 0.296799 0.310150 0.327450 0.350186 0.380697 0.422838 0.483314 0.574586 0.721907 0.982489 1.506838 2.776279 6.578709 12.914071 6.584746 2.788236 1.524492 1.005525 0.749940 0.607186 0.520033 0.463234 0.424348 0.396711 0.376510 0.361450 0.350083 0.341463 0.334947 0.330081 0.326534 0.324053 0.322437 0.321522 0.321170 0.321262 0.321695 0.322381 0.323251 0.324251 0.325350 0.326536 0.327817 0.329221 0.330783 0.332544 0.334533 0.336758 0.339194 0.341767 0.344357 0.346793 0.348870 0.350374 0.351115 0.350967 0.349890 0.347949 0.345300 0.342166 0.338799 0.335451 0.332349 0.329676 0.327574 0.326140 0.325437 0.325496 0.326328 0.327922 0.330256 0.333296 0.336997 0.341304 0.346151 0.351457 0.357119 0.363002 0.368930 0.374673 0.379951 0.384441 0.387822 0.389827 0.390311 0.389303 0.387033 0.383908 0.380459 0.377282 0.374986 0.374161 0.375379 0.379213 0.386265 0.397198 0.412746 0.433685 0.460693 0.494029 0.532901 0.574509 0.613167 0.640601 0.648719 0.634025 0.599908 0.554358 0.505545 0.459059 0.417606 0.381898 0.351604 0.325988 0.304246 0.285642 0.269558 0.255497 0.243064 0.231951 0.221918
0.097194 0.099720 0.102371 0.105156 0.108084 0.111167 0.114416 0.117844 0.121465 0.125294 0.129350 0.133650 0.138216 0.143072 0.148245 0.153767 0.159674 0.166008 0.172820 0.180168 0.188127 0.196784 0.206249 0.216655 0.228170 0.241001 0.255406 0.271707 0.290301 0.311676 0.336421 0.365234 0.398905 0.438261 0.484059 0.536773 0.596317 0.661847 0.732031 0.806529 0.889418 0.995232 1.160061 1.470494 2.171263 4.237343 15.550682 15.521433 15.496081 4.128313 2.008861 1.257986 0.904509 0.708498 0.587541 0.507079 0.450510 0.409029 0.377603 0.353176 0.333806 0.318209 0.305510 0.295099 0.286544 0.279532 0.273839 0.269303 0.265813 0.263294 0.261703 0.261027 0.261280 0.262503 0.264773 0.268203 0.272961 0.279281 0.287494 0.298072 0.311699 0.329385 0.352679 0.384035 0.427541 0.490401 0.586309 0.743935 1.031953 1.650840 3.413186 12.915086 12.918490 12.921792 3.426433 1.670311 1.057203 0.774421 0.621431 0.529539 0.470086 0.429424 0.400406 0.379014 0.362861 0.350460 0.340846 0.333370 0.327575 0.323128 0.319776 0.317321 0.315601 0.314481 0.313847 0.313601 0.313660 0.313959 0.314446 0.315085 0.315857 0.316755 0.317787 0.318964 0.320299 0.321798 0.323452 0.325227 0.327063 0.328868 0.330525 0.331898 0.332853 0.333274 0.333086 0.332271 0.330872 0.328990 0.326770 0.324380 0.321993 0.319770 0.317848 0.316339 0.315325 0.314861 0.314981 0.315697 0.317008 0.318897 0.321336 0.324288 0.327704 0.331522 0.335669 0.340051 0.344555 0.349036 0.353325 0.357224 0.360526 0.363035 0.364605 0.365169 0.364771 0.363578 0.361865 0.359995 0.358378 0.357446 0.357632 0.359356 0.363036 0.369082 0.377905 0.389894 0.405356 0.424399 0.446708 0.471230 0.495826 0.517147 0.531101 0.534135 0.524791 0.504440 0.476553 0.445137 0.413466 0.383609 0.356560 0.332582 0.311539 0.293110 0.276925 0.262629 0.249906 0.238490 0.228162 0.218743
0.097067 0.099548 0.102148 0.104876 0.107741 0.110752 0.113921 0.117260 0.120782 0.124500 0.128432 0.132595 0.137008 0.141694 0.146678 0.151990 0.157662 0.163734 0.170252 0.177270 0.184855 0.193083 0.202052 0.211876 0.222698 0.234688 0.248057 0.263056 0.279989 0.299214 0.321148 0.346256 0.375036 0.407977 0.445489 0.487826 0.535033 0.587043 0.644172 0.708321 0.785335 0.889275 1.051157 1.341518 1.942882 3.432732 7.948648 15.491756 7.908781 3.353692 1.826410 1.190995 0.872201 0.689963 0.575680 0.498969 0.444754 0.404875 0.374602 0.351038 0.332327 0.317242 0.304941 0.294839 0.286521 0.279689 0.274129 0.269690 0.266268 0.263795 0.262234 0.261577 0.261841 0.263071 0.265347 0.268784 0.273549 0.279875 0.288092 0.298661 0.312253 0.329850 0.352944 0.383885 0.426533 0.487597 0.579544 0.727622 0.989037 1.514280 2.784652 6.588013 12.924259 6.595716 2.799825 1.536474 1.017623 0.761840 0.618560 0.530558 0.472620 0.432350 0.403138 0.381230 0.364379 0.351185 0.340735 0.332410 0.325775 0.320509 0.316367 0.313155 0.310714 0.308913 0.307639 0.306797 0.306307 0.306104 0.306134 0.306359 0.306752 0.307295 0.307982 0.308807 0.309768 0.310856 0.312052 0.313323 0.314618 0.315867 0.316990 0.317894 0.318493 0.318715 0.318515 0.317885 0.316854 0.315492 0.313895 0.312178 0.310460 0.308857 0.307473 0.306392 0.305681 0.305388 0.305543 0.306160 0.307240 0.308772 0.310733 0.313092 0.315807 0.318824 0.322079 0.325495 0.328976 0.332412 0.335677 0.338636 0.341152 0.343107 0.344418 0.345060 0.345078 0.344596 0.343807 0.342963 0.342352 0.342282 0.343061 0.344992 0.348363 0.353443 0.360466 0.369608 0.380931 0.394302 0.409270 0.424923 0.439793 0.451917 0.459157 0.459797 0.453150 0.439831 0.421489 0.400194 0.377852 0.355874 0.335129 0.316035 0.298709 0.283090 0.269027 0.256339 0.244843 0.234372 0.224779 0.215937
0.096942 0.099378 0.101929 0.104601 0.107404 0.110347 0.113439 0.116692 0.120118 0.123730 0.127543 0.131574 0.135841 0.140365 0.145168 0.150278 0.155725 0.161545 0.167780 0.174479 0.181699 0.189510 0.197994 0.207249 0.217394 0.228567 0.240938 0.254700 0.270084 0.287350 0.306791 0.328722 0.353464 0.381327 0.412574 0.447418 0.486060 0.528868 0.576808 0.632292 0.700683 0.792884 0.930191 1.154313 1.547978 2.260124 3.379241 4.120685 3.350364 2.203147 1.464605 1.047418 0.804013 0.653003 0.553651 0.484943 0.435431 0.398526 0.370244 0.348071 0.330364 0.316014 0.304258 0.294559 0.286537 0.279918 0.274508 0.270170 0.266810 0.264370 0.262820 0.262156 0.262401 0.263602 0.265837 0.269221 0.273917 0.280148 0.288226 0.298588 0.311853 0.328919 0.351121 0.380512 0.420358 0.476086 0.557173 0.681080 0.881757 1.227171 1.840692 2.795273 3.433189 2.804432 1.858678 1.253345 0.915228 0.720776 0.601929 0.524728 0.471781 0.433737 0.405324 0.383442 0.366193 0.352373 0.341184 0.332077 0.324655 0.318621 0.313741 0.309829 0.306729 0.304310 0.302461 0.301087 0.300109 0.299458 0.299080 0.298932 0.298981 0.299200 0.299573 0.300085 0.300722 0.301466 0.302295 0.303176 0.304068 0.304917 0.305665 0.306249 0.306612 0.306707 0.306507 0.306008 0.305233 0.304229 0.303061 0.301811 0.300562 0.299398 0.298396 0.297621 0.297126 0.296950 0.297120 0.297648 0.298538 0.299781 0.301361 0.303250 0.305413 0.307807 0.310377 0.313060 0.315780 0.318455 0.320992 0.323298 0.325283 0.326875 0.328027 0.328736 0.329041 0.329036 0.328860 0.328689 0.328728 0.329194 0.330304 0.332270 0.335283 0.339508 0.345067 0.352011 0.360290 0.369696 0.379801 0.389911 0.399050 0.406044 0.409716 0.409165 0.404036 0.394627 0.381778 0.366615 0.350262 0.333653 0.317451 0.302060 0.287680 0.274372 0.262109 0.250820 0.240412 0.230790 0.221861 0.213544
0.096820 0.099213 0.101716 0.104334 0.107077 0.109953 0.112971 0.116141 0.119475 0.122985 0.126685 0.130590 0.134717 0.139085 0.143715 0.148631 0.153863 0.159441 0.165403 0.171793 0.178662 0.186068 0.194083 0.202788 0.212282 0.222676 0.234103 0.246714 0.260679 0.276190 0.293453 0.312684 0.334100 0.357913 0.384322 0.413533 0.445827 0.481718 0.522257 0.569555 0.627596 0.703452 0.808999 0.962846 1.189562 1.502815 1.841336 1.998867 1.820678 1.462189 1.130406 0.887427 0.720447 0.605673 0.525023 0.466757 0.423490 0.390543 0.364891 0.344530 0.328103 0.314672 0.303580 0.294359 0.286676 0.280292 0.275036 0.270791 0.267478 0.265050 0.263486 0.262787 0.262978 0.264110 0.266258 0.269533 0.274087 0.280130 0.287946 0.297930 0.310626 0.326809 0.347594 0.374629 0.410405 0.458784 0.525880 0.621436 0.760489 0.962842 1.239095 1.537151 1.683634 1.548423 1.261161 0.994785 0.801030 0.669049 0.578918 0.515619 0.469538 0.434777 0.407725 0.386146 0.368622 0.354220 0.342304 0.332416 0.324213 0.317424 0.311832 0.307253 0.303534 0.300544 0.298170 0.296315 0.294896 0.293844 0.293099 0.292615 0.292353 0.292281 0.292374 0.292610 0.292967 0.293426 0.293959 0.294537 0.295125 0.295681 0.296161 0.296521 0.296722 0.296734 0.296538 0.296133 0.295537 0.294781 0.293913 0.292989 0.292070 0.291216 0.290484 0.289925 0.289580 0.289481 0.289649 0.290098 0.290829 0.291837 0.293110 0.294625 0.296355 0.298262 0.300304 0.302430 0.304582 0.306698 0.308712 0.310558 0.312178 0.313527 0.314581 0.315344 0.315851 0.316173 0.316409 0.316686 0.317148 0.317946 0.319232 0.321148 0.323817 0.327332 0.331744 0.337042 0.343129 0.349793 0.356683 0.363290 0.368969 0.372997 0.374690 0.373544 0.369360 0.362286 0.352778 0.341475 0.329059 0.316142 0.303207 0.290592 0.278505 0.267055 0.256279 0.246170 0.236696 0.227810 0.219463 0.211606
0.096703 0.099055 0.101510 0.104077 0.106762 0.109573 0.112519 0.115610 0.118856 0.122268 0.125859 0.129644 0.133637 0.137855 0.142320 0.147051 0.152076 0.157422 0.163123 0.169216 0.175746 0.182764 0.190330 0.198511 0.207387 0.217047 0.227596 0.239149 0.251833 0.265788 0.281161 0.298104 0.316769 0.337310 0.359887 0.384691 0.412008 0.442321 0.476505 0.516091 0.563620 0.623006 0.699696 0.799891 0.926965 1.071787 1.198174 1.246501 1.183730 1.043458 0.885887 0.747787 0.638853 0.556189 0.493893 0.446590 0.410172 0.381685 0.359039 0.340761 0.325802 0.313417 0.303069 0.294371 0.287047 0.280898 0.275786 0.271615 0.268324 0.265878 0.264266 0.263496 0.263597 0.264618 0.266632 0.269744 0.274094 0.279870 0.287325 0.296800 0.308757 0.323828 0.342890 0.367170 0.398402 0.439039 0.492485 0.563197 0.656055 0.773409 0.907044 1.026062 1.079934 1.040405 0.935038 0.813721 0.706831 0.622222 0.557398 0.507544 0.468448 0.437073 0.411375 0.390013 0.372091 0.356986 0.344239 0.333494 0.324461 0.316894 0.310584 0.305352 0.301039 0.297511 0.294649 0.292352 0.290532 0.289117 0.288043 0.287257 0.286717 0.286384 0.286230 0.286225 0.286345 0.286566 0.286861 0.287201 0.287557 0.287894 0.288179 0.288380 0.288469 0.288423 0.288232 0.287895 0.287424 0.286843 0.286185 0.285490 0.284802 0.284165 0.283623 0.283214 0.282970 0.282917 0.283072 0.283446 0.284043 0.284859 0.285884 0.287101 0.288487 0.290015 0.291649 0.293350 0.295076 0.296779 0.298412 0.299931 0.301297 0.302483 0.303476 0.304285 0.304939 0.305490 0.306012 0.306594 0.307337 0.308347 0.309725 0.311565 0.313941 0.316899 0.320447 0.324545 0.329084 0.333878 0.338648 0.343030 0.346590 0.348867 0.349446 0.348026 0.344483 0.338897 0.331523 0.322739 0.312970 0.302621 0.292039 0.281491 0.271163 0.261176 0.251598 0.242457 0.233759 0.225491 0.217633 0.210163
0.096594 0.098904 0.101315 0.103831 0.106460 0.109209 0.112086 0.115101 0.118262 0.121581 0.125068 0.128737 0.132602 0.136678 0.140984 0.145539 0.150366 0.155490 0.160940 0.166750 0.172958 0.179606 0.186745 0.194431 0.202727 0.211705 0.221446 0.232037 0.243575 0.256160 0.269898 0.284899 0.301272 0.319131 0.338603 0.359852 0.383114 0.408772 0.437441 0.470091 0.508128 0.553391 0.607834 0.672531 0.745483 0.818245 0.873895 0.892352 0.864235 0.799359 0.718237 0.638208 0.568096 0.510201 0.463629 0.426461 0.396731 0.372769 0.353253 0.337174 0.323776 0.312497 0.302925 0.294760 0.287786 0.281850 0.276850 0.272716 0.269406 0.266901 0.265201 0.264318 0.264286 0.265153 0.266990 0.269890 0.273981 0.279429 0.286451 0.295335 0.306457 0.320313 0.337560 0.359057 0.385926 0.419574 0.461653 0.513769 0.576653 0.648343 0.721372 0.781090 0.810113 0.799934 0.758052 0.700906 0.642362 0.589353 0.543649 0.504681 0.471301 0.442490 0.417510 0.395843 0.377103 0.360969 0.347153 0.335386 0.325414 0.317006 0.309950 0.304058 0.299163 0.295118 0.291797 0.289091 0.286906 0.285162 0.283791 0.282735 0.281947 0.281385 0.281014 0.280802 0.280722 0.280746 0.280848 0.281002 0.281179 0.281351 0.281493 0.281578 0.281586 0.281501 0.281314 0.281025 0.280643 0.280185 0.279674 0.279139 0.278613 0.278128 0.277718 0.277410 0.277230 0.277199 0.277332 0.277637 0.278119 0.278775 0.279598 0.280575 0.281689 0.282918 0.284235 0.285612 0.287015 0.288411 0.289767 0.291052 0.292240 0.293317 0.294275 0.295126 0.295892 0.296613 0.297342 0.298143 0.299085 0.300240 0.301676 0.303450 0.305602 0.308150 0.311078 0.314331 0.317808 0.321349 0.324741 0.327718 0.329982 0.331230 0.331194 0.329684 0.326618 0.322035 0.316086 0.309000 0.301049 0.292507 0.283621 0.274600 0.265602 0.256744 0.248105 0.239732 0.231653 0.223880 0.216415 0.209252
0.096493 0.098765 0.101131 0.103599 0.106174 0.108864 0.111675 0.114616 0.117696 0.120925 0.124313 0.127872 0.131614 0.135555 0.139709 0.144096 0.148734 0.153647 0.158859 0.164400 0.170302 0.176601 0.183338 0.190559 0.198317 0.206666 0.215670 0.225395 0.235912 0.247296 0.259623 0.272971 0.287420 0.303053 0.319968 0.338287 0.358186 0.379925 0.403884 0.430595 0.460721 0.494935 0.533600 0.576128 0.620014 0.659928 0.687983 0.696449 0.682104 0.648497 0.603678 0.555829 0.510537 0.470500 0.436412 0.407920 0.384255 0.364575 0.348110 0.334216 0.322379 0.312202 0.303388 0.295723 0.289055 0.283282 0.278336 0.274180 0.270795 0.268176 0.266333 0.265289 0.265077 0.265746 0.267361 0.270007 0.273795 0.278871 0.285417 0.293670 0.303930 0.316577 0.332086 0.351038 0.374121 0.402088 0.435630 0.475096 0.519949 0.567948 0.614378 0.652251 0.674537 0.677774 0.663956 0.638702 0.607777 0.575051 0.542490 0.510987 0.481053 0.453113 0.427526 0.404527 0.384197 0.366476 0.351202 0.338152 0.327077 0.317731 0.309878 0.303307 0.297830 0.293285 0.289529 0.286442 0.283922 0.281880 0.280243 0.278949 0.277943 0.277180 0.276622 0.276235 0.275986 0.275849 0.275797 0.275803 0.275842 0.275891 0.275926 0.275927 0.275877 0.275764 0.275580 0.275326 0.275007 0.274635 0.274227 0.273804 0.273390 0.273009 0.272687 0.272444 0.272302 0.272276 0.272380 0.272620 0.273001 0.273523 0.274179 0.274962 0.275858 0.276850 0.277921 0.279047 0.280205 0.281372 0.282524 0.283641 0.284707 0.285713 0.286657 0.287550 0.288409 0.289265 0.290156 0.291126 0.292224 0.293497 0.294987 0.296727 0.298735 0.301009 0.303522 0.306215 0.308994 0.311729 0.314254 0.316370 0.317867 0.318534 0.318192 0.316710 0.314027 0.310162 0.305203 0.299294 0.292614 0.285350 0.277685 0.269779 0.261766 0.253754 0.245823 0.238032 0.230423 0.223022 0.215847 0.208908
0.096404 0.098637 0.100962 0.103383 0.105906 0.108538 0.111286 0.114158 0.117160 0.120303 0.123596 0.127050 0.130676 0.134487 0.138498 0.142724 0.147183 0.151896 0.156883 0.162170 0.167783 0.173754 0.180116 0.186907 0.194167 0.201941 0.210278 0.219226 0.228841 0.239174 0.250283 0.262221 0.275046 0.288816 0.303601 0.319485 0.336580 0.355040 0.375067 0.396901 0.420772 0.446784 0.474698 0.503604 0.531568 0.555481 0.571512 0.576346 0.568721 0.550143 0.524159 0.494810 0.465374 0.437908 0.413376 0.392001 0.373597 0.357793 0.344176 0.332357 0.322007 0.312865 0.304740 0.297497 0.291051 0.285350 0.280372 0.276110 0.272568 0.269763 0.267713 0.266448 0.266004 0.266428 0.267778 0.270130 0.273583 0.278257 0.284307 0.291926 0.301350 0.312870 0.326827 0.343616 0.363660 0.387355 0.414964 0.446425 0.481066 0.517289 0.552409 0.582967 0.605667 0.618540 0.621462 0.615594 0.602387 0.583054 0.558736 0.530848 0.501128 0.471351 0.442986 0.417008 0.393900 0.373773 0.356498 0.341817 0.329426 0.319017 0.310302 0.303027 0.296968 0.291934 0.287766 0.284326 0.281500 0.279191 0.277319 0.275814 0.274619 0.273685 0.272968 0.272433 0.272047 0.271779 0.271604 0.271495 0.271430 0.271385 0.271341 0.271281 0.271190 0.271058 0.270878 0.270649 0.270375 0.270063 0.269727 0.269381 0.269043 0.268731 0.268465 0.268261 0.268136 0.268102 0.268171 0.268349 0.268641 0.269047 0.269564 0.270186 0.270906 0.271710 0.272586 0.273517 0.274489 0.275484 0.276487 0.277485 0.278468 0.279433 0.280380 0.281318 0.282263 0.283237 0.284267 0.285385 0.286622 0.288009 0.289571 0.291324 0.293270 0.295397 0.297669 0.300029 0.302394 0.304653 0.306674 0.308306 0.309392 0.309777 0.309331 0.307959 0.305611 0.302289 0.298045 0.292972 0.287189 0.280830 0.274031 0.266920 0.259612 0.252203 0.244776 0.237394 0.230108 0.222957 0.215969 0.209165
0.096327 0.098524 0.100808 0.103184 0.105658 0.108235 0.110923 0.113727 0.116656 0.119717 0.122920 0.126273 0.129789 0.133477 0.137352 0.141426 0.145717 0.150240 0.155015 0.160062 0.165406 0.171071 0.177085 0.183478 0.190284 0.197536 0.205271 0.213528 0.222346 0.231763 0.241819 0.252553 0.264003 0.276208 0.289213 0.303067 0.317832 0.333583 0.350400 0.368351 0.387443 0.407544 0.428255 0.448770 0.467766 0.483449 0.493862 0.497458 0.493697 0.483300 0.467984 0.449850 0.430805 0.412236 0.394962 0.379340 0.365410 0.353038 0.342010 0.332098 0.323105 0.314878 0.307317 0.300365 0.294005 0.288245 0.283106 0.278618 0.274815 0.271728 0.269391 0.267835 0.267100 0.267227 0.268270 0.270295 0.273384 0.277640 0.283192 0.290198 0.298847 0.309364 0.322007 0.337061 0.354811 0.375507 0.399290 0.426090 0.455499 0.486663 0.518267 0.548689 0.576284 0.599600 0.617284 0.627740 0.629056 0.619654 0.599438 0.570408 0.536075 0.500181 0.465645 0.434221 0.406654 0.383027 0.363064 0.346337 0.332388 0.320784 0.311143 0.303139 0.296498 0.290994 0.286437 0.282672 0.279571 0.277026 0.274947 0.273262 0.271907 0.270828 0.269980 0.269325 0.268828 0.268457 0.268187 0.267991 0.267847 0.267734 0.267634 0.267531 0.267412 0.267267 0.267091 0.266881 0.266639 0.266370 0.266083 0.265789 0.265501 0.265233 0.265000 0.264815 0.264690 0.264638 0.264668 0.264785 0.264995 0.265300 0.265698 0.266187 0.266760 0.267412 0.268133 0.268912 0.269740 0.270606 0.271500 0.272415 0.273346 0.274293 0.275258 0.276250 0.277280 0.278367 0.279530 0.280791 0.282170 0.283687 0.285353 0.287174 0.289142 0.291237 0.293421 0.295637 0.297812 0.299849 0.301640 0.303062 0.303991 0.304307 0.303906 0.302711 0.300675 0.297790 0.294084 0.289615 0.284466 0.278737 0.272533 0.265961 0.259120 0.252104 0.244993 0.237856 0.230751 0.223726 0.216818 0.210056
0.096264 0.098426 0.100671 0.103005 0.105431 0.107956 0.110586 0.113327 0.116185 0.119169 0.122286 0.125545 0.128955 0.132527 0.136273 0.140205 0.144336 0.148681 0.153257 0.158082 0.163174 0.168556 0.174249 0.180278 0.186670 0.193450 0.200648 0.208291 0.216408 0.225028 0.234177 0.243882 0.254166 0.265055 0.276572 0.288740 0.301584 0.315126 0.329374 0.344303 0.359825 0.375734 0.391647 0.406948 0.420770 0.432064 0.439786 0.443166 0.441959 0.436547 0.427826 0.416943 0.405011 0.392920 0.381259 0.370333 0.360229 0.350892 0.342197 0.334005 0.326201 0.318716 0.311531 0.304674 0.298202 0.292187 0.286708 0.281835 0.277629 0.274143 0.271417 0.269489 0.268394 0.268171 0.268864 0.270528 0.273232 0.277062 0.282125 0.288552 0.296501 0.306156 0.317728 0.331449 0.347561 0.366294 0.387836 0.412296 0.439675 0.469846 0.502583 0.537589 0.574426 0.612162 0.648596 0.679362 0.697994 0.698181 0.677592 0.639888 0.592651 0.543455 0.497417 0.456969 0.422696 0.394219 0.370784 0.351571 0.335826 0.322909 0.312293 0.303551 0.296342 0.290390 0.285475 0.281418 0.278074 0.275324 0.273072 0.271235 0.269748 0.268552 0.267601 0.266851 0.266268 0.265820 0.265479 0.265220 0.265020 0.264860 0.264722 0.264592 0.264456 0.264306 0.264135 0.263940 0.263722 0.263483 0.263230 0.262970 0.262713 0.262469 0.262250 0.262068 0.261932 0.261853 0.261839 0.261896 0.262029 0.262242 0.262536 0.262910 0.263361 0.263887 0.264481 0.265140 0.265856 0.266624 0.267439 0.268299 0.269202 0.270150 0.271148 0.272202 0.273325 0.274530 0.275831 0.277244 0.278782 0.280455 0.282268 0.284218 0.286292 0.288465 0.290696 0.292933 0.295104 0.297127 0.298904 0.300332 0.301304 0.301718 0.301482 0.300527 0.298804 0.296295 0.293009 0.288983 0.284276 0.278964 0.273137 0.266887 0.260309 0.253492 0.246519 0.239467 0.232400 0.225374 0.218434 0.211616
0.096216 0.098345 0.100553 0.102846 0.105228 0.107703 0.110278 0.112958 0.115750 0.118660 0.121696 0.124865 0.128177 0.131639 0.135264 0.139061 0.143043 0.147222 0.151612 0.156230 0.161090 0.166210 0.171609 0.177307 0.183324 0.189681 0.196399 0.203500 0.211004 0.218932 0.227300 0.236127 0.245427 0.255210 0.265487 0.276264 0.287540 0.299304 0.311528 0.324147 0.337041 0.350007 0.362732 0.374773 0.385571 0.394504 0.400996 0.404648 0.405351 0.403327 0.399076 0.393249 0.386501 0.379375 0.372245 0.365299 0.358570 0.351986 0.345426 0.338774 0.331961 0.324983 0.317909 0.310860 0.303987 0.297445 0.291377 0.285902 0.281112 0.277075 0.273840 0.271442 0.269913 0.269280 0.269578 0.270850 0.273150 0.276550 0.281138 0.287027 0.294352 0.303278 0.313994 0.326724 0.341721 0.359268 0.379693 0.403376 0.430795 0.462596 0.499677 0.543236 0.594586 0.654361 0.720598 0.785655 0.834315 0.848545 0.820070 0.758073 0.681434 0.606072 0.540095 0.485625 0.441855 0.407028 0.379340 0.357249 0.339527 0.325226 0.313622 0.304160 0.296413 0.290051 0.284816 0.280505 0.276956 0.274037 0.271643 0.269687 0.268096 0.266811 0.265781 0.264963 0.264319 0.263817 0.263428 0.263127 0.262893 0.262704 0.262545 0.262400 0.262258 0.262109 0.261946 0.261765 0.261566 0.261348 0.261117 0.260878 0.260637 0.260404 0.260186 0.259994 0.259837 0.259722 0.259660 0.259655 0.259715 0.259842 0.260041 0.260313 0.260658 0.261076 0.261566 0.262126 0.262753 0.263447 0.264207 0.265033 0.265927 0.266892 0.267936 0.269066 0.270292 0.271625 0.273078 0.274661 0.276383 0.278249 0.280260 0.282406 0.284672 0.287028 0.289436 0.291841 0.294177 0.296365 0.298316 0.299935 0.301122 0.301780 0.301823 0.301177 0.299787 0.297624 0.294683 0.290982 0.286567 0.281501 0.275864 0.269743 0.263234 0.256430 0.249421 0.242291 0.235113 0.227952 0.220861 0.213882
0.096186 0.098283 0.100456 0.102710 0.105049 0.107477 0.110000 0.112623 0.115352 0.118193 0.121152 0.124237 0.127455 0.130815 0.134326 0.137998 0.141840 0.145864 0.150083 0.154508 0.159154 0.164036 0.169167 0.174565 0.180245 0.186223 0.192516 0.199140 0.206110 0.213438 0.221138 0.229218 0.237687 0.246547 0.255798 0.265435 0.275442 0.285795 0.296448 0.307324 0.318309 0.329228 0.339846 0.349855 0.358898 0.366607 0.372661 0.376854 0.379149 0.379693 0.378787 0.376816 0.374164 0.371144 0.367942 0.364606 0.361052 0.357112 0.352591 0.347335 0.341284 0.334498 0.327150 0.319490 0.311798 0.304340 0.297341 0.290976 0.285366 0.280592 0.276702 0.273723 0.271673 0.270567 0.270424 0.271273 0.273152 0.276119 0.280247 0.285634 0.292404 0.300711 0.310745 0.322742 0.336999 0.353895 0.373934 0.397813 0.426546 0.461641 0.505374 0.561106 0.633454 0.727669 0.846446 0.981173 1.098682 1.144536 1.088631 0.961689 0.818716 0.693342 0.594488 0.519575 0.463271 0.420707 0.388164 0.362960 0.343198 0.327526 0.314979 0.304851 0.296624 0.289907 0.284404 0.279885 0.276172 0.273123 0.270622 0.268578 0.266914 0.265568 0.264486 0.263624 0.262943 0.262409 0.261994 0.261673 0.261422 0.261222 0.261057 0.260910 0.260771 0.260630 0.260479 0.260313 0.260130 0.259929 0.259712 0.259484 0.259249 0.259014 0.258786 0.258574 0.258386 0.258229 0.258113 0.258044 0.258028 0.258073 0.258182 0.258360 0.258609 0.258933 0.259332 0.259810 0.260366 0.261003 0.261724 0.262531 0.263431 0.264429 0.265532 0.266750 0.268093 0.269571 0.271195 0.272974 0.274914 0.277018 0.279283 0.281698 0.284244 0.286891 0.289600 0.292317 0.294977 0.297502 0.299804 0.301789 0.303357 0.304408 0.304848 0.304594 0.303581 0.301762 0.299119 0.295657 0.291410 0.286436 0.280813 0.274634 0.268001 0.261019 0.253790 0.246409 0.238961 0.231520 0.224148 0.216894
0.096174 0.098241 0.100381 0.102598 0.104897 0.107281 0.109755 0.112324 0.114993 0.117768 0.120656 0.123661 0.126793 0.130057 0.133462 0.137016 0.140729 0.144610 0.148670 0.152919 0.157369 0.162032 0.166921 0.172048 0.177427 0.183069 0.188987 0.195193 0.201698 0.208511 0.215640 0.223089 0.230860 0.238953 0.247361 0.256072 0.265067 0.274313 0.283762 0.293344 0.302960 0.312475 0.321718 0.330487 0.338559 0.345721 0.351802 0.356711 0.360458 0.363163 0.365033 0.366314 0.367238 0.367961 0.368517 0.368794 0.368534 0.367383 0.364975 0.361034 0.355474 0.348427 0.340227 0.331324 0.322194 0.313260 0.304857 0.297218 0.290489 0.284749 0.280031 0.276344 0.273681 0.272036 0.271406 0.271800 0.273243 0.275773 0.279453 0.284368 0.290636 0.298406 0.307879 0.319316 0.333068 0.349621 0.369667 0.394228 0.424869 0.464053 0.515739 0.586380 0.686464 0.832355 1.045739 1.338403 1.653929 1.803829 1.646794 1.324556 1.025987 0.807820 0.658479 0.556365 0.485080 0.433992 0.396427 0.368167 0.346484 0.329572 0.316200 0.305510 0.296891 0.289893 0.284185 0.279514 0.275685 0.272547 0.269977 0.267879 0.266173 0.264794 0.263687 0.262806 0.262111 0.261568 0.261149 0.260826 0.260577 0.260383 0.260226 0.260091 0.259966 0.259840 0.259706 0.259557 0.259389 0.259202 0.258995 0.258771 0.258534 0.258288 0.258041 0.257799 0.257570 0.257364 0.257187 0.257048 0.256956 0.256916 0.256937 0.257025 0.257184 0.257420 0.257738 0.258143 0.258638 0.259230 0.259924 0.260726 0.261644 0.262686 0.263862 0.265183 0.266659 0.268302 0.270121 0.272127 0.274325 0.276717 0.279299 0.282060 0.284981 0.288032 0.291173 0.294349 0.297495 0.300531 0.303367 0.305901 0.308027 0.309634 0.310611 0.310859 0.310292 0.308844 0.306477 0.303184 0.298994 0.293962 0.288176 0.281740 0.274776 0.267406 0.259751 0.251926 0.244029 0.236147 0.228350 0.220695
0.096182 0.098220 0.100329 0.102512 0.104773 0.107115 0.109543 0.112061 0.114675 0.117389 0.120209 0.123140 0.126190 0.129365 0.132671 0.136117 0.139710 0.143459 0.147373 0.151461 0.155733 0.160199 0.164869 0.169754 0.174864 0.180209 0.185798 0.191641 0.197745 0.204116 0.210759 0.217677 0.224868 0.232328 0.240050 0.248019 0.256214 0.264604 0.273147 0.281783 0.290436 0.299009 0.307386 0.315441 0.323044 0.330086 0.336492 0.342250 0.347415 0.352115 0.356527 0.360847 0.365238 0.369768 0.374352 0.378700 0.382302 0.384486 0.384548 0.381955 0.376528 0.368519 0.358544 0.347405 0.335895 0.324673 0.314208 0.304788 0.296561 0.289581 0.283839 0.279304 0.275930 0.273677 0.272514 0.272426 0.273415 0.275506 0.278745 0.283210 0.289009 0.296296 0.305278 0.316245 0.329600 0.345925 0.366078 0.391372 0.423879 0.466990 0.526461 0.612490 0.744035 0.958090 1.328801 1.990763 3.023710 3.711276 3.018647 1.980926 1.314745 0.940587 0.724001 0.590912 0.504312 0.445159 0.403117 0.372257 0.349008 0.331122 0.317127 0.306030 0.297138 0.289955 0.284118 0.279358 0.275466 0.272284 0.269685 0.267568 0.265852 0.264469 0.263364 0.262489 0.261805 0.261276 0.260872 0.260568 0.260340 0.260168 0.260035 0.259925 0.259825 0.259724 0.259612 0.259484 0.259334 0.259160 0.258959 0.258735 0.258488 0.258224 0.257948 0.257667 0.257390 0.257124 0.256879 0.256664 0.256488 0.256361 0.256291 0.256286 0.256356 0.256507 0.256748 0.257085 0.257527 0.258081 0.258756 0.259562 0.260508 0.261605 0.262866 0.264304 0.265931 0.267760 0.269803 0.272071 0.274572 0.277308 0.280277 0.283470 0.286869 0.290444 0.294156 0.297950 0.301757 0.305496 0.309067 0.312360 0.315251 0.317609 0.319302 0.320199 0.320184 0.319164 0.317076 0.313899 0.309653 0.304403 0.298252 0.291332 0.283793 0.275788 0.267470 0.258975 0.250423 0.241915 0.233530 0.225329
0.096211 0.098223 0.100302 0.102453 0.104678 0.106981 0.109365 0.111836 0.114398 0.117055 0.119812 0.122675 0.125649 0.128741 0.131956 0.135302 0.138785 0.142413 0.146194 0.150135 0.154246 0.158534 0.163008 0.167677 0.172550 0.177633 0.182936 0.188464 0.194223 0.200219 0.206453 0.212927 0.219638 0.226583 0.233752 0.241133 0.248706 0.256447 0.264320 0.272282 0.280279 0.288247 0.296116 0.303815 0.311286 0.318490 0.325428 0.332149 0.338763 0.345435 0.352373 0.359797 0.367886 0.376703 0.386099 0.395603 0.404348 0.411111 0.414533 0.413525 0.407694 0.397525 0.384202 0.369189 0.353829 0.339120 0.325681 0.313820 0.303631 0.295090 0.288108 0.282578 0.278396 0.275470 0.273732 0.273135 0.273658 0.275305 0.278108 0.282134 0.287484 0.294310 0.302828 0.313345 0.326305 0.342356 0.362477 0.388187 0.421929 0.467798 0.532999 0.631039 0.789393 1.070407 1.638125 3.017103 7.155581 14.053655 7.152022 3.010186 1.628234 1.058074 0.775256 0.615786 0.517317 0.452324 0.407209 0.374651 0.350428 0.331968 0.317630 0.306325 0.297307 0.290050 0.284173 0.279392 0.275495 0.272317 0.269731 0.267632 0.265939 0.264582 0.263507 0.262664 0.262014 0.261521 0.261156 0.260890 0.260702 0.260571 0.260477 0.260406 0.260343 0.260277 0.260197 0.260095 0.259966 0.259805 0.259610 0.259382 0.259121 0.258831 0.258518 0.258189 0.257852 0.257517 0.257193 0.256891 0.256623 0.256400 0.256233 0.256132 0.256109 0.256173 0.256336 0.256607 0.256997 0.257516 0.258178 0.258992 0.259973 0.261135 0.262493 0.264061 0.265857 0.267897 0.270194 0.272764 0.275617 0.278760 0.282193 0.285912 0.289901 0.294134 0.298572 0.303161 0.307830 0.312491 0.317035 0.321335 0.325247 0.328609 0.331252 0.333004 0.333703 0.333212 0.331434 0.328324 0.323901 0.318241 0.311480 0.303792 0.295376 0.286433 0.277157 0.267721 0.258268 0.248916 0.239754 0.230847
0.096262 0.098249 0.100302 0.102422 0.104614 0.106880 0.109225 0.111652 0.114165 0.116769 0.119468 0.122267 0.125171 0.128186 0.131318 0.134572 0.137954 0.141472 0.145132 0.148941 0.152906 0.157035 0.161334 0.165812 0.170476 0.175331 0.180385 0.185642 0.191108 0.196787 0.202679 0.208786 0.215106 0.221634 0.228365 0.235288 0.242388 0.249647 0.257041 0.264541 0.272114 0.279726 0.287343 0.294940 0.302510 0.310074 0.317692 0.325479 0.333607 0.342318 0.351907 0.362704 0.375021 0.389050 0.404711 0.421414 0.437821 0.451753 0.460514 0.461760 0.454580 0.439989 0.420436 0.398729 0.377160 0.357188 0.339526 0.324382 0.311682 0.301226 0.292778 0.286112 0.281031 0.277378 0.275031 0.273905 0.273952 0.275151 0.277521 0.281112 0.286018 0.292385 0.300431 0.310468 0.322955 0.338572 0.358349 0.383891 0.417791 0.464422 0.531570 0.634104 0.803249 1.113845 1.784388 3.700376 14.049099 14.047961 14.046661 3.695638 1.777616 1.105409 0.793593 0.623711 0.520923 0.453972 0.407930 0.374929 0.350507 0.331971 0.317623 0.306341 0.297364 0.290156 0.284331 0.279604 0.275762 0.272639 0.270108 0.268065 0.266428 0.265128 0.264111 0.263327 0.262736 0.262304 0.261998 0.261793 0.261665 0.261592 0.261556 0.261539 0.261527 0.261508 0.261469 0.261403 0.261300 0.261156 0.260967 0.260732 0.260452 0.260130 0.259772 0.259384 0.258976 0.258558 0.258142 0.257741 0.257368 0.257037 0.256762 0.256555 0.256431 0.256402 0.256482 0.256683 0.257019 0.257504 0.258152 0.258979 0.260000 0.261233 0.262697 0.264411 0.266395 0.268669 0.271254 0.274167 0.277426 0.281043 0.285026 0.289374 0.294079 0.299120 0.304461 0.310050 0.315815 0.321660 0.327467 0.333087 0.338348 0.343047 0.346964 0.349864 0.351518 0.351722 0.350323 0.347243 0.342493 0.336178 0.328482 0.319652 0.309961 0.299686 0.289080 0.278362 0.267709 0.257254 0.247095 0.237296
0.096337 0.098302 0.100329 0.102421 0.104582 0.106814 0.109122 0.111508 0.113976 0.116531 0.119177 0.121917 0.124757 0.127702 0.130757 0.133927 0.137218 0.140635 0.144186 0.147876 0.151711 0.155698 0.159843 0.164153 0.168634 0.173291 0.178131 0.183158 0.188376 0.193789 0.199398 0.205205 0.211210 0.217409 0.223799 0.230374 0.237124 0.244039 0.251106 0.258310 0.265638 0.273080 0.280632 0.288308 0.296143 0.304206 0.312615 0.321551 0.331271 0.342125 0.354568 0.369148 0.386479 0.407133 0.431408 0.458885 0.487771 0.514284 0.532863 0.538060 0.527572 0.503816 0.472357 0.438870 0.407252 0.379407 0.355860 0.336417 0.320597 0.307868 0.297743 0.289818 0.283768 0.279347 0.276370 0.274707 0.274273 0.275027 0.276963 0.280120 0.284579 0.290475 0.298016 0.307509 0.319402 0.334363 0.353396 0.378059 0.410843 0.455892 0.520465 0.618113 0.776339 1.057498 1.625623 3.005237 7.144537 14.043562 7.142956 3.002171 1.621255 1.052083 0.770186 0.611556 0.513842 0.449518 0.404989 0.372943 0.349163 0.331087 0.317082 0.306066 0.297302 0.290269 0.284593 0.279995 0.276268 0.273251 0.270818 0.268868 0.267322 0.266111 0.265180 0.264483 0.263978 0.263630 0.263409 0.263287 0.263240 0.263246 0.263286 0.263342 0.263398 0.263440 0.263455 0.263433 0.263364 0.263242 0.263061 0.262819 0.262517 0.262156 0.261742 0.261283 0.260789 0.260273 0.259749 0.259231 0.258737 0.258282 0.257883 0.257556 0.257318 0.257185 0.257173 0.257297 0.257573 0.258019 0.258652 0.259491 0.260554 0.261864 0.263442 0.265314 0.267503 0.270037 0.272942 0.276244 0.279967 0.284132 0.288756 0.293850 0.299412 0.305432 0.311880 0.318710 0.325851 0.333202 0.340633 0.347974 0.355016 0.361506 0.367151 0.371628 0.374604 0.375771 0.374882 0.371803 0.366532 0.359218 0.350133 0.339639 0.328130 0.315993 0.303569 0.291137 0.278912 0.267042 0.255627 0.244724
0.096437 0.098381 0.100385 0.102451 0.104584 0.106785 0.109058 0.111407 0.113834 0.116344 0.118940 0.121626 0.124408 0.127289 0.130274 0.133367 0.136575 0.139903 0.143355 0.146939 0.150658 0.154520 0.158529 0.162692 0.167015 0.171502 0.176160 0.180992 0.186002 0.191196 0.196575 0.202141 0.207896 0.213840 0.219972 0.226291 0.232793 0.239477 0.246340 0.253380 0.260602 0.268016 0.275646 0.283534 0.291751 0.300413 0.309690 0.319835 0.331206 0.344303 0.359807 0.378627 0.401924 0.431076 0.467445 0.511695 0.562300 0.613229 0.652573 0.666257 0.647667 0.603544 0.548093 0.493344 0.445444 0.406026 0.374523 0.349655 0.330116 0.314799 0.302837 0.293572 0.286517 0.281314 0.277704 0.275506 0.274598 0.274910 0.276419 0.279142 0.283145 0.288551 0.295547 0.304418 0.315582 0.329651 0.347541 0.370644 0.401133 0.442510 0.500647 0.585840 0.717110 0.931476 1.303055 1.966373 3.001061 3.690633 3.000157 1.964630 1.300597 0.928479 0.713782 0.582410 0.497343 0.439545 0.398688 0.368858 0.346499 0.329382 0.316053 0.305533 0.297146 0.290410 0.284974 0.280578 0.277026 0.274163 0.271871 0.270053 0.268631 0.267540 0.266727 0.266144 0.265752 0.265516 0.265404 0.265389 0.265447 0.265555 0.265693 0.265842 0.265985 0.266106 0.266190 0.266226 0.266202 0.266109 0.265941 0.265692 0.265363 0.264956 0.264475 0.263931 0.263335 0.262701 0.262047 0.261391 0.260753 0.260152 0.259609 0.259143 0.258773 0.258520 0.258401 0.258436 0.258643 0.259042 0.259654 0.260501 0.261605 0.262993 0.264693 0.266732 0.269145 0.271963 0.275222 0.278957 0.283204 0.287997 0.293364 0.299331 0.305910 0.313106 0.320901 0.329259 0.338115 0.347370 0.356884 0.366467 0.375870 0.384778 0.392804 0.399499 0.404369 0.406933 0.406790 0.403697 0.397633 0.388817 0.377673 0.364754 0.350652 0.335921 0.321026 0.306322 0.292059 0.278397 0.265422 0.253173
0.096564 0.098488 0.100470 0.102514 0.104620 0.106793 0.109035 0.111349 0.113739 0.116207 0.118758 0.121396 0.124124 0.126947 0.129868 0.132894 0.136027 0.139274 0.142639 0.146128 0.149745 0.153496 0.157388 0.161424 0.165611 0.169953 0.174456 0.179126 0.183965 0.188980 0.194174 0.199551 0.205113 0.210866 0.216811 0.222952 0.229293 0.235839 0.242597 0.249580 0.256806 0.264304 0.272118 0.280318 0.289005 0.298334 0.308527 0.319909 0.332949 0.348327 0.367021 0.390441 0.420612 0.460367 0.513441 0.583951 0.673959 0.776822 0.867152 0.903358 0.862365 0.767395 0.660184 0.566253 0.492369 0.436576 0.394846 0.363515 0.339797 0.321702 0.307834 0.297218 0.289168 0.283202 0.278980 0.276266 0.274900 0.274785 0.275873 0.278165 0.281708 0.286603 0.293015 0.301194 0.311506 0.324484 0.340904 0.361919 0.389260 0.425585 0.475054 0.544297 0.643922 0.790333 1.005171 1.300093 1.618496 1.771685 1.618146 1.299436 1.004289 0.789342 0.642957 0.543508 0.474587 0.425574 0.389815 0.363115 0.342775 0.327019 0.314643 0.304817 0.296950 0.290618 0.285507 0.281379 0.278055 0.275394 0.273284 0.271635 0.270372 0.269435 0.268769 0.268331 0.268081 0.267985 0.268010 0.268130 0.268320 0.268555 0.268816 0.269082 0.269334 0.269555 0.269728 0.269840 0.269874 0.269822 0.269672 0.269419 0.269060 0.268598 0.268038 0.267391 0.266670 0.265894 0.265083 0.264260 0.263449 0.262674 0.261959 0.261329 0.260805 0.260410 0.260166 0.260095 0.260219 0.260559 0.261140 0.261988 0.263129 0.264595 0.266417 0.268634 0.271283 0.274408 0.278054 0.282269 0.287104 0.292607 0.298828 0.305808 0.313586 0.322182 0.331605 0.341834 0.352821 0.364477 0.376660 0.389169 0.401718 0.413926 0.425288 0.435174 0.442849 0.447542 0.448567 0.445484 0.438221 0.427122 0.412879 0.396383 0.378548 0.360185 0.341929 0.324222 0.307340 0.291428 0.276541 0.262674
0.096717 0.098624 0.100588 0.102610 0.104693 0.106840 0.109053 0.111336 0.113691 0.116123 0.118633 0.121227 0.123906 0.126677 0.129542 0.132506 0.135573 0.138748 0.142035 0.145441 0.148968 0.152624 0.156413 0.160340 0.164411 0.168632 0.173007 0.177542 0.182243 0.187116 0.192165 0.197396 0.202817 0.208433 0.214251 0.220281 0.226532 0.233018 0.239755 0.246768 0.254087 0.261758 0.269844 0.278434 0.287657 0.297698 0.308828 0.321437 0.336104 0.353696 0.375525 0.403617 0.441153 0.493208 0.567896 0.677758 0.839326 1.061549 1.301460 1.415630 1.296503 1.051808 0.825145 0.659633 0.546462 0.469209 0.415419 0.377033 0.349006 0.328163 0.312465 0.300577 0.291603 0.284932 0.280145 0.276952 0.275158 0.274637 0.275320 0.277188 0.280270 0.284642 0.290441 0.297875 0.307248 0.318995 0.333736 0.352354 0.376119 0.406851 0.447164 0.500719 0.572350 0.667380 0.788422 0.926638 1.048548 1.099368 1.048671 0.926911 0.788895 0.668123 0.573446 0.502254 0.449221 0.409502 0.379415 0.356320 0.338362 0.324234 0.313011 0.304026 0.296793 0.290953 0.286236 0.282435 0.279389 0.276973 0.275084 0.273640 0.272571 0.271819 0.271335 0.271073 0.270997 0.271071 0.271264 0.271549 0.271900 0.272292 0.272705 0.273115 0.273504 0.273852 0.274139 0.274347 0.274460 0.274462 0.274341 0.274088 0.273698 0.273172 0.272517 0.271744 0.270871 0.269920 0.268918 0.267891 0.266870 0.265885 0.264964 0.264136 0.263428 0.262865 0.262472 0.262274 0.262294 0.262560 0.263096 0.263934 0.265104 0.266642 0.268588 0.270985 0.273882 0.277333 0.281397 0.286137 0.291623 0.297924 0.305115 0.313266 0.322443 0.332702 0.344081 0.356595 0.370223 0.384901 0.400505 0.416840 0.433604 0.450357 0.466467 0.481066 0.493044 0.501131 0.504115 0.501149 0.492045 0.477378 0.458346 0.436451 0.413156 0.389663 0.366823 0.345159 0.324933 0.306230 0.289026 0.273237
0.096900 0.098791 0.100737 0.102740 0.104802 0.106926 0.109114 0.111369 0.113693 0.116091 0.118565 0.121119 0.123756 0.126479 0.129294 0.132203 0.135211 0.138323 0.141542 0.144875 0.148325 0.151899 0.155600 0.159435 0.163409 0.167528 0.171798 0.176225 0.180816 0.185578 0.190517 0.195643 0.200964 0.206491 0.212235 0.218209 0.224432 0.230924 0.237711 0.244826 0.252315 0.260234 0.268664 0.277711 0.287524 0.298313 0.310382 0.324174 0.340359 0.359964 0.384614 0.416953 0.461440 0.525920 0.624899 0.786592 1.067452 1.569887 2.354563 2.876645 2.349098 1.559171 1.051902 0.766813 0.601653 0.500092 0.433997 0.388905 0.356973 0.333716 0.316442 0.303468 0.293705 0.286430 0.281151 0.277535 0.275353 0.274457 0.274758 0.276218 0.278845 0.282693 0.287866 0.294528 0.302918 0.313370 0.326349 0.342485 0.362635 0.387933 0.419831 0.460054 0.510295 0.571326 0.641032 0.711381 0.766616 0.788136 0.767163 0.712488 0.642726 0.573639 0.513267 0.463724 0.424230 0.393081 0.368536 0.349120 0.333670 0.321300 0.311342 0.303293 0.296772 0.291489 0.287220 0.283793 0.281067 0.278935 0.277304 0.276100 0.275259 0.274728 0.274458 0.274407 0.274538 0.274817 0.275212 0.275696 0.276242 0.276826 0.277423 0.278013 0.278572 0.279078 0.279510 0.279845 0.280062 0.280141 0.280064 0.279818 0.279396 0.278796 0.278026 0.277099 0.276039 0.274872 0.273632 0.272354 0.271076 0.269834 0.268662 0.267596 0.266665 0.265900 0.265328 0.264975 0.264869 0.265039 0.265513 0.266325 0.267511 0.269113 0.271176 0.273754 0.276905 0.280697 0.285206 0.290513 0.296712 0.303901 0.312186 0.321675 0.332478 0.344697 0.358421 0.373715 0.390610 0.409090 0.429080 0.450424 0.472852 0.495917 0.518889 0.540624 0.559454 0.573238 0.579720 0.577188 0.565159 0.544672 0.517950 0.487661 0.456217 0.425398 0.396293 0.369436 0.344978 0.322853 0.302883 0.284850
0.097112 0.098990 0.100921 0.102907 0.104950 0.107053 0.109218 0.111448 0.113746 0.116114 0.118555 0.121074 0.123672 0.126354 0.129124 0.131985 0.134942 0.137998 0.141159 0.144429 0.147813 0.151315 0.154943 0.158700 0.162594 0.166630 0.170816 0.175158 0.179664 0.184343 0.189205 0.194259 0.199518 0.204996 0.210710 0.216678 0.222925 0.229479 0.236375 0.243657 0.251382 0.259619 0.268461 0.278029 0.288486 0.300059 0.313067 0.327984 0.345526 0.366821 0.393701 0.429264 0.478993 0.553186 0.672791 0.885297 1.315561 2.362633 5.508356 10.752886 5.501970 2.350129 1.297468 0.862376 0.645995 0.523614 0.447826 0.397705 0.362922 0.337920 0.319503 0.305731 0.295376 0.287632 0.281960 0.277991 0.275475 0.274244 0.274193 0.275267 0.277456 0.280790 0.285343 0.291234 0.298641 0.307805 0.319052 0.332801 0.349582 0.370030 0.394848 0.424669 0.459763 0.499456 0.541271 0.580124 0.608599 0.619441 0.609544 0.582018 0.544118 0.503260 0.464528 0.430391 0.401516 0.377621 0.358056 0.342101 0.329098 0.318492 0.309832 0.302760 0.296993 0.292307 0.288526 0.285507 0.283137 0.281322 0.279983 0.279053 0.278476 0.278201 0.278182 0.278380 0.278756 0.279278 0.279914 0.280636 0.281416 0.282230 0.283053 0.283862 0.284632 0.285339 0.285956 0.286457 0.286813 0.286998 0.286988 0.286762 0.286309 0.285624 0.284715 0.283599 0.282304 0.280867 0.279330 0.277739 0.276141 0.274581 0.273104 0.271747 0.270548 0.269538 0.268749 0.268210 0.267949 0.267996 0.268385 0.269151 0.270336 0.271987 0.274157 0.276909 0.280315 0.284457 0.289430 0.295341 0.302311 0.310475 0.319980 0.330988 0.343666 0.358185 0.374708 0.393379 0.414312 0.437576 0.463185 0.491086 0.521131 0.552997 0.586006 0.618807 0.648985 0.672875 0.686061 0.684810 0.667875 0.637319 0.597620 0.553802 0.509927 0.468547 0.430887 0.397272 0.367534 0.341285 0.318073 0.297468
0.097355 0.099221 0.101139 0.103111 0.105138 0.107223 0.109368 0.111576 0.113850 0.116191 0.118604 0.121092 0.123657 0.126303 0.129033 0.131852 0.134764 0.137773 0.140883 0.144099 0.147427 0.150870 0.154436 0.158130 0.161959 0.165929 0.170049 0.174326 0.178770 0.183391 0.188201 0.193213 0.198443 0.203908 0.209630 0.215634 0.221950 0.228615 0.235674 0.243181 0.251204 0.259825 0.269149 0.279309 0.290478 0.302888 0.316861 0.332864 0.351606 0.374212 0.402546 0.439827 0.491889 0.570002 0.697929 0.932673 1.440545 2.895184 10.763121 10.759255 10.755276 2.879845 1.418395 0.904701 0.665375 0.534283 0.454511 0.402290 0.366265 0.340454 0.321466 0.307260 0.296551 0.288502 0.282551 0.278312 0.275523 0.274003 0.273637 0.274355 0.276132 0.278975 0.282930 0.288078 0.294541 0.302481 0.312111 0.323686 0.337503 0.353872 0.373056 0.395154 0.419899 0.446366 0.472656 0.495779 0.512080 0.518387 0.513420 0.498451 0.476647 0.451653 0.426453 0.402935 0.382013 0.363942 0.348610 0.335736 0.324994 0.316066 0.308672 0.302572 0.297568 0.293497 0.290224 0.287639 0.285651 0.284183 0.283167 0.282546 0.282269 0.282288 0.282560 0.283047 0.283712 0.284521 0.285442 0.286446 0.287507 0.288598 0.289694 0.290771 0.291803 0.292762 0.293618 0.294336 0.294881 0.295216 0.295306 0.295122 0.294643 0.293860 0.292782 0.291428 0.289837 0.288057 0.286144 0.284157 0.282159 0.280205 0.278350 0.276638 0.275113 0.273808 0.272758 0.271993 0.271541 0.271436 0.271712 0.272407 0.273567 0.275246 0.277506 0.280420 0.284073 0.288566 0.294015 0.300556 0.308347 0.317566 0.328417 0.341130 0.355953 0.373154 0.393006 0.415774 0.441700 0.470987 0.503799 0.540270 0.580525 0.624639 0.672405 0.722714 0.772466 0.815444 0.842534 0.844874 0.819015 0.769604 0.706622 0.640105 0.576876 0.520216 0.470968 0.428707 0.392522 0.361419 0.334497 0.311005
0.097630 0.099487 0.101394 0.103353 0.105367 0.107436 0.109564 0.111753 0.114006 0.116325 0.118713 0.121173 0.123709 0.126324 0.129021 0.131804 0.134678 0.137646 0.140713 0.143884 0.147165 0.150560 0.154075 0.157718 0.161496 0.165415 0.169485 0.173716 0.178117 0.182702 0.187484 0.192480 0.197707 0.203190 0.208953 0.215029 0.221454 0.228274 0.235544 0.243329 0.251710 0.260783 0.270667 0.281506 0.293483 0.306828 0.321848 0.338972 0.358838 0.382452 0.411490 0.448874 0.499919 0.574798 0.694410 0.906280 1.335371 2.380887 5.524839 10.767528 5.514815 2.361297 1.307121 0.870688 0.653140 0.529750 0.453092 0.402220 0.366781 0.341201 0.322265 0.308016 0.297210 0.289030 0.282920 0.278499 0.275503 0.273747 0.273107 0.273506 0.274903 0.277289 0.280685 0.285139 0.290726 0.297547 0.305726 0.315404 0.326722 0.339793 0.354651 0.371168 0.388940 0.407158 0.424516 0.439263 0.449495 0.453686 0.451242 0.442740 0.429692 0.413985 0.397357 0.381099 0.366007 0.352472 0.340609 0.330372 0.321636 0.314243 0.308036 0.302867 0.298608 0.295148 0.292390 0.290254 0.288668 0.287572 0.286909 0.286632 0.286692 0.287047 0.287656 0.288480 0.289482 0.290628 0.291885 0.293225 0.294619 0.296041 0.297467 0.298873 0.300230 0.301508 0.302672 0.303679 0.304482 0.305029 0.305272 0.305163 0.304671 0.303778 0.302490 0.300836 0.298865 0.296642 0.294244 0.291753 0.289247 0.286800 0.284475 0.282329 0.280407 0.278747 0.277383 0.276345 0.275663 0.275369 0.275497 0.276090 0.277198 0.278878 0.281203 0.284256 0.288139 0.292971 0.298896 0.306082 0.314730 0.325073 0.337386 0.351988 0.369240 0.389546 0.413340 0.441073 0.473185 0.510086 0.552159 0.599822 0.653670 0.714640 0.783953 0.862238 0.947053 1.028715 1.087599 1.100274 1.056112 0.967501 0.859563 0.753392 0.659655 0.581065 0.516463 0.463464 0.419661 0.383029 0.351988 0.325346
0.097939 0.099788 0.101686 0.103635 0.105637 0.107694 0.109807 0.111980 0.114216 0.116515 0.118882 0.121320 0.123831 0.126419 0.129088 0.131841 0.134682 0.137616 0.140647 0.143781 0.147023 0.150379 0.153855 0.157458 0.161196 0.165078 0.169114 0.173313 0.177690 0.182257 0.187032 0.192033 0.197283 0.202809 0.208642 0.214820 0.221389 0.228402 0.235927 0.244041 0.252841 0.262439 0.272972 0.284602 0.297523 0.311965 0.328215 0.346639 0.367747 0.392314 0.421620 0.457908 0.505247 0.571190 0.670123 0.830349 1.108581 1.607591 2.388420 2.906559 2.375212 1.581779 1.071373 0.783533 0.615993 0.512388 0.444540 0.397937 0.364692 0.340278 0.321967 0.308041 0.297381 0.289236 0.283086 0.278571 0.275434 0.273494 0.272626 0.272746 0.273803 0.275775 0.278662 0.282485 0.287285 0.293114 0.300036 0.308111 0.317386 0.327866 0.339477 0.352019 0.365104 0.378109 0.390164 0.400222 0.407233 0.410401 0.409419 0.404568 0.396620 0.386600 0.375535 0.364276 0.353430 0.343371 0.334290 0.326252 0.319243 0.313209 0.308078 0.303774 0.300221 0.297351 0.295102 0.293418 0.292249 0.291547 0.291268 0.291369 0.291809 0.292547 0.293544 0.294759 0.296156 0.297699 0.299353 0.301089 0.302879 0.304698 0.306522 0.308328 0.310089 0.311772 0.313336 0.314730 0.315889 0.316743 0.317217 0.317241 0.316760 0.315745 0.314197 0.312154 0.309685 0.306881 0.303851 0.300706 0.297551 0.294479 0.291571 0.288889 0.286485 0.284397 0.282658 0.281295 0.280336 0.279810 0.279753 0.280207 0.281225 0.282872 0.285228 0.288389 0.292472 0.297620 0.304004 0.311831 0.321352 0.332866 0.346738 0.363400 0.383365 0.407228 0.435665 0.469409 0.509217 0.555823 0.609921 0.672274 0.744085 0.827739 0.927655 1.050126 1.199372 1.365610 1.506774 1.552255 1.463194 1.280973 1.078794 0.901176 0.759681 0.650569 0.566494 0.500796 0.448423 0.405773 0.370331 0.340352
0.098282 0.100126 0.102018 0.103959 0.105951 0.107997 0.110099 0.112259 0.114480 0.116763 0.119113 0.121532 0.124022 0.126588 0.129233 0.131961 0.134776 0.137682 0.140685 0.143789 0.147000 0.150325 0.153771 0.157344 0.161054 0.164911 0.168924 0.173107 0.177473 0.182039 0.186824 0.191849 0.197142 0.202733 0.208660 0.214968 0.221709 0.228950 0.236769 0.245261 0.254540 0.264741 0.276028 0.288590 0.302645 0.318439 0.336246 0.356370 0.379162 0.405081 0.434844 0.469737 0.512191 0.566697 0.641135 0.748230 0.905046 1.121239 1.354546 1.462099 1.336731 1.086386 0.854749 0.684937 0.568089 0.487706 0.431251 0.390582 0.360581 0.338005 0.320757 0.307449 0.297138 0.289171 0.283088 0.278558 0.275344 0.273273 0.272222 0.272105 0.272866 0.274472 0.276907 0.280174 0.284285 0.289259 0.295119 0.301877 0.309523 0.318008 0.327221 0.336956 0.346889 0.356560 0.365391 0.372735 0.377982 0.380682 0.380659 0.378053 0.373277 0.366910 0.359567 0.351806 0.344066 0.336658 0.329778 0.323537 0.317982 0.313120 0.308939 0.305412 0.302508 0.300194 0.298436 0.297202 0.296459 0.296171 0.296305 0.296825 0.297692 0.298868 0.300313 0.301985 0.303845 0.305854 0.307978 0.310183 0.312443 0.314734 0.317037 0.319331 0.321594 0.323792 0.325882 0.327798 0.329457 0.330758 0.331588 0.331837 0.331415 0.330268 0.328392 0.325836 0.322701 0.319120 0.315249 0.311244 0.307247 0.303380 0.299740 0.296400 0.293411 0.290810 0.288625 0.286877 0.285588 0.284784 0.284497 0.284769 0.285655 0.287226 0.289569 0.292794 0.297035 0.302457 0.309264 0.317705 0.328087 0.340789 0.356279 0.375138 0.398076 0.425957 0.459809 0.500811 0.550248 0.609403 0.679450 0.761484 0.857133 0.970403 1.111206 1.299646 1.566151 1.930358 2.321779 2.493436 2.259568 1.809315 1.393629 1.087404 0.874606 0.725906 0.619005 0.539416 0.478060 0.429232 0.389298 0.355898
0.098662 0.100502 0.102389 0.104324 0.106310 0.108348 0.110441 0.112591 0.114800 0.117071 0.119406 0.121810 0.124284 0.126832 0.129458 0.132166 0.134959 0.137844 0.140823 0.143904 0.147093 0.150395 0.153818 0.157371 0.161063 0.164905 0.168908 0.173086 0.177455 0.182033 0.186842 0.191908 0.197261 0.202936 0.208976 0.215435 0.222374 0.229872 0.238020 0.246933 0.256750 0.267637 0.279794 0.293457 0.308894 0.326402 0.346284 0.368819 0.394220 0.422595 0.453972 0.488469 0.526687 0.570309 0.622600 0.688071 0.769867 0.862700 0.942424 0.968354 0.917957 0.814696 0.700351 0.600369 0.521390 0.461315 0.415974 0.381575 0.355219 0.334819 0.318895 0.306400 0.296584 0.288908 0.282977 0.278501 0.275266 0.273113 0.271924 0.271615 0.272126 0.273416 0.275461 0.278248 0.281771 0.286028 0.291014 0.296712 0.303087 0.310066 0.317532 0.325301 0.333118 0.340648 0.347500 0.353260 0.357552 0.360102 0.360795 0.359697 0.357032 0.353132 0.348373 0.343118 0.337675 0.332291 0.327141 0.322348 0.317989 0.314112 0.310743 0.307894 0.305569 0.303764 0.302471 0.301677 0.301364 0.301511 0.302091 0.303074 0.304424 0.306103 0.308068 0.310276 0.312683 0.315245 0.317924 0.320685 0.323503 0.326357 0.329233 0.332121 0.335006 0.337862 0.340643 0.343273 0.345642 0.347605 0.348989 0.349619 0.349344 0.348065 0.345766 0.342516 0.338465 0.333819 0.328808 0.323653 0.318553 0.313665 0.309104 0.304951 0.301254 0.298043 0.295333 0.293135 0.291460 0.290326 0.289758 0.289799 0.290503 0.291944 0.294220 0.297451 0.301791 0.307428 0.314598 0.323596 0.334791 0.348651 0.365768 0.386899 0.413009 0.445324 0.485388 0.535083 0.596608 0.672297 0.764267 0.873989 1.002598 1.153986 1.343830 1.617204 2.076724 2.910759 4.234874 5.103342 4.143658 2.732018 1.820074 1.300849 0.994335 0.800957 0.670679 0.577628 0.507747 0.453031 0.408730 0.371920
0.099079 0.100917 0.102802 0.104733 0.106715 0.108747 0.110834 0.112976 0.115177 0.117438 0.119763 0.122155 0.124616 0.127151 0.129762 0.132454 0.135232 0.138100 0.141063 0.144127 0.147299 0.150585 0.153994 0.157535 0.161217 0.165053 0.169055 0.173239 0.177622 0.182225 0.187071 0.192191 0.197616 0.203390 0.209560 0.216187 0.223344 0.231120 0.239627 0.249000 0.259408 0.271059 0.284208 0.299162 0.316282 0.335977 0.358670 0.384727 0.414339 0.447326 0.482951 0.519874 0.556500 0.591798 0.626128 0.661055 0.697359 0.731680 0.754283 0.752454 0.720220 0.664475 0.599304 0.536503 0.481950 0.437025 0.400933 0.372202 0.349364 0.331179 0.316668 0.305080 0.295845 0.288533 0.282817 0.278450 0.275242 0.273050 0.271766 0.271307 0.271613 0.272640 0.274357 0.276741 0.279776 0.283445 0.287728 0.292594 0.297997 0.303860 0.310074 0.316487 0.322900 0.329070 0.334726 0.339592 0.343420 0.346029 0.347333 0.347352 0.346200 0.344068 0.341182 0.337775 0.334062 0.330230 0.326431 0.322786 0.319389 0.316312 0.313611 0.311331 0.309502 0.308149 0.307284 0.306914 0.307034 0.307636 0.308699 0.310198 0.312098 0.314359 0.316935 0.319777 0.322834 0.326055 0.329396 0.332819 0.336298 0.339819 0.343379 0.346984 0.350638 0.354332 0.358030 0.361646 0.365039 0.367997 0.370259 0.371536 0.371567 0.370175 0.367317 0.363096 0.357751 0.351605 0.345010 0.338294 0.331728 0.325517 0.319795 0.314641 0.310094 0.306162 0.302841 0.300123 0.298001 0.296481 0.295579 0.295332 0.295794 0.297044 0.299185 0.302351 0.306712 0.312480 0.319926 0.329390 0.341307 0.356237 0.374912 0.398293 0.427655 0.464697 0.511680 0.571579 0.648182 0.745968 0.869425 1.021395 1.200960 1.405271 1.646206 1.994984 2.681293 4.426947 9.842111 18.937277 9.705737 4.155316 2.283308 1.497615 1.098736 0.866810 0.717644 0.613837 0.536914 0.477035 0.428651 0.388479
0.099535 0.101374 0.103257 0.105188 0.107167 0.109197 0.111280 0.113417 0.115612 0.117867 0.120185 0.122569 0.125021 0.127546 0.130147 0.132828 0.135594 0.138450 0.141402 0.144455 0.147616 0.150893 0.154295 0.157830 0.161511 0.165349 0.169359 0.173557 0.177964 0.182601 0.187495 0.192678 0.198189 0.204072 0.210384 0.217192 0.224580 0.232652 0.241537 0.251398 0.262440 0.274922 0.289175 0.305610 0.324742 0.347186 0.373642 0.404801 0.441139 0.482498 0.527451 0.572706 0.613278 0.644254 0.663539 0.672966 0.676094 0.674620 0.666725 0.648765 0.618898 0.579306 0.535044 0.491236 0.451273 0.416634 0.387500 0.363399 0.343631 0.327488 0.314342 0.303669 0.295046 0.288137 0.282677 0.278458 0.275316 0.273123 0.271781 0.271212 0.271358 0.272173 0.273621 0.275677 0.278316 0.281516 0.285248 0.289479 0.294157 0.299214 0.304555 0.310058 0.315571 0.320914 0.325895 0.330320 0.334015 0.336847 0.338739 0.339678 0.339712 0.338938 0.337482 0.335491 0.333109 0.330477 0.327725 0.324968 0.322313 0.319853 0.317671 0.315836 0.314408 0.313436 0.312954 0.312984 0.313540 0.314619 0.316209 0.318288 0.320820 0.323763 0.327063 0.330664 0.334501 0.338515 0.342651 0.346864 0.351128 0.355437 0.359807 0.364271 0.368869 0.373630 0.378544 0.383533 0.388420 0.392908 0.396584 0.398970 0.399606 0.398163 0.394542 0.388909 0.381664 0.373339 0.364492 0.355612 0.347078 0.339143 0.331954 0.325574 0.320010 0.315237 0.311216 0.307906 0.305277 0.303313 0.302018 0.301421 0.301574 0.302557 0.304482 0.307493 0.311778 0.317572 0.325177 0.334976 0.347470 0.363314 0.383381 0.408853 0.441358 0.483165 0.537480 0.608860 0.703735 0.830858 1.000953 1.223497 1.497250 1.797581 2.093208 2.443178 3.178403 5.548629 19.150914 19.032622 18.945685 5.126725 2.532818 1.605717 1.164342 0.915326 0.757241 0.647463 0.565733 0.501616 0.449413 0.405833
0.100032 0.101873 0.103758 0.105689 0.107669 0.109698 0.111780 0.113915 0.116108 0.118359 0.120673 0.123052 0.125499 0.128018 0.130612 0.133287 0.136046 0.138896 0.141841 0.144888 0.148044 0.151318 0.154718 0.158255 0.161940 0.165788 0.169813 0.174034 0.178471 0.183150 0.188100 0.193356 0.198959 0.204960 0.211421 0.218418 0.226045 0.234420 0.243694 0.254057 0.265757 0.279115 0.294555 0.312631 0.334078 0.359853 0.391171 0.429470 0.476195 0.532134 0.595944 0.661871 0.718361 0.751613 0.754884 0.734056 0.701604 0.667055 0.633662 0.600624 0.566422 0.530783 0.494847 0.460314 0.428610 0.400529 0.376286 0.355710 0.338440 0.324054 0.312139 0.302327 0.294304 0.287808 0.282624 0.278579 0.275532 0.273371 0.272006 0.271365 0.271392 0.272042 0.273280 0.275076 0.277404 0.280240 0.283554 0.287313 0.291471 0.295969 0.300730 0.305659 0.310639 0.315538 0.320215 0.324525 0.328338 0.331543 0.334061 0.335853 0.336914 0.337273 0.336987 0.336133 0.334805 0.333105 0.331147 0.329047 0.326923 0.324890 0.323060 0.321531 0.320392 0.319715 0.319558 0.319961 0.320950 0.322533 0.324704 0.327442 0.330711 0.334462 0.338633 0.343151 0.347940 0.352920 0.358021 0.363185 0.368383 0.373620 0.378937 0.384414 0.390154 0.396259 0.402786 0.409699 0.416800 0.423676 0.429687 0.434014 0.435822 0.434478 0.429767 0.421979 0.411824 0.400223 0.388087 0.376156 0.364946 0.354758 0.345720 0.337847 0.331086 0.325348 0.320539 0.316571 0.313376 0.310910 0.309160 0.308143 0.307907 0.308536 0.310147 0.312896 0.316985 0.322673 0.330287 0.340252 0.353124 0.369646 0.390823 0.418057 0.453332 0.499542 0.560999 0.644313 0.759827 0.923915 1.161900 1.508266 1.988339 2.544979 2.963825 3.139576 3.478630 4.929212 10.155901 19.142981 9.851997 4.269641 2.380793 1.586089 1.181637 0.944926 0.790350 0.680034 0.595676 0.527940 0.471829 0.424491
0.100571 0.102416 0.104305 0.106239 0.108222 0.110253 0.112336 0.114472 0.116665 0.118916 0.121229 0.123606 0.126051 0.128568 0.131160 0.133832 0.136588 0.139435 0.142379 0.145425 0.148581 0.151857 0.155261 0.158805 0.162501 0.166364 0.170411 0.174661 0.179136 0.183864 0.188875 0.194209 0.199910 0.206034 0.212649 0.219837 0.227704 0.236383 0.246043 0.256906 0.269263 0.283504 0.300159 0.319959 0.343927 0.373506 0.410734 0.458446 0.520354 0.600544 0.701072 0.815424 0.918624 0.969672 0.945551 0.868400 0.778172 0.698582 0.634825 0.583838 0.541235 0.503883 0.470222 0.439757 0.412456 0.388353 0.367384 0.349363 0.334027 0.321079 0.310221 0.301182 0.293719 0.287624 0.282723 0.278867 0.275938 0.273834 0.272476 0.271797 0.271744 0.272275 0.273354 0.274953 0.277047 0.279611 0.282621 0.286046 0.289851 0.293988 0.298399 0.303013 0.307742 0.312489 0.317148 0.321606 0.325755 0.329493 0.332733 0.335404 0.337456 0.338860 0.339612 0.339730 0.339265 0.338290 0.336907 0.335239 0.333426 0.331613 0.329944 0.328556 0.327567 0.327081 0.327177 0.327915 0.329335 0.331454 0.334272 0.337770 0.341908 0.346630 0.351859 0.357507 0.363472 0.369648 0.375936 0.382258 0.388574 0.394896 0.401305 0.407950 0.415040 0.422809 0.431460 0.441072 0.451486 0.462171 0.472132 0.479953 0.484052 0.483155 0.476792 0.465511 0.450671 0.433950 0.416875 0.400568 0.385697 0.372561 0.361210 0.351546 0.343400 0.336582 0.330910 0.326228 0.322416 0.319393 0.317122 0.315607 0.314892 0.315061 0.316241 0.318598 0.322350 0.327771 0.335214 0.345133 0.358131 0.375017 0.396906 0.425380 0.462742 0.512457 0.579937 0.674006 0.809781 1.014615 1.340842 1.891919 2.854815 4.349348 5.447732 4.822420 3.949077 3.959928 4.854925 5.502652 4.428473 2.957787 2.016099 1.481859 1.166248 0.964289 0.823120 0.716147 0.630054 0.558226 0.497270 0.445227
0.101154 0.103005 0.104900 0.106840 0.108827 0.110863 0.112950 0.115090 0.117286 0.119539 0.121854 0.124233 0.126680 0.129198 0.131791 0.134464 0.137222 0.140071 0.143016 0.146066 0.149227 0.152510 0.155923 0.159479 0.163192 0.167075 0.171149 0.175432 0.179951 0.184732 0.189810 0.195226 0.201029 0.207278 0.214047 0.221425 0.229528 0.238501 0.248533 0.259873 0.272855 0.287937 0.305761 0.327246 0.353746 0.387303 0.431081 0.490084 0.572278 0.689951 0.859276 1.088942 1.336612 1.461232 1.356847 1.128688 0.917039 0.763427 0.658416 0.585305 0.531670 0.489851 0.455523 0.426383 0.401240 0.379447 0.360597 0.344371 0.330485 0.318675 0.308697 0.300328 0.293371 0.287654 0.283030 0.279373 0.276578 0.274554 0.273230 0.272544 0.272447 0.272898 0.273866 0.275323 0.277248 0.279621 0.282422 0.285629 0.289218 0.293155 0.297401 0.301908 0.306613 0.311447 0.316330 0.321171 0.325874 0.330336 0.334453 0.338120 0.341236 0.343711 0.345477 0.346495 0.346768 0.346346 0.345329 0.343858 0.342106 0.340265 0.338526 0.337071 0.336060 0.335630 0.335888 0.336912 0.338758 0.341453 0.345002 0.349387 0.354564 0.360468 0.367006 0.374065 0.381509 0.389192 0.396971 0.404728 0.412394 0.419985 0.427625 0.435568 0.444190 0.453957 0.465349 0.478730 0.494137 0.510999 0.527843 0.542183 0.550897 0.551254 0.542170 0.524804 0.501974 0.476907 0.452223 0.429555 0.409660 0.392699 0.378497 0.366729 0.357027 0.349039 0.342455 0.337026 0.332560 0.328930 0.326070 0.323967 0.322663 0.322248 0.322856 0.324667 0.327912 0.332880 0.339940 0.349568 0.362391 0.379259 0.401355 0.430376 0.468832 0.520588 0.591866 0.693248 0.844015 1.082507 1.494195 2.301061 4.206705 9.812139 19.131773 10.156350 4.946414 3.517834 3.203756 3.055668 2.666931 2.141635 1.691806 1.371200 1.150434 0.991526 0.867786 0.764359 0.674558 0.595966 0.527694 0.469025
0.101782 0.103642 0.105545 0.107493 0.109488 0.111531 0.113624 0.115770 0.117972 0.120231 0.122551 0.124935 0.127387 0.129909 0.132507 0.135185 0.137949 0.140803 0.143755 0.146812 0.149983 0.153276 0.156703 0.160276 0.164009 0.167918 0.172023 0.176345 0.180910 0.185749 0.190897 0.196398 0.202304 0.208678 0.215598 0.223161 0.231489 0.240739 0.251116 0.262892 0.276438 0.292269 0.311126 0.334101 0.362865 0.400075 0.450146 0.520785 0.626196 0.793998 1.079486 1.583026 2.363948 2.887101 2.379489 1.613557 1.123903 0.850666 0.693023 0.595380 0.530041 0.482973 0.446852 0.417765 0.393582 0.373103 0.355608 0.340627 0.327812 0.316889 0.307628 0.299830 0.293322 0.287955 0.283600 0.280146 0.277497 0.275573 0.274307 0.273642 0.273533 0.273942 0.274840 0.276205 0.278018 0.280266 0.282937 0.286021 0.289505 0.293374 0.297608 0.302180 0.307054 0.312186 0.317517 0.322976 0.328473 0.333900 0.339127 0.344006 0.348374 0.352066 0.354934 0.356864 0.357808 0.357788 0.356912 0.355358 0.353357 0.351170 0.349059 0.347268 0.346012 0.345465 0.345765 0.347013 0.349277 0.352597 0.356981 0.362414 0.368850 0.376212 0.384391 0.393241 0.402582 0.412209 0.421906 0.431483 0.440811 0.449887 0.458880 0.468184 0.478427 0.490458 0.505266 0.523814 0.546727 0.573750 0.602958 0.630041 0.648548 0.652119 0.638038 0.609081 0.571686 0.532413 0.495729 0.463765 0.437032 0.415192 0.397567 0.383411 0.372034 0.362841 0.355347 0.349173 0.344040 0.339761 0.336235 0.333439 0.331414 0.330259 0.330123 0.331203 0.333742 0.338042 0.344481 0.353540 0.365853 0.382275 0.404003 0.432754 0.471090 0.522988 0.594918 0.698069 0.853296 1.103557 1.550349 2.487031 5.095437 18.943038 19.047362 19.185650 5.592389 3.245915 2.540303 2.225402 1.970384 1.715351 1.488715 1.309326 1.170025 1.053139 0.944460 0.838812 0.738054 0.646091 0.565518 0.496895
0.102458 0.104329 0.106243 0.108201 0.110205 0.112258 0.114361 0.116516 0.118726 0.120994 0.123322 0.125715 0.128174 0.130705 0.133311 0.135997 0.138770 0.141634 0.144596 0.147665 0.150849 0.154157 0.157601 0.161195 0.164952 0.168891 0.173031 0.177394 0.182010 0.186909 0.192129 0.197716 0.203726 0.210223 0.217290 0.225029 0.233568 0.243073 0.253759 0.265915 0.279936 0.296378 0.316047 0.340159 0.370616 0.410545 0.465376 0.545219 0.670573 0.887929 1.319666 2.357293 5.455279 10.613460 5.467490 2.381313 1.354698 0.932818 0.723872 0.605296 0.530550 0.479233 0.441460 0.412105 0.388374 0.368681 0.352081 0.337975 0.325955 0.315722 0.307044 0.299730 0.293619 0.288575 0.284479 0.281230 0.278740 0.276935 0.275750 0.275134 0.275042 0.275442 0.276307 0.277619 0.279367 0.281545 0.284151 0.287187 0.290658 0.294566 0.298915 0.303701 0.308916 0.314544 0.320550 0.326881 0.333458 0.340163 0.346836 0.353275 0.359231 0.364437 0.368628 0.371587 0.373185 0.373415 0.372404 0.370398 0.367727 0.364761 0.361868 0.359379 0.357577 0.356686 0.356874 0.358263 0.360935 0.364938 0.370289 0.376976 0.384953 0.394136 0.404399 0.415561 0.427384 0.439578 0.451817 0.463781 0.475221 0.486060 0.496491 0.507079 0.518819 0.533156 0.551941 0.577304 0.611306 0.655103 0.707171 0.760617 0.801583 0.813609 0.788912 0.735299 0.669280 0.604811 0.548963 0.503523 0.467694 0.439839 0.418277 0.401555 0.388493 0.378159 0.369833 0.362973 0.357189 0.352227 0.347951 0.344328 0.341411 0.339318 0.338223 0.338345 0.339943 0.343330 0.348884 0.357078 0.368527 0.384059 0.404818 0.432448 0.469385 0.519382 0.588497 0.687060 0.833947 1.066836 1.470078 2.263708 4.147844 9.717166 18.974519 9.890298 4.494120 2.776635 2.126654 1.823604 1.639515 1.503965 1.402642 1.329251 1.266800 1.191316 1.088348 0.963434 0.833973 0.714931 0.613198 0.529488
0.103185 0.105069 0.106995 0.108966 0.110983 0.113048 0.115162 0.117329 0.119551 0.121831 0.124170 0.126574 0.129045 0.131587 0.134205 0.136903 0.139688 0.142565 0.145542 0.148626 0.151826 0.155153 0.158619 0.162237 0.166022 0.169993 0.174171 0.178580 0.183248 0.188209 0.193503 0.199177 0.205288 0.211905 0.219114 0.227020 0.235754 0.245488 0.256443 0.268915 0.283308 0.300193 0.320401 0.345186 0.376530 0.417727 0.474592 0.558196 0.691783 0.931122 1.439205 2.877010 10.610762 10.616136 10.620580 2.896356 1.467511 0.967576 0.735377 0.607802 0.529046 0.475925 0.437501 0.408151 0.384798 0.365675 0.349719 0.336257 0.324842 0.315154 0.306955 0.300054 0.294297 0.289553 0.285711 0.282672 0.280355 0.278687 0.277608 0.277066 0.277020 0.277440 0.278303 0.279596 0.281316 0.283465 0.286055 0.289103 0.292631 0.296666 0.301234 0.306365 0.312081 0.318400 0.325320 0.332816 0.340824 0.349224 0.357826 0.366353 0.374447 0.381683 0.387617 0.391862 0.394163 0.394464 0.392935 0.389943 0.385988 0.381619 0.377363 0.373677 0.370927 0.369389 0.369264 0.370688 0.373752 0.378512 0.384993 0.393191 0.403071 0.414550 0.427490 0.441680 0.456816 0.472493 0.488217 0.503447 0.517701 0.530709 0.542616 0.554169 0.566863 0.583022 0.605862 0.639558 0.689220 0.760222 0.855337 0.966985 1.065539 1.102324 1.050266 0.936391 0.809359 0.698864 0.612666 0.548321 0.500955 0.466107 0.440328 0.421079 0.406508 0.395247 0.386284 0.378875 0.372500 0.366828 0.361692 0.357064 0.353024 0.349730 0.347398 0.346279 0.346656 0.348850 0.353231 0.360252 0.370486 0.384694 0.403919 0.429639 0.464009 0.510285 0.573567 0.662198 0.790537 0.984695 1.294909 1.820969 2.743202 4.168944 5.146042 4.297706 2.999101 2.198872 1.784246 1.570808 1.461326 1.416723 1.424265 1.469994 1.514695 1.494590 1.372959 1.182100 0.982150 0.809320 0.672133 0.566395
0.103964 0.105863 0.107805 0.109791 0.111823 0.113902 0.116032 0.118213 0.120450 0.122744 0.125098 0.127516 0.130001 0.132558 0.135191 0.137905 0.140706 0.143600 0.146594 0.149697 0.152918 0.156267 0.159758 0.163403 0.167220 0.171226 0.175444 0.179900 0.184623 0.189647 0.195015 0.200775 0.206987 0.213722 0.221067 0.229129 0.238044 0.247982 0.259167 0.271892 0.286556 0.303718 0.324180 0.349149 0.380508 0.421349 0.477054 0.557665 0.683592 0.901224 1.332829 2.369817 5.466587 10.622963 5.474655 2.385748 1.356222 0.931510 0.720069 0.599548 0.523534 0.471651 0.433942 0.405149 0.382323 0.363727 0.348295 0.335341 0.324404 0.315158 0.307359 0.300820 0.295385 0.290927 0.287337 0.284520 0.282393 0.280885 0.279936 0.279496 0.279523 0.279990 0.280877 0.282178 0.283896 0.286046 0.288653 0.291753 0.295390 0.299617 0.304492 0.310081 0.316448 0.323655 0.331749 0.340751 0.350633 0.361289 0.372505 0.383923 0.395026 0.405156 0.413574 0.419596 0.422740 0.422866 0.420227 0.415416 0.409234 0.402527 0.396067 0.390480 0.386233 0.383653 0.382954 0.384278 0.387713 0.393319 0.401131 0.411165 0.423406 0.437795 0.454205 0.472412 0.492050 0.512580 0.533262 0.553195 0.571445 0.587312 0.600703 0.612505 0.624865 0.641349 0.667149 0.709615 0.779382 0.891901 1.066950 1.315174 1.586327 1.712567 1.567950 1.278242 1.011153 0.816904 0.684998 0.596042 0.535276 0.493061 0.463261 0.441891 0.426269 0.414514 0.405271 0.397563 0.390712 0.384304 0.378153 0.372260 0.366767 0.361907 0.357965 0.355244 0.354059 0.354737 0.357636 0.363169 0.371850 0.384343 0.401548 0.424713 0.455617 0.496855 0.552313 0.627943 0.733066 0.882391 1.098440 1.410792 1.835799 2.298952 2.549782 2.400132 2.037812 1.712995 1.500924 1.389451 1.360168 1.411590 1.558387 1.809792 2.099782 2.212645 1.986249 1.580282 1.208086 0.932877 0.740383 0.605132
0.104798 0.106715 0.108675 0.110678 0.112728 0.114825 0.116972 0.119171 0.121425 0.123736 0.126108 0.128544 0.131048 0.133623 0.136275 0.139008 0.141828 0.144742 0.147758 0.150883 0.154127 0.157502 0.161020 0.164696 0.168547 0.172591 0.176852 0.181357 0.186135 0.191224 0.196666 0.202513 0.208824 0.215673 0.223148 0.231359 0.240441 0.250564 0.261947 0.274874 0.289727 0.307027 0.327511 0.352256 0.382897 0.422028 0.473966 0.546277 0.652980 0.821471 1.106800 1.609101 2.387535 2.906897 2.394300 1.622488 1.126530 0.847149 0.684120 0.582338 0.514389 0.466274 0.430484 0.402783 0.380675 0.362626 0.347659 0.335128 0.324584 0.315706 0.308254 0.302039 0.296908 0.292732 0.289402 0.286822 0.284910 0.283591 0.282803 0.282494 0.282623 0.283162 0.284095 0.285422 0.287154 0.289319 0.291960 0.295133 0.298909 0.303371 0.308618 0.314759 0.321915 0.330210 0.339763 0.350671 0.362982 0.376643 0.391449 0.406966 0.422474 0.436950 0.449158 0.457864 0.462152 0.461713 0.456971 0.448959 0.439028 0.428535 0.418623 0.410141 0.403657 0.399516 0.397917 0.398974 0.402756 0.409317 0.418707 0.430973 0.446150 0.464236 0.485164 0.508745 0.534599 0.562056 0.590064 0.617146 0.641534 0.661592 0.676540 0.687235 0.696689 0.710218 0.735660 0.784548 0.875570 1.042754 1.352577 1.924862 2.830381 3.431757 2.808355 1.880415 1.284975 0.951050 0.758838 0.642248 0.568158 0.519410 0.486545 0.463975 0.448143 0.436631 0.427701 0.420097 0.412955 0.405769 0.398356 0.390797 0.383357 0.376404 0.370335 0.365536 0.362363 0.361149 0.362228 0.365960 0.372777 0.383226 0.398035 0.418192 0.445066 0.480569 0.527395 0.589339 0.671656 0.781216 0.925608 1.108871 1.319842 1.514578 1.620760 1.598470 1.489016 1.367020 1.281236 1.253151 1.300158 1.458040 1.806643 2.496547 3.617077 4.352589 3.525346 2.311657 1.525644 1.076039 0.809188 0.640204
0.105690 0.107627 0.109607 0.111631 0.113701 0.115819 0.117986 0.120206 0.122481 0.124813 0.127206 0.129663 0.132188 0.134785 0.137459 0.140214 0.143058 0.145996 0.149036 0.152187 0.155459 0.158863 0.162411 0.166120 0.170007 0.174092 0.178398 0.182952 0.187788 0.192942 0.198458 0.204390 0.210798 0.217759 0.225361 0.233716 0.242957 0.253252 0.264814 0.277915 0.292907 0.310264 0.330631 0.354911 0.384415 0.421101 0.467987 0.529862 0.614393 0.733485 0.902878 1.130823 1.374636 1.493104 1.380408 1.142270 0.919810 0.755636 0.641434 0.561429 0.503704 0.460605 0.427383 0.401072 0.379784 0.362281 0.347731 0.335556 0.325341 0.316780 0.309637 0.303724 0.298890 0.295003 0.291952 0.289638 0.287974 0.286880 0.286291 0.286150 0.286412 0.287049 0.288046 0.289408 0.291158 0.293338 0.296009 0.299253 0.303171 0.307886 0.313543 0.320307 0.328370 0.337945 0.349257 0.362531 0.377953 0.395609 0.415387 0.436834 0.458998 0.480317 0.498682 0.511798 0.517842 0.516148 0.507503 0.493852 0.477614 0.461029 0.445797 0.433018 0.423305 0.416947 0.414051 0.414648 0.418753 0.426402 0.437663 0.452641 0.471458 0.494235 0.521046 0.551846 0.586365 0.623916 0.663134 0.701712 0.736365 0.763438 0.780371 0.787521 0.789206 0.793478 0.811658 0.859754 0.964765 1.183408 1.661957 2.866785 6.530170 12.651717 6.503939 2.813592 1.580383 1.071468 0.820170 0.680412 0.596523 0.543771 0.509747 0.487525 0.472818 0.462697 0.455010 0.448149 0.440999 0.432945 0.423848 0.413965 0.403801 0.393959 0.385026 0.377504 0.371803 0.368253 0.367143 0.368761 0.373436 0.381581 0.393739 0.410635 0.433247 0.462876 0.501231 0.550488 0.613226 0.692034 0.788325 0.899722 1.016032 1.116862 1.178171 1.189302 1.163705 1.129540 1.114704 1.144299 1.252045 1.508210 2.098099 3.617260 8.280692 16.087968 8.206026 3.467126 1.870826 1.201072 0.860919 0.663414
0.106642 0.108603 0.110606 0.112654 0.114747 0.116888 0.119079 0.121323 0.123621 0.125978 0.128395 0.130877 0.133427 0.136049 0.138749 0.141531 0.144401 0.147367 0.150435 0.153616 0.156918 0.160353 0.163936 0.167681 0.171606 0.175733 0.180085 0.184691 0.189584 0.194803 0.200394 0.206410 0.212915 0.219986 0.227714 0.236209 0.245607 0.256072 0.267810 0.281078 0.296204 0.313608 0.333841 0.357633 0.385969 0.420200 0.462187 0.514472 0.580334 0.663268 0.764605 0.877051 0.974944 1.016882 0.979937 0.886975 0.779338 0.682639 0.604136 0.542473 0.494150 0.455899 0.425205 0.400244 0.379716 0.362686 0.348477 0.336591 0.326649 0.318363 0.311505 0.305887 0.301357 0.297781 0.295041 0.293035 0.291666 0.290850 0.290509 0.290580 0.291013 0.291775 0.292851 0.294251 0.296008 0.298182 0.300856 0.304141 0.308176 0.313127 0.319195 0.326617 0.335675 0.346699 0.360068 0.376207 0.395550 0.418472 0.445143 0.475282 0.507791 0.540374 0.569388 0.590372 0.599466 0.595153 0.579077 0.555227 0.528200 0.501782 0.478425 0.459396 0.445171 0.435797 0.431148 0.431077 0.435491 0.444388 0.457866 0.476119 0.499424 0.528115 0.562547 0.603023 0.649659 0.702102 0.758980 0.817051 0.870421 0.910995 0.931546 0.930585 0.915057 0.898407 0.897151 0.931109 1.031325 1.265318 1.827126 3.503465 12.685427 12.667850 12.654490 3.440367 1.729410 1.129335 0.852410 0.704126 0.617715 0.565136 0.532771 0.513120 0.501483 0.494498 0.489517 0.484421 0.477696 0.468564 0.457019 0.443683 0.429522 0.415559 0.402679 0.391548 0.382623 0.376204 0.372500 0.371694 0.373986 0.379637 0.389000 0.402558 0.420943 0.444966 0.475611 0.513985 0.561149 0.617719 0.683109 0.754390 0.825251 0.886414 0.929060 0.950375 0.956782 0.962156 0.984503 1.046982 1.188217 1.494423 2.214265 4.354670 16.089399 16.057171 16.028235 4.231961 2.029237 1.245891 0.874627 0.666692
0.107660 0.109646 0.111676 0.113749 0.115869 0.118036 0.120254 0.122525 0.124851 0.127235 0.129680 0.132191 0.134769 0.137421 0.140150 0.142963 0.145864 0.148861 0.151961 0.155175 0.158511 0.161981 0.165600 0.169384 0.173350 0.177520 0.181920 0.186578 0.191530 0.196814 0.202478 0.208578 0.215179 0.222360 0.230213 0.238851 0.248408 0.259050 0.270976 0.284434 0.299731 0.317246 0.337454 0.360944 0.388446 0.420848 0.459182 0.504541 0.557788 0.618840 0.685190 0.749718 0.799533 0.819888 0.803891 0.758399 0.698127 0.635939 0.578936 0.529612 0.488051 0.453398 0.424581 0.400596 0.380590 0.363871 0.349890 0.338211 0.328488 0.320445 0.313858 0.308541 0.304337 0.301109 0.298732 0.297093 0.296088 0.295618 0.295594 0.295939 0.296592 0.297510 0.298677 0.300108 0.301846 0.303969 0.306589 0.309851 0.313936 0.319065 0.325501 0.333567 0.343655 0.356245 0.371930 0.391430 0.415588 0.445323 0.481470 0.524409 0.573354 0.625291 0.673988 0.710333 0.725422 0.715475 0.684407 0.641259 0.595291 0.552891 0.517248 0.489345 0.469031 0.455737 0.448857 0.447921 0.452655 0.462994 0.479081 0.501255 0.530033 0.566105 0.610313 0.663632 0.727097 0.801538 0.886740 0.979431 1.069960 1.140319 1.170010 1.151204 1.098111 1.038031 0.997276 0.998124 1.067865 1.261120 1.721711 2.913956 6.568614 12.684232 6.532614 2.840057 1.605993 1.097433 0.847656 0.710620 0.630731 0.583342 0.556077 0.541882 0.536064 0.534892 0.535012 0.533417 0.527822 0.517144 0.501692 0.482865 0.462541 0.442490 0.424054 0.408085 0.395040 0.385116 0.378378 0.374843 0.374548 0.377580 0.384105 0.394380 0.408757 0.427676 0.451630 0.481087 0.516338 0.557231 0.602787 0.650803 0.697728 0.739291 0.772158 0.796042 0.815040 0.837618 0.876468 0.950678 1.093948 1.378532 1.991633 3.530060 8.209552 16.030147 8.159145 3.429144 1.840022 1.176022 0.840469 0.646637
0.108745 0.110761 0.112819 0.114922 0.117071 0.119268 0.121517 0.123818 0.126175 0.128590 0.131067 0.133610 0.136222 0.138907 0.141670 0.144517 0.147453 0.150485 0.153622 0.156872 0.160246 0.163755 0.167413 0.171238 0.175247 0.179463 0.183911 0.188623 0.193632 0.198981 0.204719 0.210902 0.217598 0.224888 0.232868 0.241652 0.251377 0.262209 0.274349 0.288042 0.303585 0.321336 0.341730 0.365278 0.392563 0.424211 0.460799 0.502679 0.549628 0.600281 0.651394 0.697300 0.730425 0.743722 0.734238 0.704916 0.662792 0.615432 0.568498 0.525233 0.487006 0.454049 0.426026 0.402381 0.382513 0.365867 0.351962 0.340395 0.330836 0.323011 0.316695 0.311699 0.307862 0.305039 0.303097 0.301913 0.301366 0.301341 0.301729 0.302433 0.303371 0.304488 0.305760 0.307202 0.308872 0.310870 0.313341 0.316472 0.320493 0.325685 0.332388 0.341016 0.352091 0.366278 0.384442 0.407711 0.437549 0.475810 0.524674 0.586281 0.661628 0.748149 0.835962 0.905649 0.934286 0.911084 0.846974 0.765028 0.684821 0.616407 0.562547 0.522471 0.494305 0.476186 0.466651 0.464707 0.469812 0.481821 0.500948 0.527752 0.563119 0.608282 0.664858 0.734954 0.821360 0.927760 1.058301 1.214437 1.385132 1.531307 1.589656 1.527174 1.384819 1.233538 1.120035 1.064682 1.081429 1.196736 1.470541 2.017869 2.906194 3.495940 2.865035 1.932808 1.335756 1.002629 0.813563 0.702570 0.636752 0.599222 0.580717 0.575558 0.579493 0.588440 0.597872 0.602995 0.599814 0.586537 0.564222 0.536037 0.505728 0.476387 0.449983 0.427484 0.409186 0.395022 0.384782 0.378233 0.375189 0.375540 0.379260 0.386402 0.397094 0.411507 0.429819 0.452143 0.478417 0.508259 0.540804 0.574599 0.607705 0.638154 0.664765 0.688090 0.711089 0.739471 0.782179 0.853067 0.975435 1.192515 1.589307 2.319218 3.473040 4.236037 3.431231 2.235667 1.464182 1.026161 0.768528 0.606879
0.109903 0.111951 0.114041 0.116177 0.118359 0.120589 0.122871 0.125207 0.127598 0.130049 0.132562 0.135141 0.137790 0.140513 0.143315 0.146201 0.149176 0.152249 0.155426 0.158717 0.162132 0.165684 0.169385 0.173253 0.177308 0.181571 0.186069 0.190834 0.195901 0.201315 0.207124 0.213389 0.220180 0.227580 0.235688 0.244623 0.254526 0.265568 0.277957 0.291943 0.307830 0.325984 0.346844 0.370919 0.398779 0.431008 0.468096 0.510231 0.556928 0.606505 0.655513 0.698524 0.728907 0.740911 0.732223 0.705168 0.665507 0.619881 0.573726 0.530499 0.491890 0.458392 0.429830 0.405729 0.385522 0.368662 0.354663 0.343111 0.333664 0.326042 0.320010 0.315374 0.311964 0.309629 0.308226 0.307616 0.307660 0.308220 0.309156 0.310340 0.311660 0.313035 0.314428 0.315851 0.317376 0.319134 0.321309 0.324141 0.327920 0.332996 0.339786 0.348809 0.360727 0.376411 0.397045 0.424275 0.460421 0.508769 0.573899 0.661824 0.779165 0.929188 1.101013 1.253323 1.318490 1.258980 1.112477 0.946764 0.803328 0.693234 0.613430 0.557553 0.519894 0.496249 0.483802 0.480822 0.486414 0.500345 0.522958 0.555134 0.598304 0.654506 0.726508 0.818111 0.934893 1.085883 1.286304 1.558396 1.914904 2.289655 2.459759 2.260211 1.867218 1.513325 1.271769 1.134756 1.085505 1.118483 1.239738 1.451256 1.697348 1.806739 1.651313 1.355499 1.086233 0.893382 0.766420 0.686209 0.638482 0.614268 0.608120 0.616433 0.635971 0.662424 0.689245 0.707752 0.709672 0.691307 0.655692 0.610361 0.563080 0.519175 0.481232 0.449942 0.425021 0.405812 0.391612 0.381804 0.375908 0.373578 0.374588 0.378808 0.386183 0.396695 0.410323 0.426990 0.446496 0.468438 0.492157 0.516739 0.541135 0.564454 0.586384 0.607664 0.630457 0.658636 0.698151 0.757811 0.850786 0.996588 1.220441 1.536017 1.879210 2.035583 1.844280 1.466318 1.116321 0.858655 0.680017 0.555729
0.111138 0.113221 0.115347 0.117518 0.119737 0.122005 0.124324 0.126698 0.129128 0.131618 0.134172 0.136792 0.139483 0.142249 0.145094 0.148024 0.151044 0.154162 0.157385 0.160721 0.164182 0.167780 0.171528 0.175443 0.179545 0.183857 0.188406 0.193224 0.198349 0.203825 0.209705 0.216050 0.222934 0.230443 0.238681 0.247771 0.257863 0.269136 0.281809 0.296150 0.312488 0.331223 0.352849 0.377958 0.407248 0.441498 0.481485 0.527790 0.580387 0.637944 0.696830 0.750303 0.789026 0.804124 0.791853 0.755991 0.705446 0.649584 0.595168 0.545842 0.502951 0.466527 0.435998 0.410596 0.389553 0.372188 0.357927 0.346300 0.336929 0.329509 0.323792 0.319574 0.316678 0.314944 0.314221 0.314353 0.315177 0.316520 0.318202 0.320047 0.321893 0.323617 0.325154 0.326510 0.327774 0.329116 0.330777 0.333065 0.336343 0.341035 0.347646 0.356795 0.369282 0.386188 0.409034 0.440046 0.482580 0.541838 0.626062 0.748403 0.929162 1.195104 1.560660 1.955939 2.147888 1.961746 1.572429 1.213155 0.953991 0.780706 0.666771 0.592162 0.544078 0.514709 0.499407 0.495534 0.501800 0.517916 0.544428 0.582690 0.634920 0.704339 0.795398 0.914268 1.070185 1.279599 1.577707 2.044746 2.839278 4.061776 4.857640 3.988474 2.710790 1.893980 1.445206 1.205099 1.087733 1.052286 1.077315 1.141860 1.208535 1.224015 1.158380 1.036950 0.907433 0.799130 0.719873 0.667728 0.638769 0.629938 0.639562 0.666921 0.711051 0.768434 0.829616 0.877170 0.890824 0.860889 0.796482 0.717245 0.639842 0.572752 0.518177 0.475267 0.442209 0.417174 0.398632 0.385407 0.376632 0.371686 0.370134 0.371680 0.376117 0.383290 0.393054 0.405236 0.419587 0.435752 0.453251 0.471510 0.489959 0.508206 0.526265 0.544801 0.565331 0.590371 0.623577 0.669883 0.735515 0.827146 0.948234 1.089090 1.211896 1.254523 1.182474 1.030444 0.860785 0.711584 0.592877 0.501653
0.112454 0.114576 0.116742 0.118953 0.121211 0.123520 0.125881 0.128297 0.130771 0.133305 0.135904 0.138571 0.141309 0.144122 0.147016 0.149996 0.153067 0.156235 0.159509 0.162897 0.166409 0.170058 0.173856 0.177822 0.181974 0.186336 0.190937 0.195808 0.200989 0.206527 0.212474 0.218897 0.225870 0.233486 0.241854 0.251102 0.261391 0.272911 0.285901 0.300652 0.317534 0.337012 0.359676 0.386284 0.417804 0.455458 0.500736 0.555312 0.620684 0.697185 0.781887 0.865420 0.930178 0.955723 0.932481 0.870089 0.789043 0.706995 0.633351 0.571061 0.519801 0.478079 0.444222 0.416742 0.394420 0.376302 0.361645 0.349880 0.340568 0.333370 0.328020 0.324303 0.322037 0.321058 0.321206 0.322309 0.324176 0.326592 0.329315 0.332093 0.334688 0.336904 0.338624 0.339842 0.340668 0.341332 0.342157 0.343545 0.345951 0.349889 0.355947 0.364838 0.377480 0.395133 0.419626 0.453730 0.501851 0.571303 0.674859 0.836061 1.100668 1.560261 2.381032 3.661365 4.516231 3.667246 2.392954 1.578552 1.125843 0.868841 0.716218 0.622516 0.564578 0.530118 0.512460 0.508046 0.515240 0.533764 0.564482 0.609405 0.671873 0.756867 0.871442 1.025296 1.232049 1.514548 1.927753 2.645676 4.290041 9.223163 17.469510 9.069444 4.014719 2.309104 1.602265 1.260707 1.085820 1.001190 0.970293 0.968535 0.972352 0.959657 0.919315 0.857157 0.788635 0.727338 0.680577 0.651011 0.639461 0.646868 0.675336 0.728504 0.810859 0.924276 1.058664 1.177859 1.223144 1.161832 1.026141 0.874273 0.741789 0.638038 0.560194 0.502562 0.459980 0.428538 0.405455 0.388794 0.377216 0.369794 0.365882 0.365025 0.366893 0.371229 0.377812 0.386415 0.396785 0.408616 0.421558 0.435241 0.449343 0.463693 0.478395 0.493954 0.511362 0.532155 0.558386 0.592493 0.636887 0.692887 0.758459 0.824764 0.874111 0.885512 0.849098 0.774943 0.684255 0.594977 0.516246 0.450443
0.113858 0.116023 0.118231 0.120486 0.122789 0.125143 0.127550 0.130013 0.132534 0.135118 0.137767 0.140485 0.143276 0.146144 0.149093 0.152129 0.155257 0.158483 0.161814 0.165260 0.168829 0.172534 0.176388 0.180408 0.184613 0.189028 0.193681 0.198605 0.203841 0.209437 0.215449 0.221944 0.229003 0.236722 0.245215 0.254621 0.265109 0.276887 0.290212 0.305412 0.322905 0.343237 0.367136 0.395587 0.429953 0.472138 0.524827 0.591744 0.677763 0.788181 0.925316 1.079227 1.213709 1.269961 1.215406 1.082721 0.930798 0.795912 0.688052 0.604928 0.541250 0.492140 0.453863 0.423726 0.399821 0.380791 0.365664 0.353739 0.344501 0.337571 0.332663 0.329556 0.328070 0.328045 0.329319 0.331708 0.334994 0.338903 0.343110 0.347248 0.350947 0.353888 0.355863 0.356834 0.356949 0.356532 0.356039 0.356010 0.357026 0.359704 0.364715 0.372843 0.385084 0.402818 0.428076 0.464027 0.515866 0.592627 0.711102 0.905305 1.252289 1.954690 3.660437 8.776069 17.301636 8.781946 3.672354 1.972979 1.277471 0.938117 0.752541 0.644013 0.578927 0.541024 0.521986 0.517583 0.525984 0.547038 0.582046 0.633886 0.707426 0.810276 0.953821 1.154282 1.432974 1.816182 2.350994 3.230325 5.483395 17.821889 17.653750 17.510513 4.916231 2.531288 1.677326 1.280292 1.072090 0.958459 0.897164 0.864100 0.842151 0.818845 0.787859 0.749873 0.710248 0.675256 0.649822 0.637389 0.640932 0.664292 0.713686 0.799563 0.938644 1.153349 1.455593 1.784709 1.939471 1.768961 1.423730 1.104611 0.871813 0.712880 0.604739 0.529895 0.477031 0.439067 0.411553 0.391641 0.377469 0.367795 0.361769 0.358797 0.358447 0.360390 0.364350 0.370077 0.377320 0.385818 0.395302 0.405520 0.416273 0.427477 0.439230 0.451864 0.465982 0.482445 0.502293 0.526553 0.555858 0.589754 0.625704 0.658163 0.678887 0.679776 0.657407 0.615395 0.562044 0.505817 0.452502 0.404907
0.115356 0.117567 0.119823 0.122125 0.124477 0.126880 0.129338 0.131852 0.134427 0.137066 0.139771 0.142547 0.145397 0.148325 0.151337 0.154436 0.157629 0.160920 0.164317 0.167827 0.171460 0.175228 0.179143 0.183222 0.187485 0.191955 0.196661 0.201638 0.206927 0.212577 0.218648 0.225210 0.232348 0.240162 0.248774 0.258331 0.269015 0.281049 0.294716 0.310376 0.328504 0.349737 0.374952 0.405396 0.442900 0.490233 0.551708 0.634209 0.748797 0.912660 1.148542 1.468535 1.811915 1.977057 1.812861 1.470579 1.151974 0.917870 0.756238 0.644364 0.565054 0.507226 0.463968 0.430941 0.405359 0.385390 0.369803 0.357747 0.348632 0.342041 0.337674 0.335314 0.334797 0.335978 0.338711 0.342817 0.348051 0.354078 0.360451 0.366628 0.372019 0.376081 0.378441 0.378996 0.377958 0.375822 0.373268 0.371058 0.369954 0.370696 0.374029 0.380770 0.391938 0.408931 0.433836 0.469940 0.522721 0.601866 0.725796 0.933121 1.316308 2.145254 4.513764 17.300021 17.302503 17.305817 4.525516 2.163292 1.341149 0.965502 0.766717 0.652655 0.585135 0.546297 0.527222 0.523497 0.533341 0.556856 0.595883 0.654313 0.738929 0.861015 1.039112 1.303087 1.697213 2.269730 3.022742 3.910362 5.382662 9.973345 17.926473 9.334870 4.164354 2.387271 1.632027 1.252163 1.040982 0.917067 0.842121 0.794919 0.762017 0.734688 0.708290 0.681924 0.657388 0.637745 0.626299 0.626440 0.642257 0.679879 0.749899 0.872105 1.085451 1.468436 2.163946 3.256475 3.982872 3.240954 2.132642 1.420804 1.020621 0.788830 0.646493 0.554170 0.491581 0.447727 0.416319 0.393589 0.377177 0.365558 0.357709 0.352922 0.350688 0.350625 0.352423 0.355819 0.360570 0.366445 0.373227 0.380726 0.388803 0.397398 0.406567 0.416501 0.427527 0.440077 0.454600 0.471411 0.490428 0.510823 0.530646 0.546681 0.554932 0.551917 0.536286 0.509562 0.475401 0.437987 0.400731 0.365787
0.116955 0.119217 0.121524 0.123879 0.126283 0.128741 0.131254 0.133825 0.136459 0.139158 0.141925 0.144765 0.147682 0.150679 0.153761 0.156933 0.160198 0.163564 0.167035 0.170619 0.174326 0.178164 0.182148 0.186293 0.190617 0.195145 0.199906 0.204934 0.210273 0.215973 0.222097 0.228717 0.235923 0.243822 0.252541 0.262238 0.273106 0.285385 0.299380 0.315487 0.334232 0.356333 0.382810 0.415158 0.455664 0.507983 0.578238 0.677213 0.824950 1.060662 1.463160 2.175773 3.283299 4.020738 3.283255 2.175919 1.463932 1.062642 0.828798 0.683607 0.587829 0.521366 0.473374 0.437679 0.410591 0.389812 0.373862 0.361761 0.352853 0.346695 0.342990 0.341539 0.342213 0.344911 0.349533 0.355934 0.363870 0.372945 0.382557 0.391891 0.399980 0.405869 0.408856 0.408710 0.405770 0.400856 0.395058 0.389511 0.385245 0.383149 0.384015 0.388642 0.397983 0.413343 0.436675 0.471067 0.521652 0.597403 0.715068 0.908624 1.255094 1.957093 3.662531 8.777935 17.303347 8.783570 3.673957 1.974629 1.279244 0.940104 0.754853 0.646796 0.582382 0.545435 0.527770 0.525370 0.536764 0.562411 0.604703 0.668539 0.762721 0.902887 1.117663 1.461859 2.043610 3.059669 4.657581 6.000892 5.914539 5.832106 5.815082 4.511950 2.997824 2.041607 1.499462 1.184411 0.993382 0.873418 0.795897 0.744064 0.707414 0.679309 0.656033 0.636249 0.620424 0.610195 0.607965 0.616944 0.641807 0.690282 0.776624 0.929854 1.216070 1.809649 3.268840 7.667861 15.006571 7.652435 3.237831 1.762723 1.152686 0.849218 0.677654 0.571582 0.501681 0.453475 0.419178 0.394309 0.376147 0.362965 0.353617 0.347321 0.343516 0.341786 0.341804 0.343300 0.346039 0.349811 0.354432 0.359743 0.365630 0.372033 0.378964 0.386505 0.394805 0.404038 0.414338 0.425693 0.437800 0.449899 0.460664 0.468249 0.470618 0.466147 0.454252 0.435663 0.412156 0.385919 0.358953 0.332741
0.118662 0.120979 0.123342 0.125754 0.128217 0.130734 0.133307 0.135942 0.138639 0.141405 0.144242 0.147154 0.150145 0.153220 0.156382 0.159635 0.162984 0.166435 0.169991 0.173661 0.177451 0.181370 0.185432 0.189649 0.194042 0.198632 0.203449 0.208529 0.213914 0.219658 0.225825 0.232493 0.239754 0.247722 0.256533 0.266352 0.277384 0.289886 0.304182 0.320698 0.339999 0.362869 0.390430 0.424359 0.467280 0.523525 0.600679 0.712970 0.889462 1.196387 1.808526 3.285560 7.707126 15.073210 7.705710 3.283092 1.805680 1.194039 0.888581 0.714512 0.605522 0.532434 0.480905 0.443257 0.415098 0.393783 0.377653 0.365640 0.357051 0.351438 0.348527 0.348163 0.350281 0.354864 0.361911 0.371371 0.383070 0.396593 0.411162 0.425555 0.438145 0.447178 0.451266 0.449904 0.443701 0.434154 0.423148 0.412466 0.403534 0.397395 0.394830 0.396525 0.403260 0.416115 0.436731 0.467717 0.513331 0.580771 0.682717 0.842633 1.106220 1.565013 2.385171 3.665052 4.519610 3.670450 2.396114 1.581803 1.129333 0.872746 0.720753 0.627965 0.571324 0.538704 0.523676 0.523081 0.535941 0.563097 0.607384 0.674445 0.774633 0.927282 1.170969 1.591178 2.407796 4.311372 9.839197 19.017388 10.461179 5.501169 3.909729 2.998649 2.260985 1.712510 1.340919 1.096450 0.935144 0.827279 0.753936 0.702999 0.666578 0.639598 0.619077 0.603687 0.593400 0.589204 0.592979 0.607687 0.638097 0.692492 0.786595 0.953479 1.272627 1.976483 4.007729 15.019216 15.011113 15.003659 3.976567 1.929602 1.209807 0.874350 0.690594 0.578835 0.505783 0.455535 0.419716 0.393574 0.374248 0.359930 0.349428 0.341925 0.336839 0.333741 0.332297 0.332237 0.333336 0.335400 0.338261 0.341780 0.345852 0.350406 0.355418 0.360900 0.366887 0.373410 0.380449 0.387865 0.395328 0.402247 0.407754 0.410773 0.410217 0.405277 0.395687 0.381835 0.364657 0.345362 0.325148 0.305002
0.120486 0.122864 0.125288 0.127762 0.130288 0.132869 0.135509 0.138212 0.140981 0.143820 0.146734 0.149726 0.152801 0.155963 0.159215 0.162562 0.166008 0.169556 0.173212 0.176980 0.180866 0.184880 0.189030 0.193331 0.197799 0.202458 0.207334 0.212463 0.217891 0.223672 0.229872 0.236573 0.243873 0.251891 0.260770 0.270687 0.281857 0.294549 0.309108 0.325978 0.345753 0.369250 0.397640 0.432672 0.477094 0.535482 0.615958 0.734110 0.922895 1.261776 1.983586 4.033302 15.083615 15.082877 15.080207 4.027076 1.975609 1.253404 0.915572 0.729199 0.614639 0.538718 0.485647 0.447150 0.418558 0.397088 0.381019 0.369258 0.361112 0.356161 0.354176 0.355077 0.358904 0.365784 0.375893 0.389398 0.406331 0.426405 0.448733 0.471536 0.492031 0.506828 0.513002 0.509402 0.497273 0.479644 0.460022 0.441332 0.425535 0.413756 0.406606 0.404491 0.407870 0.417461 0.434451 0.460779 0.499567 0.555829 0.637659 0.758092 0.937340 1.202099 1.566747 1.961357 2.152849 1.966446 1.577059 1.217912 0.959089 0.786396 0.673362 0.600053 0.553807 0.527028 0.515401 0.516818 0.530850 0.558648 0.603261 0.670559 0.771333 0.926115 1.177309 1.624674 2.554890 5.117980 18.608042 18.756370 18.926594 5.704051 3.294512 2.373586 1.833781 1.458866 1.192454 1.004682 0.872883 0.780147 0.714470 0.667525 0.633608 0.608929 0.591161 0.579152 0.572723 0.572533 0.580089 0.597984 0.630569 0.685467 0.776956 0.934143 1.223242 1.818754 3.279065 7.678529 15.017142 7.662494 3.247076 1.770939 1.159731 0.854997 0.682103 0.574651 0.503325 0.453643 0.417806 0.391319 0.371442 0.356426 0.345108 0.336685 0.330583 0.326376 0.323737 0.322403 0.322157 0.322818 0.324231 0.326266 0.328820 0.331816 0.335201 0.338942 0.343012 0.347368 0.351921 0.356501 0.360816 0.364435 0.366790 0.367241 0.365183 0.360189 0.352136 0.341248 0.328054 0.313256 0.297593 0.281718
0.122438 0.124881 0.127372 0.129913 0.132507 0.135159 0.137871 0.140649 0.143496 0.146416 0.149415 0.152497 0.155666 0.158927 0.162282 0.165736 0.169293 0.172955 0.176725 0.180609 0.184609 0.188732 0.192987 0.197384 0.201939 0.206672 0.211611 0.216791 0.222257 0.228065 0.234285 0.241001 0.248319 0.256361 0.265282 0.275265 0.286539 0.299386 0.314163 0.331328 0.351489 0.375470 0.404429 0.440070 0.485020 0.543574 0.623216 0.738000 0.916738 1.225361 1.838363 3.315225 7.735546 15.099451 7.729120 3.303363 1.822823 1.208308 0.900374 0.724287 0.613736 0.539506 0.487207 0.449115 0.420801 0.399600 0.383852 0.372511 0.364931 0.360743 0.359798 0.362123 0.367908 0.377501 0.391383 0.410129 0.434270 0.464016 0.498714 0.536043 0.571267 0.597491 0.607981 0.599880 0.576129 0.543553 0.509150 0.477780 0.451921 0.432429 0.419362 0.412550 0.411917 0.417671 0.430443 0.451436 0.482624 0.527023 0.589006 0.674429 0.789790 0.938264 1.108902 1.260337 1.324905 1.265050 1.118447 0.952887 0.809876 0.700521 0.621841 0.567576 0.532182 0.511702 0.503701 0.507044 0.521782 0.549239 0.592380 0.656681 0.751993 0.896665 1.127473 1.526648 2.308160 4.151795 9.575965 18.578109 9.749671 4.470505 2.718175 1.964579 1.542527 1.262473 1.062778 0.917449 0.811308 0.733762 0.677088 0.635671 0.605505 0.583833 0.568902 0.559791 0.556300 0.558890 0.568732 0.587920 0.619981 0.670951 0.751562 0.881840 1.101003 1.487830 2.185495 3.278788 4.004847 3.261761 2.151683 1.437671 1.035047 0.800647 0.655589 0.560463 0.494988 0.448155 0.413648 0.387661 0.367797 0.352486 0.340663 0.331580 0.324695 0.319605 0.315994 0.313615 0.312262 0.311763 0.311973 0.312770 0.314053 0.315737 0.317754 0.320044 0.322548 0.325189 0.327855 0.330383 0.332537 0.334005 0.334415 0.333375 0.330534 0.325658 0.318689 0.309767 0.299206 0.287436 0.274924 0.262109
0.124528 0.127043 0.129605 0.132219 0.134888 0.137616 0.140407 0.143266 0.146198 0.149208 0.152301 0.155483 0.158758 0.162130 0.165603 0.169181 0.172866 0.176661 0.180567 0.184586 0.188721 0.192974 0.197352 0.201863 0.206519 0.211338 0.216346 0.221577 0.227076 0.232901 0.239124 0.245834 0.253142 0.261179 0.270106 0.280119 0.291457 0.304416 0.319364 0.336773 0.357252 0.381612 0.410960 0.446864 0.491641 0.548892 0.624554 0.729049 0.881863 1.121507 1.526087 2.238427 3.343212 4.075784 3.331996 2.217741 1.498957 1.091519 0.852463 0.703086 0.604111 0.535339 0.485806 0.449229 0.421839 0.401291 0.386100 0.375327 0.368408 0.365058 0.365226 0.369078 0.377010 0.389677 0.408029 0.433342 0.467164 0.511031 0.565633 0.628985 0.693599 0.744813 0.765327 0.746991 0.698027 0.635810 0.575092 0.523463 0.483037 0.453287 0.432889 0.420574 0.415436 0.417016 0.425324 0.440845 0.464563 0.497971 0.542980 0.601529 0.674461 0.759095 0.845462 0.914082 0.941987 0.918360 0.854118 0.772340 0.692621 0.625059 0.572489 0.534255 0.508653 0.494082 0.489468 0.494416 0.509313 0.535489 0.575564 0.634120 0.719017 0.844038 1.034418 1.338752 1.853517 2.752820 4.138699 5.082238 4.239867 2.940068 2.099999 1.613031 1.309076 1.101080 0.950089 0.837547 0.752986 0.689450 0.641898 0.606584 0.580758 0.562475 0.550465 0.544034 0.543007 0.547699 0.558957 0.578303 0.608244 0.652869 0.718883 0.817251 0.965180 1.185565 1.490803 1.820724 1.974590 1.801934 1.453694 1.131004 0.894293 0.731249 0.618876 0.539714 0.482439 0.439942 0.407725 0.382880 0.363479 0.348205 0.336139 0.326616 0.319148 0.313362 0.308967 0.305731 0.303462 0.302000 0.301207 0.300969 0.301183 0.301765 0.302638 0.303728 0.304961 0.306250 0.307483 0.308514 0.309160 0.309196 0.308373 0.306445 0.303199 0.298503 0.292330 0.284772 0.276026 0.266365 0.256092 0.245507
0.126770 0.129362 0.132003 0.134695 0.137444 0.140254 0.143130 0.146078 0.149103 0.152211 0.155409 0.158702 0.162095 0.165594 0.169202 0.172923 0.176758 0.180708 0.184775 0.188956 0.193253 0.197663 0.202190 0.206837 0.211613 0.216533 0.221619 0.226903 0.232430 0.238259 0.244465 0.251142 0.258407 0.266399 0.275290 0.285287 0.296643 0.309666 0.324743 0.342354 0.363117 0.387825 0.417528 0.453634 0.498082 0.553635 0.624385 0.716661 0.840555 1.011913 1.252014 1.571836 1.910365 2.066687 1.891149 1.536662 1.206368 0.961979 0.791862 0.673343 0.589072 0.527729 0.482167 0.447844 0.421834 0.402224 0.387765 0.377663 0.371461 0.368972 0.370263 0.375662 0.385811 0.401758 0.425102 0.458201 0.504413 0.568195 0.654473 0.765658 0.893510 1.006863 1.054733 1.008811 0.897465 0.771739 0.662871 0.579180 0.518357 0.475600 0.446609 0.428224 0.418341 0.415680 0.419595 0.429924 0.446884 0.470938 0.502586 0.541962 0.588097 0.637841 0.684860 0.719967 0.734203 0.723758 0.692526 0.649552 0.604113 0.562642 0.528401 0.502484 0.484910 0.475357 0.473591 0.479691 0.494212 0.518360 0.554247 0.605324 0.677108 0.778400 0.923191 1.132932 1.435653 1.846054 2.289834 2.520826 2.352521 1.963404 1.593510 1.314454 1.112703 0.964092 0.851777 0.765580 0.699126 0.648047 0.609126 0.579928 0.558626 0.543900 0.534873 0.531059 0.532326 0.538878 0.551265 0.570445 0.597917 0.635956 0.687922 0.758442 0.852795 0.973574 1.111422 1.230950 1.274209 1.209218 1.068776 0.911528 0.773332 0.663719 0.579951 0.516353 0.467737 0.430135 0.400687 0.377363 0.358720 0.343722 0.331611 0.321824 0.313932 0.307605 0.302579 0.298640 0.295612 0.293346 0.291714 0.290605 0.289922 0.289580 0.289498 0.289599 0.289805 0.290028 0.290165 0.290093 0.289669 0.288730 0.287107 0.284637 0.281191 0.276688 0.271117 0.264542 0.257090 0.248940 0.240297 0.231367
0.129179 0.131855 0.134579 0.137357 0.140192 0.143091 0.146059 0.149102 0.152228 0.155444 0.158757 0.162174 0.165700 0.169343 0.173106 0.176991 0.181002 0.185137 0.189395 0.193772 0.198264 0.202867 0.207576 0.212391 0.217314 0.222354 0.227531 0.232873 0.238423 0.244241 0.250405 0.257015 0.264195 0.272093 0.280895 0.290820 0.302137 0.315173 0.330332 0.348118 0.369164 0.394274 0.424471 0.461061 0.505704 0.560481 0.627957 0.711185 0.813525 0.937824 1.083392 1.237772 1.363994 1.404768 1.330608 1.177487 1.006758 0.855999 0.735557 0.642935 0.572390 0.518551 0.477250 0.445463 0.421049 0.402527 0.388892 0.379504 0.374020 0.372356 0.374699 0.381546 0.393805 0.412966 0.441416 0.482965 0.543736 0.633565 0.767690 0.966226 1.240002 1.536323 1.679567 1.538031 1.243463 0.971531 0.774980 0.643044 0.555679 0.497734 0.459479 0.434921 0.420403 0.413722 0.413584 0.419284 0.430477 0.446989 0.468597 0.494733 0.524090 0.554215 0.581350 0.600948 0.609088 0.604212 0.587943 0.564265 0.537792 0.512348 0.490452 0.473477 0.462052 0.456449 0.456869 0.463635 0.477340 0.498982 0.530129 0.573135 0.631431 0.709836 0.814668 0.952800 1.127415 1.326579 1.506025 1.593364 1.547144 1.404405 1.234119 1.078843 0.950697 0.848117 0.766481 0.701605 0.650273 0.610031 0.578970 0.555593 0.538754 0.527615 0.521621 0.520474 0.524107 0.532655 0.546432 0.565912 0.591732 0.624702 0.665799 0.715972 0.775383 0.841497 0.905926 0.952438 0.961966 0.925905 0.854226 0.767175 0.681790 0.606742 0.544301 0.493603 0.452765 0.419852 0.393212 0.371528 0.353784 0.339199 0.327175 0.317248 0.309055 0.302308 0.296772 0.292255 0.288596 0.285656 0.283318 0.281476 0.280038 0.278920 0.278043 0.277331 0.276707 0.276087 0.275380 0.274484 0.273288 0.271671 0.269515 0.266711 0.263173 0.258854 0.253749 0.247902 0.241400 0.234362 0.226930 0.219249
0.131771 0.134538 0.137354 0.140223 0.143151 0.146145 0.149211 0.152357 0.155593 0.158926 0.162365 0.165919 0.169596 0.173402 0.177342 0.181420 0.185637 0.189991 0.194479 0.199094 0.203826 0.208666 0.213602 0.218626 0.223733 0.228924 0.234211 0.239619 0.245187 0.250977 0.257069 0.263569 0.270609 0.278353 0.286997 0.296779 0.307986 0.320969 0.336159 0.354092 0.375445 0.401071 0.432047 0.469718 0.515716 0.571893 0.640081 0.721499 0.815609 0.918409 1.020598 1.106708 1.156959 1.154435 1.096646 1.000017 0.889254 0.783555 0.692166 0.617121 0.557027 0.509445 0.471971 0.442596 0.419770 0.402353 0.389549 0.380858 0.376036 0.375096 0.378331 0.386392 0.400428 0.422359 0.455373 0.504881 0.580428 0.699687 0.897080 1.241557 1.858287 2.821353 3.463925 2.822820 1.861252 1.246080 0.903258 0.707656 0.590370 0.517032 0.470032 0.439896 0.421288 0.411096 0.407461 0.409249 0.415736 0.426381 0.440630 0.457711 0.476440 0.495085 0.511408 0.523020 0.528030 0.525724 0.516862 0.503379 0.487706 0.472114 0.458362 0.447640 0.440695 0.438008 0.439958 0.446952 0.459533 0.478470 0.504837 0.540097 0.586135 0.645185 0.719401 0.809665 0.912979 1.018481 1.105047 1.147583 1.133477 1.072824 0.988716 0.901158 0.820881 0.751551 0.693410 0.645503 0.606627 0.575641 0.551555 0.533545 0.520969 0.513365 0.510451 0.512114 0.518386 0.529406 0.545357 0.566371 0.592415 0.623163 0.657891 0.695368 0.733657 0.769616 0.798228 0.812712 0.806754 0.778340 0.731740 0.675262 0.617079 0.562670 0.514614 0.473505 0.438913 0.410009 0.385900 0.365770 0.348928 0.334802 0.322932 0.312944 0.304535 0.297457 0.291506 0.286510 0.282321 0.278814 0.275879 0.273418 0.271343 0.269574 0.268035 0.266652 0.265354 0.264063 0.262701 0.261182 0.259419 0.257321 0.254802 0.251786 0.248218 0.244064 0.239325 0.234031 0.228241 0.222040 0.215525 0.208801
0.134568 0.137433 0.140347 0.143314 0.146342 0.149437 0.152608 0.155865 0.159218 0.162678 0.166256 0.169962 0.173806 0.177797 0.181942 0.186244 0.190704 0.195321 0.200088 0.204994 0.210024 0.215160 0.220383 0.225673 0.231014 0.236397 0.241824 0.247311 0.252895 0.258635 0.264615 0.270950 0.277783 0.285292 0.293692 0.303239 0.314245 0.327089 0.342237 0.360276 0.381951 0.408221 0.440324 0.479853 0.528802 0.589521 0.664389 0.754826 0.859115 0.968911 1.066612 1.129134 1.140220 1.100458 1.024183 0.929678 0.832329 0.742085 0.663667 0.598142 0.544625 0.501482 0.466997 0.439659 0.418251 0.401853 0.389819 0.381751 0.377486 0.377109 0.380994 0.389902 0.405159 0.429001 0.465234 0.520576 0.607614 0.751921 1.011503 1.538986 2.822483 6.675053 13.096691 6.676287 2.824967 1.542752 1.016603 0.758429 0.615624 0.530210 0.476639 0.442350 0.420641 0.407708 0.401282 0.399944 0.402739 0.408938 0.417861 0.428735 0.440594 0.452233 0.462280 0.469399 0.472598 0.471517 0.466546 0.458703 0.449342 0.439843 0.431398 0.424930 0.421116 0.420457 0.423364 0.430237 0.441526 0.457785 0.479698 0.508085 0.543839 0.587749 0.640084 0.699827 0.763523 0.824209 0.871749 0.896077 0.892407 0.864034 0.819813 0.769134 0.718757 0.672403 0.631659 0.596949 0.568151 0.544934 0.526916 0.513748 0.505160 0.500991 0.501204 0.505887 0.515238 0.529514 0.548938 0.573521 0.602803 0.635541 0.669484 0.701486 0.728069 0.746179 0.753562 0.748715 0.731023 0.701382 0.662574 0.618649 0.573675 0.530731 0.491610 0.457033 0.427025 0.401246 0.379212 0.360412 0.344374 0.330681 0.318978 0.308966 0.300393 0.293048 0.286751 0.281351 0.276714 0.272726 0.269284 0.266297 0.263683 0.261365 0.259272 0.257336 0.255487 0.253659 0.251782 0.249785 0.247598 0.245150 0.242379 0.239229 0.235660 0.231652 0.227203 0.222335 0.217092 0.211531 0.205722 0.199741
0.137594 0.140566 0.143585 0.146657 0.149790 0.152993 0.156275 0.159649 0.163128 0.166725 0.170454 0.174327 0.178359 0.182559 0.186938 0.191501 0.196250 0.201182 0.206289 0.211554 0.216956 0.222468 0.228058 0.233692 0.239339 0.244973 0.250582 0.256171 0.261769 0.267433 0.273253 0.279352 0.285888 0.293059 0.301100 0.310294 0.320979 0.333568 0.348569 0.366630 0.388594 0.415576 0.449090 0.491205 0.544764 0.613604 0.702610 0.816942 0.958789 1.118767 1.263072 1.336528 1.306354 1.198040 1.062206 0.931994 0.819197 0.725261 0.648354 0.585948 0.535581 0.495093 0.462683 0.436914 0.416677 0.401155 0.389784 0.382229 0.378379 0.378361 0.382592 0.391882 0.407629 0.432193 0.469615 0.527128 0.618567 0.772978 1.059991 1.682914 3.465791 13.097455 13.097700 13.098471 3.467825 1.685973 1.064085 0.778121 0.624775 0.534421 0.478008 0.441693 0.418217 0.403489 0.395061 0.391383 0.391396 0.394302 0.399401 0.405992 0.413305 0.420493 0.426679 0.431070 0.433104 0.432584 0.429722 0.425091 0.419486 0.413769 0.408745 0.405100 0.403385 0.404045 0.407454 0.413956 0.423902 0.437665 0.455649 0.478256 0.505808 0.538389 0.575569 0.616012 0.657048 0.694514 0.723299 0.738849 0.739036 0.725080 0.700777 0.670743 0.638952 0.608169 0.580034 0.555395 0.534621 0.517824 0.505003 0.496131 0.491218 0.490350 0.493725 0.501673 0.514653 0.533225 0.557934 0.589060 0.626141 0.667248 0.708278 0.743042 0.765045 0.770451 0.759734 0.736396 0.704475 0.667213 0.627106 0.586259 0.546469 0.509089 0.474954 0.444418 0.417484 0.393937 0.373458 0.355694 0.340301 0.326962 0.315398 0.305364 0.296651 0.289077 0.282485 0.276737 0.271716 0.267314 0.263437 0.260001 0.256928 0.254146 0.251589 0.249191 0.246892 0.244629 0.242343 0.239974 0.237463 0.234757 0.231806 0.228568 0.225014 0.221130 0.216913 0.212381 0.207562 0.202498 0.197240 0.191844
0.140876 0.143964 0.147097 0.150281 0.153525 0.156841 0.160240 0.163738 0.167350 0.171092 0.174984 0.179041 0.183280 0.187718 0.192366 0.197234 0.202325 0.207637 0.213159 0.218870 0.224742 0.230735 0.236802 0.242888 0.248941 0.254911 0.260766 0.266491 0.272106 0.277663 0.283257 0.289026 0.295147 0.301843 0.309377 0.318062 0.328268 0.340443 0.355142 0.373081 0.395209 0.422835 0.457823 0.502908 0.562237 0.642247 0.753049 0.910064 1.133373 1.433145 1.754266 1.915848 1.781599 1.484149 1.201884 0.989151 0.836544 0.725596 0.642640 0.579034 0.529377 0.490180 0.459091 0.434470 0.415162 0.400359 0.389526 0.382356 0.378759 0.378876 0.383123 0.392291 0.407730 0.431695 0.468002 0.523380 0.610423 0.754708 1.014241 1.541650 2.825044 6.677476 13.098935 6.678298 2.826679 1.544079 1.017436 0.758628 0.615015 0.528573 0.473699 0.437764 0.413986 0.398466 0.388829 0.383547 0.381563 0.382089 0.384462 0.388071 0.392308 0.396561 0.400246 0.402862 0.404071 0.403754 0.402034 0.399250 0.395891 0.392511 0.389658 0.387831 0.387458 0.388902 0.392474 0.398449 0.407084 0.418618 0.433265 0.451180 0.472389 0.496685 0.523469 0.551577 0.579153 0.603715 0.622534 0.633343 0.635080 0.628239 0.614608 0.596584 0.576504 0.556253 0.537172 0.520131 0.505670 0.494115 0.485688 0.480577 0.479000 0.481261 0.487796 0.499229 0.516416 0.540474 0.572736 0.614496 0.666298 0.726384 0.788303 0.839465 0.864837 0.856676 0.820565 0.769643 0.715138 0.662871 0.614750 0.570997 0.531406 0.495754 0.463845 0.435465 0.410361 0.388245 0.368816 0.351773 0.336834 0.323739 0.312256 0.302180 0.293329 0.285545 0.278688 0.272635 0.267276 0.262513 0.258260 0.254437 0.250971 0.247794 0.244844 0.242061 0.239388 0.236771 0.234156 0.231492 0.228731 0.225828 0.222745 0.219448 0.215916 0.212136 0.208107 0.203839 0.199354 0.194682 0.189860 0.184928
0.144450 0.147664 0.150918 0.154221 0.157583 0.161016 0.164537 0.168163 0.171913 0.175810 0.179875 0.184131 0.188601 0.193305 0.198261 0.203484 0.208981 0.214752 0.220784 0.227054 0.233524 0.240139 0.246831 0.253520 0.260121 0.266552 0.272746 0.278664 0.284304 0.289714 0.294997 0.300307 0.305853 0.311891 0.318721 0.326693 0.336214 0.347766 0.361950 0.379541 0.401589 0.429588 0.465756 0.513549 0.578631 0.670796 0.808016 1.025173 1.392128 2.035783 3.030696 3.696072 3.049055 2.070528 1.439842 1.081814 0.869719 0.734401 0.641893 0.575103 0.524953 0.486308 0.456083 0.432328 0.413764 0.399545 0.389130 0.382216 0.378712 0.378744 0.382689 0.391259 0.405651 0.427818 0.460974 0.510551 0.586105 0.705317 0.902613 1.246943 1.863470 2.826266 3.468487 2.826927 1.864772 1.248843 0.905048 0.708198 0.589316 0.513941 0.464351 0.430935 0.408188 0.392799 0.382677 0.376436 0.373108 0.371963 0.372410 0.373929 0.376038 0.378287 0.380268 0.381653 0.382224 0.381904 0.380769 0.379029 0.376994 0.375029 0.373515 0.372808 0.373234 0.375075 0.378573 0.383938 0.391349 0.400950 0.412835 0.427025 0.443414 0.461706 0.481341 0.501419 0.520693 0.537653 0.550763 0.558806 0.561204 0.558175 0.550629 0.539887 0.527353 0.514289 0.501711 0.490378 0.480847 0.473534 0.468781 0.466918 0.468324 0.473491 0.483102 0.498133 0.519982 0.550650 0.592937 0.650511 0.727369 0.825350 0.937375 1.037282 1.082374 1.048550 0.958463 0.853537 0.759000 0.681430 0.618957 0.567934 0.525283 0.488878 0.457339 0.429765 0.405535 0.384190 0.365360 0.348738 0.334056 0.321080 0.309603 0.299444 0.290441 0.282450 0.275345 0.269013 0.263352 0.258271 0.253687 0.249527 0.245720 0.242204 0.238919 0.235811 0.232827 0.229917 0.227034 0.224133 0.221174 0.218119 0.214936 0.211598 0.208088 0.204395 0.200516 0.196460 0.192240 0.187880 0.183404 0.178845
0.148357 0.151708 0.155093 0.158521 0.162004 0.165559 0.169204 0.172960 0.176853 0.180910 0.185158 0.189628 0.194350 0.199351 0.204659 0.210295 0.216273 0.222598 0.229260 0.236232 0.243467 0.250894 0.258418 0.265922 0.273278 0.280352 0.287028 0.293224 0.298909 0.304122 0.308972 0.313647 0.318396 0.323526 0.329390 0.336382 0.344950 0.355613 0.369003 0.385938 0.407536 0.435417 0.472060 0.521481 0.590597 0.692230 0.852341 1.129825 1.679882 2.999499 6.935974 13.488584 6.949014 3.024441 1.714704 1.172036 0.899415 0.741933 0.641167 0.571670 0.521097 0.482921 0.453443 0.430438 0.412516 0.398785 0.388690 0.381919 0.378363 0.378116 0.381488 0.389070 0.401837 0.421333 0.449982 0.491622 0.552395 0.642149 0.776130 0.974450 1.247929 1.543859 1.686595 1.544401 1.248981 0.975949 0.777980 0.644217 0.554506 0.493557 0.451466 0.422023 0.401306 0.386783 0.376767 0.370100 0.365945 0.363671 0.362770 0.362812 0.363416 0.364245 0.365009 0.365482 0.365520 0.365070 0.364181 0.362987 0.361695 0.360550 0.359815 0.359749 0.360592 0.362556 0.365825 0.370551 0.376852 0.384808 0.394446 0.405717 0.418472 0.432419 0.447093 0.461836 0.475809 0.488075 0.497726 0.504069 0.506769 0.505931 0.502057 0.495911 0.488369 0.480284 0.472407 0.465366 0.459675 0.455771 0.454058 0.454957 0.458970 0.466753 0.479233 0.497766 0.524409 0.562360 0.616692 0.695502 0.811296 0.980537 1.211927 1.461578 1.583922 1.469605 1.226938 1.000565 0.833671 0.717137 0.634385 0.573064 0.525418 0.486814 0.454506 0.426843 0.402802 0.381711 0.363103 0.346629 0.332012 0.319024 0.307469 0.297175 0.287992 0.279787 0.272441 0.265847 0.259908 0.254539 0.249661 0.245203 0.241099 0.237289 0.233717 0.230332 0.227084 0.223929 0.220825 0.217730 0.214611 0.211434 0.208173 0.204805 0.201315 0.197693 0.193937 0.190050 0.186043 0.181931 0.177735 0.173476
0.152649 0.156149 0.159673 0.163233 0.166842 0.170520 0.174288 0.178175 0.182211 0.186430 0.190868 0.195564 0.200559 0.205890 0.211596 0.217709 0.224256 0.231250 0.238688 0.246546 0.254767 0.263262 0.271904 0.280527 0.288938 0.296930 0.304307 0.310918 0.316685 0.321629 0.325876 0.329660 0.333299 0.337176 0.341715 0.347376 0.354651 0.364091 0.376347 0.392246 0.412920 0.440017 0.476091 0.525347 0.595172 0.699609 0.868128 1.171473 1.816544 3.642833 13.467415 13.473251 13.477197 3.661686 1.843176 1.204240 0.905276 0.739481 0.636348 0.566703 0.516809 0.479556 0.450986 0.428767 0.411462 0.398167 0.388320 0.381598 0.377873 0.377193 0.379789 0.386113 0.396896 0.413252 0.436831 0.470028 0.516227 0.579903 0.665988 0.776892 0.904365 1.017223 1.064449 1.017695 0.905269 0.778143 0.667461 0.581422 0.517568 0.470906 0.436898 0.412083 0.393974 0.380809 0.371334 0.364640 0.360051 0.357047 0.355211 0.354196 0.353705 0.353485 0.353330 0.353081 0.352639 0.351972 0.351111 0.350147 0.349219 0.348496 0.348165 0.348409 0.349404 0.351306 0.354250 0.358342 0.363657 0.370232 0.378056 0.387055 0.397075 0.407864 0.419058 0.430182 0.440672 0.449927 0.457394 0.462655 0.465512 0.466020 0.464475 0.461346 0.457201 0.452629 0.448188 0.444388 0.441685 0.440506 0.441280 0.444483 0.450705 0.460737 0.475714 0.497359 0.528395 0.573348 0.640119 0.743281 0.911195 1.200692 1.714985 2.514996 3.049331 2.521653 1.727463 1.217406 0.929972 0.761570 0.655224 0.582636 0.529467 0.488149 0.454534 0.426264 0.401947 0.380721 0.362023 0.345456 0.330725 0.317595 0.305870 0.295382 0.285985 0.277549 0.269958 0.263110 0.256911 0.251277 0.246132 0.241408 0.237041 0.232973 0.229152 0.225528 0.222056 0.218694 0.215403 0.212148 0.208896 0.205620 0.202295 0.198903 0.195429 0.191865 0.188206 0.184455 0.180619 0.176708 0.172737 0.168723
0.157388 0.161052 0.164726 0.168423 0.172160 0.175959 0.179848 0.183860 0.188034 0.192413 0.197043 0.201974 0.207258 0.212949 0.219101 0.225763 0.232979 0.240779 0.249176 0.258150 0.267648 0.277560 0.287721 0.297902 0.307816 0.317142 0.325561 0.332808 0.338723 0.343297 0.346686 0.349201 0.351271 0.353401 0.356124 0.359986 0.365535 0.373347 0.384072 0.398509 0.417736 0.443310 0.477633 0.524636 0.591150 0.689916 0.846844 1.120825 1.667130 2.982916 6.915755 13.465279 6.923533 2.997980 1.688569 1.147444 0.877314 0.722914 0.625458 0.559203 0.511597 0.475999 0.448658 0.427347 0.410687 0.397806 0.388156 0.381415 0.377432 0.376211 0.377903 0.382822 0.391472 0.404590 0.423187 0.448586 0.482367 0.526087 0.580446 0.643457 0.707624 0.758260 0.778026 0.758723 0.708501 0.644644 0.581787 0.527369 0.483316 0.448859 0.422368 0.402178 0.386871 0.375320 0.366657 0.360211 0.355466 0.352013 0.349525 0.347731 0.346409 0.345374 0.344477 0.343612 0.342713 0.341759 0.340776 0.339827 0.339009 0.338441 0.338254 0.338580 0.339546 0.341264 0.343830 0.347314 0.351762 0.357185 0.363552 0.370784 0.378743 0.387221 0.395943 0.404567 0.412710 0.419979 0.426024 0.430586 0.433544 0.434934 0.434940 0.433868 0.432101 0.430058 0.428162 0.426827 0.426452 0.427438 0.430219 0.435298 0.443315 0.455152 0.472095 0.496131 0.530504 0.580829 0.657527 0.781712 1.001247 1.442127 2.507506 5.695320 11.005236 5.702084 2.520261 1.459404 1.021012 0.801558 0.674885 0.593171 0.535512 0.491810 0.456830 0.427711 0.402813 0.381152 0.362097 0.345218 0.330201 0.316799 0.304811 0.294065 0.284412 0.275722 0.267879 0.260779 0.254330 0.248447 0.243057 0.238092 0.233489 0.229193 0.225152 0.221321 0.217655 0.214115 0.210665 0.207273 0.203910 0.200550 0.197172 0.193759 0.190297 0.186777 0.183197 0.179555 0.175856 0.172107 0.168319 0.164503
0.162654 0.166498 0.170333 0.174172 0.178036 0.181950 0.185951 0.190078 0.194380 0.198910 0.203726 0.208893 0.214480 0.220558 0.227203 0.234488 0.242485 0.251250 0.260824 0.271210 0.282362 0.294165 0.306412 0.318791 0.330885 0.342197 0.352205 0.360450 0.366631 0.370684 0.372816 0.373477 0.373287 0.372947 0.373162 0.374595 0.377864 0.383562 0.392312 0.404846 0.422116 0.445482 0.476995 0.519926 0.579742 0.666057 0.796701 1.006516 1.365482 2.000844 2.987766 3.646272 2.994385 2.013687 1.383816 1.029354 0.822916 0.694476 0.609231 0.549437 0.505596 0.472358 0.446573 0.426306 0.410331 0.397855 0.388368 0.381556 0.377254 0.375425 0.376150 0.379624 0.386162 0.396205 0.410309 0.429100 0.453151 0.482698 0.517100 0.554038 0.588762 0.614352 0.624031 0.614878 0.589755 0.555376 0.518600 0.484108 0.454148 0.429285 0.409198 0.393224 0.380637 0.370769 0.363051 0.357017 0.352290 0.348568 0.345607 0.343209 0.341214 0.339495 0.337953 0.336520 0.335156 0.333855 0.332637 0.331550 0.330664 0.330063 0.329841 0.330091 0.330904 0.332359 0.334520 0.337435 0.341125 0.345587 0.350783 0.356639 0.363036 0.369811 0.376755 0.383625 0.390156 0.396087 0.401189 0.405300 0.408345 0.410350 0.411439 0.411823 0.411770 0.411590 0.411608 0.412164 0.413606 0.416305 0.420679 0.427236 0.436633 0.449785 0.468039 0.493489 0.529584 0.582378 0.663340 0.796475 1.039275 1.559640 3.038341 11.002375 11.006856 11.010634 3.054028 1.581165 1.064431 0.822637 0.687706 0.602212 0.542416 0.497253 0.461132 0.431059 0.405345 0.382979 0.363315 0.345911 0.330437 0.316632 0.304285 0.293214 0.283262 0.274292 0.266183 0.258830 0.252136 0.246017 0.240398 0.235211 0.230395 0.225894 0.221659 0.217644 0.213807 0.210112 0.206525 0.203015 0.199556 0.196124 0.192699 0.189265 0.185810 0.182325 0.178806 0.175251 0.171662 0.168044 0.164404 0.160751
0.168548 0.172592 0.176599 0.180584 0.184569 0.188589 0.192685 0.196909 0.201318 0.205980 0.210967 0.216363 0.222254 0.228739 0.235919 0.243903 0.252799 0.262710 0.273721 0.285882 0.299183 0.313520 0.328655 0.344180 0.359498 0.373839 0.386341 0.396201 0.402856 0.406144 0.406366 0.404232 0.400699 0.396802 0.393510 0.391657 0.391934 0.394938 0.401231 0.411429 0.426309 0.446947 0.474925 0.512664 0.563963 0.634915 0.735330 0.880462 1.090483 1.376066 1.683137 1.832363 1.689247 1.387913 1.107366 0.901436 0.759296 0.660714 0.590438 0.538705 0.499486 0.469043 0.445015 0.425872 0.410598 0.398512 0.389156 0.382233 0.377572 0.375103 0.374848 0.376908 0.381461 0.388737 0.398998 0.412472 0.429241 0.449047 0.471021 0.493388 0.513350 0.527491 0.532835 0.528165 0.514629 0.495133 0.473021 0.451012 0.430800 0.413166 0.398274 0.385944 0.375841 0.367596 0.360853 0.355301 0.350683 0.346787 0.343447 0.340531 0.337938 0.335591 0.333436 0.331436 0.329578 0.327864 0.326317 0.324974 0.323888 0.323119 0.322733 0.322796 0.323371 0.324512 0.326261 0.328646 0.331675 0.335335 0.339588 0.344366 0.349573 0.355081 0.360734 0.366357 0.371766 0.376782 0.381257 0.385085 0.388220 0.390685 0.392569 0.394023 0.395246 0.396469 0.397953 0.399977 0.402843 0.406888 0.412507 0.420187 0.430569 0.444543 0.463418 0.489208 0.525191 0.577021 0.655170 0.780807 1.001857 1.444378 2.511576 5.701419 11.013558 5.712741 2.533205 1.474358 1.037453 0.818755 0.692006 0.609425 0.550268 0.504665 0.467611 0.436433 0.409617 0.386241 0.365694 0.347535 0.331424 0.317082 0.304278 0.292812 0.282515 0.273236 0.264848 0.257236 0.250301 0.243955 0.238120 0.232727 0.227715 0.223029 0.218619 0.214440 0.210453 0.206621 0.202913 0.199299 0.195755 0.192258 0.188789 0.185335 0.181882 0.178422 0.174950 0.171463 0.167962 0.164449 0.160929 0.157409
0.175198 0.179466 0.183658 0.187789 0.191887 0.195994 0.200160 0.204449 0.208934 0.213695 0.218826 0.224428 0.230614 0.237511 0.245259 0.254009 0.263926 0.275178 0.287925 0.302303 0.318381 0.336117 0.355279 0.375372 0.395557 0.414644 0.431192 0.443758 0.451273 0.453375 0.450561 0.444042 0.435409 0.426272 0.418010 0.411682 0.408049 0.407666 0.410983 0.418450 0.430616 0.448235 0.472386 0.504648 0.547303 0.603585 0.677778 0.774566 0.896007 1.033259 1.154107 1.206180 1.160315 1.045248 0.912985 0.795474 0.701400 0.628645 0.572529 0.528805 0.494272 0.466664 0.444396 0.426355 0.411751 0.400018 0.390756 0.383689 0.378639 0.375516 0.374296 0.375016 0.377756 0.382616 0.389688 0.398996 0.410419 0.423582 0.437732 0.451648 0.463695 0.472087 0.475385 0.473008 0.465461 0.454103 0.440637 0.426611 0.413149 0.400904 0.390146 0.380884 0.372981 0.366234 0.360428 0.355362 0.350870 0.346822 0.343119 0.339695 0.336505 0.333521 0.330728 0.328124 0.325715 0.323516 0.321552 0.319854 0.318463 0.317421 0.316776 0.316572 0.316850 0.317646 0.318985 0.320880 0.323330 0.326317 0.329805 0.333735 0.338028 0.342586 0.347293 0.352022 0.356642 0.361033 0.365094 0.368757 0.371995 0.374829 0.377329 0.379604 0.381808 0.384120 0.386750 0.389930 0.393921 0.399026 0.405603 0.414103 0.425121 0.439475 0.458347 0.483515 0.517776 0.565739 0.635405 0.741466 0.912417 1.205232 1.723255 2.527497 3.066556 2.543937 1.754793 1.249241 0.965164 0.798456 0.691891 0.617278 0.560686 0.515107 0.476934 0.444224 0.415840 0.391037 0.369265 0.350088 0.333143 0.318122 0.304760 0.292832 0.282145 0.272531 0.263848 0.255973 0.248799 0.242232 0.236192 0.230607 0.225414 0.220557 0.215988 0.211662 0.207539 0.203585 0.199768 0.196061 0.192440 0.188883 0.185374 0.181898 0.178442 0.174999 0.171562 0.168128 0.164695 0.161266 0.157843 0.154430
0.182772 0.187295 0.191685 0.195960 0.200154 0.204317 0.208515 0.212824 0.217334 0.222147 0.227374 0.233142 0.239593 0.246891 0.255218 0.264787 0.275835 0.288625 0.303437 0.320547 0.340186 0.362467 0.387267 0.414065 0.441754 0.468517 0.491891 0.509199 0.518314 0.518454 0.510531 0.496810 0.480113 0.463059 0.447650 0.435197 0.426468 0.421878 0.421672 0.426061 0.435320 0.449863 0.470307 0.497518 0.532637 0.577012 0.631892 0.697566 0.771496 0.845463 0.903906 0.928630 0.910903 0.858886 0.790302 0.720400 0.657251 0.603372 0.558525 0.521519 0.491037 0.465912 0.445193 0.428120 0.414095 0.402654 0.393441 0.386194 0.380734 0.376949 0.374788 0.374247 0.375347 0.378119 0.382566 0.388629 0.396132 0.404724 0.413834 0.422655 0.430213 0.435521 0.437823 0.436809 0.432705 0.426182 0.418130 0.409426 0.400765 0.392601 0.385160 0.378488 0.372522 0.367137 0.362194 0.357566 0.353158 0.348907 0.344785 0.340789 0.336931 0.333236 0.329730 0.326441 0.323398 0.320626 0.318153 0.316009 0.314222 0.312824 0.311845 0.311312 0.311252 0.311683 0.312618 0.314060 0.316000 0.318418 0.321281 0.324537 0.328125 0.331967 0.335976 0.340060 0.344128 0.348094 0.351893 0.355479 0.358839 0.361992 0.364994 0.367931 0.370920 0.374105 0.377657 0.381768 0.386664 0.392608 0.399918 0.408999 0.420375 0.434760 0.453156 0.477016 0.508508 0.550964 0.609615 0.692752 0.813107 0.987403 1.224605 1.481039 1.611210 1.505565 1.271830 1.053644 0.892945 0.779501 0.696197 0.630940 0.576884 0.530559 0.490264 0.455069 0.424331 0.397497 0.374060 0.353554 0.335560 0.319711 0.305693 0.293237 0.282118 0.272145 0.263156 0.255013 0.247602 0.240821 0.234585 0.228819 0.223458 0.218445 0.213730 0.209269 0.205023 0.200957 0.197042 0.193250 0.189558 0.185945 0.182396 0.178896 0.175433 0.171998 0.168585 0.165190 0.161811 0.158448 0.155102 0.151775
0.191492 0.196309 0.200912 0.205323 0.209583 0.213757 0.217927 0.222189 0.226655 0.231446 0.236700 0.242570 0.249232 0.256889 0.265781 0.276190 0.288452 0.302959 0.320166 0.340578 0.364711 0.393012 0.425687 0.462413 0.501915 0.541516 0.576968 0.603069 0.615314 0.611925 0.594806 0.568594 0.538632 0.509318 0.483502 0.462656 0.447330 0.437586 0.433298 0.434324 0.440610 0.452231 0.469406 0.492472 0.521820 0.557731 0.600049 0.647593 0.697319 0.743573 0.778418 0.794133 0.787152 0.760170 0.720230 0.674890 0.629711 0.587835 0.550608 0.518327 0.490762 0.467459 0.447895 0.431556 0.417975 0.406744 0.397530 0.390069 0.384171 0.379712 0.376623 0.374879 0.374478 0.375421 0.377683 0.381185 0.385763 0.391139 0.396905 0.402532 0.407426 0.411016 0.412873 0.412813 0.410932 0.407564 0.403179 0.398256 0.393196 0.388266 0.383590 0.379179 0.374960 0.370825 0.366662 0.362388 0.357962 0.353387 0.348707 0.343991 0.339317 0.334767 0.330413 0.326314 0.322520 0.319068 0.315988 0.313305 0.311040 0.309211 0.307835 0.306925 0.306494 0.306547 0.307087 0.308107 0.309595 0.311528 0.313875 0.316593 0.319631 0.322930 0.326424 0.330046 0.333730 0.337418 0.341065 0.344644 0.348148 0.351597 0.355035 0.358532 0.362180 0.366096 0.370417 0.375305 0.380949 0.387575 0.395459 0.404946 0.416486 0.430672 0.448310 0.470516 0.498848 0.535496 0.583482 0.646758 0.729672 0.834491 0.954627 1.064400 1.121434 1.101528 1.026487 0.935930 0.852538 0.780453 0.716616 0.658038 0.603709 0.553918 0.509201 0.469771 0.435435 0.405729 0.380074 0.357880 0.338606 0.321784 0.307017 0.293978 0.282394 0.272043 0.262740 0.254330 0.246685 0.239698 0.233275 0.227338 0.221819 0.216661 0.211812 0.207227 0.202868 0.198700 0.194693 0.190822 0.187063 0.183397 0.179808 0.176281 0.172805 0.169372 0.165974 0.162606 0.159267 0.155954 0.152668 0.149411
0.201658 0.206818 0.211651 0.216180 0.220460 0.224574 0.228630 0.232749 0.237069 0.241738 0.246919 0.252796 0.259580 0.267521 0.276920 0.288145 0.301652 0.318004 0.337897 0.362177 0.391837 0.427955 0.471513 0.522956 0.581370 0.643245 0.701313 0.744953 0.763778 0.753372 0.718273 0.668994 0.616293 0.567582 0.526538 0.494262 0.470524 0.454597 0.445692 0.443156 0.446531 0.455551 0.470111 0.490197 0.515775 0.546618 0.582037 0.620513 0.659335 0.694466 0.721032 0.734632 0.732997 0.716917 0.689732 0.655874 0.619469 0.583609 0.550233 0.520334 0.494244 0.471887 0.452961 0.437064 0.423768 0.412668 0.403407 0.395699 0.389332 0.384168 0.380133 0.377202 0.375375 0.374657 0.375033 0.376442 0.378761 0.381790 0.385249 0.388793 0.392052 0.394681 0.396423 0.397156 0.396913 0.395852 0.394211 0.392232 0.390107 0.387944 0.385749 0.383444 0.380897 0.377959 0.374506 0.370471 0.365860 0.360749 0.355270 0.349581 0.343846 0.338214 0.332807 0.327721 0.323022 0.318758 0.314958 0.311639 0.308813 0.306484 0.304656 0.303329 0.302501 0.302167 0.302319 0.302946 0.304028 0.305543 0.307460 0.309744 0.312352 0.315239 0.318354 0.321648 0.325074 0.328593 0.332175 0.335803 0.339478 0.343218 0.347059 0.351059 0.355292 0.359851 0.364847 0.370414 0.376707 0.383916 0.392272 0.402063 0.413659 0.427536 0.444321 0.464834 0.490146 0.521618 0.560877 0.609600 0.668839 0.737510 0.810023 0.874796 0.917745 0.931551 0.920886 0.895784 0.862126 0.819996 0.768428 0.709486 0.648026 0.589010 0.535633 0.489127 0.449402 0.415736 0.387214 0.362949 0.342173 0.324247 0.308658 0.294993 0.282924 0.272187 0.262568 0.253894 0.246024 0.238838 0.232238 0.226140 0.220475 0.215182 0.210208 0.205508 0.201044 0.196780 0.192689 0.188742 0.184920 0.181201 0.177571 0.174014 0.170521 0.167082 0.163690 0.160339 0.157027 0.153752 0.150512 0.147308
0.213679 0.219251 0.224329 0.228942 0.233166 0.237113 0.240927 0.244766 0.248800 0.253207 0.258179 0.263930 0.270707 0.278809 0.288603 0.300555 0.315259 0.333487 0.356248 0.384863 0.421049 0.466973 0.525184 0.598179 0.687122 0.789019 0.892353 0.974494 1.008717 0.982436 0.908355 0.813320 0.720091 0.640328 0.577184 0.529678 0.495524 0.472416 0.458473 0.452303 0.452955 0.459823 0.472552 0.490931 0.514759 0.543676 0.576916 0.613034 0.649633 0.683296 0.709918 0.725579 0.727740 0.716169 0.693016 0.661979 0.627095 0.591781 0.558410 0.528323 0.502066 0.479654 0.460795 0.445043 0.431900 0.420881 0.411558 0.403582 0.396705 0.390774 0.385722 0.381546 0.378279 0.375958 0.374605 0.374201 0.374673 0.375893 0.377676 0.379801 0.382033 0.384156 0.386008 0.387508 0.388653 0.389514 0.390192 0.390783 0.391332 0.391805 0.392076 0.391942 0.391151 0.389456 0.386673 0.382727 0.377673 0.371686 0.365021 0.357965 0.350793 0.343742 0.336994 0.330678 0.324877 0.319640 0.314989 0.310929 0.307456 0.304560 0.302229 0.300447 0.299200 0.298471 0.298244 0.298499 0.299214 0.300364 0.301921 0.303852 0.306123 0.308697 0.311536 0.314605 0.317871 0.321306 0.324892 0.328620 0.332496 0.336537 0.340774 0.345254 0.350036 0.355195 0.360820 0.367018 0.373914 0.381660 0.390446 0.400503 0.412127 0.425693 0.441676 0.460675 0.483423 0.510777 0.543645 0.582788 0.628425 0.679621 0.733699 0.786419 0.833639 0.873635 0.907032 0.932652 0.942933 0.926118 0.876739 0.802774 0.719759 0.640544 0.571397 0.513630 0.466186 0.427299 0.395239 0.368553 0.346092 0.326972 0.310517 0.296210 0.283653 0.272533 0.262607 0.253680 0.245594 0.238221 0.231454 0.225208 0.219406 0.213987 0.208896 0.204090 0.199527 0.195174 0.191001 0.186982 0.183097 0.179326 0.175652 0.172064 0.168548 0.165097 0.161702 0.158359 0.155064 0.151814 0.148606 0.145442
0.228133 0.234211 0.239548 0.244183 0.248224 0.251838 0.255220 0.258581 0.262134 0.266091 0.270672 0.276119 0.282712 0.290796 0.300806 0.313308 0.329049 0.349036 0.374650 0.407816 0.451249 0.508790 0.585781 0.689237 0.826871 1.002483 1.203393 1.381456 1.457868 1.388880 1.218353 1.025209 0.857716 0.728695 0.634501 0.567601 0.521193 0.490181 0.471017 0.461326 0.459579 0.464839 0.476580 0.494542 0.518582 0.548503 0.583811 0.623387 0.665092 0.705420 0.739506 0.761907 0.768271 0.757222 0.731097 0.694879 0.654161 0.613524 0.575912 0.542791 0.514580 0.491075 0.471742 0.455910 0.442874 0.431973 0.422631 0.414394 0.406952 0.400140 0.393917 0.388335 0.383491 0.379491 0.376419 0.374309 0.373147 0.372864 0.373344 0.374447 0.376022 0.377932 0.380075 0.382395 0.384882 0.387561 0.390464 0.393596 0.396895 0.400201 0.403238 0.405624 0.406908 0.406660 0.404564 0.400505 0.394607 0.387198 0.378734 0.369698 0.360529 0.351577 0.343089 0.335225 0.328073 0.321669 0.316017 0.311101 0.306893 0.303363 0.300479 0.298209 0.296523 0.295394 0.294793 0.294696 0.295075 0.295904 0.297154 0.298796 0.300802 0.303141 0.305786 0.308710 0.311891 0.315311 0.318960 0.322837 0.326949 0.331314 0.335960 0.340924 0.346255 0.352011 0.358261 0.365087 0.372587 0.380878 0.390106 0.400452 0.412147 0.425480 0.440814 0.458595 0.479354 0.503693 0.532239 0.565557 0.604023 0.647732 0.696601 0.750928 0.812371 0.884462 0.970419 1.065256 1.143565 1.161448 1.094728 0.969868 0.833375 0.713481 0.617481 0.542950 0.485172 0.439854 0.403713 0.374371 0.350136 0.329797 0.312481 0.297548 0.284521 0.273040 0.262825 0.253661 0.245375 0.237828 0.230909 0.224523 0.218595 0.213059 0.207860 0.202953 0.198297 0.193858 0.189607 0.185518 0.181571 0.177746 0.174027 0.170402 0.166859 0.163389 0.159985 0.156640 0.153352 0.150116 0.146930 0.143794
0.245857 0.252575 0.258175 0.262714 0.266364 0.269377 0.272041 0.274640 0.277444 0.280701 0.284654 0.289566 0.295742 0.303565 0.313532 0.326306 0.342783 0.364212 0.392372 0.429868 0.480628 0.550728 0.649785 0.793127 1.004406 1.314799 1.741105 2.201893 2.425648 2.208753 1.754933 1.335811 1.032941 0.829656 0.694936 0.605308 0.545660 0.506637 0.482474 0.469627 0.465948 0.470207 0.481805 0.500584 0.526694 0.560435 0.602022 0.651154 0.706279 0.763534 0.815819 0.853253 0.866443 0.851566 0.812963 0.760390 0.703847 0.650305 0.603295 0.563904 0.531862 0.506288 0.486086 0.470127 0.457340 0.446755 0.437554 0.429112 0.421029 0.413134 0.405451 0.398137 0.391409 0.385485 0.380535 0.376666 0.373916 0.372262 0.371638 0.371950 0.373101 0.375003 0.377594 0.380845 0.384756 0.389346 0.394625 0.400558 0.407015 0.413726 0.420241 0.425916 0.429979 0.431653 0.430360 0.425891 0.418485 0.408753 0.397500 0.385535 0.373537 0.361999 0.351234 0.341412 0.332600 0.324801 0.317980 0.312083 0.307050 0.302820 0.299336 0.296546 0.294404 0.292868 0.291900 0.291467 0.291536 0.292078 0.293066 0.294471 0.296269 0.298436 0.300950 0.303794 0.306952 0.310415 0.314181 0.318253 0.322643 0.327367 0.332452 0.337930 0.343839 0.350224 0.357136 0.364634 0.372787 0.381680 0.391416 0.402131 0.413997 0.427235 0.442128 0.459026 0.478355 0.500621 0.526410 0.556407 0.591475 0.632870 0.682775 0.745341 0.828375 0.945301 1.114877 1.348161 1.598893 1.709206 1.560714 1.273581 1.007474 0.810337 0.672350 0.575189 0.504902 0.452410 0.411985 0.379981 0.354028 0.332540 0.314428 0.298924 0.285473 0.273666 0.263193 0.253816 0.245350 0.237647 0.230588 0.224076 0.218031 0.212387 0.207087 0.202084 0.197339 0.192818 0.188490 0.184332 0.180322 0.176441 0.172674 0.169008 0.165432 0.161937 0.158516 0.155162 0.151871 0.148639 0.145465 0.142345
0.268101 0.275659 0.281500 0.285723 0.288619 0.290599 0.292100 0.293524 0.295210 0.297439 0.300465 0.304552 0.310014 0.317261 0.326838 0.339489 0.356243 0.378566 0.408599 0.449602 0.506733 0.588539 0.709921 0.898315 1.207032 1.742753 2.699070 4.190573 5.186242 4.196822 2.711668 1.761903 1.233052 0.931652 0.751175 0.638491 0.566388 0.520244 0.491857 0.476508 0.471497 0.475388 0.487619 0.508308 0.538161 0.578413 0.630700 0.696635 0.776672 0.867632 0.958898 1.030189 1.057789 1.030628 0.960090 0.870124 0.781112 0.703616 0.640613 0.591308 0.553608 0.525229 0.504071 0.488277 0.476208 0.466426 0.457731 0.449227 0.440385 0.431050 0.421386 0.411753 0.402578 0.394251 0.387069 0.381215 0.376773 0.373746 0.372090 0.371734 0.372608 0.374654 0.377842 0.382176 0.387690 0.394432 0.402444 0.411712 0.422101 0.433271 0.444575 0.455004 0.463226 0.467810 0.467627 0.462258 0.452174 0.438553 0.422865 0.406473 0.390406 0.375321 0.361567 0.349271 0.338433 0.328980 0.320806 0.313799 0.307848 0.302854 0.298727 0.295390 0.292777 0.290830 0.289500 0.288745 0.288527 0.288812 0.289573 0.290783 0.292420 0.294465 0.296900 0.299716 0.302904 0.306463 0.310396 0.314711 0.319424 0.324554 0.330127 0.336171 0.342717 0.349798 0.357450 0.365708 0.374615 0.384220 0.394589 0.405807 0.417996 0.431322 0.446008 0.462347 0.480722 0.501623 0.525699 0.553856 0.587472 0.628852 0.682165 0.755313 0.863770 1.038591 1.342615 1.890065 2.749035 3.315638 2.717056 1.827465 1.252049 0.923837 0.729398 0.606201 0.522971 0.463581 0.419244 0.384899 0.357472 0.335015 0.316237 0.300258 0.286455 0.274376 0.263686 0.254129 0.245508 0.237668 0.230485 0.223859 0.217707 0.211962 0.206567 0.201474 0.196644 0.192042 0.187639 0.183410 0.179335 0.175396 0.171577 0.167865 0.164251 0.160724 0.157278 0.153906 0.150604 0.147367 0.144194 0.141081
0.296806 0.305519 0.311520 0.315000 0.316492 0.316706 0.316344 0.315985 0.316048 0.316830 0.318558 0.321466 0.325851 0.332126 0.340868 0.352880 0.369292 0.391723 0.422581 0.465603 0.526894 0.617013 0.755550 0.982151 1.386579 2.204891 4.191859 10.150893 20.082022 10.156479 4.203122 2.222018 1.409861 1.012003 0.792535 0.661874 0.580606 0.529437 0.498192 0.481277 0.475628 0.479744 0.493234 0.516660 0.551563 0.600654 0.668071 0.759493 0.881260 1.036323 1.213179 1.369165 1.434715 1.371281 1.217645 1.043558 0.891794 0.773867 0.686724 0.623792 0.578999 0.547593 0.525944 0.511172 0.500851 0.492859 0.485398 0.477126 0.467315 0.455889 0.443309 0.430328 0.417740 0.406205 0.396183 0.387929 0.381545 0.377028 0.374321 0.373345 0.374033 0.376343 0.380275 0.385876 0.393237 0.402489 0.413772 0.427191 0.442723 0.460063 0.478420 0.496287 0.511371 0.520914 0.522555 0.515374 0.500373 0.479985 0.457016 0.433786 0.411806 0.391849 0.374186 0.358794 0.345510 0.334121 0.324405 0.316159 0.309204 0.303388 0.298580 0.294673 0.291578 0.289218 0.287532 0.286468 0.285981 0.286035 0.286600 0.287649 0.289163 0.291126 0.293527 0.296361 0.299625 0.303326 0.307473 0.312081 0.317170 0.322765 0.328891 0.335577 0.342849 0.350731 0.359243 0.368402 0.378220 0.388711 0.399895 0.411812 0.424531 0.438165 0.452891 0.468969 0.486763 0.506782 0.529756 0.556786 0.589646 0.631406 0.687704 0.769521 0.899754 1.130952 1.601759 2.755340 6.236704 12.046492 6.207814 2.698651 1.519374 1.025827 0.775438 0.629830 0.536381 0.471832 0.424668 0.388661 0.360198 0.337059 0.317811 0.301491 0.287430 0.275147 0.264289 0.254589 0.245841 0.237886 0.230597 0.223869 0.217621 0.211783 0.206298 0.201118 0.196204 0.191522 0.187043 0.182742 0.178600 0.174598 0.170723 0.166960 0.163301 0.159735 0.156257 0.152859 0.149537 0.146286 0.143104 0.139989
0.335139 0.345531 0.351469 0.353345 0.352215 0.349385 0.346030 0.342986 0.340747 0.339556 0.339546 0.340858 0.343727 0.348544 0.355899 0.366635 0.381933 0.403488 0.433813 0.476826 0.538986 0.631630 0.776263 1.017883 1.464217 2.429670 5.188426 20.082861 20.084950 20.087731 5.198247 2.444604 1.484521 1.043929 0.808560 0.670864 0.586076 0.533001 0.500721 0.483355 0.477783 0.482611 0.497740 0.524303 0.564908 0.624258 0.710299 0.836103 1.022146 1.295599 1.671033 2.076520 2.272683 2.080082 1.678378 1.307146 1.038471 0.857874 0.738201 0.658880 0.606582 0.572841 0.552033 0.540042 0.533446 0.529130 0.524305 0.516831 0.505636 0.490874 0.473656 0.455516 0.437896 0.421865 0.408062 0.396775 0.388059 0.381840 0.377993 0.376395 0.376953 0.379628 0.384447 0.391513 0.401012 0.413213 0.428458 0.447122 0.469516 0.495660 0.524873 0.555143 0.582564 0.601555 0.606720 0.595795 0.571172 0.538354 0.502990 0.469008 0.438398 0.411790 0.389086 0.369884 0.353707 0.340097 0.328657 0.319056 0.311022 0.304336 0.298818 0.294325 0.290741 0.287970 0.285935 0.284575 0.283837 0.283682 0.284076 0.284994 0.286417 0.288333 0.290736 0.293626 0.297008 0.300895 0.305303 0.310256 0.315781 0.321909 0.328671 0.336098 0.344217 0.353045 0.362591 0.372851 0.383806 0.395431 0.407695 0.420581 0.434098 0.448305 0.463336 0.479420 0.496916 0.516356 0.538525 0.564630 0.596635 0.637933 0.694769 0.779394 0.917966 1.173623 1.730946 3.337687 12.060943 12.047151 12.032759 3.282289 1.650197 1.070126 0.794843 0.640023 0.542517 0.475932 0.427632 0.390935 0.362020 0.338566 0.319085 0.302584 0.288376 0.275968 0.264998 0.255196 0.246353 0.238306 0.230926 0.224110 0.217775 0.211850 0.206279 0.201016 0.196019 0.191256 0.186698 0.182323 0.178110 0.174041 0.170103 0.166283 0.162572 0.158960 0.155441 0.152009 0.148658 0.145385 0.142186 0.139058
0.388552 0.401590 0.406887 0.405338 0.399192 0.391006 0.382794 0.375738 0.370302 0.366522 0.364282 0.363519 0.364346 0.367106 0.372395 0.381081 0.394365 0.413924 0.442198 0.482932 0.542218 0.630590 0.767609 0.992885 1.396152 2.213435 4.199481 10.157679 20.088038 10.161779 4.207746 2.225997 1.413226 1.014781 0.794761 0.663596 0.581900 0.530425 0.499076 0.482391 0.477531 0.483375 0.500194 0.529730 0.575709 0.645052 0.750411 0.915589 1.187269 1.659241 2.501967 3.816343 4.693616 3.821222 2.511983 1.674900 1.209312 0.944974 0.788278 0.692656 0.634293 0.600257 0.582866 0.576808 0.577541 0.580493 0.581072 0.575511 0.562040 0.541413 0.516249 0.489696 0.464342 0.441810 0.422859 0.407666 0.396096 0.387890 0.382774 0.380523 0.380988 0.384115 0.389957 0.398690 0.410631 0.426258 0.446245 0.471472 0.502983 0.541762 0.588088 0.640111 0.691644 0.730877 0.744004 0.724591 0.679281 0.622046 0.564792 0.513717 0.470617 0.435108 0.406072 0.382319 0.362814 0.346728 0.333411 0.322362 0.313194 0.305606 0.299361 0.294275 0.290202 0.287025 0.284652 0.283009 0.282037 0.281692 0.281937 0.282749 0.284108 0.286007 0.288444 0.291424 0.294961 0.299074 0.303790 0.309142 0.315168 0.321909 0.329407 0.337701 0.346822 0.356789 0.367601 0.379237 0.391645 0.404752 0.418465 0.432692 0.447366 0.462476 0.478102 0.494446 0.511866 0.530909 0.552381 0.577494 0.608160 0.647609 0.701659 0.781460 0.910037 1.139992 1.609940 2.762953 6.243917 12.053368 6.214345 2.704797 1.525093 1.031093 0.780248 0.634198 0.540336 0.475411 0.427910 0.391605 0.362879 0.339506 0.320048 0.303536 0.289297 0.276845 0.265822 0.255961 0.247052 0.238936 0.231483 0.224591 0.218176 0.212171 0.206517 0.201170 0.196090 0.191244 0.186605 0.182151 0.177861 0.173719 0.169712 0.165828 0.162057 0.158391 0.154823 0.151347 0.147959 0.144654 0.141428 0.138280
0.467127 0.484806 0.487963 0.478853 0.462720 0.444843 0.428683 0.415697 0.405973 0.398961 0.393997 0.390631 0.388771 0.388706 0.391066 0.396764 0.407007 0.423384 0.448102 0.484426 0.537480 0.615753 0.734074 0.919807 1.226195 1.759856 2.714330 4.204160 5.198291 4.207435 2.720925 1.769868 1.239780 0.937195 0.755594 0.641875 0.568874 0.522053 0.493359 0.478316 0.474632 0.481569 0.499770 0.531489 0.581353 0.658110 0.778608 0.977464 1.333550 2.054746 3.806184 9.058705 17.812350 9.064817 3.818732 2.074387 1.361294 1.014703 0.827156 0.720229 0.659725 0.629057 0.619254 0.624400 0.638997 0.656312 0.668149 0.666891 0.649033 0.617004 0.577192 0.536222 0.498624 0.466566 0.440586 0.420381 0.405342 0.394831 0.388307 0.385370 0.385774 0.389431 0.396421 0.407006 0.421667 0.441170 0.466667 0.499844 0.543095 0.599607 0.672870 0.764354 0.867118 0.956146 0.990866 0.948892 0.852965 0.743925 0.646925 0.568897 0.508250 0.461305 0.424660 0.395697 0.372520 0.353773 0.338480 0.325930 0.315601 0.307099 0.300125 0.294450 0.289896 0.286324 0.283626 0.281715 0.280526 0.280009 0.280126 0.280852 0.282171 0.284078 0.286575 0.289675 0.293399 0.297776 0.302845 0.308653 0.315250 0.322694 0.331045 0.340356 0.350674 0.362026 0.374413 0.387796 0.402092 0.417169 0.432851 0.448944 0.465267 0.481709 0.498274 0.515134 0.532655 0.551413 0.572224 0.596224 0.625078 0.661444 0.709887 0.778711 0.883700 1.056034 1.358464 1.904960 2.763315 3.329384 2.730196 1.839869 1.263602 0.934470 0.739098 0.614998 0.530927 0.470774 0.425758 0.390814 0.362860 0.339935 0.320739 0.304378 0.290219 0.277802 0.266783 0.256903 0.247960 0.239796 0.232285 0.225327 0.218840 0.212757 0.207022 0.201591 0.196425 0.191493 0.186767 0.182227 0.177854 0.173632 0.169548 0.165590 0.161751 0.158022 0.154396 0.150867 0.147432 0.144086 0.140825 0.137647
0.591215 0.618328 0.615175 0.588229 0.551112 0.515208 0.486022 0.464509 0.449370 0.438645 0.430579 0.424040 0.418652 0.414705 0.412965 0.414484 0.420499 0.432477 0.452281 0.482502 0.526983 0.591685 0.686096 0.825418 1.033191 1.340491 1.764033 2.222313 2.443760 2.224710 1.768850 1.347779 1.043033 0.837941 0.701492 0.610245 0.549149 0.508959 0.484100 0.471342 0.469069 0.476948 0.495915 0.528511 0.579769 0.659200 0.785398 0.997763 1.391055 2.242263 4.674374 17.803025 17.806105 17.810286 4.689307 2.265722 1.424393 1.042934 0.845104 0.737080 0.680620 0.658438 0.662182 0.686952 0.727429 0.774067 0.810910 0.819821 0.792033 0.735220 0.666269 0.599528 0.542266 0.496326 0.460923 0.434455 0.415326 0.402228 0.394192 0.390560 0.390946 0.395212 0.403458 0.416043 0.433643 0.457368 0.488973 0.531250 0.588697 0.668611 0.782442 0.945435 1.165504 1.400346 1.510433 1.391427 1.148292 0.921012 0.752079 0.633508 0.549804 0.489181 0.443994 0.409429 0.382414 0.360939 0.343648 0.329598 0.318117 0.308715 0.301028 0.294780 0.289762 0.285811 0.282803 0.280642 0.279253 0.278582 0.278588 0.279248 0.280546 0.282480 0.285060 0.288304 0.292244 0.296921 0.302387 0.308704 0.315946 0.324192 0.333527 0.344034 0.355785 0.368833 0.383192 0.398821 0.415605 0.433343 0.451745 0.470464 0.489143 0.507503 0.525436 0.543074 0.560829 0.579362 0.599546 0.622433 0.649341 0.682104 0.723628 0.778857 0.856247 0.969484 1.137091 1.369539 1.619907 1.729823 1.580649 1.292498 1.025111 0.826549 0.687105 0.588538 0.516949 0.463287 0.421829 0.388921 0.362176 0.339989 0.321252 0.305178 0.291197 0.278884 0.267919 0.258057 0.249105 0.240911 0.233356 0.226340 0.219786 0.213627 0.207810 0.202292 0.197035 0.192011 0.187192 0.182559 0.178093 0.173781 0.169610 0.165570 0.161652 0.157849 0.154155 0.150564 0.147072 0.143675 0.140369 0.137152
0.806835 0.857437 0.834675 0.761083 0.677039 0.606992 0.556891 0.523857 0.502666 0.488359 0.477154 0.466815 0.456654 0.447189 0.439612 0.435316 0.435662 0.441976 0.455709 0.478692 0.513456 0.563625 0.634328 0.732380 0.865322 1.036808 1.234035 1.408759 1.482095 1.410229 1.236973 1.041209 0.871182 0.739700 0.643124 0.573950 0.525438 0.492608 0.472111 0.461914 0.461051 0.469539 0.488475 0.520396 0.570124 0.646548 0.766626 0.965074 1.320851 2.041916 3.793479 9.046452 17.800949 9.054752 3.810590 2.068911 1.359472 1.017924 0.837463 0.740738 0.695300 0.687350 0.712124 0.769248 0.857925 0.967943 1.066997 1.103505 1.048692 0.930277 0.798630 0.684509 0.595942 0.530415 0.482950 0.449059 0.425372 0.409537 0.399978 0.395698 0.396139 0.401094 0.410686 0.425374 0.446042 0.474161 0.512145 0.564039 0.636971 0.744258 0.912232 1.194424 1.688963 2.453727 2.959338 2.441950 1.666574 1.163382 0.874734 0.702259 0.591902 0.516729 0.462877 0.422771 0.392013 0.367899 0.348684 0.333194 0.320611 0.310351 0.301986 0.295195 0.289738 0.285432 0.282135 0.279742 0.278170 0.277361 0.277274 0.277882 0.279175 0.281154 0.283834 0.287244 0.291424 0.296429 0.302330 0.309211 0.317170 0.326321 0.336784 0.348688 0.362153 0.377280 0.394123 0.412662 0.432766 0.454156 0.476388 0.498879 0.520977 0.542114 0.561973 0.580642 0.598655 0.616912 0.636503 0.658514 0.683921 0.713640 0.748817 0.791317 0.844226 0.911657 0.996217 1.091517 1.170719 1.188997 1.121836 0.995762 0.857522 0.735614 0.637544 0.561033 0.501442 0.454516 0.416971 0.386413 0.361121 0.339857 0.321715 0.306031 0.292302 0.280149 0.269280 0.259466 0.250527 0.242320 0.234729 0.227661 0.221040 0.214805 0.208903 0.203292 0.197938 0.192813 0.187891 0.183155 0.178586 0.174173 0.169904 0.165769 0.161761 0.157873 0.154099 0.150434 0.146875 0.143417 0.140056 0.136790
1.234970 1.363335 1.267572 1.052363 0.857078 0.723334 0.641863 0.595272 0.569180 0.552969 0.539356 0.524390 0.507274 0.489432 0.473165 0.460625 0.453416 0.452678 0.459352 0.474467 0.499361 0.535818 0.586040 0.652225 0.735289 0.832032 0.930774 1.008750 1.039134 1.009252 0.931744 0.833406 0.736960 0.654046 0.587812 0.537295 0.500259 0.474500 0.458313 0.450615 0.450971 0.459643 0.477738 0.507530 0.553111 0.621671 0.726083 0.890342 1.161308 1.632938 2.475846 3.791078 4.670021 3.800267 2.494833 1.663014 1.204610 0.950138 0.807257 0.731521 0.702682 0.713818 0.767286 0.873788 1.050542 1.306513 1.588128 1.720023 1.570716 1.270712 0.994268 0.793554 0.657661 0.566498 0.504853 0.462915 0.434590 0.416115 0.405173 0.400381 0.400988 0.406724 0.417733 0.434580 0.458348 0.490851 0.535086 0.596201 0.683702 0.816956 1.040507 1.473477 2.500973 5.559675 10.648902 5.542847 2.469622 1.431327 0.991488 0.764276 0.629463 0.541425 0.479950 0.434935 0.400827 0.374328 0.353363 0.336555 0.322962 0.311912 0.302921 0.295630 0.289770 0.285136 0.281575 0.278970 0.277234 0.276304 0.276136 0.276707 0.278007 0.280043 0.282837 0.286426 0.290863 0.296221 0.302590 0.310080 0.318826 0.328981 0.340724 0.354246 0.369746 0.387411 0.407384 0.429715 0.454297 0.480786 0.508539 0.536603 0.563817 0.589063 0.611619 0.631485 0.649490 0.667103 0.686016 0.707658 0.732815 0.761454 0.792848 0.826019 0.860320 0.895533 0.930606 0.960784 0.975326 0.960879 0.911764 0.836438 0.751084 0.669095 0.597117 0.536683 0.486844 0.445869 0.412016 0.383798 0.360021 0.339756 0.322285 0.307052 0.293627 0.281675 0.270931 0.261188 0.252278 0.244066 0.236446 0.229327 0.222640 0.216323 0.210329 0.204618 0.199157 0.193919 0.188882 0.184029 0.179344 0.174816 0.170435 0.166191 0.162079 0.158093 0.154227 0.150477 0.146838 0.143308 0.139882 0.136557
2.262506 2.789254 2.300821 1.561456 1.100388 0.859134 0.737965 0.680304 0.654902 0.641960 0.628254 0.607102 0.578483 0.546655 0.516630 0.492006 0.474642 0.465233 0.463965 0.470952 0.486453 0.510897 0.544725 0.587947 0.639305 0.695015 0.747597 0.786262 0.800489 0.785761 0.746531 0.693250 0.636625 0.584034 0.539135 0.503028 0.475508 0.455912 0.443580 0.438082 0.439350 0.447776 0.464359 0.490944 0.530637 0.588520 0.672862 0.797020 0.981746 1.254470 1.630008 2.036654 2.235240 2.046535 1.650464 1.286981 1.028792 0.862464 0.762623 0.711752 0.701861 0.734084 0.820739 0.992676 1.316219 1.914283 2.859477 3.488378 2.843235 1.880939 1.263950 0.918465 0.719962 0.599833 0.523819 0.474342 0.441934 0.421271 0.409283 0.404215 0.405150 0.411768 0.424248 0.443269 0.470104 0.506855 0.556944 0.626167 0.725159 0.875901 1.131491 1.649864 3.080680 10.726980 10.719361 10.700744 3.033119 1.588492 1.063564 0.806661 0.657476 0.561013 0.494054 0.445254 0.408434 0.379944 0.357484 0.339536 0.325057 0.313311 0.303765 0.296028 0.289806 0.284880 0.281082 0.278288 0.276406 0.275369 0.275135 0.275679 0.276995 0.279096 0.282011 0.285787 0.290492 0.296216 0.303074 0.311210 0.320799 0.332052 0.345219 0.360587 0.378474 0.399212 0.423111 0.450387 0.481057 0.514785 0.550707 0.587312 0.622525 0.654131 0.680521 0.701472 0.718455 0.734224 0.751885 0.773884 0.801191 0.832785 0.865584 0.895121 0.917070 0.928868 0.929993 0.920388 0.898729 0.862914 0.812824 0.752237 0.687514 0.624649 0.567439 0.517422 0.474628 0.438350 0.407630 0.381521 0.359181 0.339907 0.323124 0.308370 0.295277 0.283549 0.272951 0.263291 0.254419 0.246208 0.238558 0.231387 0.224626 0.218221 0.212125 0.206301 0.200719 0.195354 0.190187 0.185201 0.180383 0.175723 0.171213 0.166845 0.162613 0.158514 0.154541 0.150691 0.146961 0.143346 0.139844 0.136450
5.326698 10.438094 5.371623 2.346949 1.365467 0.991085 0.837446 0.781906 0.772190 0.775664 0.767758 0.736274 0.685136 0.627233 0.573944 0.531030 0.499905 0.479934 0.469925 0.468784 0.475691 0.490045 0.511248 0.538369 0.569672 0.602130 0.631229 0.651562 0.658464 0.650033 0.628075 0.597148 0.562531 0.528572 0.498083 0.472508 0.452387 0.437797 0.428655 0.424929 0.426760 0.434577 0.449201 0.472002 0.505106 0.551686 0.616292 0.704989 0.824505 0.978167 1.154822 1.312120 1.380766 1.322453 1.176240 1.012284 0.874045 0.774239 0.711921 0.684232 0.691803 0.742553 0.858620 1.095357 1.602842 2.865041 6.683011 13.056165 6.668152 2.834603 1.555311 1.028259 0.768248 0.623527 0.536422 0.481524 0.446367 0.424360 0.411860 0.406851 0.408313 0.415919 0.429910 0.451090 0.480927 0.521786 0.577386 0.653706 0.760985 0.918724 1.170145 1.630631 2.679125 5.745896 10.827444 5.700770 2.600382 1.534533 1.070476 0.823694 0.673811 0.574459 0.504577 0.453320 0.414550 0.384538 0.360894 0.342018 0.326806 0.314475 0.304459 0.296339 0.289805 0.284624 0.280619 0.277660 0.275651 0.274522 0.274231 0.274756 0.276095 0.278263 0.281300 0.285264 0.290237 0.296331 0.303687 0.312487 0.322958 0.335380 0.350097 0.367526 0.388159 0.412557 0.441321 0.475008 0.513982 0.558133 0.606480 0.656749 0.705224 0.747371 0.779479 0.800656 0.813764 0.824431 0.838895 0.861969 0.895624 0.937917 0.982253 1.018083 1.034545 1.026000 0.994776 0.948181 0.893247 0.834179 0.773145 0.711957 0.652726 0.597471 0.547569 0.503581 0.465399 0.432517 0.404258 0.379923 0.358863 0.340513 0.324397 0.310123 0.297369 0.285875 0.275428 0.265858 0.257025 0.248813 0.241130 0.233898 0.227055 0.220548 0.214335 0.208382 0.202662 0.197151 0.191833 0.186694 0.181722 0.176910 0.172251 0.167739 0.163370 0.159139 0.155043 0.151079 0.147242 0.143530 0.139939 0.136465
10.427230 10.450491 10.479396 2.879488 1.512609 1.079435 0.930841 0.907706 0.947892 1.002070 1.016229 0.960730 0.856301 0.744138 0.649452 0.578542 0.528999 0.496470 0.477118 0.468089 0.467360 0.473449 0.485100 0.500979 0.519391 0.538085 0.554279 0.565054 0.568097 0.562481 0.549007 0.529845 0.507740 0.485244 0.464296 0.446153 0.431527 0.420784 0.414118 0.411697 0.413762 0.420710 0.433167 0.452071 0.478742 0.514932 0.562767 0.624365 0.700704 0.789139 0.879556 0.952106 0.983403 0.962619 0.901359 0.823904 0.751255 0.695166 0.660792 0.651276 0.671734 0.733783 0.864484 1.131618 1.736161 3.496263 13.058847 13.051222 13.045512 3.469021 1.693817 1.072252 0.785293 0.630843 0.539694 0.483006 0.447098 0.424897 0.412564 0.408013 0.410221 0.418912 0.434423 0.457715 0.490484 0.535405 0.596549 0.680072 0.795389 0.957338 1.190829 1.541561 2.091220 2.877788 3.362398 2.790667 1.947477 1.379419 1.036661 0.822231 0.680530 0.582312 0.511571 0.459035 0.419044 0.387990 0.363490 0.343919 0.328142 0.315351 0.304956 0.296524 0.289732 0.284337 0.280158 0.277058 0.274939 0.273731 0.273393 0.273904 0.275265 0.277499 0.280653 0.284796 0.290028 0.296480 0.304326 0.313787 0.325150 0.338776 0.355129 0.374790 0.398493 0.427138 0.461801 0.503676 0.553905 0.613168 0.680894 0.754075 0.826174 0.887557 0.929056 0.947646 0.949432 0.946798 0.952738 0.976929 1.024067 1.092207 1.169643 1.233113 1.255005 1.221308 1.142530 1.042806 0.942256 0.850521 0.769752 0.699075 0.637144 0.582917 0.535630 0.494605 0.459153 0.428563 0.402141 0.379237 0.359276 0.341759 0.326267 0.312453 0.300031 0.288767 0.278470 0.268985 0.260184 0.251963 0.244236 0.236930 0.229989 0.223363 0.217014 0.210911 0.205029 0.199349 0.193855 0.188537 0.183387 0.178398 0.173566 0.168888 0.164359 0.159977 0.155739 0.151642 0.147683 0.143859 0.140166 0.136599
5.345216 10.462363 5.404692 2.393989 1.435502 1.100136 1.013801 1.072501 1.239404 1.449745 1.545255 1.409384 1.150310 0.914520 0.745401 0.633121 0.560263 0.513684 0.484889 0.468552 0.461270 0.460742 0.465235 0.473223 0.483152 0.493321 0.501914 0.507216 0.507947 0.503588 0.494506 0.481809 0.466996 0.451592 0.436891 0.423864 0.413171 0.405246 0.400385 0.398834 0.400855 0.406781 0.417062 0.432290 0.453204 0.480645 0.515390 0.557772 0.606958 0.659858 0.710118 0.748473 0.765937 0.758881 0.731700 0.694258 0.656943 0.627702 0.612035 0.614684 0.642066 0.705943 0.830882 1.073747 1.585564 2.850895 6.671182 13.046090 6.659439 2.826977 1.548578 1.022291 0.762963 0.618886 0.532423 0.478201 0.443795 0.422662 0.411219 0.407530 0.410688 0.420525 0.437515 0.462811 0.498399 0.547396 0.614538 0.706881 0.834625 1.011464 1.252355 1.563347 1.915628 2.206228 2.261818 2.011818 1.621825 1.268509 1.003521 0.815337 0.682029 0.586075 0.515522 0.462520 0.421910 0.390254 0.365220 0.345190 0.329023 0.315901 0.305226 0.296556 0.289561 0.283996 0.279674 0.276457 0.274245 0.272971 0.272592 0.273090 0.274470 0.276763 0.280021 0.284327 0.289795 0.296580 0.304884 0.314976 0.327203 0.342020 0.360025 0.382006 0.409003 0.442388 0.483952 0.535968 0.601135 0.682174 0.780598 0.893996 1.011818 1.112926 1.172557 1.180282 1.151126 1.115016 1.099359 1.122344 1.194507 1.318454 1.479252 1.627030 1.682065 1.599241 1.419530 1.218427 1.041589 0.900276 0.790120 0.703507 0.633987 0.577012 0.529547 0.489542 0.455541 0.426441 0.401368 0.379612 0.360587 0.343814 0.328896 0.315514 0.303405 0.292357 0.282196 0.272783 0.264002 0.255756 0.247967 0.240569 0.233508 0.226740 0.220229 0.213949 0.207876 0.201995 0.196295 0.190768 0.185408 0.180212 0.175179 0.170306 0.165592 0.161035 0.156633 0.152385 0.148286 0.144333 0.140523 0.136852
2.298677 2.836394 2.364672 1.651823 1.234658 1.069415 1.085951 1.287838 1.753471 2.531381 3.050960 2.494636 1.673089 1.147753 0.855070 0.688695 0.589964 0.529498 0.492126 0.469559 0.456968 0.451323 0.450529 0.452957 0.457178 0.461843 0.465680 0.467582 0.466764 0.462890 0.456126 0.447064 0.436561 0.425550 0.414893 0.405304 0.397329 0.391372 0.387739 0.386683 0.388445 0.393289 0.401517 0.413473 0.429525 0.449987 0.474982 0.504185 0.536457 0.569454 0.599484 0.622059 0.633367 0.632086 0.620256 0.602508 0.584363 0.570942 0.566706 0.576107 0.604945 0.662642 0.766470 0.950273 1.282214 1.886365 2.836072 3.468398 2.825920 1.865753 1.250520 0.906538 0.709379 0.590517 0.515764 0.467617 0.436686 0.417740 0.407827 0.405348 0.409603 0.420585 0.438931 0.466013 0.504159 0.557091 0.630666 0.734103 0.881856 1.095710 1.403654 1.820540 2.276622 2.536621 2.402159 2.008599 1.588889 1.246623 0.993523 0.811977 0.681751 0.587064 0.516928 0.463955 0.423204 0.391340 0.366075 0.345816 0.329433 0.316110 0.305252 0.296418 0.289278 0.283584 0.279151 0.275840 0.273553 0.272221 0.271804 0.272287 0.273681 0.276018 0.279362 0.283803 0.289473 0.296546 0.305257 0.315915 0.328932 0.344861 0.364445 0.388701 0.419034 0.457411 0.506605 0.570536 0.654657 0.766132 0.912921 1.099330 1.313812 1.510550 1.614332 1.584963 1.469048 1.349504 1.282792 1.296352 1.409678 1.645788 2.014224 2.429747 2.622081 2.388509 1.926432 1.500301 1.188554 0.973685 0.824494 0.717541 0.637872 0.576335 0.527324 0.487330 0.454068 0.425979 0.401950 0.381152 0.362949 0.346847 0.332459 0.319475 0.307653 0.296797 0.286751 0.277388 0.268602 0.260308 0.252432 0.244915 0.237707 0.230766 0.224062 0.217568 0.211268 0.205149 0.199204 0.193429 0.187822 0.182383 0.177113 0.172013 0.167084 0.162324 0.157734 0.153310 0.149051 0.144952 0.141010 0.137219
1.287188 1.430740 1.357908 1.178875 1.043569 1.015406 1.134802 1.514687 2.555104 5.779045 11.181621 5.747778 2.487543 1.399642 0.952410 0.733133 0.612520 0.541275 0.497533 0.470408 0.453943 0.444582 0.440004 0.438538 0.438861 0.439853 0.440553 0.440188 0.438222 0.434416 0.428833 0.421802 0.413833 0.405513 0.397421 0.390073 0.383896 0.379232 0.376354 0.375490 0.376843 0.380607 0.386974 0.396129 0.408216 0.423281 0.441176 0.461418 0.483026 0.504415 0.523468 0.537914 0.546019 0.547309 0.542903 0.535258 0.527540 0.523067 0.525125 0.537227 0.563757 0.611027 0.688815 0.812152 1.000862 1.265534 1.553629 1.690462 1.545010 1.248096 0.974206 0.775681 0.641749 0.552435 0.492631 0.452632 0.426460 0.410484 0.402559 0.401524 0.406939 0.418980 0.438451 0.466934 0.507103 0.563343 0.642927 0.758322 0.931934 1.206221 1.664338 2.454686 3.660056 4.469518 3.714838 2.543930 1.762488 1.295432 1.004356 0.812527 0.680216 0.585623 0.515989 0.463457 0.422997 0.391289 0.366081 0.345813 0.329379 0.315981 0.305035 0.296108 0.288876 0.283095 0.278580 0.275197 0.272847 0.271465 0.271012 0.271476 0.272871 0.275235 0.278637 0.283179 0.289003 0.296304 0.305343 0.316469 0.330153 0.347038 0.368012 0.394324 0.427765 0.470968 0.527897 0.604669 0.710924 0.861972 1.081378 1.400236 1.835889 2.310234 2.560331 2.390596 2.004838 1.676449 1.499539 1.484626 1.653556 2.087817 2.962208 4.379572 5.322712 4.327097 2.850368 1.901586 1.366929 1.055522 0.862076 0.733940 0.644077 0.577907 0.527171 0.486964 0.454233 0.426992 0.403887 0.383964 0.366525 0.351052 0.337155 0.324536 0.312967 0.302269 0.292303 0.282956 0.274133 0.265758 0.257764 0.250094 0.242702 0.235551 0.228611 0.221862 0.215289 0.208884 0.202646 0.196574 0.190673 0.184946 0.179398 0.174032 0.168851 0.163856 0.159048 0.154424 0.149982 0.145717 0.141625 0.137700
0.872991 0.941685 0.945806 0.913990 0.898396 0.948296 1.129032 1.610355 3.084107 11.194278 11.179194 11.169411 3.031089 1.522248 0.994665 0.752085 0.622476 0.546742 0.500088 0.470571 0.451801 0.440042 0.432919 0.428793 0.426447 0.424924 0.423461 0.421478 0.418583 0.414591 0.409519 0.403556 0.397016 0.390281 0.383746 0.377784 0.372719 0.368825 0.366330 0.365422 0.366262 0.368986 0.373711 0.380519 0.389435 0.400385 0.413143 0.427252 0.441976 0.456286 0.468954 0.478788 0.484965 0.487344 0.486618 0.484222 0.482083 0.482369 0.487379 0.499608 0.521982 0.558157 0.612704 0.690541 0.794024 0.914888 1.022071 1.064810 1.014886 0.900406 0.772022 0.660704 0.574650 0.511494 0.466390 0.434985 0.414054 0.401414 0.395704 0.396206 0.402745 0.415668 0.435919 0.465232 0.506530 0.564712 0.648259 0.772726 0.969186 1.307300 1.969443 3.538744 8.184429 15.900943 8.211783 3.585688 2.024926 1.361778 1.016673 0.810418 0.675301 0.581137 0.512592 0.461064 0.421361 0.390171 0.365295 0.345224 0.328893 0.315535 0.304588 0.295635 0.288360 0.282528 0.277960 0.274523 0.272122 0.270695 0.270204 0.270641 0.272021 0.274389 0.277817 0.282415 0.288336 0.295788 0.305055 0.316516 0.330692 0.348302 0.370354 0.398301 0.434286 0.481579 0.545349 0.634132 0.762741 0.958325 1.273426 1.812879 2.766643 4.248060 5.253216 4.332299 2.944720 2.107054 1.726695 1.653592 1.871643 2.560265 4.432768 10.223628 19.924380 10.162403 4.301779 2.340246 1.527127 1.121183 0.890197 0.745673 0.648469 0.579250 0.527627 0.487634 0.455649 0.429361 0.407232 0.388204 0.371529 0.356669 0.343235 0.330942 0.319579 0.308991 0.299057 0.289678 0.280774 0.272275 0.264120 0.256255 0.248636 0.241227 0.234001 0.226941 0.220037 0.213288 0.206696 0.200268 0.194015 0.187945 0.182066 0.176387 0.170912 0.165645 0.160585 0.155731 0.151080 0.146627 0.142366 0.138291
0.669003 0.715711 0.740971 0.757001 0.788200 0.867819 1.050778 1.467514 2.529583 5.766542 11.177103 5.748197 2.490959 1.404742 0.958240 0.738936 0.617646 0.545119 0.499505 0.469918 0.450407 0.437450 0.428808 0.422959 0.418807 0.415529 0.412506 0.409284 0.405568 0.401215 0.396223 0.390706 0.384872 0.378976 0.373296 0.368101 0.363635 0.360112 0.357710 0.356579 0.356838 0.358581 0.361870 0.366731 0.373128 0.380949 0.389967 0.399811 0.409957 0.419742 0.428446 0.435422 0.440269 0.442980 0.444017 0.444274 0.444968 0.447521 0.453472 0.464469 0.482280 0.508771 0.545659 0.593724 0.651021 0.710099 0.756347 0.772523 0.750471 0.698299 0.633210 0.569795 0.515519 0.472395 0.439797 0.416279 0.400418 0.391104 0.387614 0.389610 0.397144 0.410697 0.431293 0.460716 0.501946 0.560014 0.643783 0.769983 0.973451 1.337380 2.104687 4.261548 15.822609 15.834081 15.837968 4.288844 2.138615 1.372656 1.005996 0.797168 0.664123 0.572721 0.506555 0.456827 0.418406 0.388097 0.363809 0.344120 0.328028 0.314811 0.303940 0.295017 0.287744 0.281894 0.277295 0.273820 0.271378 0.269907 0.269375 0.269773 0.271121 0.273464 0.276880 0.281483 0.287433 0.294948 0.304323 0.315960 0.330410 0.348443 0.371149 0.400120 0.437750 0.487770 0.556274 0.653768 0.799652 1.032999 1.441948 2.257612 4.217659 10.059567 19.785741 10.144851 4.398338 2.557311 1.906951 1.754789 1.976082 2.791515 5.411854 19.960025 19.920911 19.893105 5.268219 2.548543 1.590323 1.142919 0.897231 0.747080 0.647979 0.578606 0.527696 0.488831 0.458127 0.433114 0.412154 0.394130 0.378267 0.364023 0.351022 0.339001 0.327781 0.317232 0.307259 0.297785 0.288740 0.280064 0.271696 0.263586 0.255686 0.247961 0.240386 0.232946 0.225639 0.218469 0.211447 0.204589 0.197911 0.191429 0.185158 0.179109 0.173289 0.167704 0.162354 0.157236 0.152348 0.147683 0.143232 0.138988
0.554372 0.591906 0.622915 0.654321 0.699572 0.779079 0.925664 1.199367 1.706357 2.508967 3.043692 2.496746 1.680893 1.158744 0.867404 0.700899 0.600752 0.537658 0.496454 0.468831 0.449949 0.436819 0.427491 0.420628 0.415280 0.410753 0.406540 0.402291 0.397785 0.392919 0.387693 0.382189 0.376554 0.370969 0.365635 0.360749 0.356494 0.353033 0.350501 0.349010 0.348646 0.349468 0.351504 0.354746 0.359137 0.364559 0.370816 0.377624 0.384619 0.391373 0.397455 0.402504 0.406324 0.408956 0.410720 0.412191 0.414155 0.417535 0.423327 0.432553 0.446199 0.465093 0.489643 0.519322 0.551891 0.582666 0.604793 0.611558 0.600083 0.573246 0.537772 0.500545 0.466312 0.437428 0.414604 0.397717 0.386349 0.380084 0.378649 0.381989 0.390323 0.404212 0.424684 0.453450 0.493311 0.548934 0.628442 0.746914 0.934853 1.261410 1.908825 3.461055 8.089739 15.793346 8.099566 3.478971 1.931958 1.286583 0.959234 0.768300 0.645257 0.560076 0.497970 0.450944 0.414332 0.385235 0.361757 0.342602 0.326859 0.313866 0.303131 0.294286 0.287049 0.281207 0.276597 0.273096 0.270618 0.269104 0.268524 0.268870 0.270164 0.272453 0.275816 0.280369 0.286274 0.293752 0.303103 0.314737 0.329215 0.347322 0.370178 0.399424 0.437541 0.488431 0.558532 0.659115 0.811450 1.059842 1.509956 2.469364 5.182616 19.744614 19.780320 19.827817 5.358603 2.760363 1.958915 1.749610 1.913609 2.577216 4.436616 10.219878 19.915875 10.150821 4.288282 2.325784 1.512572 1.107369 0.877910 0.735614 0.641208 0.575187 0.526980 0.490435 0.461757 0.438494 0.419002 0.402156 0.387185 0.373563 0.360947 0.349117 0.337939 0.327325 0.317215 0.307556 0.298295 0.289373 0.280733 0.272316 0.264072 0.255961 0.247959 0.240055 0.232252 0.224565 0.217016 0.209631 0.202437 0.195459 0.188718 0.182230 0.176005 0.170049 0.164363 0.158945 0.153787 0.148882 0.144220 0.139789
0.483480 0.515728 0.546910 0.581236 0.626238 0.692922 0.796351 0.954890 1.178339 1.422375 1.538616 1.415633 1.164397 0.932957 0.765586 0.652932 0.577808 0.527137 0.492389 0.468149 0.450931 0.438426 0.429054 0.421706 0.415587 0.410129 0.404935 0.399745 0.394408 0.388868 0.383144 0.377312 0.371488 0.365814 0.360439 0.355511 0.351166 0.347525 0.344687 0.342731 0.341714 0.341669 0.342601 0.344486 0.347259 0.350813 0.354989 0.359575 0.364318 0.368941 0.373178 0.376825 0.379785 0.382111 0.384023 0.385901 0.388252 0.391666 0.396769 0.404160 0.414347 0.427623 0.443893 0.462404 0.481470 0.498369 0.509751 0.512702 0.506058 0.491017 0.470538 0.448034 0.426317 0.407212 0.391666 0.380048 0.372430 0.368791 0.369141 0.373611 0.382519 0.396450 0.416367 0.443796 0.481153 0.532332 0.603832 0.707019 0.862870 1.112271 1.537280 2.287128 3.449665 4.224718 3.457111 2.300965 1.555678 1.133044 0.883859 0.726327 0.619918 0.543982 0.487405 0.443842 0.409461 0.381826 0.359313 0.340799 0.325481 0.312767 0.302212 0.293478 0.286305 0.280491 0.275883 0.272366 0.269855 0.268296 0.267659 0.267938 0.269155 0.271358 0.274624 0.279068 0.284851 0.292191 0.301382 0.312826 0.327073 0.344889 0.367364 0.396084 0.433437 0.483148 0.551300 0.648384 0.793779 1.026529 1.434724 2.249409 4.208133 10.048181 19.771612 10.126452 4.372863 2.519202 1.844159 1.638026 1.722691 2.115137 2.966478 4.369919 5.304042 4.302412 2.821838 1.871067 1.336192 1.026312 0.836065 0.712624 0.628670 0.569258 0.525724 0.492762 0.466958 0.446020 0.428373 0.412925 0.398934 0.385920 0.373598 0.361821 0.350525 0.339688 0.329298 0.319334 0.309758 0.300512 0.291529 0.282739 0.274077 0.265497 0.256971 0.248493 0.240075 0.231746 0.223544 0.215510 0.207685 0.200104 0.192798 0.185786 0.179084 0.172696 0.166623 0.160859 0.155396 0.150222 0.145324 0.140687
0.436543 0.465011 0.494241 0.526700 0.566353 0.618353 0.688120 0.778614 0.883432 0.976519 1.014884 0.974566 0.879391 0.772305 0.679500 0.607795 0.555001 0.516775 0.489138 0.469009 0.454115 0.442799 0.433852 0.426388 0.419770 0.413554 0.407451 0.401292 0.395006 0.388594 0.382110 0.375642 0.369301 0.363206 0.357475 0.352221 0.347543 0.343527 0.340240 0.337735 0.336041 0.335173 0.335119 0.335846 0.337289 0.339357 0.341921 0.344826 0.347895 0.350944 0.353806 0.356362 0.358563 0.360458 0.362197 0.364031 0.366284 0.369328 0.373542 0.379261 0.386718 0.395965 0.406760 0.418456 0.429923 0.439599 0.445766 0.447052 0.442942 0.434009 0.421690 0.407785 0.393963 0.381499 0.371231 0.363651 0.359033 0.357551 0.359374 0.364737 0.374000 0.387723 0.406754 0.432365 0.466475 0.512014 0.573546 0.658320 0.777919 0.950261 1.198958 1.536354 1.898574 2.074423 1.905486 1.549360 1.216594 0.970693 0.799224 0.678705 0.591464 0.526193 0.475893 0.436180 0.404233 0.378170 0.356689 0.338861 0.324001 0.311593 0.301242 0.292639 0.285546 0.279774 0.275178 0.271649 0.269106 0.267497 0.266792 0.266988 0.268105 0.270188 0.273313 0.277591 0.283176 0.290277 0.299175 0.310249 0.324018 0.341195 0.362784 0.390229 0.425664 0.472342 0.535413 0.623386 0.751033 0.945444 1.259077 1.796630 2.747852 4.225731 5.225743 4.296964 2.896663 2.037008 1.615602 1.458541 1.484903 1.673217 2.013165 2.410326 2.590073 2.347665 1.879670 1.450320 1.138111 0.925622 0.781602 0.682341 0.612393 0.561965 0.524755 0.496571 0.474525 0.456561 0.441201 0.427401 0.414466 0.401989 0.389784 0.377820 0.366148 0.354844 0.343966 0.333535 0.323523 0.313863 0.304464 0.295229 0.286069 0.276920 0.267749 0.258555 0.249366 0.240231 0.231210 0.222367 0.213761 0.205443 0.197453 0.189817 0.182550 0.175658 0.169137 0.162980 0.157173 0.151698 0.146538 0.141674
0.404102 0.429654 0.456382 0.485608 0.519209 0.559214 0.606920 0.661225 0.716204 0.759707 0.777231 0.761917 0.720673 0.668098 0.616532 0.572227 0.536744 0.509343 0.488512 0.472681 0.460460 0.450703 0.442502 0.435163 0.428189 0.421254 0.414180 0.406905 0.399453 0.391901 0.384356 0.376937 0.369763 0.362944 0.356580 0.350754 0.345536 0.340980 0.337126 0.333999 0.331608 0.329948 0.328996 0.328712 0.329037 0.329888 0.331166 0.332753 0.334524 0.336354 0.338134 0.339792 0.341302 0.342702 0.344094 0.345639 0.347544 0.350036 0.353337 0.357623 0.362985 0.369374 0.376547 0.384022 0.391072 0.396791 0.400263 0.400801 0.398168 0.392672 0.385079 0.376398 0.367647 0.359697 0.353209 0.348654 0.346363 0.346592 0.349581 0.355608 0.365039 0.378377 0.396332 0.419902 0.450501 0.490139 0.541655 0.608998 0.697324 0.812219 0.956119 1.118569 1.261556 1.323311 1.269343 1.133292 0.976244 0.835805 0.722318 0.633473 0.563953 0.508921 0.464724 0.428755 0.399160 0.374608 0.354117 0.336949 0.322534 0.310429 0.300283 0.291818 0.284811 0.279087 0.274509 0.270970 0.268393 0.266728 0.265945 0.266041 0.267032 0.268963 0.271905 0.275962 0.281277 0.288046 0.296528 0.307070 0.320141 0.336377 0.356657 0.382219 0.414839 0.457130 0.513026 0.588605 0.693451 0.842793 1.060080 1.376227 1.808300 2.277746 2.520875 2.340783 1.938870 1.583896 1.360586 1.259430 1.257574 1.335662 1.466301 1.592891 1.632222 1.537553 1.349349 1.143254 0.965360 0.827314 0.724809 0.649827 0.595097 0.554995 0.525347 0.503037 0.485685 0.471446 0.458903 0.447032 0.435185 0.423060 0.410635 0.398067 0.385596 0.373448 0.361783 0.350667 0.340074 0.329907 0.320026 0.310281 0.300537 0.290701 0.280731 0.270634 0.260463 0.250299 0.240237 0.230374 0.220795 0.211569 0.202747 0.194361 0.186427 0.178946 0.171911 0.165307 0.159111 0.153302 0.147855 0.142743
0.381290 0.404651 0.429118 0.455296 0.483921 0.515541 0.549983 0.585611 0.618666 0.643491 0.654503 0.649349 0.630545 0.603850 0.575129 0.548375 0.525481 0.506858 0.492107 0.480472 0.471098 0.463159 0.455937 0.448867 0.441557 0.433798 0.425539 0.416850 0.407879 0.398810 0.389826 0.381094 0.372751 0.364908 0.357644 0.351021 0.345076 0.339835 0.335308 0.331495 0.328384 0.325952 0.324165 0.322979 0.322334 0.322161 0.322376 0.322891 0.323612 0.324453 0.325340 0.326225 0.327093 0.327972 0.328926 0.330058 0.331496 0.333377 0.335823 0.338921 0.342689 0.347050 0.351802 0.356607 0.361003 0.364459 0.366469 0.366676 0.364971 0.361541 0.356830 0.351439 0.346013 0.341150 0.337357 0.335036 0.334511 0.336057 0.339936 0.346434 0.355894 0.368755 0.385586 0.407142 0.434406 0.468650 0.511458 0.564647 0.629907 0.707778 0.795433 0.883292 0.953046 0.983172 0.963184 0.902423 0.821520 0.738296 0.662267 0.596515 0.540935 0.494302 0.455208 0.422384 0.394766 0.371482 0.351825 0.335217 0.321189 0.309354 0.299397 0.291063 0.284143 0.278468 0.273908 0.270359 0.267745 0.266017 0.265144 0.265121 0.265964 0.267712 0.270430 0.274214 0.279196 0.285551 0.293512 0.303386 0.315582 0.330643 0.349303 0.372565 0.401813 0.438989 0.486830 0.549208 0.631508 0.740799 0.884903 1.067926 1.278011 1.468862 1.564495 1.523435 1.390093 1.243524 1.133236 1.074074 1.063486 1.091028 1.138579 1.178753 1.181617 1.132205 1.041122 0.933370 0.830298 0.742602 0.672773 0.619309 0.579415 0.550207 0.529082 0.513752 0.502198 0.492647 0.483619 0.474013 0.463199 0.451030 0.437755 0.423861 0.409894 0.396317 0.383427 0.371341 0.360007 0.349258 0.338857 0.328559 0.318150 0.307488 0.296516 0.285260 0.273815 0.262315 0.250909 0.239743 0.228936 0.218583 0.208745 0.199458 0.190735 0.182569 0.174943 0.167831 0.161202 0.155023 0.149260 0.143881
0.365446 0.387335 0.410166 0.434128 0.459364 0.485778 0.512770 0.538963 0.562106 0.579420 0.588515 0.588510 0.580550 0.567274 0.551681 0.536202 0.522331 0.510699 0.501303 0.493738 0.487380 0.481525 0.475504 0.468787 0.461046 0.452187 0.442319 0.431701 0.420663 0.409536 0.398612 0.388120 0.378223 0.369028 0.360595 0.352953 0.346106 0.340046 0.334751 0.330192 0.326336 0.323142 0.320564 0.318551 0.317043 0.315977 0.315283 0.314890 0.314727 0.314730 0.314847 0.315043 0.315308 0.315658 0.316133 0.316797 0.317725 0.318997 0.320676 0.322799 0.325352 0.328258 0.331363 0.334436 0.337185 0.339294 0.340477 0.340545 0.339455 0.337332 0.334452 0.331196 0.327992 0.325260 0.323383 0.322696 0.323490 0.326029 0.330570 0.337386 0.346790 0.359156 0.374942 0.394706 0.419119 0.448951 0.485011 0.527970 0.577994 0.634055 0.692915 0.748196 0.790685 0.811199 0.805211 0.775412 0.729629 0.676465 0.622417 0.571328 0.525023 0.484099 0.448487 0.417800 0.391516 0.369092 0.350010 0.333803 0.320063 0.308441 0.298643 0.290424 0.283583 0.277956 0.273413 0.269852 0.267197 0.265397 0.264422 0.264264 0.264935 0.266471 0.268929 0.272395 0.276987 0.282859 0.290215 0.299317 0.310510 0.324239 0.341091 0.361835 0.387490 0.419397 0.459307 0.509436 0.572410 0.650845 0.746111 0.855585 0.968412 1.062995 1.113868 1.109507 1.063206 1.002138 0.949381 0.916641 0.905979 0.912846 0.927718 0.937734 0.930645 0.900504 0.850537 0.790139 0.729176 0.674391 0.628954 0.593536 0.567451 0.549388 0.537755 0.530780 0.526557 0.523127 0.518667 0.511786 0.501788 0.488771 0.473479 0.456988 0.440368 0.424446 0.409704 0.396286 0.384061 0.372712 0.361827 0.350989 0.339853 0.328197 0.315948 0.303169 0.290031 0.276757 0.263586 0.250730 0.238360 0.226597 0.215514 0.205143 0.195486 0.186524 0.178223 0.170540 0.163430 0.156845 0.150741 0.145073
0.355027 0.376181 0.398187 0.420997 0.444456 0.468194 0.491512 0.513322 0.532200 0.546652 0.555559 0.558619 0.556530 0.550762 0.543074 0.535044 0.527789 0.521881 0.517392 0.513980 0.511008 0.507676 0.503185 0.496901 0.488499 0.478013 0.465799 0.452407 0.438448 0.424475 0.410925 0.398102 0.386188 0.375273 0.365382 0.356497 0.348579 0.341573 0.335421 0.330062 0.325435 0.321480 0.318138 0.315348 0.313049 0.311181 0.309682 0.308492 0.307554 0.306819 0.306246 0.305810 0.305500 0.305325 0.305307 0.305483 0.305897 0.306589 0.307592 0.308914 0.310529 0.312372 0.314329 0.316245 0.317935 0.319209 0.319904 0.319921 0.319249 0.317981 0.316301 0.314467 0.312771 0.311520 0.311007 0.311507 0.313272 0.316544 0.321565 0.328588 0.337896 0.349813 0.364715 0.383033 0.405245 0.431842 0.463247 0.499655 0.540760 0.585353 0.630864 0.673120 0.706737 0.726458 0.729017 0.714376 0.685521 0.647110 0.603958 0.560033 0.518073 0.479650 0.445448 0.415563 0.389765 0.367663 0.348820 0.332806 0.319230 0.307748 0.298069 0.289946 0.283176 0.277593 0.273065 0.269489 0.266788 0.264909 0.263820 0.263510 0.263988 0.265284 0.267449 0.270559 0.274714 0.280050 0.286737 0.294997 0.305107 0.317422 0.332390 0.350576 0.372685 0.399587 0.432311 0.471993 0.519696 0.575994 0.640171 0.709017 0.775710 0.830206 0.862752 0.869461 0.855197 0.830577 0.806209 0.788908 0.780897 0.780492 0.783149 0.782879 0.774292 0.754774 0.725482 0.690418 0.654417 0.621505 0.594251 0.573884 0.560654 0.554136 0.553360 0.556808 0.562382 0.567489 0.569422 0.566008 0.556290 0.540810 0.521292 0.499933 0.478715 0.459017 0.441531 0.426355 0.413158 0.401332 0.390153 0.378909 0.367032 0.354174 0.340249 0.325405 0.309948 0.294262 0.278722 0.263645 0.249264 0.235728 0.223114 0.211439 0.200683 0.190802 0.181734 0.173413 0.165772 0.158747 0.152275 0.146301
0.349089 0.370271 0.392355 0.415167 0.438393 0.461520 0.483800 0.504278 0.521899 0.535713 0.545141 0.550176 0.551438 0.550027 0.547249 0.544327 0.542183 0.541313 0.541742 0.543020 0.544273 0.544341 0.542008 0.536314 0.526833 0.513789 0.497956 0.480398 0.462184 0.444202 0.427076 0.411178 0.396681 0.383624 0.371962 0.361607 0.352450 0.344380 0.337290 0.331079 0.325655 0.320935 0.316844 0.313310 0.310268 0.307658 0.305421 0.303505 0.301862 0.300452 0.299242 0.298211 0.297348 0.296655 0.296142 0.295830 0.295740 0.295893 0.296299 0.296955 0.297831 0.298876 0.300009 0.301124 0.302105 0.302837 0.303228 0.303227 0.302843 0.302146 0.301270 0.300396 0.299737 0.299520 0.299976 0.301329 0.303800 0.307606 0.312967 0.320122 0.329328 0.340878 0.355102 0.372368 0.393072 0.417607 0.446298 0.479289 0.516358 0.556666 0.598464 0.638881 0.673955 0.699123 0.710245 0.704961 0.683760 0.649980 0.608593 0.564533 0.521557 0.481930 0.446679 0.416017 0.389706 0.367307 0.348324 0.332276 0.318731 0.307316 0.297717 0.289671 0.282965 0.277424 0.272912 0.269320 0.266569 0.264602 0.263387 0.262908 0.263173 0.264204 0.266047 0.268766 0.272448 0.277207 0.283184 0.290559 0.299552 0.310434 0.323535 0.339250 0.358044 0.380443 0.407000 0.438213 0.474364 0.515239 0.559718 0.605339 0.648133 0.683220 0.706417 0.716195 0.714565 0.706085 0.695763 0.687285 0.682237 0.680144 0.678989 0.676040 0.668891 0.656412 0.639183 0.619196 0.599092 0.581411 0.568164 0.560723 0.559867 0.565811 0.578112 0.595410 0.615107 0.633257 0.645113 0.646565 0.635896 0.614598 0.586534 0.556154 0.527041 0.501345 0.479886 0.462516 0.448458 0.436581 0.425609 0.414330 0.401794 0.387459 0.371247 0.353481 0.334739 0.315676 0.296892 0.278850 0.261858 0.246085 0.231588 0.218351 0.206309 0.195373 0.185443 0.176417 0.168200 0.160701 0.153840 0.147545
0.347016 0.369025 0.392174 0.416230 0.440782 0.465193 0.488600 0.509978 0.528297 0.542748 0.552963 0.559159 0.562114 0.563004 0.563157 0.563808 0.565903 0.569963 0.575964 0.583247 0.590472 0.595719 0.596853 0.592133 0.580837 0.563537 0.541838 0.517764 0.493180 0.469459 0.447434 0.427495 0.409730 0.394051 0.380286 0.368230 0.357676 0.348434 0.340333 0.333225 0.326981 0.321489 0.316655 0.312396 0.308640 0.305322 0.302388 0.299790 0.297484 0.295436 0.293620 0.292016 0.290612 0.289407 0.288403 0.287608 0.287033 0.286682 0.286558 0.286648 0.286928 0.287355 0.287872 0.288409 0.288892 0.289252 0.289438 0.289426 0.289235 0.288923 0.288590 0.288371 0.288426 0.288931 0.290071 0.292033 0.295009 0.299193 0.304791 0.312026 0.321142 0.332419 0.346175 0.362771 0.382612 0.406131 0.433770 0.465912 0.502785 0.544283 0.589673 0.637128 0.683116 0.721926 0.746196 0.749384 0.729424 0.690421 0.640408 0.587376 0.536835 0.491564 0.452421 0.419221 0.391330 0.367998 0.348502 0.332206 0.318574 0.307165 0.297617 0.289639 0.282996 0.277501 0.273007 0.269399 0.266595 0.264534 0.263180 0.262517 0.262547 0.263290 0.264784 0.267084 0.270264 0.274416 0.279659 0.286134 0.294009 0.303487 0.314801 0.328217 0.344024 0.362516 0.383955 0.408495 0.436075 0.466256 0.498044 0.529758 0.559102 0.583571 0.601188 0.611256 0.614668 0.613516 0.610246 0.606835 0.604308 0.602660 0.601086 0.598414 0.593638 0.586375 0.577088 0.567007 0.557837 0.551422 0.549525 0.553718 0.565349 0.585441 0.614400 0.651365 0.693179 0.733423 0.762775 0.772138 0.757611 0.723072 0.677582 0.630389 0.587783 0.552704 0.525678 0.505814 0.491458 0.480556 0.470902 0.460422 0.447503 0.431284 0.411765 0.389657 0.366063 0.342128 0.318804 0.296754 0.276352 0.257752 0.240951 0.225855 0.212321 0.200190 0.189303 0.179509 0.170673 0.162674 0.155406 0.148779
0.348368 0.372059 0.397373 0.424080 0.451709 0.479473 0.506258 0.530710 0.551468 0.567513 0.578492 0.584885 0.587907 0.589220 0.590585 0.593589 0.599456 0.608913 0.622018 0.637919 0.654566 0.668641 0.676062 0.673264 0.658774 0.633938 0.602193 0.567513 0.533136 0.501096 0.472356 0.447150 0.425309 0.406485 0.390278 0.376301 0.364209 0.353704 0.344536 0.336496 0.329412 0.323141 0.317566 0.312589 0.308130 0.304123 0.300512 0.297250 0.294301 0.291633 0.289223 0.287054 0.285115 0.283399 0.281906 0.280636 0.279590 0.278767 0.278162 0.277761 0.277541 0.277471 0.277508 0.277608 0.277721 0.277807 0.277839 0.277811 0.277743 0.277685 0.277717 0.277943 0.278488 0.279494 0.281111 0.283499 0.286826 0.291270 0.297024 0.304301 0.313344 0.324434 0.337904 0.354152 0.373659 0.397011 0.424919 0.458247 0.498021 0.545362 0.601226 0.665617 0.735850 0.803830 0.854464 0.870333 0.843609 0.783266 0.707608 0.632178 0.565080 0.508670 0.462435 0.424877 0.394387 0.369556 0.349237 0.332531 0.318734 0.307297 0.297795 0.289891 0.283322 0.277884 0.273415 0.269796 0.266937 0.264774 0.263269 0.262404 0.262179 0.262610 0.263729 0.265584 0.268237 0.271765 0.276262 0.281838 0.288621 0.296755 0.306402 0.317731 0.330911 0.346090 0.363362 0.382713 0.403959 0.426659 0.450048 0.473017 0.494215 0.512280 0.526192 0.535590 0.540879 0.543068 0.543399 0.542951 0.542384 0.541857 0.541133 0.539799 0.537539 0.534374 0.530798 0.527778 0.526666 0.529081 0.536843 0.551962 0.576678 0.613414 0.664445 0.730818 0.809938 0.891808 0.956800 0.981753 0.955790 0.889991 0.807715 0.728770 0.663292 0.613922 0.579488 0.557309 0.544133 0.536401 0.530370 0.522445 0.509793 0.491003 0.466337 0.437379 0.406292 0.375101 0.345301 0.317777 0.292914 0.270758 0.251161 0.233879 0.218641 0.205178 0.193247 0.182631 0.173142 0.164623 0.156939 0.149976
0.352779 0.379084 0.407828 0.438884 0.471786 0.505576 0.538702 0.569085 0.594486 0.613157 0.624526 0.629513 0.630268 0.629532 0.630017 0.634032 0.643373 0.659271 0.682224 0.711501 0.744292 0.774881 0.794978 0.796487 0.775904 0.736603 0.686541 0.633853 0.584093 0.539935 0.502058 0.470098 0.443288 0.420786 0.401822 0.385739 0.371999 0.360167 0.349895 0.340903 0.332968 0.325912 0.319593 0.313897 0.308736 0.304039 0.299751 0.295828 0.292235 0.288945 0.285940 0.283202 0.280722 0.278492 0.276508 0.274764 0.273259 0.271986 0.270936 0.270095 0.269442 0.268954 0.268600 0.268349 0.268169 0.268037 0.267941 0.267881 0.267882 0.267986 0.268257 0.268780 0.269656 0.271000 0.272941 0.275617 0.279179 0.283790 0.289634 0.296921 0.305898 0.316860 0.330174 0.346303 0.365851 0.389625 0.418731 0.454719 0.499797 0.557076 0.630702 0.725255 0.842794 0.974669 1.089112 1.134415 1.082080 0.961281 0.824267 0.703122 0.606565 0.532402 0.475782 0.432241 0.398353 0.371636 0.350319 0.333133 0.319155 0.307705 0.298273 0.290471 0.284004 0.278644 0.274217 0.270593 0.267678 0.265406 0.263736 0.262649 0.262145 0.262237 0.262955 0.264340 0.266445 0.269334 0.273082 0.277774 0.283504 0.290374 0.298491 0.307957 0.318862 0.331266 0.345173 0.360501 0.377039 0.394416 0.412073 0.429283 0.445225 0.459119 0.470398 0.478848 0.484656 0.488328 0.490521 0.491850 0.492753 0.493439 0.493936 0.494202 0.494276 0.494410 0.495170 0.497472 0.502596 0.512206 0.528420 0.553974 0.592496 0.648835 0.729222 0.840448 0.985891 1.154631 1.305005 1.368791 1.308202 1.161488 0.997345 0.857930 0.754656 0.684580 0.641153 0.617961 0.609183 0.609040 0.611320 0.609633 0.598691 0.575988 0.542554 0.502036 0.458815 0.416491 0.377305 0.342279 0.311606 0.285028 0.262091 0.242289 0.225143 0.210229 0.197185 0.185708 0.175549 0.166503 0.158400 0.151103
0.359875 0.389806 0.423461 0.461002 0.502154 0.545870 0.589959 0.630970 0.664699 0.687565 0.698289 0.698699 0.692994 0.686126 0.682510 0.685581 0.697973 0.721858 0.758963 0.809849 0.871881 0.935938 0.984436 0.996704 0.962955 0.892836 0.806844 0.722329 0.648103 0.586431 0.536388 0.496026 0.463364 0.436719 0.414755 0.396443 0.380997 0.367813 0.356429 0.346483 0.337697 0.329853 0.322784 0.316360 0.310484 0.305083 0.300100 0.295496 0.291241 0.287312 0.283693 0.280370 0.277334 0.274577 0.272092 0.269873 0.267913 0.266202 0.264730 0.263483 0.262442 0.261588 0.260897 0.260349 0.259922 0.259602 0.259386 0.259280 0.259305 0.259500 0.259919 0.260631 0.261721 0.263286 0.265436 0.268294 0.271996 0.276697 0.282575 0.289838 0.298740 0.309597 0.322817 0.338943 0.358720 0.383209 0.413977 0.453407 0.505249 0.575531 0.674007 0.815899 1.021409 1.301372 1.602201 1.745548 1.597782 1.292950 1.009742 0.801966 0.658863 0.560183 0.490563 0.440058 0.402438 0.373758 0.351466 0.333861 0.319774 0.308381 0.299084 0.291441 0.285121 0.279873 0.275511 0.271895 0.268925 0.266533 0.264680 0.263348 0.262535 0.262258 0.262545 0.263432 0.264967 0.267204 0.270204 0.274031 0.278755 0.284445 0.291170 0.298987 0.307936 0.318026 0.329220 0.341413 0.354412 0.367922 0.381544 0.394796 0.407162 0.418174 0.427494 0.434986 0.440735 0.445005 0.448164 0.450583 0.452573 0.454349 0.456063 0.457857 0.459955 0.462750 0.466879 0.473295 0.483337 0.498847 0.522396 0.557671 0.610189 0.688492 0.806040 0.983493 1.248025 1.614356 2.012040 2.205829 2.019427 1.629892 1.273282 1.020940 0.859144 0.761788 0.709201 0.688456 0.690357 0.706437 0.726718 0.739342 0.733382 0.703753 0.653740 0.592211 0.528381 0.468538 0.415653 0.370405 0.332282 0.300323 0.273497 0.250869 0.231651 0.215201 0.201004 0.188654 0.177824 0.168258 0.159748 0.152128
0.369192 0.403807 0.444075 0.490810 0.544397 0.604126 0.667185 0.727728 0.777216 0.807364 0.814837 0.803722 0.783143 0.762677 0.749545 0.748489 0.762986 0.796586 0.853759 0.939538 1.056141 1.193351 1.313901 1.357104 1.289241 1.143887 0.981524 0.839081 0.726246 0.640047 0.574513 0.524216 0.485018 0.453938 0.428868 0.408305 0.391167 0.376659 0.364189 0.353312 0.343688 0.335058 0.327230 0.320058 0.313439 0.307299 0.301585 0.296262 0.291306 0.286701 0.282433 0.278495 0.274876 0.271570 0.268569 0.265864 0.263444 0.261301 0.259419 0.257786 0.256383 0.255195 0.254202 0.253387 0.252738 0.252246 0.251910 0.251739 0.251754 0.251987 0.252485 0.253306 0.254522 0.256217 0.258488 0.261445 0.265213 0.269939 0.275796 0.282992 0.291790 0.302524 0.315642 0.331761 0.351758 0.376937 0.409307 0.452097 0.510738 0.594810 0.722118 0.927476 1.280787 1.909104 2.887646 3.539085 2.885114 1.904306 1.274214 0.919773 0.714001 0.586983 0.503834 0.446633 0.405665 0.375364 0.352369 0.334559 0.320533 0.309333 0.300281 0.292884 0.286779 0.281694 0.277428 0.273834 0.270808 0.268284 0.266224 0.264613 0.263455 0.262770 0.262587 0.262943 0.263882 0.265451 0.267701 0.270683 0.274446 0.279039 0.284500 0.290861 0.298129 0.306289 0.315285 0.325012 0.335308 0.345947 0.356641 0.367067 0.376891 0.385818 0.393637 0.400256 0.405714 0.410158 0.413808 0.416907 0.419691 0.422371 0.425151 0.428266 0.432038 0.436943 0.443677 0.453250 0.467095 0.487275 0.516833 0.560460 0.625776 0.725893 0.884784 1.148859 1.610824 2.438784 3.732375 4.597769 3.743833 2.462802 1.649709 1.206326 0.966266 0.838921 0.780316 0.768874 0.792690 0.841629 0.900815 0.947007 0.954247 0.909907 0.824532 0.721648 0.621257 0.533447 0.460706 0.401825 0.354437 0.316160 0.284980 0.259308 0.237927 0.219915 0.204573 0.191368 0.179893 0.169832 0.160938 0.153017
0.380087 0.420398 0.469105 0.528326 0.600153 0.685610 0.782359 0.881154 0.963745 1.008618 1.005878 0.966379 0.912704 0.864439 0.832664 0.822449 0.837090 0.881542 0.965226 1.104471 1.321976 1.629915 1.965391 2.119744 1.936527 1.572082 1.234858 0.987317 0.816476 0.698310 0.614581 0.553456 0.507502 0.472012 0.443935 0.421233 0.402507 0.386764 0.373280 0.361520 0.351085 0.341675 0.333072 0.325120 0.317712 0.310777 0.304269 0.298164 0.292446 0.287106 0.282138 0.277537 0.273296 0.269408 0.265864 0.262654 0.259765 0.257183 0.254895 0.252885 0.251135 0.249630 0.248354 0.247291 0.246433 0.245773 0.245312 0.245060 0.245034 0.245263 0.245787 0.246656 0.247932 0.249688 0.252010 0.254998 0.258770 0.263463 0.269245 0.276325 0.284968 0.295524 0.308466 0.324464 0.344493 0.370032 0.403422 0.448543 0.512193 0.607093 0.759138 1.027161 1.566123 2.871798 6.785877 13.308385 6.784784 2.869789 1.563530 1.024426 0.756763 0.605586 0.512027 0.450119 0.407051 0.375924 0.352756 0.335108 0.321409 0.310603 0.301951 0.294922 0.289123 0.284266 0.280137 0.276582 0.273498 0.270821 0.268518 0.266584 0.265031 0.263885 0.263182 0.262962 0.263270 0.264149 0.265643 0.267792 0.270635 0.274202 0.278515 0.283584 0.289403 0.295941 0.303139 0.310902 0.319098 0.327554 0.336065 0.344405 0.352353 0.359716 0.366358 0.372216 0.377307 0.381722 0.385604 0.389127 0.392483 0.395873 0.399523 0.403709 0.408802 0.415320 0.423999 0.435885 0.452489 0.476034 0.509922 0.559619 0.634462 0.751626 0.945681 1.294676 2.003559 3.727179 8.897144 17.513914 8.912420 3.759198 2.055434 1.371548 1.055364 0.905580 0.849125 0.857904 0.921849 1.035206 1.181237 1.313294 1.358253 1.275271 1.102916 0.911617 0.744347 0.612228 0.511605 0.435359 0.377045 0.331757 0.295972 0.267201 0.243685 0.224168 0.207743 0.193745 0.181677 0.171166 0.161926 0.153736
0.391676 0.438448 0.497254 0.572519 0.670049 0.796247 0.954366 1.134273 1.297004 1.378700 1.344174 1.229788 1.100705 0.997506 0.932565 0.906115 0.917684 0.972252 1.085984 1.296517 1.683824 2.395620 3.519567 4.263906 3.485056 2.326605 1.580185 1.157681 0.910287 0.755946 0.653604 0.582104 0.529939 0.490494 0.459760 0.435189 0.415082 0.398261 0.383880 0.371317 0.360113 0.349929 0.340527 0.331743 0.323472 0.315654 0.308260 0.301277 0.294706 0.288547 0.282804 0.277475 0.272557 0.268042 0.263919 0.260176 0.256798 0.253768 0.251068 0.248681 0.246590 0.244776 0.243224 0.241922 0.240859 0.240030 0.239437 0.239086 0.238995 0.239187 0.239696 0.240565 0.241849 0.243611 0.245929 0.248894 0.252614 0.257221 0.262876 0.269783 0.278206 0.288496 0.301138 0.316820 0.336556 0.361896 0.395312 0.440945 0.506142 0.604927 0.766765 1.062339 1.698131 3.511181 13.296006 13.296243 13.296070 3.511433 1.698807 1.063758 0.769297 0.608956 0.512037 0.449030 0.405847 0.375064 0.352456 0.335461 0.322439 0.312288 0.304237 0.297730 0.292355 0.287807 0.283863 0.280366 0.277214 0.274349 0.271753 0.269431 0.267411 0.265733 0.264442 0.263586 0.263213 0.263368 0.264089 0.265412 0.267363 0.269963 0.273222 0.277139 0.281695 0.286857 0.292567 0.298742 0.305275 0.312035 0.318871 0.325625 0.332146 0.338303 0.344005 0.349209 0.353926 0.358216 0.362184 0.365965 0.369721 0.373643 0.377961 0.382964 0.389041 0.396723 0.406750 0.420174 0.438516 0.464045 0.500276 0.552956 0.632083 0.756491 0.965404 1.352475 2.190637 4.585250 17.506210 17.513819 17.524890 4.624437 2.254253 1.447151 1.101581 0.950302 0.908511 0.950958 1.080287 1.314742 1.663860 2.050836 2.228744 2.012587 1.585019 1.190184 0.901050 0.702153 0.565156 0.468564 0.398435 0.346010 0.305747 0.274068 0.248602 0.227741 0.210364 0.195676 0.183099 0.172205 0.162672 0.154254
0.402809 0.456274 0.526120 0.620282 0.751379 0.938849 1.208302 1.573697 1.969030 2.173522 2.021849 1.680760 1.372585 1.165186 1.047120 0.996688 1.001416 1.062450 1.201289 1.481521 2.081720 3.580545 8.130701 15.732494 8.088377 3.496116 1.955537 1.313699 0.990757 0.805213 0.687961 0.608440 0.551523 0.509044 0.476260 0.450240 0.429058 0.411390 0.396280 0.383026 0.371110 0.360158 0.349913 0.340212 0.330965 0.322134 0.313713 0.305717 0.298163 0.291070 0.284449 0.278305 0.272637 0.267435 0.262686 0.258375 0.254480 0.250982 0.247859 0.245089 0.242654 0.240532 0.238708 0.237167 0.235898 0.234897 0.234161 0.233698 0.233520 0.233648 0.234109 0.234941 0.236191 0.237916 0.240185 0.243080 0.246703 0.251175 0.256651 0.263325 0.271453 0.281375 0.293565 0.308691 0.327740 0.352211 0.384476 0.428458 0.491012 0.584926 0.736170 1.003648 1.542383 2.848195 6.762795 13.286198 6.763836 2.850373 1.545877 1.008703 0.743080 0.594002 0.502562 0.442764 0.401772 0.372672 0.351461 0.335683 0.323744 0.314556 0.307349 0.301555 0.296749 0.292612 0.288911 0.285487 0.282244 0.279139 0.276170 0.273368 0.270780 0.268469 0.266496 0.264921 0.263800 0.263180 0.263098 0.263585 0.264661 0.266339 0.268619 0.271493 0.274937 0.278915 0.283374 0.288242 0.293433 0.298845 0.304366 0.309882 0.315287 0.320490 0.325429 0.330075 0.334437 0.338562 0.342530 0.346454 0.350477 0.354775 0.359572 0.365156 0.371908 0.380346 0.391186 0.405437 0.424553 0.450696 0.487205 0.539496 0.616867 0.736475 0.932889 1.284182 1.995344 3.721295 8.893754 17.513345 8.915256 3.766433 2.068753 1.393841 1.091730 0.965376 0.950332 1.036927 1.256214 1.695198 2.523107 3.840008 4.714374 3.802266 2.445355 1.572485 1.079919 0.792822 0.614789 0.497590 0.416365 0.357591 0.313501 0.279408 0.252359 0.230422 0.212294 0.197066 0.184092 0.172900 0.163139 0.154545
0.412145 0.471690 0.552045 0.665484 0.834532 1.102843 1.557612 2.356920 3.594578 4.431097 3.653790 2.477101 1.742380 1.357929 1.168281 1.090018 1.086141 1.148048 1.295784 1.604212 2.311632 4.396326 15.801118 15.772668 15.747591 4.289744 2.153142 1.395528 1.037989 0.838711 0.714711 0.631283 0.571832 0.527594 0.493552 0.466618 0.444756 0.426540 0.410926 0.397132 0.384578 0.372854 0.361690 0.350939 0.340541 0.330499 0.320849 0.311643 0.302927 0.294741 0.287106 0.280035 0.273523 0.267560 0.262126 0.257200 0.252754 0.248763 0.245199 0.242035 0.239248 0.236815 0.234715 0.232933 0.231455 0.230275 0.229389 0.228799 0.228517 0.228557 0.228944 0.229709 0.230893 0.232545 0.234728 0.237516 0.241001 0.245296 0.250543 0.256926 0.264683 0.274132 0.285713 0.300043 0.318020 0.340983 0.371003 0.411400 0.467720 0.549689 0.675269 0.879433 1.232221 1.860787 2.840391 3.493689 2.842299 1.864679 1.238249 0.887804 0.686238 0.563534 0.484726 0.431837 0.395109 0.368943 0.349947 0.335962 0.325541 0.317667 0.311590 0.306743 0.302686 0.299085 0.295694 0.292353 0.288977 0.285544 0.282084 0.278663 0.275363 0.272277 0.269491 0.267085 0.265122 0.263655 0.262722 0.262349 0.262552 0.263334 0.264691 0.266607 0.269056 0.271999 0.275388 0.279161 0.283246 0.287564 0.292028 0.296555 0.301067 0.305500 0.309810 0.313979 0.318016 0.321959 0.325876 0.329863 0.334046 0.338589 0.343701 0.349654 0.356807 0.365646 0.376832 0.391287 0.410325 0.435868 0.470826 0.519776 0.590259 0.695347 0.859015 1.127716 1.594243 2.426841 3.725357 4.596275 3.748944 2.476362 1.674826 1.248297 1.034358 0.949990 0.966606 1.096144 1.406601 2.103370 3.862407 9.208148 18.138773 9.171602 3.787250 1.985120 1.237555 0.863829 0.650917 0.517728 0.428398 0.365174 0.318477 0.282772 0.254678 0.232037 0.213417 0.197836 0.184601 0.173212 0.163301 0.154588
0.418355 0.482349 0.570612 0.699278 0.900868 1.248795 1.935737 3.577110 8.457648 16.578103 8.524150 3.712370 2.144371 1.537959 1.280466 1.182328 1.174613 1.234386 1.370594 1.641274 2.225258 3.704797 8.236375 15.822515 8.166250 3.564929 2.017588 1.370499 1.043217 0.853879 0.733220 0.650658 0.591117 0.546483 0.512027 0.484773 0.462694 0.444309 0.428488 0.414357 0.401259 0.388740 0.376529 0.364512 0.352691 0.341140 0.329964 0.319269 0.309144 0.299652 0.290827 0.282682 0.275211 0.268394 0.262205 0.256608 0.251571 0.247055 0.243027 0.239454 0.236305 0.233552 0.231171 0.229143 0.227451 0.226085 0.225038 0.224311 0.223909 0.223845 0.224136 0.224810 0.225901 0.227453 0.229520 0.232168 0.235481 0.239562 0.244538 0.250577 0.257895 0.266776 0.277612 0.290942 0.307531 0.328492 0.355478 0.391013 0.439035 0.505807 0.601353 0.741170 0.945705 1.225971 1.528454 1.674773 1.531157 1.231449 0.954096 0.752671 0.616210 0.524297 0.461452 0.417651 0.386608 0.364340 0.348258 0.336609 0.328157 0.321985 0.317380 0.313770 0.310694 0.307788 0.304787 0.301527 0.297939 0.294039 0.289906 0.285660 0.281439 0.277378 0.273600 0.270206 0.267275 0.264863 0.263010 0.261736 0.261049 0.260947 0.261418 0.262439 0.263979 0.266002 0.268459 0.271296 0.274453 0.277863 0.281460 0.285179 0.288962 0.292761 0.296547 0.300306 0.304049 0.307809 0.311643 0.315634 0.319897 0.324576 0.329864 0.336007 0.343334 0.352277 0.363423 0.377576 0.395855 0.419860 0.451922 0.495538 0.556096 0.642073 0.766934 0.951406 1.222795 1.596026 2.000950 2.202751 2.025784 1.648119 1.307456 1.077924 0.950755 0.909130 0.951923 1.106415 1.461394 2.295042 4.752634 18.155491 18.136561 18.120716 4.681310 2.183361 1.302935 0.891088 0.664170 0.524902 0.432593 0.367765 0.320135 0.283849 0.255374 0.232470 0.213661 0.197938 0.184594 0.173120 0.163139 0.154371
0.420416 0.486355 0.577977 0.713022 0.928428 1.312310 2.121271 4.394039 16.558114 16.592459 16.632933 4.546708 2.358068 1.643059 1.366531 1.274634 1.279977 1.345185 1.459468 1.647876 1.994126 2.658329 3.738700 4.448203 3.643541 2.466537 1.706596 1.273661 1.017555 0.855451 0.746017 0.668132 0.610458 0.566532 0.532396 0.505409 0.483643 0.465576 0.449960 0.435781 0.422264 0.408895 0.395413 0.381778 0.368105 0.354590 0.341448 0.328870 0.316995 0.305914 0.295670 0.286271 0.277699 0.269920 0.262890 0.256560 0.250882 0.245806 0.241289 0.237287 0.233762 0.230680 0.228011 0.225731 0.223818 0.222260 0.221045 0.220170 0.219636 0.219452 0.219631 0.220195 0.221173 0.222602 0.224529 0.227013 0.230127 0.233961 0.238632 0.244284 0.251107 0.259349 0.269339 0.281525 0.296522 0.315191 0.338750 0.368934 0.408222 0.460082 0.529086 0.620266 0.736094 0.868221 0.985003 1.034664 0.988460 0.875207 0.746752 0.634802 0.547761 0.483204 0.436126 0.401971 0.377264 0.359493 0.346858 0.338036 0.332019 0.327997 0.325286 0.323293 0.321509 0.319513 0.317003 0.313801 0.309867 0.305275 0.300185 0.294806 0.289356 0.284037 0.279017 0.274426 0.270359 0.266874 0.264006 0.261769 0.260161 0.259169 0.258772 0.258941 0.259640 0.260827 0.262457 0.264479 0.266840 0.269483 0.272353 0.275399 0.278576 0.281847 0.285190 0.288596 0.292076 0.295657 0.299390 0.303347 0.307627 0.312359 0.317711 0.323903 0.331219 0.340035 0.350848 0.364325 0.381372 0.403233 0.431642 0.469036 0.518849 0.585845 0.676270 0.797014 0.951638 1.129486 1.289264 1.363272 1.314478 1.182267 1.037129 0.924168 0.859869 0.850442 0.906855 1.058764 1.382456 2.087410 3.851699 9.200911 18.133881 9.168317 3.785071 1.983702 1.236651 0.863264 0.650565 0.517497 0.428222 0.365008 0.318289 0.282540 0.254390 0.231688 0.213003 0.197358 0.184061 0.172615 0.162651 0.153891
0.417886 0.482912 0.572528 0.702945 0.906780 1.257568 1.948144 3.594131 8.480563 16.608645 8.564772 3.766716 2.218024 1.639455 1.422087 1.378678 1.434029 1.537328 1.641879 1.733815 1.856279 2.062209 2.313249 2.406113 2.180763 1.787845 1.430657 1.167796 0.983810 0.853468 0.758272 0.686675 0.631702 0.589009 0.555672 0.529503 0.508689 0.491615 0.476820 0.463040 0.449292 0.434960 0.419818 0.403974 0.387755 0.371571 0.355813 0.340786 0.326696 0.313655 0.301703 0.290828 0.280985 0.272115 0.264148 0.257013 0.250641 0.244967 0.239932 0.235480 0.231565 0.228143 0.225178 0.222639 0.220500 0.218743 0.217353 0.216321 0.215646 0.215331 0.215385 0.215825 0.216673 0.217962 0.219731 0.222031 0.224924 0.228490 0.232828 0.238063 0.244355 0.251910 0.260996 0.271966 0.285288 0.301584 0.321685 0.346678 0.377953 0.417149 0.465879 0.524880 0.592169 0.660162 0.713985 0.736078 0.718171 0.668614 0.605045 0.542414 0.488371 0.444963 0.411503 0.386414 0.368070 0.355070 0.346269 0.340731 0.337659 0.336333 0.336075 0.336228 0.336182 0.335409 0.333523 0.330323 0.325808 0.320156 0.313663 0.306681 0.299552 0.292570 0.285966 0.279900 0.274476 0.269751 0.265748 0.262466 0.259887 0.257985 0.256725 0.256068 0.255970 0.256387 0.257269 0.258567 0.260233 0.262214 0.264465 0.266942 0.269607 0.272431 0.275397 0.278498 0.281743 0.285158 0.288783 0.292680 0.296935 0.301658 0.306994 0.313128 0.320302 0.328825 0.339105 0.351668 0.367211 0.386647 0.411179 0.442367 0.482187 0.532969 0.597030 0.675571 0.766242 0.859377 0.935780 0.972868 0.960559 0.911086 0.849546 0.798487 0.772534 0.781974 0.839219 0.966825 1.210635 1.664935 2.502757 3.826256 4.705101 3.796070 2.441282 1.569869 1.078287 0.791831 0.614195 0.497215 0.416082 0.357312 0.313166 0.278977 0.251809 0.229742 0.211479 0.196119 0.183019 0.171709 0.161842 0.153151
0.411013 0.472602 0.555643 0.672568 0.846100 1.120138 1.582190 2.390756 3.640231 4.492009 3.734829 2.585565 1.889807 1.563169 1.462013 1.518481 1.701543 1.949184 2.107553 2.065473 1.933153 1.846384 1.810747 1.754834 1.626086 1.443027 1.255591 1.093757 0.963219 0.859439 0.776583 0.710206 0.657256 0.615507 0.583105 0.558298 0.539304 0.524269 0.511314 0.498694 0.485027 0.469511 0.452008 0.432935 0.413022 0.393057 0.373702 0.355423 0.338488 0.323007 0.308986 0.296368 0.285059 0.274953 0.265943 0.257925 0.250802 0.244488 0.238904 0.233982 0.229661 0.225889 0.222620 0.219816 0.217446 0.215485 0.213914 0.212720 0.211896 0.211441 0.211361 0.211665 0.212373 0.213509 0.215107 0.217208 0.219866 0.223149 0.227138 0.231939 0.237682 0.244532 0.252698 0.262447 0.274114 0.288123 0.304999 0.325361 0.349891 0.379206 0.413575 0.452382 0.493304 0.531559 0.560165 0.572300 0.565067 0.541454 0.508377 0.472910 0.439922 0.411820 0.389303 0.372167 0.359844 0.351675 0.347009 0.345227 0.345710 0.347802 0.350784 0.353871 0.356253 0.357188 0.356126 0.352806 0.347302 0.339975 0.331361 0.322049 0.312571 0.303353 0.294695 0.286785 0.279724 0.273552 0.268264 0.263835 0.260221 0.257375 0.255243 0.253772 0.252909 0.252600 0.252794 0.253439 0.254486 0.255888 0.257602 0.259589 0.261817 0.264260 0.266903 0.269742 0.272782 0.276044 0.279563 0.283390 0.287596 0.292272 0.297538 0.303546 0.310492 0.318624 0.328256 0.339791 0.353735 0.370724 0.391539 0.417105 0.448446 0.486521 0.531856 0.583838 0.639646 0.693272 0.735892 0.759019 0.759548 0.742439 0.718300 0.698681 0.693406 0.710984 0.760854 0.856429 1.018165 1.273216 1.635855 2.031930 2.216066 2.004208 1.579610 1.186807 0.899033 0.701011 0.564539 0.468220 0.398184 0.345728 0.305351 0.273504 0.247840 0.226767 0.209176 0.194280 0.181506 0.170430 0.160732 0.152167
0.400622 0.457095 0.530919 0.630273 0.768077 0.964149 1.244580 1.623953 2.037117 2.264557 2.142987 1.842759 1.593002 1.475002 1.504593 1.715734 2.196742 3.000488 3.561032 3.064829 2.318295 1.872515 1.646438 1.512452 1.400284 1.287144 1.174601 1.068490 0.971588 0.884660 0.808308 0.743242 0.689819 0.647736 0.616046 0.593268 0.577459 0.566256 0.556976 0.546927 0.533914 0.516773 0.495587 0.471443 0.445874 0.420337 0.395911 0.373242 0.352617 0.334088 0.317565 0.302894 0.289897 0.278397 0.268230 0.259247 0.251314 0.244318 0.238157 0.232744 0.228003 0.223871 0.220291 0.217217 0.214612 0.212444 0.210688 0.209328 0.208350 0.207750 0.207528 0.207690 0.208249 0.209223 0.210641 0.212535 0.214950 0.217941 0.221576 0.225938 0.231131 0.237284 0.244552 0.253127 0.263238 0.275157 0.289187 0.305644 0.324798 0.346765 0.371314 0.397597 0.423845 0.447266 0.464443 0.472423 0.470049 0.458589 0.441105 0.421128 0.401566 0.384303 0.370309 0.359928 0.353150 0.349783 0.349542 0.352068 0.356900 0.363427 0.370838 0.378104 0.384046 0.387505 0.387589 0.383913 0.376686 0.366622 0.354700 0.341912 0.329084 0.316812 0.305465 0.295235 0.286189 0.278317 0.271569 0.265872 0.261146 0.257310 0.254287 0.252004 0.250394 0.249394 0.248943 0.248988 0.249477 0.250364 0.251606 0.253167 0.255018 0.257134 0.259502 0.262116 0.264981 0.268111 0.271536 0.275294 0.279443 0.284056 0.289228 0.295078 0.301757 0.309454 0.318404 0.328895 0.341280 0.355977 0.373461 0.394239 0.418775 0.447350 0.479810 0.515212 0.551437 0.585063 0.611912 0.628518 0.633933 0.630618 0.623726 0.619495 0.624036 0.643110 0.682610 0.749110 0.849357 0.986364 1.148231 1.291104 1.343539 1.265748 1.096978 0.908117 0.742456 0.611344 0.511293 0.435306 0.377032 0.331633 0.295639 0.266599 0.242783 0.222955 0.206221 0.191927 0.179583 0.168819 0.159351 0.150958
0.387830 0.438503 0.502511 0.584617 0.691050 0.828745 1.001619 1.200390 1.387207 1.499777 1.505361 1.444681 1.391649 1.406119 1.546839 1.939781 2.991322 6.224575 11.637843 6.256782 3.051245 2.015534 1.614871 1.429064 1.323121 1.245980 1.176149 1.103503 1.024607 0.942055 0.862075 0.790818 0.732101 0.687225 0.655725 0.636041 0.625784 0.621692 0.619618 0.614956 0.603750 0.584049 0.556525 0.523813 0.489118 0.455083 0.423359 0.394709 0.369301 0.346979 0.327448 0.310379 0.295456 0.282396 0.270955 0.260924 0.252124 0.244405 0.237639 0.231716 0.226543 0.222042 0.218147 0.214801 0.211958 0.209581 0.207639 0.206110 0.204976 0.204227 0.203860 0.203875 0.204280 0.205089 0.206322 0.208006 0.210175 0.212873 0.216155 0.220086 0.224745 0.230227 0.236646 0.244133 0.252836 0.262916 0.274532 0.287817 0.302826 0.319464 0.337378 0.355834 0.373633 0.389162 0.400669 0.406769 0.406969 0.401895 0.393064 0.382370 0.371574 0.362035 0.354658 0.349982 0.348288 0.349701 0.354231 0.361771 0.372044 0.384504 0.398208 0.411733 0.423222 0.430677 0.432485 0.427973 0.417643 0.402935 0.385682 0.367579 0.349894 0.333413 0.318532 0.305379 0.293926 0.284065 0.275657 0.268558 0.262632 0.257753 0.253813 0.250713 0.248367 0.246698 0.245637 0.245123 0.245101 0.245523 0.246346 0.247534 0.249058 0.250895 0.253030 0.255456 0.258176 0.261200 0.264549 0.268254 0.272357 0.276913 0.281993 0.287686 0.294101 0.301373 0.309666 0.319175 0.330132 0.342792 0.357427 0.374284 0.393533 0.415158 0.438825 0.463723 0.488455 0.511114 0.529658 0.542599 0.549720 0.552412 0.553435 0.556291 0.564636 0.581969 0.611506 0.655906 0.716283 0.789800 0.865844 0.923753 0.939182 0.900550 0.819104 0.718858 0.620162 0.533360 0.461130 0.402408 0.354933 0.316407 0.284874 0.258793 0.236978 0.218531 0.202766 0.189164 0.177322 0.166927 0.157735 0.149551
0.373749 0.418749 0.473779 0.541403 0.624279 0.724144 0.839561 0.962412 1.075866 1.160245 1.208246 1.235030 1.271918 1.359190 1.562765 2.055931 3.533465 11.627612 11.625751 11.637057 3.553346 2.087481 1.606151 1.412379 1.330844 1.295574 1.269030 1.224216 1.149154 1.051505 0.949469 0.858516 0.786367 0.734844 0.702874 0.688205 0.687745 0.697003 0.709334 0.716150 0.709290 0.684856 0.645199 0.596866 0.546688 0.499327 0.456992 0.420213 0.388660 0.361683 0.338591 0.318761 0.301668 0.286882 0.274052 0.262893 0.253171 0.244693 0.237296 0.230848 0.225234 0.220360 0.216146 0.212527 0.209447 0.206862 0.204734 0.203036 0.201745 0.200848 0.200334 0.200201 0.200451 0.201093 0.202140 0.203614 0.205539 0.207951 0.210889 0.214405 0.218556 0.223411 0.229049 0.235554 0.243017 0.251525 0.261147 0.271916 0.283789 0.296606 0.310032 0.323516 0.336278 0.347379 0.355886 0.361117 0.362866 0.361494 0.357848 0.353032 0.348175 0.344269 0.342108 0.342301 0.345320 0.351546 0.361290 0.374766 0.391998 0.412632 0.435649 0.459063 0.479801 0.494128 0.498796 0.492441 0.476244 0.453284 0.427131 0.400716 0.375903 0.353606 0.334097 0.317291 0.302948 0.290777 0.280497 0.271856 0.264638 0.258662 0.253774 0.249846 0.246768 0.244447 0.242801 0.241762 0.241268 0.241266 0.241714 0.242573 0.243813 0.245411 0.247353 0.249628 0.252238 0.255187 0.258490 0.262169 0.266252 0.270780 0.275798 0.281368 0.287559 0.294460 0.302172 0.310817 0.320530 0.331454 0.343728 0.357453 0.372654 0.389217 0.406822 0.424879 0.442519 0.458684 0.472360 0.482895 0.490317 0.495473 0.499924 0.505666 0.514814 0.529326 0.550752 0.579862 0.615969 0.655887 0.692960 0.717468 0.719893 0.696111 0.650079 0.591153 0.528912 0.469918 0.417350 0.372047 0.333620 0.301197 0.273816 0.250590 0.230766 0.213726 0.198971 0.186102 0.174801 0.164811 0.155925 0.147976
0.359279 0.399222 0.446783 0.503344 0.570026 0.647070 0.732881 0.823153 0.911250 0.991160 1.062228 1.131962 1.215384 1.336616 1.544564 1.968528 3.023747 6.243464 11.634508 6.228859 3.002098 1.956103 1.566854 1.426353 1.407295 1.451715 1.504864 1.501662 1.406985 1.250346 1.087235 0.951822 0.853419 0.790002 0.757119 0.750866 0.767699 0.802377 0.844706 0.877533 0.881326 0.846443 0.780642 0.701462 0.623818 0.555224 0.497536 0.449898 0.410636 0.378088 0.350878 0.327932 0.308436 0.291766 0.277440 0.265082 0.254390 0.245121 0.237075 0.230090 0.224030 0.218781 0.214250 0.210360 0.207046 0.204255 0.201945 0.200080 0.198635 0.197589 0.196930 0.196650 0.196747 0.197223 0.198088 0.199355 0.201044 0.203178 0.205789 0.208913 0.212591 0.216871 0.221803 0.227442 0.233836 0.241027 0.249033 0.257836 0.267358 0.277437 0.287804 0.298068 0.307730 0.316240 0.323090 0.327940 0.330724 0.331693 0.331378 0.330497 0.329836 0.330170 0.332218 0.336644 0.344093 0.355219 0.370714 0.391281 0.417526 0.449664 0.486956 0.526856 0.564215 0.591559 0.601572 0.591058 0.563006 0.524544 0.482975 0.443313 0.408006 0.377729 0.352243 0.330952 0.313200 0.298391 0.286028 0.275708 0.267111 0.259983 0.254117 0.249348 0.245539 0.242578 0.240368 0.238830 0.237895 0.237506 0.237615 0.238183 0.239178 0.240577 0.242363 0.244525 0.247061 0.249973 0.253269 0.256963 0.261073 0.265622 0.270636 0.276147 0.282192 0.288815 0.296065 0.304001 0.312686 0.322184 0.332547 0.343800 0.355910 0.368755 0.382088 0.395520 0.408536 0.420561 0.431091 0.439853 0.446946 0.452898 0.458614 0.465223 0.473894 0.485630 0.501053 0.520129 0.541823 0.563727 0.581956 0.591739 0.588928 0.571845 0.542139 0.503929 0.461967 0.420141 0.380916 0.345486 0.314179 0.286832 0.263063 0.242416 0.224447 0.208753 0.194986 0.182850 0.172099 0.162527 0.153963 0.146265
0.345026 0.380717 0.422418 0.470991 0.527102 0.590951 0.662020 0.739046 0.820626 0.906536 0.999018 1.102625 1.222344 1.363718 1.543143 1.813700 2.290536 3.054041 3.558322 3.001594 2.199586 1.718319 1.503426 1.463791 1.561839 1.779813 2.044866 2.155989 1.964353 1.613624 1.297014 1.072941 0.930516 0.849490 0.816088 0.823676 0.870214 0.953553 1.061888 1.160246 1.193396 1.130292 0.999687 0.854362 0.726470 0.624269 0.545007 0.483437 0.434904 0.395940 0.364116 0.337745 0.315639 0.296946 0.281030 0.267410 0.255708 0.245624 0.236917 0.229391 0.222883 0.217263 0.212420 0.208265 0.204722 0.201732 0.199243 0.197217 0.195622 0.194433 0.193632 0.193208 0.193155 0.193470 0.194158 0.195226 0.196688 0.198559 0.200862 0.203622 0.206866 0.210626 0.214934 0.219820 0.225307 0.231409 0.238119 0.245396 0.253160 0.261272 0.269530 0.277667 0.285368 0.292310 0.298221 0.302939 0.306475 0.309033 0.310995 0.312885 0.315313 0.318939 0.324459 0.332619 0.344260 0.360372 0.382172 0.411144 0.449006 0.497414 0.557083 0.625834 0.695584 0.750559 0.772146 0.751486 0.697185 0.627625 0.558387 0.497414 0.446805 0.405821 0.372834 0.346198 0.324539 0.306793 0.292159 0.280039 0.269985 0.261654 0.254782 0.249160 0.244621 0.241029 0.238272 0.236258 0.234910 0.234164 0.233968 0.234280 0.235066 0.236302 0.237969 0.240058 0.242561 0.245481 0.248819 0.252584 0.256784 0.261427 0.266521 0.272073 0.278087 0.284565 0.291511 0.298926 0.306816 0.315185 0.324032 0.333343 0.343071 0.353122 0.363340 0.373495 0.383308 0.392486 0.400798 0.408150 0.414654 0.420643 0.426637 0.433257 0.441099 0.450602 0.461896 0.474643 0.487886 0.499961 0.508593 0.511314 0.506163 0.492419 0.470906 0.443668 0.413246 0.381970 0.351575 0.323134 0.297170 0.273831 0.253038 0.234597 0.218266 0.203794 0.190946 0.179507 0.169290 0.160131 0.151890 0.144447
0.331320 0.363548 0.400785 0.443749 0.493140 0.549622 0.613918 0.687135 0.771459 0.871039 0.992311 1.141877 1.319163 1.505168 1.666284 1.794427 1.927845 2.073011 2.114194 1.951585 1.699087 1.509572 1.441862 1.521019 1.803646 2.413555 3.423637 4.093418 3.357955 2.278357 1.589959 1.211935 1.008228 0.906372 0.874456 0.902962 0.997002 1.171331 1.433336 1.724954 1.859677 1.697566 1.375773 1.077832 0.858362 0.705521 0.597991 0.519812 0.460838 0.414863 0.378066 0.348025 0.323140 0.302305 0.284720 0.269788 0.257046 0.246134 0.236761 0.228696 0.221748 0.215765 0.210619 0.206208 0.202446 0.199265 0.196607 0.194426 0.192687 0.191360 0.190423 0.189861 0.189663 0.189824 0.190343 0.191222 0.192469 0.194094 0.196111 0.198537 0.201389 0.204686 0.208447 0.212686 0.217412 0.222623 0.228298 0.234396 0.240843 0.247531 0.254316 0.261020 0.267449 0.273418 0.278789 0.283503 0.287617 0.291315 0.294912 0.298835 0.303609 0.309849 0.318270 0.329729 0.345297 0.366382 0.394896 0.433498 0.485858 0.556767 0.651472 0.772492 0.910933 1.033384 1.085245 1.036098 0.916023 0.779318 0.659157 0.564274 0.492087 0.437367 0.395411 0.362694 0.336734 0.315823 0.298775 0.284761 0.273185 0.263611 0.255709 0.249223 0.243953 0.239740 0.236451 0.233983 0.232246 0.231171 0.230700 0.230788 0.231399 0.232508 0.234095 0.236150 0.238668 0.241646 0.245088 0.248994 0.253367 0.258204 0.263495 0.269223 0.275362 0.281873 0.288712 0.295829 0.303173 0.310699 0.318368 0.326145 0.333994 0.341867 0.349694 0.357378 0.364804 0.371861 0.378476 0.384653 0.390499 0.396230 0.402137 0.408536 0.415682 0.423680 0.432398 0.441380 0.449805 0.456500 0.460070 0.459157 0.452790 0.440693 0.423390 0.402063 0.378215 0.353324 0.328607 0.304922 0.282791 0.262464 0.244005 0.227358 0.212403 0.198990 0.186958 0.176155 0.166435 0.157669 0.149741 0.142550
0.318274 0.347702 0.381544 0.420553 0.465654 0.518096 0.579778 0.653893 0.746063 0.866088 1.029991 1.259822 1.570148 1.915718 2.133543 2.100715 1.938745 1.792292 1.671742 1.546921 1.429451 1.361104 1.386489 1.570357 2.075259 3.433209 7.638920 14.689239 7.586171 3.325330 1.907082 1.333326 1.068679 0.950177 0.923601 0.979055 1.138547 1.466789 2.090676 3.085009 3.746872 3.062353 2.041962 1.385034 1.012713 0.792908 0.653076 0.557346 0.487647 0.434464 0.392499 0.358611 0.330803 0.307723 0.288402 0.272119 0.258321 0.246577 0.236544 0.227951 0.220577 0.214245 0.208811 0.204158 0.200190 0.196829 0.194012 0.191687 0.189812 0.188355 0.187290 0.186598 0.186263 0.186277 0.186636 0.187338 0.188384 0.189782 0.191537 0.193660 0.196160 0.199050 0.202336 0.206025 0.210116 0.214599 0.219452 0.224636 0.230091 0.235740 0.241480 0.247200 0.252785 0.258136 0.263196 0.267967 0.272536 0.277084 0.281894 0.287348 0.293937 0.302266 0.313098 0.327415 0.346541 0.372349 0.407595 0.456498 0.525693 0.625729 0.772872 0.988540 1.284185 1.603380 1.758412 1.608419 1.293786 1.001805 0.788580 0.642473 0.542019 0.471031 0.419137 0.379940 0.349489 0.325295 0.305750 0.289778 0.276635 0.265785 0.256832 0.249475 0.243477 0.238650 0.234846 0.231942 0.229841 0.228463 0.227746 0.227640 0.228109 0.229125 0.230672 0.232737 0.235319 0.238416 0.242031 0.246165 0.250816 0.255974 0.261615 0.267701 0.274172 0.280950 0.287937 0.295024 0.302099 0.309064 0.315843 0.322390 0.328692 0.334758 0.340608 0.346263 0.351742 0.357067 0.362273 0.367430 0.372647 0.378073 0.383868 0.390166 0.397014 0.404315 0.411771 0.418851 0.424796 0.428686 0.429567 0.426628 0.419393 0.407849 0.392464 0.374086 0.353751 0.332495 0.311210 0.290568 0.271021 0.252827 0.236094 0.220830 0.206976 0.194438 0.183104 0.172858 0.163586 0.155181 0.147548 0.140600
0.305862 0.332985 0.364167 0.400254 0.442427 0.492476 0.553317 0.630021 0.731807 0.876082 1.096923 1.462269 2.094711 3.067952 3.742508 3.191710 2.337286 1.810257 1.527619 1.366590 1.275623 1.251283 1.320800 1.557996 2.183572 4.102842 14.689808 14.664384 14.648184 4.018382 2.053874 1.379740 1.090870 0.969887 0.953054 1.035064 1.261452 1.784404 3.112012 7.146216 13.884602 7.131614 3.078575 1.723543 1.159895 0.873967 0.705501 0.594360 0.514778 0.454542 0.407295 0.369384 0.338502 0.313073 0.291957 0.274298 0.259440 0.246874 0.236200 0.227099 0.219321 0.212662 0.206960 0.202084 0.197926 0.194401 0.191439 0.188981 0.186982 0.185405 0.184220 0.183406 0.182944 0.182821 0.183031 0.183568 0.184430 0.185618 0.187136 0.188987 0.191176 0.193708 0.196585 0.199808 0.203371 0.207262 0.211460 0.215933 0.220637 0.225516 0.230504 0.235535 0.240546 0.245495 0.250374 0.255225 0.260154 0.265344 0.271065 0.277681 0.285669 0.295645 0.308423 0.325104 0.347251 0.377182 0.418515 0.477190 0.563513 0.696416 0.912658 1.285797 1.949336 2.982156 3.672051 2.990354 1.965023 1.307647 0.938892 0.725015 0.592446 0.504609 0.442891 0.397373 0.362509 0.335044 0.312975 0.295007 0.280259 0.268106 0.258088 0.249853 0.243130 0.237702 0.233397 0.230078 0.227635 0.225980 0.225044 0.224774 0.225132 0.226092 0.227636 0.229758 0.232457 0.235739 0.239609 0.244074 0.249133 0.254773 0.260962 0.267643 0.274725 0.282081 0.289552 0.296950 0.304086 0.310788 0.316932 0.322461 0.327394 0.331813 0.335845 0.339637 0.343338 0.347085 0.351010 0.355239 0.359899 0.365111 0.370967 0.377501 0.384635 0.392134 0.399564 0.406278 0.411462 0.414227 0.413771 0.409533 0.401329 0.389379 0.374261 0.356779 0.337816 0.318211 0.298667 0.279716 0.261721 0.244897 0.229342 0.215072 0.202049 0.190200 0.179435 0.169660 0.160778 0.152699 0.145336 0.138615
0.293988 0.319140 0.348105 0.381814 0.421649 0.469785 0.529867 0.608377 0.717554 0.882350 1.159195 1.695824 2.962834 6.705106 12.923101 6.793265 3.135831 1.946871 1.479580 1.266363 1.170295 1.155130 1.230264 1.451561 1.982918 3.359723 7.579489 14.640924 7.547201 3.294708 1.884444 1.319034 1.064214 0.959153 0.954375 1.052196 1.311912 1.939713 3.797117 13.909587 13.907190 13.908287 3.789084 1.913950 1.251841 0.935638 0.752321 0.630701 0.542600 0.475371 0.422541 0.380299 0.346126 0.318223 0.295254 0.276206 0.260303 0.246942 0.235658 0.226084 0.217934 0.210978 0.205034 0.199958 0.195632 0.191961 0.188868 0.186292 0.184181 0.182495 0.181202 0.180276 0.179697 0.179449 0.179522 0.179907 0.180600 0.181599 0.182903 0.184511 0.186426 0.188647 0.191173 0.194003 0.197127 0.200536 0.204211 0.208127 0.212254 0.216556 0.220993 0.225530 0.230141 0.234818 0.239587 0.244515 0.249721 0.255393 0.261792 0.269276 0.278315 0.289539 0.303796 0.322277 0.346717 0.379771 0.425726 0.491936 0.591980 0.753255 1.037721 1.608282 2.985912 7.105998 13.968139 7.118667 3.010162 1.642082 1.078367 0.797730 0.637327 0.535574 0.465639 0.414576 0.375619 0.344978 0.320383 0.300383 0.283993 0.270510 0.259410 0.250294 0.242851 0.236833 0.232046 0.228333 0.225572 0.223665 0.222537 0.222132 0.222410 0.223347 0.224929 0.227153 0.230028 0.233566 0.237785 0.242700 0.248322 0.254643 0.261633 0.269221 0.277287 0.285650 0.294067 0.302244 0.309870 0.316660 0.322412 0.327046 0.330627 0.333342 0.335466 0.337304 0.339154 0.341282 0.343915 0.347243 0.351426 0.356590 0.362813 0.370089 0.378276 0.387042 0.395804 0.403720 0.409738 0.412757 0.411860 0.406549 0.396869 0.383367 0.366925 0.348543 0.329164 0.309581 0.290389 0.272006 0.254689 0.238574 0.223710 0.210081 0.197636 0.186297 0.175977 0.166586 0.158036 0.150240 0.143122 0.136610
0.282534 0.305913 0.332883 0.364415 0.401977 0.447912 0.506160 0.583756 0.694157 0.865569 1.165374 1.789649 3.531542 12.824971 12.857119 12.891713 3.663409 1.983889 1.419567 1.180547 1.078348 1.059072 1.117184 1.279763 1.617512 2.265521 3.303749 3.995812 3.279118 2.216252 1.543727 1.182022 0.997032 0.919805 0.925720 1.022359 1.260412 1.794586 3.134484 7.183020 13.938156 7.203677 3.168672 1.827400 1.269265 0.978870 0.797747 0.669796 0.573132 0.497890 0.438544 0.391353 0.353544 0.323008 0.298138 0.277711 0.260798 0.246691 0.234848 0.224849 0.216369 0.209154 0.203002 0.197755 0.193285 0.189489 0.186284 0.183605 0.181397 0.179615 0.178226 0.177199 0.176514 0.176153 0.176101 0.176349 0.176890 0.177718 0.178830 0.180224 0.181897 0.183849 0.186075 0.188572 0.191333 0.194346 0.197600 0.201077 0.204757 0.208618 0.212643 0.216815 0.221135 0.225620 0.230315 0.235302 0.240711 0.246729 0.253615 0.261718 0.271503 0.283598 0.298864 0.318526 0.344389 0.379245 0.427653 0.497551 0.603888 0.777821 1.093771 1.768792 3.682511 13.975720 13.985729 13.994982 3.719319 1.819941 1.155008 0.844465 0.671487 0.562398 0.487065 0.431581 0.388903 0.355145 0.327974 0.305872 0.287781 0.272929 0.260730 0.250730 0.242575 0.235984 0.230735 0.226652 0.223597 0.221464 0.220170 0.219658 0.219887 0.220834 0.222491 0.224865 0.227974 0.231845 0.236512 0.242014 0.248380 0.255627 0.263738 0.272645 0.282205 0.292177 0.302209 0.311847 0.320583 0.327935 0.333555 0.337318 0.339357 0.340036 0.339853 0.339347 0.339016 0.339277 0.340463 0.342836 0.346602 0.351927 0.358921 0.367606 0.377851 0.389274 0.401136 0.412267 0.421110 0.425963 0.425427 0.418863 0.406612 0.389827 0.370041 0.348742 0.327119 0.306001 0.285898 0.267087 0.249683 0.233704 0.219104 0.205805 0.193712 0.182721 0.172731 0.163644 0.155367 0.147816 0.140916 0.134596
0.271396 0.293104 0.318154 0.347496 0.382561 0.425612 0.480404 0.553506 0.657166 0.816181 1.086604 1.615543 2.872767 6.602315 12.804189 6.655383 2.978340 1.772947 1.296090 1.080659 0.984653 0.960331 0.995526 1.096414 1.279878 1.555033 1.862206 2.006930 1.843753 1.518327 1.225404 1.025082 0.908839 0.860360 0.873173 0.955458 1.137275 1.487717 2.136678 3.161297 3.860137 3.218714 2.242830 1.621634 1.263875 1.031572 0.858183 0.720353 0.610354 0.523592 0.455662 0.402459 0.360538 0.327201 0.300412 0.278654 0.260805 0.246028 0.233697 0.223336 0.214582 0.207155 0.200835 0.195450 0.190864 0.186967 0.183673 0.180908 0.178618 0.176755 0.175282 0.174168 0.173389 0.172925 0.172762 0.172887 0.173291 0.173967 0.174909 0.176113 0.177577 0.179295 0.181264 0.183481 0.185937 0.188626 0.191539 0.194664 0.197991 0.201511 0.205217 0.209112 0.213212 0.217548 0.222181 0.227200 0.232741 0.238990 0.246198 0.254705 0.264961 0.277578 0.293397 0.313613 0.339982 0.375202 0.423623 0.492692 0.596105 0.761398 1.050685 1.627007 3.011417 7.139232 14.009736 7.168603 3.067408 1.704431 1.142627 0.860324 0.695071 0.586271 0.508278 0.449157 0.402806 0.365757 0.335815 0.311458 0.291568 0.275293 0.261973 0.251089 0.242235 0.235091 0.229405 0.224978 0.221657 0.219324 0.217892 0.217300 0.217507 0.218495 0.220265 0.222832 0.226231 0.230511 0.235734 0.241970 0.249290 0.257754 0.267387 0.278154 0.289912 0.302364 0.315019 0.327181 0.338006 0.346647 0.352469 0.355245 0.355235 0.353116 0.349779 0.346133 0.342956 0.340854 0.340268 0.341527 0.344893 0.350599 0.358848 0.369786 0.383414 0.399426 0.416976 0.434430 0.449279 0.458478 0.459374 0.450831 0.433775 0.410672 0.384428 0.357466 0.331387 0.307042 0.284765 0.264597 0.246426 0.230084 0.215386 0.202153 0.190220 0.179440 0.169680 0.160824 0.152771 0.145430 0.138721 0.132577
0.260505 0.280584 0.303715 0.330763 0.363014 0.402452 0.452261 0.517759 0.608254 0.740895 0.948966 1.298967 1.911455 2.857788 3.496619 2.901487 1.998818 1.430237 1.125307 0.965380 0.887131 0.861897 0.878527 0.934206 1.027205 1.146033 1.255010 1.297281 1.241501 1.119299 0.987851 0.883190 0.817111 0.791296 0.807265 0.871215 0.996602 1.203633 1.504295 1.845208 2.044552 1.965014 1.738257 1.524947 1.341740 1.155665 0.966688 0.796986 0.659499 0.553800 0.473860 0.413228 0.366702 0.330471 0.301826 0.278853 0.260190 0.244856 0.232135 0.221494 0.212534 0.204950 0.198508 0.193024 0.188354 0.184383 0.181020 0.178191 0.175836 0.173906 0.172363 0.171174 0.170314 0.169761 0.169499 0.169515 0.169797 0.170338 0.171130 0.172169 0.173448 0.174965 0.176715 0.178693 0.180895 0.183315 0.185947 0.188788 0.191832 0.195079 0.198533 0.202208 0.206130 0.210342 0.214910 0.219930 0.225537 0.231912 0.239300 0.248022 0.258507 0.271332 0.287287 0.307482 0.333519 0.367804 0.414090 0.478508 0.571616 0.712658 0.938749 1.323810 2.001611 3.051035 3.759344 3.096504 2.088133 1.442831 1.078621 0.860689 0.716548 0.612278 0.532264 0.468941 0.418144 0.377162 0.344006 0.317123 0.295283 0.277515 0.263052 0.251290 0.241759 0.234090 0.227997 0.223256 0.219699 0.217195 0.215652 0.215005 0.215217 0.216274 0.218186 0.220986 0.224728 0.229490 0.235373 0.242498 0.251000 0.261017 0.272666 0.285997 0.300926 0.317143 0.333999 0.350436 0.365024 0.376208 0.382750 0.384188 0.381042 0.374612 0.366531 0.358323 0.351171 0.345887 0.342996 0.342855 0.345769 0.352055 0.362091 0.376296 0.395036 0.418391 0.445692 0.474844 0.501687 0.520222 0.524589 0.512228 0.485532 0.450206 0.412120 0.375330 0.341854 0.312299 0.286530 0.264122 0.244585 0.227465 0.212376 0.198999 0.187076 0.176397 0.166788 0.158107 0.150236 0.143074 0.136538 0.130553
0.249826 0.268299 0.289491 0.314143 0.343326 0.378628 0.422474 0.478642 0.553135 0.655533 0.800615 1.007846 1.287745 1.589702 1.744843 1.626527 1.361571 1.119214 0.950797 0.847044 0.790311 0.768124 0.773307 0.801347 0.846966 0.900119 0.943638 0.957974 0.934075 0.881309 0.819550 0.766275 0.731746 0.721122 0.737911 0.786231 0.871305 0.997033 1.158172 1.328446 1.465033 1.552760 1.629121 1.707693 1.688735 1.481516 1.182467 0.918448 0.724269 0.588061 0.491997 0.422687 0.371348 0.332356 0.302077 0.278107 0.258820 0.243084 0.230097 0.219275 0.210189 0.202513 0.196001 0.190460 0.185741 0.181725 0.178318 0.175445 0.173042 0.171062 0.169463 0.168212 0.167283 0.166654 0.166306 0.166226 0.166402 0.166824 0.167484 0.168377 0.169497 0.170840 0.172401 0.174176 0.176163 0.178358 0.180759 0.183364 0.186176 0.189200 0.192448 0.195940 0.199710 0.203806 0.208298 0.213285 0.218897 0.225309 0.232751 0.241527 0.252032 0.264798 0.280539 0.300239 0.325286 0.357683 0.400401 0.457967 0.537437 0.649903 0.812299 1.046803 1.365603 1.712715 1.900048 1.784739 1.502802 1.235004 1.031006 0.876404 0.752516 0.649618 0.563881 0.493299 0.435938 0.389713 0.352593 0.322787 0.298810 0.279476 0.263859 0.251240 0.241066 0.232912 0.226451 0.221434 0.217673 0.215029 0.213400 0.212723 0.212962 0.214111 0.216192 0.219256 0.223383 0.228689 0.235326 0.243488 0.253407 0.265349 0.279594 0.296383 0.315820 0.337708 0.361302 0.385049 0.406490 0.422620 0.430833 0.430106 0.421542 0.407832 0.392086 0.376889 0.363961 0.354264 0.348288 0.346315 0.348626 0.355631 0.367971 0.386560 0.412555 0.447110 0.490673 0.541417 0.592847 0.632366 0.645144 0.624141 0.576249 0.516156 0.456325 0.403130 0.358274 0.321192 0.290590 0.265149 0.243758 0.225548 0.209858 0.196192 0.184175 0.173521 0.164008 0.155461 0.147742 0.140739 0.134359 0.128524
0.239362 0.256253 0.275507 0.297721 0.323726 0.354692 0.392293 0.438909 0.497875 0.573573 0.670833 0.792058 0.929394 1.052922 1.113651 1.084411 0.992595 0.887518 0.799614 0.737483 0.699680 0.682393 0.681966 0.694873 0.716695 0.741045 0.759648 0.764769 0.753236 0.728549 0.698775 0.672512 0.656413 0.655003 0.671570 0.708964 0.769689 0.855019 0.963600 1.092740 1.249677 1.477336 1.878218 2.526028 2.933941 2.384503 1.604759 1.095839 0.800189 0.621773 0.507139 0.429140 0.373508 0.332299 0.300835 0.276217 0.256568 0.240630 0.227530 0.216645 0.207523 0.199826 0.193299 0.187747 0.183015 0.178985 0.175559 0.172662 0.170231 0.168216 0.166576 0.165277 0.164292 0.163598 0.163177 0.163015 0.163097 0.163415 0.163961 0.164727 0.165708 0.166900 0.168299 0.169901 0.171705 0.173709 0.175915 0.178323 0.180940 0.183777 0.186849 0.190182 0.193813 0.197793 0.202195 0.207114 0.212676 0.219046 0.226439 0.235132 0.245487 0.257978 0.273234 0.292099 0.315724 0.345697 0.384236 0.434450 0.500635 0.588440 0.704243 0.852005 1.024547 1.190164 1.295133 1.307304 1.249628 1.162229 1.061472 0.948154 0.827654 0.711578 0.609420 0.524812 0.457036 0.403531 0.361439 0.328249 0.301954 0.281012 0.264263 0.250834 0.240072 0.231487 0.224708 0.219459 0.215533 0.212778 0.211091 0.210406 0.210691 0.211949 0.214215 0.217561 0.222100 0.227993 0.235458 0.244781 0.256333 0.270575 0.288058 0.309386 0.335111 0.365478 0.399954 0.436503 0.470931 0.497106 0.509038 0.504187 0.485192 0.458151 0.429321 0.403060 0.381605 0.365767 0.355674 0.351292 0.352737 0.360477 0.375503 0.399512 0.435102 0.485851 0.555766 0.646740 0.751627 0.843799 0.879786 0.835415 0.734717 0.621019 0.520805 0.441073 0.379770 0.332705 0.296079 0.267013 0.243458 0.223984 0.207587 0.193561 0.181399 0.170732 0.161285 0.152851 0.145268 0.138410 0.132176 0.126484
0.229140 0.244490 0.261847 0.281664 0.304543 0.331284 0.362938 0.400843 0.446584 0.501719 0.566986 0.640539 0.715229 0.776996 0.809241 0.804175 0.769783 0.722911 0.677947 0.642456 0.618739 0.606425 0.604009 0.609324 0.619475 0.630748 0.639018 0.640889 0.635116 0.623281 0.609127 0.597137 0.591399 0.595202 0.611173 0.641564 0.688494 0.754328 0.843234 0.966879 1.161534 1.538793 2.468937 5.323806 10.110478 5.231673 2.291785 1.291359 0.865079 0.644742 0.514651 0.430403 0.372106 0.329746 0.297804 0.273017 0.253342 0.237440 0.224399 0.213580 0.204520 0.196877 0.190396 0.184878 0.180172 0.176158 0.172739 0.169840 0.167399 0.165365 0.163698 0.162364 0.161335 0.160589 0.160107 0.159874 0.159877 0.160105 0.160551 0.161206 0.162067 0.163128 0.164386 0.165839 0.167486 0.169328 0.171366 0.173606 0.176056 0.178730 0.181647 0.184835 0.188333 0.192195 0.196489 0.201308 0.206772 0.213034 0.220290 0.228792 0.238863 0.250919 0.265503 0.283321 0.305306 0.332688 0.367090 0.410605 0.465833 0.535679 0.622627 0.727001 0.844187 0.962950 1.069662 1.157982 1.228613 1.269610 1.246833 1.140598 0.980661 0.816038 0.675459 0.565218 0.481460 0.418176 0.370069 0.333118 0.304419 0.281906 0.264104 0.249954 0.238689 0.229746 0.222713 0.217283 0.213232 0.210402 0.208683 0.208009 0.208353 0.209729 0.212185 0.215818 0.220776 0.227270 0.235595 0.246157 0.259503 0.276366 0.297712 0.324774 0.359008 0.401844 0.453948 0.513587 0.574116 0.622477 0.643258 0.629212 0.587702 0.534265 0.482109 0.438064 0.404107 0.379901 0.364472 0.357010 0.357221 0.365529 0.383317 0.413335 0.460417 0.532638 0.642730 0.807612 1.036339 1.283971 1.401051 1.275481 1.019212 0.781553 0.607285 0.487181 0.404115 0.345113 0.301785 0.268887 0.243125 0.222391 0.205301 0.190925 0.178624 0.167945 0.158563 0.150237 0.142785 0.136069 0.129978 0.124426
0.219201 0.233077 0.248620 0.266156 0.286097 0.308947 0.335307 0.365836 0.401136 0.441479 0.486300 0.533415 0.578309 0.614381 0.635182 0.637990 0.625673 0.604847 0.582307 0.562780 0.548630 0.540498 0.537940 0.539809 0.544413 0.549684 0.553516 0.554322 0.551601 0.546195 0.540052 0.535676 0.535605 0.542135 0.557313 0.583110 0.621819 0.677002 0.756028 0.877029 1.089149 1.544029 2.863131 10.085035 10.053384 10.022295 2.742202 1.373704 0.881340 0.644542 0.509895 0.424572 0.366305 0.324308 0.292797 0.268416 0.249094 0.233489 0.220694 0.210075 0.201178 0.193666 0.187289 0.181853 0.177210 0.173242 0.169856 0.166976 0.164543 0.162507 0.160827 0.159470 0.158410 0.157624 0.157092 0.156800 0.156734 0.156885 0.157244 0.157804 0.158560 0.159508 0.160644 0.161968 0.163479 0.165179 0.167072 0.169165 0.171468 0.173996 0.176772 0.179824 0.183191 0.186926 0.191096 0.195787 0.201112 0.207210 0.214260 0.222486 0.232175 0.243686 0.257481 0.274149 0.294441 0.319317 0.349989 0.387947 0.434953 0.492921 0.563665 0.648561 0.748629 0.866175 1.008922 1.193459 1.433471 1.684714 1.783053 1.604904 1.281347 0.984543 0.765659 0.613451 0.507525 0.432299 0.377553 0.336781 0.305807 0.281894 0.263205 0.248478 0.236828 0.227624 0.220412 0.214861 0.210734 0.207863 0.206136 0.205490 0.205902 0.207395 0.210035 0.213941 0.219296 0.226368 0.235537 0.247338 0.262532 0.282198 0.307879 0.341769 0.386940 0.447430 0.527684 0.629898 0.746755 0.850477 0.895602 0.856903 0.759734 0.649700 0.554745 0.482391 0.430719 0.395657 0.373692 0.362516 0.361068 0.369553 0.389686 0.425365 0.484201 0.580849 0.744305 1.032985 1.553163 2.367699 2.909417 2.359143 1.535899 1.006700 0.708511 0.534859 0.427081 0.355875 0.306179 0.269829 0.242162 0.220383 0.202744 0.188113 0.175732 0.165080 0.155786 0.147582 0.140271 0.133701 0.127756 0.122345
0.209593 0.222081 0.235929 0.251359 0.268635 0.288049 0.309906 0.334469 0.361853 0.391848 0.423652 0.455594 0.485027 0.508710 0.523840 0.529318 0.526339 0.517809 0.507072 0.496866 0.488912 0.483964 0.482028 0.482573 0.484689 0.487267 0.489229 0.489819 0.488862 0.486874 0.484976 0.484662 0.487564 0.495300 0.509473 0.531831 0.564695 0.611945 0.681349 0.790246 0.980733 1.367042 2.317112 5.197271 10.009272 5.152627 2.230624 1.243973 0.828039 0.615391 0.491002 0.410996 0.355877 0.315918 0.285807 0.262428 0.243846 0.228799 0.216432 0.206146 0.197508 0.190202 0.183986 0.178677 0.174133 0.170241 0.166911 0.164071 0.161663 0.159639 0.157960 0.156594 0.155514 0.154697 0.154126 0.153786 0.153664 0.153749 0.154034 0.154511 0.155176 0.156024 0.157054 0.158265 0.159656 0.161232 0.162997 0.164959 0.167130 0.169526 0.172169 0.175089 0.178324 0.181924 0.185954 0.190493 0.195645 0.201536 0.208326 0.216215 0.225452 0.236349 0.249296 0.264785 0.283431 0.306005 0.333468 0.367002 0.408060 0.458433 0.520459 0.597653 0.696455 0.830564 1.030496 1.362351 1.949653 2.867904 3.469551 2.816965 1.852615 1.228587 0.872776 0.662812 0.531051 0.443502 0.382530 0.338454 0.305654 0.280696 0.261391 0.246292 0.234412 0.225065 0.217763 0.212159 0.208005 0.205129 0.203419 0.202813 0.203296 0.204898 0.207700 0.211845 0.217549 0.225133 0.235058 0.247998 0.264937 0.287346 0.317465 0.358783 0.416835 0.500461 0.623310 0.803377 1.050365 1.317290 1.447471 1.323423 1.062768 0.822338 0.649295 0.534157 0.459226 0.411254 0.381979 0.366705 0.363219 0.371292 0.392769 0.432429 0.500336 0.617782 0.833764 1.277831 2.364880 5.636562 11.092759 5.627982 2.347558 1.251437 0.797776 0.571450 0.442632 0.361959 0.307639 0.268919 0.240017 0.217613 0.199691 0.184975 0.172624 0.162068 0.152907 0.144855 0.137702 0.131290 0.125499 0.120235
0.200356 0.211560 0.223856 0.237388 0.252312 0.268780 0.286916 0.306776 0.328266 0.351050 0.374424 0.397245 0.417970 0.434919 0.446757 0.452984 0.454156 0.451663 0.447230 0.442429 0.438390 0.435734 0.434621 0.434852 0.435978 0.437433 0.438681 0.439376 0.439494 0.439389 0.439762 0.441565 0.445886 0.453888 0.466820 0.486163 0.513975 0.553632 0.611369 0.699483 0.843091 1.093765 1.545962 2.256149 2.723255 2.223091 1.481565 1.001232 0.726626 0.563635 0.460341 0.390736 0.341373 0.304892 0.277031 0.255184 0.237688 0.223434 0.211660 0.201825 0.193537 0.186503 0.180501 0.175361 0.170949 0.167159 0.163908 0.161127 0.158761 0.156764 0.155098 0.153733 0.152644 0.151808 0.151208 0.150830 0.150660 0.150690 0.150911 0.151317 0.151902 0.152664 0.153601 0.154711 0.155998 0.157463 0.159113 0.160957 0.163006 0.165278 0.167794 0.170584 0.173685 0.177143 0.181019 0.185386 0.190337 0.195988 0.202479 0.209987 0.218728 0.228971 0.241049 0.255375 0.272465 0.292965 0.317687 0.347676 0.384315 0.429558 0.486457 0.560389 0.661994 0.814428 1.072876 1.585838 2.830580 6.579136 12.833392 6.545603 2.766529 1.496961 0.966757 0.699348 0.545604 0.448704 0.383455 0.337328 0.303518 0.278060 0.258512 0.243303 0.231381 0.222027 0.214735 0.209151 0.205023 0.202178 0.200506 0.199950 0.200499 0.202192 0.205124 0.209455 0.215430 0.223412 0.233937 0.247796 0.266181 0.290936 0.325012 0.373323 0.444458 0.554247 0.733460 1.043673 1.596628 2.458477 3.034200 2.464320 1.608456 1.061783 0.758332 0.586590 0.485284 0.424060 0.387680 0.368426 0.362711 0.369694 0.391042 0.431764 0.502862 0.628513 0.867557 1.392617 2.904244 11.090378 11.085977 11.081816 2.886951 1.366246 0.831556 0.582084 0.444898 0.360740 0.304864 0.265450 0.236279 0.213827 0.195978 0.181401 0.169223 0.158856 0.149889 0.142029 0.135062 0.128826 0.123201 0.118091
0.191526 0.201557 0.212456 0.224309 0.237197 0.251186 0.266301 0.282497 0.299614 0.317325 0.335091 0.352156 0.367602 0.380513 0.390200 0.396413 0.399428 0.399958 0.398932 0.397260 0.395665 0.394602 0.394262 0.394608 0.395448 0.396517 0.397566 0.398461 0.399246 0.400186 0.401751 0.404575 0.409410 0.417099 0.428593 0.445059 0.468103 0.500201 0.545436 0.610676 0.706978 0.849312 1.045952 1.257600 1.352570 1.232264 0.996349 0.777434 0.615447 0.502369 0.423095 0.366119 0.323951 0.291863 0.266839 0.246914 0.230769 0.217494 0.206448 0.197165 0.189301 0.182597 0.176854 0.171918 0.167668 0.164006 0.160854 0.158149 0.155839 0.153881 0.152241 0.150888 0.149799 0.148953 0.148334 0.147926 0.147719 0.147703 0.147870 0.148214 0.148730 0.149416 0.150270 0.151292 0.152484 0.153850 0.155395 0.157130 0.159066 0.161220 0.163614 0.166275 0.169238 0.172547 0.176258 0.180436 0.185167 0.190552 0.196717 0.203815 0.212034 0.221606 0.232816 0.246016 0.261647 0.280267 0.302598 0.329606 0.362659 0.403837 0.456602 0.527263 0.628376 0.787340 1.071420 1.678897 3.414797 12.811788 12.800899 12.789077 3.371253 1.618037 0.997910 0.706327 0.544774 0.445188 0.379082 0.332796 0.299089 0.273821 0.254478 0.239459 0.227703 0.218488 0.211312 0.205823 0.201773 0.198994 0.197381 0.196879 0.197485 0.199245 0.202262 0.206709 0.212850 0.221079 0.231980 0.246427 0.265759 0.292095 0.328930 0.382343 0.463634 0.595683 0.830303 1.303744 2.451633 5.891960 11.624770 5.897506 2.462867 1.320963 0.853985 0.626533 0.502656 0.430947 0.389103 0.366668 0.358842 0.364141 0.383764 0.422142 0.489136 0.605925 0.821438 1.265180 2.352022 5.623605 11.079797 5.615106 2.334851 1.238978 0.785635 0.559691 0.431310 0.351116 0.297308 0.259121 0.230764 0.208906 0.191523 0.177333 0.165489 0.155416 0.146713 0.139091 0.132340 0.126302 0.120857 0.115911
0.183123 0.192097 0.201754 0.212141 0.223292 0.235220 0.247900 0.261250 0.275102 0.289185 0.303105 0.316361 0.328396 0.338683 0.346841 0.352734 0.356505 0.358538 0.359354 0.359490 0.359406 0.359423 0.359715 0.360320 0.361179 0.362187 0.363252 0.364344 0.365539 0.367041 0.369182 0.372401 0.377227 0.384264 0.394211 0.407920 0.426509 0.451547 0.485278 0.530773 0.591525 0.669263 0.757858 0.834059 0.859789 0.814071 0.718564 0.611932 0.517841 0.442614 0.384490 0.339754 0.305000 0.277613 0.255700 0.237911 0.223281 0.211110 0.200887 0.192228 0.184846 0.178518 0.173071 0.168370 0.164305 0.160791 0.157756 0.155141 0.152901 0.150995 0.149390 0.148059 0.146980 0.146133 0.145502 0.145073 0.144837 0.144782 0.144904 0.145195 0.145651 0.146270 0.147050 0.147993 0.149100 0.150375 0.151824 0.153458 0.155287 0.157328 0.159601 0.162133 0.164957 0.168111 0.171648 0.175626 0.180121 0.185224 0.191044 0.197715 0.205400 0.214298 0.224653 0.236769 0.251026 0.267913 0.288077 0.312408 0.342211 0.379516 0.427724 0.492933 0.586888 0.734036 0.990639 1.505622 2.755827 6.512209 12.775360 6.496435 2.725468 1.462899 0.938512 0.675814 0.525825 0.431890 0.368969 0.324667 0.292286 0.267948 0.249279 0.234760 0.223380 0.214452 0.207496 0.202174 0.198253 0.195573 0.194034 0.193589 0.194240 0.196036 0.199085 0.203566 0.209752 0.218047 0.229053 0.243675 0.263304 0.290162 0.327949 0.383201 0.468325 0.609300 0.868314 1.426841 3.020289 11.617711 11.620115 11.622947 3.030900 1.443113 0.890709 0.638495 0.505279 0.429253 0.384969 0.360785 0.351306 0.354584 0.371195 0.404410 0.461478 0.556845 0.719376 1.007413 1.527184 2.341521 2.883232 2.333132 1.510233 0.981538 0.684000 0.511129 0.404242 0.334016 0.285365 0.250103 0.223546 0.202877 0.186334 0.172770 0.161416 0.151741 0.143372 0.136036 0.129533 0.123715 0.118465 0.113695
0.175160 0.183190 0.191753 0.200871 0.210550 0.220774 0.231497 0.242628 0.254018 0.265452 0.276649 0.287276 0.296981 0.305448 0.312453 0.317916 0.321912 0.324657 0.326450 0.327619 0.328457 0.329190 0.329961 0.330835 0.331820 0.332895 0.334045 0.335294 0.336725 0.338501 0.340861 0.344117 0.348640 0.354857 0.363257 0.374416 0.389032 0.407972 0.432259 0.462903 0.500317 0.542969 0.585273 0.616317 0.623261 0.600172 0.553426 0.496251 0.439842 0.389935 0.348076 0.313751 0.285771 0.262903 0.244090 0.228484 0.215430 0.204423 0.195076 0.187087 0.180225 0.174305 0.169181 0.164737 0.160878 0.157528 0.154623 0.152113 0.149953 0.148108 0.146548 0.145248 0.144186 0.143345 0.142710 0.142268 0.142009 0.141924 0.142007 0.142253 0.142656 0.143216 0.143931 0.144802 0.145831 0.147023 0.148383 0.149921 0.151648 0.153579 0.155735 0.158138 0.160820 0.163816 0.167172 0.170942 0.175192 0.180001 0.185466 0.191702 0.198849 0.207080 0.216602 0.227675 0.240629 0.255887 0.274018 0.295815 0.322441 0.355692 0.398495 0.455866 0.536813 0.658306 0.853758 1.190449 1.790722 2.727181 3.349003 2.715987 1.769100 1.159837 0.816085 0.615761 0.491606 0.410017 0.353701 0.313260 0.283298 0.260561 0.242996 0.229261 0.218452 0.209946 0.203305 0.198218 0.194472 0.191918 0.190467 0.190079 0.190757 0.192555 0.195580 0.200010 0.206111 0.214281 0.225104 0.239455 0.258675 0.284882 0.321572 0.374823 0.455936 0.587789 0.822195 1.295403 2.443040 5.883091 11.615599 5.888003 2.452993 1.310668 0.843203 0.615169 0.490573 0.417941 0.374856 0.350672 0.340253 0.341502 0.354421 0.380974 0.425535 0.495904 0.604645 0.768578 0.996699 1.244034 1.361106 1.235805 0.980069 0.743192 0.569935 0.451044 0.369364 0.311884 0.270178 0.238967 0.214921 0.195902 0.180499 0.167761 0.157032 0.147848 0.139875 0.132869 0.126646 0.121069 0.116030 0.111445
0.167638 0.174829 0.182437 0.190463 0.198899 0.207717 0.216863 0.226250 0.235756 0.245217 0.254429 0.263168 0.271205 0.278343 0.284443 0.289452 0.293412 0.296445 0.298731 0.300473 0.301861 0.303054 0.304166 0.305267 0.306393 0.307565 0.308805 0.310159 0.311708 0.313580 0.315953 0.319047 0.323120 0.328467 0.335412 0.344313 0.355562 0.369564 0.386659 0.406939 0.429865 0.453681 0.474858 0.488286 0.489008 0.474992 0.448567 0.414951 0.379454 0.345722 0.315547 0.289427 0.267182 0.248354 0.232426 0.218917 0.207414 0.197573 0.189115 0.181815 0.175492 0.169999 0.165215 0.161043 0.157403 0.154230 0.151468 0.149071 0.147001 0.145225 0.143718 0.142455 0.141418 0.140590 0.139957 0.139508 0.139234 0.139125 0.139176 0.139382 0.139740 0.140248 0.140904 0.141710 0.142668 0.143782 0.145058 0.146505 0.148134 0.149959 0.151999 0.154274 0.156813 0.159648 0.162820 0.166376 0.170375 0.174886 0.179991 0.185792 0.192407 0.199982 0.208695 0.218768 0.230478 0.244186 0.260376 0.279715 0.303168 0.332177 0.368983 0.417160 0.482517 0.574505 0.707902 0.902330 1.168440 1.454932 1.590525 1.446843 1.152766 0.880025 0.680254 0.543000 0.448689 0.382459 0.334682 0.299316 0.272548 0.251914 0.235789 0.223069 0.212992 0.205021 0.198775 0.193981 0.190447 0.188043 0.186691 0.186355 0.187043 0.188808 0.191754 0.196049 0.201943 0.209804 0.220171 0.233837 0.251995 0.276490 0.310274 0.358260 0.429036 0.538432 0.717216 1.026961 1.579408 2.440703 3.015822 2.445276 1.588672 1.041163 0.736747 0.563860 0.461151 0.398137 0.359375 0.336802 0.326229 0.325732 0.334925 0.354687 0.387126 0.435517 0.503685 0.593412 0.697492 0.789264 0.825241 0.781241 0.681282 0.568673 0.469873 0.391842 0.332483 0.287553 0.253198 0.226488 0.205323 0.188229 0.174165 0.162396 0.152393 0.143771 0.136246 0.129606 0.123689 0.118371 0.113555 0.109166
0.160549 0.167001 0.173775 0.180866 0.188254 0.195909 0.203776 0.211782 0.219825 0.227782 0.235507 0.242843 0.249639 0.255766 0.261133 0.265705 0.269502 0.272597 0.275099 0.277137 0.278838 0.280314 0.281654 0.282924 0.284168 0.285425 0.286732 0.288142 0.289727 0.291588 0.293856 0.296686 0.300256 0.304760 0.310402 0.317386 0.325901 0.336084 0.347950 0.361261 0.375338 0.388846 0.399719 0.405460 0.403933 0.394343 0.377690 0.356290 0.332786 0.309337 0.287318 0.267402 0.249787 0.234397 0.221031 0.209447 0.199404 0.190685 0.183099 0.176483 0.170701 0.165640 0.161203 0.157313 0.153901 0.150912 0.148300 0.146024 0.144051 0.142352 0.140903 0.139685 0.138678 0.137869 0.137244 0.136794 0.136508 0.136381 0.136406 0.136579 0.136897 0.137358 0.137961 0.138707 0.139599 0.140641 0.141838 0.143199 0.144734 0.146455 0.148380 0.150528 0.152924 0.155598 0.158584 0.161925 0.165671 0.169882 0.174630 0.179999 0.186092 0.193030 0.200964 0.210077 0.220601 0.232833 0.247164 0.264127 0.284464 0.309234 0.339975 0.378928 0.429286 0.495326 0.581812 0.691094 0.815180 0.923736 0.967109 0.917803 0.803654 0.674621 0.561274 0.471755 0.403767 0.352519 0.313637 0.283792 0.260591 0.242348 0.227875 0.216327 0.207096 0.199746 0.193957 0.189499 0.186207 0.183970 0.182722 0.182433 0.183114 0.184815 0.187632 0.191716 0.197294 0.204691 0.214375 0.227020 0.243615 0.265630 0.295306 0.336131 0.393640 0.476670 0.598868 0.778228 1.024448 1.290537 1.419807 1.294760 1.032998 0.791325 0.616858 0.500048 0.423087 0.372565 0.339945 0.320092 0.310042 0.308251 0.314159 0.327935 0.350266 0.382017 0.423453 0.472650 0.523055 0.562054 0.574809 0.554282 0.507357 0.448705 0.390754 0.339829 0.297570 0.263337 0.235761 0.213448 0.195218 0.180141 0.167509 0.156787 0.147571 0.139559 0.132517 0.126269 0.120676 0.115632 0.111050 0.106864
0.153881 0.159681 0.165731 0.172019 0.178524 0.185213 0.192037 0.198935 0.205825 0.212614 0.219196 0.225459 0.231302 0.236634 0.241396 0.245561 0.249139 0.252174 0.254734 0.256902 0.258765 0.260401 0.261882 0.263262 0.264589 0.265904 0.267247 0.268671 0.270236 0.272022 0.274124 0.276649 0.279718 0.283453 0.287973 0.293382 0.299746 0.307068 0.315231 0.323930 0.332586 0.340292 0.345849 0.347971 0.345655 0.338560 0.327170 0.312620 0.296303 0.279492 0.263136 0.247823 0.233845 0.221291 0.210125 0.200249 0.191540 0.183867 0.177108 0.171152 0.165900 0.161266 0.157177 0.153569 0.150389 0.147589 0.145131 0.142981 0.141110 0.139493 0.138108 0.136938 0.135967 0.135181 0.134569 0.134122 0.133832 0.133691 0.133695 0.133840 0.134122 0.134541 0.135096 0.135788 0.136619 0.137593 0.138715 0.139993 0.141436 0.143057 0.144869 0.146892 0.149146 0.151658 0.154459 0.157585 0.161080 0.164995 0.169391 0.174338 0.179924 0.186249 0.193436 0.201636 0.211035 0.221869 0.234441 0.249150 0.266527 0.287286 0.312380 0.343043 0.380758 0.426994 0.482409 0.545074 0.607717 0.656083 0.673360 0.651679 0.599145 0.532781 0.467012 0.409223 0.361399 0.322877 0.292140 0.267627 0.248007 0.232231 0.219497 0.209198 0.200879 0.194201 0.188909 0.184815 0.181786 0.179728 0.178586 0.178338 0.178996 0.180605 0.183250 0.187064 0.192241 0.199056 0.207893 0.219295 0.234022 0.253155 0.278235 0.311458 0.355894 0.415579 0.494955 0.596213 0.712033 0.814631 0.858532 0.818496 0.719856 0.608181 0.511365 0.436852 0.382601 0.344354 0.318301 0.301660 0.292590 0.289987 0.293284 0.302280 0.316936 0.337071 0.361864 0.389134 0.414695 0.432547 0.436850 0.425065 0.399588 0.366111 0.330462 0.296628 0.266538 0.240695 0.218857 0.200494 0.185023 0.171911 0.160708 0.151050 0.142645 0.135264 0.128725 0.122884 0.117628 0.112866 0.108526 0.104547
0.147616 0.152843 0.158264 0.163863 0.169620 0.175503 0.181470 0.187469 0.193437 0.199302 0.204985 0.210407 0.215495 0.220188 0.224442 0.228237 0.231577 0.234489 0.237016 0.239213 0.241139 0.242853 0.244407 0.245850 0.247222 0.248564 0.249915 0.251320 0.252830 0.254505 0.256413 0.258630 0.261232 0.264294 0.267878 0.272025 0.276738 0.281958 0.287535 0.293192 0.298493 0.302843 0.305535 0.305876 0.303359 0.297828 0.289545 0.279111 0.267301 0.254882 0.242488 0.230573 0.219415 0.209156 0.199838 0.191444 0.183921 0.177202 0.171212 0.165878 0.161132 0.156912 0.153163 0.149834 0.146884 0.144275 0.141973 0.139952 0.138186 0.136653 0.135336 0.134218 0.133286 0.132528 0.131933 0.131494 0.131202 0.131052 0.131039 0.131160 0.131412 0.131793 0.132304 0.132945 0.133719 0.134629 0.135680 0.136879 0.138234 0.139756 0.141459 0.143358 0.145473 0.147825 0.150443 0.153357 0.156605 0.160230 0.164282 0.168822 0.173920 0.179659 0.186138 0.193476 0.201819 0.211346 0.222281 0.234905 0.249571 0.266720 0.286878 0.310629 0.338497 0.370685 0.406559 0.443867 0.478014 0.502306 0.510220 0.499009 0.471585 0.434624 0.394942 0.357222 0.323764 0.295214 0.271346 0.251591 0.235308 0.221907 0.210888 0.201846 0.194457 0.188471 0.183694 0.179980 0.177223 0.175348 0.174313 0.174100 0.174721 0.176216 0.178657 0.182158 0.186876 0.193035 0.200934 0.210984 0.223733 0.239915 0.260498 0.286711 0.320009 0.361821 0.412806 0.471231 0.530442 0.577377 0.596611 0.580883 0.537533 0.482064 0.427629 0.380981 0.343971 0.316076 0.296032 0.282579 0.274710 0.271710 0.273099 0.278543 0.287710 0.300082 0.314692 0.329860 0.343081 0.351355 0.352086 0.344193 0.328632 0.307862 0.284736 0.261583 0.239875 0.220314 0.203085 0.188080 0.175065 0.163767 0.153923 0.145298 0.137693 0.130942 0.124908 0.119480 0.114565 0.110090 0.105993 0.102224
0.141733 0.146456 0.151329 0.156337 0.161458 0.166664 0.171920 0.177183 0.182402 0.187523 0.192486 0.197234 0.201713 0.205879 0.209701 0.213163 0.216266 0.219025 0.221468 0.223633 0.225560 0.227294 0.228874 0.230339 0.231726 0.233068 0.234402 0.235764 0.237196 0.238743 0.240454 0.242378 0.244564 0.247054 0.249874 0.253031 0.256495 0.260190 0.263973 0.267620 0.270820 0.273184 0.274287 0.273738 0.271267 0.266801 0.260493 0.252683 0.243825 0.234394 0.224815 0.215418 0.206438 0.198018 0.190231 0.183101 0.176617 0.170751 0.165461 0.160704 0.156435 0.152608 0.149185 0.146128 0.143404 0.140982 0.138837 0.136944 0.135284 0.133839 0.132591 0.131529 0.130639 0.129911 0.129337 0.128908 0.128618 0.128462 0.128436 0.128537 0.128762 0.129110 0.129581 0.130175 0.130895 0.131745 0.132728 0.133850 0.135121 0.136548 0.138143 0.139922 0.141899 0.144096 0.146534 0.149241 0.152248 0.155592 0.159313 0.163463 0.168096 0.173280 0.179093 0.185627 0.192991 0.201315 0.210756 0.221499 0.233762 0.247788 0.263828 0.282085 0.302621 0.325171 0.348882 0.372035 0.391935 0.405297 0.409291 0.402814 0.387087 0.365053 0.340085 0.314948 0.291404 0.270320 0.251955 0.236226 0.222891 0.211663 0.202257 0.194421 0.187940 0.182639 0.178376 0.175043 0.172559 0.170868 0.169935 0.169751 0.170324 0.171690 0.173908 0.177070 0.181300 0.186770 0.193704 0.202394 0.213212 0.226618 0.243163 0.263450 0.288028 0.317137 0.350241 0.385300 0.418113 0.442542 0.452587 0.445694 0.424480 0.395013 0.363499 0.334220 0.309301 0.289380 0.274327 0.263718 0.257080 0.253990 0.254086 0.257028 0.262423 0.269725 0.278112 0.286412 0.293127 0.296663 0.295745 0.289847 0.279383 0.265514 0.249707 0.233310 0.217327 0.202368 0.188726 0.176477 0.165567 0.155881 0.147281 0.139625 0.132784 0.126644 0.121106 0.116084 0.111507 0.107318 0.103464 0.099905