0.19 0.17 0.16 0.16 0.16 0.16 0.17 0.18 0.20 0.22 0.25 0.28 0.31 0.34 0.37 0.40 0.43 0.46 0.49 0.51 0.53 0.56 0.57 0.59 0.60 0.61 0.62 0.63 0.64 0.65 0.65 0.66 0.66 0.67 0.67 0.68 0.68 0.68 0.69 0.69 0.69 0.70 0.70 0.71 0.71 0.71 0.72 0.73 0.73 0.74 0.75 0.75 0.76 0.77 0.78 0.79 0.81 0.82 0.84 0.85 0.87 0.90 0.92 0.94 0.97 1.00 1.03 1.07 1.11 1.15 1.19 1.24 1.29 1.34 1.39 1.45 1.51 1.57 1.64 1.70 1.77 1.84 1.91 1.98 2.05 2.13 2.20 2.27 2.34 2.41 2.47 2.53 2.59 2.65 2.70 2.75 2.79 2.83 2.86 2.89 2.91 2.92 2.93 2.94 2.93 2.93 2.91 2.89 2.86 2.83 2.79 2.74 2.68 2.62 2.55 2.47 2.39 2.29 2.19 2.08 1.97 1.84 1.72 1.59 1.45 1.32 1.19 1.07 0.95 0.84 0.75 0.67 0.60 0.55 0.52 0.45 0.51 0.53 0.57 0.62 0.68 0.75 0.83 0.92 1.01 1.10 1.18 1.27 1.35 1.43 1.50 1.56 1.62 1.67 1.72 1.76 1.79 1.82 1.85 1.87 1.89 1.91 1.93 1.94 1.96 1.97 1.98 1.99 2.00 2.01 2.02 2.03 2.04 2.05 2.06 2.07 2.08 2.09 2.10 2.12 2.13 2.14 2.15 2.17 2.18 2.19 2.21 2.23 2.24 2.26 2.28 2.30 2.32 2.35 2.37 2.39 2.42 2.44 2.46 2.49 2.51 2.53 2.55 2.58 2.60 2.62 2.63 2.65 2.66 2.67 2.68 2.69 2.69 2.69 2.69 2.69 2.68 2.67 2.66 2.64 2.62 2.60 2.57 2.55 2.52 2.49 2.45 2.42 2.38 2.34 2.30 2.26 2.22 2.18 2.14 2.10 2.06 2.02 1.98 1.94 1.90 1.86 1.83 1.79 1.75 1.71 1.66 1.62 1.57 1.52 1.47 1.42 1.36 1.30 1.23 1.16 1.10 1.03 0.96 0.90 0.85 0.80 0.77 0.75 0.74 0.76 0.79 0.85 0.94 1.05 1.19 1.35 1.53 1.74 1.96 2.20 2.46 2.72 2.99 3.26 3.52 3.79 4.05 4.29 4.53 4.76 4.97 5.16 5.35 5.52 5.67 5.81 5.94 6.06 6.16 6.25 6.32 6.39 6.45 6.50 6.53 6.56 6.59 6.61 6.62 6.62 6.63 6.63 6.62 6.61 6.60 6.58 6.56 6.53 6.50 6.46 6.42 6.36 6.30 6.23 6.15 6.05 5.95 5.84 5.71 5.58 5.44 5.29 5.13 4.97 4.81 4.64 4.47 4.30 4.13 3.96 3.79 3.63 3.48 3.33 3.18 3.05 2.92 2.79 2.68 2.57 2.46 2.37 2.27 2.19 2.11 2.03 1.96 1.90 1.84 1.78 1.73 1.68 1.63 1.59 1.55 1.51 1.47 1.44 1.41 1.38 1.35 1.33 1.30 1.28 1.26 1.23 1.21 1.18 1.15 1.12 1.09 1.05 1.01 0.97 0.92 0.87 0.81 0.76 0.69 0.63 0.57 0.51 0.45 0.39 0.34 0.30 0.27 0.24 0.22 0.17 0.22 0.23 0.24 0.27
0.17 0.15 0.14 0.13 0.13 0.14 0.14 0.16 0.18 0.20 0.23 0.26 0.29 0.32 0.36 0.39 0.42 0.46 0.48 0.51 0.54 0.56 0.58 0.59 0.61 0.62 0.63 0.64 0.65 0.66 0.66 0.67 0.67 0.68 0.68 0.68 0.69 0.69 0.70 0.70 0.70 0.71 0.71 0.72 0.72 0.72 0.73 0.74 0.74 0.75 0.76 0.77 0.78 0.79 0.80 0.81 0.82 0.84 0.86 0.88 0.90 0.92 0.95 0.97 1.00 1.04 1.07 1.11 1.15 1.20 1.24 1.29 1.35 1.40 1.46 1.53 1.59 1.66 1.73 1.80 1.88 1.95 2.03 2.11 2.19 2.26 2.34 2.42 2.49 2.57 2.64 2.71 2.77 2.83 2.88 2.94 2.98 3.02 3.06 3.08 3.11 3.12 3.13 3.13 3.13 3.12 3.10 3.08 3.05 3.01 2.96 2.91 2.85 2.78 2.70 2.61 2.51 2.41 2.29 2.17 2.04 1.90 1.76 1.62 1.47 1.32 1.18 1.04 0.91 0.79 0.69 0.60 0.45 0.45 0.44 0.13 0.43 0.45 0.45 0.55 0.62 0.70 0.79 0.88 0.97 1.07 1.17 1.26 1.35 1.43 1.50 1.57 1.63 1.69 1.74 1.78 1.82 1.85 1.88 1.90 1.92 1.94 1.96 1.97 1.99 2.00 2.01 2.02 2.03 2.05 2.06 2.07 2.08 2.09 2.10 2.11 2.12 2.13 2.14 2.15 2.16 2.18 2.19 2.20 2.22 2.24 2.25 2.27 2.29 2.31 2.33 2.35 2.38 2.40 2.42 2.45 2.48 2.50 2.53 2.55 2.58 2.60 2.63 2.65 2.67 2.69 2.71 2.73 2.75 2.76 2.77 2.78 2.78 2.78 2.78 2.78 2.77 2.76 2.75 2.73 2.71 2.69 2.66 2.64 2.61 2.57 2.54 2.50 2.46 2.42 2.38 2.34 2.30 2.26 2.21 2.17 2.13 2.09 2.05 2.01 1.96 1.92 1.88 1.84 1.80 1.75 1.71 1.66 1.61 1.55 1.49 1.43 1.36 1.29 1.22 1.14 1.07 0.99 0.91 0.84 0.78 0.72 0.68 0.65 0.64 0.45 0.68 0.74 0.83 0.95 1.09 1.27 1.46 1.69 1.93 2.20 2.47 2.76 3.05 3.35 3.65 3.94 4.22 4.49 4.75 5.00 5.23 5.44 5.64 5.83 6.00 6.15 6.29 6.41 6.52 6.62 6.70 6.78 6.84 6.89 6.93 6.97 6.99 7.01 7.03 7.04 7.04 7.05 7.04 7.04 7.03 7.02 7.00 6.97 6.94 6.91 6.86 6.81 6.74 6.67 6.58 6.49 6.37 6.25 6.12 5.97 5.82 5.65 5.48 5.30 5.12 4.93 4.74 4.55 4.37 4.18 4.00 3.82 3.65 3.49 3.33 3.18 3.04 2.91 2.78 2.66 2.55 2.45 2.35 2.26 2.17 2.09 2.02 1.95 1.89 1.83 1.77 1.72 1.67 1.63 1.59 1.55 1.51 1.48 1.45 1.42 1.39 1.37 1.34 1.32 1.29 1.27 1.24 1.21 1.18 1.15 1.12 1.08 1.04 0.99 0.94 0.88 0.82 0.76 0.69 0.63 0.56 0.49 0.43 0.37 0.31 0.27 0.17 0.17 0.17 0.17 0.17 0.17 0.17 0.24
0.15 0.13 0.12 0.11 0.11 0.11 0.12 0.14 0.16 0.18 0.21 0.24 0.28 0.31 0.35 0.38 0.42 0.45 0.48 0.51 0.54 0.56 0.58 0.60 0.61 0.63 0.64 0.65 0.66 0.66 0.67 0.68 0.68 0.68 0.69 0.69 0.70 0.70 0.70 0.71 0.71 0.72 0.72 0.73 0.73 0.74 0.74 0.75 0.75 0.76 0.77 0.78 0.79 0.80 0.81 0.83 0.84 0.86 0.88 0.90 0.92 0.95 0.98 1.01 1.04 1.07 1.11 1.15 1.20 1.25 1.30 1.35 1.41 1.47 1.54 1.61 1.68 1.75 1.83 1.91 1.99 2.07 2.16 2.24 2.33 2.41 2.49 2.58 2.66 2.74 2.81 2.89 2.96 3.02 3.08 3.13 3.18 3.23 3.26 3.29 3.32 3.33 3.34 3.34 3.34 3.32 3.30 3.28 3.24 3.20 3.14 3.08 3.01 2.94 2.85 2.75 2.64 2.53 2.40 2.26 2.12 1.97 1.81 1.65 1.49 1.33 1.17 1.02 0.88 0.75 0.63 0.45 0.13 0.13 0.13 0.13 0.13 0.13 0.13 0.45 0.56 0.65 0.74 0.84 0.95 1.05 1.15 1.25 1.35 1.43 1.51 1.59 1.65 1.71 1.76 1.80 1.84 1.88 1.91 1.93 1.95 1.97 1.99 2.00 2.02 2.03 2.04 2.05 2.06 2.07 2.08 2.09 2.10 2.12 2.13 2.14 2.15 2.16 2.17 2.18 2.20 2.21 2.22 2.24 2.26 2.27 2.29 2.31 2.33 2.36 2.38 2.40 2.43 2.45 2.48 2.51 2.53 2.56 2.59 2.62 2.65 2.67 2.70 2.72 2.75 2.77 2.79 2.81 2.83 2.84 2.85 2.86 2.87 2.87 2.87 2.87 2.86 2.85 2.84 2.82 2.80 2.78 2.75 2.72 2.69 2.66 2.62 2.59 2.55 2.51 2.46 2.42 2.38 2.33 2.29 2.25 2.20 2.16 2.11 2.07 2.03 1.98 1.94 1.90 1.85 1.80 1.75 1.70 1.64 1.58 1.52 1.45 1.37 1.29 1.21 1.13 1.04 0.95 0.87 0.78 0.71 0.64 0.45 0.45 0.45 0.03 0.45 0.45 0.45 0.85 1.00 1.19 1.40 1.64 1.91 2.19 2.49 2.81 3.13 3.45 3.77 4.09 4.40 4.70 4.98 5.25 5.50 5.74 5.95 6.15 6.34 6.50 6.65 6.79 6.91 7.01 7.10 7.18 7.25 7.30 7.35 7.39 7.42 7.44 7.46 7.48 7.49 7.49 7.49 7.49 7.49 7.48 7.47 7.45 7.42 7.39 7.34 7.29 7.22 7.15 7.06 6.95 6.83 6.70 6.56 6.40 6.23 6.05 5.86 5.66 5.46 5.25 5.04 4.83 4.63 4.42 4.22 4.03 3.84 3.66 3.49 3.33 3.17 3.03 2.89 2.76 2.64 2.53 2.43 2.33 2.24 2.16 2.08 2.01 1.94 1.88 1.82 1.77 1.72 1.67 1.63 1.59 1.55 1.52 1.49 1.46 1.43 1.40 1.38 1.35 1.33 1.30 1.27 1.24 1.21 1.18 1.14 1.10 1.06 1.01 0.96 0.90 0.83 0.77 0.70 0.62 0.55 0.48 0.41 0.35 0.29 0.17 0.17 0.17 0.15 0.15 0.15 0.16 0.17 0.17
0.13 0.11 0.10 0.09 0.09 0.09 0.10 0.12 0.14 0.17 0.20 0.23 0.27 0.30 0.34 0.38 0.42 0.45 0.48 0.51 0.54 0.56 0.58 0.60 0.62 0.63 0.65 0.66 0.66 0.67 0.68 0.68 0.69 0.69 0.70 0.70 0.71 0.71 0.71 0.72 0.72 0.73 0.73 0.74 0.74 0.75 0.75 0.76 0.77 0.77 0.78 0.79 0.80 0.82 0.83 0.85 0.86 0.88 0.90 0.92 0.95 0.98 1.01 1.04 1.07 1.11 1.15 1.20 1.25 1.30 1.36 1.42 1.48 1.55 1.62 1.69 1.77 1.85 1.93 2.02 2.11 2.20 2.29 2.38 2.47 2.56 2.65 2.74 2.83 2.92 3.00 3.08 3.15 3.22 3.29 3.34 3.40 3.44 3.48 3.51 3.53 3.55 3.56 3.56 3.55 3.54 3.51 3.48 3.44 3.39 3.33 3.27 3.19 3.10 3.01 2.90 2.78 2.65 2.51 2.36 2.21 2.04 1.87 1.69 1.51 1.34 1.17 1.00 0.85 0.71 0.45 0.13 0.13 0.13 0.13 0.13 0.13 0.13 0.13 0.13 0.45 0.61 0.71 0.82 0.93 1.04 1.15 1.25 1.35 1.44 1.53 1.60 1.67 1.73 1.78 1.83 1.87 1.90 1.93 1.96 1.98 2.00 2.02 2.03 2.04 2.06 2.07 2.08 2.09 2.10 2.11 2.12 2.13 2.14 2.15 2.17 2.18 2.19 2.20 2.21 2.23 2.24 2.26 2.28 2.29 2.31 2.33 2.35 2.38 2.40 2.42 2.45 2.48 2.50 2.53 2.56 2.59 2.62 2.65 2.68 2.71 2.74 2.77 2.80 2.82 2.85 2.87 2.89 2.91 2.92 2.94 2.95 2.95 2.96 2.96 2.96 2.95 2.94 2.93 2.91 2.89 2.87 2.84 2.81 2.78 2.75 2.71 2.67 2.63 2.59 2.54 2.50 2.46 2.41 2.36 2.32 2.27 2.23 2.18 2.14 2.09 2.05 2.00 1.95 1.90 1.85 1.80 1.74 1.68 1.61 1.54 1.47 1.39 1.30 1.21 1.11 1.02 0.92 0.82 0.73 0.65 0.45 0.03 0.03 0.03 0.03 0.03 0.03 0.03 0.45 0.92 1.12 1.34 1.60 1.89 2.19 2.52 2.86 3.21 3.56 3.91 4.25 4.59 4.91 5.22 5.51 5.78 6.04 6.27 6.49 6.69 6.87 7.03 7.18 7.30 7.42 7.52 7.60 7.67 7.74 7.79 7.83 7.87 7.89 7.92 7.94 7.95 7.96 7.97 7.98 7.98 7.98 7.97 7.95 7.93 7.90 7.86 7.81 7.74 7.66 7.57 7.46 7.33 7.19 7.03 6.86 6.67 6.47 6.27 6.05 5.82 5.60 5.37 5.14 4.91 4.68 4.46 4.25 4.04 3.84 3.66 3.48 3.31 3.15 3.00 2.87 2.74 2.62 2.51 2.40 2.31 2.22 2.14 2.06 1.99 1.93 1.87 1.81 1.76 1.71 1.67 1.63 1.59 1.56 1.53 1.50 1.47 1.44 1.41 1.39 1.36 1.33 1.31 1.28 1.25 1.21 1.17 1.13 1.08 1.03 0.98 0.91 0.85 0.78 0.70 0.63 0.55 0.47 0.40 0.33 0.27 0.17 0.17 0.15 0.13 0.12 0.13 0.14 0.16 0.17
0.12 0.10 0.09 0.08 0.07 0.08 0.09 0.10 0.13 0.15 0.19 0.22 0.26 0.30 0.34 0.38 0.41 0.45 0.48 0.51 0.54 0.57 0.59 0.61 0.63 0.64 0.65 0.66 0.67 0.68 0.69 0.69 0.70 0.70 0.71 0.71 0.72 0.72 0.72 0.73 0.73 0.74 0.74 0.75 0.75 0.76 0.76 0.77 0.78 0.79 0.80 0.81 0.82 0.83 0.85 0.86 0.88 0.90 0.92 0.95 0.97 1.00 1.04 1.07 1.11 1.15 1.20 1.25 1.30 1.36 1.42 1.48 1.55 1.63 1.70 1.78 1.87 1.95 2.04 2.14 2.23 2.33 2.43 2.53 2.63 2.73 2.82 2.92 3.01 3.11 3.19 3.28 3.36 3.43 3.50 3.56 3.62 3.67 3.71 3.74 3.76 3.78 3.79 3.79 3.78 3.76 3.73 3.70 3.65 3.60 3.53 3.46 3.37 3.28 3.17 3.06 2.93 2.79 2.63 2.47 2.30 2.12 1.93 1.74 1.55 1.36 1.18 1.00 0.83 0.68 0.45 0.13 0.13 0.13 0.13 0.13 0.13 0.13 0.13 0.13 0.45 0.58 0.69 0.80 0.92 1.03 1.15 1.25 1.36 1.45 1.54 1.62 1.69 1.75 1.81 1.85 1.89 1.93 1.96 1.98 2.01 2.03 2.04 2.06 2.07 2.08 2.10 2.11 2.12 2.13 2.14 2.15 2.16 2.17 2.18 2.19 2.20 2.22 2.23 2.24 2.26 2.27 2.29 2.31 2.33 2.35 2.37 2.39 2.42 2.44 2.47 2.49 2.52 2.55 2.58 2.61 2.65 2.68 2.71 2.74 2.77 2.80 2.84 2.86 2.89 2.92 2.94 2.97 2.99 3.00 3.02 3.03 3.04 3.04 3.04 3.04 3.04 3.03 3.02 3.00 2.98 2.96 2.93 2.90 2.87 2.83 2.79 2.75 2.71 2.67 2.62 2.58 2.53 2.49 2.44 2.39 2.34 2.30 2.25 2.20 2.15 2.11 2.06 2.01 1.96 1.90 1.84 1.78 1.72 1.65 1.57 1.49 1.40 1.31 1.21 1.11 1.00 0.89 0.79 0.69 0.45 0.03 0.03 0.03 0.03 0.03 0.03 0.03 0.03 0.03 0.45 1.06 1.30 1.58 1.88 2.21 2.56 2.92 3.30 3.67 4.05 4.42 4.78 5.13 5.47 5.78 6.08 6.35 6.61 6.84 7.05 7.25 7.42 7.58 7.72 7.84 7.95 8.04 8.12 8.19 8.24 8.29 8.33 8.37 8.40 8.42 8.44 8.46 8.48 8.49 8.50 8.50 8.50 8.49 8.48 8.45 8.41 8.36 8.30 8.21 8.12 8.00 7.86 7.71 7.54 7.35 7.15 6.93 6.70 6.46 6.22 5.97 5.71 5.46 5.20 4.96 4.71 4.48 4.25 4.04 3.83 3.64 3.45 3.28 3.12 2.97 2.83 2.71 2.59 2.48 2.38 2.28 2.20 2.12 2.05 1.98 1.92 1.86 1.81 1.76 1.71 1.67 1.63 1.60 1.56 1.53 1.50 1.48 1.45 1.42 1.40 1.37 1.34 1.31 1.28 1.24 1.20 1.16 1.11 1.06 1.00 0.93 0.86 0.79 0.71 0.63 0.55 0.47 0.40 0.33 0.27 0.17 0.17 0.13 0.11 0.11 0.11 0.13 0.15 0.17
0.11 0.09 0.08 0.07 0.06 0.07 0.08 0.10 0.12 0.15 0.18 0.22 0.25 0.29 0.34 0.38 0.41 0.45 0.49 0.52 0.55 0.57 0.60 0.62 0.63 0.65 0.66 0.67 0.68 0.69 0.70 0.70 0.71 0.71 0.72 0.72 0.72 0.73 0.73 0.74 0.74 0.75 0.75 0.76 0.76 0.77 0.77 0.78 0.79 0.80 0.81 0.82 0.83 0.85 0.86 0.88 0.90 0.92 0.95 0.97 1.00 1.03 1.07 1.11 1.15 1.20 1.25 1.30 1.36 1.42 1.48 1.55 1.63 1.71 1.79 1.88 1.97 2.06 2.16 2.26 2.36 2.47 2.57 2.68 2.79 2.89 3.00 3.10 3.21 3.30 3.40 3.49 3.57 3.65 3.73 3.79 3.85 3.90 3.94 3.98 4.00 4.02 4.03 4.02 4.01 3.99 3.96 3.92 3.87 3.81 3.74 3.66 3.57 3.46 3.35 3.22 3.08 2.93 2.76 2.59 2.40 2.21 2.01 1.80 1.60 1.40 1.20 1.01 0.84 0.68 0.45 0.13 0.13 0.13 0.13 0.13 0.13 0.13 0.13 0.13 0.45 0.57 0.68 0.80 0.92 1.04 1.15 1.27 1.37 1.47 1.56 1.64 1.71 1.78 1.83 1.88 1.92 1.96 1.99 2.01 2.03 2.05 2.07 2.08 2.10 2.11 2.12 2.13 2.14 2.15 2.16 2.17 2.18 2.19 2.21 2.22 2.23 2.24 2.26 2.27 2.29 2.30 2.32 2.34 2.36 2.38 2.40 2.43 2.45 2.48 2.51 2.54 2.57 2.60 2.63 2.66 2.70 2.73 2.77 2.80 2.83 2.87 2.90 2.93 2.96 2.99 3.02 3.04 3.06 3.08 3.10 3.11 3.12 3.13 3.13 3.13 3.12 3.11 3.10 3.09 3.07 3.04 3.02 2.99 2.95 2.92 2.88 2.84 2.79 2.75 2.70 2.66 2.61 2.56 2.51 2.46 2.42 2.37 2.32 2.27 2.22 2.17 2.12 2.07 2.01 1.95 1.89 1.83 1.76 1.69 1.60 1.52 1.42 1.32 1.22 1.11 1.00 0.88 0.77 0.66 0.45 0.03 0.03 0.03 0.03 0.03 0.03 0.03 0.03 0.03 0.45 1.02 1.28 1.57 1.89 2.24 2.61 3.00 3.40 3.80 4.21 4.61 4.99 5.37 5.73 6.06 6.38 6.68 6.95 7.20 7.43 7.64 7.83 7.99 8.14 8.27 8.39 8.49 8.58 8.65 8.72 8.77 8.82 8.86 8.90 8.93 8.96 8.98 9.01 9.03 9.04 9.06 9.06 9.06 9.05 9.03 9.00 8.95 8.88 8.80 8.70 8.58 8.43 8.27 8.08 7.88 7.66 7.42 7.17 6.91 6.64 6.36 6.08 5.80 5.52 5.25 4.98 4.72 4.48 4.24 4.02 3.80 3.60 3.42 3.25 3.08 2.94 2.80 2.67 2.56 2.45 2.35 2.26 2.18 2.10 2.03 1.96 1.90 1.85 1.80 1.75 1.71 1.67 1.64 1.60 1.57 1.54 1.51 1.49 1.46 1.43 1.41 1.38 1.35 1.31 1.28 1.24 1.19 1.14 1.09 1.03 0.96 0.89 0.81 0.73 0.65 0.57 0.48 0.41 0.33 0.17 0.17 0.17 0.13 0.11 0.10 0.11 0.13 0.15 0.17
0.11 0.09 0.07 0.07 0.06 0.07 0.08 0.09 0.12 0.14 0.18 0.22 0.26 0.30 0.34 0.38 0.42 0.46 0.49 0.52 0.55 0.58 0.60 0.62 0.64 0.66 0.67 0.68 0.69 0.70 0.70 0.71 0.72 0.72 0.73 0.73 0.73 0.74 0.74 0.75 0.75 0.76 0.76 0.77 0.77 0.78 0.79 0.79 0.80 0.81 0.82 0.84 0.85 0.87 0.88 0.90 0.92 0.95 0.97 1.00 1.03 1.07 1.10 1.15 1.19 1.24 1.29 1.35 1.41 1.48 1.55 1.63 1.71 1.79 1.88 1.98 2.07 2.18 2.28 2.39 2.50 2.61 2.73 2.84 2.96 3.07 3.18 3.30 3.40 3.51 3.61 3.71 3.80 3.88 3.96 4.03 4.09 4.14 4.19 4.22 4.25 4.26 4.27 4.27 4.25 4.23 4.20 4.15 4.10 4.03 3.95 3.86 3.76 3.65 3.53 3.39 3.24 3.07 2.90 2.71 2.51 2.31 2.09 1.88 1.66 1.45 1.24 1.04 0.86 0.45 0.13 0.13 0.13 0.13 0.13 0.13 0.13 0.13 0.13 0.13 0.13 0.45 0.69 0.81 0.93 1.05 1.17 1.29 1.39 1.49 1.59 1.67 1.74 1.80 1.86 1.91 1.95 1.98 2.01 2.04 2.06 2.08 2.09 2.11 2.12 2.13 2.14 2.15 2.16 2.17 2.19 2.20 2.21 2.22 2.23 2.24 2.25 2.27 2.28 2.30 2.31 2.33 2.35 2.37 2.39 2.41 2.44 2.46 2.49 2.52 2.55 2.58 2.61 2.64 2.68 2.71 2.75 2.78 2.82 2.86 2.89 2.93 2.96 3.00 3.03 3.06 3.09 3.11 3.14 3.16 3.17 3.19 3.20 3.21 3.21 3.21 3.21 3.20 3.19 3.17 3.15 3.13 3.10 3.07 3.04 3.00 2.96 2.92 2.88 2.83 2.78 2.74 2.69 2.64 2.59 2.54 2.49 2.44 2.39 2.34 2.28 2.23 2.18 2.12 2.07 2.01 1.95 1.88 1.81 1.73 1.64 1.55 1.45 1.35 1.24 1.12 1.00 0.88 0.76 0.65 0.45 0.03 0.03 0.03 0.03 0.03 0.03 0.03 0.03 0.03 0.45 1.01 1.28 1.59 1.93 2.29 2.69 3.10 3.52 3.95 4.38 4.80 5.21 5.61 5.99 6.35 6.69 7.01 7.30 7.57 7.81 8.04 8.24 8.42 8.58 8.72 8.84 8.95 9.05 9.13 9.20 9.26 9.32 9.37 9.41 9.45 9.49 9.53 9.56 9.59 9.61 9.64 9.65 9.66 9.66 9.64 9.62 9.57 9.51 9.42 9.32 9.19 9.04 8.86 8.66 8.44 8.20 7.94 7.66 7.38 7.08 6.78 6.47 6.16 5.86 5.56 5.26 4.98 4.71 4.45 4.21 3.98 3.76 3.56 3.37 3.20 3.04 2.89 2.76 2.63 2.52 2.42 2.32 2.23 2.15 2.08 2.01 1.95 1.89 1.84 1.79 1.75 1.71 1.67 1.64 1.61 1.58 1.55 1.52 1.49 1.47 1.44 1.41 1.38 1.35 1.31 1.27 1.23 1.17 1.12 1.06 0.99 0.91 0.84 0.75 0.67 0.59 0.50 0.42 0.35 0.28 0.17 0.17 0.14 0.12 0.11 0.12 0.13 0.16 0.17
0.11 0.09 0.08 0.07 0.07 0.07 0.08 0.10 0.12 0.15 0.18 0.22 0.26 0.30 0.34 0.39 0.43 0.46 0.50 0.53 0.56 0.59 0.61 0.63 0.65 0.67 0.68 0.69 0.70 0.71 0.71 0.72 0.72 0.73 0.73 0.74 0.74 0.75 0.75 0.76 0.76 0.77 0.77 0.78 0.78 0.79 0.80 0.81 0.82 0.83 0.84 0.85 0.87 0.88 0.90 0.92 0.94 0.97 1.00 1.03 1.06 1.10 1.14 1.18 1.23 1.29 1.34 1.41 1.47 1.55 1.62 1.70 1.79 1.88 1.98 2.08 2.18 2.29 2.41 2.52 2.64 2.76 2.88 3.01 3.13 3.25 3.38 3.49 3.61 3.72 3.83 3.93 4.03 4.12 4.20 4.28 4.34 4.40 4.44 4.48 4.50 4.52 4.52 4.52 4.50 4.48 4.44 4.39 4.33 4.26 4.17 4.08 3.97 3.85 3.71 3.57 3.41 3.23 3.04 2.85 2.64 2.42 2.20 1.97 1.74 1.52 1.30 1.09 0.90 0.73 0.45 0.13 0.13 0.13 0.13 0.13 0.13 0.13 0.13 0.13 0.45 0.59 0.71 0.83 0.96 1.08 1.20 1.32 1.42 1.52 1.61 1.70 1.77 1.83 1.89 1.93 1.97 2.01 2.04 2.06 2.08 2.10 2.12 2.13 2.14 2.15 2.16 2.18 2.19 2.20 2.21 2.22 2.23 2.24 2.25 2.26 2.28 2.29 2.31 2.32 2.34 2.36 2.38 2.40 2.42 2.44 2.47 2.49 2.52 2.55 2.58 2.62 2.65 2.69 2.72 2.76 2.80 2.83 2.87 2.91 2.95 2.99 3.02 3.06 3.09 3.12 3.15 3.18 3.21 3.23 3.25 3.26 3.28 3.28 3.29 3.29 3.29 3.28 3.27 3.25 3.23 3.21 3.18 3.15 3.12 3.08 3.04 3.00 2.96 2.91 2.86 2.81 2.76 2.71 2.66 2.61 2.56 2.51 2.45 2.40 2.35 2.30 2.24 2.19 2.13 2.07 2.00 1.93 1.86 1.77 1.69 1.59 1.49 1.38 1.27 1.15 1.02 0.90 0.78 0.45 0.03 0.03 0.03 0.03 0.03 0.03 0.03 0.03 0.03 0.03 0.03 0.45 1.31 1.63 1.99 2.37 2.79 3.22 3.66 4.11 4.57 5.01 5.45 5.87 6.27 6.65 7.01 7.35 7.66 7.94 8.21 8.44 8.66 8.85 9.02 9.17 9.31 9.42 9.53 9.62 9.70 9.77 9.83 9.89 9.94 9.99 10.04 10.09 10.13 10.17 10.21 10.24 10.27 10.28 10.29 10.29 10.26 10.22 10.16 10.07 9.97 9.83 9.67 9.48 9.27 9.03 8.77 8.48 8.18 7.87 7.55 7.21 6.88 6.54 6.21 5.88 5.56 5.25 4.96 4.68 4.41 4.16 3.92 3.71 3.51 3.32 3.15 2.99 2.85 2.71 2.59 2.48 2.38 2.29 2.21 2.13 2.06 2.00 1.94 1.88 1.84 1.79 1.75 1.71 1.68 1.64 1.61 1.59 1.56 1.53 1.50 1.48 1.45 1.42 1.38 1.35 1.31 1.26 1.21 1.15 1.09 1.02 0.95 0.87 0.79 0.70 0.61 0.53 0.45 0.37 0.31 0.17 0.17 0.17 0.14 0.14 0.14 0.16 0.17 0.17
0.12 0.10 0.09 0.08 0.08 0.08 0.09 0.11 0.13 0.16 0.20 0.23 0.27 0.31 0.35 0.40 0.44 0.47 0.51 0.54 0.57 0.60 0.62 0.64 0.66 0.67 0.69 0.70 0.71 0.72 0.72 0.73 0.73 0.74 0.74 0.75 0.75 0.76 0.76 0.77 0.77 0.78 0.78 0.79 0.79 0.80 0.81 0.82 0.83 0.84 0.85 0.87 0.88 0.90 0.92 0.94 0.97 0.99 1.02 1.06 1.09 1.13 1.18 1.22 1.28 1.33 1.40 1.46 1.54 1.61 1.70 1.78 1.88 1.97 2.08 2.19 2.30 2.42 2.54 2.66 2.79 2.92 3.05 3.18 3.31 3.44 3.57 3.70 3.83 3.94 4.06 4.17 4.27 4.36 4.45 4.53 4.60 4.66 4.70 4.74 4.77 4.78 4.79 4.78 4.76 4.73 4.69 4.63 4.57 4.49 4.40 4.30 4.18 4.05 3.91 3.75 3.58 3.40 3.20 2.99 2.77 2.55 2.31 2.08 1.84 1.61 1.38 1.17 0.97 0.79 0.45 0.13 0.13 0.13 0.13 0.13 0.13 0.13 0.13 0.13 0.45 0.64 0.75 0.87 1.00 1.12 1.24 1.35 1.46 1.56 1.65 1.73 1.80 1.86 1.92 1.96 2.00 2.03 2.06 2.08 2.11 2.12 2.14 2.15 2.16 2.17 2.18 2.19 2.21 2.22 2.23 2.24 2.25 2.26 2.27 2.28 2.30 2.31 2.33 2.34 2.36 2.38 2.40 2.42 2.45 2.47 2.50 2.52 2.55 2.59 2.62 2.65 2.69 2.72 2.76 2.80 2.84 2.88 2.92 2.96 3.00 3.04 3.08 3.12 3.15 3.19 3.22 3.25 3.27 3.30 3.32 3.34 3.35 3.36 3.37 3.37 3.37 3.36 3.35 3.33 3.31 3.29 3.27 3.24 3.20 3.16 3.12 3.08 3.04 2.99 2.94 2.89 2.84 2.79 2.74 2.68 2.63 2.58 2.52 2.47 2.42 2.36 2.31 2.25 2.19 2.12 2.06 1.99 1.91 1.83 1.74 1.64 1.54 1.43 1.31 1.19 1.06 0.93 0.81 0.69 0.45 0.03 0.03 0.03 0.03 0.03 0.03 0.03 0.03 0.03 0.45 1.09 1.38 1.71 2.08 2.48 2.91 3.36 3.82 4.30 4.77 5.24 5.69 6.14 6.56 6.96 7.34 7.69 8.02 8.32 8.60 8.85 9.08 9.28 9.47 9.63 9.78 9.90 10.02 10.12 10.21 10.29 10.36 10.43 10.49 10.55 10.61 10.66 10.72 10.77 10.82 10.87 10.90 10.93 10.95 10.95 10.93 10.90 10.84 10.75 10.64 10.50 10.33 10.13 9.90 9.64 9.36 9.05 8.73 8.38 8.03 7.67 7.30 6.94 6.57 6.22 5.87 5.53 5.21 4.91 4.62 4.35 4.09 3.86 3.64 3.44 3.26 3.09 2.93 2.79 2.67 2.55 2.44 2.35 2.26 2.18 2.11 2.04 1.98 1.93 1.88 1.83 1.79 1.75 1.71 1.68 1.65 1.62 1.59 1.57 1.54 1.51 1.48 1.45 1.42 1.38 1.34 1.30 1.25 1.19 1.13 1.06 0.98 0.91 0.82 0.74 0.65 0.57 0.49 0.41 0.34 0.17 0.17 0.17 0.17 0.17 0.17 0.17 0.17 0.17
0.14 0.12 0.11 0.10 0.10 0.10 0.11 0.13 0.14 0.18 0.21 0.25 0.29 0.33 0.37 0.41 0.45 0.49 0.52 0.55 0.58 0.61 0.63 0.65 0.67 0.68 0.70 0.71 0.72 0.73 0.73 0.74 0.74 0.75 0.75 0.76 0.76 0.77 0.77 0.78 0.78 0.79 0.79 0.80 0.81 0.81 0.82 0.83 0.84 0.85 0.87 0.88 0.90 0.92 0.94 0.96 0.99 1.02 1.05 1.09 1.12 1.17 1.21 1.27 1.32 1.38 1.45 1.52 1.60 1.68 1.77 1.87 1.97 2.07 2.18 2.30 2.42 2.54 2.67 2.81 2.94 3.08 3.22 3.36 3.50 3.64 3.78 3.91 4.05 4.17 4.29 4.41 4.52 4.62 4.71 4.79 4.86 4.92 4.97 5.01 5.04 5.05 5.05 5.04 5.02 4.99 4.94 4.88 4.81 4.73 4.63 4.52 4.40 4.26 4.11 3.94 3.76 3.57 3.37 3.15 2.92 2.69 2.44 2.20 1.96 1.72 1.49 1.27 1.07 0.88 0.45 0.13 0.13 0.13 0.13 0.13 0.13 0.13 0.13 0.13 0.45 0.70 0.81 0.93 1.05 1.17 1.29 1.40 1.51 1.60 1.69 1.77 1.83 1.89 1.95 1.99 2.03 2.06 2.09 2.11 2.13 2.14 2.16 2.17 2.18 2.19 2.20 2.21 2.22 2.23 2.24 2.25 2.26 2.28 2.29 2.30 2.31 2.33 2.35 2.36 2.38 2.40 2.42 2.44 2.47 2.49 2.52 2.55 2.58 2.61 2.65 2.68 2.72 2.76 2.80 2.84 2.88 2.92 2.97 3.01 3.05 3.09 3.13 3.17 3.21 3.24 3.28 3.31 3.34 3.36 3.39 3.41 3.42 3.43 3.44 3.44 3.44 3.44 3.43 3.41 3.39 3.37 3.35 3.32 3.28 3.24 3.20 3.16 3.12 3.07 3.02 2.97 2.92 2.86 2.81 2.76 2.70 2.65 2.59 2.54 2.48 2.43 2.37 2.31 2.25 2.19 2.12 2.05 1.97 1.88 1.79 1.70 1.59 1.48 1.36 1.24 1.12 0.99 0.86 0.74 0.45 0.03 0.03 0.03 0.03 0.03 0.03 0.03 0.03 0.03 0.45 1.18 1.48 1.82 2.20 2.62 3.06 3.53 4.01 4.50 4.99 5.48 5.95 6.41 6.86 7.28 7.67 8.04 8.39 8.71 9.00 9.26 9.50 9.72 9.92 10.09 10.25 10.38 10.51 10.62 10.72 10.81 10.89 10.97 11.04 11.11 11.18 11.25 11.32 11.39 11.45 11.51 11.56 11.60 11.62 11.64 11.63 11.60 11.54 11.45 11.34 11.19 11.01 10.79 10.55 10.27 9.97 9.64 9.28 8.91 8.53 8.14 7.74 7.34 6.95 6.56 6.18 5.82 5.47 5.14 4.83 4.54 4.26 4.01 3.78 3.56 3.37 3.19 3.02 2.88 2.74 2.62 2.51 2.41 2.31 2.23 2.16 2.09 2.02 1.97 1.92 1.87 1.83 1.79 1.75 1.72 1.69 1.66 1.63 1.60 1.58 1.55 1.52 1.49 1.46 1.42 1.38 1.34 1.29 1.23 1.17 1.10 1.03 0.95 0.87 0.79 0.70 0.62 0.54 0.46 0.40 0.34 0.17 0.17 0.17 0.17 0.17 0.17 0.17 0.30
0.16 0.14 0.13 0.12 0.12 0.12 0.13 0.14 0.17 0.20 0.23 0.27 0.31 0.35 0.39 0.43 0.47 0.50 0.54 0.57 0.60 0.62 0.64 0.66 0.68 0.69 0.71 0.72 0.73 0.73 0.74 0.75 0.75 0.76 0.76 0.77 0.77 0.78 0.78 0.79 0.79 0.80 0.80 0.81 0.82 0.83 0.83 0.84 0.86 0.87 0.88 0.90 0.92 0.94 0.96 0.98 1.01 1.04 1.08 1.12 1.16 1.20 1.25 1.31 1.37 1.44 1.51 1.58 1.67 1.76 1.85 1.95 2.06 2.17 2.29 2.41 2.54 2.68 2.81 2.96 3.10 3.25 3.40 3.55 3.70 3.84 3.99 4.13 4.27 4.41 4.54 4.66 4.77 4.88 4.97 5.06 5.13 5.20 5.25 5.29 5.31 5.33 5.33 5.31 5.29 5.25 5.20 5.14 5.06 4.97 4.87 4.75 4.62 4.47 4.31 4.14 3.95 3.75 3.54 3.32 3.08 2.84 2.59 2.34 2.09 1.85 1.61 1.39 1.19 1.00 0.84 0.45 0.13 0.13 0.13 0.13 0.13 0.13 0.13 0.45 0.68 0.78 0.89 1.01 1.12 1.24 1.35 1.46 1.56 1.65 1.73 1.81 1.87 1.93 1.98 2.02 2.05 2.08 2.11 2.13 2.15 2.16 2.18 2.19 2.20 2.21 2.22 2.23 2.24 2.25 2.26 2.27 2.28 2.29 2.30 2.32 2.33 2.35 2.36 2.38 2.40 2.42 2.44 2.46 2.49 2.52 2.55 2.58 2.61 2.64 2.68 2.71 2.75 2.79 2.83 2.88 2.92 2.96 3.01 3.05 3.09 3.14 3.18 3.22 3.26 3.30 3.34 3.37 3.40 3.43 3.45 3.47 3.49 3.50 3.51 3.51 3.51 3.51 3.50 3.49 3.47 3.45 3.42 3.39 3.36 3.32 3.28 3.24 3.20 3.15 3.10 3.05 2.99 2.94 2.88 2.83 2.77 2.72 2.66 2.61 2.55 2.49 2.44 2.38 2.32 2.25 2.18 2.11 2.03 1.95 1.86 1.76 1.66 1.55 1.43 1.31 1.19 1.06 0.94 0.82 0.45 0.03 0.03 0.03 0.03 0.03 0.03 0.03 0.03 0.03 0.45 1.31 1.62 1.97 2.36 2.79 3.24 3.72 4.22 4.72 5.23 5.73 6.22 6.70 7.16 7.59 8.01 8.39 8.75 9.09 9.39 9.67 9.93 10.16 10.36 10.55 10.71 10.86 11.00 11.12 11.23 11.33 11.42 11.51 11.60 11.68 11.76 11.85 11.93 12.01 12.09 12.16 12.22 12.27 12.31 12.33 12.33 12.31 12.25 12.17 12.05 11.89 11.70 11.48 11.21 10.92 10.59 10.24 9.86 9.46 9.04 8.62 8.19 7.76 7.33 6.91 6.51 6.11 5.74 5.38 5.05 4.73 4.44 4.17 3.92 3.69 3.48 3.29 3.12 2.96 2.82 2.69 2.57 2.46 2.37 2.28 2.20 2.13 2.07 2.01 1.96 1.91 1.86 1.82 1.79 1.75 1.72 1.69 1.66 1.64 1.61 1.58 1.56 1.53 1.49 1.46 1.42 1.38 1.33 1.27 1.21 1.15 1.08 1.00 0.92 0.84 0.76 0.68 0.60 0.52 0.46 0.40 0.35 0.32 0.30 0.17 0.29 0.30 0.32 0.36
0.19 0.17 0.16 0.15 0.14 0.15 0.16 0.18 0.20 0.23 0.26 0.30 0.33 0.37 0.41 0.45 0.48 0.52 0.55 0.58 0.61 0.63 0.66 0.68 0.69 0.71 0.72 0.73 0.74 0.74 0.75 0.76 0.76 0.77 0.77 0.78 0.78 0.79 0.79 0.80 0.80 0.81 0.81 0.82 0.83 0.84 0.85 0.86 0.87 0.88 0.90 0.92 0.93 0.96 0.98 1.01 1.04 1.07 1.11 1.15 1.19 1.24 1.29 1.35 1.42 1.49 1.56 1.65 1.73 1.83 1.93 2.04 2.15 2.27 2.40 2.53 2.67 2.81 2.96 3.11 3.26 3.42 3.58 3.74 3.89 4.05 4.21 4.36 4.51 4.65 4.78 4.91 5.03 5.14 5.24 5.33 5.41 5.47 5.53 5.57 5.59 5.60 5.60 5.59 5.56 5.52 5.46 5.39 5.31 5.21 5.10 4.98 4.84 4.69 4.53 4.35 4.15 3.94 3.73 3.49 3.25 3.01 2.75 2.50 2.25 2.00 1.76 1.54 1.33 1.14 0.98 0.84 0.45 0.45 0.45 0.13 0.45 0.45 0.45 0.71 0.79 0.89 0.99 1.10 1.21 1.31 1.42 1.52 1.62 1.70 1.78 1.85 1.91 1.96 2.01 2.05 2.08 2.11 2.13 2.15 2.17 2.18 2.20 2.21 2.22 2.23 2.23 2.24 2.25 2.26 2.27 2.28 2.29 2.30 2.32 2.33 2.34 2.36 2.38 2.40 2.41 2.44 2.46 2.48 2.51 2.54 2.57 2.60 2.63 2.67 2.70 2.74 2.78 2.82 2.87 2.91 2.95 3.00 3.05 3.09 3.14 3.18 3.23 3.27 3.31 3.35 3.39 3.42 3.46 3.49 3.51 3.53 3.55 3.57 3.58 3.58 3.59 3.58 3.57 3.56 3.55 3.53 3.50 3.47 3.44 3.40 3.36 3.32 3.27 3.22 3.17 3.12 3.07 3.01 2.96 2.90 2.85 2.79 2.73 2.68 2.62 2.56 2.50 2.44 2.38 2.32 2.25 2.18 2.10 2.02 1.93 1.83 1.73 1.63 1.51 1.39 1.27 1.15 1.03 0.92 0.81 0.45 0.03 0.03 0.03 0.03 0.03 0.03 0.03 0.45 1.21 1.48 1.79 2.15 2.55 2.99 3.45 3.94 4.45 4.96 5.48 5.99 6.50 6.99 7.46 7.91 8.34 8.74 9.12 9.46 9.78 10.08 10.34 10.58 10.80 11.00 11.18 11.34 11.48 11.61 11.73 11.85 11.95 12.05 12.15 12.25 12.35 12.44 12.54 12.63 12.73 12.81 12.89 12.96 13.01 13.04 13.05 13.03 12.98 12.89 12.77 12.61 12.41 12.17 11.89 11.57 11.22 10.84 10.43 10.01 9.56 9.10 8.64 8.18 7.72 7.27 6.83 6.41 6.01 5.63 5.27 4.93 4.62 4.33 4.06 3.82 3.59 3.39 3.21 3.04 2.89 2.75 2.63 2.52 2.42 2.33 2.25 2.18 2.11 2.05 1.99 1.94 1.90 1.86 1.82 1.79 1.76 1.73 1.70 1.67 1.64 1.62 1.59 1.56 1.53 1.50 1.46 1.42 1.37 1.32 1.26 1.20 1.13 1.05 0.98 0.90 0.82 0.74 0.67 0.59 0.53 0.47 0.43 0.39 0.37 0.36 0.36 0.37 0.39 0.42
0.22 0.21 0.19 0.19 0.19 0.19 0.20 0.22 0.24 0.26 0.29 0.33 0.36 0.40 0.43 0.47 0.51 0.54 0.57 0.60 0.63 0.65 0.67 0.69 0.70 0.72 0.73 0.74 0.75 0.75 0.76 0.77 0.77 0.78 0.78 0.79 0.79 0.80 0.80 0.81 0.81 0.82 0.82 0.83 0.84 0.85 0.86 0.87 0.88 0.90 0.91 0.93 0.95 0.98 1.00 1.03 1.06 1.10 1.13 1.18 1.23 1.28 1.34 1.40 1.47 1.54 1.62 1.71 1.81 1.91 2.01 2.13 2.25 2.38 2.51 2.65 2.80 2.95 3.11 3.27 3.43 3.60 3.76 3.93 4.10 4.26 4.43 4.59 4.74 4.89 5.04 5.17 5.30 5.41 5.52 5.61 5.69 5.76 5.81 5.85 5.88 5.89 5.88 5.87 5.83 5.79 5.73 5.65 5.57 5.46 5.35 5.22 5.07 4.91 4.74 4.55 4.35 4.14 3.92 3.68 3.44 3.19 2.93 2.67 2.42 2.17 1.93 1.71 1.50 1.31 1.15 1.01 0.89 0.81 0.75 0.45 0.72 0.74 0.78 0.84 0.92 1.00 1.10 1.20 1.30 1.40 1.50 1.59 1.68 1.76 1.83 1.90 1.95 2.00 2.04 2.08 2.11 2.13 2.16 2.17 2.19 2.20 2.21 2.22 2.23 2.24 2.25 2.26 2.27 2.27 2.28 2.29 2.30 2.32 2.33 2.34 2.36 2.37 2.39 2.41 2.43 2.45 2.47 2.50 2.52 2.55 2.58 2.62 2.65 2.69 2.73 2.77 2.81 2.85 2.89 2.94 2.99 3.03 3.08 3.13 3.18 3.22 3.27 3.31 3.36 3.40 3.44 3.48 3.51 3.54 3.57 3.59 3.61 3.63 3.64 3.65 3.65 3.65 3.65 3.64 3.62 3.60 3.58 3.55 3.52 3.48 3.44 3.40 3.35 3.30 3.25 3.20 3.15 3.09 3.03 2.98 2.92 2.86 2.81 2.75 2.69 2.63 2.57 2.51 2.45 2.39 2.32 2.25 2.17 2.09 2.01 1.91 1.82 1.71 1.60 1.49 1.38 1.26 1.15 1.04 0.94 0.86 0.45 0.45 0.45 0.03 0.45 0.45 0.45 1.19 1.41 1.69 2.01 2.37 2.77 3.22 3.69 4.18 4.69 5.22 5.74 6.27 6.78 7.28 7.77 8.23 8.67 9.09 9.47 9.83 10.16 10.47 10.75 11.00 11.23 11.44 11.63 11.80 11.96 12.10 12.23 12.36 12.48 12.59 12.70 12.81 12.92 13.04 13.15 13.26 13.36 13.47 13.56 13.64 13.70 13.74 13.76 13.75 13.70 13.61 13.49 13.32 13.11 12.86 12.56 12.23 11.85 11.45 11.01 10.56 10.08 9.59 9.10 8.60 8.11 7.63 7.16 6.71 6.28 5.87 5.48 5.13 4.79 4.48 4.20 3.94 3.71 3.49 3.30 3.12 2.96 2.82 2.69 2.58 2.47 2.38 2.29 2.22 2.15 2.09 2.03 1.98 1.94 1.89 1.86 1.82 1.79 1.76 1.73 1.71 1.68 1.65 1.63 1.60 1.57 1.53 1.50 1.46 1.41 1.36 1.31 1.25 1.18 1.11 1.04 0.97 0.89 0.81 0.74 0.67 0.61 0.56 0.51 0.48 0.46 0.44 0.44 0.45 0.47 0.50
0.26 0.24 0.23 0.23 0.22 0.23 0.24 0.25 0.27 0.30 0.33 0.36 0.39 0.43 0.46 0.50 0.53 0.56 0.59 0.62 0.64 0.66 0.68 0.70 0.72 0.73 0.74 0.75 0.76 0.76 0.77 0.78 0.78 0.79 0.79 0.80 0.80 0.81 0.81 0.82 0.82 0.83 0.84 0.84 0.85 0.86 0.87 0.88 0.90 0.91 0.93 0.95 0.97 0.99 1.02 1.05 1.09 1.12 1.16 1.21 1.26 1.32 1.38 1.44 1.52 1.60 1.68 1.78 1.88 1.98 2.10 2.22 2.35 2.49 2.63 2.78 2.93 3.09 3.26 3.43 3.60 3.77 3.95 4.13 4.31 4.48 4.65 4.82 4.99 5.14 5.29 5.43 5.56 5.68 5.79 5.89 5.97 6.04 6.10 6.14 6.16 6.17 6.17 6.15 6.11 6.06 5.99 5.91 5.82 5.71 5.59 5.45 5.30 5.14 4.96 4.77 4.56 4.34 4.11 3.87 3.63 3.37 3.12 2.86 2.60 2.36 2.12 1.89 1.69 1.50 1.33 1.19 1.08 0.99 0.93 0.90 0.89 0.90 0.94 0.99 1.06 1.13 1.22 1.31 1.40 1.49 1.58 1.67 1.75 1.82 1.89 1.94 1.99 2.04 2.08 2.11 2.14 2.16 2.18 2.19 2.20 2.22 2.23 2.24 2.24 2.25 2.26 2.27 2.28 2.28 2.29 2.30 2.31 2.33 2.34 2.35 2.37 2.38 2.40 2.42 2.44 2.46 2.48 2.51 2.54 2.57 2.60 2.63 2.67 2.71 2.75 2.79 2.83 2.87 2.92 2.97 3.01 3.06 3.11 3.16 3.21 3.26 3.31 3.35 3.40 3.44 3.49 3.52 3.56 3.59 3.62 3.65 3.67 3.69 3.70 3.71 3.72 3.72 3.71 3.71 3.69 3.67 3.65 3.62 3.59 3.56 3.52 3.47 3.43 3.38 3.33 3.28 3.22 3.17 3.11 3.05 2.99 2.94 2.88 2.82 2.76 2.70 2.64 2.58 2.52 2.46 2.39 2.32 2.25 2.17 2.09 2.00 1.91 1.81 1.71 1.60 1.50 1.39 1.28 1.19 1.10 1.02 0.96 0.93 0.92 0.45 1.00 1.09 1.23 1.42 1.65 1.93 2.25 2.62 3.02 3.47 3.94 4.44 4.96 5.48 6.02 6.55 7.07 7.58 8.07 8.55 9.00 9.42 9.82 10.19 10.53 10.85 11.14 11.41 11.65 11.87 12.07 12.25 12.42 12.58 12.72 12.86 12.99 13.11 13.24 13.37 13.49 13.62 13.74 13.87 13.99 14.11 14.22 14.31 14.39 14.44 14.46 14.46 14.41 14.33 14.20 14.03 13.81 13.54 13.23 12.87 12.48 12.05 11.59 11.10 10.59 10.07 9.54 9.02 8.49 7.98 7.48 7.00 6.54 6.11 5.70 5.32 4.97 4.64 4.34 4.07 3.82 3.59 3.39 3.20 3.04 2.89 2.75 2.63 2.52 2.43 2.34 2.26 2.19 2.13 2.07 2.02 1.97 1.93 1.89 1.85 1.82 1.79 1.76 1.74 1.71 1.69 1.66 1.63 1.60 1.57 1.54 1.50 1.46 1.41 1.36 1.30 1.24 1.17 1.11 1.04 0.96 0.89 0.82 0.76 0.70 0.65 0.61 0.57 0.55 0.54 0.53 0.54 0.55 0.58
0.30 0.28 0.27 0.27 0.27 0.27 0.28 0.30 0.32 0.34 0.37 0.39 0.43 0.46 0.49 0.52 0.55 0.58 0.61 0.64 0.66 0.68 0.70 0.71 0.73 0.74 0.75 0.76 0.77 0.77 0.78 0.79 0.79 0.80 0.80 0.81 0.81 0.82 0.82 0.83 0.83 0.84 0.85 0.85 0.86 0.87 0.89 0.90 0.91 0.93 0.95 0.97 0.99 1.01 1.04 1.07 1.11 1.15 1.19 1.24 1.30 1.36 1.42 1.49 1.57 1.65 1.75 1.84 1.95 2.06 2.19 2.31 2.45 2.59 2.75 2.90 3.07 3.24 3.41 3.59 3.77 3.96 4.14 4.33 4.52 4.70 4.88 5.06 5.23 5.39 5.55 5.70 5.83 5.96 6.07 6.17 6.26 6.33 6.38 6.42 6.45 6.46 6.45 6.43 6.39 6.33 6.26 6.18 6.08 5.96 5.83 5.69 5.53 5.36 5.18 4.98 4.77 4.55 4.32 4.07 3.82 3.57 3.31 3.06 2.80 2.56 2.32 2.09 1.89 1.70 1.54 1.40 1.28 1.19 1.13 1.09 1.07 1.08 1.11 1.15 1.21 1.27 1.35 1.43 1.51 1.59 1.67 1.75 1.82 1.88 1.94 1.99 2.04 2.08 2.11 2.14 2.16 2.18 2.20 2.21 2.22 2.23 2.24 2.25 2.25 2.26 2.27 2.28 2.28 2.29 2.30 2.31 2.32 2.33 2.35 2.36 2.37 2.39 2.41 2.43 2.45 2.47 2.49 2.52 2.55 2.58 2.61 2.65 2.68 2.72 2.76 2.80 2.85 2.89 2.94 2.99 3.04 3.09 3.14 3.19 3.24 3.29 3.34 3.39 3.44 3.48 3.53 3.57 3.61 3.64 3.68 3.70 3.73 3.75 3.76 3.78 3.78 3.78 3.78 3.77 3.76 3.74 3.72 3.70 3.67 3.63 3.59 3.55 3.50 3.46 3.41 3.35 3.30 3.24 3.19 3.13 3.07 3.01 2.95 2.89 2.83 2.78 2.72 2.66 2.60 2.53 2.47 2.40 2.33 2.25 2.18 2.09 2.01 1.92 1.82 1.72 1.63 1.53 1.43 1.35 1.27 1.21 1.16 1.13 1.13 1.17 1.23 1.34 1.48 1.67 1.91 2.19 2.52 2.89 3.30 3.74 4.22 4.71 5.23 5.76 6.30 6.83 7.36 7.87 8.37 8.85 9.31 9.74 10.15 10.53 10.89 11.21 11.52 11.79 12.05 12.28 12.49 12.69 12.87 13.03 13.19 13.34 13.48 13.62 13.76 13.90 14.04 14.18 14.33 14.47 14.61 14.74 14.86 14.97 15.05 15.12 15.15 15.15 15.11 15.02 14.89 14.71 14.48 14.21 13.88 13.50 13.09 12.63 12.14 11.63 11.09 10.54 9.98 9.42 8.87 8.33 7.80 7.29 6.80 6.34 5.91 5.51 5.14 4.79 4.48 4.19 3.93 3.69 3.47 3.28 3.11 2.95 2.81 2.69 2.57 2.47 2.38 2.30 2.23 2.16 2.10 2.05 2.00 1.96 1.92 1.89 1.85 1.82 1.80 1.77 1.74 1.72 1.69 1.67 1.64 1.61 1.58 1.54 1.50 1.46 1.41 1.36 1.30 1.24 1.17 1.11 1.04 0.97 0.91 0.85 0.79 0.74 0.70 0.67 0.65 0.63 0.63 0.63 0.64 0.66
0.34 0.33 0.32 0.31 0.31 0.32 0.33 0.34 0.36 0.38 0.40 0.43 0.46 0.49 0.52 0.55 0.58 0.61 0.63 0.66 0.68 0.70 0.71 0.73 0.74 0.75 0.76 0.77 0.78 0.78 0.79 0.80 0.80 0.81 0.81 0.82 0.82 0.83 0.83 0.84 0.84 0.85 0.86 0.87 0.88 0.89 0.90 0.91 0.93 0.94 0.96 0.98 1.01 1.03 1.06 1.10 1.14 1.18 1.22 1.28 1.33 1.40 1.47 1.54 1.62 1.71 1.81 1.91 2.03 2.15 2.27 2.41 2.55 2.71 2.87 3.03 3.20 3.38 3.57 3.76 3.95 4.14 4.34 4.53 4.73 4.92 5.11 5.30 5.48 5.65 5.81 5.96 6.11 6.24 6.35 6.45 6.54 6.61 6.67 6.71 6.73 6.74 6.73 6.70 6.66 6.60 6.53 6.44 6.33 6.21 6.07 5.92 5.76 5.58 5.40 5.19 4.98 4.75 4.52 4.28 4.03 3.77 3.52 3.26 3.01 2.76 2.53 2.31 2.10 1.92 1.75 1.61 1.49 1.40 1.33 1.29 1.27 1.27 1.28 1.32 1.36 1.42 1.48 1.55 1.62 1.69 1.76 1.83 1.89 1.95 2.00 2.04 2.08 2.11 2.14 2.16 2.18 2.20 2.21 2.23 2.24 2.24 2.25 2.26 2.26 2.27 2.28 2.28 2.29 2.30 2.31 2.32 2.33 2.34 2.35 2.36 2.38 2.40 2.41 2.43 2.45 2.48 2.50 2.53 2.56 2.59 2.62 2.66 2.69 2.73 2.78 2.82 2.86 2.91 2.96 3.01 3.06 3.11 3.16 3.22 3.27 3.32 3.37 3.42 3.47 3.52 3.57 3.61 3.65 3.69 3.72 3.75 3.78 3.80 3.82 3.83 3.84 3.85 3.85 3.84 3.83 3.81 3.79 3.77 3.74 3.71 3.67 3.63 3.58 3.53 3.48 3.43 3.38 3.32 3.26 3.20 3.14 3.09 3.03 2.97 2.91 2.85 2.79 2.73 2.67 2.61 2.55 2.48 2.41 2.34 2.27 2.19 2.11 2.03 1.94 1.85 1.77 1.68 1.60 1.52 1.46 1.41 1.37 1.36 1.37 1.41 1.49 1.60 1.76 1.95 2.19 2.48 2.81 3.18 3.58 4.03 4.50 5.00 5.51 6.04 6.57 7.11 7.64 8.15 8.66 9.14 9.61 10.05 10.46 10.85 11.22 11.56 11.87 12.16 12.42 12.67 12.89 13.10 13.29 13.47 13.63 13.80 13.95 14.11 14.26 14.42 14.57 14.73 14.89 15.04 15.20 15.34 15.48 15.60 15.70 15.77 15.81 15.81 15.78 15.69 15.56 15.37 15.14 14.84 14.50 14.11 13.67 13.19 12.68 12.14 11.57 10.99 10.40 9.81 9.23 8.66 8.10 7.57 7.06 6.57 6.12 5.69 5.30 4.94 4.61 4.31 4.03 3.78 3.56 3.36 3.18 3.01 2.87 2.74 2.62 2.52 2.42 2.34 2.27 2.20 2.14 2.08 2.04 1.99 1.95 1.92 1.88 1.85 1.83 1.80 1.78 1.75 1.73 1.70 1.68 1.65 1.62 1.58 1.55 1.51 1.46 1.41 1.36 1.30 1.24 1.18 1.12 1.06 1.00 0.94 0.89 0.84 0.80 0.77 0.75 0.73 0.73 0.73 0.74 0.75
0.38 0.37 0.36 0.36 0.36 0.36 0.37 0.39 0.40 0.42 0.45 0.47 0.50 0.52 0.55 0.58 0.60 0.63 0.65 0.67 0.69 0.71 0.73 0.74 0.75 0.76 0.77 0.78 0.79 0.80 0.80 0.81 0.81 0.82 0.82 0.83 0.83 0.84 0.84 0.85 0.85 0.86 0.87 0.88 0.89 0.90 0.91 0.93 0.94 0.96 0.98 1.00 1.03 1.05 1.09 1.12 1.16 1.21 1.26 1.31 1.37 1.44 1.51 1.59 1.68 1.77 1.87 1.98 2.10 2.23 2.36 2.51 2.66 2.82 2.99 3.16 3.34 3.53 3.72 3.92 4.12 4.33 4.53 4.74 4.94 5.14 5.34 5.54 5.72 5.90 6.07 6.23 6.38 6.51 6.63 6.74 6.83 6.90 6.96 7.00 7.02 7.02 7.01 6.98 6.93 6.87 6.79 6.69 6.58 6.45 6.31 6.16 5.99 5.81 5.61 5.41 5.19 4.96 4.72 4.48 4.23 3.98 3.72 3.47 3.22 2.98 2.74 2.53 2.32 2.14 1.98 1.83 1.72 1.62 1.55 1.50 1.47 1.46 1.47 1.49 1.52 1.57 1.62 1.68 1.74 1.80 1.85 1.91 1.96 2.01 2.05 2.09 2.12 2.15 2.17 2.19 2.21 2.22 2.23 2.24 2.25 2.25 2.26 2.27 2.27 2.28 2.28 2.29 2.30 2.30 2.31 2.32 2.33 2.34 2.35 2.37 2.38 2.40 2.42 2.44 2.46 2.48 2.51 2.53 2.56 2.60 2.63 2.67 2.70 2.74 2.79 2.83 2.88 2.93 2.98 3.03 3.08 3.13 3.19 3.24 3.29 3.35 3.40 3.45 3.51 3.56 3.60 3.65 3.69 3.73 3.77 3.80 3.83 3.85 3.87 3.89 3.90 3.91 3.91 3.91 3.90 3.88 3.86 3.84 3.81 3.78 3.74 3.70 3.66 3.61 3.56 3.51 3.45 3.40 3.34 3.28 3.22 3.16 3.10 3.04 2.98 2.92 2.86 2.80 2.75 2.69 2.62 2.56 2.50 2.43 2.36 2.29 2.22 2.14 2.07 1.99 1.91 1.84 1.77 1.71 1.65 1.62 1.60 1.60 1.62 1.67 1.76 1.88 2.04 2.25 2.49 2.78 3.11 3.47 3.88 4.32 4.79 5.28 5.79 6.32 6.85 7.38 7.91 8.43 8.93 9.42 9.89 10.33 10.76 11.15 11.53 11.87 12.20 12.50 12.77 13.03 13.26 13.48 13.68 13.87 14.05 14.23 14.40 14.57 14.73 14.90 15.07 15.24 15.42 15.59 15.75 15.91 16.06 16.19 16.30 16.39 16.44 16.44 16.41 16.33 16.19 16.00 15.75 15.45 15.09 14.68 14.22 13.72 13.18 12.62 12.02 11.42 10.80 10.18 9.57 8.97 8.39 7.83 7.29 6.79 6.31 5.87 5.46 5.08 4.73 4.42 4.13 3.87 3.64 3.43 3.24 3.07 2.92 2.79 2.67 2.56 2.46 2.38 2.30 2.23 2.17 2.12 2.07 2.02 1.98 1.95 1.91 1.88 1.86 1.83 1.81 1.78 1.76 1.74 1.71 1.68 1.66 1.62 1.59 1.55 1.51 1.47 1.42 1.37 1.31 1.26 1.20 1.14 1.09 1.03 0.99 0.94 0.91 0.87 0.85 0.83 0.83 0.82 0.83 0.84
0.42 0.41 0.41 0.40 0.41 0.41 0.42 0.43 0.45 0.47 0.49 0.51 0.53 0.56 0.58 0.61 0.63 0.65 0.67 0.69 0.71 0.73 0.74 0.76 0.77 0.78 0.78 0.79 0.80 0.81 0.81 0.82 0.82 0.83 0.83 0.84 0.84 0.85 0.85 0.86 0.86 0.87 0.88 0.89 0.90 0.91 0.92 0.94 0.96 0.97 1.00 1.02 1.05 1.08 1.11 1.15 1.19 1.24 1.29 1.34 1.41 1.48 1.55 1.64 1.73 1.83 1.94 2.05 2.18 2.31 2.45 2.61 2.76 2.93 3.11 3.29 3.48 3.68 3.88 4.09 4.30 4.51 4.73 4.94 5.16 5.37 5.57 5.78 5.97 6.16 6.33 6.50 6.65 6.79 6.91 7.02 7.11 7.18 7.24 7.28 7.30 7.30 7.29 7.25 7.20 7.13 7.05 6.94 6.83 6.69 6.55 6.38 6.21 6.02 5.82 5.61 5.39 5.16 4.92 4.68 4.43 4.18 3.93 3.68 3.43 3.19 2.96 2.75 2.55 2.36 2.20 2.06 1.94 1.84 1.76 1.71 1.67 1.65 1.65 1.66 1.69 1.72 1.76 1.80 1.85 1.90 1.94 1.99 2.03 2.07 2.10 2.13 2.16 2.18 2.20 2.22 2.23 2.24 2.25 2.25 2.26 2.26 2.27 2.27 2.28 2.28 2.29 2.29 2.30 2.31 2.31 2.32 2.33 2.34 2.36 2.37 2.38 2.40 2.42 2.44 2.46 2.48 2.51 2.54 2.57 2.60 2.63 2.67 2.71 2.75 2.79 2.84 2.89 2.94 2.99 3.04 3.09 3.15 3.20 3.26 3.32 3.37 3.43 3.48 3.53 3.59 3.64 3.68 3.73 3.77 3.81 3.85 3.88 3.90 3.93 3.95 3.96 3.97 3.97 3.97 3.96 3.95 3.94 3.91 3.89 3.86 3.82 3.78 3.74 3.69 3.64 3.59 3.53 3.48 3.42 3.36 3.30 3.24 3.18 3.12 3.06 3.00 2.94 2.88 2.82 2.76 2.71 2.65 2.58 2.52 2.46 2.40 2.33 2.26 2.19 2.13 2.06 2.00 1.94 1.90 1.86 1.83 1.83 1.84 1.88 1.94 2.04 2.17 2.34 2.55 2.79 3.08 3.41 3.78 4.18 4.61 5.08 5.56 6.07 6.59 7.11 7.64 8.16 8.68 9.18 9.67 10.14 10.59 11.02 11.43 11.81 12.16 12.49 12.80 13.09 13.35 13.60 13.83 14.04 14.25 14.44 14.63 14.81 14.99 15.17 15.35 15.54 15.72 15.91 16.09 16.28 16.45 16.61 16.75 16.87 16.96 17.02 17.03 17.00 16.91 16.77 16.58 16.32 16.01 15.64 15.21 14.73 14.21 13.65 13.06 12.45 11.81 11.17 10.53 9.89 9.27 8.66 8.08 7.52 6.99 6.50 6.04 5.61 5.21 4.85 4.53 4.23 3.96 3.72 3.50 3.31 3.13 2.98 2.84 2.71 2.60 2.50 2.42 2.34 2.27 2.20 2.15 2.10 2.05 2.01 1.97 1.94 1.91 1.88 1.86 1.84 1.81 1.79 1.77 1.74 1.72 1.69 1.66 1.63 1.60 1.56 1.52 1.48 1.43 1.38 1.33 1.28 1.22 1.17 1.13 1.08 1.04 1.00 0.97 0.95 0.93 0.92 0.92 0.92 0.92
0.46 0.45 0.45 0.45 0.45 0.46 0.46 0.48 0.49 0.51 0.53 0.55 0.57 0.59 0.61 0.64 0.66 0.68 0.70 0.71 0.73 0.74 0.76 0.77 0.78 0.79 0.80 0.80 0.81 0.82 0.82 0.83 0.83 0.84 0.84 0.84 0.85 0.86 0.86 0.87 0.87 0.88 0.89 0.90 0.91 0.92 0.94 0.95 0.97 0.99 1.01 1.04 1.06 1.10 1.13 1.17 1.21 1.26 1.32 1.38 1.45 1.52 1.60 1.69 1.78 1.89 2.00 2.12 2.26 2.40 2.54 2.70 2.87 3.05 3.23 3.42 3.62 3.83 4.04 4.26 4.48 4.70 4.92 5.15 5.37 5.59 5.80 6.01 6.21 6.41 6.59 6.76 6.92 7.06 7.18 7.30 7.39 7.46 7.52 7.56 7.58 7.58 7.56 7.52 7.46 7.39 7.30 7.19 7.07 6.93 6.77 6.61 6.43 6.23 6.03 5.82 5.59 5.36 5.12 4.88 4.63 4.38 4.13 3.88 3.64 3.40 3.18 2.97 2.77 2.59 2.43 2.28 2.16 2.06 1.98 1.91 1.87 1.84 1.83 1.83 1.84 1.86 1.89 1.92 1.96 2.00 2.03 2.07 2.10 2.13 2.15 2.18 2.20 2.21 2.23 2.24 2.25 2.25 2.26 2.26 2.27 2.27 2.28 2.28 2.28 2.29 2.29 2.30 2.30 2.31 2.32 2.32 2.33 2.34 2.36 2.37 2.38 2.40 2.42 2.44 2.46 2.48 2.51 2.54 2.57 2.60 2.64 2.67 2.71 2.76 2.80 2.85 2.90 2.95 3.00 3.05 3.11 3.16 3.22 3.28 3.33 3.39 3.45 3.50 3.56 3.61 3.67 3.72 3.76 3.81 3.85 3.89 3.92 3.95 3.98 4.00 4.01 4.03 4.03 4.03 4.03 4.02 4.01 3.99 3.96 3.93 3.90 3.86 3.82 3.77 3.72 3.67 3.61 3.56 3.50 3.44 3.38 3.32 3.26 3.19 3.13 3.07 3.02 2.96 2.90 2.84 2.79 2.73 2.67 2.62 2.56 2.50 2.44 2.38 2.32 2.27 2.21 2.16 2.12 2.09 2.06 2.05 2.06 2.09 2.14 2.21 2.32 2.46 2.64 2.85 3.10 3.39 3.71 4.08 4.47 4.90 5.36 5.84 6.33 6.84 7.36 7.88 8.40 8.91 9.42 9.90 10.38 10.83 11.26 11.67 12.06 12.42 12.76 13.08 13.37 13.65 13.91 14.15 14.37 14.59 14.79 14.99 15.18 15.38 15.57 15.77 15.96 16.16 16.36 16.56 16.75 16.94 17.11 17.26 17.39 17.49 17.55 17.57 17.53 17.45 17.31 17.10 16.84 16.52 16.13 15.69 15.20 14.66 14.08 13.47 12.83 12.17 11.51 10.84 10.18 9.53 8.91 8.30 7.72 7.18 6.67 6.19 5.75 5.34 4.97 4.63 4.32 4.04 3.79 3.57 3.37 3.19 3.03 2.88 2.76 2.64 2.54 2.45 2.37 2.30 2.23 2.18 2.12 2.08 2.04 2.00 1.97 1.94 1.91 1.89 1.86 1.84 1.82 1.80 1.77 1.75 1.73 1.70 1.67 1.64 1.61 1.57 1.53 1.49 1.44 1.40 1.35 1.30 1.26 1.21 1.17 1.13 1.10 1.07 1.05 1.03 1.02 1.01 1.01 1.01
0.50 0.50 0.49 0.49 0.50 0.50 0.51 0.52 0.53 0.55 0.56 0.58 0.60 0.62 0.64 0.66 0.68 0.70 0.72 0.73 0.75 0.76 0.77 0.78 0.79 0.80 0.81 0.81 0.82 0.83 0.83 0.84 0.84 0.85 0.85 0.85 0.86 0.87 0.87 0.88 0.89 0.89 0.90 0.91 0.92 0.94 0.95 0.97 0.98 1.01 1.03 1.05 1.08 1.12 1.15 1.20 1.24 1.29 1.35 1.41 1.48 1.56 1.65 1.74 1.84 1.95 2.07 2.20 2.33 2.48 2.64 2.80 2.98 3.16 3.35 3.55 3.76 3.98 4.20 4.42 4.65 4.89 5.12 5.35 5.58 5.81 6.03 6.25 6.46 6.66 6.84 7.02 7.18 7.33 7.45 7.57 7.66 7.74 7.79 7.83 7.85 7.84 7.82 7.78 7.72 7.64 7.54 7.43 7.30 7.15 6.99 6.82 6.63 6.44 6.23 6.01 5.79 5.55 5.31 5.07 4.82 4.57 4.32 4.08 3.84 3.61 3.39 3.18 2.98 2.80 2.64 2.50 2.37 2.27 2.18 2.11 2.06 2.03 2.00 1.99 2.00 2.00 2.02 2.04 2.06 2.09 2.11 2.14 2.16 2.18 2.20 2.22 2.23 2.24 2.25 2.26 2.26 2.27 2.27 2.27 2.28 2.28 2.28 2.28 2.28 2.29 2.29 2.30 2.30 2.31 2.31 2.32 2.33 2.34 2.35 2.37 2.38 2.40 2.42 2.44 2.46 2.48 2.51 2.54 2.57 2.60 2.64 2.68 2.72 2.76 2.80 2.85 2.90 2.95 3.00 3.06 3.11 3.17 3.23 3.29 3.35 3.41 3.47 3.53 3.58 3.64 3.69 3.75 3.80 3.84 3.89 3.93 3.96 4.00 4.02 4.05 4.07 4.08 4.09 4.10 4.09 4.09 4.08 4.06 4.03 4.01 3.97 3.94 3.90 3.85 3.80 3.75 3.69 3.64 3.58 3.52 3.46 3.40 3.33 3.27 3.21 3.15 3.09 3.04 2.98 2.92 2.87 2.81 2.76 2.71 2.66 2.60 2.55 2.50 2.45 2.41 2.36 2.33 2.30 2.28 2.27 2.27 2.29 2.33 2.39 2.48 2.60 2.74 2.92 3.14 3.39 3.68 4.00 4.36 4.75 5.17 5.62 6.09 6.58 7.08 7.59 8.10 8.61 9.12 9.62 10.11 10.58 11.03 11.47 11.88 12.27 12.64 12.99 13.32 13.62 13.91 14.17 14.42 14.66 14.89 15.10 15.31 15.52 15.72 15.93 16.14 16.35 16.56 16.77 16.98 17.18 17.38 17.56 17.72 17.86 17.96 18.02 18.04 18.01 17.92 17.78 17.57 17.30 16.97 16.57 16.12 15.61 15.05 14.45 13.82 13.17 12.49 11.81 11.12 10.44 9.77 9.13 8.50 7.91 7.35 6.82 6.33 5.87 5.45 5.07 4.72 4.40 4.12 3.86 3.63 3.42 3.24 3.07 2.93 2.80 2.68 2.57 2.48 2.40 2.33 2.26 2.20 2.15 2.11 2.06 2.03 1.99 1.96 1.94 1.91 1.89 1.87 1.85 1.83 1.80 1.78 1.76 1.74 1.71 1.68 1.65 1.62 1.58 1.54 1.51 1.46 1.42 1.38 1.34 1.30 1.26 1.22 1.19 1.16 1.14 1.12 1.11 1.10 1.09 1.09
0.54 0.54 0.53 0.53 0.54 0.54 0.55 0.56 0.57 0.59 0.60 0.62 0.64 0.65 0.67 0.69 0.71 0.72 0.74 0.75 0.76 0.78 0.79 0.80 0.80 0.81 0.82 0.82 0.83 0.84 0.84 0.85 0.85 0.85 0.86 0.86 0.87 0.88 0.88 0.89 0.90 0.90 0.91 0.92 0.94 0.95 0.96 0.98 1.00 1.02 1.04 1.07 1.10 1.14 1.18 1.22 1.27 1.32 1.38 1.45 1.52 1.60 1.69 1.79 1.89 2.01 2.13 2.27 2.41 2.56 2.73 2.90 3.08 3.27 3.48 3.69 3.90 4.13 4.36 4.59 4.83 5.07 5.31 5.55 5.79 6.03 6.26 6.48 6.70 6.90 7.09 7.27 7.44 7.59 7.72 7.83 7.93 8.00 8.06 8.09 8.11 8.10 8.07 8.03 7.96 7.88 7.78 7.66 7.52 7.37 7.20 7.03 6.83 6.63 6.42 6.20 5.97 5.73 5.49 5.25 5.00 4.75 4.51 4.27 4.03 3.80 3.59 3.38 3.19 3.01 2.85 2.70 2.58 2.47 2.38 2.30 2.24 2.20 2.17 2.15 2.14 2.14 2.14 2.15 2.16 2.18 2.19 2.21 2.22 2.23 2.24 2.25 2.26 2.27 2.27 2.28 2.28 2.28 2.28 2.28 2.28 2.28 2.28 2.28 2.29 2.29 2.29 2.29 2.30 2.30 2.31 2.32 2.33 2.34 2.35 2.36 2.38 2.39 2.41 2.43 2.46 2.48 2.51 2.53 2.57 2.60 2.64 2.67 2.71 2.76 2.80 2.85 2.90 2.95 3.01 3.06 3.12 3.18 3.24 3.30 3.36 3.42 3.48 3.54 3.60 3.66 3.72 3.77 3.82 3.87 3.92 3.96 4.00 4.04 4.07 4.10 4.12 4.14 4.15 4.16 4.16 4.15 4.14 4.13 4.11 4.08 4.05 4.02 3.98 3.93 3.88 3.83 3.78 3.72 3.66 3.60 3.54 3.48 3.41 3.35 3.29 3.23 3.17 3.11 3.06 3.00 2.95 2.90 2.85 2.80 2.75 2.71 2.66 2.62 2.58 2.54 2.51 2.49 2.47 2.46 2.46 2.48 2.51 2.56 2.64 2.73 2.86 3.01 3.20 3.42 3.67 3.96 4.28 4.63 5.02 5.43 5.87 6.32 6.80 7.29 7.79 8.30 8.80 9.30 9.80 10.28 10.75 11.20 11.64 12.06 12.45 12.83 13.18 13.52 13.83 14.12 14.40 14.66 14.91 15.14 15.37 15.59 15.81 16.03 16.24 16.46 16.68 16.90 17.13 17.34 17.56 17.76 17.95 18.12 18.26 18.36 18.43 18.45 18.42 18.33 18.18 17.97 17.69 17.35 16.94 16.48 15.96 15.39 14.78 14.13 13.46 12.76 12.06 11.36 10.66 9.98 9.32 8.68 8.07 7.50 6.95 6.45 5.98 5.55 5.16 4.80 4.48 4.19 3.92 3.69 3.47 3.28 3.12 2.97 2.83 2.71 2.61 2.51 2.43 2.35 2.29 2.23 2.18 2.13 2.09 2.05 2.02 1.99 1.96 1.94 1.91 1.89 1.87 1.85 1.83 1.81 1.79 1.77 1.75 1.72 1.69 1.66 1.63 1.60 1.56 1.53 1.49 1.45 1.41 1.37 1.34 1.31 1.28 1.25 1.23 1.21 1.19 1.18 1.17 1.16
0.57 0.57 0.57 0.57 0.58 0.58 0.59 0.60 0.61 0.62 0.64 0.65 0.67 0.68 0.70 0.71 0.73 0.74 0.76 0.77 0.78 0.79 0.80 0.81 0.82 0.82 0.83 0.84 0.84 0.85 0.85 0.86 0.86 0.86 0.87 0.87 0.88 0.89 0.89 0.90 0.91 0.91 0.92 0.94 0.95 0.96 0.98 0.99 1.01 1.04 1.06 1.09 1.12 1.16 1.20 1.24 1.29 1.35 1.41 1.48 1.56 1.65 1.74 1.84 1.95 2.07 2.20 2.34 2.49 2.65 2.82 3.00 3.19 3.39 3.60 3.81 4.04 4.27 4.51 4.75 5.00 5.25 5.50 5.75 6.00 6.24 6.48 6.71 6.93 7.14 7.34 7.52 7.69 7.84 7.97 8.09 8.19 8.26 8.31 8.35 8.36 8.35 8.32 8.27 8.20 8.11 8.00 7.87 7.73 7.58 7.40 7.22 7.02 6.82 6.60 6.38 6.14 5.91 5.66 5.42 5.17 4.93 4.68 4.45 4.21 3.99 3.77 3.57 3.38 3.20 3.04 2.90 2.77 2.66 2.56 2.48 2.41 2.36 2.32 2.29 2.27 2.26 2.25 2.25 2.25 2.25 2.26 2.27 2.27 2.28 2.28 2.29 2.29 2.29 2.29 2.29 2.29 2.29 2.29 2.29 2.29 2.28 2.28 2.28 2.28 2.29 2.29 2.29 2.30 2.30 2.31 2.31 2.32 2.33 2.34 2.36 2.37 2.39 2.41 2.43 2.45 2.47 2.50 2.53 2.56 2.59 2.63 2.67 2.71 2.76 2.80 2.85 2.90 2.95 3.01 3.07 3.13 3.19 3.25 3.31 3.37 3.43 3.50 3.56 3.62 3.68 3.74 3.80 3.85 3.90 3.95 4.00 4.04 4.08 4.12 4.15 4.17 4.19 4.21 4.22 4.22 4.22 4.22 4.20 4.18 4.16 4.13 4.10 4.06 4.01 3.97 3.92 3.86 3.80 3.74 3.68 3.62 3.56 3.50 3.43 3.37 3.31 3.25 3.19 3.14 3.08 3.03 2.98 2.93 2.89 2.85 2.81 2.77 2.73 2.70 2.67 2.65 2.64 2.63 2.63 2.65 2.68 2.72 2.78 2.87 2.98 3.11 3.27 3.46 3.68 3.93 4.22 4.53 4.88 5.25 5.66 6.09 6.53 7.00 7.48 7.97 8.46 8.96 9.45 9.94 10.42 10.89 11.34 11.78 12.20 12.60 12.98 13.34 13.67 14.00 14.30 14.58 14.85 15.11 15.35 15.59 15.82 16.05 16.28 16.51 16.74 16.97 17.20 17.43 17.65 17.87 18.08 18.28 18.45 18.59 18.70 18.77 18.79 18.76 18.67 18.52 18.30 18.01 17.66 17.25 16.78 16.24 15.66 15.04 14.38 13.69 12.99 12.28 11.56 10.85 10.16 9.48 8.83 8.21 7.62 7.07 6.56 6.08 5.64 5.24 4.88 4.55 4.25 3.98 3.74 3.52 3.33 3.16 3.00 2.87 2.75 2.64 2.54 2.46 2.38 2.31 2.25 2.20 2.15 2.11 2.07 2.04 2.01 1.98 1.96 1.94 1.91 1.90 1.88 1.86 1.84 1.82 1.80 1.78 1.76 1.73 1.70 1.68 1.65 1.61 1.58 1.55 1.51 1.48 1.45 1.41 1.38 1.35 1.33 1.31 1.29 1.27 1.25 1.24 1.23
0.61 0.61 0.61 0.61 0.61 0.62 0.63 0.63 0.64 0.66 0.67 0.68 0.70 0.71 0.72 0.74 0.75 0.76 0.77 0.79 0.80 0.81 0.81 0.82 0.83 0.83 0.84 0.85 0.85 0.86 0.86 0.86 0.87 0.87 0.88 0.88 0.89 0.90 0.90 0.91 0.92 0.93 0.94 0.95 0.96 0.97 0.99 1.01 1.03 1.05 1.08 1.11 1.14 1.18 1.22 1.27 1.32 1.38 1.45 1.52 1.60 1.69 1.78 1.89 2.00 2.13 2.26 2.41 2.56 2.73 2.91 3.09 3.29 3.50 3.72 3.94 4.18 4.42 4.66 4.91 5.17 5.43 5.69 5.94 6.20 6.45 6.69 6.93 7.15 7.37 7.57 7.76 7.93 8.08 8.22 8.34 8.43 8.51 8.56 8.59 8.60 8.59 8.55 8.50 8.42 8.33 8.21 8.08 7.93 7.77 7.59 7.40 7.20 6.99 6.77 6.54 6.30 6.07 5.82 5.58 5.33 5.09 4.85 4.61 4.38 4.16 3.94 3.74 3.55 3.38 3.22 3.07 2.94 2.83 2.72 2.64 2.57 2.51 2.46 2.42 2.39 2.37 2.35 2.34 2.33 2.33 2.32 2.32 2.32 2.32 2.32 2.32 2.31 2.31 2.31 2.30 2.30 2.30 2.29 2.29 2.29 2.29 2.28 2.28 2.28 2.28 2.28 2.29 2.29 2.29 2.30 2.31 2.32 2.33 2.34 2.35 2.36 2.38 2.40 2.42 2.44 2.47 2.49 2.52 2.55 2.59 2.63 2.66 2.71 2.75 2.80 2.85 2.90 2.95 3.01 3.07 3.13 3.19 3.25 3.31 3.38 3.44 3.51 3.57 3.63 3.70 3.76 3.82 3.88 3.93 3.98 4.03 4.08 4.12 4.16 4.19 4.22 4.25 4.27 4.28 4.29 4.29 4.29 4.28 4.26 4.24 4.21 4.18 4.14 4.10 4.05 4.00 3.95 3.89 3.83 3.77 3.70 3.64 3.58 3.51 3.45 3.39 3.33 3.27 3.22 3.16 3.11 3.07 3.02 2.98 2.94 2.90 2.87 2.84 2.82 2.80 2.79 2.78 2.79 2.80 2.82 2.86 2.92 2.99 3.08 3.20 3.34 3.50 3.69 3.92 4.17 4.45 4.76 5.10 5.47 5.86 6.28 6.71 7.17 7.64 8.11 8.60 9.08 9.57 10.05 10.52 10.99 11.44 11.88 12.30 12.70 13.08 13.45 13.79 14.12 14.43 14.72 15.00 15.26 15.52 15.77 16.01 16.25 16.48 16.72 16.96 17.19 17.43 17.67 17.90 18.13 18.34 18.54 18.72 18.86 18.97 19.04 19.06 19.03 18.93 18.77 18.55 18.26 17.91 17.48 17.00 16.46 15.87 15.24 14.57 13.88 13.16 12.44 11.72 11.00 10.29 9.61 8.95 8.32 7.73 7.17 6.65 6.16 5.72 5.31 4.94 4.61 4.30 4.03 3.78 3.56 3.37 3.19 3.04 2.90 2.77 2.66 2.57 2.48 2.40 2.34 2.27 2.22 2.17 2.13 2.09 2.06 2.03 2.00 1.98 1.96 1.94 1.92 1.90 1.88 1.86 1.85 1.83 1.81 1.79 1.77 1.74 1.72 1.69 1.66 1.63 1.60 1.57 1.54 1.51 1.48 1.45 1.42 1.40 1.38 1.36 1.34 1.32 1.30 1.29
0.64 0.64 0.64 0.64 0.65 0.65 0.66 0.67 0.68 0.69 0.70 0.71 0.72 0.73 0.75 0.76 0.77 0.78 0.79 0.80 0.81 0.82 0.83 0.83 0.84 0.85 0.85 0.86 0.86 0.87 0.87 0.87 0.88 0.88 0.89 0.89 0.90 0.90 0.91 0.92 0.93 0.94 0.95 0.96 0.97 0.99 1.00 1.02 1.04 1.07 1.09 1.13 1.16 1.20 1.24 1.29 1.35 1.41 1.48 1.55 1.64 1.73 1.83 1.94 2.06 2.19 2.33 2.48 2.64 2.81 3.00 3.19 3.40 3.61 3.83 4.07 4.31 4.56 4.81 5.07 5.34 5.60 5.87 6.13 6.39 6.65 6.90 7.14 7.37 7.59 7.80 7.99 8.16 8.32 8.46 8.57 8.67 8.74 8.79 8.82 8.83 8.81 8.77 8.71 8.63 8.53 8.41 8.27 8.12 7.95 7.77 7.57 7.37 7.15 6.92 6.69 6.45 6.21 5.97 5.72 5.48 5.23 4.99 4.76 4.53 4.31 4.10 3.90 3.71 3.54 3.38 3.23 3.10 2.98 2.87 2.78 2.70 2.64 2.58 2.53 2.50 2.46 2.44 2.42 2.40 2.39 2.38 2.37 2.36 2.35 2.35 2.34 2.33 2.33 2.32 2.31 2.31 2.30 2.30 2.29 2.29 2.28 2.28 2.28 2.28 2.28 2.28 2.28 2.28 2.29 2.29 2.30 2.31 2.32 2.33 2.34 2.36 2.37 2.39 2.41 2.43 2.46 2.48 2.51 2.55 2.58 2.62 2.66 2.70 2.75 2.79 2.84 2.90 2.95 3.01 3.07 3.13 3.19 3.25 3.32 3.38 3.45 3.52 3.58 3.65 3.71 3.78 3.84 3.90 3.96 4.01 4.07 4.12 4.16 4.20 4.24 4.27 4.30 4.32 4.34 4.35 4.36 4.36 4.35 4.34 4.32 4.29 4.26 4.23 4.18 4.14 4.09 4.03 3.98 3.92 3.85 3.79 3.73 3.66 3.60 3.53 3.47 3.41 3.35 3.30 3.24 3.19 3.15 3.10 3.06 3.03 3.00 2.97 2.95 2.93 2.92 2.91 2.92 2.93 2.95 2.99 3.03 3.10 3.18 3.28 3.40 3.54 3.71 3.91 4.13 4.38 4.65 4.96 5.29 5.65 6.03 6.44 6.86 7.31 7.76 8.23 8.70 9.18 9.65 10.13 10.59 11.05 11.50 11.94 12.36 12.76 13.15 13.52 13.87 14.20 14.51 14.81 15.10 15.37 15.64 15.89 16.14 16.39 16.63 16.88 17.12 17.37 17.61 17.85 18.09 18.32 18.54 18.74 18.91 19.06 19.17 19.23 19.25 19.21 19.12 18.95 18.73 18.43 18.07 17.65 17.16 16.61 16.02 15.38 14.71 14.01 13.29 12.56 11.83 11.10 10.39 9.70 9.04 8.41 7.81 7.24 6.72 6.23 5.78 5.37 4.99 4.65 4.35 4.07 3.82 3.60 3.40 3.22 3.07 2.93 2.80 2.69 2.59 2.50 2.42 2.36 2.29 2.24 2.19 2.15 2.11 2.08 2.05 2.02 2.00 1.97 1.96 1.94 1.92 1.90 1.89 1.87 1.85 1.83 1.82 1.80 1.78 1.75 1.73 1.70 1.68 1.65 1.62 1.59 1.57 1.54 1.51 1.49 1.46 1.44 1.42 1.40 1.38 1.36 1.34
0.66 0.67 0.67 0.67 0.68 0.68 0.69 0.70 0.71 0.72 0.73 0.74 0.75 0.76 0.77 0.78 0.79 0.80 0.81 0.82 0.82 0.83 0.84 0.85 0.85 0.86 0.86 0.87 0.87 0.88 0.88 0.88 0.89 0.89 0.90 0.90 0.91 0.91 0.92 0.93 0.94 0.95 0.96 0.97 0.98 1.00 1.02 1.04 1.06 1.08 1.11 1.14 1.18 1.22 1.27 1.32 1.37 1.44 1.51 1.59 1.67 1.77 1.87 1.99 2.11 2.25 2.39 2.55 2.72 2.89 3.08 3.29 3.50 3.72 3.95 4.19 4.44 4.70 4.96 5.23 5.50 5.77 6.04 6.31 6.58 6.84 7.10 7.34 7.58 7.80 8.01 8.21 8.38 8.54 8.68 8.80 8.89 8.96 9.01 9.04 9.04 9.02 8.98 8.91 8.83 8.72 8.60 8.45 8.29 8.12 7.93 7.73 7.52 7.29 7.06 6.83 6.59 6.34 6.10 5.85 5.61 5.36 5.12 4.89 4.66 4.45 4.24 4.04 3.85 3.68 3.52 3.37 3.23 3.11 3.00 2.91 2.82 2.75 2.69 2.63 2.59 2.55 2.52 2.49 2.46 2.44 2.43 2.41 2.40 2.38 2.37 2.36 2.35 2.34 2.33 2.32 2.31 2.31 2.30 2.29 2.29 2.28 2.28 2.28 2.27 2.27 2.27 2.27 2.28 2.28 2.28 2.29 2.30 2.31 2.32 2.33 2.35 2.36 2.38 2.40 2.42 2.45 2.47 2.50 2.54 2.57 2.61 2.65 2.69 2.74 2.79 2.84 2.89 2.94 3.00 3.06 3.12 3.19 3.25 3.32 3.39 3.45 3.52 3.59 3.66 3.73 3.79 3.86 3.92 3.98 4.04 4.10 4.15 4.20 4.25 4.29 4.32 4.36 4.38 4.40 4.42 4.43 4.43 4.42 4.41 4.40 4.37 4.35 4.31 4.27 4.23 4.18 4.12 4.06 4.00 3.94 3.88 3.81 3.74 3.68 3.61 3.55 3.49 3.43 3.37 3.32 3.27 3.23 3.18 3.15 3.11 3.09 3.06 3.04 3.03 3.03 3.03 3.04 3.06 3.09 3.13 3.19 3.26 3.35 3.45 3.58 3.72 3.90 4.09 4.31 4.56 4.83 5.13 5.45 5.80 6.17 6.57 6.98 7.41 7.85 8.31 8.77 9.23 9.70 10.17 10.63 11.08 11.53 11.96 12.38 12.78 13.17 13.54 13.90 14.23 14.56 14.86 15.15 15.44 15.71 15.97 16.23 16.48 16.73 16.98 17.23 17.48 17.73 17.98 18.22 18.45 18.67 18.86 19.04 19.18 19.29 19.35 19.37 19.33 19.22 19.06 18.83 18.53 18.16 17.73 17.24 16.70 16.10 15.46 14.78 14.08 13.36 12.63 11.89 11.17 10.46 9.77 9.10 8.46 7.86 7.30 6.77 6.28 5.83 5.41 5.04 4.69 4.39 4.11 3.86 3.63 3.43 3.25 3.09 2.95 2.82 2.71 2.61 2.52 2.44 2.37 2.31 2.26 2.21 2.17 2.13 2.09 2.06 2.04 2.01 1.99 1.97 1.95 1.94 1.92 1.91 1.89 1.87 1.86 1.84 1.82 1.80 1.78 1.76 1.74 1.72 1.69 1.67 1.64 1.62 1.59 1.57 1.54 1.52 1.49 1.47 1.45 1.43 1.41 1.39
0.69 0.69 0.70 0.70 0.71 0.71 0.72 0.72 0.73 0.74 0.75 0.76 0.77 0.78 0.79 0.80 0.81 0.81 0.82 0.83 0.84 0.84 0.85 0.86 0.86 0.87 0.87 0.88 0.88 0.88 0.89 0.89 0.90 0.90 0.91 0.91 0.92 0.92 0.93 0.94 0.95 0.96 0.97 0.98 0.99 1.01 1.03 1.05 1.07 1.10 1.13 1.16 1.20 1.24 1.29 1.34 1.40 1.47 1.54 1.62 1.71 1.81 1.92 2.04 2.17 2.30 2.45 2.62 2.79 2.97 3.17 3.38 3.60 3.83 4.06 4.31 4.57 4.83 5.10 5.37 5.65 5.93 6.21 6.49 6.76 7.03 7.29 7.54 7.78 8.01 8.22 8.42 8.59 8.75 8.89 9.01 9.10 9.17 9.22 9.24 9.24 9.22 9.17 9.10 9.01 8.90 8.76 8.62 8.45 8.27 8.07 7.87 7.65 7.42 7.19 6.95 6.71 6.46 6.21 5.97 5.72 5.48 5.24 5.01 4.78 4.56 4.36 4.16 3.97 3.80 3.64 3.49 3.35 3.23 3.12 3.02 2.93 2.85 2.78 2.72 2.67 2.62 2.58 2.55 2.52 2.49 2.47 2.45 2.43 2.41 2.39 2.38 2.36 2.35 2.34 2.33 2.32 2.31 2.30 2.29 2.28 2.28 2.27 2.27 2.27 2.26 2.26 2.26 2.27 2.27 2.27 2.28 2.29 2.30 2.31 2.32 2.33 2.35 2.37 2.39 2.41 2.44 2.46 2.49 2.53 2.56 2.60 2.64 2.68 2.73 2.78 2.83 2.88 2.94 3.00 3.06 3.12 3.19 3.25 3.32 3.39 3.46 3.53 3.60 3.67 3.74 3.81 3.88 3.94 4.01 4.07 4.13 4.19 4.24 4.29 4.33 4.37 4.41 4.44 4.46 4.48 4.49 4.50 4.50 4.49 4.48 4.46 4.43 4.40 4.36 4.31 4.26 4.21 4.15 4.09 4.03 3.96 3.90 3.83 3.76 3.70 3.63 3.57 3.51 3.45 3.40 3.35 3.30 3.26 3.23 3.20 3.17 3.15 3.14 3.13 3.13 3.14 3.15 3.18 3.22 3.26 3.33 3.40 3.49 3.60 3.73 3.88 4.05 4.25 4.47 4.71 4.98 5.27 5.58 5.92 6.29 6.67 7.07 7.48 7.91 8.36 8.81 9.26 9.72 10.17 10.63 11.08 11.52 11.94 12.36 12.77 13.15 13.53 13.88 14.23 14.55 14.86 15.16 15.45 15.73 16.00 16.26 16.52 16.78 17.03 17.29 17.54 17.79 18.04 18.28 18.51 18.73 18.92 19.10 19.24 19.34 19.40 19.41 19.36 19.25 19.09 18.85 18.55 18.18 17.75 17.26 16.71 16.11 15.47 14.80 14.10 13.38 12.65 11.92 11.19 10.48 9.79 9.13 8.50 7.89 7.33 6.80 6.31 5.86 5.45 5.07 4.73 4.41 4.13 3.88 3.66 3.45 3.27 3.11 2.97 2.84 2.73 2.63 2.54 2.46 2.39 2.33 2.27 2.22 2.18 2.14 2.11 2.08 2.05 2.03 2.01 1.99 1.97 1.95 1.94 1.92 1.91 1.89 1.88 1.86 1.85 1.83 1.81 1.79 1.77 1.75 1.73 1.71 1.68 1.66 1.63 1.61 1.59 1.56 1.54 1.52 1.50 1.48 1.45 1.43
0.71 0.72 0.72 0.72 0.73 0.74 0.74 0.75 0.76 0.76 0.77 0.78 0.79 0.80 0.81 0.81 0.82 0.83 0.84 0.84 0.85 0.86 0.86 0.87 0.87 0.88 0.88 0.89 0.89 0.89 0.90 0.90 0.91 0.91 0.92 0.92 0.93 0.93 0.94 0.95 0.96 0.97 0.98 0.99 1.01 1.02 1.04 1.06 1.09 1.11 1.14 1.18 1.22 1.26 1.31 1.37 1.43 1.50 1.57 1.66 1.75 1.85 1.96 2.08 2.22 2.36 2.52 2.68 2.86 3.05 3.26 3.47 3.69 3.93 4.17 4.43 4.69 4.96 5.24 5.52 5.80 6.09 6.37 6.65 6.93 7.20 7.47 7.72 7.97 8.20 8.41 8.61 8.79 8.95 9.08 9.20 9.29 9.36 9.40 9.42 9.42 9.39 9.34 9.27 9.17 9.05 8.92 8.76 8.59 8.40 8.20 7.99 7.77 7.54 7.30 7.06 6.81 6.56 6.31 6.06 5.82 5.58 5.34 5.11 4.88 4.67 4.46 4.26 4.08 3.90 3.74 3.59 3.45 3.33 3.21 3.11 3.02 2.93 2.86 2.79 2.74 2.68 2.64 2.60 2.56 2.53 2.50 2.48 2.45 2.43 2.41 2.39 2.37 2.36 2.34 2.33 2.32 2.31 2.30 2.29 2.28 2.27 2.27 2.26 2.26 2.26 2.25 2.26 2.26 2.26 2.26 2.27 2.28 2.28 2.29 2.31 2.32 2.34 2.36 2.38 2.40 2.42 2.45 2.48 2.51 2.55 2.59 2.63 2.67 2.72 2.77 2.82 2.87 2.93 2.99 3.05 3.12 3.18 3.25 3.32 3.39 3.46 3.53 3.61 3.68 3.75 3.82 3.89 3.96 4.03 4.10 4.16 4.22 4.28 4.33 4.38 4.42 4.46 4.50 4.52 4.55 4.56 4.57 4.57 4.57 4.56 4.54 4.52 4.48 4.45 4.40 4.35 4.30 4.24 4.18 4.12 4.05 3.98 3.91 3.85 3.78 3.71 3.65 3.59 3.53 3.48 3.43 3.38 3.34 3.30 3.28 3.25 3.23 3.22 3.22 3.22 3.24 3.26 3.29 3.33 3.38 3.45 3.53 3.62 3.74 3.87 4.02 4.19 4.38 4.60 4.83 5.09 5.38 5.69 6.01 6.37 6.73 7.12 7.53 7.94 8.37 8.81 9.25 9.70 10.15 10.59 11.03 11.47 11.89 12.31 12.71 13.10 13.47 13.83 14.17 14.50 14.82 15.12 15.42 15.70 15.97 16.24 16.51 16.77 17.03 17.29 17.54 17.79 18.04 18.28 18.51 18.72 18.92 19.08 19.22 19.32 19.37 19.37 19.32 19.21 19.04 18.80 18.50 18.13 17.69 17.20 16.66 16.06 15.43 14.76 14.06 13.34 12.62 11.90 11.18 10.47 9.79 9.13 8.50 7.90 7.34 6.82 6.33 5.88 5.47 5.09 4.75 4.44 4.16 3.90 3.68 3.47 3.29 3.13 2.99 2.86 2.75 2.64 2.55 2.47 2.40 2.34 2.29 2.24 2.19 2.16 2.12 2.09 2.06 2.04 2.02 2.00 1.98 1.97 1.95 1.94 1.92 1.91 1.90 1.88 1.87 1.85 1.84 1.82 1.80 1.78 1.76 1.74 1.72 1.69 1.67 1.65 1.63 1.60 1.58 1.56 1.54 1.51 1.49 1.47
0.73 0.74 0.74 0.75 0.75 0.76 0.76 0.77 0.78 0.78 0.79 0.80 0.81 0.82 0.82 0.83 0.84 0.84 0.85 0.86 0.86 0.87 0.87 0.88 0.88 0.89 0.89 0.90 0.90 0.90 0.91 0.91 0.92 0.92 0.93 0.93 0.94 0.94 0.95 0.96 0.97 0.98 0.99 1.00 1.02 1.03 1.05 1.08 1.10 1.13 1.16 1.20 1.24 1.28 1.33 1.39 1.45 1.52 1.60 1.69 1.79 1.89 2.01 2.13 2.27 2.42 2.58 2.75 2.94 3.13 3.34 3.56 3.79 4.03 4.28 4.54 4.81 5.09 5.37 5.66 5.95 6.24 6.53 6.81 7.10 7.37 7.64 7.90 8.14 8.38 8.59 8.79 8.97 9.13 9.26 9.38 9.47 9.53 9.58 9.59 9.58 9.55 9.49 9.42 9.31 9.19 9.05 8.89 8.71 8.52 8.32 8.10 7.87 7.64 7.40 7.15 6.90 6.65 6.40 6.15 5.90 5.66 5.42 5.19 4.97 4.75 4.54 4.35 4.16 3.99 3.83 3.68 3.54 3.41 3.29 3.19 3.09 3.00 2.92 2.85 2.79 2.74 2.68 2.64 2.60 2.56 2.53 2.50 2.47 2.45 2.42 2.40 2.38 2.36 2.35 2.33 2.32 2.30 2.29 2.28 2.27 2.27 2.26 2.25 2.25 2.25 2.24 2.24 2.25 2.25 2.25 2.26 2.26 2.27 2.28 2.29 2.31 2.32 2.34 2.36 2.38 2.41 2.44 2.47 2.50 2.53 2.57 2.61 2.66 2.71 2.76 2.81 2.86 2.92 2.98 3.04 3.11 3.18 3.25 3.32 3.39 3.46 3.54 3.61 3.69 3.76 3.84 3.91 3.98 4.05 4.12 4.19 4.25 4.31 4.37 4.42 4.47 4.52 4.55 4.59 4.61 4.63 4.64 4.65 4.65 4.64 4.62 4.60 4.57 4.53 4.49 4.44 4.39 4.33 4.27 4.20 4.14 4.07 4.00 3.93 3.86 3.79 3.73 3.66 3.60 3.55 3.50 3.45 3.41 3.38 3.35 3.33 3.31 3.30 3.30 3.31 3.32 3.35 3.38 3.43 3.48 3.55 3.64 3.73 3.85 3.98 4.13 4.30 4.49 4.70 4.93 5.19 5.46 5.76 6.08 6.42 6.77 7.15 7.54 7.94 8.36 8.78 9.22 9.65 10.09 10.52 10.96 11.39 11.81 12.22 12.61 13.00 13.38 13.74 14.08 14.41 14.73 15.04 15.34 15.63 15.91 16.18 16.45 16.71 16.97 17.23 17.49 17.74 17.99 18.22 18.45 18.66 18.85 19.01 19.14 19.23 19.27 19.27 19.21 19.10 18.92 18.68 18.37 18.00 17.57 17.09 16.54 15.95 15.32 14.66 13.97 13.27 12.55 11.84 11.13 10.43 9.76 9.10 8.48 7.89 7.33 6.81 6.33 5.88 5.47 5.10 4.76 4.45 4.17 3.92 3.69 3.49 3.31 3.15 3.00 2.87 2.76 2.66 2.57 2.49 2.42 2.35 2.30 2.25 2.20 2.17 2.13 2.10 2.08 2.05 2.03 2.01 1.99 1.98 1.96 1.95 1.94 1.92 1.91 1.90 1.88 1.87 1.85 1.84 1.82 1.80 1.79 1.77 1.75 1.72 1.70 1.68 1.66 1.64 1.61 1.59 1.57 1.54 1.52 1.50
0.75 0.76 0.76 0.77 0.77 0.78 0.78 0.79 0.80 0.80 0.81 0.82 0.82 0.83 0.84 0.84 0.85 0.86 0.86 0.87 0.87 0.88 0.88 0.89 0.89 0.90 0.90 0.90 0.91 0.91 0.92 0.92 0.93 0.93 0.93 0.94 0.95 0.95 0.96 0.97 0.98 0.99 1.00 1.01 1.03 1.05 1.07 1.09 1.11 1.14 1.18 1.21 1.25 1.30 1.35 1.41 1.48 1.55 1.63 1.72 1.82 1.93 2.05 2.18 2.32 2.48 2.64 2.82 3.01 3.21 3.42 3.65 3.88 4.13 4.39 4.66 4.93 5.21 5.50 5.79 6.08 6.38 6.67 6.96 7.25 7.53 7.80 8.06 8.31 8.54 8.76 8.95 9.13 9.29 9.43 9.54 9.63 9.69 9.73 9.74 9.73 9.69 9.63 9.55 9.44 9.31 9.17 9.00 8.82 8.62 8.41 8.19 7.96 7.72 7.47 7.22 6.97 6.72 6.47 6.21 5.97 5.72 5.49 5.26 5.03 4.82 4.61 4.42 4.23 4.06 3.90 3.75 3.61 3.48 3.36 3.25 3.15 3.06 2.98 2.90 2.84 2.78 2.72 2.67 2.63 2.59 2.55 2.52 2.49 2.46 2.43 2.41 2.39 2.37 2.35 2.33 2.32 2.30 2.29 2.28 2.27 2.26 2.25 2.24 2.24 2.24 2.23 2.23 2.23 2.23 2.24 2.24 2.25 2.26 2.27 2.28 2.29 2.31 2.33 2.35 2.37 2.39 2.42 2.45 2.48 2.52 2.56 2.60 2.65 2.69 2.74 2.80 2.85 2.91 2.97 3.04 3.10 3.17 3.24 3.31 3.39 3.46 3.54 3.62 3.69 3.77 3.85 3.93 4.00 4.08 4.15 4.22 4.29 4.35 4.41 4.47 4.52 4.57 4.61 4.65 4.68 4.70 4.72 4.72 4.73 4.72 4.71 4.69 4.66 4.62 4.58 4.53 4.48 4.42 4.36 4.29 4.22 4.15 4.08 4.01 3.94 3.87 3.80 3.74 3.68 3.62 3.57 3.52 3.48 3.45 3.42 3.40 3.38 3.38 3.38 3.39 3.40 3.43 3.47 3.51 3.57 3.64 3.73 3.83 3.94 4.07 4.22 4.39 4.57 4.78 5.00 5.25 5.52 5.80 6.11 6.44 6.78 7.15 7.52 7.91 8.32 8.73 9.15 9.57 10.00 10.43 10.85 11.27 11.68 12.09 12.49 12.87 13.24 13.60 13.95 14.28 14.61 14.92 15.22 15.51 15.79 16.07 16.34 16.60 16.87 17.13 17.38 17.63 17.88 18.11 18.33 18.53 18.71 18.87 18.99 19.07 19.11 19.10 19.04 18.92 18.74 18.49 18.19 17.82 17.39 16.91 16.37 15.79 15.17 14.52 13.84 13.14 12.44 11.74 11.04 10.36 9.69 9.05 8.44 7.85 7.31 6.79 6.32 5.87 5.47 5.10 4.76 4.45 4.18 3.92 3.70 3.50 3.32 3.16 3.01 2.88 2.77 2.67 2.58 2.50 2.43 2.36 2.31 2.26 2.21 2.17 2.14 2.11 2.08 2.06 2.04 2.02 2.00 1.99 1.97 1.96 1.95 1.94 1.92 1.91 1.90 1.88 1.87 1.86 1.84 1.82 1.81 1.79 1.77 1.75 1.73 1.71 1.68 1.66 1.64 1.62 1.59 1.57 1.54 1.52
0.77 0.77 0.78 0.78 0.79 0.80 0.80 0.81 0.81 0.82 0.83 0.83 0.84 0.85 0.85 0.86 0.86 0.87 0.87 0.88 0.88 0.89 0.89 0.90 0.90 0.91 0.91 0.91 0.92 0.92 0.93 0.93 0.93 0.94 0.94 0.95 0.96 0.96 0.97 0.98 0.99 1.00 1.01 1.03 1.04 1.06 1.08 1.10 1.13 1.16 1.19 1.23 1.27 1.32 1.38 1.44 1.50 1.58 1.66 1.76 1.86 1.97 2.09 2.23 2.37 2.53 2.70 2.88 3.08 3.29 3.50 3.74 3.98 4.23 4.49 4.77 5.05 5.33 5.62 5.92 6.22 6.52 6.81 7.11 7.40 7.68 7.95 8.21 8.46 8.69 8.91 9.10 9.28 9.44 9.57 9.68 9.76 9.82 9.86 9.87 9.85 9.81 9.75 9.66 9.55 9.41 9.26 9.09 8.90 8.70 8.49 8.26 8.03 7.78 7.54 7.28 7.03 6.77 6.52 6.27 6.02 5.77 5.54 5.31 5.08 4.87 4.67 4.47 4.29 4.11 3.95 3.80 3.66 3.53 3.41 3.30 3.19 3.10 3.02 2.94 2.87 2.81 2.75 2.70 2.65 2.61 2.57 2.53 2.50 2.47 2.44 2.41 2.39 2.37 2.35 2.33 2.31 2.30 2.28 2.27 2.26 2.25 2.24 2.23 2.23 2.22 2.22 2.22 2.22 2.22 2.22 2.23 2.23 2.24 2.25 2.26 2.28 2.29 2.31 2.33 2.35 2.38 2.41 2.44 2.47 2.51 2.54 2.59 2.63 2.68 2.73 2.78 2.84 2.90 2.96 3.03 3.10 3.17 3.24 3.31 3.39 3.46 3.54 3.62 3.70 3.78 3.86 3.94 4.02 4.10 4.17 4.25 4.32 4.39 4.45 4.51 4.57 4.62 4.67 4.71 4.74 4.77 4.79 4.80 4.80 4.80 4.79 4.77 4.74 4.71 4.67 4.62 4.57 4.51 4.45 4.38 4.31 4.24 4.16 4.09 4.02 3.95 3.88 3.81 3.75 3.69 3.64 3.59 3.55 3.52 3.49 3.47 3.45 3.45 3.45 3.46 3.47 3.50 3.54 3.59 3.65 3.72 3.81 3.90 4.02 4.15 4.29 4.45 4.64 4.84 5.05 5.29 5.55 5.83 6.12 6.44 6.77 7.12 7.48 7.86 8.25 8.65 9.06 9.47 9.88 10.30 10.71 11.13 11.53 11.93 12.32 12.70 13.08 13.43 13.78 14.12 14.44 14.75 15.05 15.35 15.63 15.91 16.18 16.45 16.71 16.97 17.23 17.47 17.71 17.94 18.16 18.35 18.52 18.67 18.78 18.86 18.89 18.87 18.80 18.68 18.49 18.25 17.94 17.58 17.15 16.68 16.15 15.58 14.97 14.33 13.66 12.98 12.29 11.60 10.92 10.25 9.60 8.97 8.37 7.80 7.26 6.76 6.29 5.85 5.45 5.09 4.75 4.45 4.17 3.93 3.70 3.50 3.32 3.16 3.02 2.89 2.78 2.67 2.58 2.50 2.43 2.37 2.31 2.26 2.22 2.18 2.15 2.12 2.09 2.07 2.05 2.03 2.01 2.00 1.98 1.97 1.96 1.95 1.93 1.92 1.91 1.90 1.88 1.87 1.85 1.84 1.82 1.80 1.79 1.77 1.75 1.73 1.71 1.68 1.66 1.64 1.61 1.59 1.56 1.54
0.78 0.79 0.79 0.80 0.81 0.81 0.82 0.82 0.83 0.83 0.84 0.85 0.85 0.86 0.86 0.87 0.88 0.88 0.89 0.89 0.90 0.90 0.90 0.91 0.91 0.92 0.92 0.92 0.93 0.93 0.93 0.94 0.94 0.95 0.95 0.96 0.96 0.97 0.98 0.99 1.00 1.01 1.02 1.04 1.05 1.07 1.09 1.12 1.14 1.17 1.21 1.25 1.29 1.34 1.40 1.46 1.53 1.61 1.69 1.79 1.89 2.01 2.14 2.28 2.43 2.59 2.76 2.95 3.15 3.36 3.59 3.82 4.07 4.33 4.60 4.87 5.16 5.45 5.75 6.05 6.35 6.65 6.95 7.24 7.53 7.81 8.09 8.35 8.60 8.83 9.04 9.24 9.41 9.57 9.70 9.80 9.88 9.94 9.97 9.98 9.96 9.91 9.84 9.75 9.63 9.49 9.34 9.16 8.97 8.76 8.55 8.32 8.08 7.83 7.58 7.32 7.07 6.81 6.56 6.30 6.05 5.81 5.57 5.34 5.12 4.91 4.70 4.51 4.33 4.15 3.99 3.84 3.70 3.57 3.44 3.33 3.23 3.14 3.05 2.97 2.90 2.83 2.77 2.72 2.67 2.62 2.58 2.54 2.51 2.47 2.44 2.41 2.39 2.37 2.34 2.32 2.31 2.29 2.27 2.26 2.25 2.24 2.23 2.22 2.22 2.21 2.21 2.21 2.21 2.21 2.21 2.21 2.22 2.23 2.24 2.25 2.26 2.28 2.29 2.31 2.34 2.36 2.39 2.42 2.45 2.49 2.53 2.57 2.62 2.67 2.72 2.77 2.83 2.89 2.95 3.02 3.09 3.16 3.23 3.31 3.38 3.46 3.54 3.63 3.71 3.79 3.87 3.96 4.04 4.12 4.20 4.28 4.35 4.42 4.49 4.56 4.62 4.67 4.72 4.77 4.80 4.83 4.86 4.87 4.88 4.88 4.87 4.85 4.83 4.79 4.75 4.71 4.65 4.60 4.53 4.46 4.39 4.32 4.25 4.17 4.10 4.02 3.95 3.89 3.82 3.76 3.71 3.66 3.62 3.58 3.55 3.53 3.51 3.51 3.51 3.52 3.54 3.57 3.61 3.65 3.71 3.79 3.87 3.97 4.08 4.20 4.35 4.50 4.68 4.87 5.08 5.31 5.56 5.83 6.11 6.42 6.74 7.07 7.42 7.78 8.16 8.54 8.94 9.34 9.74 10.15 10.55 10.95 11.35 11.75 12.13 12.51 12.88 13.23 13.58 13.91 14.24 14.55 14.85 15.15 15.43 15.71 15.99 16.25 16.52 16.77 17.02 17.27 17.50 17.72 17.93 18.12 18.28 18.42 18.52 18.59 18.61 18.59 18.51 18.38 18.20 17.95 17.65 17.28 16.87 16.40 15.88 15.32 14.72 14.09 13.45 12.78 12.11 11.44 10.77 10.12 9.48 8.87 8.28 7.73 7.20 6.71 6.25 5.82 5.43 5.07 4.74 4.44 4.17 3.92 3.70 3.50 3.32 3.16 3.02 2.89 2.78 2.68 2.59 2.51 2.44 2.37 2.32 2.27 2.22 2.19 2.15 2.12 2.10 2.07 2.05 2.03 2.02 2.00 1.99 1.98 1.96 1.95 1.94 1.93 1.92 1.91 1.89 1.88 1.87 1.85 1.83 1.82 1.80 1.78 1.76 1.74 1.72 1.70 1.68 1.65 1.63 1.60 1.58 1.55
0.80 0.80 0.81 0.81 0.82 0.83 0.83 0.84 0.84 0.85 0.85 0.86 0.87 0.87 0.88 0.88 0.89 0.89 0.90 0.90 0.91 0.91 0.91 0.92 0.92 0.92 0.93 0.93 0.94 0.94 0.94 0.95 0.95 0.96 0.96 0.97 0.97 0.98 0.99 1.00 1.01 1.02 1.03 1.05 1.06 1.08 1.10 1.13 1.16 1.19 1.22 1.26 1.31 1.36 1.42 1.48 1.55 1.64 1.72 1.82 1.93 2.05 2.18 2.32 2.48 2.65 2.82 3.02 3.22 3.44 3.67 3.91 4.16 4.43 4.70 4.98 5.27 5.57 5.86 6.17 6.47 6.77 7.07 7.37 7.66 7.94 8.21 8.47 8.72 8.95 9.16 9.36 9.53 9.68 9.80 9.91 9.99 10.04 10.06 10.06 10.04 9.99 9.91 9.82 9.70 9.55 9.39 9.21 9.02 8.81 8.59 8.35 8.11 7.86 7.61 7.35 7.09 6.83 6.58 6.32 6.07 5.83 5.59 5.36 5.14 4.93 4.73 4.53 4.35 4.18 4.02 3.87 3.72 3.59 3.47 3.36 3.25 3.16 3.07 2.99 2.92 2.85 2.79 2.73 2.68 2.63 2.59 2.55 2.51 2.48 2.44 2.41 2.39 2.36 2.34 2.32 2.30 2.28 2.27 2.25 2.24 2.23 2.22 2.21 2.20 2.20 2.19 2.19 2.19 2.19 2.19 2.20 2.20 2.21 2.22 2.23 2.24 2.26 2.28 2.30 2.32 2.35 2.37 2.40 2.44 2.47 2.51 2.56 2.60 2.65 2.70 2.76 2.82 2.88 2.94 3.01 3.08 3.15 3.23 3.30 3.38 3.46 3.55 3.63 3.71 3.80 3.88 3.97 4.06 4.14 4.22 4.30 4.38 4.46 4.53 4.60 4.66 4.72 4.78 4.82 4.87 4.90 4.93 4.94 4.95 4.96 4.95 4.93 4.91 4.88 4.84 4.79 4.74 4.68 4.62 4.55 4.47 4.40 4.32 4.25 4.17 4.10 4.02 3.95 3.89 3.83 3.77 3.72 3.68 3.64 3.61 3.59 3.57 3.57 3.57 3.58 3.60 3.62 3.66 3.71 3.77 3.84 3.92 4.02 4.12 4.25 4.38 4.54 4.71 4.89 5.10 5.32 5.55 5.81 6.08 6.37 6.68 7.00 7.34 7.69 8.05 8.42 8.80 9.19 9.58 9.97 10.37 10.76 11.15 11.53 11.91 12.28 12.65 13.00 13.34 13.67 14.00 14.31 14.61 14.91 15.20 15.48 15.75 16.02 16.28 16.53 16.78 17.02 17.25 17.46 17.66 17.84 18.00 18.12 18.22 18.27 18.29 18.26 18.18 18.04 17.85 17.61 17.30 16.95 16.53 16.07 15.57 15.02 14.44 13.83 13.20 12.55 11.90 11.25 10.60 9.97 9.35 8.75 8.18 7.64 7.12 6.64 6.19 5.78 5.39 5.04 4.71 4.42 4.15 3.91 3.69 3.50 3.32 3.16 3.02 2.89 2.78 2.68 2.59 2.51 2.44 2.38 2.32 2.27 2.23 2.19 2.16 2.13 2.10 2.08 2.06 2.04 2.02 2.01 1.99 1.98 1.97 1.96 1.95 1.93 1.92 1.91 1.90 1.89 1.87 1.86 1.84 1.83 1.81 1.79 1.77 1.75 1.73 1.71 1.69 1.66 1.64 1.61 1.59 1.56
0.81 0.81 0.82 0.83 0.83 0.84 0.84 0.85 0.86 0.86 0.87 0.87 0.88 0.88 0.89 0.89 0.90 0.90 0.91 0.91 0.91 0.92 0.92 0.93 0.93 0.93 0.94 0.94 0.94 0.95 0.95 0.96 0.96 0.97 0.97 0.98 0.98 0.99 1.00 1.01 1.02 1.03 1.04 1.06 1.07 1.09 1.12 1.14 1.17 1.20 1.24 1.28 1.33 1.38 1.44 1.51 1.58 1.66 1.76 1.86 1.97 2.09 2.23 2.37 2.53 2.70 2.89 3.09 3.30 3.52 3.75 4.00 4.26 4.53 4.80 5.09 5.38 5.68 5.98 6.29 6.59 6.89 7.20 7.49 7.78 8.06 8.33 8.59 8.83 9.06 9.27 9.46 9.63 9.77 9.89 9.99 10.07 10.11 10.14 10.13 10.10 10.05 9.97 9.86 9.74 9.59 9.43 9.24 9.05 8.83 8.61 8.37 8.13 7.87 7.62 7.36 7.10 6.84 6.58 6.33 6.08 5.84 5.60 5.37 5.15 4.94 4.74 4.55 4.36 4.19 4.03 3.88 3.74 3.61 3.49 3.37 3.27 3.17 3.09 3.00 2.93 2.86 2.80 2.74 2.69 2.64 2.59 2.55 2.51 2.48 2.44 2.41 2.38 2.36 2.33 2.31 2.29 2.27 2.26 2.24 2.23 2.22 2.21 2.20 2.19 2.18 2.18 2.18 2.18 2.18 2.18 2.18 2.19 2.19 2.20 2.21 2.23 2.24 2.26 2.28 2.30 2.33 2.36 2.39 2.42 2.46 2.50 2.54 2.59 2.64 2.69 2.75 2.81 2.87 2.93 3.00 3.07 3.15 3.22 3.30 3.38 3.46 3.55 3.63 3.72 3.81 3.90 3.98 4.07 4.16 4.25 4.33 4.41 4.49 4.57 4.64 4.71 4.77 4.83 4.88 4.93 4.96 4.99 5.01 5.03 5.03 5.02 5.01 4.99 4.96 4.92 4.87 4.82 4.76 4.70 4.63 4.55 4.48 4.40 4.32 4.24 4.17 4.09 4.02 3.95 3.89 3.83 3.78 3.74 3.70 3.67 3.64 3.63 3.62 3.62 3.63 3.65 3.67 3.71 3.76 3.81 3.88 3.96 4.05 4.16 4.28 4.41 4.56 4.72 4.90 5.09 5.30 5.53 5.78 6.04 6.32 6.61 6.92 7.24 7.57 7.92 8.28 8.64 9.02 9.39 9.78 10.16 10.54 10.92 11.30 11.67 12.03 12.39 12.74 13.08 13.41 13.73 14.04 14.35 14.64 14.93 15.21 15.48 15.74 16.00 16.25 16.50 16.73 16.95 17.16 17.35 17.52 17.66 17.78 17.87 17.91 17.92 17.88 17.80 17.66 17.47 17.22 16.92 16.57 16.17 15.71 15.22 14.69 14.12 13.53 12.92 12.30 11.66 11.03 10.41 9.79 9.19 8.61 8.06 7.53 7.03 6.56 6.13 5.72 5.35 5.00 4.68 4.40 4.13 3.90 3.68 3.49 3.31 3.16 3.02 2.89 2.78 2.68 2.59 2.51 2.44 2.38 2.32 2.27 2.23 2.19 2.16 2.13 2.10 2.08 2.06 2.04 2.02 2.01 1.99 1.98 1.97 1.96 1.95 1.94 1.93 1.91 1.90 1.89 1.88 1.86 1.85 1.83 1.82 1.80 1.78 1.76 1.74 1.72 1.70 1.67 1.65 1.62 1.60 1.57
0.82 0.83 0.83 0.84 0.84 0.85 0.86 0.86 0.87 0.87 0.88 0.88 0.89 0.89 0.90 0.90 0.91 0.91 0.92 0.92 0.92 0.93 0.93 0.94 0.94 0.94 0.95 0.95 0.95 0.96 0.96 0.96 0.97 0.97 0.98 0.99 0.99 1.00 1.01 1.02 1.03 1.04 1.05 1.07 1.09 1.11 1.13 1.15 1.18 1.22 1.26 1.30 1.35 1.40 1.46 1.53 1.61 1.69 1.79 1.89 2.01 2.13 2.27 2.42 2.59 2.76 2.95 3.16 3.37 3.60 3.84 4.09 4.36 4.63 4.91 5.20 5.50 5.80 6.10 6.40 6.71 7.01 7.31 7.61 7.89 8.17 8.44 8.69 8.93 9.15 9.36 9.54 9.71 9.85 9.96 10.06 10.13 10.17 10.19 10.18 10.14 10.08 10.00 9.89 9.76 9.61 9.44 9.26 9.05 8.84 8.61 8.37 8.12 7.87 7.61 7.35 7.09 6.83 6.58 6.32 6.07 5.83 5.59 5.37 5.15 4.94 4.74 4.55 4.37 4.20 4.04 3.89 3.75 3.62 3.50 3.38 3.28 3.18 3.09 3.01 2.94 2.87 2.80 2.74 2.69 2.64 2.59 2.55 2.51 2.47 2.44 2.41 2.38 2.35 2.33 2.30 2.28 2.26 2.25 2.23 2.22 2.20 2.19 2.18 2.18 2.17 2.16 2.16 2.16 2.16 2.16 2.16 2.17 2.18 2.19 2.20 2.21 2.23 2.24 2.26 2.29 2.31 2.34 2.37 2.41 2.44 2.48 2.53 2.57 2.62 2.68 2.73 2.79 2.86 2.92 2.99 3.06 3.14 3.22 3.30 3.38 3.46 3.55 3.64 3.73 3.82 3.91 4.00 4.09 4.18 4.27 4.36 4.44 4.53 4.61 4.68 4.75 4.82 4.88 4.93 4.98 5.02 5.06 5.08 5.09 5.10 5.10 5.09 5.06 5.04 5.00 4.95 4.90 4.84 4.77 4.70 4.63 4.55 4.47 4.39 4.31 4.23 4.16 4.08 4.02 3.95 3.89 3.84 3.79 3.75 3.72 3.69 3.68 3.67 3.67 3.67 3.69 3.72 3.75 3.80 3.85 3.92 3.99 4.08 4.18 4.30 4.43 4.57 4.72 4.89 5.08 5.28 5.50 5.73 5.98 6.24 6.52 6.82 7.12 7.45 7.78 8.12 8.47 8.83 9.19 9.56 9.93 10.30 10.67 11.04 11.40 11.76 12.11 12.46 12.79 13.12 13.44 13.75 14.05 14.34 14.63 14.90 15.17 15.44 15.69 15.94 16.18 16.40 16.62 16.82 17.00 17.16 17.30 17.41 17.48 17.52 17.52 17.47 17.38 17.24 17.05 16.80 16.51 16.16 15.77 15.33 14.85 14.33 13.78 13.21 12.62 12.02 11.41 10.80 10.19 9.60 9.02 8.46 7.92 7.41 6.93 6.48 6.05 5.66 5.29 4.95 4.65 4.36 4.11 3.87 3.66 3.47 3.30 3.15 3.01 2.88 2.77 2.67 2.59 2.51 2.44 2.37 2.32 2.27 2.23 2.19 2.16 2.13 2.10 2.08 2.06 2.04 2.02 2.01 1.99 1.98 1.97 1.96 1.95 1.94 1.93 1.92 1.90 1.89 1.88 1.87 1.85 1.84 1.82 1.80 1.78 1.76 1.74 1.72 1.70 1.68 1.65 1.63 1.60 1.57
0.83 0.84 0.84 0.85 0.86 0.86 0.87 0.87 0.88 0.88 0.89 0.89 0.90 0.90 0.91 0.91 0.92 0.92 0.93 0.93 0.93 0.94 0.94 0.94 0.95 0.95 0.95 0.96 0.96 0.96 0.97 0.97 0.98 0.98 0.99 0.99 1.00 1.01 1.02 1.03 1.04 1.05 1.06 1.08 1.10 1.12 1.14 1.17 1.20 1.23 1.27 1.32 1.36 1.42 1.48 1.55 1.63 1.72 1.82 1.93 2.05 2.18 2.32 2.48 2.64 2.83 3.02 3.23 3.45 3.69 3.93 4.19 4.46 4.73 5.02 5.31 5.61 5.91 6.22 6.52 6.83 7.13 7.43 7.72 8.00 8.27 8.54 8.78 9.02 9.24 9.43 9.61 9.77 9.91 10.02 10.10 10.17 10.20 10.22 10.20 10.16 10.10 10.01 9.90 9.76 9.61 9.44 9.25 9.04 8.82 8.59 8.35 8.10 7.85 7.59 7.33 7.07 6.81 6.55 6.30 6.05 5.81 5.58 5.35 5.13 4.93 4.73 4.54 4.36 4.19 4.03 3.89 3.75 3.62 3.50 3.38 3.28 3.19 3.10 3.01 2.94 2.87 2.80 2.75 2.69 2.64 2.59 2.55 2.51 2.47 2.44 2.40 2.37 2.35 2.32 2.30 2.27 2.26 2.24 2.22 2.21 2.19 2.18 2.17 2.16 2.15 2.15 2.15 2.14 2.14 2.14 2.15 2.15 2.16 2.17 2.18 2.19 2.21 2.23 2.25 2.27 2.30 2.32 2.35 2.39 2.43 2.47 2.51 2.56 2.61 2.66 2.72 2.78 2.85 2.91 2.98 3.06 3.13 3.21 3.29 3.38 3.46 3.55 3.64 3.73 3.82 3.92 4.01 4.11 4.20 4.29 4.38 4.47 4.56 4.64 4.72 4.79 4.86 4.93 4.99 5.04 5.08 5.12 5.14 5.16 5.17 5.17 5.16 5.14 5.11 5.07 5.02 4.97 4.91 4.85 4.77 4.70 4.62 4.54 4.46 4.38 4.30 4.22 4.14 4.07 4.01 3.95 3.89 3.84 3.80 3.77 3.74 3.72 3.71 3.71 3.71 3.73 3.75 3.79 3.83 3.88 3.95 4.02 4.10 4.20 4.31 4.43 4.57 4.71 4.88 5.05 5.24 5.45 5.67 5.91 6.16 6.43 6.71 7.00 7.31 7.62 7.95 8.29 8.63 8.98 9.34 9.69 10.05 10.41 10.77 11.12 11.47 11.81 12.15 12.48 12.80 13.12 13.43 13.73 14.02 14.30 14.58 14.84 15.10 15.35 15.60 15.83 16.05 16.26 16.45 16.62 16.77 16.90 17.00 17.06 17.09 17.08 17.03 16.94 16.79 16.60 16.36 16.06 15.73 15.34 14.92 14.45 13.95 13.42 12.87 12.30 11.72 11.13 10.54 9.96 9.39 8.83 8.30 7.78 7.29 6.82 6.38 5.97 5.59 5.23 4.90 4.60 4.33 4.08 3.85 3.64 3.45 3.29 3.13 3.00 2.87 2.76 2.67 2.58 2.50 2.43 2.37 2.32 2.27 2.22 2.19 2.15 2.12 2.10 2.07 2.05 2.04 2.02 2.01 1.99 1.98 1.97 1.96 1.95 1.94 1.93 1.91 1.90 1.89 1.88 1.87 1.85 1.84 1.82 1.80 1.78 1.77 1.75 1.72 1.70 1.68 1.65 1.63 1.60 1.57
0.84 0.85 0.85 0.86 0.87 0.87 0.88 0.88 0.89 0.89 0.90 0.90 0.91 0.91 0.92 0.92 0.93 0.93 0.93 0.94 0.94 0.95 0.95 0.95 0.96 0.96 0.96 0.97 0.97 0.97 0.98 0.98 0.99 0.99 1.00 1.00 1.01 1.02 1.03 1.04 1.05 1.06 1.07 1.09 1.11 1.13 1.15 1.18 1.21 1.25 1.29 1.33 1.38 1.44 1.51 1.58 1.66 1.75 1.85 1.96 2.09 2.22 2.37 2.53 2.71 2.89 3.09 3.31 3.54 3.78 4.03 4.29 4.56 4.85 5.14 5.43 5.73 6.03 6.34 6.64 6.95 7.24 7.54 7.83 8.10 8.37 8.63 8.87 9.10 9.31 9.50 9.67 9.82 9.95 10.05 10.13 10.19 10.22 10.23 10.21 10.16 10.09 10.00 9.88 9.75 9.59 9.41 9.22 9.01 8.79 8.56 8.32 8.07 7.81 7.55 7.29 7.03 6.78 6.52 6.27 6.02 5.78 5.55 5.33 5.11 4.90 4.71 4.52 4.35 4.18 4.02 3.88 3.74 3.61 3.49 3.38 3.28 3.18 3.09 3.01 2.94 2.87 2.80 2.74 2.69 2.64 2.59 2.55 2.50 2.47 2.43 2.40 2.37 2.34 2.31 2.29 2.27 2.24 2.23 2.21 2.19 2.18 2.17 2.16 2.15 2.14 2.13 2.13 2.13 2.13 2.13 2.13 2.14 2.14 2.15 2.16 2.17 2.19 2.21 2.23 2.25 2.28 2.31 2.34 2.37 2.41 2.45 2.50 2.54 2.60 2.65 2.71 2.77 2.83 2.90 2.97 3.05 3.13 3.21 3.29 3.38 3.46 3.55 3.64 3.74 3.83 3.93 4.02 4.12 4.22 4.31 4.41 4.50 4.59 4.67 4.76 4.83 4.91 4.97 5.03 5.09 5.13 5.17 5.20 5.22 5.23 5.23 5.22 5.20 5.17 5.14 5.09 5.04 4.98 4.91 4.84 4.76 4.69 4.60 4.52 4.44 4.36 4.28 4.20 4.13 4.06 4.00 3.94 3.89 3.85 3.81 3.78 3.76 3.75 3.75 3.75 3.76 3.79 3.82 3.86 3.91 3.97 4.04 4.12 4.21 4.31 4.43 4.56 4.70 4.85 5.02 5.20 5.40 5.60 5.83 6.07 6.32 6.59 6.86 7.16 7.46 7.77 8.09 8.42 8.76 9.10 9.44 9.79 10.13 10.48 10.82 11.16 11.50 11.83 12.15 12.47 12.78 13.09 13.38 13.67 13.95 14.22 14.49 14.74 14.99 15.23 15.45 15.67 15.87 16.05 16.21 16.36 16.47 16.56 16.62 16.64 16.63 16.57 16.47 16.32 16.13 15.89 15.60 15.27 14.90 14.49 14.04 13.55 13.04 12.51 11.97 11.41 10.84 10.28 9.72 9.17 8.64 8.12 7.62 7.15 6.70 6.27 5.88 5.51 5.16 4.84 4.55 4.28 4.04 3.82 3.61 3.43 3.27 3.12 2.98 2.86 2.75 2.66 2.57 2.49 2.43 2.36 2.31 2.26 2.22 2.18 2.15 2.12 2.09 2.07 2.05 2.03 2.02 2.00 1.99 1.98 1.97 1.95 1.94 1.93 1.92 1.91 1.90 1.89 1.88 1.86 1.85 1.83 1.82 1.80 1.78 1.76 1.74 1.72 1.70 1.68 1.65 1.63 1.60 1.57
0.85 0.86 0.86 0.87 0.88 0.88 0.89 0.89 0.90 0.90 0.91 0.91 0.92 0.92 0.93 0.93 0.94 0.94 0.94 0.95 0.95 0.95 0.96 0.96 0.96 0.97 0.97 0.97 0.98 0.98 0.99 0.99 0.99 1.00 1.00 1.01 1.02 1.03 1.03 1.04 1.06 1.07 1.08 1.10 1.12 1.14 1.17 1.19 1.23 1.26 1.30 1.35 1.40 1.46 1.53 1.61 1.69 1.78 1.89 2.00 2.13 2.27 2.42 2.59 2.77 2.96 3.17 3.39 3.63 3.87 4.13 4.40 4.68 4.96 5.26 5.56 5.86 6.16 6.47 6.77 7.07 7.36 7.65 7.93 8.20 8.46 8.71 8.95 9.16 9.37 9.55 9.71 9.85 9.97 10.07 10.14 10.19 10.22 10.22 10.19 10.14 10.07 9.97 9.85 9.71 9.55 9.37 9.17 8.96 8.74 8.51 8.27 8.02 7.76 7.50 7.24 6.98 6.73 6.47 6.22 5.98 5.74 5.51 5.29 5.08 4.87 4.68 4.50 4.32 4.16 4.00 3.86 3.72 3.60 3.48 3.37 3.27 3.18 3.09 3.01 2.93 2.86 2.80 2.74 2.68 2.63 2.59 2.54 2.50 2.46 2.42 2.39 2.36 2.33 2.30 2.28 2.26 2.23 2.21 2.20 2.18 2.17 2.15 2.14 2.13 2.12 2.12 2.11 2.11 2.11 2.11 2.11 2.12 2.12 2.13 2.14 2.16 2.17 2.19 2.21 2.23 2.26 2.29 2.32 2.36 2.40 2.44 2.48 2.53 2.58 2.64 2.70 2.76 2.82 2.89 2.97 3.04 3.12 3.20 3.29 3.37 3.46 3.56 3.65 3.74 3.84 3.94 4.04 4.14 4.23 4.33 4.43 4.52 4.62 4.70 4.79 4.87 4.95 5.02 5.08 5.14 5.18 5.22 5.25 5.27 5.29 5.29 5.28 5.26 5.24 5.20 5.15 5.10 5.04 4.97 4.90 4.82 4.74 4.66 4.58 4.49 4.41 4.33 4.25 4.18 4.11 4.04 3.98 3.93 3.89 3.85 3.82 3.80 3.79 3.78 3.78 3.79 3.81 3.84 3.88 3.93 3.98 4.05 4.13 4.21 4.31 4.42 4.54 4.67 4.82 4.98 5.15 5.33 5.53 5.74 5.97 6.21 6.46 6.72 7.00 7.29 7.58 7.89 8.20 8.53 8.85 9.18 9.51 9.85 10.18 10.52 10.85 11.17 11.50 11.81 12.12 12.43 12.73 13.02 13.30 13.58 13.85 14.11 14.36 14.60 14.83 15.05 15.26 15.45 15.63 15.79 15.92 16.03 16.11 16.16 16.17 16.15 16.09 15.98 15.83 15.64 15.41 15.13 14.81 14.44 14.04 13.61 13.15 12.66 12.15 11.62 11.09 10.55 10.01 9.47 8.94 8.43 7.94 7.46 7.00 6.57 6.16 5.78 5.42 5.09 4.78 4.50 4.24 4.00 3.78 3.58 3.41 3.24 3.10 2.97 2.85 2.74 2.65 2.56 2.48 2.42 2.36 2.30 2.26 2.21 2.18 2.14 2.11 2.09 2.07 2.05 2.03 2.01 2.00 1.98 1.97 1.96 1.95 1.94 1.93 1.92 1.91 1.90 1.88 1.87 1.86 1.84 1.83 1.81 1.80 1.78 1.76 1.74 1.72 1.70 1.67 1.65 1.62 1.60 1.57
0.86 0.87 0.87 0.88 0.88 0.89 0.90 0.90 0.91 0.91 0.92 0.92 0.93 0.93 0.94 0.94 0.94 0.95 0.95 0.96 0.96 0.96 0.97 0.97 0.97 0.98 0.98 0.98 0.99 0.99 0.99 1.00 1.00 1.01 1.01 1.02 1.03 1.03 1.04 1.05 1.07 1.08 1.09 1.11 1.13 1.15 1.18 1.21 1.24 1.28 1.32 1.37 1.42 1.48 1.55 1.63 1.72 1.82 1.92 2.04 2.18 2.32 2.48 2.65 2.84 3.04 3.26 3.48 3.72 3.98 4.24 4.52 4.80 5.09 5.39 5.69 5.99 6.30 6.60 6.90 7.19 7.48 7.77 8.04 8.30 8.56 8.79 9.02 9.23 9.42 9.59 9.74 9.87 9.98 10.07 10.14 10.18 10.20 10.19 10.16 10.10 10.02 9.92 9.80 9.65 9.49 9.31 9.11 8.90 8.68 8.44 8.20 7.95 7.69 7.44 7.18 6.92 6.67 6.41 6.17 5.93 5.69 5.46 5.24 5.03 4.83 4.64 4.46 4.29 4.13 3.98 3.84 3.70 3.58 3.46 3.36 3.26 3.16 3.08 3.00 2.93 2.86 2.79 2.73 2.68 2.63 2.58 2.54 2.49 2.45 2.42 2.38 2.35 2.32 2.30 2.27 2.25 2.22 2.20 2.18 2.17 2.15 2.14 2.13 2.12 2.11 2.10 2.10 2.09 2.09 2.09 2.10 2.10 2.11 2.12 2.13 2.14 2.16 2.17 2.19 2.22 2.24 2.27 2.31 2.34 2.38 2.42 2.47 2.52 2.57 2.63 2.69 2.75 2.81 2.89 2.96 3.04 3.12 3.20 3.28 3.37 3.46 3.56 3.65 3.75 3.85 3.95 4.05 4.15 4.25 4.35 4.45 4.55 4.64 4.73 4.82 4.90 4.98 5.05 5.12 5.18 5.23 5.27 5.30 5.32 5.34 5.34 5.33 5.32 5.29 5.26 5.21 5.16 5.10 5.03 4.96 4.88 4.80 4.71 4.63 4.54 4.46 4.38 4.30 4.22 4.15 4.08 4.03 3.97 3.93 3.89 3.86 3.83 3.82 3.81 3.81 3.82 3.84 3.86 3.90 3.94 4.00 4.06 4.13 4.21 4.30 4.41 4.52 4.64 4.78 4.93 5.09 5.27 5.45 5.65 5.86 6.09 6.33 6.58 6.84 7.11 7.39 7.68 7.98 8.29 8.60 8.92 9.23 9.56 9.88 10.20 10.52 10.84 11.15 11.46 11.76 12.06 12.36 12.64 12.92 13.19 13.46 13.71 13.96 14.20 14.42 14.64 14.84 15.02 15.19 15.34 15.46 15.56 15.63 15.68 15.68 15.66 15.59 15.48 15.34 15.15 14.91 14.64 14.33 13.98 13.59 13.17 12.73 12.26 11.77 11.27 10.76 10.24 9.72 9.21 8.71 8.22 7.74 7.29 6.85 6.43 6.04 5.67 5.33 5.01 4.71 4.44 4.18 3.95 3.74 3.55 3.38 3.22 3.07 2.95 2.83 2.72 2.63 2.55 2.47 2.41 2.35 2.29 2.25 2.21 2.17 2.14 2.11 2.08 2.06 2.04 2.02 2.01 1.99 1.98 1.97 1.95 1.94 1.93 1.92 1.91 1.90 1.89 1.88 1.87 1.85 1.84 1.82 1.81 1.79 1.77 1.75 1.73 1.71 1.69 1.67 1.64 1.62 1.59 1.56
0.87 0.87 0.88 0.89 0.89 0.90 0.90 0.91 0.92 0.92 0.93 0.93 0.94 0.94 0.94 0.95 0.95 0.96 0.96 0.96 0.97 0.97 0.97 0.98 0.98 0.98 0.99 0.99 0.99 1.00 1.00 1.01 1.01 1.02 1.02 1.03 1.03 1.04 1.05 1.06 1.07 1.09 1.10 1.12 1.14 1.16 1.19 1.22 1.26 1.29 1.34 1.39 1.44 1.51 1.58 1.66 1.75 1.85 1.96 2.09 2.23 2.38 2.54 2.72 2.92 3.12 3.35 3.58 3.83 4.09 4.36 4.65 4.94 5.23 5.53 5.83 6.14 6.44 6.74 7.04 7.33 7.61 7.89 8.15 8.40 8.65 8.87 9.08 9.28 9.46 9.62 9.76 9.88 9.98 10.06 10.12 10.15 10.16 10.14 10.10 10.04 9.96 9.85 9.72 9.58 9.41 9.23 9.03 8.82 8.59 8.36 8.12 7.87 7.61 7.36 7.10 6.85 6.59 6.35 6.10 5.86 5.63 5.41 5.19 4.99 4.79 4.60 4.42 4.26 4.10 3.95 3.81 3.68 3.56 3.45 3.34 3.24 3.15 3.07 2.99 2.92 2.85 2.79 2.73 2.67 2.62 2.57 2.53 2.49 2.45 2.41 2.38 2.34 2.31 2.29 2.26 2.24 2.21 2.19 2.17 2.16 2.14 2.13 2.11 2.10 2.09 2.09 2.08 2.08 2.08 2.08 2.08 2.08 2.09 2.10 2.11 2.12 2.14 2.16 2.18 2.20 2.23 2.26 2.29 2.33 2.37 2.41 2.45 2.50 2.56 2.61 2.67 2.74 2.81 2.88 2.95 3.03 3.11 3.19 3.28 3.37 3.46 3.56 3.66 3.76 3.86 3.96 4.06 4.16 4.27 4.37 4.47 4.57 4.66 4.76 4.85 4.93 5.01 5.09 5.15 5.21 5.27 5.31 5.34 5.37 5.38 5.39 5.38 5.36 5.34 5.30 5.26 5.21 5.14 5.08 5.00 4.93 4.84 4.76 4.67 4.59 4.50 4.42 4.34 4.26 4.19 4.12 4.06 4.01 3.96 3.92 3.89 3.86 3.84 3.84 3.83 3.84 3.86 3.88 3.91 3.95 4.00 4.06 4.13 4.20 4.29 4.39 4.49 4.61 4.74 4.88 5.03 5.19 5.37 5.56 5.76 5.97 6.19 6.43 6.67 6.93 7.20 7.47 7.76 8.05 8.34 8.65 8.95 9.26 9.57 9.88 10.19 10.49 10.80 11.10 11.40 11.69 11.97 12.25 12.53 12.79 13.05 13.30 13.54 13.78 14.00 14.20 14.40 14.58 14.74 14.87 14.99 15.08 15.15 15.18 15.19 15.15 15.08 14.98 14.83 14.64 14.42 14.15 13.85 13.51 13.14 12.74 12.31 11.86 11.39 10.91 10.42 9.93 9.44 8.95 8.47 8.00 7.55 7.11 6.69 6.29 5.92 5.56 5.23 4.92 4.64 4.37 4.13 3.90 3.70 3.51 3.34 3.19 3.05 2.92 2.81 2.71 2.62 2.53 2.46 2.39 2.33 2.28 2.24 2.20 2.16 2.13 2.10 2.07 2.05 2.03 2.01 2.00 1.98 1.97 1.96 1.95 1.93 1.92 1.91 1.90 1.89 1.88 1.87 1.86 1.84 1.83 1.82 1.80 1.78 1.77 1.75 1.73 1.71 1.68 1.66 1.64 1.61 1.59 1.56
0.88 0.88 0.89 0.90 0.90 0.91 0.91 0.92 0.92 0.93 0.93 0.94 0.94 0.95 0.95 0.96 0.96 0.96 0.97 0.97 0.97 0.98 0.98 0.98 0.99 0.99 0.99 1.00 1.00 1.00 1.01 1.01 1.02 1.02 1.03 1.04 1.04 1.05 1.06 1.07 1.08 1.10 1.11 1.13 1.15 1.18 1.20 1.23 1.27 1.31 1.36 1.41 1.47 1.53 1.61 1.69 1.78 1.89 2.01 2.14 2.28 2.44 2.61 2.80 3.00 3.21 3.44 3.69 3.95 4.22 4.50 4.79 5.08 5.38 5.69 5.99 6.30 6.60 6.90 7.19 7.47 7.75 8.01 8.27 8.51 8.74 8.95 9.15 9.33 9.50 9.64 9.77 9.88 9.97 10.03 10.08 10.10 10.10 10.08 10.04 9.97 9.88 9.77 9.64 9.49 9.32 9.13 8.93 8.72 8.50 8.26 8.02 7.77 7.52 7.27 7.02 6.76 6.51 6.27 6.03 5.79 5.56 5.34 5.13 4.93 4.74 4.55 4.38 4.21 4.06 3.91 3.78 3.65 3.53 3.42 3.32 3.22 3.14 3.05 2.98 2.90 2.84 2.78 2.72 2.66 2.61 2.57 2.52 2.48 2.44 2.40 2.37 2.34 2.31 2.28 2.25 2.23 2.20 2.18 2.16 2.14 2.13 2.11 2.10 2.09 2.08 2.07 2.06 2.06 2.06 2.06 2.06 2.07 2.07 2.08 2.09 2.10 2.12 2.14 2.16 2.18 2.21 2.24 2.28 2.31 2.35 2.39 2.44 2.49 2.55 2.60 2.66 2.73 2.80 2.87 2.94 3.02 3.11 3.19 3.28 3.37 3.46 3.56 3.66 3.76 3.86 3.97 4.07 4.17 4.28 4.38 4.49 4.59 4.69 4.78 4.87 4.96 5.04 5.12 5.19 5.25 5.30 5.34 5.38 5.40 5.42 5.43 5.42 5.40 5.38 5.34 5.30 5.25 5.19 5.12 5.04 4.97 4.88 4.80 4.71 4.62 4.54 4.45 4.37 4.30 4.22 4.15 4.09 4.04 3.99 3.95 3.91 3.89 3.87 3.86 3.86 3.86 3.87 3.89 3.92 3.96 4.01 4.06 4.12 4.20 4.28 4.37 4.47 4.57 4.69 4.83 4.97 5.12 5.28 5.46 5.65 5.85 6.05 6.28 6.51 6.75 7.00 7.26 7.53 7.80 8.09 8.37 8.66 8.96 9.26 9.55 9.85 10.15 10.44 10.73 11.02 11.30 11.58 11.86 12.12 12.38 12.64 12.88 13.12 13.34 13.56 13.76 13.94 14.12 14.27 14.40 14.51 14.60 14.65 14.68 14.68 14.64 14.57 14.46 14.32 14.13 13.91 13.66 13.36 13.04 12.68 12.30 11.89 11.46 11.01 10.56 10.09 9.62 9.15 8.69 8.23 7.78 7.35 6.93 6.53 6.15 5.79 5.45 5.13 4.84 4.56 4.30 4.07 3.85 3.65 3.47 3.31 3.16 3.02 2.90 2.79 2.69 2.60 2.52 2.44 2.38 2.32 2.27 2.22 2.18 2.15 2.12 2.09 2.06 2.04 2.02 2.00 1.99 1.97 1.96 1.95 1.94 1.92 1.91 1.90 1.89 1.88 1.87 1.86 1.85 1.83 1.82 1.81 1.79 1.77 1.76 1.74 1.72 1.70 1.67 1.65 1.63 1.60 1.58 1.55
0.88 0.89 0.90 0.90 0.91 0.92 0.92 0.93 0.93 0.94 0.94 0.95 0.95 0.96 0.96 0.96 0.97 0.97 0.98 0.98 0.98 0.99 0.99 0.99 0.99 1.00 1.00 1.00 1.01 1.01 1.02 1.02 1.02 1.03 1.04 1.04 1.05 1.06 1.07 1.08 1.09 1.11 1.12 1.14 1.16 1.19 1.22 1.25 1.29 1.33 1.37 1.43 1.49 1.56 1.63 1.72 1.82 1.93 2.05 2.19 2.34 2.50 2.68 2.88 3.09 3.31 3.55 3.81 4.07 4.35 4.64 4.94 5.24 5.55 5.86 6.16 6.47 6.77 7.06 7.35 7.63 7.89 8.15 8.39 8.62 8.83 9.03 9.21 9.38 9.53 9.66 9.77 9.87 9.94 10.00 10.03 10.04 10.04 10.00 9.95 9.88 9.78 9.67 9.53 9.38 9.21 9.02 8.82 8.61 8.39 8.15 7.91 7.67 7.42 7.17 6.92 6.67 6.42 6.18 5.94 5.71 5.49 5.27 5.06 4.87 4.68 4.50 4.33 4.17 4.02 3.88 3.74 3.62 3.51 3.40 3.30 3.20 3.12 3.04 2.96 2.89 2.83 2.77 2.71 2.66 2.61 2.56 2.52 2.47 2.43 2.40 2.36 2.33 2.30 2.27 2.24 2.22 2.19 2.17 2.15 2.13 2.11 2.10 2.08 2.07 2.06 2.05 2.05 2.04 2.04 2.04 2.04 2.05 2.05 2.06 2.07 2.09 2.10 2.12 2.14 2.17 2.20 2.23 2.26 2.30 2.34 2.38 2.43 2.48 2.53 2.59 2.65 2.72 2.79 2.86 2.94 3.02 3.10 3.19 3.28 3.37 3.47 3.56 3.66 3.77 3.87 3.97 4.08 4.18 4.29 4.40 4.50 4.60 4.70 4.80 4.89 4.98 5.06 5.14 5.21 5.27 5.33 5.37 5.41 5.43 5.45 5.46 5.45 5.44 5.41 5.38 5.33 5.28 5.22 5.15 5.08 5.00 4.91 4.83 4.74 4.66 4.57 4.48 4.40 4.32 4.25 4.18 4.12 4.06 4.01 3.97 3.94 3.91 3.89 3.88 3.87 3.88 3.89 3.91 3.93 3.97 4.01 4.06 4.12 4.18 4.26 4.34 4.43 4.54 4.65 4.77 4.90 5.04 5.20 5.36 5.54 5.72 5.92 6.12 6.34 6.57 6.80 7.05 7.30 7.56 7.83 8.10 8.38 8.66 8.94 9.23 9.51 9.80 10.08 10.36 10.64 10.92 11.19 11.45 11.71 11.97 12.21 12.45 12.68 12.90 13.11 13.30 13.48 13.65 13.79 13.92 14.02 14.10 14.15 14.18 14.17 14.13 14.06 13.95 13.81 13.63 13.41 13.16 12.88 12.57 12.23 11.86 11.47 11.06 10.63 10.20 9.76 9.31 8.86 8.42 7.99 7.56 7.15 6.75 6.37 6.00 5.66 5.33 5.03 4.74 4.48 4.23 4.00 3.80 3.60 3.43 3.27 3.12 2.99 2.87 2.76 2.66 2.58 2.50 2.43 2.36 2.31 2.26 2.21 2.17 2.14 2.10 2.08 2.05 2.03 2.01 1.99 1.98 1.96 1.95 1.94 1.93 1.91 1.90 1.89 1.88 1.87 1.86 1.85 1.84 1.82 1.81 1.79 1.78 1.76 1.74 1.73 1.71 1.69 1.66 1.64 1.62 1.59 1.57 1.54
0.89 0.90 0.91 0.91 0.92 0.92 0.93 0.93 0.94 0.95 0.95 0.95 0.96 0.96 0.97 0.97 0.98 0.98 0.98 0.99 0.99 0.99 1.00 1.00 1.00 1.00 1.01 1.01 1.01 1.02 1.02 1.03 1.03 1.04 1.04 1.05 1.06 1.07 1.08 1.09 1.10 1.12 1.13 1.15 1.18 1.20 1.23 1.26 1.30 1.34 1.39 1.45 1.51 1.58 1.66 1.75 1.86 1.97 2.10 2.24 2.40 2.57 2.76 2.96 3.18 3.42 3.67 3.94 4.21 4.50 4.80 5.11 5.42 5.73 6.04 6.35 6.66 6.96 7.25 7.53 7.79 8.05 8.29 8.52 8.73 8.93 9.11 9.28 9.43 9.56 9.67 9.77 9.85 9.91 9.95 9.97 9.97 9.95 9.92 9.85 9.77 9.67 9.55 9.42 9.26 9.09 8.90 8.70 8.49 8.26 8.03 7.79 7.55 7.30 7.06 6.81 6.56 6.32 6.08 5.85 5.62 5.41 5.19 4.99 4.80 4.61 4.44 4.28 4.12 3.97 3.84 3.71 3.59 3.48 3.37 3.27 3.18 3.10 3.02 2.95 2.88 2.82 2.76 2.70 2.65 2.60 2.55 2.51 2.47 2.43 2.39 2.36 2.32 2.29 2.26 2.23 2.21 2.18 2.16 2.14 2.12 2.10 2.08 2.07 2.06 2.05 2.04 2.03 2.03 2.02 2.02 2.03 2.03 2.04 2.05 2.06 2.07 2.09 2.11 2.13 2.15 2.18 2.21 2.25 2.28 2.32 2.37 2.42 2.47 2.52 2.58 2.64 2.71 2.78 2.85 2.93 3.01 3.10 3.19 3.28 3.37 3.47 3.56 3.67 3.77 3.87 3.98 4.09 4.19 4.30 4.41 4.51 4.62 4.72 4.81 4.91 5.00 5.08 5.16 5.23 5.29 5.35 5.39 5.43 5.46 5.47 5.48 5.47 5.46 5.43 5.40 5.36 5.30 5.24 5.17 5.10 5.02 4.94 4.85 4.77 4.68 4.59 4.51 4.43 4.35 4.27 4.21 4.14 4.09 4.04 3.99 3.96 3.93 3.91 3.89 3.89 3.89 3.90 3.91 3.94 3.97 4.01 4.05 4.11 4.17 4.24 4.31 4.40 4.49 4.60 4.71 4.83 4.97 5.11 5.26 5.42 5.60 5.78 5.97 6.18 6.39 6.61 6.84 7.08 7.32 7.58 7.83 8.10 8.36 8.63 8.90 9.18 9.45 9.72 9.99 10.26 10.53 10.79 11.05 11.30 11.55 11.78 12.02 12.24 12.45 12.65 12.84 13.01 13.17 13.31 13.43 13.53 13.60 13.65 13.67 13.66 13.62 13.54 13.44 13.30 13.12 12.91 12.67 12.40 12.10 11.77 11.42 11.05 10.66 10.26 9.84 9.42 9.00 8.58 8.15 7.74 7.34 6.94 6.57 6.20 5.85 5.53 5.21 4.92 4.65 4.39 4.16 3.94 3.74 3.55 3.38 3.23 3.09 2.96 2.84 2.74 2.64 2.55 2.48 2.41 2.35 2.29 2.24 2.20 2.16 2.12 2.09 2.06 2.04 2.02 2.00 1.98 1.96 1.95 1.94 1.92 1.91 1.90 1.89 1.88 1.87 1.86 1.85 1.84 1.82 1.81 1.80 1.78 1.77 1.75 1.73 1.71 1.69 1.67 1.65 1.63 1.61 1.58 1.56 1.53
0.90 0.91 0.91 0.92 0.93 0.93 0.94 0.94 0.95 0.95 0.96 0.96 0.97 0.97 0.98 0.98 0.98 0.99 0.99 0.99 1.00 1.00 1.00 1.01 1.01 1.01 1.01 1.02 1.02 1.02 1.03 1.03 1.04 1.04 1.05 1.06 1.07 1.07 1.09 1.10 1.11 1.13 1.14 1.16 1.19 1.21 1.24 1.28 1.32 1.36 1.41 1.47 1.54 1.61 1.69 1.79 1.90 2.02 2.15 2.30 2.46 2.64 2.84 3.06 3.29 3.53 3.80 4.07 4.36 4.66 4.97 5.29 5.61 5.93 6.24 6.55 6.86 7.16 7.44 7.72 7.97 8.22 8.45 8.66 8.85 9.03 9.20 9.34 9.47 9.59 9.68 9.76 9.82 9.87 9.90 9.90 9.89 9.86 9.81 9.75 9.66 9.55 9.43 9.29 9.13 8.95 8.76 8.56 8.35 8.13 7.90 7.66 7.42 7.18 6.94 6.69 6.45 6.21 5.98 5.75 5.53 5.32 5.11 4.92 4.73 4.55 4.38 4.22 4.07 3.92 3.79 3.67 3.55 3.44 3.34 3.25 3.16 3.08 3.00 2.93 2.87 2.80 2.75 2.69 2.64 2.59 2.55 2.50 2.46 2.42 2.38 2.35 2.31 2.28 2.25 2.22 2.20 2.17 2.15 2.13 2.10 2.09 2.07 2.05 2.04 2.03 2.02 2.01 2.01 2.01 2.01 2.01 2.01 2.02 2.03 2.04 2.05 2.07 2.09 2.11 2.14 2.17 2.20 2.23 2.27 2.31 2.36 2.40 2.46 2.51 2.57 2.64 2.70 2.77 2.85 2.93 3.01 3.09 3.18 3.27 3.37 3.47 3.57 3.67 3.77 3.88 3.98 4.09 4.20 4.31 4.42 4.52 4.63 4.73 4.83 4.92 5.01 5.09 5.17 5.24 5.31 5.36 5.41 5.44 5.47 5.49 5.49 5.49 5.47 5.45 5.42 5.37 5.32 5.26 5.19 5.12 5.04 4.96 4.87 4.78 4.70 4.61 4.53 4.44 4.37 4.29 4.22 4.16 4.10 4.05 4.01 3.97 3.94 3.92 3.91 3.90 3.90 3.90 3.92 3.94 3.97 4.00 4.04 4.09 4.15 4.21 4.29 4.36 4.45 4.55 4.65 4.77 4.89 5.02 5.16 5.31 5.48 5.65 5.83 6.01 6.21 6.42 6.64 6.86 7.09 7.33 7.57 7.82 8.07 8.32 8.58 8.84 9.10 9.36 9.62 9.88 10.14 10.39 10.64 10.88 11.12 11.35 11.57 11.79 12.00 12.19 12.37 12.54 12.69 12.82 12.94 13.03 13.10 13.14 13.16 13.14 13.10 13.03 12.92 12.79 12.62 12.42 12.19 11.93 11.64 11.33 10.99 10.64 10.27 9.89 9.49 9.09 8.69 8.29 7.89 7.50 7.11 6.74 6.38 6.03 5.70 5.39 5.09 4.81 4.55 4.31 4.08 3.87 3.68 3.50 3.33 3.18 3.05 2.92 2.81 2.71 2.61 2.53 2.46 2.39 2.33 2.27 2.22 2.18 2.14 2.11 2.08 2.05 2.03 2.00 1.99 1.97 1.95 1.94 1.92 1.91 1.90 1.89 1.88 1.87 1.86 1.85 1.83 1.82 1.81 1.80 1.78 1.77 1.75 1.74 1.72 1.70 1.68 1.66 1.64 1.62 1.59 1.57 1.55 1.52
0.91 0.91 0.92 0.93 0.93 0.94 0.94 0.95 0.96 0.96 0.97 0.97 0.97 0.98 0.98 0.99 0.99 0.99 1.00 1.00 1.00 1.01 1.01 1.01 1.01 1.02 1.02 1.02 1.03 1.03 1.03 1.04 1.04 1.05 1.06 1.06 1.07 1.08 1.09 1.10 1.12 1.14 1.15 1.17 1.20 1.23 1.26 1.29 1.33 1.38 1.43 1.49 1.56 1.64 1.73 1.83 1.94 2.06 2.21 2.36 2.53 2.72 2.93 3.16 3.40 3.66 3.94 4.22 4.53 4.84 5.16 5.48 5.81 6.14 6.46 6.77 7.08 7.37 7.66 7.92 8.17 8.40 8.61 8.81 8.99 9.14 9.29 9.41 9.52 9.61 9.69 9.75 9.79 9.82 9.83 9.83 9.80 9.76 9.70 9.63 9.53 9.42 9.29 9.15 8.98 8.81 8.62 8.42 8.21 7.99 7.76 7.53 7.29 7.05 6.81 6.57 6.33 6.10 5.87 5.65 5.44 5.23 5.03 4.83 4.65 4.48 4.31 4.16 4.01 3.87 3.75 3.63 3.51 3.41 3.31 3.22 3.14 3.06 2.99 2.92 2.85 2.79 2.74 2.68 2.63 2.58 2.54 2.50 2.45 2.41 2.38 2.34 2.31 2.28 2.24 2.21 2.19 2.16 2.14 2.11 2.09 2.07 2.06 2.04 2.03 2.01 2.01 2.00 1.99 1.99 1.99 1.99 1.99 2.00 2.01 2.02 2.04 2.05 2.07 2.10 2.12 2.15 2.18 2.22 2.26 2.30 2.34 2.39 2.45 2.50 2.56 2.63 2.70 2.77 2.84 2.92 3.00 3.09 3.18 3.27 3.37 3.47 3.57 3.67 3.77 3.88 3.99 4.10 4.20 4.31 4.42 4.53 4.63 4.73 4.83 4.93 5.02 5.10 5.18 5.25 5.31 5.37 5.41 5.45 5.48 5.49 5.50 5.50 5.48 5.46 5.42 5.38 5.33 5.27 5.20 5.13 5.05 4.97 4.88 4.80 4.71 4.62 4.54 4.46 4.38 4.31 4.24 4.17 4.12 4.07 4.02 3.98 3.95 3.93 3.91 3.90 3.90 3.91 3.92 3.94 3.96 3.99 4.03 4.08 4.13 4.19 4.26 4.33 4.41 4.50 4.60 4.70 4.81 4.94 5.07 5.21 5.36 5.51 5.68 5.86 6.04 6.23 6.43 6.64 6.86 7.08 7.31 7.54 7.78 8.02 8.27 8.51 8.76 9.01 9.26 9.50 9.75 9.99 10.23 10.46 10.69 10.92 11.13 11.34 11.54 11.72 11.90 12.06 12.20 12.33 12.44 12.53 12.59 12.63 12.65 12.63 12.59 12.52 12.42 12.29 12.12 11.93 11.71 11.46 11.19 10.89 10.57 10.24 9.88 9.52 9.15 8.77 8.39 8.01 7.63 7.26 6.89 6.54 6.20 5.87 5.55 5.25 4.97 4.70 4.45 4.22 4.00 3.80 3.61 3.44 3.28 3.14 3.01 2.89 2.78 2.68 2.59 2.51 2.43 2.37 2.31 2.25 2.21 2.16 2.13 2.09 2.06 2.04 2.01 1.99 1.97 1.95 1.94 1.92 1.91 1.90 1.89 1.87 1.86 1.85 1.84 1.83 1.82 1.81 1.80 1.78 1.77 1.75 1.74 1.72 1.70 1.69 1.67 1.65 1.63 1.60 1.58 1.56 1.53 1.51
0.91 0.92 0.93 0.93 0.94 0.95 0.95 0.96 0.96 0.97 0.97 0.98 0.98 0.99 0.99 0.99 1.00 1.00 1.00 1.01 1.01 1.01 1.01 1.02 1.02 1.02 1.03 1.03 1.03 1.04 1.04 1.04 1.05 1.06 1.06 1.07 1.08 1.09 1.10 1.11 1.13 1.14 1.16 1.19 1.21 1.24 1.27 1.31 1.35 1.40 1.45 1.52 1.59 1.67 1.76 1.87 1.98 2.12 2.26 2.43 2.61 2.81 3.03 3.27 3.52 3.79 4.08 4.39 4.70 5.03 5.36 5.70 6.03 6.37 6.69 7.01 7.32 7.61 7.88 8.14 8.38 8.59 8.79 8.97 9.12 9.26 9.38 9.49 9.57 9.64 9.70 9.74 9.76 9.77 9.77 9.75 9.71 9.66 9.59 9.50 9.40 9.28 9.15 9.00 8.83 8.66 8.47 8.27 8.06 7.84 7.61 7.38 7.15 6.91 6.68 6.44 6.21 5.98 5.76 5.54 5.33 5.13 4.94 4.75 4.57 4.40 4.25 4.10 3.95 3.82 3.70 3.58 3.48 3.37 3.28 3.19 3.11 3.04 2.97 2.90 2.84 2.78 2.72 2.67 2.62 2.58 2.53 2.49 2.45 2.41 2.37 2.34 2.30 2.27 2.24 2.21 2.18 2.15 2.13 2.10 2.08 2.06 2.04 2.02 2.01 2.00 1.99 1.98 1.97 1.97 1.97 1.97 1.98 1.98 1.99 2.00 2.02 2.04 2.06 2.08 2.11 2.14 2.17 2.20 2.24 2.29 2.33 2.38 2.44 2.49 2.55 2.62 2.69 2.76 2.84 2.92 3.00 3.09 3.18 3.27 3.37 3.46 3.57 3.67 3.77 3.88 3.99 4.10 4.21 4.32 4.42 4.53 4.63 4.74 4.83 4.93 5.02 5.10 5.18 5.25 5.31 5.37 5.41 5.45 5.48 5.49 5.50 5.49 5.48 5.45 5.42 5.38 5.32 5.27 5.20 5.13 5.05 4.97 4.88 4.80 4.71 4.63 4.54 4.46 4.39 4.31 4.24 4.18 4.12 4.07 4.03 3.99 3.96 3.94 3.92 3.91 3.91 3.91 3.92 3.93 3.96 3.99 4.02 4.06 4.11 4.16 4.22 4.29 4.37 4.45 4.54 4.63 4.74 4.85 4.97 5.10 5.24 5.38 5.54 5.70 5.87 6.05 6.24 6.43 6.63 6.84 7.06 7.27 7.50 7.73 7.96 8.19 8.42 8.66 8.89 9.13 9.36 9.59 9.82 10.05 10.26 10.48 10.68 10.88 11.07 11.25 11.42 11.57 11.71 11.84 11.94 12.02 12.09 12.12 12.14 12.12 12.08 12.01 11.92 11.79 11.63 11.45 11.24 11.00 10.74 10.46 10.16 9.84 9.50 9.16 8.81 8.45 8.09 7.73 7.37 7.02 6.67 6.34 6.01 5.70 5.40 5.12 4.85 4.59 4.35 4.13 3.92 3.73 3.55 3.38 3.23 3.09 2.96 2.85 2.74 2.65 2.56 2.48 2.41 2.34 2.29 2.23 2.19 2.15 2.11 2.08 2.05 2.02 2.00 1.98 1.96 1.94 1.92 1.91 1.90 1.88 1.87 1.86 1.85 1.84 1.83 1.82 1.80 1.79 1.78 1.77 1.75 1.74 1.72 1.71 1.69 1.67 1.65 1.63 1.61 1.59 1.57 1.54 1.52 1.49
0.92 0.93 0.93 0.94 0.95 0.95 0.96 0.96 0.97 0.97 0.98 0.98 0.99 0.99 1.00 1.00 1.00 1.01 1.01 1.01 1.02 1.02 1.02 1.02 1.03 1.03 1.03 1.03 1.04 1.04 1.04 1.05 1.05 1.06 1.07 1.07 1.08 1.09 1.11 1.12 1.13 1.15 1.17 1.20 1.22 1.25 1.29 1.32 1.37 1.42 1.48 1.54 1.62 1.70 1.80 1.91 2.03 2.17 2.33 2.50 2.69 2.90 3.13 3.38 3.65 3.94 4.24 4.56 4.89 5.23 5.57 5.92 6.27 6.61 6.94 7.26 7.57 7.85 8.12 8.37 8.60 8.80 8.98 9.14 9.27 9.39 9.48 9.56 9.63 9.67 9.71 9.72 9.73 9.72 9.70 9.66 9.61 9.54 9.46 9.37 9.26 9.13 8.99 8.84 8.68 8.50 8.31 8.11 7.90 7.68 7.46 7.23 7.00 6.77 6.54 6.31 6.09 5.86 5.65 5.43 5.23 5.03 4.84 4.66 4.49 4.33 4.18 4.03 3.90 3.77 3.65 3.54 3.44 3.34 3.25 3.17 3.09 3.02 2.95 2.88 2.82 2.77 2.71 2.66 2.62 2.57 2.53 2.48 2.44 2.40 2.37 2.33 2.29 2.26 2.23 2.20 2.17 2.14 2.11 2.09 2.07 2.05 2.03 2.01 1.99 1.98 1.97 1.96 1.96 1.95 1.95 1.95 1.96 1.96 1.97 1.99 2.00 2.02 2.04 2.06 2.09 2.12 2.15 2.19 2.23 2.27 2.32 2.37 2.43 2.48 2.55 2.61 2.68 2.75 2.83 2.91 3.00 3.08 3.17 3.27 3.36 3.46 3.56 3.67 3.77 3.88 3.99 4.10 4.21 4.32 4.42 4.53 4.63 4.74 4.83 4.93 5.02 5.10 5.18 5.25 5.31 5.36 5.41 5.44 5.47 5.48 5.49 5.48 5.47 5.44 5.41 5.37 5.32 5.26 5.19 5.12 5.04 4.96 4.88 4.80 4.71 4.63 4.54 4.46 4.39 4.32 4.25 4.19 4.13 4.08 4.03 4.00 3.97 3.94 3.92 3.91 3.91 3.91 3.92 3.93 3.95 3.97 4.01 4.04 4.09 4.14 4.19 4.25 4.32 4.40 4.48 4.57 4.66 4.77 4.88 5.00 5.12 5.26 5.40 5.55 5.71 5.87 6.05 6.23 6.42 6.61 6.81 7.01 7.22 7.44 7.65 7.87 8.09 8.31 8.54 8.76 8.98 9.20 9.41 9.63 9.84 10.04 10.24 10.43 10.61 10.78 10.94 11.09 11.22 11.34 11.44 11.52 11.58 11.62 11.63 11.62 11.58 11.51 11.42 11.30 11.15 10.98 10.78 10.55 10.30 10.04 9.75 9.45 9.13 8.81 8.47 8.13 7.79 7.45 7.11 6.78 6.45 6.14 5.83 5.53 5.25 4.98 4.72 4.48 4.25 4.04 3.84 3.65 3.48 3.32 3.18 3.04 2.92 2.81 2.71 2.61 2.53 2.45 2.38 2.32 2.26 2.21 2.17 2.13 2.09 2.06 2.03 2.00 1.98 1.96 1.94 1.92 1.91 1.89 1.88 1.87 1.86 1.84 1.83 1.82 1.81 1.80 1.79 1.78 1.76 1.75 1.74 1.72 1.71 1.69 1.67 1.66 1.64 1.62 1.60 1.57 1.55 1.53 1.50 1.48
0.93 0.93 0.94 0.95 0.95 0.96 0.97 0.97 0.98 0.98 0.99 0.99 0.99 1.00 1.00 1.01 1.01 1.01 1.02 1.02 1.02 1.02 1.03 1.03 1.03 1.03 1.04 1.04 1.04 1.04 1.05 1.05 1.06 1.06 1.07 1.08 1.09 1.10 1.11 1.12 1.14 1.16 1.18 1.20 1.23 1.26 1.30 1.34 1.39 1.44 1.50 1.57 1.65 1.74 1.84 1.95 2.08 2.23 2.39 2.57 2.78 3.00 3.24 3.50 3.78 4.09 4.40 4.74 5.08 5.44 5.79 6.15 6.51 6.86 7.20 7.52 7.83 8.11 8.38 8.61 8.83 9.01 9.17 9.31 9.43 9.52 9.59 9.65 9.68 9.71 9.72 9.71 9.69 9.66 9.62 9.57 9.50 9.43 9.33 9.23 9.11 8.98 8.84 8.68 8.51 8.33 8.14 7.94 7.74 7.52 7.30 7.08 6.85 6.63 6.40 6.18 5.96 5.74 5.53 5.32 5.12 4.93 4.75 4.58 4.41 4.25 4.11 3.97 3.84 3.72 3.60 3.50 3.40 3.30 3.22 3.14 3.06 2.99 2.93 2.87 2.81 2.76 2.70 2.66 2.61 2.56 2.52 2.48 2.44 2.40 2.36 2.32 2.29 2.25 2.22 2.19 2.16 2.13 2.10 2.08 2.05 2.03 2.01 1.99 1.98 1.96 1.95 1.94 1.93 1.93 1.93 1.93 1.94 1.94 1.95 1.97 1.98 2.00 2.02 2.05 2.07 2.11 2.14 2.18 2.22 2.26 2.31 2.36 2.42 2.48 2.54 2.60 2.67 2.75 2.83 2.91 2.99 3.08 3.17 3.26 3.36 3.46 3.56 3.67 3.77 3.88 3.99 4.10 4.20 4.31 4.42 4.53 4.63 4.73 4.83 4.92 5.01 5.09 5.17 5.23 5.29 5.35 5.39 5.43 5.45 5.47 5.47 5.47 5.45 5.43 5.39 5.35 5.30 5.24 5.18 5.10 5.03 4.95 4.87 4.79 4.70 4.62 4.54 4.46 4.38 4.31 4.25 4.18 4.13 4.08 4.03 4.00 3.97 3.94 3.92 3.91 3.90 3.90 3.91 3.92 3.94 3.96 3.99 4.02 4.06 4.11 4.16 4.21 4.28 4.35 4.42 4.50 4.59 4.68 4.79 4.89 5.01 5.13 5.27 5.40 5.55 5.70 5.86 6.03 6.21 6.38 6.57 6.76 6.96 7.15 7.36 7.56 7.77 7.98 8.18 8.39 8.60 8.81 9.01 9.21 9.41 9.60 9.79 9.97 10.14 10.31 10.46 10.60 10.73 10.84 10.94 11.02 11.08 11.11 11.13 11.12 11.08 11.02 10.93 10.82 10.68 10.51 10.32 10.11 9.87 9.62 9.35 9.07 8.77 8.46 8.15 7.83 7.50 7.18 6.86 6.55 6.24 5.94 5.65 5.36 5.10 4.84 4.60 4.36 4.15 3.94 3.75 3.58 3.41 3.26 3.12 2.99 2.88 2.77 2.67 2.58 2.50 2.42 2.36 2.30 2.24 2.19 2.15 2.11 2.07 2.04 2.01 1.99 1.96 1.94 1.92 1.91 1.89 1.88 1.86 1.85 1.84 1.83 1.82 1.81 1.79 1.78 1.77 1.76 1.75 1.73 1.72 1.71 1.69 1.67 1.66 1.64 1.62 1.60 1.58 1.56 1.54 1.51 1.49 1.47
0.93 0.94 0.95 0.95 0.96 0.97 0.97 0.98 0.98 0.99 0.99 1.00 1.00 1.00 1.01 1.01 1.02 1.02 1.02 1.02 1.03 1.03 1.03 1.03 1.03 1.04 1.04 1.04 1.04 1.05 1.05 1.05 1.06 1.07 1.07 1.08 1.09 1.10 1.11 1.13 1.15 1.17 1.19 1.21 1.24 1.28 1.31 1.36 1.40 1.46 1.52 1.60 1.68 1.77 1.88 2.00 2.13 2.29 2.46 2.65 2.86 3.10 3.35 3.63 3.93 4.24 4.58 4.92 5.28 5.65 6.03 6.40 6.76 7.12 7.47 7.79 8.10 8.38 8.64 8.86 9.06 9.23 9.38 9.49 9.59 9.65 9.70 9.73 9.74 9.74 9.73 9.70 9.66 9.61 9.55 9.48 9.40 9.31 9.21 9.09 8.97 8.83 8.68 8.52 8.35 8.17 7.98 7.78 7.57 7.36 7.14 6.92 6.70 6.48 6.26 6.04 5.83 5.61 5.41 5.21 5.02 4.83 4.66 4.49 4.33 4.18 4.04 3.90 3.78 3.66 3.55 3.45 3.36 3.27 3.19 3.11 3.04 2.97 2.91 2.85 2.80 2.74 2.69 2.65 2.60 2.56 2.51 2.47 2.43 2.39 2.36 2.32 2.28 2.25 2.21 2.18 2.15 2.12 2.09 2.06 2.04 2.01 1.99 1.97 1.96 1.94 1.93 1.92 1.91 1.91 1.91 1.91 1.91 1.92 1.93 1.94 1.96 1.98 2.00 2.03 2.06 2.09 2.12 2.16 2.20 2.25 2.30 2.35 2.41 2.47 2.53 2.60 2.67 2.74 2.82 2.90 2.99 3.07 3.17 3.26 3.36 3.46 3.56 3.66 3.77 3.88 3.98 4.09 4.20 4.31 4.41 4.52 4.62 4.72 4.82 4.91 4.99 5.07 5.15 5.22 5.28 5.33 5.37 5.40 5.43 5.44 5.45 5.44 5.43 5.40 5.37 5.32 5.27 5.22 5.15 5.08 5.01 4.93 4.85 4.77 4.69 4.61 4.53 4.45 4.38 4.31 4.24 4.18 4.13 4.08 4.03 4.00 3.96 3.94 3.92 3.91 3.90 3.90 3.90 3.91 3.93 3.95 3.97 4.00 4.04 4.08 4.12 4.18 4.23 4.30 4.36 4.44 4.52 4.60 4.70 4.80 4.90 5.02 5.14 5.26 5.40 5.54 5.69 5.84 6.00 6.17 6.34 6.52 6.70 6.88 7.07 7.26 7.45 7.64 7.84 8.03 8.23 8.42 8.61 8.80 8.98 9.16 9.34 9.51 9.67 9.83 9.98 10.11 10.23 10.34 10.44 10.52 10.57 10.61 10.63 10.62 10.59 10.53 10.45 10.34 10.21 10.05 9.88 9.68 9.46 9.22 8.96 8.69 8.41 8.12 7.82 7.52 7.22 6.92 6.61 6.32 6.03 5.74 5.47 5.20 4.94 4.70 4.47 4.25 4.05 3.85 3.67 3.50 3.35 3.20 3.07 2.94 2.83 2.73 2.63 2.54 2.47 2.39 2.33 2.27 2.22 2.17 2.13 2.09 2.05 2.02 1.99 1.97 1.95 1.93 1.91 1.89 1.88 1.86 1.85 1.83 1.82 1.81 1.80 1.79 1.78 1.77 1.75 1.74 1.73 1.72 1.70 1.69 1.67 1.66 1.64 1.62 1.60 1.58 1.56 1.54 1.52 1.50 1.47 1.45
0.94 0.95 0.95 0.96 0.97 0.97 0.98 0.98 0.99 0.99 1.00 1.00 1.01 1.01 1.01 1.02 1.02 1.02 1.03 1.03 1.03 1.03 1.03 1.04 1.04 1.04 1.04 1.04 1.05 1.05 1.05 1.06 1.06 1.07 1.07 1.08 1.09 1.10 1.12 1.13 1.15 1.17 1.19 1.22 1.25 1.29 1.33 1.37 1.42 1.48 1.55 1.62 1.71 1.81 1.92 2.05 2.19 2.35 2.53 2.73 2.95 3.20 3.47 3.76 4.07 4.40 4.75 5.12 5.49 5.87 6.26 6.65 7.02 7.39 7.74 8.07 8.38 8.65 8.90 9.12 9.31 9.46 9.59 9.68 9.75 9.79 9.82 9.82 9.81 9.78 9.74 9.69 9.63 9.56 9.48 9.39 9.29 9.19 9.08 8.95 8.82 8.67 8.52 8.36 8.18 8.00 7.81 7.61 7.41 7.20 6.99 6.77 6.55 6.33 6.12 5.91 5.70 5.49 5.29 5.10 4.91 4.73 4.56 4.40 4.25 4.10 3.97 3.84 3.72 3.61 3.50 3.41 3.32 3.23 3.16 3.08 3.02 2.95 2.89 2.84 2.78 2.73 2.69 2.64 2.59 2.55 2.51 2.47 2.43 2.39 2.35 2.31 2.28 2.24 2.20 2.17 2.14 2.11 2.08 2.05 2.02 2.00 1.97 1.95 1.93 1.92 1.91 1.90 1.89 1.88 1.88 1.88 1.89 1.90 1.91 1.92 1.94 1.96 1.98 2.01 2.04 2.07 2.11 2.15 2.19 2.24 2.29 2.34 2.40 2.46 2.52 2.59 2.66 2.74 2.81 2.90 2.98 3.07 3.16 3.26 3.35 3.45 3.55 3.66 3.76 3.87 3.98 4.09 4.19 4.30 4.40 4.51 4.61 4.71 4.80 4.89 4.98 5.05 5.13 5.19 5.25 5.30 5.34 5.37 5.40 5.41 5.41 5.41 5.39 5.37 5.33 5.29 5.24 5.19 5.12 5.05 4.98 4.91 4.83 4.75 4.67 4.59 4.51 4.44 4.36 4.30 4.23 4.17 4.12 4.07 4.03 3.99 3.96 3.93 3.91 3.90 3.89 3.89 3.89 3.90 3.91 3.93 3.95 3.98 4.01 4.05 4.09 4.14 4.19 4.25 4.31 4.37 4.45 4.53 4.61 4.70 4.80 4.90 5.01 5.13 5.25 5.38 5.52 5.66 5.81 5.96 6.12 6.28 6.44 6.61 6.79 6.96 7.14 7.32 7.50 7.68 7.85 8.03 8.21 8.38 8.55 8.72 8.89 9.05 9.20 9.35 9.49 9.62 9.74 9.84 9.94 10.01 10.07 10.11 10.13 10.13 10.10 10.05 9.97 9.88 9.75 9.61 9.44 9.25 9.05 8.82 8.58 8.33 8.06 7.79 7.51 7.23 6.94 6.66 6.37 6.09 5.82 5.55 5.29 5.04 4.80 4.57 4.35 4.14 3.94 3.76 3.59 3.43 3.28 3.14 3.01 2.89 2.78 2.68 2.59 2.51 2.43 2.36 2.30 2.25 2.19 2.15 2.11 2.07 2.03 2.00 1.98 1.95 1.93 1.91 1.89 1.87 1.86 1.84 1.83 1.82 1.81 1.79 1.78 1.77 1.76 1.75 1.74 1.72 1.71 1.70 1.68 1.67 1.65 1.64 1.62 1.60 1.59 1.57 1.55 1.53 1.50 1.48 1.46 1.43
0.95 0.95 0.96 0.97 0.97 0.98 0.98 0.99 0.99 1.00 1.00 1.01 1.01 1.02 1.02 1.02 1.03 1.03 1.03 1.03 1.03 1.04 1.04 1.04 1.04 1.04 1.04 1.04 1.05 1.05 1.05 1.05 1.06 1.06 1.07 1.08 1.09 1.10 1.12 1.13 1.15 1.17 1.20 1.23 1.26 1.30 1.34 1.39 1.44 1.50 1.57 1.65 1.74 1.85 1.96 2.10 2.25 2.41 2.60 2.81 3.05 3.31 3.59 3.89 4.22 4.56 4.93 5.31 5.70 6.10 6.50 6.90 7.28 7.66 8.02 8.35 8.65 8.93 9.17 9.38 9.55 9.69 9.79 9.87 9.91 9.93 9.93 9.91 9.87 9.82 9.75 9.68 9.59 9.50 9.41 9.30 9.19 9.07 8.95 8.81 8.67 8.52 8.36 8.20 8.02 7.84 7.65 7.45 7.25 7.04 6.83 6.62 6.40 6.19 5.98 5.77 5.57 5.37 5.17 4.99 4.81 4.63 4.47 4.31 4.17 4.03 3.90 3.77 3.66 3.55 3.46 3.36 3.28 3.20 3.13 3.06 2.99 2.93 2.88 2.82 2.77 2.72 2.68 2.63 2.59 2.55 2.50 2.46 2.42 2.38 2.35 2.31 2.27 2.23 2.20 2.16 2.13 2.09 2.06 2.03 2.00 1.98 1.95 1.93 1.91 1.89 1.88 1.87 1.86 1.86 1.85 1.86 1.86 1.87 1.88 1.90 1.92 1.94 1.96 1.99 2.02 2.06 2.09 2.13 2.18 2.22 2.28 2.33 2.39 2.45 2.51 2.58 2.65 2.73 2.81 2.89 2.98 3.06 3.16 3.25 3.35 3.45 3.55 3.65 3.76 3.86 3.97 4.08 4.18 4.29 4.39 4.49 4.59 4.69 4.78 4.87 4.95 5.03 5.10 5.16 5.22 5.27 5.31 5.34 5.36 5.37 5.38 5.37 5.35 5.33 5.30 5.25 5.21 5.15 5.09 5.02 4.95 4.88 4.80 4.72 4.64 4.57 4.49 4.42 4.35 4.28 4.22 4.16 4.11 4.06 4.02 3.98 3.95 3.93 3.91 3.89 3.88 3.88 3.88 3.89 3.90 3.91 3.93 3.96 3.99 4.02 4.06 4.10 4.14 4.20 4.25 4.31 4.38 4.45 4.53 4.61 4.70 4.79 4.89 5.00 5.11 5.23 5.35 5.48 5.62 5.76 5.90 6.05 6.20 6.36 6.52 6.68 6.84 7.00 7.16 7.33 7.49 7.65 7.81 7.97 8.13 8.28 8.43 8.58 8.73 8.87 9.00 9.12 9.24 9.34 9.43 9.51 9.57 9.61 9.64 9.64 9.62 9.57 9.51 9.42 9.30 9.17 9.01 8.84 8.65 8.44 8.21 7.97 7.72 7.47 7.21 6.94 6.67 6.40 6.13 5.87 5.61 5.36 5.11 4.88 4.65 4.43 4.22 4.03 3.84 3.67 3.50 3.35 3.21 3.08 2.95 2.84 2.74 2.64 2.55 2.47 2.40 2.33 2.27 2.22 2.17 2.13 2.08 2.05 2.02 1.99 1.96 1.93 1.91 1.89 1.87 1.86 1.84 1.83 1.81 1.80 1.79 1.78 1.76 1.75 1.74 1.73 1.72 1.71 1.69 1.68 1.67 1.65 1.64 1.62 1.60 1.59 1.57 1.55 1.53 1.51 1.49 1.47 1.44 1.42
0.95 0.96 0.97 0.97 0.98 0.98 0.99 0.99 1.00 1.00 1.01 1.01 1.02 1.02 1.02 1.03 1.03 1.03 1.03 1.04 1.04 1.04 1.04 1.04 1.04 1.04 1.04 1.04 1.04 1.04 1.05 1.05 1.05 1.06 1.07 1.07 1.09 1.10 1.11 1.13 1.15 1.17 1.20 1.23 1.27 1.30 1.35 1.40 1.46 1.52 1.60 1.68 1.78 1.88 2.01 2.15 2.30 2.48 2.68 2.90 3.14 3.41 3.71 4.02 4.36 4.73 5.11 5.50 5.91 6.32 6.73 7.14 7.54 7.93 8.29 8.62 8.93 9.20 9.43 9.63 9.79 9.91 10.00 10.05 10.08 10.07 10.04 10.00 9.93 9.85 9.77 9.67 9.56 9.45 9.34 9.22 9.09 8.96 8.82 8.68 8.53 8.37 8.21 8.04 7.86 7.68 7.48 7.29 7.09 6.88 6.67 6.47 6.26 6.05 5.84 5.64 5.44 5.25 5.06 4.88 4.70 4.54 4.38 4.23 4.09 3.95 3.83 3.71 3.60 3.50 3.41 3.32 3.24 3.17 3.10 3.03 2.97 2.91 2.86 2.81 2.76 2.71 2.67 2.62 2.58 2.54 2.50 2.46 2.42 2.38 2.34 2.30 2.26 2.22 2.19 2.15 2.11 2.08 2.05 2.01 1.98 1.95 1.93 1.90 1.88 1.86 1.85 1.84 1.83 1.82 1.82 1.83 1.83 1.84 1.85 1.87 1.89 1.91 1.94 1.97 2.00 2.04 2.08 2.12 2.16 2.21 2.26 2.32 2.38 2.44 2.50 2.57 2.65 2.72 2.80 2.88 2.97 3.06 3.15 3.24 3.34 3.44 3.54 3.64 3.75 3.85 3.96 4.06 4.17 4.27 4.38 4.48 4.57 4.67 4.76 4.84 4.93 5.00 5.07 5.13 5.19 5.23 5.27 5.30 5.32 5.33 5.33 5.33 5.31 5.28 5.25 5.21 5.16 5.11 5.05 4.98 4.91 4.84 4.77 4.69 4.62 4.54 4.47 4.40 4.33 4.26 4.20 4.15 4.09 4.05 4.01 3.97 3.94 3.92 3.90 3.88 3.87 3.87 3.87 3.87 3.88 3.89 3.91 3.93 3.96 3.99 4.02 4.06 4.10 4.15 4.20 4.25 4.31 4.38 4.45 4.52 4.60 4.69 4.78 4.87 4.98 5.08 5.20 5.31 5.44 5.56 5.69 5.83 5.97 6.11 6.25 6.39 6.54 6.69 6.83 6.98 7.12 7.27 7.41 7.56 7.70 7.84 7.98 8.12 8.25 8.38 8.51 8.63 8.74 8.84 8.93 9.01 9.07 9.12 9.14 9.15 9.14 9.10 9.05 8.97 8.86 8.74 8.60 8.44 8.26 8.06 7.85 7.63 7.39 7.15 6.91 6.66 6.41 6.15 5.90 5.65 5.41 5.17 4.94 4.72 4.50 4.30 4.10 3.92 3.74 3.58 3.42 3.27 3.14 3.01 2.90 2.79 2.69 2.60 2.52 2.44 2.37 2.31 2.25 2.19 2.15 2.10 2.06 2.03 2.00 1.97 1.94 1.92 1.89 1.87 1.86 1.84 1.82 1.81 1.80 1.78 1.77 1.76 1.75 1.73 1.72 1.71 1.70 1.69 1.67 1.66 1.65 1.63 1.62 1.60 1.59 1.57 1.55 1.53 1.51 1.49 1.47 1.45 1.43 1.40
0.96 0.96 0.97 0.98 0.98 0.99 0.99 1.00 1.00 1.01 1.01 1.02 1.02 1.03 1.03 1.03 1.03 1.04 1.04 1.04 1.04 1.04 1.04 1.04 1.04 1.04 1.04 1.04 1.04 1.04 1.04 1.04 1.05 1.05 1.06 1.07 1.08 1.09 1.11 1.12 1.15 1.17 1.20 1.23 1.27 1.31 1.36 1.41 1.47 1.54 1.62 1.71 1.81 1.92 2.05 2.20 2.36 2.55 2.75 2.98 3.24 3.52 3.82 4.15 4.51 4.88 5.28 5.69 6.11 6.54 6.96 7.38 7.79 8.18 8.55 8.89 9.19 9.46 9.69 9.87 10.02 10.13 10.20 10.23 10.23 10.21 10.15 10.08 9.99 9.89 9.78 9.66 9.54 9.41 9.27 9.13 8.99 8.85 8.70 8.55 8.39 8.23 8.06 7.89 7.71 7.52 7.33 7.13 6.93 6.73 6.53 6.32 6.11 5.91 5.71 5.51 5.32 5.13 4.95 4.77 4.60 4.44 4.29 4.15 4.01 3.88 3.76 3.65 3.55 3.45 3.36 3.28 3.20 3.13 3.07 3.00 2.95 2.89 2.84 2.79 2.75 2.70 2.66 2.62 2.58 2.53 2.49 2.45 2.41 2.37 2.33 2.29 2.25 2.21 2.18 2.14 2.10 2.06 2.03 1.99 1.96 1.93 1.90 1.87 1.85 1.83 1.82 1.80 1.79 1.79 1.79 1.79 1.80 1.81 1.82 1.84 1.86 1.88 1.91 1.94 1.98 2.02 2.06 2.10 2.15 2.20 2.25 2.31 2.37 2.43 2.50 2.57 2.64 2.71 2.79 2.88 2.96 3.05 3.14 3.24 3.33 3.43 3.53 3.63 3.74 3.84 3.95 4.05 4.15 4.26 4.36 4.46 4.55 4.64 4.73 4.82 4.89 4.97 5.03 5.09 5.14 5.19 5.23 5.25 5.27 5.28 5.28 5.28 5.26 5.23 5.20 5.16 5.11 5.06 5.00 4.94 4.87 4.80 4.73 4.66 4.58 4.51 4.44 4.37 4.30 4.24 4.18 4.13 4.08 4.03 3.99 3.96 3.93 3.90 3.88 3.87 3.86 3.85 3.85 3.86 3.86 3.87 3.89 3.91 3.93 3.96 3.99 4.02 4.06 4.10 4.14 4.19 4.25 4.31 4.37 4.44 4.51 4.59 4.67 4.75 4.85 4.94 5.05 5.15 5.26 5.38 5.50 5.62 5.74 5.87 5.99 6.12 6.25 6.38 6.51 6.64 6.76 6.89 7.02 7.15 7.27 7.40 7.52 7.65 7.77 7.89 8.01 8.13 8.23 8.34 8.43 8.51 8.57 8.62 8.66 8.67 8.67 8.64 8.59 8.52 8.43 8.32 8.19 8.04 7.88 7.69 7.50 7.29 7.07 6.85 6.62 6.38 6.15 5.91 5.67 5.44 5.21 4.99 4.77 4.56 4.36 4.17 3.98 3.81 3.64 3.48 3.34 3.20 3.07 2.95 2.84 2.74 2.64 2.56 2.48 2.40 2.34 2.28 2.22 2.17 2.12 2.08 2.04 2.01 1.98 1.95 1.92 1.90 1.88 1.86 1.84 1.82 1.81 1.79 1.78 1.76 1.75 1.74 1.73 1.72 1.70 1.69 1.68 1.67 1.66 1.64 1.63 1.61 1.60 1.58 1.57 1.55 1.53 1.51 1.49 1.47 1.45 1.43 1.41 1.39
0.96 0.97 0.98 0.98 0.99 0.99 1.00 1.00 1.01 1.01 1.02 1.02 1.03 1.03 1.03 1.04 1.04 1.04 1.04 1.04 1.04 1.04 1.04 1.04 1.04 1.04 1.03 1.03 1.03 1.03 1.03 1.03 1.04 1.04 1.05 1.06 1.07 1.08 1.10 1.12 1.14 1.17 1.20 1.23 1.27 1.32 1.37 1.42 1.49 1.56 1.64 1.74 1.84 1.96 2.10 2.25 2.42 2.61 2.83 3.07 3.33 3.62 3.94 4.28 4.65 5.04 5.45 5.87 6.31 6.74 7.18 7.61 8.03 8.43 8.80 9.14 9.44 9.71 9.93 10.11 10.24 10.33 10.38 10.40 10.38 10.33 10.26 10.16 10.05 9.93 9.79 9.65 9.51 9.36 9.21 9.06 8.90 8.75 8.59 8.43 8.26 8.09 7.92 7.74 7.56 7.37 7.18 6.98 6.79 6.58 6.38 6.18 5.98 5.78 5.58 5.39 5.20 5.02 4.84 4.67 4.51 4.35 4.20 4.07 3.94 3.81 3.70 3.59 3.49 3.40 3.32 3.24 3.17 3.10 3.04 2.98 2.93 2.87 2.83 2.78 2.74 2.69 2.65 2.61 2.57 2.53 2.49 2.45 2.41 2.37 2.33 2.29 2.25 2.20 2.16 2.12 2.08 2.04 2.00 1.97 1.93 1.90 1.87 1.84 1.81 1.79 1.78 1.76 1.75 1.75 1.75 1.75 1.76 1.77 1.78 1.80 1.83 1.85 1.88 1.92 1.95 1.99 2.04 2.08 2.13 2.18 2.24 2.29 2.36 2.42 2.49 2.56 2.63 2.71 2.79 2.87 2.95 3.04 3.13 3.23 3.32 3.42 3.52 3.62 3.73 3.83 3.93 4.03 4.14 4.24 4.33 4.43 4.52 4.61 4.70 4.78 4.86 4.93 4.99 5.05 5.10 5.14 5.18 5.20 5.22 5.23 5.23 5.22 5.20 5.18 5.15 5.11 5.06 5.01 4.95 4.89 4.83 4.76 4.69 4.62 4.55 4.48 4.41 4.34 4.28 4.22 4.16 4.11 4.06 4.02 3.98 3.94 3.91 3.89 3.87 3.86 3.84 3.84 3.84 3.84 3.84 3.85 3.87 3.88 3.90 3.92 3.95 3.98 4.01 4.05 4.09 4.14 4.18 4.24 4.29 4.35 4.42 4.49 4.56 4.64 4.72 4.81 4.90 5.00 5.10 5.20 5.30 5.41 5.52 5.63 5.74 5.85 5.97 6.08 6.19 6.30 6.41 6.52 6.62 6.73 6.84 6.95 7.06 7.17 7.29 7.40 7.51 7.62 7.73 7.83 7.92 8.00 8.08 8.13 8.17 8.20 8.20 8.19 8.15 8.09 8.01 7.91 7.80 7.66 7.51 7.34 7.16 6.96 6.76 6.55 6.34 6.12 5.90 5.68 5.45 5.24 5.02 4.81 4.61 4.41 4.22 4.04 3.86 3.70 3.54 3.40 3.26 3.13 3.00 2.89 2.79 2.69 2.60 2.52 2.44 2.37 2.30 2.25 2.19 2.14 2.10 2.06 2.02 1.99 1.96 1.93 1.90 1.88 1.86 1.84 1.82 1.80 1.79 1.77 1.76 1.75 1.73 1.72 1.71 1.70 1.69 1.67 1.66 1.65 1.64 1.62 1.61 1.60 1.58 1.56 1.55 1.53 1.51 1.50 1.48 1.46 1.44 1.42 1.39 1.37
0.97 0.97 0.98 0.99 0.99 1.00 1.00 1.01 1.01 1.02 1.02 1.03 1.03 1.03 1.04 1.04 1.04 1.04 1.04 1.04 1.04 1.04 1.04 1.04 1.03 1.03 1.03 1.02 1.02 1.02 1.02 1.02 1.02 1.02 1.03 1.04 1.05 1.06 1.08 1.10 1.13 1.16 1.19 1.23 1.27 1.32 1.37 1.43 1.50 1.58 1.67 1.76 1.87 2.00 2.14 2.30 2.48 2.68 2.90 3.15 3.42 3.72 4.05 4.41 4.79 5.19 5.61 6.04 6.49 6.94 7.39 7.83 8.25 8.65 9.03 9.37 9.67 9.93 10.15 10.32 10.44 10.52 10.56 10.55 10.52 10.45 10.35 10.24 10.11 9.96 9.81 9.65 9.49 9.32 9.15 8.99 8.82 8.65 8.48 8.31 8.14 7.97 7.79 7.61 7.42 7.23 7.04 6.84 6.65 6.45 6.25 6.05 5.85 5.65 5.46 5.27 5.09 4.91 4.74 4.57 4.41 4.27 4.12 3.99 3.86 3.75 3.64 3.54 3.44 3.36 3.27 3.20 3.13 3.07 3.01 2.96 2.90 2.86 2.81 2.77 2.72 2.68 2.64 2.60 2.56 2.52 2.48 2.44 2.40 2.36 2.32 2.28 2.23 2.19 2.15 2.11 2.06 2.02 1.98 1.94 1.90 1.86 1.83 1.80 1.77 1.75 1.73 1.71 1.70 1.70 1.70 1.70 1.71 1.72 1.74 1.76 1.79 1.82 1.85 1.89 1.92 1.97 2.01 2.06 2.11 2.17 2.22 2.28 2.34 2.41 2.48 2.55 2.62 2.70 2.78 2.86 2.95 3.03 3.13 3.22 3.31 3.41 3.51 3.61 3.71 3.81 3.91 4.01 4.11 4.21 4.31 4.40 4.50 4.58 4.67 4.75 4.82 4.89 4.95 5.00 5.05 5.09 5.12 5.15 5.16 5.17 5.17 5.16 5.15 5.12 5.09 5.05 5.01 4.96 4.90 4.84 4.78 4.71 4.65 4.58 4.51 4.44 4.38 4.31 4.25 4.19 4.14 4.09 4.04 4.00 3.96 3.93 3.90 3.88 3.86 3.84 3.83 3.82 3.82 3.82 3.82 3.83 3.84 3.86 3.87 3.89 3.92 3.94 3.97 4.00 4.04 4.08 4.12 4.17 4.22 4.27 4.33 4.39 4.46 4.53 4.60 4.68 4.76 4.85 4.94 5.03 5.12 5.21 5.31 5.40 5.50 5.59 5.69 5.78 5.87 5.96 6.05 6.14 6.23 6.32 6.41 6.50 6.60 6.70 6.80 6.90 7.01 7.11 7.22 7.32 7.42 7.50 7.58 7.65 7.70 7.73 7.74 7.74 7.71 7.67 7.60 7.52 7.41 7.29 7.15 6.99 6.83 6.65 6.46 6.27 6.07 5.86 5.65 5.45 5.24 5.04 4.84 4.64 4.45 4.26 4.08 3.91 3.75 3.59 3.45 3.31 3.18 3.05 2.94 2.83 2.73 2.64 2.55 2.47 2.40 2.33 2.27 2.22 2.17 2.12 2.07 2.04 2.00 1.97 1.94 1.91 1.88 1.86 1.84 1.82 1.80 1.79 1.77 1.76 1.74 1.73 1.72 1.70 1.69 1.68 1.67 1.66 1.64 1.63 1.62 1.61 1.59 1.58 1.56 1.55 1.53 1.51 1.50 1.48 1.46 1.44 1.42 1.40 1.38 1.36
0.97 0.98 0.99 0.99 1.00 1.00 1.01 1.01 1.02 1.02 1.03 1.03 1.03 1.04 1.04 1.04 1.04 1.04 1.04 1.04 1.04 1.04 1.03 1.03 1.03 1.02 1.02 1.01 1.01 1.00 1.00 1.00 1.00 1.00 1.01 1.02 1.03 1.04 1.06 1.08 1.11 1.14 1.18 1.22 1.27 1.32 1.38 1.44 1.51 1.59 1.69 1.79 1.91 2.04 2.18 2.35 2.53 2.74 2.97 3.23 3.51 3.82 4.16 4.52 4.91 5.33 5.76 6.20 6.66 7.12 7.57 8.02 8.45 8.86 9.24 9.58 9.88 10.14 10.34 10.51 10.62 10.69 10.71 10.69 10.64 10.55 10.44 10.30 10.15 9.99 9.82 9.64 9.46 9.28 9.10 8.92 8.74 8.57 8.39 8.21 8.03 7.85 7.67 7.48 7.29 7.10 6.91 6.72 6.52 6.32 6.12 5.93 5.73 5.54 5.35 5.16 4.98 4.81 4.64 4.48 4.33 4.18 4.05 3.92 3.80 3.68 3.58 3.48 3.39 3.31 3.23 3.16 3.10 3.04 2.98 2.93 2.88 2.84 2.79 2.75 2.71 2.67 2.63 2.59 2.56 2.52 2.48 2.44 2.40 2.35 2.31 2.27 2.22 2.18 2.13 2.09 2.04 1.99 1.95 1.91 1.86 1.82 1.79 1.75 1.72 1.70 1.68 1.66 1.65 1.64 1.64 1.65 1.66 1.67 1.69 1.71 1.74 1.78 1.81 1.85 1.89 1.94 1.99 2.04 2.09 2.15 2.21 2.27 2.33 2.40 2.47 2.54 2.61 2.69 2.77 2.85 2.94 3.03 3.12 3.21 3.30 3.40 3.50 3.60 3.70 3.79 3.89 3.99 4.09 4.19 4.28 4.37 4.46 4.55 4.63 4.71 4.78 4.84 4.90 4.95 5.00 5.04 5.07 5.09 5.11 5.11 5.11 5.10 5.08 5.06 5.03 4.99 4.95 4.90 4.85 4.79 4.73 4.66 4.60 4.53 4.47 4.40 4.34 4.28 4.22 4.17 4.11 4.06 4.02 3.98 3.94 3.91 3.88 3.86 3.84 3.82 3.81 3.80 3.80 3.80 3.80 3.81 3.82 3.83 3.84 3.86 3.88 3.90 3.93 3.96 3.99 4.02 4.06 4.10 4.15 4.20 4.25 4.30 4.36 4.42 4.49 4.56 4.63 4.71 4.78 4.86 4.94 5.02 5.10 5.18 5.26 5.34 5.41 5.49 5.56 5.63 5.70 5.77 5.83 5.90 5.98 6.05 6.13 6.22 6.31 6.40 6.50 6.60 6.71 6.81 6.91 7.00 7.09 7.16 7.22 7.27 7.29 7.30 7.29 7.25 7.20 7.13 7.04 6.93 6.80 6.66 6.51 6.34 6.17 5.99 5.80 5.61 5.42 5.23 5.03 4.84 4.66 4.47 4.29 4.12 3.95 3.79 3.64 3.49 3.35 3.22 3.10 2.98 2.88 2.77 2.68 2.59 2.51 2.43 2.37 2.30 2.24 2.19 2.14 2.09 2.05 2.01 1.98 1.95 1.92 1.89 1.87 1.84 1.82 1.80 1.79 1.77 1.75 1.74 1.73 1.71 1.70 1.69 1.68 1.66 1.65 1.64 1.63 1.61 1.60 1.59 1.57 1.56 1.54 1.53 1.51 1.50 1.48 1.46 1.44 1.42 1.40 1.38 1.36 1.34
0.98 0.98 0.99 1.00 1.00 1.01 1.01 1.02 1.02 1.03 1.03 1.03 1.04 1.04 1.04 1.04 1.04 1.04 1.04 1.04 1.04 1.03 1.03 1.02 1.02 1.01 1.00 1.00 0.99 0.99 0.98 0.98 0.98 0.98 0.98 0.99 1.00 1.02 1.04 1.06 1.09 1.12 1.16 1.21 1.26 1.31 1.37 1.44 1.52 1.61 1.71 1.81 1.94 2.07 2.23 2.40 2.59 2.80 3.04 3.31 3.60 3.92 4.26 4.63 5.03 5.45 5.89 6.35 6.81 7.28 7.74 8.19 8.63 9.04 9.42 9.76 10.06 10.31 10.51 10.67 10.77 10.83 10.84 10.81 10.74 10.64 10.51 10.36 10.20 10.02 9.83 9.64 9.44 9.25 9.06 8.87 8.68 8.49 8.30 8.12 7.93 7.75 7.56 7.37 7.18 6.99 6.79 6.60 6.40 6.21 6.01 5.81 5.62 5.43 5.24 5.06 4.89 4.72 4.55 4.40 4.25 4.11 3.97 3.85 3.73 3.63 3.52 3.43 3.35 3.27 3.19 3.13 3.07 3.01 2.96 2.91 2.86 2.82 2.78 2.74 2.70 2.66 2.62 2.59 2.55 2.51 2.47 2.43 2.39 2.34 2.30 2.25 2.21 2.16 2.11 2.06 2.01 1.96 1.92 1.87 1.82 1.78 1.74 1.70 1.67 1.64 1.62 1.60 1.59 1.58 1.58 1.59 1.60 1.61 1.64 1.66 1.69 1.73 1.77 1.81 1.86 1.91 1.96 2.01 2.07 2.13 2.19 2.25 2.32 2.38 2.45 2.53 2.60 2.68 2.76 2.84 2.93 3.01 3.10 3.20 3.29 3.39 3.48 3.58 3.68 3.78 3.87 3.97 4.07 4.16 4.25 4.34 4.43 4.51 4.59 4.66 4.73 4.79 4.85 4.90 4.94 4.98 5.01 5.03 5.04 5.05 5.05 5.04 5.02 5.00 4.97 4.93 4.89 4.84 4.79 4.73 4.68 4.61 4.55 4.49 4.43 4.37 4.31 4.25 4.19 4.14 4.09 4.04 4.00 3.96 3.92 3.89 3.86 3.84 3.82 3.81 3.80 3.79 3.78 3.78 3.78 3.78 3.79 3.80 3.81 3.83 3.85 3.86 3.89 3.91 3.94 3.97 4.00 4.04 4.08 4.12 4.17 4.22 4.27 4.32 4.38 4.44 4.51 4.57 4.64 4.70 4.77 4.84 4.90 4.97 5.03 5.09 5.14 5.20 5.25 5.30 5.34 5.39 5.44 5.49 5.54 5.60 5.67 5.74 5.82 5.90 6.00 6.09 6.20 6.30 6.41 6.51 6.60 6.68 6.75 6.81 6.85 6.87 6.87 6.85 6.81 6.75 6.67 6.58 6.47 6.34 6.20 6.05 5.89 5.72 5.55 5.37 5.19 5.01 4.83 4.66 4.48 4.31 4.14 3.98 3.83 3.67 3.53 3.39 3.26 3.14 3.02 2.92 2.81 2.72 2.63 2.54 2.47 2.40 2.33 2.27 2.21 2.16 2.11 2.07 2.03 1.99 1.96 1.93 1.90 1.87 1.85 1.83 1.81 1.79 1.77 1.75 1.74 1.72 1.71 1.70 1.68 1.67 1.66 1.65 1.63 1.62 1.61 1.60 1.58 1.57 1.56 1.54 1.53 1.51 1.49 1.48 1.46 1.44 1.43 1.41 1.39 1.37 1.35 1.33
0.98 0.99 0.99 1.00 1.01 1.01 1.02 1.02 1.03 1.03 1.03 1.04 1.04 1.04 1.04 1.05 1.04 1.04 1.04 1.04 1.03 1.03 1.02 1.01 1.01 1.00 0.99 0.98 0.97 0.96 0.96 0.95 0.95 0.95 0.95 0.96 0.97 0.99 1.01 1.03 1.06 1.10 1.14 1.19 1.24 1.30 1.37 1.44 1.53 1.62 1.72 1.84 1.96 2.11 2.27 2.44 2.64 2.86 3.11 3.38 3.68 4.00 4.36 4.74 5.14 5.57 6.01 6.47 6.94 7.42 7.88 8.34 8.78 9.19 9.57 9.91 10.21 10.46 10.66 10.80 10.90 10.95 10.95 10.91 10.83 10.71 10.57 10.41 10.23 10.04 9.84 9.63 9.43 9.22 9.02 8.82 8.62 8.42 8.23 8.04 7.85 7.66 7.47 7.27 7.08 6.89 6.69 6.49 6.30 6.10 5.91 5.71 5.52 5.33 5.15 4.97 4.80 4.63 4.47 4.32 4.17 4.04 3.91 3.79 3.68 3.57 3.47 3.38 3.30 3.23 3.16 3.09 3.04 2.98 2.93 2.89 2.84 2.80 2.76 2.72 2.69 2.65 2.61 2.58 2.54 2.50 2.46 2.42 2.38 2.33 2.29 2.24 2.19 2.14 2.09 2.04 1.98 1.93 1.88 1.82 1.77 1.73 1.68 1.64 1.61 1.57 1.55 1.53 1.52 1.51 1.51 1.52 1.53 1.55 1.57 1.60 1.64 1.68 1.72 1.77 1.82 1.87 1.93 1.98 2.04 2.10 2.17 2.23 2.30 2.37 2.44 2.51 2.59 2.67 2.75 2.83 2.92 3.00 3.09 3.18 3.28 3.37 3.47 3.56 3.66 3.75 3.85 3.94 4.04 4.13 4.22 4.31 4.39 4.47 4.55 4.62 4.68 4.74 4.80 4.85 4.89 4.92 4.95 4.97 4.98 4.99 4.98 4.97 4.96 4.93 4.90 4.87 4.83 4.78 4.73 4.68 4.62 4.56 4.51 4.45 4.39 4.33 4.27 4.21 4.16 4.11 4.06 4.02 3.97 3.94 3.90 3.87 3.85 3.82 3.80 3.79 3.78 3.77 3.76 3.76 3.76 3.76 3.77 3.77 3.78 3.80 3.81 3.83 3.85 3.87 3.89 3.92 3.95 3.98 4.01 4.05 4.09 4.13 4.18 4.23 4.28 4.33 4.38 4.44 4.49 4.55 4.60 4.66 4.71 4.76 4.80 4.84 4.88 4.91 4.94 4.97 5.00 5.02 5.05 5.08 5.11 5.15 5.20 5.25 5.32 5.40 5.49 5.58 5.69 5.80 5.90 6.01 6.12 6.21 6.29 6.36 6.42 6.45 6.47 6.46 6.43 6.39 6.32 6.24 6.14 6.03 5.90 5.77 5.62 5.46 5.31 5.14 4.98 4.81 4.64 4.48 4.31 4.15 4.00 3.85 3.70 3.56 3.43 3.30 3.18 3.06 2.95 2.85 2.75 2.66 2.58 2.50 2.43 2.36 2.30 2.24 2.18 2.14 2.09 2.05 2.01 1.97 1.94 1.91 1.88 1.86 1.83 1.81 1.79 1.77 1.76 1.74 1.72 1.71 1.69 1.68 1.67 1.65 1.64 1.63 1.62 1.60 1.59 1.58 1.57 1.55 1.54 1.52 1.51 1.49 1.48 1.46 1.44 1.43 1.41 1.39 1.37 1.35 1.33 1.31
0.98 0.99 1.00 1.00 1.01 1.02 1.02 1.03 1.03 1.03 1.04 1.04 1.04 1.05 1.05 1.05 1.04 1.04 1.04 1.03 1.03 1.02 1.01 1.00 0.99 0.98 0.97 0.96 0.95 0.93 0.92 0.92 0.91 0.91 0.91 0.92 0.93 0.95 0.97 1.00 1.03 1.07 1.11 1.16 1.22 1.29 1.36 1.44 1.53 1.63 1.74 1.86 1.99 2.14 2.31 2.49 2.69 2.92 3.17 3.45 3.75 4.08 4.44 4.83 5.24 5.67 6.12 6.58 7.06 7.53 8.00 8.46 8.90 9.31 9.69 10.03 10.32 10.57 10.76 10.91 11.00 11.04 11.03 10.98 10.89 10.77 10.62 10.45 10.26 10.05 9.84 9.63 9.41 9.20 8.99 8.78 8.57 8.37 8.17 7.97 7.78 7.58 7.39 7.19 6.99 6.80 6.60 6.40 6.21 6.01 5.82 5.62 5.43 5.25 5.07 4.89 4.72 4.56 4.40 4.25 4.11 3.97 3.85 3.73 3.62 3.52 3.43 3.34 3.26 3.19 3.12 3.06 3.01 2.96 2.91 2.86 2.82 2.78 2.75 2.71 2.67 2.64 2.60 2.57 2.53 2.49 2.45 2.41 2.37 2.32 2.27 2.22 2.17 2.12 2.06 2.01 1.95 1.89 1.83 1.78 1.72 1.67 1.62 1.57 1.53 1.50 1.47 1.45 1.44 1.43 1.43 1.44 1.45 1.47 1.50 1.54 1.58 1.62 1.67 1.72 1.78 1.83 1.89 1.95 2.02 2.08 2.15 2.21 2.28 2.35 2.43 2.50 2.58 2.66 2.74 2.82 2.90 2.99 3.08 3.17 3.26 3.35 3.45 3.54 3.64 3.73 3.82 3.92 4.01 4.10 4.19 4.27 4.35 4.43 4.50 4.57 4.63 4.69 4.74 4.79 4.83 4.86 4.89 4.91 4.92 4.92 4.92 4.91 4.89 4.87 4.84 4.80 4.76 4.72 4.67 4.62 4.57 4.51 4.46 4.40 4.34 4.29 4.23 4.18 4.13 4.08 4.03 3.99 3.95 3.92 3.88 3.85 3.83 3.81 3.79 3.77 3.76 3.75 3.74 3.74 3.74 3.74 3.74 3.75 3.75 3.76 3.78 3.79 3.81 3.82 3.85 3.87 3.89 3.92 3.95 3.98 4.02 4.05 4.09 4.13 4.18 4.22 4.27 4.31 4.36 4.40 4.44 4.48 4.52 4.55 4.58 4.60 4.62 4.63 4.64 4.65 4.65 4.65 4.65 4.66 4.68 4.70 4.73 4.77 4.83 4.90 4.98 5.08 5.18 5.29 5.41 5.53 5.64 5.75 5.84 5.93 5.99 6.04 6.07 6.08 6.07 6.04 5.99 5.92 5.83 5.73 5.62 5.49 5.36 5.22 5.07 4.92 4.77 4.61 4.46 4.31 4.15 4.01 3.86 3.72 3.58 3.45 3.33 3.21 3.09 2.98 2.88 2.79 2.70 2.61 2.53 2.46 2.39 2.32 2.26 2.21 2.16 2.11 2.07 2.03 1.99 1.96 1.92 1.89 1.87 1.84 1.82 1.80 1.78 1.76 1.74 1.72 1.71 1.69 1.68 1.67 1.65 1.64 1.63 1.61 1.60 1.59 1.57 1.56 1.55 1.53 1.52 1.51 1.49 1.48 1.46 1.44 1.43 1.41 1.39 1.37 1.36 1.34 1.32 1.30
0.99 0.99 1.00 1.01 1.01 1.02 1.02 1.03 1.03 1.04 1.04 1.04 1.05 1.05 1.05 1.05 1.04 1.04 1.04 1.03 1.02 1.01 1.00 0.99 0.98 0.96 0.95 0.93 0.92 0.90 0.89 0.88 0.87 0.87 0.87 0.87 0.88 0.90 0.92 0.95 0.99 1.03 1.08 1.14 1.20 1.27 1.35 1.43 1.53 1.63 1.75 1.88 2.02 2.17 2.34 2.53 2.74 2.98 3.23 3.51 3.82 4.16 4.52 4.91 5.32 5.76 6.21 6.68 7.15 7.63 8.10 8.55 8.99 9.40 9.78 10.12 10.41 10.65 10.84 10.98 11.06 11.10 11.09 11.03 10.94 10.81 10.65 10.47 10.28 10.07 9.85 9.63 9.41 9.18 8.97 8.75 8.54 8.33 8.12 7.92 7.72 7.52 7.32 7.12 6.93 6.73 6.53 6.33 6.13 5.94 5.74 5.55 5.36 5.18 5.00 4.82 4.65 4.49 4.33 4.19 4.05 3.92 3.79 3.68 3.57 3.47 3.38 3.30 3.22 3.15 3.09 3.03 2.98 2.93 2.88 2.84 2.80 2.77 2.73 2.70 2.66 2.63 2.59 2.56 2.52 2.48 2.44 2.40 2.35 2.31 2.26 2.20 2.15 2.09 2.03 1.97 1.91 1.85 1.78 1.72 1.66 1.60 1.55 1.50 1.46 1.42 1.39 1.36 1.35 1.34 1.34 1.35 1.37 1.39 1.43 1.46 1.51 1.56 1.61 1.67 1.73 1.79 1.85 1.92 1.99 2.05 2.12 2.19 2.27 2.34 2.41 2.49 2.56 2.64 2.72 2.81 2.89 2.98 3.06 3.15 3.24 3.34 3.43 3.52 3.61 3.71 3.80 3.89 3.98 4.07 4.15 4.23 4.31 4.39 4.46 4.52 4.58 4.64 4.69 4.73 4.77 4.80 4.82 4.84 4.85 4.85 4.85 4.84 4.82 4.80 4.77 4.74 4.70 4.66 4.62 4.57 4.52 4.46 4.41 4.36 4.30 4.25 4.20 4.15 4.10 4.05 4.01 3.97 3.93 3.89 3.86 3.84 3.81 3.79 3.77 3.75 3.74 3.73 3.72 3.72 3.72 3.71 3.72 3.72 3.73 3.73 3.74 3.75 3.77 3.78 3.80 3.82 3.84 3.86 3.89 3.92 3.95 3.98 4.01 4.05 4.08 4.12 4.16 4.19 4.23 4.26 4.29 4.32 4.34 4.35 4.37 4.37 4.37 4.36 4.34 4.33 4.31 4.29 4.27 4.25 4.25 4.25 4.27 4.30 4.34 4.41 4.48 4.58 4.68 4.80 4.92 5.05 5.17 5.29 5.40 5.50 5.58 5.65 5.69 5.71 5.72 5.70 5.66 5.61 5.53 5.45 5.35 5.23 5.11 4.98 4.85 4.71 4.57 4.43 4.28 4.14 4.00 3.86 3.73 3.60 3.47 3.35 3.23 3.12 3.01 2.91 2.82 2.73 2.64 2.56 2.49 2.42 2.35 2.29 2.23 2.18 2.13 2.09 2.05 2.01 1.97 1.94 1.91 1.88 1.85 1.83 1.80 1.78 1.76 1.74 1.73 1.71 1.69 1.68 1.66 1.65 1.64 1.62 1.61 1.60 1.58 1.57 1.56 1.55 1.53 1.52 1.50 1.49 1.48 1.46 1.44 1.43 1.41 1.39 1.38 1.36 1.34 1.32 1.30 1.28
0.99 1.00 1.00 1.01 1.02 1.02 1.03 1.03 1.04 1.04 1.04 1.05 1.05 1.05 1.05 1.05 1.04 1.04 1.03 1.02 1.01 1.00 0.99 0.97 0.96 0.94 0.92 0.90 0.88 0.87 0.85 0.84 0.83 0.82 0.82 0.82 0.83 0.85 0.87 0.90 0.94 0.99 1.04 1.10 1.17 1.25 1.33 1.42 1.52 1.64 1.76 1.89 2.04 2.20 2.38 2.57 2.79 3.03 3.29 3.58 3.89 4.23 4.59 4.98 5.40 5.83 6.28 6.75 7.22 7.70 8.17 8.62 9.06 9.46 9.84 10.17 10.46 10.70 10.89 11.02 11.10 11.14 11.12 11.06 10.96 10.83 10.67 10.49 10.29 10.08 9.86 9.63 9.40 9.18 8.95 8.73 8.52 8.30 8.09 7.89 7.68 7.48 7.28 7.07 6.87 6.67 6.47 6.27 6.07 5.88 5.68 5.49 5.30 5.11 4.94 4.76 4.59 4.43 4.28 4.13 4.00 3.87 3.75 3.63 3.53 3.43 3.34 3.26 3.19 3.12 3.06 3.00 2.95 2.91 2.86 2.82 2.78 2.75 2.71 2.68 2.65 2.61 2.58 2.54 2.51 2.47 2.43 2.38 2.34 2.29 2.24 2.18 2.12 2.06 2.00 1.93 1.87 1.80 1.73 1.66 1.60 1.53 1.47 1.42 1.37 1.33 1.29 1.27 1.25 1.25 1.25 1.26 1.28 1.31 1.34 1.39 1.43 1.49 1.55 1.61 1.68 1.74 1.81 1.88 1.95 2.03 2.10 2.17 2.25 2.32 2.40 2.47 2.55 2.63 2.71 2.79 2.88 2.96 3.05 3.14 3.23 3.32 3.41 3.50 3.59 3.68 3.77 3.86 3.94 4.03 4.11 4.19 4.27 4.34 4.41 4.47 4.53 4.58 4.63 4.67 4.71 4.74 4.76 4.78 4.78 4.79 4.78 4.77 4.76 4.74 4.71 4.68 4.64 4.60 4.56 4.51 4.46 4.41 4.36 4.31 4.26 4.21 4.16 4.11 4.07 4.02 3.98 3.94 3.91 3.87 3.84 3.82 3.79 3.77 3.75 3.74 3.72 3.71 3.70 3.70 3.69 3.69 3.69 3.69 3.70 3.70 3.71 3.72 3.73 3.74 3.76 3.77 3.79 3.81 3.83 3.85 3.88 3.90 3.93 3.96 3.99 4.02 4.05 4.08 4.10 4.12 4.14 4.15 4.16 4.16 4.16 4.14 4.12 4.09 4.05 4.01 3.97 3.93 3.89 3.85 3.83 3.81 3.81 3.83 3.86 3.92 3.99 4.09 4.20 4.32 4.45 4.58 4.72 4.85 4.98 5.09 5.19 5.27 5.33 5.36 5.38 5.38 5.35 5.31 5.25 5.18 5.09 4.99 4.88 4.76 4.64 4.51 4.38 4.25 4.12 3.98 3.85 3.73 3.60 3.48 3.36 3.25 3.14 3.04 2.94 2.84 2.75 2.67 2.59 2.52 2.44 2.38 2.32 2.26 2.21 2.16 2.11 2.07 2.03 1.99 1.96 1.92 1.89 1.87 1.84 1.82 1.79 1.77 1.75 1.73 1.71 1.70 1.68 1.67 1.65 1.64 1.62 1.61 1.60 1.58 1.57 1.56 1.54 1.53 1.52 1.50 1.49 1.47 1.46 1.44 1.43 1.41 1.40 1.38 1.36 1.34 1.33 1.31 1.29 1.27
0.99 1.00 1.01 1.01 1.02 1.02 1.03 1.03 1.04 1.04 1.04 1.05 1.05 1.05 1.05 1.04 1.04 1.03 1.03 1.02 1.01 0.99 0.98 0.96 0.94 0.91 0.89 0.87 0.85 0.82 0.80 0.79 0.77 0.77 0.76 0.76 0.77 0.79 0.82 0.85 0.89 0.94 1.00 1.06 1.13 1.22 1.31 1.41 1.52 1.64 1.76 1.91 2.06 2.23 2.41 2.61 2.84 3.08 3.34 3.63 3.95 4.29 4.65 5.05 5.46 5.89 6.34 6.81 7.28 7.75 8.21 8.66 9.09 9.50 9.87 10.20 10.48 10.72 10.90 11.04 11.12 11.15 11.13 11.07 10.98 10.84 10.68 10.50 10.30 10.08 9.86 9.64 9.41 9.18 8.95 8.73 8.51 8.29 8.08 7.87 7.66 7.45 7.25 7.04 6.84 6.63 6.43 6.23 6.03 5.83 5.63 5.44 5.25 5.07 4.89 4.71 4.55 4.39 4.23 4.09 3.95 3.83 3.71 3.59 3.49 3.40 3.31 3.23 3.16 3.09 3.03 2.98 2.93 2.88 2.84 2.80 2.76 2.73 2.70 2.66 2.63 2.60 2.57 2.53 2.49 2.45 2.41 2.37 2.32 2.27 2.22 2.16 2.10 2.03 1.96 1.89 1.82 1.75 1.67 1.60 1.53 1.46 1.39 1.33 1.28 1.23 1.20 1.17 1.15 1.14 1.14 1.16 1.18 1.21 1.25 1.30 1.36 1.42 1.48 1.55 1.62 1.69 1.77 1.84 1.92 2.00 2.07 2.15 2.23 2.30 2.38 2.46 2.54 2.62 2.70 2.78 2.86 2.95 3.03 3.12 3.21 3.30 3.38 3.47 3.56 3.65 3.74 3.83 3.91 3.99 4.07 4.15 4.22 4.29 4.36 4.42 4.48 4.53 4.57 4.61 4.65 4.67 4.70 4.71 4.72 4.72 4.72 4.71 4.69 4.67 4.65 4.62 4.58 4.54 4.50 4.46 4.41 4.37 4.32 4.27 4.22 4.17 4.13 4.08 4.04 4.00 3.96 3.92 3.89 3.85 3.83 3.80 3.78 3.76 3.74 3.72 3.71 3.70 3.69 3.68 3.67 3.67 3.67 3.67 3.67 3.67 3.68 3.68 3.69 3.70 3.71 3.73 3.74 3.76 3.77 3.79 3.81 3.83 3.86 3.88 3.90 3.92 3.95 3.96 3.98 3.99 4.00 4.00 3.99 3.98 3.95 3.92 3.88 3.83 3.77 3.71 3.64 3.58 3.51 3.46 3.41 3.38 3.37 3.37 3.40 3.45 3.52 3.61 3.72 3.85 3.99 4.14 4.28 4.43 4.57 4.70 4.81 4.90 4.98 5.03 5.06 5.07 5.06 5.03 4.98 4.92 4.84 4.75 4.65 4.55 4.44 4.32 4.20 4.08 3.96 3.84 3.72 3.60 3.48 3.37 3.26 3.16 3.06 2.96 2.87 2.78 2.70 2.62 2.54 2.47 2.41 2.34 2.29 2.23 2.18 2.13 2.09 2.05 2.01 1.97 1.94 1.91 1.88 1.85 1.83 1.80 1.78 1.76 1.74 1.72 1.70 1.69 1.67 1.66 1.64 1.63 1.61 1.60 1.58 1.57 1.56 1.54 1.53 1.52 1.50 1.49 1.47 1.46 1.45 1.43 1.41 1.40 1.38 1.37 1.35 1.33 1.31 1.29 1.27 1.26
0.99 1.00 1.01 1.01 1.02 1.03 1.03 1.04 1.04 1.04 1.05 1.05 1.05 1.05 1.05 1.04 1.04 1.03 1.02 1.01 1.00 0.98 0.96 0.94 0.91 0.89 0.86 0.83 0.81 0.78 0.76 0.74 0.72 0.71 0.70 0.70 0.71 0.73 0.75 0.79 0.83 0.88 0.94 1.02 1.10 1.18 1.28 1.39 1.51 1.63 1.77 1.92 2.08 2.25 2.44 2.65 2.88 3.13 3.40 3.69 4.00 4.35 4.71 5.10 5.51 5.94 6.39 6.85 7.31 7.78 8.24 8.68 9.11 9.50 9.87 10.19 10.48 10.71 10.89 11.03 11.11 11.14 11.13 11.07 10.97 10.84 10.68 10.50 10.30 10.09 9.87 9.65 9.42 9.19 8.96 8.74 8.52 8.30 8.08 7.87 7.66 7.45 7.24 7.03 6.82 6.62 6.41 6.21 6.00 5.80 5.60 5.41 5.22 5.03 4.85 4.68 4.51 4.35 4.20 4.05 3.92 3.79 3.67 3.56 3.46 3.37 3.28 3.20 3.13 3.06 3.01 2.95 2.90 2.86 2.82 2.78 2.75 2.71 2.68 2.65 2.62 2.58 2.55 2.51 2.48 2.44 2.40 2.35 2.30 2.25 2.19 2.13 2.07 2.00 1.92 1.85 1.77 1.69 1.61 1.53 1.45 1.37 1.30 1.24 1.18 1.13 1.09 1.06 1.04 1.03 1.04 1.05 1.08 1.11 1.16 1.21 1.27 1.34 1.41 1.49 1.56 1.64 1.72 1.80 1.89 1.97 2.05 2.13 2.21 2.28 2.36 2.44 2.52 2.60 2.68 2.76 2.85 2.93 3.01 3.10 3.19 3.27 3.36 3.45 3.54 3.62 3.71 3.79 3.88 3.96 4.03 4.11 4.18 4.25 4.31 4.37 4.42 4.47 4.52 4.55 4.59 4.61 4.63 4.65 4.65 4.66 4.65 4.64 4.63 4.61 4.58 4.56 4.52 4.49 4.45 4.41 4.36 4.32 4.28 4.23 4.18 4.14 4.10 4.05 4.01 3.97 3.93 3.90 3.87 3.84 3.81 3.78 3.76 3.74 3.72 3.71 3.69 3.68 3.67 3.66 3.65 3.65 3.65 3.64 3.64 3.65 3.65 3.65 3.66 3.66 3.67 3.68 3.69 3.70 3.72 3.73 3.75 3.77 3.78 3.80 3.82 3.83 3.85 3.86 3.86 3.87 3.86 3.85 3.83 3.80 3.76 3.71 3.65 3.57 3.50 3.41 3.33 3.24 3.15 3.08 3.01 2.97 2.94 2.93 2.95 2.99 3.06 3.15 3.27 3.40 3.55 3.71 3.87 4.03 4.18 4.32 4.45 4.55 4.64 4.71 4.75 4.78 4.78 4.76 4.72 4.67 4.61 4.53 4.44 4.35 4.25 4.14 4.03 3.92 3.81 3.70 3.59 3.48 3.37 3.27 3.17 3.07 2.98 2.89 2.80 2.72 2.64 2.57 2.50 2.43 2.37 2.31 2.26 2.21 2.16 2.11 2.07 2.03 2.00 1.96 1.93 1.90 1.87 1.84 1.82 1.80 1.77 1.75 1.73 1.71 1.69 1.68 1.66 1.65 1.63 1.61 1.60 1.59 1.57 1.56 1.54 1.53 1.52 1.50 1.49 1.48 1.46 1.45 1.43 1.42 1.40 1.38 1.37 1.35 1.33 1.32 1.30 1.28 1.26 1.24
1.00 1.00 1.01 1.02 1.02 1.03 1.03 1.04 1.04 1.04 1.05 1.05 1.05 1.05 1.05 1.04 1.03 1.03 1.02 1.00 0.98 0.96 0.94 0.92 0.89 0.86 0.83 0.80 0.77 0.73 0.71 0.68 0.66 0.65 0.64 0.64 0.64 0.66 0.69 0.72 0.77 0.82 0.89 0.97 1.05 1.15 1.25 1.37 1.49 1.63 1.77 1.93 2.10 2.28 2.48 2.69 2.92 3.17 3.45 3.74 4.06 4.40 4.76 5.15 5.56 5.98 6.42 6.88 7.33 7.79 8.24 8.68 9.10 9.49 9.85 10.17 10.45 10.68 10.86 11.00 11.08 11.11 11.10 11.05 10.96 10.83 10.68 10.51 10.31 10.10 9.89 9.66 9.44 9.21 8.99 8.76 8.54 8.32 8.10 7.88 7.67 7.46 7.25 7.03 6.82 6.61 6.41 6.20 5.99 5.79 5.59 5.39 5.20 5.01 4.83 4.66 4.49 4.33 4.17 4.03 3.89 3.76 3.65 3.53 3.43 3.34 3.25 3.18 3.10 3.04 2.98 2.93 2.88 2.84 2.80 2.76 2.73 2.69 2.66 2.63 2.60 2.57 2.53 2.50 2.46 2.42 2.38 2.33 2.28 2.23 2.17 2.10 2.03 1.96 1.88 1.80 1.72 1.63 1.54 1.46 1.37 1.29 1.21 1.14 1.08 1.03 0.98 0.95 0.93 0.92 0.93 0.94 0.97 1.01 1.06 1.12 1.19 1.26 1.34 1.42 1.50 1.59 1.68 1.76 1.85 1.93 2.02 2.10 2.18 2.27 2.35 2.43 2.51 2.59 2.67 2.75 2.83 2.91 3.00 3.08 3.17 3.25 3.34 3.42 3.51 3.59 3.68 3.76 3.84 3.92 3.99 4.06 4.13 4.20 4.26 4.32 4.37 4.42 4.46 4.49 4.53 4.55 4.57 4.58 4.59 4.59 4.59 4.58 4.57 4.55 4.52 4.50 4.47 4.43 4.40 4.36 4.32 4.28 4.23 4.19 4.15 4.11 4.07 4.03 3.99 3.95 3.91 3.88 3.85 3.82 3.79 3.77 3.75 3.73 3.71 3.69 3.68 3.67 3.65 3.65 3.64 3.63 3.63 3.62 3.62 3.62 3.62 3.62 3.62 3.63 3.63 3.64 3.65 3.66 3.67 3.68 3.69 3.70 3.71 3.73 3.74 3.75 3.75 3.76 3.75 3.75 3.73 3.71 3.67 3.63 3.57 3.50 3.42 3.33 3.23 3.13 3.02 2.91 2.81 2.71 2.63 2.57 2.53 2.51 2.52 2.56 2.63 2.72 2.84 2.98 3.13 3.30 3.47 3.64 3.81 3.97 4.11 4.23 4.33 4.41 4.47 4.50 4.52 4.51 4.48 4.44 4.39 4.32 4.24 4.16 4.07 3.97 3.87 3.77 3.67 3.57 3.46 3.36 3.27 3.17 3.08 2.99 2.90 2.82 2.74 2.66 2.59 2.52 2.46 2.40 2.34 2.29 2.23 2.19 2.14 2.10 2.06 2.02 1.99 1.95 1.92 1.89 1.86 1.84 1.81 1.79 1.77 1.75 1.73 1.71 1.69 1.67 1.65 1.64 1.62 1.61 1.59 1.58 1.56 1.55 1.53 1.52 1.51 1.49 1.48 1.46 1.45 1.43 1.42 1.40 1.39 1.37 1.36 1.34 1.32 1.30 1.29 1.27 1.25 1.23
1.00 1.01 1.01 1.02 1.02 1.03 1.03 1.04 1.04 1.05 1.05 1.05 1.05 1.05 1.04 1.04 1.03 1.02 1.01 0.99 0.97 0.95 0.93 0.90 0.86 0.83 0.80 0.76 0.72 0.69 0.65 0.62 0.60 0.58 0.57 0.57 0.57 0.59 0.62 0.65 0.70 0.76 0.83 0.91 1.01 1.11 1.22 1.35 1.48 1.62 1.77 1.94 2.11 2.30 2.51 2.73 2.96 3.22 3.49 3.79 4.11 4.45 4.81 5.19 5.60 6.02 6.45 6.89 7.34 7.79 8.23 8.66 9.07 9.46 9.81 10.13 10.40 10.63 10.81 10.95 11.03 11.07 11.07 11.02 10.94 10.82 10.67 10.51 10.32 10.12 9.91 9.69 9.47 9.25 9.02 8.80 8.58 8.36 8.14 7.92 7.70 7.49 7.27 7.06 6.84 6.63 6.42 6.21 6.00 5.79 5.59 5.39 5.19 5.01 4.82 4.64 4.47 4.31 4.16 4.01 3.87 3.74 3.63 3.51 3.41 3.32 3.23 3.15 3.08 3.02 2.96 2.91 2.86 2.82 2.78 2.74 2.70 2.67 2.64 2.61 2.58 2.55 2.51 2.48 2.44 2.40 2.36 2.31 2.26 2.20 2.14 2.07 2.00 1.92 1.84 1.75 1.66 1.57 1.48 1.38 1.29 1.20 1.12 1.04 0.98 0.92 0.87 0.84 0.81 0.81 0.81 0.83 0.86 0.91 0.96 1.03 1.10 1.18 1.26 1.35 1.44 1.54 1.63 1.72 1.81 1.90 1.99 2.08 2.16 2.25 2.33 2.41 2.49 2.57 2.65 2.73 2.81 2.90 2.98 3.06 3.14 3.23 3.31 3.40 3.48 3.56 3.64 3.72 3.80 3.88 3.95 4.02 4.09 4.15 4.21 4.27 4.32 4.36 4.40 4.44 4.47 4.49 4.51 4.52 4.53 4.53 4.53 4.52 4.51 4.49 4.47 4.44 4.41 4.38 4.35 4.31 4.27 4.24 4.20 4.16 4.12 4.08 4.04 4.00 3.96 3.93 3.90 3.87 3.84 3.81 3.78 3.76 3.74 3.72 3.70 3.68 3.67 3.65 3.64 3.63 3.62 3.61 3.61 3.60 3.60 3.59 3.59 3.59 3.59 3.59 3.60 3.60 3.60 3.61 3.62 3.62 3.63 3.64 3.65 3.66 3.66 3.66 3.66 3.66 3.65 3.63 3.60 3.57 3.52 3.46 3.39 3.31 3.21 3.10 2.98 2.86 2.73 2.61 2.48 2.37 2.27 2.20 2.14 2.12 2.12 2.15 2.22 2.32 2.44 2.58 2.75 2.92 3.11 3.29 3.47 3.63 3.79 3.92 4.04 4.13 4.20 4.24 4.27 4.27 4.26 4.23 4.18 4.12 4.06 3.98 3.90 3.81 3.72 3.63 3.54 3.44 3.35 3.26 3.17 3.08 2.99 2.91 2.83 2.76 2.68 2.61 2.55 2.48 2.42 2.37 2.31 2.26 2.21 2.17 2.13 2.09 2.05 2.01 1.98 1.95 1.92 1.89 1.86 1.83 1.81 1.79 1.76 1.74 1.72 1.70 1.68 1.67 1.65 1.63 1.61 1.60 1.58 1.57 1.55 1.54 1.52 1.51 1.49 1.48 1.47 1.45 1.44 1.42 1.41 1.39 1.38 1.36 1.34 1.33 1.31 1.29 1.28 1.26 1.24 1.22
1.00 1.01 1.01 1.02 1.03 1.03 1.04 1.04 1.04 1.05 1.05 1.05 1.05 1.05 1.04 1.04 1.03 1.02 1.00 0.98 0.96 0.94 0.91 0.88 0.84 0.80 0.76 0.72 0.68 0.64 0.60 0.57 0.54 0.52 0.50 0.50 0.50 0.52 0.54 0.58 0.63 0.70 0.77 0.86 0.96 1.07 1.19 1.32 1.46 1.61 1.78 1.95 2.13 2.33 2.54 2.77 3.01 3.27 3.54 3.84 4.16 4.50 4.85 5.23 5.63 6.04 6.47 6.90 7.34 7.78 8.22 8.64 9.04 9.41 9.76 10.07 10.34 10.57 10.75 10.89 10.98 11.02 11.02 10.99 10.91 10.80 10.67 10.51 10.33 10.14 9.94 9.73 9.51 9.30 9.07 8.85 8.63 8.41 8.19 7.97 7.76 7.54 7.32 7.10 6.88 6.67 6.45 6.24 6.02 5.81 5.61 5.40 5.20 5.01 4.82 4.64 4.47 4.31 4.15 4.00 3.86 3.73 3.61 3.50 3.40 3.30 3.21 3.13 3.06 3.00 2.94 2.89 2.84 2.80 2.76 2.72 2.68 2.65 2.62 2.59 2.56 2.53 2.49 2.46 2.42 2.38 2.33 2.29 2.23 2.17 2.11 2.04 1.96 1.88 1.80 1.70 1.61 1.51 1.41 1.31 1.21 1.12 1.03 0.95 0.87 0.81 0.76 0.72 0.70 0.69 0.70 0.72 0.75 0.80 0.86 0.93 1.01 1.10 1.19 1.28 1.38 1.48 1.58 1.68 1.78 1.87 1.96 2.05 2.14 2.23 2.31 2.39 2.47 2.55 2.64 2.72 2.80 2.88 2.96 3.04 3.12 3.20 3.29 3.37 3.45 3.53 3.61 3.69 3.76 3.84 3.91 3.98 4.04 4.10 4.16 4.21 4.26 4.31 4.34 4.38 4.41 4.43 4.45 4.46 4.47 4.47 4.47 4.46 4.45 4.43 4.41 4.39 4.36 4.33 4.30 4.27 4.23 4.20 4.16 4.12 4.09 4.05 4.02 3.98 3.95 3.91 3.88 3.85 3.82 3.80 3.77 3.75 3.73 3.71 3.69 3.67 3.66 3.64 3.63 3.62 3.61 3.60 3.59 3.58 3.58 3.57 3.57 3.56 3.56 3.56 3.56 3.56 3.56 3.57 3.57 3.57 3.58 3.58 3.59 3.59 3.59 3.59 3.58 3.57 3.55 3.52 3.49 3.44 3.38 3.31 3.22 3.12 3.01 2.89 2.75 2.61 2.46 2.32 2.18 2.05 1.94 1.85 1.79 1.75 1.75 1.78 1.85 1.94 2.07 2.22 2.39 2.57 2.77 2.96 3.15 3.33 3.49 3.64 3.76 3.87 3.95 4.00 4.04 4.05 4.05 4.03 3.99 3.94 3.88 3.82 3.74 3.66 3.58 3.50 3.41 3.33 3.24 3.16 3.08 3.00 2.92 2.84 2.77 2.70 2.63 2.57 2.51 2.45 2.39 2.34 2.29 2.24 2.20 2.16 2.11 2.08 2.04 2.01 1.97 1.94 1.91 1.89 1.86 1.83 1.81 1.78 1.76 1.74 1.72 1.70 1.68 1.66 1.64 1.63 1.61 1.59 1.58 1.56 1.55 1.53 1.52 1.50 1.49 1.47 1.46 1.44 1.43 1.41 1.40 1.38 1.36 1.35 1.33 1.32 1.30 1.28 1.27 1.25 1.23 1.21
1.00 1.01 1.01 1.02 1.03 1.03 1.04 1.04 1.04 1.05 1.05 1.05 1.05 1.04 1.04 1.03 1.02 1.01 0.99 0.97 0.95 0.92 0.89 0.85 0.82 0.77 0.73 0.68 0.64 0.59 0.55 0.51 0.48 0.45 0.43 0.43 0.43 0.44 0.47 0.51 0.57 0.63 0.71 0.81 0.91 1.03 1.16 1.30 1.45 1.61 1.78 1.96 2.15 2.36 2.57 2.80 3.05 3.31 3.59 3.89 4.21 4.54 4.90 5.27 5.66 6.07 6.48 6.91 7.34 7.77 8.19 8.60 8.99 9.36 9.70 10.01 10.28 10.50 10.69 10.83 10.92 10.97 10.98 10.95 10.89 10.79 10.67 10.52 10.36 10.17 9.98 9.78 9.57 9.36 9.14 8.92 8.71 8.49 8.27 8.05 7.83 7.60 7.38 7.16 6.94 6.72 6.50 6.28 6.06 5.85 5.64 5.43 5.23 5.03 4.84 4.66 4.48 4.31 4.15 4.00 3.86 3.73 3.61 3.49 3.39 3.29 3.20 3.12 3.05 2.98 2.92 2.87 2.82 2.77 2.73 2.70 2.66 2.63 2.60 2.57 2.54 2.50 2.47 2.44 2.40 2.36 2.31 2.26 2.21 2.14 2.08 2.01 1.93 1.84 1.75 1.66 1.55 1.45 1.35 1.24 1.14 1.04 0.94 0.85 0.78 0.71 0.66 0.62 0.59 0.58 0.59 0.61 0.65 0.70 0.77 0.84 0.93 1.02 1.12 1.22 1.32 1.43 1.53 1.64 1.74 1.84 1.93 2.03 2.12 2.21 2.29 2.38 2.46 2.54 2.62 2.70 2.78 2.86 2.94 3.02 3.10 3.18 3.26 3.34 3.42 3.50 3.58 3.65 3.73 3.80 3.87 3.93 4.00 4.05 4.11 4.16 4.21 4.25 4.29 4.32 4.35 4.37 4.39 4.40 4.41 4.41 4.41 4.40 4.39 4.38 4.36 4.34 4.32 4.29 4.26 4.23 4.20 4.16 4.13 4.10 4.06 4.03 4.00 3.96 3.93 3.90 3.87 3.84 3.82 3.79 3.77 3.74 3.72 3.70 3.69 3.67 3.65 3.64 3.62 3.61 3.60 3.59 3.58 3.57 3.56 3.55 3.55 3.54 3.53 3.53 3.53 3.53 3.52 3.52 3.52 3.53 3.53 3.53 3.53 3.52 3.52 3.51 3.50 3.48 3.45 3.42 3.37 3.32 3.25 3.16 3.07 2.95 2.83 2.69 2.54 2.38 2.22 2.06 1.90 1.76 1.64 1.54 1.47 1.42 1.42 1.44 1.51 1.61 1.74 1.89 2.07 2.26 2.46 2.66 2.86 3.05 3.22 3.38 3.52 3.63 3.72 3.78 3.83 3.85 3.85 3.84 3.81 3.77 3.72 3.66 3.60 3.53 3.45 3.38 3.30 3.22 3.15 3.07 2.99 2.92 2.85 2.78 2.71 2.65 2.59 2.53 2.47 2.42 2.37 2.32 2.27 2.23 2.19 2.15 2.11 2.07 2.04 2.01 1.97 1.94 1.92 1.89 1.86 1.84 1.81 1.79 1.77 1.74 1.72 1.70 1.68 1.66 1.64 1.63 1.61 1.59 1.57 1.56 1.54 1.53 1.51 1.49 1.48 1.46 1.45 1.43 1.42 1.40 1.39 1.37 1.36 1.34 1.32 1.31 1.29 1.27 1.26 1.24 1.22 1.20
1.00 1.01 1.02 1.02 1.03 1.03 1.04 1.04 1.04 1.05 1.05 1.05 1.05 1.04 1.04 1.03 1.02 1.01 0.99 0.97 0.94 0.91 0.87 0.84 0.79 0.75 0.70 0.65 0.60 0.55 0.50 0.46 0.42 0.39 0.37 0.36 0.36 0.37 0.40 0.45 0.50 0.57 0.66 0.76 0.87 0.99 1.13 1.28 1.44 1.61 1.78 1.97 2.17 2.39 2.61 2.85 3.10 3.36 3.64 3.94 4.26 4.59 4.94 5.31 5.69 6.09 6.50 6.91 7.33 7.75 8.16 8.56 8.94 9.30 9.64 9.94 10.20 10.43 10.62 10.76 10.86 10.92 10.94 10.92 10.87 10.78 10.67 10.54 10.39 10.22 10.03 9.84 9.64 9.44 9.23 9.01 8.80 8.58 8.36 8.14 7.91 7.69 7.47 7.24 7.01 6.79 6.56 6.34 6.12 5.90 5.68 5.47 5.26 5.06 4.87 4.68 4.50 4.33 4.17 4.01 3.87 3.73 3.61 3.49 3.38 3.28 3.19 3.11 3.03 2.97 2.91 2.85 2.80 2.76 2.71 2.68 2.64 2.61 2.58 2.54 2.51 2.48 2.45 2.41 2.37 2.33 2.28 2.23 2.18 2.11 2.05 1.97 1.89 1.80 1.71 1.61 1.50 1.39 1.28 1.17 1.06 0.96 0.86 0.77 0.68 0.61 0.56 0.51 0.49 0.45 0.49 0.51 0.55 0.61 0.68 0.76 0.85 0.95 1.05 1.16 1.27 1.38 1.49 1.60 1.71 1.81 1.91 2.00 2.10 2.19 2.27 2.36 2.44 2.52 2.60 2.68 2.76 2.84 2.92 3.00 3.08 3.16 3.23 3.31 3.39 3.47 3.54 3.62 3.69 3.76 3.82 3.89 3.95 4.01 4.06 4.11 4.16 4.20 4.23 4.27 4.29 4.32 4.33 4.35 4.35 4.36 4.36 4.35 4.34 4.33 4.31 4.29 4.27 4.25 4.22 4.19 4.17 4.14 4.10 4.07 4.04 4.01 3.98 3.95 3.92 3.89 3.86 3.84 3.81 3.79 3.77 3.74 3.72 3.70 3.68 3.67 3.65 3.63 3.62 3.60 3.59 3.58 3.57 3.56 3.54 3.53 3.53 3.52 3.51 3.50 3.50 3.49 3.49 3.49 3.48 3.48 3.48 3.47 3.47 3.46 3.45 3.44 3.42 3.40 3.37 3.32 3.27 3.21 3.13 3.03 2.92 2.80 2.66 2.50 2.34 2.17 1.99 1.82 1.66 1.50 1.37 1.26 1.18 1.13 0.45 1.15 1.21 1.31 1.44 1.60 1.78 1.98 2.19 2.40 2.60 2.80 2.98 3.15 3.29 3.41 3.51 3.58 3.63 3.66 3.67 3.67 3.65 3.62 3.57 3.52 3.46 3.40 3.34 3.27 3.20 3.13 3.06 2.99 2.92 2.85 2.79 2.72 2.66 2.61 2.55 2.50 2.44 2.40 2.35 2.30 2.26 2.22 2.18 2.14 2.11 2.07 2.04 2.01 1.98 1.95 1.92 1.90 1.87 1.84 1.82 1.80 1.77 1.75 1.73 1.71 1.69 1.67 1.65 1.63 1.61 1.59 1.57 1.56 1.54 1.52 1.51 1.49 1.47 1.46 1.44 1.43 1.41 1.39 1.38 1.36 1.35 1.33 1.31 1.30 1.28 1.26 1.25 1.23 1.21 1.20
1.00 1.01 1.02 1.02 1.03 1.03 1.04 1.04 1.04 1.05 1.05 1.05 1.05 1.04 1.04 1.03 1.02 1.00 0.98 0.96 0.93 0.90 0.86 0.82 0.77 0.72 0.67 0.61 0.56 0.51 0.45 0.41 0.37 0.33 0.31 0.30 0.20 0.31 0.34 0.38 0.44 0.52 0.61 0.71 0.83 0.96 1.11 1.26 1.43 1.61 1.79 1.99 2.20 2.42 2.65 2.89 3.15 3.41 3.70 3.99 4.31 4.64 4.99 5.35 5.72 6.11 6.51 6.92 7.32 7.73 8.13 8.52 8.90 9.25 9.58 9.87 10.14 10.36 10.55 10.70 10.81 10.87 10.90 10.90 10.86 10.79 10.69 10.57 10.43 10.27 10.10 9.92 9.73 9.53 9.32 9.12 8.90 8.69 8.47 8.24 8.02 7.79 7.57 7.34 7.11 6.88 6.65 6.42 6.19 5.96 5.74 5.53 5.31 5.11 4.91 4.72 4.53 4.36 4.19 4.03 3.88 3.74 3.61 3.49 3.38 3.28 3.19 3.10 3.02 2.95 2.89 2.83 2.78 2.74 2.69 2.65 2.62 2.58 2.55 2.52 2.49 2.46 2.42 2.38 2.35 2.30 2.26 2.20 2.15 2.08 2.01 1.94 1.85 1.76 1.67 1.56 1.45 1.34 1.23 1.11 1.00 0.89 0.78 0.68 0.60 0.53 0.45 0.42 0.40 0.15 0.40 0.42 0.45 0.52 0.60 0.68 0.78 0.88 0.99 1.10 1.22 1.33 1.45 1.56 1.67 1.78 1.88 1.98 2.08 2.17 2.26 2.34 2.43 2.51 2.59 2.67 2.74 2.82 2.90 2.98 3.05 3.13 3.21 3.28 3.36 3.43 3.51 3.58 3.65 3.72 3.78 3.84 3.90 3.96 4.01 4.06 4.10 4.15 4.18 4.21 4.24 4.26 4.28 4.29 4.30 4.30 4.31 4.30 4.29 4.28 4.27 4.25 4.23 4.21 4.19 4.16 4.14 4.11 4.08 4.05 4.03 4.00 3.97 3.94 3.91 3.89 3.86 3.84 3.81 3.79 3.77 3.75 3.73 3.71 3.69 3.67 3.65 3.64 3.62 3.60 3.59 3.57 3.56 3.55 3.53 3.52 3.51 3.50 3.49 3.48 3.47 3.46 3.46 3.45 3.44 3.44 3.43 3.43 3.42 3.41 3.39 3.38 3.35 3.32 3.28 3.24 3.18 3.10 3.01 2.91 2.79 2.66 2.50 2.34 2.17 1.98 1.80 1.62 1.44 1.28 1.14 0.45 0.45 0.45 0.04 0.45 0.45 0.45 1.19 1.35 1.54 1.74 1.95 2.17 2.38 2.58 2.77 2.94 3.09 3.21 3.32 3.40 3.45 3.49 3.51 3.51 3.50 3.47 3.44 3.39 3.34 3.29 3.23 3.17 3.10 3.04 2.98 2.91 2.85 2.79 2.73 2.68 2.62 2.57 2.52 2.47 2.42 2.38 2.33 2.29 2.25 2.22 2.18 2.15 2.11 2.08 2.05 2.02 1.99 1.96 1.93 1.91 1.88 1.86 1.83 1.81 1.78 1.76 1.74 1.72 1.69 1.67 1.65 1.63 1.61 1.59 1.57 1.56 1.54 1.52 1.50 1.49 1.47 1.45 1.44 1.42 1.40 1.39 1.37 1.36 1.34 1.32 1.31 1.29 1.27 1.26 1.24 1.22 1.21 1.19
1.00 1.01 1.02 1.02 1.03 1.03 1.04 1.04 1.04 1.05 1.05 1.05 1.05 1.04 1.03 1.03 1.01 1.00 0.98 0.95 0.92 0.89 0.85 0.80 0.75 0.70 0.65 0.59 0.53 0.47 0.42 0.36 0.32 0.20 0.20 0.20 0.20 0.20 0.20 0.20 0.39 0.47 0.56 0.67 0.80 0.93 1.09 1.25 1.43 1.61 1.81 2.02 2.23 2.46 2.69 2.94 3.20 3.47 3.75 4.05 4.36 4.69 5.03 5.39 5.76 6.14 6.53 6.92 7.32 7.72 8.11 8.49 8.85 9.20 9.52 9.81 10.07 10.30 10.49 10.65 10.76 10.84 10.88 10.88 10.86 10.80 10.72 10.61 10.49 10.34 10.18 10.01 9.83 9.64 9.44 9.23 9.02 8.81 8.59 8.37 8.14 7.91 7.68 7.45 7.21 6.98 6.74 6.51 6.27 6.04 5.82 5.59 5.38 5.16 4.96 4.76 4.57 4.39 4.22 4.06 3.90 3.76 3.62 3.50 3.39 3.28 3.18 3.10 3.02 2.94 2.88 2.82 2.77 2.72 2.67 2.63 2.60 2.56 2.53 2.49 2.46 2.43 2.39 2.36 2.32 2.27 2.23 2.18 2.12 2.05 1.98 1.90 1.82 1.73 1.63 1.52 1.41 1.29 1.17 1.06 0.94 0.82 0.71 0.62 0.53 0.45 0.15 0.15 0.15 0.15 0.15 0.15 0.15 0.45 0.52 0.61 0.71 0.82 0.94 1.05 1.17 1.30 1.42 1.53 1.65 1.76 1.86 1.96 2.06 2.15 2.24 2.33 2.41 2.49 2.57 2.65 2.73 2.80 2.88 2.96 3.03 3.11 3.18 3.26 3.33 3.40 3.47 3.54 3.61 3.68 3.74 3.80 3.86 3.91 3.96 4.01 4.06 4.09 4.13 4.16 4.19 4.21 4.23 4.24 4.25 4.26 4.26 4.26 4.25 4.24 4.23 4.22 4.20 4.18 4.16 4.14 4.11 4.09 4.06 4.04 4.01 3.99 3.96 3.94 3.91 3.89 3.87 3.84 3.82 3.80 3.78 3.76 3.74 3.72 3.70 3.68 3.66 3.64 3.62 3.61 3.59 3.57 3.56 3.54 3.53 3.51 3.50 3.48 3.47 3.46 3.45 3.44 3.43 3.42 3.41 3.40 3.39 3.38 3.37 3.35 3.34 3.32 3.29 3.25 3.21 3.15 3.09 3.01 2.91 2.80 2.67 2.53 2.37 2.20 2.02 1.83 1.63 1.44 1.26 1.09 0.45 0.04 0.04 0.04 0.04 0.04 0.04 0.04 0.45 1.15 1.33 1.54 1.75 1.97 2.18 2.39 2.58 2.75 2.91 3.04 3.15 3.23 3.29 3.34 3.36 3.37 3.36 3.34 3.31 3.27 3.23 3.18 3.13 3.07 3.02 2.96 2.90 2.85 2.79 2.74 2.69 2.64 2.59 2.54 2.49 2.45 2.41 2.37 2.33 2.29 2.26 2.22 2.19 2.16 2.12 2.09 2.06 2.04 2.01 1.98 1.95 1.93 1.90 1.87 1.85 1.82 1.80 1.78 1.75 1.73 1.71 1.68 1.66 1.64 1.62 1.60 1.58 1.56 1.54 1.52 1.50 1.49 1.47 1.45 1.43 1.42 1.40 1.38 1.37 1.35 1.33 1.32 1.30 1.28 1.27 1.25 1.23 1.22 1.20 1.18
1.00 1.01 1.02 1.02 1.03 1.03 1.04 1.04 1.04 1.05 1.05 1.05 1.04 1.04 1.03 1.02 1.01 0.99 0.97 0.95 0.92 0.88 0.84 0.79 0.74 0.69 0.63 0.57 0.50 0.44 0.38 0.33 0.20 0.20 0.20 0.20 0.19 0.20 0.20 0.20 0.20 0.43 0.53 0.64 0.77 0.92 1.08 1.25 1.43 1.63 1.83 2.05 2.27 2.50 2.74 3.00 3.26 3.53 3.82 4.11 4.42 4.75 5.09 5.44 5.80 6.17 6.55 6.94 7.32 7.71 8.09 8.46 8.82 9.16 9.47 9.76 10.02 10.25 10.44 10.60 10.73 10.81 10.86 10.88 10.87 10.83 10.76 10.67 10.56 10.42 10.28 10.12 9.94 9.76 9.57 9.37 9.16 8.95 8.73 8.51 8.28 8.05 7.81 7.57 7.33 7.09 6.85 6.61 6.37 6.14 5.90 5.67 5.45 5.23 5.02 4.82 4.62 4.43 4.26 4.09 3.93 3.78 3.64 3.51 3.40 3.29 3.19 3.09 3.01 2.94 2.87 2.81 2.75 2.70 2.65 2.61 2.57 2.54 2.50 2.47 2.43 2.40 2.37 2.33 2.29 2.24 2.20 2.14 2.09 2.02 1.95 1.87 1.79 1.69 1.59 1.48 1.37 1.25 1.13 1.01 0.89 0.77 0.66 0.56 0.45 0.15 0.15 0.15 0.15 0.15 0.15 0.15 0.15 0.15 0.45 0.56 0.66 0.77 0.89 1.01 1.14 1.26 1.39 1.51 1.62 1.74 1.84 1.95 2.04 2.14 2.23 2.31 2.40 2.48 2.56 2.63 2.71 2.78 2.86 2.93 3.01 3.08 3.15 3.23 3.30 3.37 3.44 3.51 3.57 3.64 3.70 3.76 3.81 3.87 3.92 3.96 4.01 4.05 4.08 4.11 4.14 4.16 4.18 4.19 4.20 4.21 4.21 4.21 4.21 4.20 4.19 4.18 4.17 4.15 4.13 4.12 4.10 4.07 4.05 4.03 4.01 3.99 3.96 3.94 3.92 3.90 3.87 3.85 3.83 3.81 3.79 3.77 3.75 3.73 3.71 3.69 3.67 3.65 3.63 3.62 3.60 3.58 3.56 3.54 3.52 3.51 3.49 3.47 3.46 3.44 3.43 3.42 3.40 3.39 3.38 3.37 3.35 3.34 3.32 3.31 3.29 3.26 3.23 3.19 3.14 3.08 3.01 2.92 2.82 2.71 2.57 2.42 2.26 2.08 1.89 1.70 1.50 1.30 1.11 0.45 0.04 0.04 0.04 0.04 0.04 0.04 0.04 0.04 0.04 0.45 1.17 1.37 1.59 1.81 2.02 2.23 2.42 2.60 2.75 2.88 3.00 3.08 3.15 3.20 3.22 3.24 3.23 3.22 3.20 3.16 3.13 3.08 3.04 2.99 2.94 2.89 2.84 2.79 2.74 2.69 2.65 2.60 2.56 2.52 2.48 2.44 2.40 2.36 2.33 2.30 2.26 2.23 2.20 2.17 2.14 2.11 2.09 2.06 2.03 2.00 1.98 1.95 1.92 1.90 1.87 1.85 1.82 1.80 1.77 1.75 1.72 1.70 1.67 1.65 1.63 1.61 1.59 1.57 1.55 1.53 1.51 1.49 1.47 1.45 1.43 1.42 1.40 1.38 1.36 1.35 1.33 1.31 1.30 1.28 1.26 1.25 1.23 1.21 1.20 1.18
1.00 1.01 1.01 1.02 1.03 1.03 1.04 1.04 1.04 1.04 1.05 1.05 1.04 1.04 1.03 1.02 1.01 0.99 0.97 0.94 0.91 0.88 0.83 0.79 0.73 0.68 0.61 0.55 0.49 0.42 0.36 0.30 0.20 0.20 0.18 0.16 0.16 0.17 0.20 0.20 0.20 0.40 0.50 0.62 0.76 0.91 1.08 1.26 1.45 1.65 1.87 2.09 2.32 2.55 2.80 3.06 3.32 3.60 3.88 4.18 4.49 4.81 5.14 5.49 5.84 6.21 6.58 6.95 7.33 7.71 8.08 8.44 8.79 9.13 9.44 9.72 9.98 10.21 10.41 10.58 10.71 10.80 10.87 10.90 10.90 10.87 10.82 10.74 10.64 10.52 10.39 10.24 10.07 9.90 9.71 9.52 9.31 9.10 8.88 8.66 8.43 8.19 7.96 7.71 7.47 7.22 6.97 6.73 6.48 6.24 6.00 5.76 5.53 5.31 5.09 4.88 4.68 4.49 4.30 4.13 3.96 3.81 3.67 3.53 3.41 3.29 3.19 3.09 3.01 2.93 2.86 2.79 2.73 2.68 2.63 2.59 2.55 2.51 2.47 2.44 2.41 2.37 2.34 2.30 2.26 2.21 2.17 2.11 2.06 1.99 1.92 1.84 1.75 1.66 1.56 1.45 1.34 1.22 1.09 0.97 0.85 0.73 0.62 0.51 0.42 0.15 0.15 0.15 0.15 0.15 0.15 0.15 0.15 0.15 0.42 0.52 0.62 0.74 0.86 0.98 1.11 1.24 1.36 1.49 1.61 1.72 1.83 1.93 2.03 2.13 2.22 2.30 2.38 2.46 2.54 2.62 2.69 2.77 2.84 2.91 2.98 3.06 3.13 3.20 3.27 3.34 3.41 3.47 3.54 3.60 3.66 3.72 3.77 3.82 3.87 3.92 3.96 4.00 4.03 4.06 4.09 4.11 4.13 4.15 4.16 4.17 4.17 4.17 4.17 4.17 4.16 4.15 4.14 4.13 4.12 4.10 4.08 4.06 4.05 4.03 4.01 3.99 3.97 3.95 3.93 3.91 3.89 3.87 3.85 3.83 3.81 3.79 3.77 3.75 3.73 3.71 3.69 3.67 3.65 3.63 3.61 3.59 3.57 3.55 3.53 3.51 3.49 3.47 3.45 3.43 3.41 3.40 3.38 3.37 3.35 3.33 3.32 3.30 3.28 3.26 3.24 3.21 3.17 3.13 3.08 3.01 2.94 2.85 2.75 2.62 2.49 2.33 2.16 1.98 1.79 1.59 1.39 1.19 1.00 0.45 0.04 0.04 0.04 0.04 0.04 0.04 0.04 0.04 0.04 0.45 1.05 1.25 1.46 1.68 1.89 2.10 2.29 2.46 2.62 2.75 2.86 2.95 3.02 3.07 3.10 3.12 3.12 3.11 3.09 3.07 3.03 3.00 2.96 2.92 2.87 2.83 2.78 2.74 2.70 2.66 2.62 2.58 2.54 2.50 2.47 2.43 2.40 2.37 2.34 2.31 2.28 2.25 2.22 2.20 2.17 2.14 2.12 2.09 2.06 2.04 2.01 1.98 1.96 1.93 1.90 1.88 1.85 1.82 1.80 1.77 1.74 1.72 1.69 1.67 1.64 1.62 1.60 1.58 1.55 1.53 1.51 1.49 1.47 1.45 1.43 1.42 1.40 1.38 1.36 1.35 1.33 1.31 1.29 1.28 1.26 1.24 1.23 1.21 1.19 1.17
1.00 1.01 1.01 1.02 1.03 1.03 1.03 1.04 1.04 1.04 1.05 1.04 1.04 1.04 1.03 1.02 1.01 0.99 0.97 0.94 0.91 0.87 0.83 0.78 0.73 0.67 0.61 0.55 0.48 0.41 0.35 0.29 0.20 0.20 0.16 0.14 0.14 0.15 0.18 0.20 0.20 0.39 0.49 0.62 0.76 0.92 1.09 1.28 1.48 1.69 1.91 2.14 2.37 2.62 2.87 3.13 3.39 3.67 3.96 4.25 4.56 4.88 5.21 5.54 5.89 6.25 6.61 6.98 7.35 7.72 8.08 8.44 8.78 9.11 9.41 9.70 9.96 10.19 10.39 10.56 10.70 10.81 10.88 10.93 10.94 10.93 10.89 10.82 10.74 10.63 10.51 10.37 10.22 10.05 9.87 9.68 9.48 9.27 9.05 8.82 8.59 8.35 8.11 7.86 7.61 7.36 7.11 6.85 6.60 6.35 6.10 5.86 5.62 5.39 5.17 4.95 4.74 4.54 4.35 4.17 4.00 3.84 3.69 3.56 3.43 3.31 3.20 3.10 3.01 2.92 2.85 2.78 2.72 2.66 2.61 2.57 2.52 2.48 2.45 2.41 2.38 2.34 2.30 2.27 2.23 2.18 2.14 2.08 2.02 1.96 1.89 1.81 1.73 1.63 1.53 1.42 1.31 1.19 1.07 0.94 0.82 0.70 0.59 0.49 0.39 0.15 0.15 0.15 0.15 0.15 0.15 0.15 0.15 0.15 0.40 0.49 0.60 0.71 0.84 0.96 1.09 1.22 1.35 1.47 1.59 1.71 1.82 1.92 2.02 2.11 2.20 2.29 2.37 2.45 2.53 2.60 2.68 2.75 2.82 2.89 2.96 3.03 3.10 3.17 3.24 3.31 3.37 3.44 3.50 3.56 3.62 3.68 3.73 3.78 3.83 3.87 3.92 3.95 3.99 4.02 4.05 4.07 4.09 4.11 4.12 4.13 4.14 4.14 4.14 4.14 4.14 4.13 4.12 4.11 4.10 4.09 4.08 4.06 4.05 4.03 4.01 4.00 3.98 3.96 3.95 3.93 3.91 3.89 3.88 3.86 3.84 3.82 3.80 3.78 3.76 3.74 3.72 3.70 3.67 3.65 3.63 3.60 3.58 3.56 3.54 3.51 3.49 3.47 3.45 3.42 3.40 3.38 3.36 3.35 3.33 3.31 3.29 3.27 3.25 3.22 3.19 3.16 3.12 3.08 3.02 2.96 2.88 2.79 2.68 2.56 2.42 2.26 2.09 1.91 1.72 1.52 1.32 1.12 0.93 0.45 0.04 0.04 0.04 0.04 0.04 0.04 0.04 0.04 0.04 0.45 0.96 1.16 1.37 1.58 1.79 1.99 2.18 2.35 2.51 2.64 2.75 2.84 2.91 2.96 2.99 3.01 3.02 3.01 3.00 2.98 2.95 2.92 2.89 2.85 2.81 2.78 2.74 2.70 2.66 2.63 2.59 2.56 2.53 2.50 2.47 2.44 2.41 2.38 2.36 2.33 2.30 2.28 2.26 2.23 2.21 2.18 2.15 2.13 2.10 2.08 2.05 2.02 2.00 1.97 1.94 1.91 1.88 1.86 1.83 1.80 1.77 1.74 1.72 1.69 1.66 1.64 1.61 1.59 1.57 1.54 1.52 1.50 1.48 1.46 1.44 1.42 1.40 1.38 1.36 1.34 1.33 1.31 1.29 1.28 1.26 1.24 1.22 1.21 1.19 1.17
1.00 1.01 1.01 1.02 1.02 1.03 1.03 1.04 1.04 1.04 1.04 1.04 1.04 1.04 1.03 1.02 1.01 0.99 0.97 0.95 0.91 0.88 0.83 0.79 0.73 0.67 0.61 0.55 0.48 0.41 0.35 0.20 0.20 0.19 0.16 0.14 0.13 0.15 0.18 0.20 0.20 0.20 0.45 0.63 0.78 0.94 1.12 1.32 1.52 1.74 1.96 2.20 2.44 2.69 2.94 3.20 3.47 3.75 4.04 4.33 4.64 4.95 5.27 5.61 5.95 6.30 6.66 7.02 7.38 7.74 8.09 8.44 8.78 9.10 9.41 9.69 9.95 10.18 10.39 10.57 10.71 10.83 10.91 10.97 11.00 11.00 10.97 10.92 10.85 10.76 10.65 10.52 10.37 10.21 10.04 9.85 9.65 9.44 9.22 9.00 8.76 8.52 8.28 8.02 7.77 7.51 7.25 6.99 6.73 6.47 6.22 5.97 5.72 5.49 5.25 5.03 4.81 4.61 4.41 4.22 4.05 3.88 3.73 3.58 3.45 3.32 3.21 3.10 3.01 2.92 2.84 2.77 2.71 2.65 2.59 2.54 2.50 2.46 2.42 2.38 2.35 2.31 2.27 2.23 2.19 2.15 2.10 2.05 1.99 1.93 1.86 1.78 1.70 1.61 1.51 1.40 1.29 1.17 1.05 0.93 0.81 0.69 0.58 0.45 0.15 0.15 0.15 0.15 0.15 0.15 0.15 0.15 0.15 0.15 0.15 0.45 0.59 0.71 0.83 0.96 1.09 1.21 1.34 1.47 1.59 1.70 1.81 1.91 2.01 2.11 2.19 2.28 2.36 2.44 2.51 2.59 2.66 2.73 2.80 2.87 2.94 3.01 3.08 3.14 3.21 3.28 3.34 3.40 3.47 3.52 3.58 3.64 3.69 3.74 3.79 3.83 3.87 3.91 3.95 3.98 4.00 4.03 4.05 4.07 4.08 4.09 4.10 4.11 4.11 4.11 4.11 4.11 4.11 4.10 4.09 4.08 4.07 4.06 4.05 4.04 4.03 4.01 4.00 3.99 3.97 3.96 3.94 3.93 3.91 3.89 3.87 3.86 3.84 3.82 3.79 3.77 3.75 3.73 3.70 3.68 3.65 3.63 3.60 3.58 3.55 3.52 3.50 3.47 3.45 3.42 3.40 3.38 3.35 3.33 3.31 3.29 3.26 3.24 3.21 3.19 3.16 3.12 3.08 3.03 2.97 2.91 2.83 2.73 2.62 2.50 2.36 2.21 2.04 1.86 1.66 1.47 1.27 1.08 0.45 0.04 0.04 0.04 0.04 0.04 0.04 0.04 0.04 0.04 0.04 0.04 0.45 1.11 1.31 1.51 1.72 1.91 2.10 2.26 2.41 2.54 2.65 2.74 2.81 2.86 2.90 2.92 2.93 2.93 2.92 2.90 2.88 2.85 2.83 2.79 2.76 2.73 2.70 2.67 2.64 2.61 2.58 2.55 2.52 2.50 2.47 2.45 2.43 2.40 2.38 2.36 2.34 2.32 2.30 2.27 2.25 2.23 2.20 2.18 2.15 2.13 2.10 2.07 2.04 2.01 1.99 1.96 1.93 1.90 1.87 1.83 1.80 1.77 1.75 1.72 1.69 1.66 1.63 1.61 1.58 1.56 1.53 1.51 1.49 1.47 1.44 1.42 1.40 1.38 1.36 1.35 1.33 1.31 1.29 1.27 1.26 1.24 1.22 1.21 1.19 1.17
1.00 1.00 1.01 1.02 1.02 1.03 1.03 1.04 1.04 1.04 1.04 1.04 1.04 1.04 1.03 1.02 1.01 0.99 0.97 0.95 0.92 0.88 0.84 0.79 0.74 0.68 0.62 0.56 0.49 0.43 0.36 0.30 0.20 0.20 0.17 0.15 0.15 0.16 0.19 0.20 0.20 0.41 0.53 0.66 0.82 0.99 1.17 1.37 1.58 1.80 2.03 2.27 2.52 2.77 3.03 3.29 3.56 3.84 4.13 4.42 4.72 5.03 5.35 5.68 6.01 6.36 6.71 7.06 7.41 7.77 8.12 8.46 8.79 9.11 9.41 9.69 9.95 10.19 10.40 10.59 10.74 10.87 10.96 11.03 11.07 11.08 11.07 11.03 10.97 10.89 10.79 10.67 10.53 10.38 10.21 10.03 9.83 9.63 9.41 9.18 8.94 8.70 8.45 8.19 7.93 7.67 7.40 7.13 6.87 6.60 6.34 6.08 5.83 5.58 5.34 5.11 4.89 4.68 4.47 4.28 4.10 3.92 3.76 3.61 3.47 3.34 3.22 3.11 3.01 2.92 2.84 2.76 2.69 2.63 2.57 2.52 2.48 2.43 2.39 2.35 2.31 2.28 2.24 2.20 2.16 2.12 2.07 2.02 1.96 1.90 1.83 1.76 1.68 1.59 1.49 1.39 1.28 1.16 1.04 0.92 0.81 0.69 0.58 0.48 0.39 0.15 0.15 0.15 0.15 0.15 0.15 0.15 0.15 0.15 0.39 0.49 0.60 0.71 0.83 0.96 1.09 1.22 1.34 1.47 1.58 1.70 1.81 1.91 2.01 2.10 2.19 2.27 2.35 2.43 2.50 2.57 2.64 2.71 2.78 2.85 2.92 2.98 3.05 3.12 3.18 3.25 3.31 3.37 3.43 3.49 3.55 3.60 3.65 3.70 3.75 3.79 3.83 3.87 3.91 3.94 3.97 3.99 4.01 4.03 4.05 4.06 4.07 4.08 4.09 4.09 4.10 4.10 4.10 4.09 4.09 4.09 4.08 4.07 4.07 4.06 4.05 4.04 4.03 4.02 4.01 3.99 3.98 3.97 3.95 3.94 3.92 3.90 3.88 3.86 3.84 3.82 3.79 3.77 3.74 3.72 3.69 3.66 3.63 3.60 3.57 3.54 3.51 3.48 3.46 3.43 3.40 3.37 3.35 3.32 3.29 3.27 3.24 3.22 3.19 3.16 3.12 3.09 3.04 2.99 2.93 2.86 2.78 2.69 2.58 2.46 2.32 2.17 2.00 1.82 1.64 1.44 1.25 1.06 0.88 0.45 0.04 0.04 0.04 0.04 0.04 0.04 0.04 0.04 0.04 0.45 0.90 1.08 1.28 1.48 1.67 1.86 2.03 2.20 2.34 2.47 2.57 2.66 2.73 2.78 2.82 2.84 2.85 2.85 2.85 2.83 2.82 2.80 2.77 2.75 2.72 2.70 2.67 2.64 2.62 2.60 2.57 2.55 2.53 2.51 2.49 2.47 2.46 2.44 2.42 2.40 2.38 2.37 2.35 2.33 2.31 2.28 2.26 2.24 2.21 2.19 2.16 2.13 2.10 2.07 2.04 2.01 1.98 1.94 1.91 1.88 1.85 1.81 1.78 1.75 1.72 1.69 1.66 1.63 1.60 1.57 1.55 1.52 1.50 1.48 1.45 1.43 1.41 1.39 1.37 1.35 1.33 1.31 1.29 1.28 1.26 1.24 1.22 1.21 1.19 1.17
1.00 1.00 1.01 1.01 1.02 1.03 1.03 1.03 1.04 1.04 1.04 1.04 1.04 1.04 1.03 1.03 1.01 1.00 0.98 0.96 0.93 0.89 0.85 0.81 0.76 0.70 0.64 0.58 0.52 0.45 0.39 0.33 0.20 0.20 0.20 0.18 0.18 0.19 0.20 0.20 0.20 0.45 0.57 0.71 0.87 1.05 1.24 1.44 1.66 1.89 2.12 2.36 2.61 2.86 3.12 3.39 3.66 3.94 4.22 4.51 4.81 5.12 5.43 5.75 6.09 6.42 6.76 7.11 7.46 7.80 8.15 8.48 8.81 9.13 9.43 9.71 9.97 10.21 10.43 10.62 10.78 10.92 11.02 11.10 11.16 11.18 11.18 11.16 11.11 11.04 10.95 10.83 10.70 10.56 10.39 10.21 10.02 9.82 9.60 9.37 9.13 8.88 8.63 8.36 8.10 7.83 7.56 7.28 7.01 6.74 6.47 6.20 5.94 5.69 5.44 5.20 4.97 4.75 4.54 4.34 4.15 3.97 3.80 3.64 3.50 3.36 3.24 3.12 3.02 2.92 2.83 2.75 2.68 2.61 2.55 2.50 2.45 2.40 2.36 2.32 2.28 2.24 2.21 2.17 2.13 2.08 2.04 1.99 1.93 1.87 1.81 1.74 1.66 1.57 1.48 1.38 1.27 1.16 1.04 0.93 0.81 0.70 0.60 0.50 0.41 0.15 0.15 0.15 0.15 0.15 0.15 0.15 0.15 0.15 0.42 0.51 0.62 0.73 0.85 0.97 1.10 1.23 1.35 1.47 1.59 1.70 1.81 1.91 2.00 2.10 2.18 2.26 2.34 2.42 2.49 2.56 2.63 2.70 2.76 2.83 2.90 2.96 3.03 3.09 3.15 3.22 3.28 3.34 3.40 3.46 3.51 3.56 3.62 3.66 3.71 3.75 3.80 3.83 3.87 3.90 3.93 3.96 3.98 4.00 4.02 4.04 4.05 4.06 4.07 4.08 4.09 4.09 4.09 4.09 4.10 4.09 4.09 4.09 4.09 4.08 4.08 4.07 4.06 4.06 4.05 4.04 4.03 4.02 4.00 3.99 3.97 3.95 3.94 3.91 3.89 3.87 3.84 3.82 3.79 3.76 3.73 3.70 3.67 3.63 3.60 3.57 3.54 3.50 3.47 3.44 3.41 3.37 3.34 3.31 3.28 3.25 3.23 3.20 3.16 3.13 3.09 3.05 3.01 2.96 2.90 2.83 2.75 2.65 2.55 2.43 2.29 2.14 1.98 1.81 1.63 1.44 1.26 1.08 0.90 0.45 0.04 0.04 0.04 0.04 0.04 0.04 0.04 0.04 0.04 0.45 0.91 1.09 1.27 1.46 1.65 1.83 1.99 2.15 2.28 2.40 2.51 2.59 2.66 2.71 2.74 2.77 2.78 2.79 2.78 2.78 2.76 2.75 2.73 2.71 2.69 2.67 2.65 2.63 2.61 2.59 2.58 2.56 2.55 2.53 2.52 2.51 2.49 2.48 2.47 2.45 2.44 2.42 2.41 2.39 2.37 2.35 2.33 2.31 2.28 2.26 2.23 2.20 2.17 2.14 2.10 2.07 2.04 2.00 1.96 1.93 1.89 1.86 1.82 1.79 1.75 1.72 1.69 1.66 1.63 1.60 1.57 1.54 1.51 1.49 1.46 1.44 1.42 1.40 1.38 1.36 1.34 1.32 1.30 1.28 1.26 1.24 1.22 1.21 1.19 1.17
0.99 1.00 1.01 1.01 1.02 1.02 1.03 1.03 1.04 1.04 1.04 1.04 1.04 1.04 1.04 1.03 1.02 1.00 0.99 0.97 0.94 0.91 0.87 0.83 0.78 0.73 0.67 0.61 0.55 0.49 0.43 0.37 0.20 0.20 0.20 0.20 0.20 0.20 0.20 0.20 0.20 0.45 0.64 0.79 0.95 1.13 1.33 1.53 1.75 1.98 2.22 2.47 2.72 2.97 3.23 3.50 3.77 4.04 4.32 4.61 4.91 5.21 5.52 5.84 6.16 6.49 6.83 7.17 7.51 7.85 8.19 8.52 8.85 9.16 9.46 9.74 10.01 10.25 10.47 10.67 10.84 10.98 11.10 11.19 11.25 11.29 11.30 11.29 11.25 11.19 11.11 11.00 10.88 10.74 10.58 10.40 10.21 10.01 9.79 9.56 9.32 9.07 8.81 8.54 8.27 7.99 7.72 7.43 7.15 6.88 6.60 6.33 6.06 5.80 5.54 5.29 5.06 4.83 4.61 4.40 4.20 4.02 3.84 3.68 3.53 3.38 3.25 3.13 3.02 2.92 2.83 2.74 2.67 2.60 2.54 2.48 2.43 2.38 2.33 2.29 2.25 2.21 2.17 2.13 2.09 2.05 2.01 1.96 1.90 1.85 1.78 1.71 1.64 1.55 1.47 1.37 1.27 1.16 1.05 0.94 0.83 0.73 0.62 0.53 0.44 0.15 0.15 0.15 0.15 0.15 0.15 0.15 0.15 0.15 0.45 0.55 0.65 0.76 0.88 1.00 1.12 1.24 1.37 1.48 1.60 1.71 1.81 1.91 2.00 2.09 2.18 2.26 2.33 2.41 2.48 2.55 2.61 2.68 2.75 2.81 2.88 2.94 3.00 3.07 3.13 3.19 3.25 3.31 3.37 3.42 3.48 3.53 3.58 3.63 3.67 3.72 3.76 3.80 3.83 3.87 3.90 3.93 3.95 3.98 4.00 4.02 4.03 4.05 4.06 4.07 4.08 4.09 4.10 4.10 4.11 4.11 4.11 4.11 4.12 4.12 4.11 4.11 4.11 4.11 4.10 4.09 4.09 4.08 4.06 4.05 4.04 4.02 4.00 3.98 3.96 3.93 3.91 3.88 3.85 3.81 3.78 3.75 3.71 3.68 3.64 3.60 3.56 3.53 3.49 3.45 3.42 3.38 3.35 3.31 3.28 3.25 3.21 3.18 3.15 3.11 3.07 3.03 2.98 2.93 2.87 2.80 2.72 2.63 2.52 2.41 2.28 2.13 1.98 1.81 1.64 1.46 1.29 1.11 0.95 0.45 0.04 0.04 0.04 0.04 0.04 0.04 0.04 0.04 0.04 0.45 0.96 1.12 1.29 1.47 1.64 1.81 1.97 2.11 2.24 2.36 2.45 2.53 2.60 2.65 2.68 2.71 2.72 2.73 2.73 2.73 2.72 2.71 2.69 2.68 2.66 2.65 2.64 2.62 2.61 2.60 2.59 2.58 2.57 2.56 2.56 2.55 2.54 2.53 2.53 2.52 2.51 2.50 2.48 2.47 2.45 2.43 2.41 2.39 2.37 2.34 2.31 2.28 2.25 2.22 2.18 2.14 2.11 2.07 2.03 1.99 1.95 1.91 1.87 1.83 1.80 1.76 1.72 1.69 1.65 1.62 1.59 1.56 1.53 1.51 1.48 1.45 1.43 1.41 1.38 1.36 1.34 1.32 1.30 1.28 1.26 1.25 1.23 1.21 1.19 1.17
0.99 1.00 1.00 1.01 1.02 1.02 1.03 1.03 1.04 1.04 1.04 1.04 1.04 1.04 1.04 1.03 1.02 1.01 1.00 0.98 0.95 0.93 0.89 0.85 0.81 0.76 0.71 0.65 0.59 0.54 0.48 0.43 0.38 0.20 0.20 0.20 0.20 0.20 0.20 0.20 0.45 0.61 0.74 0.88 1.05 1.24 1.43 1.65 1.87 2.10 2.34 2.59 2.84 3.09 3.35 3.62 3.88 4.16 4.43 4.72 5.01 5.31 5.61 5.93 6.24 6.57 6.90 7.23 7.57 7.91 8.24 8.57 8.89 9.20 9.50 9.78 10.05 10.30 10.52 10.72 10.90 11.05 11.18 11.28 11.35 11.40 11.42 11.42 11.39 11.34 11.27 11.17 11.06 10.92 10.77 10.59 10.40 10.20 9.98 9.75 9.51 9.25 8.99 8.72 8.44 8.16 7.88 7.59 7.30 7.02 6.73 6.45 6.18 5.91 5.64 5.39 5.14 4.91 4.68 4.46 4.26 4.07 3.88 3.71 3.55 3.41 3.27 3.14 3.03 2.92 2.82 2.74 2.66 2.58 2.52 2.46 2.40 2.35 2.30 2.26 2.22 2.18 2.14 2.10 2.06 2.02 1.97 1.93 1.88 1.82 1.76 1.69 1.62 1.54 1.46 1.37 1.27 1.17 1.07 0.97 0.86 0.76 0.66 0.57 0.49 0.42 0.15 0.15 0.15 0.15 0.15 0.15 0.15 0.44 0.51 0.60 0.70 0.80 0.92 1.03 1.15 1.27 1.39 1.50 1.61 1.72 1.82 1.92 2.01 2.09 2.17 2.25 2.33 2.40 2.47 2.53 2.60 2.66 2.73 2.79 2.86 2.92 2.98 3.04 3.10 3.16 3.22 3.28 3.34 3.39 3.44 3.50 3.55 3.60 3.64 3.69 3.73 3.77 3.80 3.84 3.87 3.90 3.93 3.95 3.98 4.00 4.02 4.04 4.05 4.07 4.08 4.09 4.11 4.12 4.13 4.13 4.14 4.15 4.15 4.16 4.16 4.16 4.16 4.16 4.16 4.16 4.15 4.15 4.14 4.13 4.11 4.10 4.08 4.06 4.03 4.01 3.98 3.95 3.91 3.88 3.84 3.81 3.77 3.73 3.69 3.64 3.60 3.56 3.52 3.48 3.44 3.40 3.36 3.32 3.28 3.24 3.21 3.17 3.13 3.09 3.05 3.01 2.96 2.91 2.84 2.78 2.70 2.61 2.51 2.39 2.27 2.13 1.99 1.83 1.67 1.50 1.33 1.17 1.02 0.88 0.45 0.04 0.04 0.04 0.04 0.04 0.04 0.04 0.45 0.88 1.02 1.17 1.33 1.50 1.66 1.81 1.96 2.09 2.22 2.32 2.41 2.49 2.55 2.60 2.63 2.66 2.67 2.68 2.69 2.69 2.68 2.67 2.67 2.66 2.65 2.64 2.63 2.63 2.62 2.62 2.61 2.61 2.61 2.61 2.61 2.60 2.60 2.60 2.60 2.59 2.59 2.58 2.57 2.56 2.55 2.53 2.51 2.49 2.46 2.44 2.41 2.38 2.34 2.30 2.27 2.23 2.19 2.14 2.10 2.06 2.01 1.97 1.93 1.89 1.84 1.80 1.76 1.73 1.69 1.65 1.62 1.59 1.55 1.53 1.50 1.47 1.44 1.42 1.39 1.37 1.35 1.33 1.31 1.29 1.27 1.25 1.23 1.21 1.20 1.18
0.99 0.99 1.00 1.01 1.01 1.02 1.02 1.03 1.03 1.04 1.04 1.04 1.04 1.04 1.04 1.04 1.03 1.02 1.01 0.99 0.97 0.95 0.92 0.88 0.84 0.80 0.75 0.70 0.65 0.60 0.55 0.50 0.45 0.42 0.40 0.39 0.20 0.42 0.45 0.45 0.61 0.72 0.85 1.01 1.18 1.36 1.57 1.78 2.01 2.24 2.48 2.73 2.98 3.23 3.49 3.75 4.01 4.28 4.55 4.83 5.12 5.41 5.71 6.02 6.33 6.65 6.98 7.30 7.63 7.97 8.29 8.62 8.94 9.25 9.55 9.83 10.10 10.35 10.58 10.79 10.97 11.13 11.27 11.38 11.46 11.52 11.55 11.56 11.54 11.50 11.43 11.34 11.23 11.10 10.95 10.78 10.59 10.39 10.17 9.94 9.69 9.44 9.17 8.90 8.61 8.33 8.04 7.74 7.45 7.16 6.86 6.58 6.29 6.02 5.75 5.48 5.23 4.99 4.75 4.53 4.32 4.12 3.93 3.75 3.59 3.43 3.29 3.16 3.04 2.92 2.82 2.73 2.64 2.57 2.50 2.43 2.38 2.32 2.27 2.23 2.19 2.14 2.10 2.06 2.03 1.98 1.94 1.90 1.85 1.80 1.74 1.68 1.61 1.54 1.46 1.37 1.28 1.19 1.09 1.00 0.90 0.80 0.71 0.63 0.55 0.49 0.44 0.40 0.37 0.15 0.38 0.40 0.45 0.50 0.58 0.66 0.75 0.85 0.96 1.07 1.19 1.30 1.42 1.53 1.63 1.73 1.83 1.92 2.01 2.09 2.17 2.25 2.32 2.39 2.46 2.52 2.59 2.65 2.71 2.77 2.84 2.90 2.96 3.02 3.08 3.14 3.19 3.25 3.31 3.36 3.41 3.47 3.52 3.56 3.61 3.65 3.70 3.74 3.77 3.81 3.84 3.88 3.91 3.93 3.96 3.99 4.01 4.03 4.05 4.07 4.09 4.11 4.12 4.14 4.15 4.16 4.18 4.19 4.20 4.21 4.22 4.22 4.23 4.23 4.24 4.24 4.23 4.23 4.22 4.21 4.20 4.18 4.17 4.14 4.12 4.09 4.06 4.03 3.99 3.96 3.92 3.87 3.83 3.79 3.74 3.70 3.65 3.60 3.56 3.51 3.46 3.42 3.37 3.33 3.29 3.25 3.21 3.17 3.12 3.08 3.04 2.99 2.94 2.89 2.83 2.76 2.68 2.60 2.50 2.39 2.27 2.14 2.01 1.86 1.71 1.55 1.40 1.24 1.10 0.97 0.86 0.45 0.45 0.45 0.04 0.45 0.45 0.45 0.86 0.97 1.10 1.24 1.39 1.54 1.69 1.83 1.96 2.09 2.20 2.30 2.38 2.45 2.51 2.55 2.59 2.61 2.63 2.64 2.65 2.65 2.65 2.65 2.65 2.64 2.64 2.64 2.64 2.64 2.64 2.64 2.65 2.65 2.65 2.66 2.67 2.67 2.68 2.68 2.68 2.68 2.68 2.68 2.67 2.66 2.65 2.64 2.62 2.60 2.57 2.55 2.52 2.48 2.45 2.41 2.37 2.32 2.28 2.23 2.18 2.14 2.09 2.04 1.99 1.95 1.90 1.85 1.81 1.77 1.73 1.69 1.65 1.62 1.58 1.55 1.52 1.49 1.46 1.43 1.41 1.38 1.36 1.34 1.32 1.30 1.28 1.26 1.24 1.22 1.20 1.18
0.99 0.99 1.00 1.01 1.01 1.02 1.02 1.03 1.03 1.04 1.04 1.04 1.04 1.05 1.04 1.04 1.04 1.03 1.02 1.01 0.99 0.97 0.95 0.92 0.89 0.85 0.81 0.76 0.72 0.67 0.63 0.58 0.55 0.52 0.50 0.50 0.45 0.54 0.59 0.66 0.75 0.86 1.00 1.15 1.33 1.52 1.72 1.94 2.17 2.40 2.64 2.88 3.13 3.38 3.63 3.89 4.15 4.41 4.68 4.96 5.23 5.52 5.81 6.11 6.42 6.74 7.05 7.38 7.70 8.03 8.35 8.68 8.99 9.30 9.60 9.88 10.15 10.41 10.64 10.86 11.05 11.21 11.36 11.48 11.57 11.64 11.68 11.69 11.68 11.65 11.59 11.51 11.41 11.28 11.13 10.97 10.78 10.58 10.36 10.12 9.88 9.62 9.35 9.07 8.78 8.49 8.19 7.89 7.59 7.29 7.00 6.70 6.41 6.13 5.85 5.58 5.32 5.07 4.83 4.60 4.38 4.17 3.97 3.79 3.62 3.46 3.31 3.17 3.04 2.93 2.82 2.72 2.63 2.55 2.48 2.41 2.35 2.30 2.24 2.20 2.15 2.11 2.07 2.03 1.99 1.95 1.91 1.87 1.82 1.77 1.72 1.66 1.60 1.53 1.45 1.38 1.29 1.21 1.12 1.03 0.94 0.85 0.77 0.69 0.62 0.56 0.51 0.48 0.46 0.45 0.46 0.49 0.53 0.58 0.65 0.73 0.82 0.91 1.02 1.12 1.23 1.34 1.45 1.55 1.65 1.75 1.84 1.93 2.02 2.09 2.17 2.24 2.31 2.38 2.45 2.51 2.57 2.63 2.70 2.76 2.82 2.88 2.94 2.99 3.05 3.11 3.17 3.22 3.28 3.33 3.39 3.44 3.49 3.53 3.58 3.63 3.67 3.71 3.75 3.79 3.82 3.86 3.89 3.92 3.95 3.98 4.00 4.03 4.06 4.08 4.10 4.12 4.15 4.17 4.19 4.20 4.22 4.24 4.26 4.27 4.28 4.30 4.31 4.31 4.32 4.32 4.33 4.32 4.32 4.31 4.30 4.29 4.27 4.25 4.22 4.19 4.16 4.12 4.09 4.04 4.00 3.95 3.91 3.86 3.81 3.76 3.70 3.65 3.60 3.55 3.50 3.45 3.40 3.35 3.30 3.26 3.21 3.17 3.12 3.08 3.03 2.98 2.93 2.87 2.81 2.75 2.67 2.59 2.50 2.40 2.28 2.16 2.03 1.90 1.76 1.61 1.47 1.33 1.20 1.08 0.98 0.89 0.83 0.79 0.45 0.79 0.83 0.89 0.97 1.07 1.19 1.32 1.45 1.59 1.72 1.85 1.98 2.09 2.19 2.28 2.36 2.42 2.48 2.52 2.55 2.58 2.60 2.61 2.62 2.63 2.63 2.63 2.64 2.64 2.64 2.65 2.65 2.66 2.67 2.68 2.69 2.70 2.71 2.73 2.74 2.75 2.76 2.77 2.78 2.79 2.79 2.79 2.79 2.78 2.77 2.76 2.74 2.72 2.70 2.67 2.64 2.60 2.56 2.52 2.48 2.43 2.38 2.33 2.28 2.23 2.17 2.12 2.07 2.01 1.96 1.91 1.86 1.82 1.77 1.73 1.69 1.65 1.61 1.58 1.54 1.51 1.48 1.45 1.42 1.40 1.37 1.35 1.33 1.31 1.29 1.27 1.25 1.23 1.21 1.19
0.98 0.99 1.00 1.00 1.01 1.01 1.02 1.03 1.03 1.04 1.04 1.04 1.05 1.05 1.05 1.05 1.05 1.04 1.04 1.03 1.02 1.00 0.98 0.96 0.93 0.90 0.87 0.83 0.79 0.76 0.72 0.68 0.66 0.63 0.62 0.63 0.64 0.68 0.73 0.81 0.91 1.03 1.17 1.33 1.50 1.70 1.90 2.12 2.35 2.58 2.82 3.06 3.30 3.55 3.79 4.04 4.30 4.56 4.82 5.08 5.36 5.64 5.92 6.21 6.52 6.82 7.13 7.45 7.77 8.09 8.42 8.73 9.05 9.36 9.65 9.94 10.21 10.47 10.71 10.92 11.12 11.30 11.45 11.57 11.67 11.75 11.80 11.82 11.82 11.80 11.74 11.67 11.57 11.45 11.31 11.14 10.96 10.76 10.54 10.30 10.05 9.79 9.52 9.24 8.95 8.65 8.35 8.04 7.74 7.43 7.13 6.82 6.53 6.23 5.95 5.67 5.40 5.15 4.90 4.66 4.43 4.22 4.02 3.83 3.65 3.48 3.33 3.18 3.05 2.93 2.82 2.72 2.62 2.54 2.46 2.39 2.33 2.27 2.22 2.17 2.12 2.08 2.04 2.00 1.96 1.92 1.88 1.84 1.79 1.75 1.70 1.64 1.59 1.52 1.46 1.38 1.31 1.23 1.15 1.07 0.99 0.91 0.83 0.76 0.69 0.64 0.60 0.56 0.55 0.54 0.55 0.58 0.61 0.67 0.73 0.81 0.89 0.98 1.08 1.18 1.28 1.38 1.48 1.58 1.68 1.77 1.86 1.94 2.02 2.10 2.17 2.24 2.31 2.37 2.44 2.50 2.56 2.62 2.68 2.74 2.80 2.86 2.91 2.97 3.03 3.09 3.14 3.20 3.25 3.31 3.36 3.41 3.46 3.51 3.55 3.60 3.64 3.69 3.73 3.77 3.80 3.84 3.88 3.91 3.94 3.98 4.01 4.04 4.07 4.09 4.12 4.15 4.18 4.20 4.23 4.25 4.28 4.30 4.32 4.34 4.36 4.38 4.39 4.41 4.42 4.43 4.43 4.43 4.43 4.42 4.41 4.40 4.38 4.36 4.33 4.30 4.27 4.23 4.19 4.15 4.10 4.05 3.99 3.94 3.88 3.83 3.77 3.71 3.65 3.60 3.54 3.48 3.43 3.37 3.32 3.27 3.22 3.17 3.12 3.08 3.03 2.97 2.92 2.87 2.81 2.74 2.67 2.59 2.50 2.41 2.30 2.19 2.07 1.94 1.82 1.68 1.55 1.43 1.31 1.20 1.10 1.02 0.97 0.93 0.92 0.93 0.96 1.02 1.09 1.19 1.29 1.41 1.53 1.65 1.77 1.89 2.00 2.10 2.19 2.27 2.34 2.40 2.45 2.49 2.53 2.55 2.57 2.59 2.60 2.61 2.62 2.63 2.63 2.64 2.65 2.66 2.68 2.69 2.71 2.72 2.74 2.76 2.78 2.80 2.82 2.84 2.86 2.88 2.89 2.90 2.91 2.92 2.92 2.92 2.91 2.90 2.89 2.87 2.84 2.81 2.78 2.74 2.70 2.65 2.60 2.55 2.50 2.44 2.38 2.33 2.27 2.21 2.15 2.09 2.03 1.98 1.93 1.87 1.82 1.78 1.73 1.69 1.65 1.61 1.57 1.54 1.50 1.47 1.44 1.41 1.39 1.36 1.34 1.32 1.30 1.27 1.25 1.24 1.22 1.20
0.98 0.99 0.99 1.00 1.01 1.01 1.02 1.02 1.03 1.03 1.04 1.04 1.05 1.05 1.05 1.06 1.06 1.06 1.05 1.05 1.04 1.03 1.02 1.00 0.98 0.96 0.94 0.91 0.88 0.85 0.82 0.80 0.78 0.77 0.77 0.78 0.80 0.85 0.91 0.99 1.09 1.22 1.36 1.53 1.70 1.90 2.11 2.32 2.55 2.78 3.01 3.25 3.49 3.73 3.97 4.21 4.46 4.71 4.96 5.22 5.48 5.75 6.03 6.32 6.61 6.91 7.22 7.53 7.84 8.16 8.48 8.79 9.10 9.41 9.71 9.99 10.27 10.53 10.77 10.99 11.19 11.37 11.53 11.66 11.77 11.86 11.91 11.95 11.95 11.93 11.89 11.82 11.72 11.61 11.47 11.31 11.12 10.92 10.71 10.47 10.22 9.96 9.68 9.39 9.10 8.80 8.49 8.18 7.87 7.56 7.25 6.94 6.64 6.34 6.05 5.76 5.49 5.22 4.97 4.72 4.49 4.27 4.06 3.86 3.68 3.51 3.35 3.20 3.06 2.93 2.82 2.71 2.61 2.52 2.44 2.37 2.30 2.24 2.19 2.14 2.09 2.05 2.00 1.96 1.93 1.89 1.85 1.81 1.77 1.72 1.68 1.63 1.57 1.52 1.46 1.39 1.32 1.25 1.18 1.11 1.03 0.96 0.89 0.83 0.77 0.72 0.68 0.66 0.64 0.64 0.65 0.67 0.71 0.76 0.82 0.89 0.96 1.05 1.14 1.23 1.33 1.42 1.52 1.61 1.70 1.79 1.87 1.95 2.03 2.10 2.17 2.24 2.30 2.37 2.43 2.49 2.55 2.61 2.66 2.72 2.78 2.84 2.89 2.95 3.01 3.06 3.12 3.17 3.23 3.28 3.33 3.38 3.43 3.48 3.53 3.58 3.62 3.67 3.71 3.75 3.79 3.83 3.87 3.91 3.94 3.98 4.01 4.05 4.08 4.12 4.15 4.18 4.22 4.25 4.28 4.31 4.34 4.37 4.40 4.43 4.45 4.47 4.50 4.51 4.53 4.54 4.55 4.56 4.56 4.55 4.54 4.53 4.51 4.49 4.46 4.43 4.40 4.35 4.31 4.26 4.21 4.15 4.09 4.03 3.97 3.91 3.84 3.78 3.72 3.65 3.59 3.53 3.47 3.41 3.35 3.29 3.24 3.18 3.13 3.08 3.03 2.97 2.92 2.86 2.80 2.74 2.67 2.59 2.51 2.42 2.32 2.22 2.11 2.00 1.88 1.76 1.64 1.52 1.42 1.32 1.23 1.16 1.11 1.08 1.07 1.08 1.11 1.16 1.22 1.30 1.40 1.50 1.60 1.71 1.82 1.93 2.02 2.11 2.20 2.27 2.33 2.39 2.43 2.47 2.50 2.53 2.55 2.57 2.58 2.60 2.61 2.63 2.64 2.66 2.67 2.69 2.71 2.73 2.76 2.78 2.81 2.84 2.86 2.89 2.92 2.95 2.97 3.00 3.02 3.04 3.05 3.06 3.07 3.07 3.07 3.06 3.04 3.02 3.00 2.97 2.93 2.89 2.85 2.80 2.74 2.69 2.63 2.56 2.50 2.44 2.37 2.31 2.24 2.18 2.11 2.05 1.99 1.94 1.88 1.83 1.78 1.73 1.68 1.64 1.60 1.56 1.53 1.49 1.46 1.43 1.41 1.38 1.35 1.33 1.31 1.29 1.27 1.24 1.23 1.21
0.98 0.98 0.99 1.00 1.00 1.01 1.02 1.02 1.03 1.03 1.04 1.05 1.05 1.06 1.06 1.07 1.07 1.07 1.07 1.07 1.07 1.07 1.06 1.05 1.04 1.03 1.01 1.00 0.98 0.96 0.94 0.93 0.92 0.92 0.93 0.95 0.98 1.03 1.11 1.20 1.31 1.43 1.58 1.75 1.93 2.13 2.33 2.55 2.77 3.00 3.23 3.46 3.69 3.92 4.15 4.39 4.63 4.86 5.11 5.36 5.61 5.87 6.14 6.42 6.71 7.00 7.30 7.60 7.91 8.22 8.53 8.85 9.15 9.46 9.75 10.04 10.32 10.58 10.82 11.05 11.26 11.44 11.61 11.75 11.86 11.95 12.02 12.06 12.07 12.06 12.02 11.95 11.87 11.75 11.62 11.46 11.28 11.08 10.86 10.63 10.37 10.11 9.83 9.54 9.25 8.94 8.63 8.32 8.00 7.68 7.37 7.05 6.74 6.44 6.14 5.85 5.57 5.30 5.03 4.78 4.54 4.32 4.10 3.90 3.71 3.53 3.36 3.21 3.07 2.94 2.82 2.70 2.60 2.51 2.43 2.35 2.28 2.22 2.16 2.11 2.06 2.01 1.97 1.93 1.89 1.86 1.82 1.78 1.74 1.70 1.66 1.61 1.56 1.51 1.46 1.40 1.34 1.28 1.21 1.15 1.08 1.02 0.96 0.90 0.85 0.81 0.77 0.75 0.74 0.73 0.74 0.77 0.80 0.85 0.90 0.97 1.04 1.12 1.20 1.29 1.38 1.47 1.56 1.64 1.73 1.81 1.89 1.96 2.04 2.10 2.17 2.24 2.30 2.36 2.42 2.48 2.54 2.59 2.65 2.71 2.76 2.82 2.88 2.93 2.99 3.04 3.10 3.15 3.20 3.26 3.31 3.36 3.41 3.46 3.51 3.56 3.60 3.65 3.69 3.74 3.78 3.82 3.86 3.91 3.95 3.99 4.03 4.07 4.11 4.15 4.18 4.22 4.26 4.30 4.34 4.38 4.42 4.45 4.49 4.52 4.55 4.58 4.61 4.63 4.66 4.67 4.69 4.69 4.70 4.70 4.69 4.68 4.66 4.64 4.61 4.58 4.54 4.49 4.44 4.39 4.33 4.27 4.21 4.14 4.07 4.00 3.93 3.86 3.79 3.72 3.65 3.58 3.51 3.45 3.38 3.32 3.26 3.20 3.14 3.09 3.03 2.98 2.92 2.86 2.80 2.74 2.67 2.60 2.52 2.44 2.35 2.25 2.15 2.05 1.94 1.83 1.73 1.62 1.53 1.44 1.36 1.30 1.25 1.23 1.21 1.22 1.25 1.29 1.35 1.42 1.50 1.59 1.68 1.78 1.87 1.97 2.05 2.13 2.21 2.27 2.33 2.38 2.42 2.46 2.49 2.52 2.54 2.56 2.58 2.60 2.61 2.63 2.65 2.67 2.70 2.72 2.75 2.78 2.81 2.85 2.88 2.92 2.96 2.99 3.03 3.07 3.10 3.13 3.16 3.19 3.21 3.22 3.23 3.24 3.24 3.23 3.22 3.20 3.17 3.14 3.10 3.06 3.01 2.96 2.90 2.84 2.77 2.70 2.63 2.56 2.49 2.42 2.34 2.27 2.20 2.13 2.07 2.01 1.94 1.89 1.83 1.78 1.73 1.68 1.64 1.60 1.56 1.52 1.49 1.45 1.43 1.40 1.37 1.35 1.32 1.30 1.28 1.26 1.24 1.22
0.97 0.98 0.99 0.99 1.00 1.01 1.01 1.02 1.03 1.03 1.04 1.05 1.05 1.06 1.07 1.07 1.08 1.09 1.09 1.10 1.10 1.10 1.10 1.10 1.10 1.10 1.09 1.09 1.08 1.07 1.07 1.07 1.07 1.08 1.10 1.14 1.18 1.25 1.33 1.42 1.54 1.68 1.83 2.00 2.18 2.38 2.59 2.80 3.02 3.24 3.46 3.68 3.91 4.13 4.35 4.58 4.80 5.03 5.27 5.50 5.75 6.00 6.26 6.53 6.80 7.08 7.37 7.67 7.97 8.28 8.59 8.89 9.20 9.50 9.80 10.08 10.36 10.62 10.87 11.10 11.31 11.50 11.67 11.82 11.94 12.04 12.11 12.16 12.17 12.17 12.13 12.08 11.99 11.88 11.75 11.59 11.42 11.22 11.00 10.77 10.52 10.25 9.97 9.68 9.38 9.07 8.76 8.44 8.12 7.80 7.48 7.16 6.84 6.53 6.23 5.93 5.64 5.37 5.10 4.84 4.60 4.36 4.14 3.93 3.74 3.55 3.38 3.22 3.08 2.94 2.81 2.70 2.59 2.50 2.41 2.33 2.26 2.19 2.13 2.08 2.03 1.98 1.94 1.90 1.86 1.83 1.79 1.75 1.72 1.68 1.64 1.60 1.55 1.51 1.46 1.41 1.35 1.30 1.24 1.18 1.13 1.07 1.02 0.97 0.93 0.89 0.86 0.84 0.83 0.83 0.84 0.86 0.89 0.94 0.99 1.05 1.12 1.19 1.27 1.35 1.43 1.51 1.59 1.67 1.75 1.83 1.90 1.97 2.04 2.11 2.17 2.23 2.29 2.35 2.41 2.47 2.52 2.58 2.64 2.69 2.75 2.80 2.86 2.91 2.97 3.02 3.08 3.13 3.18 3.24 3.29 3.34 3.39 3.44 3.49 3.54 3.59 3.64 3.68 3.73 3.77 3.82 3.87 3.91 3.96 4.00 4.05 4.09 4.14 4.18 4.23 4.27 4.32 4.36 4.41 4.46 4.50 4.54 4.59 4.63 4.67 4.70 4.74 4.77 4.80 4.82 4.84 4.85 4.86 4.86 4.86 4.84 4.83 4.80 4.77 4.74 4.69 4.65 4.59 4.53 4.47 4.40 4.33 4.26 4.18 4.11 4.03 3.95 3.87 3.79 3.71 3.64 3.56 3.49 3.42 3.35 3.29 3.22 3.16 3.10 3.04 2.98 2.92 2.86 2.80 2.74 2.68 2.61 2.53 2.46 2.37 2.29 2.20 2.10 2.01 1.91 1.81 1.72 1.64 1.56 1.49 1.44 1.39 1.37 1.36 1.36 1.39 1.42 1.47 1.53 1.60 1.68 1.76 1.85 1.93 2.01 2.08 2.16 2.22 2.28 2.33 2.37 2.41 2.45 2.48 2.51 2.53 2.55 2.58 2.60 2.62 2.65 2.67 2.70 2.73 2.77 2.80 2.84 2.88 2.93 2.97 3.02 3.06 3.11 3.16 3.20 3.24 3.28 3.32 3.35 3.38 3.40 3.41 3.42 3.43 3.42 3.41 3.39 3.36 3.33 3.29 3.24 3.19 3.13 3.07 3.00 2.93 2.85 2.78 2.70 2.62 2.54 2.46 2.38 2.30 2.22 2.15 2.08 2.01 1.95 1.89 1.83 1.78 1.72 1.68 1.63 1.59 1.55 1.51 1.48 1.45 1.42 1.39 1.36 1.34 1.31 1.29 1.27 1.25 1.23
0.97 0.98 0.98 0.99 1.00 1.01 1.01 1.02 1.03 1.03 1.04 1.05 1.06 1.07 1.07 1.08 1.09 1.10 1.11 1.12 1.13 1.14 1.15 1.16 1.17 1.17 1.18 1.19 1.19 1.20 1.21 1.22 1.24 1.26 1.30 1.34 1.40 1.48 1.57 1.68 1.80 1.94 2.10 2.27 2.46 2.66 2.86 3.07 3.28 3.50 3.71 3.93 4.14 4.35 4.57 4.78 4.99 5.21 5.43 5.65 5.89 6.13 6.37 6.63 6.89 7.17 7.45 7.74 8.03 8.33 8.63 8.94 9.24 9.54 9.83 10.12 10.39 10.65 10.90 11.14 11.35 11.55 11.72 11.87 12.00 12.11 12.18 12.24 12.26 12.26 12.23 12.18 12.10 11.99 11.87 11.71 11.54 11.34 11.13 10.89 10.64 10.38 10.10 9.80 9.50 9.19 8.87 8.55 8.23 7.90 7.58 7.25 6.93 6.62 6.31 6.01 5.71 5.43 5.16 4.90 4.64 4.41 4.18 3.96 3.76 3.57 3.40 3.23 3.08 2.94 2.81 2.69 2.58 2.49 2.40 2.31 2.24 2.17 2.11 2.05 2.00 1.95 1.91 1.87 1.83 1.80 1.76 1.73 1.69 1.66 1.62 1.58 1.54 1.50 1.46 1.42 1.37 1.32 1.27 1.22 1.17 1.12 1.08 1.04 1.00 0.97 0.94 0.93 0.92 0.92 0.93 0.95 0.98 1.02 1.07 1.13 1.19 1.26 1.33 1.40 1.48 1.55 1.63 1.70 1.78 1.85 1.92 1.98 2.05 2.11 2.17 2.23 2.29 2.35 2.40 2.46 2.51 2.57 2.62 2.68 2.73 2.78 2.84 2.89 2.95 3.00 3.06 3.11 3.16 3.22 3.27 3.32 3.37 3.42 3.47 3.52 3.57 3.62 3.67 3.72 3.77 3.82 3.87 3.92 3.97 4.02 4.07 4.12 4.17 4.22 4.28 4.33 4.38 4.44 4.49 4.54 4.60 4.65 4.70 4.75 4.80 4.84 4.88 4.92 4.95 4.98 5.01 5.02 5.04 5.04 5.04 5.03 5.01 4.99 4.95 4.92 4.87 4.82 4.76 4.69 4.62 4.55 4.47 4.39 4.31 4.22 4.14 4.05 3.96 3.88 3.79 3.71 3.62 3.55 3.47 3.39 3.32 3.25 3.18 3.12 3.06 2.99 2.93 2.87 2.81 2.75 2.68 2.62 2.55 2.48 2.40 2.32 2.24 2.15 2.07 1.98 1.90 1.82 1.74 1.67 1.61 1.56 1.53 1.50 1.49 1.50 1.52 1.55 1.59 1.64 1.70 1.77 1.84 1.91 1.98 2.05 2.12 2.18 2.23 2.29 2.33 2.37 2.41 2.44 2.47 2.50 2.53 2.55 2.58 2.61 2.64 2.67 2.70 2.74 2.78 2.82 2.86 2.91 2.96 3.01 3.07 3.13 3.18 3.24 3.29 3.35 3.40 3.45 3.49 3.53 3.57 3.59 3.61 3.63 3.63 3.63 3.62 3.60 3.57 3.54 3.50 3.44 3.39 3.32 3.25 3.18 3.10 3.02 2.93 2.84 2.76 2.67 2.58 2.49 2.41 2.32 2.24 2.16 2.09 2.02 1.95 1.89 1.83 1.77 1.72 1.67 1.62 1.58 1.54 1.51 1.47 1.44 1.41 1.38 1.35 1.33 1.31 1.28 1.26 1.24
0.97 0.98 0.98 0.99 1.00 1.00 1.01 1.02 1.03 1.03 1.04 1.05 1.06 1.07 1.08 1.10 1.11 1.12 1.14 1.15 1.17 1.18 1.20 1.22 1.24 1.25 1.27 1.29 1.31 1.33 1.36 1.39 1.42 1.46 1.51 1.57 1.64 1.73 1.83 1.95 2.08 2.23 2.40 2.57 2.76 2.95 3.16 3.36 3.57 3.78 3.98 4.19 4.39 4.59 4.79 4.99 5.19 5.39 5.60 5.81 6.03 6.25 6.49 6.73 6.99 7.25 7.52 7.80 8.08 8.38 8.67 8.97 9.26 9.56 9.85 10.13 10.41 10.67 10.93 11.16 11.38 11.58 11.76 11.91 12.05 12.16 12.24 12.30 12.33 12.33 12.31 12.26 12.19 12.09 11.96 11.81 11.64 11.45 11.23 11.00 10.75 10.48 10.20 9.91 9.61 9.30 8.98 8.65 8.33 8.00 7.67 7.34 7.02 6.70 6.38 6.08 5.78 5.49 5.21 4.94 4.69 4.44 4.21 3.99 3.79 3.59 3.41 3.24 3.09 2.94 2.81 2.69 2.58 2.47 2.38 2.29 2.22 2.15 2.08 2.03 1.97 1.93 1.88 1.84 1.80 1.77 1.73 1.70 1.67 1.64 1.60 1.57 1.53 1.50 1.46 1.42 1.38 1.34 1.30 1.25 1.21 1.17 1.13 1.10 1.07 1.04 1.02 1.01 1.00 1.01 1.02 1.04 1.07 1.11 1.15 1.20 1.26 1.32 1.38 1.45 1.52 1.59 1.66 1.73 1.80 1.86 1.93 1.99 2.05 2.11 2.17 2.23 2.28 2.34 2.39 2.45 2.50 2.55 2.61 2.66 2.71 2.77 2.82 2.87 2.93 2.98 3.04 3.09 3.14 3.20 3.25 3.30 3.36 3.41 3.46 3.51 3.56 3.62 3.67 3.72 3.77 3.83 3.88 3.93 3.99 4.04 4.10 4.16 4.22 4.28 4.33 4.40 4.46 4.52 4.58 4.64 4.70 4.76 4.82 4.88 4.94 4.99 5.04 5.09 5.13 5.16 5.19 5.22 5.23 5.24 5.24 5.23 5.22 5.19 5.16 5.11 5.06 5.01 4.94 4.87 4.79 4.71 4.63 4.54 4.45 4.35 4.26 4.16 4.06 3.97 3.88 3.78 3.69 3.61 3.52 3.44 3.36 3.28 3.21 3.14 3.07 3.01 2.94 2.88 2.82 2.76 2.69 2.63 2.56 2.50 2.43 2.35 2.28 2.20 2.13 2.05 1.98 1.90 1.84 1.78 1.72 1.68 1.65 1.63 1.62 1.62 1.64 1.66 1.70 1.74 1.79 1.85 1.91 1.97 2.03 2.09 2.15 2.20 2.25 2.30 2.34 2.37 2.41 2.44 2.47 2.50 2.53 2.56 2.59 2.62 2.66 2.69 2.73 2.78 2.83 2.88 2.93 2.99 3.05 3.11 3.18 3.25 3.31 3.38 3.45 3.51 3.57 3.63 3.68 3.73 3.77 3.80 3.83 3.85 3.86 3.86 3.85 3.83 3.80 3.76 3.72 3.66 3.60 3.53 3.45 3.37 3.29 3.19 3.10 3.00 2.91 2.81 2.71 2.62 2.52 2.43 2.34 2.26 2.17 2.09 2.02 1.95 1.89 1.82 1.77 1.71 1.66 1.62 1.57 1.53 1.50 1.46 1.43 1.40 1.37 1.35 1.32 1.30 1.28 1.25
0.97 0.97 0.98 0.99 1.00 1.00 1.01 1.02 1.03 1.04 1.05 1.06 1.07 1.08 1.09 1.11 1.12 1.14 1.16 1.18 1.20 1.23 1.25 1.28 1.31 1.34 1.37 1.40 1.44 1.47 1.51 1.56 1.61 1.67 1.73 1.81 1.90 2.00 2.11 2.24 2.38 2.54 2.71 2.89 3.08 3.27 3.47 3.67 3.87 4.07 4.27 4.46 4.65 4.84 5.02 5.21 5.39 5.58 5.77 5.97 6.17 6.38 6.60 6.83 7.07 7.32 7.58 7.85 8.13 8.41 8.70 8.99 9.28 9.57 9.86 10.14 10.41 10.68 10.93 11.17 11.39 11.59 11.77 11.93 12.07 12.18 12.27 12.34 12.37 12.38 12.36 12.32 12.25 12.16 12.03 11.89 11.72 11.53 11.32 11.09 10.84 10.57 10.29 10.00 9.70 9.38 9.06 8.74 8.41 8.08 7.75 7.41 7.09 6.76 6.45 6.14 5.83 5.54 5.26 4.99 4.73 4.48 4.24 4.02 3.81 3.61 3.43 3.25 3.09 2.94 2.81 2.68 2.57 2.46 2.36 2.28 2.20 2.13 2.06 2.00 1.95 1.90 1.86 1.81 1.78 1.74 1.71 1.68 1.65 1.62 1.58 1.55 1.52 1.49 1.46 1.42 1.39 1.35 1.32 1.28 1.25 1.21 1.18 1.15 1.13 1.11 1.09 1.08 1.08 1.09 1.10 1.12 1.15 1.18 1.22 1.27 1.32 1.38 1.44 1.50 1.56 1.63 1.69 1.75 1.82 1.88 1.94 2.00 2.06 2.11 2.17 2.22 2.28 2.33 2.38 2.44 2.49 2.54 2.59 2.65 2.70 2.75 2.80 2.86 2.91 2.96 3.02 3.07 3.13 3.18 3.23 3.29 3.34 3.40 3.45 3.50 3.56 3.61 3.67 3.72 3.78 3.84 3.90 3.95 4.01 4.08 4.14 4.20 4.27 4.33 4.40 4.47 4.54 4.61 4.68 4.75 4.82 4.89 4.96 5.03 5.10 5.16 5.22 5.27 5.32 5.37 5.40 5.43 5.45 5.46 5.47 5.46 5.44 5.42 5.38 5.33 5.28 5.22 5.15 5.07 4.98 4.89 4.80 4.70 4.60 4.49 4.39 4.28 4.18 4.07 3.97 3.87 3.77 3.67 3.58 3.49 3.41 3.32 3.24 3.17 3.10 3.03 2.96 2.89 2.83 2.77 2.71 2.64 2.58 2.52 2.45 2.38 2.32 2.25 2.18 2.11 2.05 1.98 1.93 1.87 1.83 1.79 1.76 1.74 1.73 1.74 1.75 1.77 1.80 1.83 1.88 1.92 1.97 2.02 2.08 2.13 2.18 2.22 2.26 2.31 2.34 2.38 2.41 2.44 2.47 2.51 2.54 2.57 2.60 2.64 2.68 2.73 2.78 2.83 2.88 2.94 3.01 3.08 3.15 3.22 3.30 3.38 3.45 3.53 3.61 3.68 3.76 3.82 3.89 3.94 3.99 4.03 4.06 4.09 4.10 4.10 4.09 4.08 4.05 4.01 3.96 3.90 3.83 3.75 3.67 3.58 3.49 3.39 3.28 3.18 3.07 2.96 2.86 2.75 2.65 2.54 2.45 2.35 2.26 2.18 2.10 2.02 1.95 1.88 1.82 1.76 1.70 1.65 1.61 1.57 1.53 1.49 1.45 1.42 1.39 1.37 1.34 1.32 1.29 1.27
0.96 0.97 0.98 0.99 1.00 1.00 1.01 1.02 1.03 1.04 1.05 1.06 1.07 1.09 1.10 1.12 1.14 1.16 1.18 1.21 1.24 1.27 1.31 1.34 1.38 1.42 1.47 1.52 1.57 1.62 1.68 1.74 1.81 1.88 1.97 2.06 2.16 2.28 2.41 2.55 2.70 2.87 3.04 3.22 3.41 3.61 3.80 4.00 4.19 4.38 4.56 4.74 4.92 5.09 5.26 5.43 5.60 5.77 5.95 6.13 6.31 6.51 6.72 6.93 7.16 7.39 7.64 7.90 8.16 8.44 8.72 9.00 9.28 9.57 9.85 10.13 10.40 10.67 10.92 11.15 11.38 11.58 11.77 11.93 12.07 12.19 12.28 12.35 12.39 12.41 12.40 12.36 12.29 12.20 12.08 11.94 11.78 11.59 11.38 11.15 10.91 10.64 10.36 10.07 9.77 9.46 9.14 8.81 8.48 8.14 7.81 7.48 7.15 6.82 6.50 6.19 5.88 5.59 5.30 5.02 4.76 4.51 4.27 4.04 3.83 3.62 3.44 3.26 3.10 2.94 2.80 2.68 2.56 2.45 2.35 2.26 2.18 2.11 2.04 1.98 1.92 1.87 1.83 1.79 1.75 1.72 1.68 1.65 1.62 1.60 1.57 1.54 1.51 1.48 1.46 1.43 1.40 1.37 1.34 1.31 1.28 1.25 1.23 1.20 1.18 1.17 1.16 1.15 1.15 1.16 1.17 1.19 1.22 1.25 1.29 1.33 1.38 1.43 1.49 1.54 1.60 1.66 1.72 1.78 1.84 1.89 1.95 2.01 2.06 2.11 2.17 2.22 2.27 2.32 2.37 2.42 2.48 2.53 2.58 2.63 2.68 2.74 2.79 2.84 2.89 2.95 3.00 3.06 3.11 3.16 3.22 3.27 3.33 3.38 3.44 3.50 3.55 3.61 3.67 3.73 3.79 3.85 3.91 3.98 4.05 4.11 4.18 4.25 4.33 4.40 4.48 4.55 4.63 4.71 4.79 4.87 4.96 5.04 5.12 5.20 5.27 5.34 5.41 5.48 5.54 5.59 5.63 5.67 5.70 5.71 5.72 5.71 5.69 5.67 5.63 5.58 5.52 5.45 5.37 5.28 5.19 5.09 4.98 4.87 4.76 4.65 4.53 4.42 4.30 4.19 4.07 3.96 3.85 3.75 3.65 3.55 3.46 3.37 3.28 3.20 3.12 3.05 2.98 2.91 2.84 2.78 2.72 2.66 2.60 2.53 2.47 2.41 2.35 2.29 2.23 2.17 2.11 2.06 2.00 1.96 1.92 1.89 1.86 1.84 1.84 1.84 1.84 1.86 1.89 1.92 1.95 1.99 2.03 2.07 2.12 2.16 2.20 2.24 2.28 2.32 2.35 2.38 2.42 2.45 2.48 2.51 2.55 2.58 2.62 2.67 2.72 2.77 2.82 2.88 2.95 3.02 3.09 3.17 3.26 3.34 3.43 3.52 3.61 3.70 3.79 3.87 3.96 4.03 4.11 4.17 4.23 4.28 4.31 4.34 4.36 4.36 4.36 4.34 4.31 4.27 4.21 4.15 4.08 3.99 3.90 3.80 3.70 3.59 3.48 3.36 3.24 3.13 3.01 2.89 2.78 2.67 2.56 2.46 2.36 2.26 2.17 2.09 2.01 1.94 1.87 1.81 1.75 1.70 1.65 1.60 1.56 1.52 1.48 1.45 1.42 1.39 1.36 1.33 1.31 1.29
0.97 0.97 0.98 0.99 1.00 1.01 1.01 1.02 1.03 1.04 1.05 1.07 1.08 1.10 1.11 1.13 1.16 1.18 1.21 1.24 1.28 1.32 1.36 1.41 1.46 1.51 1.57 1.63 1.70 1.77 1.85 1.93 2.01 2.11 2.21 2.32 2.44 2.57 2.72 2.87 3.03 3.21 3.39 3.57 3.76 3.96 4.15 4.34 4.52 4.70 4.87 5.04 5.20 5.36 5.51 5.67 5.82 5.97 6.13 6.29 6.46 6.64 6.83 7.03 7.24 7.46 7.69 7.94 8.19 8.45 8.72 8.99 9.27 9.55 9.83 10.10 10.37 10.63 10.88 11.12 11.35 11.55 11.74 11.91 12.05 12.17 12.27 12.34 12.39 12.41 12.40 12.37 12.31 12.22 12.11 11.97 11.81 11.63 11.42 11.20 10.95 10.69 10.41 10.12 9.82 9.51 9.19 8.86 8.53 8.20 7.86 7.53 7.20 6.87 6.55 6.23 5.92 5.62 5.33 5.05 4.79 4.53 4.29 4.06 3.84 3.64 3.44 3.26 3.10 2.94 2.80 2.67 2.55 2.44 2.34 2.25 2.16 2.09 2.02 1.96 1.90 1.85 1.81 1.76 1.73 1.69 1.66 1.63 1.60 1.58 1.55 1.53 1.50 1.48 1.45 1.43 1.40 1.38 1.35 1.33 1.31 1.28 1.26 1.25 1.23 1.22 1.21 1.21 1.21 1.22 1.24 1.26 1.28 1.31 1.35 1.39 1.43 1.48 1.53 1.58 1.63 1.69 1.74 1.80 1.85 1.90 1.96 2.01 2.06 2.11 2.16 2.21 2.26 2.31 2.36 2.41 2.46 2.51 2.57 2.62 2.67 2.72 2.77 2.83 2.88 2.93 2.99 3.04 3.10 3.15 3.21 3.26 3.32 3.38 3.43 3.49 3.55 3.61 3.68 3.74 3.80 3.87 3.94 4.01 4.08 4.16 4.23 4.31 4.39 4.47 4.56 4.65 4.73 4.82 4.92 5.01 5.10 5.19 5.28 5.37 5.46 5.55 5.63 5.70 5.77 5.83 5.89 5.93 5.96 5.98 5.99 5.99 5.97 5.94 5.90 5.84 5.78 5.70 5.61 5.52 5.41 5.30 5.19 5.07 4.94 4.82 4.69 4.56 4.43 4.31 4.18 4.06 3.94 3.83 3.72 3.61 3.51 3.42 3.32 3.24 3.15 3.07 3.00 2.93 2.86 2.80 2.73 2.67 2.61 2.55 2.49 2.44 2.38 2.32 2.27 2.22 2.17 2.12 2.07 2.03 2.00 1.97 1.95 1.93 1.92 1.92 1.93 1.94 1.96 1.99 2.01 2.05 2.08 2.12 2.15 2.19 2.23 2.26 2.29 2.33 2.36 2.39 2.42 2.45 2.49 2.52 2.56 2.60 2.65 2.70 2.75 2.81 2.88 2.95 3.02 3.10 3.19 3.28 3.37 3.47 3.57 3.67 3.77 3.88 3.98 4.07 4.17 4.26 4.34 4.41 4.48 4.53 4.58 4.61 4.63 4.64 4.64 4.62 4.59 4.54 4.48 4.42 4.34 4.25 4.15 4.04 3.93 3.81 3.68 3.56 3.43 3.30 3.17 3.04 2.92 2.80 2.68 2.57 2.46 2.36 2.26 2.17 2.08 2.00 1.93 1.86 1.80 1.74 1.68 1.63 1.59 1.55 1.51 1.47 1.44 1.41 1.38 1.35 1.33 1.30
0.97 0.98 0.98 0.99 1.00 1.01 1.02 1.03 1.04 1.05 1.06 1.07 1.09 1.11 1.13 1.15 1.18 1.20 1.24 1.28 1.32 1.37 1.42 1.47 1.54 1.60 1.68 1.75 1.84 1.92 2.02 2.12 2.22 2.34 2.46 2.59 2.73 2.88 3.04 3.20 3.38 3.56 3.75 3.94 4.13 4.32 4.50 4.69 4.86 5.03 5.19 5.35 5.49 5.63 5.77 5.90 6.04 6.17 6.31 6.45 6.60 6.76 6.93 7.12 7.31 7.52 7.73 7.96 8.20 8.45 8.71 8.98 9.25 9.52 9.79 10.06 10.32 10.58 10.83 11.07 11.29 11.50 11.69 11.86 12.01 12.13 12.23 12.31 12.36 12.38 12.38 12.35 12.30 12.22 12.11 11.98 11.82 11.64 11.44 11.22 10.98 10.72 10.44 10.16 9.86 9.54 9.23 8.90 8.57 8.23 7.90 7.56 7.23 6.90 6.58 6.26 5.95 5.65 5.36 5.08 4.81 4.55 4.30 4.07 3.85 3.64 3.45 3.27 3.10 2.94 2.80 2.66 2.54 2.43 2.32 2.23 2.15 2.07 2.00 1.94 1.88 1.83 1.78 1.74 1.70 1.67 1.64 1.61 1.58 1.56 1.53 1.51 1.49 1.47 1.45 1.43 1.41 1.39 1.37 1.35 1.33 1.31 1.30 1.28 1.27 1.27 1.26 1.26 1.27 1.28 1.29 1.31 1.34 1.36 1.40 1.43 1.47 1.52 1.56 1.61 1.66 1.71 1.76 1.81 1.86 1.91 1.96 2.01 2.06 2.11 2.16 2.21 2.26 2.30 2.35 2.40 2.45 2.50 2.55 2.60 2.65 2.71 2.76 2.81 2.86 2.92 2.97 3.03 3.08 3.14 3.19 3.25 3.31 3.37 3.43 3.49 3.56 3.62 3.69 3.75 3.82 3.89 3.97 4.04 4.12 4.20 4.29 4.38 4.46 4.56 4.65 4.75 4.85 4.95 5.05 5.15 5.26 5.36 5.47 5.57 5.67 5.77 5.86 5.95 6.03 6.10 6.17 6.22 6.26 6.28 6.30 6.29 6.28 6.24 6.20 6.14 6.06 5.98 5.88 5.77 5.66 5.53 5.41 5.27 5.14 5.00 4.86 4.72 4.58 4.44 4.30 4.17 4.04 3.92 3.80 3.68 3.57 3.47 3.37 3.28 3.19 3.10 3.02 2.95 2.88 2.81 2.75 2.69 2.63 2.57 2.51 2.46 2.41 2.36 2.31 2.26 2.21 2.17 2.13 2.10 2.07 2.04 2.02 2.01 2.00 2.00 2.00 2.01 2.03 2.05 2.07 2.10 2.12 2.15 2.18 2.21 2.25 2.28 2.31 2.34 2.37 2.40 2.43 2.46 2.50 2.54 2.58 2.63 2.68 2.73 2.80 2.86 2.94 3.02 3.10 3.19 3.29 3.39 3.50 3.61 3.72 3.83 3.95 4.06 4.18 4.29 4.39 4.49 4.59 4.67 4.75 4.81 4.86 4.90 4.92 4.93 4.93 4.91 4.88 4.83 4.77 4.70 4.61 4.51 4.41 4.29 4.17 4.04 3.90 3.76 3.62 3.48 3.34 3.20 3.07 2.94 2.81 2.68 2.57 2.45 2.35 2.25 2.16 2.07 1.99 1.92 1.85 1.78 1.73 1.67 1.62 1.58 1.54 1.50 1.46 1.43 1.40 1.37 1.35 1.32
0.97 0.98 0.99 1.00 1.01 1.01 1.02 1.03 1.04 1.06 1.07 1.08 1.10 1.12 1.14 1.17 1.20 1.23 1.27 1.31 1.36 1.41 1.47 1.54 1.62 1.70 1.78 1.87 1.97 2.08 2.19 2.31 2.44 2.57 2.71 2.86 3.02 3.19 3.36 3.54 3.73 3.92 4.11 4.30 4.50 4.68 4.87 5.04 5.21 5.37 5.52 5.66 5.79 5.91 6.03 6.14 6.26 6.37 6.49 6.62 6.75 6.89 7.04 7.20 7.38 7.57 7.77 7.98 8.21 8.44 8.69 8.94 9.20 9.47 9.73 10.00 10.26 10.51 10.76 10.99 11.22 11.42 11.61 11.78 11.93 12.06 12.17 12.25 12.30 12.33 12.34 12.31 12.26 12.19 12.08 11.96 11.80 11.63 11.43 11.21 10.98 10.72 10.45 10.17 9.87 9.56 9.24 8.92 8.59 8.26 7.92 7.59 7.25 6.92 6.60 6.28 5.97 5.67 5.38 5.09 4.82 4.56 4.32 4.08 3.86 3.65 3.45 3.27 3.10 2.94 2.79 2.66 2.53 2.42 2.31 2.22 2.13 2.05 1.98 1.92 1.86 1.81 1.76 1.72 1.68 1.65 1.62 1.59 1.57 1.54 1.52 1.50 1.48 1.46 1.44 1.42 1.41 1.39 1.38 1.36 1.35 1.33 1.32 1.31 1.31 1.30 1.30 1.31 1.31 1.32 1.34 1.36 1.38 1.41 1.44 1.47 1.51 1.55 1.59 1.64 1.68 1.73 1.78 1.82 1.87 1.92 1.97 2.01 2.06 2.11 2.15 2.20 2.25 2.29 2.34 2.39 2.44 2.49 2.54 2.59 2.64 2.69 2.74 2.80 2.85 2.90 2.96 3.01 3.07 3.13 3.19 3.24 3.30 3.37 3.43 3.49 3.56 3.63 3.70 3.77 3.85 3.92 4.00 4.09 4.17 4.26 4.35 4.45 4.55 4.65 4.75 4.86 4.97 5.08 5.20 5.31 5.43 5.55 5.67 5.79 5.90 6.01 6.12 6.22 6.32 6.40 6.47 6.54 6.58 6.61 6.63 6.63 6.61 6.58 6.53 6.46 6.38 6.28 6.17 6.05 5.92 5.79 5.64 5.49 5.34 5.19 5.04 4.88 4.73 4.58 4.43 4.29 4.15 4.01 3.88 3.76 3.64 3.53 3.42 3.32 3.22 3.14 3.05 2.97 2.90 2.83 2.76 2.70 2.64 2.59 2.53 2.48 2.43 2.38 2.34 2.29 2.25 2.22 2.18 2.15 2.12 2.10 2.08 2.07 2.06 2.06 2.06 2.07 2.08 2.10 2.12 2.14 2.16 2.18 2.21 2.24 2.26 2.29 2.32 2.35 2.38 2.41 2.44 2.48 2.51 2.56 2.60 2.65 2.71 2.77 2.84 2.92 3.00 3.09 3.18 3.29 3.40 3.51 3.63 3.75 3.88 4.00 4.13 4.26 4.39 4.51 4.63 4.74 4.85 4.94 5.02 5.10 5.15 5.20 5.23 5.24 5.24 5.22 5.18 5.13 5.07 4.99 4.90 4.79 4.68 4.55 4.42 4.27 4.13 3.98 3.83 3.67 3.52 3.37 3.22 3.08 2.94 2.81 2.68 2.56 2.44 2.34 2.24 2.14 2.05 1.97 1.90 1.83 1.77 1.71 1.66 1.61 1.57 1.53 1.49 1.46 1.43 1.40 1.37 1.34
0.98 0.99 0.99 1.00 1.01 1.02 1.03 1.04 1.05 1.07 1.08 1.09 1.11 1.13 1.16 1.18 1.22 1.25 1.30 1.35 1.40 1.46 1.53 1.61 1.69 1.79 1.89 2.00 2.11 2.24 2.37 2.51 2.65 2.81 2.97 3.14 3.32 3.50 3.69 3.88 4.08 4.28 4.48 4.68 4.87 5.06 5.24 5.40 5.56 5.71 5.85 5.97 6.09 6.19 6.29 6.39 6.48 6.58 6.67 6.78 6.89 7.01 7.14 7.28 7.44 7.61 7.79 7.99 8.20 8.42 8.66 8.90 9.15 9.40 9.66 9.91 10.17 10.42 10.66 10.89 11.12 11.32 11.51 11.69 11.84 11.97 12.08 12.16 12.22 12.26 12.26 12.24 12.20 12.13 12.03 11.91 11.76 11.59 11.40 11.19 10.95 10.70 10.44 10.16 9.86 9.56 9.24 8.92 8.59 8.26 7.93 7.59 7.26 6.93 6.61 6.29 5.98 5.68 5.39 5.10 4.83 4.57 4.32 4.08 3.86 3.65 3.45 3.27 3.09 2.93 2.79 2.65 2.52 2.41 2.30 2.20 2.12 2.04 1.97 1.90 1.84 1.79 1.74 1.70 1.67 1.63 1.60 1.57 1.55 1.53 1.51 1.49 1.47 1.45 1.44 1.42 1.41 1.39 1.38 1.37 1.36 1.35 1.34 1.34 1.34 1.34 1.34 1.34 1.35 1.36 1.38 1.40 1.42 1.45 1.48 1.51 1.54 1.58 1.62 1.66 1.70 1.74 1.79 1.83 1.88 1.92 1.97 2.01 2.06 2.10 2.15 2.19 2.24 2.28 2.33 2.38 2.43 2.48 2.52 2.57 2.62 2.68 2.73 2.78 2.83 2.89 2.94 3.00 3.06 3.12 3.18 3.24 3.30 3.36 3.43 3.50 3.57 3.64 3.72 3.79 3.87 3.96 4.04 4.13 4.22 4.32 4.42 4.53 4.63 4.74 4.86 4.98 5.10 5.23 5.35 5.48 5.62 5.75 5.88 6.02 6.15 6.28 6.40 6.52 6.63 6.72 6.81 6.88 6.94 6.98 7.00 7.00 6.98 6.94 6.88 6.81 6.72 6.61 6.49 6.35 6.21 6.06 5.90 5.73 5.57 5.40 5.23 5.06 4.89 4.73 4.57 4.41 4.26 4.11 3.97 3.84 3.71 3.59 3.48 3.37 3.27 3.17 3.08 3.00 2.92 2.85 2.78 2.72 2.66 2.60 2.55 2.50 2.45 2.41 2.36 2.32 2.29 2.25 2.22 2.19 2.17 2.15 2.13 2.12 2.12 2.11 2.11 2.12 2.13 2.14 2.15 2.17 2.19 2.21 2.23 2.25 2.28 2.30 2.33 2.36 2.39 2.42 2.45 2.49 2.53 2.58 2.63 2.68 2.75 2.82 2.89 2.98 3.07 3.17 3.27 3.39 3.51 3.63 3.77 3.90 4.04 4.18 4.33 4.47 4.61 4.75 4.88 5.00 5.12 5.22 5.31 5.39 5.46 5.51 5.54 5.56 5.56 5.54 5.50 5.45 5.38 5.29 5.19 5.08 4.96 4.82 4.68 4.52 4.36 4.20 4.04 3.87 3.71 3.54 3.38 3.23 3.08 2.93 2.80 2.66 2.54 2.42 2.32 2.22 2.12 2.04 1.96 1.88 1.82 1.76 1.70 1.65 1.60 1.56 1.52 1.48 1.45 1.42 1.39 1.36
0.98 0.99 1.00 1.01 1.02 1.03 1.04 1.05 1.07 1.08 1.09 1.11 1.13 1.15 1.18 1.21 1.24 1.28 1.33 1.38 1.44 1.51 1.59 1.68 1.77 1.88 1.99 2.12 2.25 2.39 2.54 2.70 2.87 3.04 3.23 3.42 3.61 3.81 4.02 4.23 4.44 4.64 4.85 5.05 5.24 5.43 5.60 5.77 5.92 6.05 6.17 6.28 6.38 6.47 6.55 6.63 6.70 6.78 6.85 6.93 7.02 7.12 7.23 7.35 7.49 7.64 7.80 7.98 8.18 8.39 8.61 8.84 9.07 9.32 9.56 9.81 10.06 10.31 10.54 10.77 10.99 11.20 11.39 11.56 11.72 11.85 11.96 12.05 12.11 12.15 12.16 12.15 12.11 12.04 11.95 11.84 11.69 11.53 11.34 11.14 10.91 10.66 10.40 10.12 9.83 9.53 9.22 8.90 8.58 8.25 7.92 7.59 7.26 6.93 6.61 6.29 5.98 5.68 5.39 5.10 4.83 4.57 4.32 4.08 3.86 3.65 3.45 3.26 3.09 2.93 2.78 2.64 2.51 2.40 2.29 2.19 2.10 2.02 1.95 1.89 1.83 1.78 1.73 1.69 1.65 1.62 1.59 1.56 1.53 1.51 1.49 1.48 1.46 1.44 1.43 1.42 1.41 1.40 1.39 1.38 1.37 1.37 1.36 1.36 1.36 1.36 1.36 1.37 1.38 1.39 1.41 1.43 1.45 1.48 1.50 1.53 1.57 1.60 1.64 1.68 1.71 1.76 1.80 1.84 1.88 1.92 1.96 2.01 2.05 2.10 2.14 2.18 2.23 2.27 2.32 2.37 2.41 2.46 2.51 2.56 2.61 2.66 2.71 2.77 2.82 2.88 2.93 2.99 3.05 3.11 3.17 3.23 3.30 3.37 3.43 3.51 3.58 3.66 3.74 3.82 3.90 3.99 4.09 4.18 4.28 4.39 4.50 4.61 4.73 4.85 4.98 5.11 5.24 5.38 5.52 5.67 5.82 5.97 6.12 6.27 6.42 6.56 6.70 6.84 6.96 7.08 7.18 7.26 7.32 7.37 7.40 7.40 7.38 7.34 7.27 7.19 7.08 6.96 6.83 6.68 6.52 6.35 6.17 5.99 5.80 5.62 5.43 5.25 5.06 4.89 4.71 4.54 4.38 4.22 4.07 3.92 3.79 3.66 3.53 3.42 3.31 3.21 3.11 3.02 2.94 2.87 2.80 2.73 2.67 2.61 2.56 2.51 2.47 2.42 2.38 2.35 2.31 2.28 2.25 2.23 2.21 2.19 2.17 2.16 2.16 2.15 2.15 2.16 2.16 2.17 2.18 2.20 2.21 2.23 2.25 2.27 2.29 2.31 2.34 2.37 2.40 2.43 2.46 2.50 2.55 2.60 2.65 2.72 2.79 2.86 2.95 3.04 3.14 3.25 3.37 3.49 3.63 3.76 3.91 4.06 4.21 4.37 4.53 4.68 4.84 4.99 5.13 5.27 5.39 5.51 5.61 5.70 5.77 5.83 5.87 5.89 5.89 5.87 5.83 5.77 5.70 5.61 5.50 5.38 5.25 5.10 4.94 4.78 4.61 4.43 4.26 4.08 3.90 3.72 3.55 3.38 3.22 3.07 2.92 2.78 2.64 2.52 2.40 2.29 2.19 2.10 2.01 1.94 1.86 1.80 1.74 1.69 1.64 1.59 1.55 1.51 1.48 1.44 1.41 1.38
1.00 1.01 1.02 1.03 1.04 1.05 1.06 1.07 1.08 1.09 1.11 1.13 1.15 1.17 1.20 1.23 1.27 1.31 1.36 1.42 1.49 1.56 1.65 1.75 1.85 1.97 2.10 2.24 2.39 2.54 2.71 2.89 3.08 3.27 3.48 3.69 3.90 4.12 4.34 4.56 4.78 5.00 5.21 5.42 5.62 5.80 5.97 6.13 6.27 6.39 6.50 6.60 6.68 6.75 6.81 6.87 6.92 6.97 7.02 7.08 7.15 7.23 7.31 7.41 7.53 7.66 7.81 7.97 8.15 8.34 8.54 8.76 8.98 9.22 9.45 9.69 9.93 10.17 10.41 10.63 10.85 11.05 11.24 11.42 11.57 11.71 11.82 11.91 11.98 12.02 12.04 12.03 11.99 11.93 11.85 11.74 11.60 11.44 11.26 11.06 10.84 10.60 10.34 10.07 9.79 9.49 9.18 8.87 8.55 8.22 7.90 7.57 7.24 6.92 6.59 6.28 5.97 5.67 5.38 5.10 4.83 4.56 4.32 4.08 3.86 3.64 3.45 3.26 3.08 2.92 2.77 2.63 2.51 2.39 2.28 2.18 2.09 2.01 1.94 1.87 1.82 1.76 1.72 1.67 1.64 1.60 1.57 1.54 1.52 1.50 1.48 1.46 1.45 1.44 1.42 1.41 1.40 1.40 1.39 1.38 1.38 1.38 1.37 1.37 1.38 1.38 1.39 1.39 1.41 1.42 1.44 1.45 1.48 1.50 1.53 1.55 1.59 1.62 1.65 1.69 1.72 1.76 1.80 1.84 1.88 1.92 1.96 2.00 2.05 2.09 2.13 2.17 2.22 2.26 2.31 2.35 2.40 2.45 2.50 2.55 2.60 2.65 2.70 2.75 2.81 2.86 2.92 2.98 3.04 3.10 3.17 3.23 3.30 3.37 3.44 3.52 3.59 3.67 3.76 3.85 3.94 4.03 4.13 4.24 4.35 4.46 4.58 4.70 4.83 4.97 5.10 5.25 5.40 5.55 5.71 5.87 6.03 6.20 6.37 6.54 6.71 6.87 7.03 7.18 7.33 7.46 7.57 7.67 7.75 7.80 7.83 7.83 7.81 7.77 7.70 7.60 7.48 7.35 7.19 7.02 6.84 6.65 6.46 6.26 6.05 5.85 5.64 5.44 5.24 5.05 4.86 4.68 4.50 4.33 4.17 4.01 3.86 3.72 3.59 3.47 3.35 3.25 3.14 3.05 2.97 2.89 2.81 2.75 2.68 2.63 2.57 2.52 2.48 2.44 2.40 2.37 2.33 2.30 2.28 2.26 2.24 2.22 2.21 2.20 2.19 2.19 2.18 2.19 2.19 2.20 2.21 2.22 2.23 2.25 2.26 2.28 2.30 2.32 2.35 2.38 2.41 2.44 2.48 2.52 2.57 2.62 2.68 2.75 2.83 2.91 3.00 3.11 3.22 3.34 3.46 3.60 3.75 3.90 4.06 4.22 4.39 4.56 4.73 4.90 5.07 5.23 5.39 5.54 5.68 5.81 5.92 6.01 6.09 6.16 6.20 6.22 6.22 6.20 6.16 6.11 6.03 5.93 5.82 5.69 5.54 5.38 5.22 5.04 4.86 4.67 4.48 4.29 4.10 3.91 3.72 3.54 3.37 3.20 3.04 2.89 2.75 2.61 2.49 2.37 2.26 2.16 2.07 1.99 1.91 1.84 1.78 1.72 1.67 1.62 1.58 1.54 1.50 1.47 1.44 1.41
1.01 1.02 1.04 1.05 1.06 1.07 1.08 1.09 1.10 1.11 1.13 1.15 1.17 1.19 1.22 1.25 1.29 1.34 1.40 1.46 1.53 1.62 1.71 1.82 1.93 2.06 2.20 2.35 2.52 2.69 2.88 3.08 3.28 3.50 3.72 3.95 4.18 4.42 4.66 4.89 5.12 5.35 5.57 5.78 5.98 6.16 6.33 6.48 6.61 6.72 6.82 6.90 6.97 7.02 7.06 7.10 7.13 7.16 7.19 7.23 7.27 7.32 7.39 7.47 7.56 7.67 7.80 7.94 8.10 8.27 8.46 8.66 8.88 9.10 9.32 9.56 9.79 10.02 10.25 10.47 10.68 10.89 11.07 11.25 11.40 11.54 11.66 11.75 11.82 11.87 11.89 11.88 11.85 11.80 11.72 11.61 11.49 11.33 11.16 10.96 10.75 10.51 10.26 10.00 9.72 9.43 9.12 8.82 8.50 8.18 7.86 7.53 7.21 6.89 6.57 6.26 5.95 5.65 5.36 5.08 4.81 4.55 4.31 4.07 3.85 3.64 3.44 3.25 3.08 2.92 2.77 2.63 2.50 2.38 2.27 2.17 2.09 2.00 1.93 1.86 1.81 1.75 1.70 1.66 1.62 1.59 1.56 1.53 1.51 1.49 1.47 1.46 1.44 1.43 1.42 1.41 1.40 1.40 1.39 1.39 1.38 1.38 1.38 1.39 1.39 1.39 1.40 1.41 1.42 1.44 1.45 1.47 1.49 1.52 1.54 1.57 1.60 1.63 1.66 1.70 1.73 1.77 1.80 1.84 1.88 1.92 1.96 2.00 2.04 2.08 2.12 2.16 2.21 2.25 2.30 2.34 2.39 2.43 2.48 2.53 2.58 2.63 2.69 2.74 2.80 2.85 2.91 2.97 3.03 3.10 3.16 3.23 3.30 3.37 3.45 3.53 3.61 3.70 3.79 3.88 3.98 4.08 4.19 4.30 4.42 4.54 4.67 4.80 4.94 5.09 5.24 5.40 5.56 5.73 5.90 6.08 6.26 6.45 6.64 6.82 7.01 7.20 7.38 7.56 7.72 7.87 8.00 8.11 8.20 8.26 8.30 8.30 8.28 8.23 8.15 8.04 7.91 7.76 7.58 7.39 7.19 6.98 6.76 6.54 6.31 6.09 5.87 5.65 5.43 5.22 5.02 4.82 4.63 4.45 4.27 4.10 3.95 3.80 3.66 3.52 3.40 3.29 3.18 3.08 2.99 2.91 2.83 2.76 2.70 2.64 2.58 2.54 2.49 2.45 2.41 2.38 2.35 2.32 2.30 2.28 2.26 2.24 2.23 2.22 2.21 2.21 2.21 2.21 2.21 2.22 2.23 2.24 2.25 2.26 2.27 2.29 2.31 2.33 2.36 2.38 2.42 2.45 2.49 2.54 2.59 2.65 2.71 2.79 2.87 2.96 3.06 3.17 3.29 3.42 3.56 3.71 3.87 4.04 4.21 4.39 4.57 4.75 4.94 5.12 5.31 5.48 5.66 5.82 5.97 6.11 6.23 6.33 6.42 6.49 6.54 6.56 6.56 6.55 6.50 6.44 6.36 6.26 6.13 5.99 5.84 5.67 5.49 5.31 5.11 4.91 4.71 4.50 4.30 4.09 3.90 3.70 3.52 3.34 3.17 3.00 2.85 2.71 2.58 2.45 2.34 2.23 2.13 2.05 1.97 1.89 1.82 1.76 1.71 1.66 1.61 1.57 1.53 1.49 1.46 1.43
1.03 1.05 1.06 1.07 1.08 1.09 1.10 1.11 1.13 1.14 1.15 1.17 1.19 1.22 1.25 1.28 1.33 1.38 1.43 1.50 1.58 1.67 1.77 1.88 2.01 2.15 2.30 2.47 2.65 2.84 3.04 3.26 3.48 3.72 3.96 4.20 4.45 4.71 4.96 5.21 5.45 5.69 5.92 6.13 6.33 6.51 6.67 6.82 6.94 7.05 7.13 7.20 7.25 7.28 7.31 7.32 7.33 7.34 7.35 7.36 7.38 7.41 7.45 7.51 7.58 7.67 7.78 7.90 8.04 8.20 8.37 8.56 8.76 8.96 9.18 9.40 9.63 9.85 10.07 10.29 10.50 10.70 10.88 11.06 11.21 11.35 11.47 11.56 11.64 11.69 11.71 11.71 11.69 11.64 11.57 11.47 11.35 11.20 11.03 10.84 10.63 10.41 10.16 9.90 9.63 9.34 9.05 8.75 8.44 8.12 7.80 7.48 7.16 6.85 6.53 6.22 5.92 5.63 5.34 5.06 4.79 4.54 4.29 4.06 3.84 3.63 3.43 3.24 3.07 2.91 2.76 2.62 2.49 2.37 2.27 2.17 2.08 2.00 1.92 1.86 1.80 1.74 1.70 1.65 1.62 1.58 1.55 1.53 1.50 1.48 1.46 1.45 1.44 1.42 1.41 1.41 1.40 1.39 1.39 1.39 1.39 1.39 1.39 1.39 1.40 1.41 1.41 1.42 1.44 1.45 1.47 1.49 1.51 1.53 1.55 1.58 1.61 1.64 1.67 1.70 1.73 1.77 1.80 1.84 1.88 1.91 1.95 1.99 2.03 2.07 2.11 2.15 2.19 2.24 2.28 2.33 2.37 2.42 2.47 2.52 2.57 2.62 2.67 2.73 2.78 2.84 2.90 2.96 3.03 3.09 3.16 3.23 3.30 3.38 3.46 3.54 3.63 3.72 3.82 3.92 4.02 4.13 4.25 4.37 4.49 4.63 4.76 4.91 5.06 5.22 5.38 5.55 5.73 5.91 6.10 6.30 6.50 6.71 6.92 7.13 7.34 7.55 7.76 7.95 8.14 8.31 8.46 8.59 8.69 8.76 8.80 8.81 8.78 8.73 8.64 8.51 8.37 8.19 8.00 7.79 7.56 7.33 7.08 6.84 6.59 6.34 6.10 5.86 5.62 5.40 5.18 4.96 4.76 4.56 4.38 4.20 4.03 3.87 3.72 3.58 3.45 3.33 3.22 3.11 3.02 2.93 2.85 2.78 2.71 2.65 2.59 2.54 2.50 2.46 2.42 2.39 2.36 2.34 2.31 2.29 2.28 2.26 2.25 2.24 2.23 2.23 2.23 2.23 2.23 2.23 2.24 2.25 2.26 2.27 2.28 2.30 2.32 2.34 2.36 2.39 2.43 2.46 2.51 2.56 2.61 2.67 2.75 2.83 2.92 3.01 3.12 3.24 3.37 3.51 3.67 3.83 4.00 4.17 4.36 4.55 4.75 4.95 5.15 5.35 5.54 5.74 5.92 6.10 6.26 6.41 6.54 6.65 6.75 6.82 6.87 6.90 6.91 6.89 6.85 6.78 6.69 6.58 6.45 6.31 6.14 5.96 5.77 5.57 5.36 5.15 4.93 4.71 4.50 4.28 4.07 3.86 3.67 3.47 3.29 3.12 2.96 2.81 2.66 2.53 2.41 2.30 2.20 2.10 2.02 1.94 1.87 1.80 1.75 1.69 1.64 1.60 1.56 1.52 1.49 1.46
1.06 1.07 1.09 1.10 1.11 1.12 1.13 1.14 1.16 1.17 1.18 1.20 1.22 1.25 1.28 1.32 1.36 1.41 1.47 1.54 1.63 1.72 1.83 1.95 2.08 2.23 2.40 2.58 2.77 2.98 3.20 3.43 3.67 3.92 4.18 4.45 4.71 4.98 5.25 5.51 5.77 6.01 6.25 6.46 6.66 6.85 7.01 7.14 7.26 7.35 7.43 7.48 7.51 7.53 7.54 7.53 7.52 7.51 7.49 7.48 7.48 7.49 7.51 7.54 7.59 7.66 7.74 7.85 7.97 8.11 8.26 8.43 8.62 8.81 9.02 9.23 9.44 9.66 9.88 10.09 10.29 10.49 10.67 10.84 11.00 11.14 11.26 11.35 11.43 11.48 11.51 11.52 11.50 11.46 11.39 11.30 11.18 11.04 10.88 10.70 10.50 10.28 10.04 9.79 9.52 9.25 8.96 8.66 8.36 8.05 7.73 7.42 7.11 6.79 6.49 6.18 5.88 5.59 5.31 5.03 4.77 4.52 4.27 4.04 3.82 3.61 3.42 3.23 3.06 2.90 2.75 2.61 2.49 2.37 2.26 2.16 2.07 1.99 1.92 1.85 1.79 1.74 1.69 1.65 1.61 1.58 1.55 1.52 1.50 1.48 1.46 1.44 1.43 1.42 1.41 1.40 1.40 1.39 1.39 1.39 1.39 1.39 1.39 1.40 1.40 1.41 1.42 1.43 1.45 1.46 1.48 1.50 1.52 1.54 1.56 1.59 1.61 1.64 1.67 1.70 1.73 1.77 1.80 1.83 1.87 1.91 1.94 1.98 2.02 2.06 2.10 2.14 2.18 2.22 2.27 2.31 2.36 2.41 2.45 2.50 2.56 2.61 2.66 2.72 2.77 2.83 2.89 2.96 3.02 3.09 3.16 3.23 3.31 3.39 3.47 3.56 3.65 3.75 3.85 3.95 4.07 4.18 4.31 4.44 4.57 4.72 4.86 5.02 5.18 5.35 5.53 5.72 5.91 6.11 6.32 6.54 6.76 6.99 7.22 7.45 7.69 7.92 8.15 8.38 8.58 8.78 8.95 9.09 9.21 9.29 9.34 9.35 9.32 9.25 9.15 9.01 8.85 8.65 8.44 8.20 7.95 7.69 7.42 7.15 6.87 6.60 6.34 6.08 5.82 5.58 5.34 5.11 4.89 4.68 4.48 4.29 4.11 3.94 3.79 3.64 3.50 3.37 3.25 3.14 3.04 2.95 2.87 2.79 2.72 2.66 2.60 2.55 2.51 2.47 2.43 2.40 2.37 2.34 2.32 2.30 2.29 2.27 2.26 2.25 2.25 2.24 2.24 2.24 2.24 2.24 2.25 2.26 2.27 2.28 2.29 2.31 2.32 2.35 2.37 2.40 2.44 2.48 2.52 2.57 2.63 2.70 2.78 2.87 2.96 3.07 3.19 3.31 3.45 3.61 3.77 3.94 4.12 4.31 4.51 4.72 4.93 5.14 5.36 5.57 5.78 5.99 6.19 6.37 6.55 6.71 6.85 6.97 7.07 7.15 7.21 7.24 7.25 7.23 7.18 7.12 7.02 6.91 6.77 6.61 6.44 6.25 6.05 5.84 5.62 5.39 5.16 4.93 4.70 4.47 4.24 4.03 3.82 3.61 3.42 3.24 3.07 2.90 2.75 2.61 2.49 2.37 2.26 2.16 2.07 1.99 1.91 1.85 1.78 1.73 1.68 1.63 1.59 1.55 1.51 1.48
1.09 1.11 1.12 1.14 1.15 1.16 1.17 1.18 1.19 1.21 1.22 1.24 1.26 1.28 1.31 1.35 1.40 1.45 1.51 1.59 1.67 1.77 1.89 2.01 2.16 2.32 2.49 2.68 2.89 3.11 3.34 3.59 3.85 4.12 4.39 4.67 4.96 5.24 5.52 5.79 6.06 6.31 6.55 6.78 6.98 7.16 7.32 7.45 7.56 7.64 7.70 7.74 7.76 7.76 7.75 7.73 7.69 7.66 7.62 7.59 7.57 7.55 7.55 7.56 7.58 7.63 7.70 7.78 7.88 8.00 8.14 8.30 8.47 8.65 8.84 9.04 9.25 9.45 9.66 9.87 10.07 10.26 10.44 10.61 10.77 10.91 11.03 11.13 11.21 11.26 11.30 11.31 11.29 11.26 11.19 11.11 11.00 10.87 10.71 10.54 10.35 10.13 9.90 9.66 9.40 9.13 8.85 8.56 8.26 7.96 7.65 7.35 7.04 6.73 6.43 6.13 5.84 5.55 5.27 5.00 4.74 4.49 4.25 4.02 3.80 3.60 3.40 3.22 3.05 2.89 2.75 2.61 2.48 2.37 2.26 2.16 2.07 1.99 1.92 1.85 1.79 1.74 1.69 1.65 1.61 1.57 1.54 1.52 1.49 1.47 1.46 1.44 1.43 1.42 1.41 1.40 1.40 1.39 1.39 1.39 1.39 1.39 1.40 1.40 1.41 1.42 1.43 1.44 1.45 1.47 1.48 1.50 1.52 1.54 1.57 1.59 1.62 1.64 1.67 1.70 1.73 1.76 1.80 1.83 1.86 1.90 1.93 1.97 2.01 2.05 2.09 2.13 2.17 2.21 2.25 2.30 2.35 2.39 2.44 2.49 2.54 2.59 2.65 2.70 2.76 2.82 2.88 2.95 3.02 3.09 3.16 3.23 3.31 3.40 3.49 3.58 3.68 3.78 3.88 4.00 4.12 4.24 4.37 4.51 4.66 4.81 4.97 5.14 5.31 5.50 5.69 5.89 6.10 6.32 6.55 6.78 7.02 7.28 7.53 7.79 8.05 8.32 8.57 8.82 9.05 9.27 9.46 9.62 9.75 9.85 9.90 9.91 9.88 9.81 9.69 9.54 9.35 9.13 8.89 8.63 8.35 8.06 7.76 7.46 7.16 6.87 6.58 6.30 6.02 5.76 5.50 5.26 5.02 4.80 4.59 4.39 4.20 4.02 3.85 3.69 3.55 3.41 3.29 3.17 3.07 2.97 2.88 2.81 2.73 2.67 2.61 2.56 2.51 2.47 2.44 2.40 2.38 2.35 2.33 2.31 2.29 2.28 2.27 2.26 2.25 2.25 2.25 2.25 2.25 2.25 2.26 2.26 2.27 2.28 2.30 2.31 2.33 2.35 2.38 2.41 2.45 2.49 2.54 2.59 2.66 2.73 2.81 2.90 3.01 3.12 3.25 3.38 3.53 3.70 3.87 4.05 4.25 4.45 4.66 4.88 5.11 5.33 5.56 5.79 6.02 6.24 6.45 6.65 6.83 7.00 7.15 7.29 7.40 7.48 7.54 7.58 7.58 7.56 7.52 7.45 7.35 7.23 7.08 6.92 6.74 6.54 6.32 6.10 5.87 5.63 5.38 5.14 4.89 4.65 4.42 4.19 3.96 3.75 3.55 3.35 3.17 3.00 2.84 2.70 2.56 2.44 2.32 2.22 2.12 2.04 1.96 1.89 1.82 1.76 1.71 1.66 1.62 1.58 1.54 1.51
1.13 1.15 1.17 1.18 1.19 1.20 1.22 1.23 1.24 1.25 1.26 1.28 1.30 1.33 1.36 1.39 1.44 1.49 1.56 1.63 1.72 1.82 1.94 2.08 2.23 2.39 2.58 2.78 3.00 3.23 3.48 3.74 4.01 4.30 4.59 4.88 5.18 5.48 5.77 6.06 6.33 6.59 6.84 7.07 7.27 7.45 7.61 7.73 7.84 7.91 7.96 7.99 7.99 7.98 7.94 7.90 7.85 7.79 7.74 7.68 7.63 7.60 7.57 7.56 7.57 7.59 7.63 7.70 7.78 7.88 8.01 8.15 8.30 8.47 8.65 8.84 9.03 9.23 9.43 9.63 9.83 10.02 10.20 10.36 10.52 10.66 10.78 10.88 10.96 11.02 11.06 11.07 11.07 11.03 10.98 10.90 10.80 10.67 10.53 10.36 10.18 9.97 9.75 9.51 9.26 9.00 8.73 8.44 8.15 7.86 7.56 7.26 6.96 6.66 6.36 6.07 5.78 5.50 5.23 4.96 4.71 4.46 4.22 4.00 3.78 3.58 3.39 3.21 3.04 2.89 2.74 2.60 2.48 2.36 2.26 2.16 2.07 1.99 1.92 1.85 1.79 1.74 1.69 1.65 1.61 1.57 1.54 1.52 1.49 1.47 1.45 1.44 1.43 1.42 1.41 1.40 1.39 1.39 1.39 1.39 1.39 1.39 1.40 1.40 1.41 1.42 1.43 1.44 1.45 1.47 1.49 1.50 1.52 1.54 1.57 1.59 1.62 1.64 1.67 1.70 1.73 1.76 1.79 1.82 1.85 1.89 1.92 1.96 2.00 2.04 2.07 2.11 2.16 2.20 2.24 2.28 2.33 2.38 2.43 2.48 2.53 2.58 2.64 2.69 2.75 2.81 2.88 2.94 3.01 3.08 3.16 3.24 3.32 3.41 3.50 3.60 3.70 3.81 3.92 4.04 4.17 4.30 4.44 4.59 4.75 4.91 5.08 5.26 5.45 5.65 5.86 6.07 6.30 6.54 6.78 7.04 7.30 7.58 7.86 8.14 8.43 8.72 9.01 9.28 9.54 9.78 10.00 10.18 10.32 10.43 10.49 10.50 10.47 10.38 10.25 10.08 9.87 9.63 9.36 9.07 8.76 8.44 8.11 7.79 7.46 7.14 6.83 6.52 6.22 5.94 5.67 5.41 5.16 4.92 4.70 4.48 4.28 4.09 3.92 3.75 3.60 3.46 3.33 3.20 3.09 2.99 2.90 2.82 2.75 2.68 2.62 2.57 2.52 2.48 2.44 2.41 2.38 2.35 2.33 2.31 2.30 2.29 2.28 2.27 2.26 2.26 2.25 2.25 2.25 2.26 2.26 2.27 2.28 2.29 2.30 2.32 2.34 2.36 2.39 2.42 2.46 2.50 2.55 2.61 2.68 2.76 2.85 2.94 3.05 3.17 3.31 3.45 3.61 3.78 3.97 4.16 4.37 4.59 4.81 5.04 5.28 5.52 5.77 6.01 6.25 6.48 6.70 6.91 7.11 7.29 7.45 7.59 7.71 7.80 7.86 7.90 7.91 7.89 7.84 7.77 7.67 7.54 7.39 7.22 7.03 6.82 6.59 6.36 6.11 5.86 5.60 5.34 5.09 4.83 4.59 4.34 4.11 3.88 3.67 3.47 3.28 3.10 2.93 2.78 2.63 2.50 2.38 2.27 2.18 2.08 2.00 1.93 1.86 1.80 1.75 1.70 1.65 1.61 1.57 1.53
1.18 1.20 1.22 1.23 1.25 1.26 1.27 1.28 1.29 1.30 1.32 1.33 1.35 1.37 1.40 1.44 1.48 1.54 1.60 1.68 1.77 1.88 2.00 2.14 2.29 2.47 2.66 2.87 3.10 3.34 3.60 3.88 4.16 4.46 4.76 5.07 5.38 5.69 6.00 6.29 6.58 6.85 7.10 7.33 7.53 7.71 7.87 7.99 8.08 8.15 8.19 8.20 8.19 8.16 8.12 8.06 7.99 7.91 7.83 7.76 7.69 7.63 7.58 7.55 7.53 7.53 7.56 7.60 7.67 7.75 7.86 7.98 8.12 8.28 8.44 8.62 8.81 9.00 9.19 9.38 9.57 9.76 9.93 10.10 10.25 10.39 10.51 10.61 10.70 10.76 10.80 10.82 10.82 10.79 10.75 10.67 10.58 10.46 10.32 10.17 9.99 9.79 9.58 9.35 9.11 8.86 8.59 8.32 8.04 7.75 7.46 7.17 6.87 6.58 6.29 6.00 5.72 5.45 5.18 4.92 4.67 4.43 4.19 3.97 3.76 3.56 3.38 3.20 3.03 2.88 2.74 2.60 2.48 2.37 2.26 2.16 2.08 2.00 1.92 1.86 1.80 1.74 1.69 1.65 1.61 1.58 1.55 1.52 1.50 1.47 1.46 1.44 1.43 1.42 1.41 1.40 1.40 1.39 1.39 1.39 1.39 1.39 1.40 1.40 1.41 1.42 1.43 1.44 1.46 1.47 1.49 1.50 1.52 1.54 1.57 1.59 1.61 1.64 1.66 1.69 1.72 1.75 1.78 1.81 1.85 1.88 1.91 1.95 1.98 2.02 2.06 2.10 2.14 2.18 2.23 2.27 2.32 2.36 2.41 2.46 2.51 2.57 2.62 2.68 2.74 2.80 2.87 2.94 3.01 3.08 3.16 3.24 3.33 3.42 3.52 3.62 3.73 3.85 3.97 4.09 4.23 4.37 4.52 4.68 4.84 5.02 5.20 5.39 5.59 5.81 6.03 6.26 6.50 6.76 7.02 7.30 7.59 7.89 8.19 8.51 8.82 9.14 9.45 9.76 10.04 10.31 10.55 10.75 10.91 11.03 11.09 11.11 11.07 10.97 10.83 10.64 10.41 10.14 9.84 9.52 9.18 8.83 8.47 8.11 7.76 7.41 7.07 6.74 6.43 6.12 5.83 5.55 5.29 5.04 4.80 4.58 4.37 4.17 3.98 3.81 3.65 3.50 3.36 3.24 3.12 3.02 2.92 2.83 2.76 2.69 2.63 2.57 2.52 2.48 2.44 2.41 2.38 2.36 2.34 2.32 2.30 2.29 2.28 2.27 2.26 2.26 2.26 2.26 2.26 2.26 2.26 2.27 2.28 2.29 2.30 2.32 2.34 2.36 2.39 2.43 2.47 2.52 2.57 2.63 2.71 2.79 2.88 2.98 3.10 3.23 3.37 3.52 3.69 3.87 4.06 4.27 4.49 4.72 4.95 5.20 5.45 5.70 5.96 6.21 6.47 6.71 6.95 7.17 7.38 7.57 7.74 7.89 8.01 8.11 8.18 8.22 8.23 8.21 8.16 8.08 7.97 7.84 7.68 7.50 7.30 7.08 6.85 6.60 6.35 6.08 5.81 5.54 5.28 5.01 4.75 4.50 4.25 4.02 3.79 3.58 3.38 3.19 3.02 2.86 2.71 2.57 2.45 2.33 2.23 2.13 2.05 1.97 1.90 1.84 1.78 1.73 1.68 1.64 1.60 1.56
1.24 1.26 1.28 1.30 1.31 1.32 1.33 1.34 1.35 1.36 1.37 1.39 1.41 1.43 1.45 1.49 1.53 1.59 1.65 1.73 1.82 1.93 2.05 2.20 2.36 2.54 2.74 2.95 3.19 3.44 3.71 4.00 4.30 4.60 4.92 5.24 5.56 5.88 6.20 6.50 6.80 7.07 7.33 7.56 7.77 7.95 8.10 8.22 8.30 8.36 8.39 8.39 8.37 8.33 8.26 8.19 8.10 8.00 7.90 7.81 7.72 7.64 7.57 7.51 7.48 7.46 7.47 7.49 7.54 7.61 7.70 7.80 7.93 8.07 8.23 8.39 8.57 8.75 8.94 9.12 9.31 9.49 9.66 9.82 9.97 10.11 10.23 10.34 10.42 10.49 10.53 10.56 10.56 10.54 10.50 10.43 10.35 10.24 10.11 9.96 9.79 9.60 9.40 9.18 8.94 8.70 8.44 8.18 7.91 7.63 7.35 7.06 6.78 6.49 6.21 5.93 5.65 5.39 5.12 4.87 4.63 4.39 4.16 3.95 3.74 3.55 3.36 3.19 3.03 2.88 2.73 2.60 2.48 2.37 2.27 2.17 2.08 2.00 1.93 1.87 1.81 1.75 1.70 1.66 1.62 1.58 1.55 1.53 1.50 1.48 1.46 1.44 1.43 1.42 1.41 1.40 1.40 1.39 1.39 1.39 1.39 1.39 1.40 1.40 1.41 1.42 1.43 1.44 1.46 1.47 1.49 1.50 1.52 1.54 1.56 1.58 1.61 1.63 1.66 1.69 1.71 1.74 1.77 1.80 1.83 1.87 1.90 1.94 1.97 2.01 2.05 2.09 2.13 2.17 2.21 2.25 2.30 2.35 2.40 2.45 2.50 2.55 2.61 2.67 2.73 2.79 2.86 2.93 3.01 3.08 3.17 3.25 3.34 3.44 3.54 3.65 3.76 3.88 4.01 4.14 4.29 4.44 4.60 4.76 4.94 5.13 5.32 5.53 5.74 5.97 6.20 6.45 6.71 6.99 7.27 7.57 7.88 8.21 8.54 8.88 9.22 9.57 9.91 10.24 10.56 10.85 11.11 11.33 11.51 11.63 11.71 11.72 11.67 11.57 11.41 11.20 10.95 10.65 10.32 9.97 9.60 9.22 8.83 8.44 8.06 7.68 7.32 6.96 6.62 6.30 5.99 5.70 5.42 5.15 4.90 4.67 4.45 4.24 4.04 3.86 3.70 3.54 3.40 3.27 3.15 3.04 2.94 2.85 2.77 2.70 2.63 2.58 2.53 2.48 2.45 2.41 2.38 2.36 2.34 2.32 2.30 2.29 2.28 2.27 2.27 2.26 2.26 2.26 2.26 2.26 2.27 2.27 2.28 2.29 2.31 2.32 2.34 2.37 2.40 2.44 2.48 2.53 2.59 2.65 2.73 2.81 2.91 3.02 3.14 3.28 3.42 3.59 3.76 3.95 4.16 4.37 4.60 4.84 5.09 5.34 5.61 5.87 6.14 6.41 6.67 6.93 7.18 7.41 7.63 7.83 8.01 8.17 8.30 8.40 8.47 8.51 8.53 8.51 8.46 8.38 8.27 8.13 7.96 7.78 7.57 7.34 7.10 6.84 6.57 6.30 6.02 5.73 5.45 5.18 4.91 4.64 4.39 4.14 3.91 3.69 3.48 3.28 3.10 2.93 2.78 2.64 2.51 2.39 2.28 2.18 2.09 2.01 1.94 1.87 1.82 1.76 1.71 1.67 1.63 1.59
1.31 1.33 1.35 1.37 1.38 1.40 1.41 1.42 1.43 1.43 1.44 1.45 1.47 1.49 1.51 1.55 1.59 1.64 1.70 1.78 1.87 1.98 2.11 2.25 2.42 2.60 2.80 3.03 3.27 3.53 3.81 4.10 4.41 4.73 5.06 5.39 5.72 6.05 6.37 6.69 6.98 7.26 7.52 7.76 7.97 8.15 8.29 8.41 8.49 8.54 8.56 8.55 8.52 8.46 8.38 8.29 8.18 8.07 7.95 7.84 7.73 7.63 7.54 7.47 7.41 7.37 7.36 7.37 7.40 7.45 7.52 7.62 7.73 7.86 8.00 8.15 8.32 8.49 8.67 8.85 9.03 9.20 9.37 9.53 9.68 9.82 9.94 10.05 10.13 10.20 10.25 10.28 10.29 10.27 10.24 10.18 10.10 10.00 9.88 9.74 9.58 9.40 9.20 8.99 8.77 8.53 8.29 8.03 7.77 7.50 7.23 6.95 6.67 6.40 6.12 5.85 5.58 5.32 5.07 4.82 4.58 4.35 4.13 3.92 3.72 3.53 3.35 3.18 3.02 2.87 2.74 2.61 2.49 2.38 2.27 2.18 2.09 2.02 1.94 1.88 1.82 1.76 1.72 1.67 1.63 1.60 1.56 1.54 1.51 1.49 1.47 1.45 1.44 1.42 1.41 1.41 1.40 1.40 1.39 1.39 1.39 1.40 1.40 1.40 1.41 1.42 1.43 1.44 1.45 1.47 1.48 1.50 1.52 1.54 1.56 1.58 1.60 1.63 1.65 1.68 1.70 1.73 1.76 1.79 1.82 1.86 1.89 1.92 1.96 1.99 2.03 2.07 2.11 2.15 2.19 2.24 2.28 2.33 2.38 2.43 2.48 2.54 2.60 2.66 2.72 2.78 2.85 2.93 3.00 3.08 3.17 3.26 3.35 3.46 3.56 3.68 3.80 3.92 4.06 4.20 4.35 4.51 4.68 4.86 5.04 5.24 5.45 5.66 5.89 6.13 6.39 6.65 6.93 7.22 7.53 7.85 8.18 8.53 8.89 9.25 9.63 10.00 10.37 10.73 11.07 11.39 11.67 11.91 12.10 12.24 12.32 12.33 12.28 12.17 11.99 11.76 11.48 11.16 10.80 10.42 10.01 9.60 9.18 8.76 8.35 7.94 7.55 7.18 6.82 6.47 6.15 5.84 5.54 5.27 5.00 4.76 4.52 4.31 4.10 3.92 3.74 3.58 3.43 3.29 3.17 3.06 2.95 2.86 2.78 2.71 2.64 2.58 2.53 2.49 2.45 2.41 2.38 2.36 2.34 2.32 2.30 2.29 2.28 2.27 2.27 2.26 2.26 2.26 2.26 2.26 2.27 2.27 2.28 2.29 2.31 2.33 2.35 2.38 2.41 2.45 2.49 2.54 2.60 2.67 2.75 2.84 2.94 3.06 3.18 3.32 3.48 3.65 3.83 4.03 4.24 4.47 4.70 4.95 5.21 5.48 5.76 6.03 6.31 6.59 6.87 7.14 7.39 7.64 7.87 8.08 8.26 8.43 8.56 8.67 8.75 8.79 8.81 8.79 8.74 8.65 8.54 8.40 8.23 8.03 7.82 7.58 7.33 7.06 6.78 6.50 6.21 5.91 5.62 5.34 5.05 4.78 4.51 4.26 4.02 3.79 3.57 3.37 3.18 3.01 2.85 2.70 2.56 2.44 2.33 2.23 2.14 2.05 1.98 1.91 1.85 1.79 1.74 1.70 1.65 1.61
1.39 1.41 1.44 1.45 1.47 1.48 1.49 1.50 1.51 1.52 1.52 1.53 1.54 1.56 1.58 1.61 1.65 1.70 1.76 1.83 1.92 2.03 2.16 2.30 2.47 2.66 2.86 3.09 3.34 3.61 3.89 4.19 4.51 4.84 5.17 5.51 5.85 6.19 6.52 6.83 7.14 7.42 7.69 7.92 8.13 8.31 8.45 8.56 8.64 8.68 8.69 8.68 8.63 8.56 8.47 8.36 8.24 8.11 7.97 7.84 7.71 7.59 7.49 7.40 7.32 7.27 7.24 7.23 7.24 7.28 7.34 7.41 7.51 7.63 7.76 7.91 8.06 8.23 8.39 8.57 8.74 8.91 9.07 9.23 9.38 9.52 9.64 9.75 9.84 9.91 9.96 9.99 10.01 10.00 9.97 9.92 9.84 9.75 9.64 9.51 9.35 9.19 9.00 8.80 8.59 8.36 8.12 7.88 7.62 7.36 7.10 6.83 6.57 6.30 6.03 5.77 5.51 5.26 5.01 4.77 4.54 4.31 4.10 3.89 3.70 3.51 3.34 3.17 3.02 2.87 2.74 2.61 2.50 2.39 2.29 2.20 2.11 2.03 1.96 1.90 1.84 1.78 1.73 1.69 1.65 1.61 1.58 1.55 1.52 1.50 1.48 1.46 1.45 1.43 1.42 1.41 1.40 1.40 1.40 1.39 1.39 1.40 1.40 1.40 1.41 1.42 1.43 1.44 1.45 1.46 1.48 1.50 1.51 1.53 1.55 1.57 1.60 1.62 1.64 1.67 1.69 1.72 1.75 1.78 1.81 1.84 1.87 1.91 1.94 1.98 2.02 2.05 2.09 2.13 2.18 2.22 2.27 2.31 2.36 2.41 2.47 2.52 2.58 2.64 2.71 2.78 2.85 2.92 3.00 3.09 3.17 3.27 3.37 3.47 3.58 3.70 3.83 3.96 4.11 4.26 4.41 4.58 4.76 4.95 5.15 5.36 5.58 5.81 6.05 6.30 6.57 6.85 7.15 7.46 7.79 8.13 8.48 8.85 9.24 9.63 10.03 10.43 10.83 11.22 11.58 11.92 12.23 12.48 12.69 12.84 12.92 12.93 12.87 12.75 12.56 12.31 12.00 11.65 11.26 10.85 10.41 9.97 9.52 9.07 8.63 8.20 7.78 7.38 7.00 6.64 6.30 5.97 5.66 5.37 5.10 4.84 4.60 4.37 4.16 3.97 3.78 3.62 3.46 3.32 3.19 3.07 2.97 2.87 2.79 2.71 2.65 2.59 2.53 2.49 2.45 2.41 2.38 2.36 2.34 2.32 2.30 2.29 2.28 2.27 2.27 2.26 2.26 2.26 2.26 2.26 2.27 2.27 2.28 2.30 2.31 2.33 2.35 2.38 2.42 2.46 2.50 2.56 2.62 2.69 2.77 2.87 2.97 3.09 3.22 3.37 3.53 3.70 3.89 4.10 4.32 4.55 4.80 5.06 5.33 5.61 5.89 6.18 6.47 6.76 7.05 7.33 7.59 7.85 8.08 8.30 8.50 8.67 8.81 8.92 9.00 9.05 9.06 9.04 8.99 8.91 8.79 8.64 8.47 8.27 8.04 7.80 7.54 7.26 6.98 6.68 6.38 6.08 5.78 5.48 5.19 4.91 4.63 4.37 4.12 3.88 3.66 3.45 3.26 3.08 2.91 2.76 2.62 2.49 2.38 2.27 2.18 2.09 2.02 1.95 1.88 1.83 1.77 1.73 1.68 1.64
1.48 1.51 1.53 1.55 1.57 1.58 1.59 1.60 1.60 1.61 1.61 1.62 1.62 1.64 1.65 1.68 1.71 1.76 1.82 1.89 1.98 2.08 2.21 2.35 2.52 2.71 2.92 3.15 3.40 3.67 3.96 4.27 4.59 4.92 5.26 5.60 5.95 6.29 6.63 6.95 7.26 7.55 7.81 8.05 8.26 8.43 8.57 8.68 8.75 8.79 8.79 8.76 8.70 8.62 8.52 8.40 8.26 8.12 7.97 7.82 7.67 7.54 7.41 7.31 7.22 7.15 7.10 7.07 7.07 7.09 7.14 7.20 7.29 7.39 7.51 7.65 7.79 7.95 8.11 8.28 8.44 8.61 8.77 8.93 9.07 9.21 9.33 9.44 9.53 9.61 9.66 9.70 9.72 9.71 9.69 9.65 9.58 9.50 9.39 9.27 9.13 8.97 8.79 8.60 8.40 8.18 7.95 7.72 7.47 7.22 6.97 6.71 6.45 6.20 5.94 5.69 5.43 5.19 4.95 4.72 4.49 4.28 4.07 3.87 3.68 3.50 3.33 3.17 3.02 2.88 2.75 2.62 2.51 2.40 2.30 2.21 2.13 2.05 1.98 1.92 1.86 1.80 1.75 1.71 1.67 1.63 1.60 1.57 1.54 1.51 1.49 1.47 1.46 1.44 1.43 1.42 1.41 1.41 1.40 1.40 1.40 1.40 1.40 1.41 1.41 1.42 1.43 1.44 1.45 1.46 1.48 1.49 1.51 1.53 1.55 1.57 1.59 1.61 1.63 1.66 1.68 1.71 1.74 1.77 1.80 1.83 1.86 1.89 1.93 1.96 2.00 2.04 2.08 2.12 2.16 2.20 2.25 2.30 2.35 2.40 2.45 2.51 2.57 2.63 2.70 2.77 2.84 2.92 3.00 3.09 3.18 3.28 3.38 3.49 3.61 3.73 3.87 4.01 4.16 4.31 4.48 4.66 4.85 5.05 5.26 5.48 5.71 5.95 6.21 6.48 6.76 7.06 7.37 7.70 8.04 8.41 8.78 9.18 9.58 10.00 10.43 10.85 11.28 11.69 12.08 12.44 12.76 13.04 13.26 13.41 13.50 13.51 13.44 13.31 13.10 12.83 12.50 12.12 11.71 11.26 10.79 10.32 9.84 9.36 8.89 8.44 8.00 7.58 7.18 6.80 6.43 6.09 5.77 5.47 5.18 4.92 4.67 4.43 4.21 4.01 3.82 3.65 3.49 3.35 3.21 3.09 2.98 2.89 2.80 2.72 2.65 2.59 2.54 2.49 2.45 2.41 2.38 2.36 2.34 2.32 2.30 2.29 2.28 2.27 2.27 2.26 2.26 2.26 2.26 2.26 2.27 2.28 2.29 2.30 2.32 2.34 2.36 2.39 2.42 2.46 2.51 2.57 2.63 2.71 2.79 2.89 3.00 3.12 3.26 3.41 3.57 3.75 3.95 4.16 4.39 4.63 4.89 5.15 5.43 5.72 6.01 6.31 6.61 6.91 7.21 7.49 7.77 8.03 8.28 8.50 8.71 8.88 9.03 9.14 9.23 9.28 9.29 9.28 9.22 9.14 9.02 8.87 8.69 8.48 8.25 8.00 7.73 7.45 7.15 6.85 6.54 6.23 5.92 5.62 5.32 5.03 4.74 4.47 4.22 3.97 3.74 3.53 3.33 3.14 2.97 2.82 2.67 2.54 2.43 2.32 2.22 2.13 2.05 1.98 1.92 1.86 1.81 1.76 1.71 1.67
1.58 1.61 1.64 1.66 1.68 1.69 1.70 1.71 1.71 1.71 1.71 1.71 1.72 1.72 1.74 1.76 1.78 1.82 1.88 1.95 2.03 2.13 2.26 2.40 2.56 2.75 2.96 3.19 3.44 3.72 4.01 4.32 4.64 4.98 5.32 5.67 6.02 6.37 6.70 7.03 7.34 7.63 7.90 8.13 8.34 8.51 8.65 8.75 8.82 8.85 8.84 8.81 8.74 8.65 8.53 8.40 8.25 8.09 7.93 7.77 7.61 7.46 7.32 7.20 7.09 7.01 6.94 6.90 6.89 6.90 6.93 6.98 7.05 7.15 7.26 7.38 7.52 7.67 7.82 7.98 8.14 8.31 8.46 8.62 8.76 8.89 9.02 9.13 9.22 9.30 9.36 9.40 9.42 9.43 9.41 9.37 9.31 9.24 9.14 9.03 8.89 8.74 8.58 8.40 8.20 8.00 7.78 7.55 7.32 7.08 6.84 6.59 6.34 6.09 5.85 5.60 5.36 5.12 4.89 4.67 4.45 4.24 4.04 3.85 3.66 3.49 3.33 3.17 3.02 2.89 2.76 2.64 2.53 2.42 2.33 2.24 2.16 2.08 2.01 1.94 1.89 1.83 1.78 1.73 1.69 1.65 1.62 1.59 1.56 1.53 1.51 1.49 1.47 1.46 1.44 1.43 1.42 1.41 1.41 1.40 1.40 1.40 1.40 1.41 1.41 1.42 1.43 1.43 1.45 1.46 1.47 1.49 1.50 1.52 1.54 1.56 1.58 1.60 1.62 1.65 1.67 1.70 1.73 1.75 1.78 1.81 1.85 1.88 1.91 1.95 1.98 2.02 2.06 2.10 2.14 2.18 2.23 2.28 2.33 2.38 2.43 2.49 2.55 2.62 2.68 2.76 2.83 2.91 3.00 3.09 3.18 3.29 3.39 3.51 3.63 3.76 3.90 4.05 4.21 4.37 4.55 4.74 4.94 5.14 5.37 5.60 5.84 6.10 6.37 6.65 6.95 7.26 7.59 7.94 8.30 8.68 9.08 9.49 9.92 10.36 10.81 11.26 11.71 12.14 12.55 12.94 13.28 13.56 13.79 13.95 14.04 14.05 13.98 13.83 13.61 13.32 12.96 12.56 12.12 11.64 11.15 10.64 10.13 9.63 9.14 8.66 8.20 7.76 7.34 6.94 6.56 6.21 5.87 5.56 5.27 4.99 4.73 4.49 4.26 4.05 3.86 3.68 3.52 3.37 3.23 3.11 3.00 2.90 2.81 2.73 2.66 2.59 2.54 2.49 2.45 2.41 2.38 2.36 2.34 2.32 2.30 2.29 2.28 2.27 2.27 2.26 2.26 2.26 2.26 2.27 2.27 2.28 2.29 2.30 2.32 2.34 2.36 2.39 2.43 2.47 2.52 2.58 2.65 2.72 2.81 2.91 3.02 3.15 3.29 3.44 3.61 3.80 4.00 4.22 4.45 4.70 4.96 5.24 5.52 5.82 6.12 6.43 6.73 7.04 7.34 7.64 7.93 8.20 8.45 8.68 8.89 9.07 9.22 9.34 9.43 9.48 9.50 9.48 9.42 9.34 9.21 9.06 8.88 8.67 8.43 8.17 7.90 7.61 7.31 7.00 6.68 6.36 6.05 5.74 5.43 5.13 4.84 4.57 4.30 4.05 3.82 3.60 3.40 3.21 3.03 2.87 2.73 2.59 2.47 2.36 2.26 2.17 2.09 2.02 1.95 1.89 1.84 1.79 1.74 1.70
1.70 1.73 1.76 1.79 1.80 1.82 1.83 1.83 1.83 1.83 1.82 1.82 1.82 1.82 1.83 1.84 1.86 1.90 1.94 2.01 2.09 2.18 2.30 2.44 2.60 2.79 2.99 3.22 3.48 3.75 4.04 4.35 4.68 5.02 5.36 5.71 6.06 6.41 6.75 7.08 7.39 7.68 7.94 8.18 8.38 8.55 8.69 8.78 8.84 8.87 8.86 8.81 8.74 8.64 8.51 8.37 8.21 8.04 7.86 7.69 7.51 7.35 7.20 7.06 6.95 6.85 6.77 6.72 6.69 6.69 6.71 6.75 6.81 6.90 7.00 7.11 7.24 7.38 7.53 7.69 7.84 8.00 8.15 8.30 8.45 8.58 8.70 8.81 8.91 8.99 9.05 9.10 9.13 9.14 9.13 9.10 9.05 8.98 8.89 8.78 8.66 8.52 8.36 8.19 8.01 7.81 7.61 7.39 7.17 6.94 6.71 6.47 6.23 5.99 5.75 5.52 5.28 5.06 4.83 4.62 4.41 4.21 4.01 3.83 3.65 3.48 3.32 3.17 3.03 2.90 2.77 2.66 2.55 2.45 2.35 2.27 2.19 2.11 2.04 1.98 1.92 1.86 1.81 1.77 1.72 1.68 1.65 1.61 1.58 1.56 1.53 1.51 1.49 1.47 1.46 1.44 1.43 1.42 1.42 1.41 1.41 1.41 1.41 1.41 1.41 1.42 1.42 1.43 1.44 1.45 1.47 1.48 1.50 1.51 1.53 1.55 1.57 1.59 1.61 1.64 1.66 1.69 1.71 1.74 1.77 1.80 1.83 1.86 1.89 1.93 1.96 2.00 2.04 2.08 2.12 2.16 2.21 2.26 2.31 2.36 2.42 2.48 2.54 2.60 2.67 2.75 2.82 2.91 3.00 3.09 3.19 3.30 3.41 3.53 3.66 3.79 3.94 4.10 4.26 4.44 4.62 4.82 5.03 5.25 5.48 5.72 5.98 6.25 6.53 6.83 7.14 7.47 7.81 8.18 8.56 8.96 9.37 9.80 10.25 10.71 11.18 11.65 12.12 12.57 13.00 13.40 13.75 14.05 14.29 14.45 14.54 14.54 14.46 14.30 14.07 13.76 13.38 12.96 12.49 11.99 11.47 10.94 10.40 9.88 9.36 8.86 8.38 7.92 7.48 7.07 6.68 6.31 5.97 5.64 5.34 5.05 4.79 4.54 4.31 4.09 3.89 3.71 3.54 3.39 3.25 3.12 3.01 2.91 2.81 2.73 2.66 2.60 2.54 2.49 2.45 2.42 2.38 2.36 2.34 2.32 2.30 2.29 2.28 2.27 2.27 2.26 2.26 2.26 2.26 2.27 2.27 2.28 2.29 2.31 2.32 2.34 2.37 2.40 2.44 2.48 2.53 2.59 2.66 2.74 2.83 2.93 3.04 3.17 3.31 3.47 3.65 3.84 4.04 4.26 4.50 4.76 5.02 5.30 5.59 5.90 6.21 6.52 6.83 7.15 7.46 7.76 8.05 8.33 8.59 8.83 9.04 9.23 9.38 9.50 9.59 9.65 9.67 9.65 9.59 9.50 9.38 9.23 9.04 8.82 8.59 8.32 8.04 7.75 7.44 7.13 6.80 6.48 6.16 5.84 5.53 5.22 4.93 4.65 4.38 4.13 3.89 3.66 3.46 3.26 3.08 2.92 2.77 2.64 2.51 2.40 2.30 2.21 2.13 2.05 1.98 1.92 1.87 1.82 1.77 1.73
1.82 1.86 1.90 1.92 1.94 1.96 1.96 1.97 1.96 1.96 1.95 1.94 1.93 1.92 1.92 1.93 1.95 1.97 2.01 2.07 2.14 2.23 2.35 2.48 2.64 2.82 3.02 3.25 3.50 3.77 4.06 4.37 4.69 5.03 5.37 5.72 6.07 6.42 6.76 7.09 7.39 7.68 7.94 8.18 8.38 8.55 8.68 8.77 8.83 8.85 8.83 8.78 8.69 8.58 8.45 8.30 8.13 7.95 7.76 7.58 7.39 7.22 7.06 6.91 6.78 6.67 6.58 6.52 6.48 6.47 6.48 6.51 6.56 6.64 6.73 6.84 6.96 7.09 7.24 7.39 7.54 7.69 7.84 7.99 8.13 8.27 8.39 8.50 8.60 8.68 8.75 8.80 8.83 8.85 8.84 8.82 8.78 8.72 8.64 8.54 8.43 8.30 8.15 7.99 7.82 7.63 7.43 7.23 7.02 6.80 6.57 6.35 6.12 5.89 5.66 5.44 5.21 4.99 4.78 4.57 4.37 4.18 3.99 3.81 3.64 3.48 3.33 3.18 3.05 2.92 2.80 2.68 2.58 2.48 2.39 2.30 2.22 2.15 2.08 2.02 1.96 1.90 1.85 1.80 1.76 1.72 1.68 1.64 1.61 1.58 1.56 1.53 1.51 1.49 1.47 1.46 1.44 1.43 1.43 1.42 1.41 1.41 1.41 1.41 1.41 1.42 1.42 1.43 1.44 1.45 1.46 1.48 1.49 1.51 1.52 1.54 1.56 1.58 1.60 1.63 1.65 1.67 1.70 1.73 1.75 1.78 1.81 1.84 1.88 1.91 1.95 1.98 2.02 2.06 2.10 2.14 2.19 2.24 2.29 2.34 2.40 2.46 2.52 2.59 2.66 2.73 2.81 2.90 2.99 3.09 3.19 3.30 3.42 3.55 3.68 3.83 3.98 4.14 4.31 4.50 4.69 4.90 5.12 5.35 5.59 5.85 6.11 6.40 6.69 7.00 7.33 7.67 8.03 8.41 8.81 9.22 9.65 10.10 10.57 11.05 11.53 12.02 12.50 12.97 13.41 13.82 14.18 14.49 14.73 14.89 14.98 14.98 14.89 14.72 14.47 14.14 13.75 13.31 12.82 12.29 11.75 11.20 10.64 10.09 9.55 9.03 8.54 8.06 7.61 7.18 6.78 6.40 6.05 5.71 5.40 5.11 4.83 4.58 4.34 4.12 3.92 3.73 3.56 3.41 3.26 3.13 3.02 2.91 2.82 2.74 2.66 2.60 2.54 2.49 2.45 2.42 2.38 2.36 2.34 2.32 2.30 2.29 2.28 2.27 2.27 2.26 2.26 2.26 2.27 2.27 2.28 2.28 2.30 2.31 2.33 2.35 2.38 2.41 2.44 2.49 2.54 2.60 2.67 2.75 2.84 2.94 3.06 3.19 3.33 3.50 3.67 3.86 4.07 4.30 4.54 4.80 5.07 5.35 5.65 5.96 6.27 6.59 6.91 7.23 7.55 7.86 8.15 8.44 8.70 8.94 9.16 9.35 9.51 9.64 9.73 9.78 9.80 9.79 9.73 9.64 9.52 9.36 9.17 8.95 8.71 8.45 8.16 7.86 7.55 7.23 6.90 6.58 6.25 5.93 5.61 5.30 5.00 4.72 4.45 4.19 3.95 3.72 3.51 3.31 3.13 2.97 2.82 2.68 2.55 2.44 2.34 2.24 2.16 2.08 2.02 1.95 1.90 1.84 1.80 1.75
1.96 2.01 2.04 2.07 2.09 2.11 2.11 2.11 2.11 2.10 2.08 2.07 2.05 2.04 2.03 2.03 2.04 2.05 2.09 2.13 2.20 2.28 2.39 2.51 2.66 2.84 3.04 3.26 3.50 3.77 4.06 4.36 4.68 5.02 5.36 5.71 6.05 6.40 6.73 7.06 7.36 7.65 7.91 8.14 8.34 8.50 8.63 8.71 8.77 8.78 8.76 8.70 8.61 8.49 8.35 8.19 8.01 7.82 7.63 7.43 7.24 7.06 6.89 6.73 6.59 6.47 6.38 6.31 6.26 6.24 6.24 6.26 6.31 6.37 6.46 6.56 6.68 6.80 6.94 7.09 7.23 7.38 7.53 7.68 7.82 7.95 8.08 8.19 8.29 8.38 8.45 8.50 8.54 8.56 8.56 8.55 8.51 8.46 8.39 8.30 8.20 8.08 7.94 7.79 7.63 7.45 7.27 7.07 6.87 6.66 6.45 6.23 6.01 5.79 5.58 5.36 5.15 4.94 4.73 4.53 4.34 4.15 3.97 3.80 3.64 3.48 3.34 3.20 3.07 2.94 2.83 2.72 2.61 2.52 2.43 2.34 2.27 2.19 2.12 2.06 2.00 1.94 1.89 1.84 1.80 1.75 1.72 1.68 1.64 1.61 1.58 1.56 1.53 1.51 1.49 1.48 1.46 1.45 1.44 1.43 1.42 1.42 1.41 1.41 1.42 1.42 1.42 1.43 1.44 1.45 1.46 1.47 1.48 1.50 1.51 1.53 1.55 1.57 1.59 1.61 1.64 1.66 1.69 1.71 1.74 1.77 1.80 1.83 1.86 1.89 1.92 1.96 2.00 2.04 2.08 2.12 2.17 2.21 2.26 2.32 2.38 2.44 2.50 2.57 2.64 2.72 2.80 2.89 2.99 3.09 3.20 3.31 3.44 3.57 3.71 3.86 4.02 4.19 4.37 4.56 4.76 4.98 5.21 5.45 5.70 5.97 6.25 6.55 6.86 7.18 7.52 7.88 8.25 8.64 9.05 9.48 9.93 10.39 10.87 11.36 11.86 12.36 12.85 13.33 13.78 14.19 14.56 14.87 15.11 15.28 15.36 15.35 15.26 15.08 14.81 14.47 14.06 13.60 13.09 12.55 11.99 11.41 10.84 10.27 9.72 9.18 8.67 8.18 7.72 7.28 6.87 6.48 6.11 5.77 5.45 5.15 4.87 4.61 4.37 4.15 3.94 3.75 3.58 3.42 3.27 3.14 3.02 2.92 2.82 2.74 2.67 2.60 2.54 2.50 2.45 2.42 2.39 2.36 2.34 2.32 2.30 2.29 2.28 2.27 2.27 2.27 2.26 2.27 2.27 2.27 2.28 2.29 2.30 2.31 2.33 2.35 2.38 2.41 2.45 2.50 2.55 2.61 2.68 2.76 2.85 2.95 3.07 3.20 3.35 3.51 3.69 3.88 4.09 4.32 4.57 4.83 5.10 5.39 5.69 6.00 6.31 6.64 6.96 7.29 7.61 7.92 8.22 8.51 8.78 9.02 9.25 9.44 9.60 9.73 9.82 9.88 9.90 9.89 9.83 9.74 9.62 9.46 9.27 9.05 8.81 8.54 8.25 7.95 7.64 7.31 6.98 6.65 6.32 6.00 5.68 5.37 5.07 4.78 4.50 4.24 4.00 3.77 3.55 3.36 3.18 3.01 2.86 2.72 2.59 2.47 2.37 2.28 2.19 2.12 2.05 1.98 1.93 1.87 1.82 1.78
2.11 2.16 2.20 2.24 2.26 2.27 2.28 2.27 2.26 2.25 2.23 2.21 2.18 2.16 2.14 2.13 2.13 2.14 2.16 2.20 2.26 2.33 2.43 2.55 2.69 2.85 3.04 3.26 3.50 3.76 4.04 4.34 4.65 4.98 5.32 5.66 6.00 6.34 6.68 6.99 7.30 7.58 7.83 8.06 8.25 8.41 8.53 8.61 8.66 8.67 8.64 8.58 8.48 8.36 8.21 8.04 7.86 7.66 7.46 7.26 7.06 6.87 6.70 6.53 6.39 6.26 6.16 6.08 6.02 5.99 5.99 6.00 6.04 6.10 6.18 6.28 6.39 6.51 6.65 6.79 6.93 7.08 7.23 7.37 7.51 7.65 7.77 7.89 7.99 8.08 8.15 8.21 8.26 8.28 8.29 8.28 8.26 8.21 8.15 8.07 7.97 7.86 7.74 7.60 7.44 7.28 7.10 6.92 6.73 6.53 6.33 6.12 5.91 5.70 5.50 5.29 5.08 4.88 4.69 4.50 4.31 4.13 3.96 3.80 3.64 3.49 3.35 3.22 3.09 2.97 2.86 2.75 2.66 2.56 2.47 2.39 2.31 2.24 2.17 2.11 2.05 1.99 1.94 1.89 1.84 1.80 1.76 1.72 1.68 1.65 1.62 1.59 1.56 1.54 1.52 1.50 1.48 1.46 1.45 1.44 1.43 1.43 1.42 1.42 1.42 1.42 1.42 1.43 1.43 1.44 1.45 1.46 1.48 1.49 1.51 1.52 1.54 1.56 1.58 1.60 1.62 1.65 1.67 1.70 1.72 1.75 1.78 1.81 1.84 1.87 1.90 1.94 1.97 2.01 2.05 2.09 2.14 2.19 2.24 2.29 2.35 2.41 2.48 2.55 2.62 2.70 2.79 2.88 2.98 3.09 3.20 3.32 3.45 3.58 3.73 3.89 4.06 4.23 4.42 4.62 4.84 5.06 5.30 5.55 5.82 6.09 6.39 6.69 7.02 7.35 7.71 8.07 8.46 8.87 9.29 9.73 10.19 10.66 11.15 11.65 12.15 12.66 13.16 13.64 14.10 14.52 14.89 15.19 15.43 15.59 15.67 15.66 15.55 15.36 15.08 14.73 14.31 13.83 13.31 12.75 12.17 11.59 11.00 10.42 9.85 9.30 8.78 8.28 7.80 7.36 6.93 6.54 6.17 5.82 5.49 5.19 4.91 4.64 4.40 4.17 3.96 3.77 3.59 3.43 3.28 3.15 3.03 2.92 2.83 2.74 2.67 2.60 2.55 2.50 2.45 2.42 2.39 2.36 2.34 2.32 2.30 2.29 2.28 2.28 2.27 2.27 2.27 2.27 2.27 2.28 2.28 2.29 2.30 2.32 2.34 2.36 2.39 2.42 2.46 2.50 2.55 2.62 2.69 2.77 2.86 2.96 3.08 3.21 3.36 3.52 3.70 3.89 4.10 4.33 4.58 4.84 5.11 5.40 5.70 6.01 6.33 6.66 6.99 7.32 7.64 7.95 8.26 8.55 8.82 9.07 9.30 9.49 9.66 9.79 9.89 9.94 9.97 9.95 9.90 9.81 9.68 9.52 9.33 9.11 8.87 8.60 8.31 8.01 7.69 7.37 7.04 6.71 6.38 6.05 5.73 5.41 5.11 4.82 4.55 4.28 4.04 3.81 3.59 3.40 3.21 3.04 2.89 2.75 2.62 2.51 2.40 2.31 2.22 2.15 2.08 2.01 1.95 1.90 1.85 1.81
2.28 2.33 2.38 2.41 2.43 2.45 2.45 2.44 2.43 2.41 2.38 2.35 2.32 2.29 2.27 2.24 2.23 2.23 2.24 2.27 2.31 2.38 2.46 2.57 2.70 2.86 3.04 3.25 3.48 3.73 4.01 4.30 4.61 4.93 5.26 5.59 5.93 6.26 6.58 6.90 7.19 7.47 7.72 7.94 8.12 8.28 8.39 8.47 8.51 8.52 8.48 8.41 8.31 8.19 8.03 7.86 7.67 7.47 7.27 7.06 6.86 6.66 6.48 6.31 6.16 6.03 5.92 5.84 5.78 5.74 5.73 5.74 5.77 5.83 5.91 6.00 6.10 6.22 6.35 6.49 6.63 6.78 6.93 7.07 7.21 7.35 7.47 7.59 7.69 7.79 7.87 7.93 7.98 8.01 8.03 8.03 8.01 7.97 7.92 7.85 7.76 7.66 7.54 7.41 7.27 7.11 6.95 6.77 6.59 6.41 6.21 6.02 5.82 5.62 5.42 5.22 5.03 4.84 4.65 4.47 4.29 4.12 3.96 3.80 3.65 3.51 3.38 3.25 3.13 3.01 2.90 2.80 2.70 2.61 2.53 2.45 2.37 2.30 2.23 2.17 2.11 2.05 1.99 1.94 1.89 1.85 1.80 1.76 1.72 1.69 1.65 1.62 1.59 1.57 1.54 1.52 1.50 1.48 1.47 1.45 1.44 1.44 1.43 1.42 1.42 1.42 1.42 1.43 1.43 1.44 1.45 1.46 1.47 1.48 1.50 1.51 1.53 1.55 1.57 1.59 1.61 1.63 1.66 1.68 1.71 1.73 1.76 1.79 1.82 1.85 1.88 1.91 1.95 1.99 2.02 2.07 2.11 2.16 2.21 2.27 2.32 2.39 2.45 2.53 2.60 2.69 2.77 2.87 2.97 3.08 3.20 3.32 3.46 3.60 3.75 3.92 4.09 4.28 4.47 4.68 4.91 5.14 5.39 5.65 5.93 6.22 6.52 6.84 7.17 7.52 7.89 8.27 8.67 9.08 9.51 9.96 10.43 10.91 11.41 11.91 12.42 12.93 13.43 13.91 14.37 14.78 15.15 15.45 15.69 15.84 15.91 15.88 15.77 15.57 15.28 14.92 14.49 14.00 13.46 12.90 12.31 11.71 11.11 10.52 9.95 9.39 8.86 8.35 7.87 7.41 6.99 6.58 6.21 5.85 5.52 5.22 4.93 4.66 4.41 4.18 3.97 3.78 3.60 3.43 3.29 3.15 3.03 2.93 2.83 2.74 2.67 2.60 2.55 2.50 2.45 2.42 2.39 2.36 2.34 2.32 2.31 2.29 2.29 2.28 2.27 2.27 2.27 2.27 2.28 2.28 2.29 2.30 2.31 2.32 2.34 2.37 2.39 2.42 2.46 2.51 2.56 2.62 2.69 2.77 2.86 2.97 3.08 3.21 3.36 3.52 3.70 3.89 4.10 4.33 4.57 4.83 5.11 5.39 5.70 6.01 6.33 6.65 6.98 7.31 7.64 7.96 8.26 8.56 8.83 9.08 9.31 9.51 9.68 9.81 9.91 9.97 9.99 9.98 9.93 9.84 9.71 9.55 9.36 9.14 8.90 8.63 8.34 8.04 7.73 7.40 7.07 6.74 6.41 6.08 5.76 5.45 5.14 4.85 4.58 4.32 4.07 3.84 3.63 3.43 3.24 3.07 2.92 2.78 2.65 2.54 2.43 2.34 2.25 2.17 2.10 2.04 1.98 1.93 1.88 1.83
2.45 2.51 2.56 2.59 2.62 2.63 2.64 2.63 2.61 2.58 2.55 2.51 2.47 2.43 2.39 2.36 2.34 2.32 2.32 2.34 2.37 2.42 2.50 2.59 2.72 2.86 3.03 3.23 3.45 3.69 3.96 4.24 4.54 4.85 5.17 5.49 5.82 6.15 6.46 6.77 7.05 7.32 7.56 7.78 7.96 8.10 8.21 8.29 8.32 8.32 8.28 8.21 8.11 7.98 7.82 7.64 7.45 7.25 7.04 6.83 6.62 6.42 6.24 6.06 5.91 5.78 5.67 5.58 5.52 5.48 5.46 5.47 5.50 5.55 5.63 5.72 5.82 5.94 6.06 6.20 6.34 6.49 6.63 6.78 6.92 7.05 7.18 7.30 7.41 7.51 7.59 7.66 7.71 7.75 7.78 7.78 7.77 7.74 7.70 7.63 7.56 7.46 7.36 7.24 7.10 6.96 6.80 6.64 6.47 6.29 6.11 5.92 5.74 5.55 5.36 5.17 4.98 4.80 4.62 4.45 4.28 4.12 3.96 3.81 3.67 3.54 3.41 3.28 3.17 3.06 2.95 2.85 2.76 2.67 2.59 2.51 2.43 2.36 2.29 2.23 2.17 2.11 2.05 2.00 1.95 1.90 1.86 1.81 1.77 1.73 1.69 1.66 1.63 1.60 1.57 1.55 1.52 1.50 1.49 1.47 1.46 1.45 1.44 1.43 1.43 1.43 1.43 1.43 1.43 1.44 1.45 1.45 1.47 1.48 1.49 1.51 1.52 1.54 1.56 1.58 1.60 1.62 1.64 1.66 1.69 1.71 1.74 1.76 1.79 1.82 1.85 1.89 1.92 1.96 1.99 2.04 2.08 2.13 2.18 2.23 2.29 2.36 2.42 2.50 2.58 2.66 2.76 2.85 2.96 3.07 3.20 3.33 3.47 3.62 3.77 3.94 4.13 4.32 4.53 4.74 4.98 5.22 5.48 5.75 6.04 6.34 6.65 6.98 7.33 7.69 8.07 8.46 8.86 9.29 9.73 10.19 10.66 11.14 11.64 12.15 12.66 13.17 13.66 14.14 14.59 15.00 15.35 15.65 15.87 16.01 16.07 16.04 15.91 15.70 15.41 15.03 14.60 14.10 13.56 12.99 12.39 11.79 11.19 10.59 10.01 9.45 8.91 8.40 7.91 7.45 7.02 6.61 6.23 5.88 5.54 5.23 4.94 4.67 4.42 4.19 3.98 3.78 3.60 3.44 3.29 3.15 3.03 2.93 2.83 2.74 2.67 2.60 2.55 2.50 2.45 2.42 2.39 2.36 2.34 2.32 2.31 2.30 2.29 2.28 2.28 2.28 2.28 2.28 2.28 2.29 2.29 2.30 2.31 2.33 2.35 2.37 2.40 2.43 2.47 2.51 2.56 2.62 2.69 2.77 2.86 2.96 3.08 3.21 3.35 3.51 3.69 3.88 4.08 4.31 4.55 4.81 5.08 5.37 5.67 5.98 6.29 6.62 6.95 7.28 7.60 7.92 8.23 8.53 8.80 9.06 9.29 9.49 9.66 9.79 9.89 9.95 9.98 9.97 9.91 9.83 9.70 9.55 9.36 9.14 8.90 8.63 8.35 8.05 7.73 7.41 7.08 6.75 6.42 6.09 5.77 5.46 5.16 4.87 4.60 4.34 4.09 3.86 3.65 3.45 3.27 3.10 2.95 2.81 2.68 2.56 2.46 2.36 2.28 2.20 2.13 2.07 2.01 1.95 1.90 1.86
2.63 2.70 2.75 2.79 2.82 2.83 2.83 2.82 2.79 2.76 2.72 2.67 2.62 2.57 2.53 2.48 2.44 2.42 2.41 2.41 2.43 2.47 2.53 2.61 2.72 2.86 3.02 3.20 3.41 3.64 3.89 4.16 4.45 4.75 5.06 5.37 5.69 6.00 6.31 6.61 6.88 7.14 7.38 7.58 7.75 7.89 8.00 8.07 8.10 8.09 8.05 7.97 7.86 7.73 7.57 7.39 7.19 6.99 6.78 6.57 6.36 6.16 5.97 5.80 5.64 5.51 5.40 5.31 5.25 5.21 5.19 5.20 5.23 5.28 5.35 5.43 5.54 5.65 5.78 5.92 6.06 6.20 6.35 6.49 6.64 6.77 6.90 7.03 7.14 7.24 7.33 7.40 7.46 7.51 7.54 7.55 7.55 7.52 7.49 7.44 7.37 7.28 7.19 7.08 6.95 6.82 6.67 6.52 6.36 6.19 6.02 5.84 5.66 5.48 5.30 5.12 4.95 4.77 4.61 4.44 4.28 4.13 3.98 3.83 3.70 3.57 3.44 3.33 3.22 3.11 3.01 2.91 2.82 2.74 2.66 2.58 2.50 2.43 2.37 2.30 2.24 2.18 2.12 2.06 2.01 1.96 1.91 1.87 1.82 1.78 1.74 1.70 1.67 1.63 1.60 1.57 1.55 1.53 1.51 1.49 1.47 1.46 1.45 1.44 1.43 1.43 1.43 1.43 1.43 1.44 1.44 1.45 1.46 1.47 1.48 1.50 1.51 1.53 1.54 1.56 1.58 1.60 1.62 1.65 1.67 1.69 1.72 1.74 1.77 1.80 1.82 1.86 1.89 1.92 1.96 2.00 2.04 2.09 2.14 2.20 2.26 2.32 2.39 2.47 2.55 2.64 2.73 2.84 2.95 3.06 3.19 3.33 3.47 3.63 3.79 3.97 4.16 4.36 4.57 4.80 5.04 5.30 5.56 5.85 6.14 6.46 6.78 7.12 7.48 7.85 8.24 8.64 9.05 9.49 9.93 10.39 10.87 11.36 11.86 12.36 12.86 13.37 13.85 14.32 14.76 15.15 15.50 15.78 15.99 16.12 16.16 16.12 15.99 15.77 15.46 15.08 14.64 14.14 13.60 13.02 12.43 11.82 11.22 10.62 10.04 9.47 8.93 8.42 7.93 7.47 7.03 6.63 6.24 5.88 5.55 5.24 4.94 4.67 4.42 4.19 3.98 3.78 3.60 3.43 3.29 3.15 3.03 2.92 2.83 2.74 2.67 2.60 2.55 2.50 2.46 2.42 2.39 2.36 2.34 2.33 2.31 2.30 2.29 2.29 2.28 2.28 2.28 2.28 2.29 2.29 2.30 2.31 2.32 2.34 2.35 2.38 2.40 2.43 2.47 2.52 2.57 2.62 2.69 2.77 2.86 2.96 3.07 3.20 3.34 3.49 3.66 3.85 4.05 4.27 4.51 4.76 5.03 5.31 5.61 5.92 6.23 6.56 6.88 7.21 7.54 7.86 8.17 8.46 8.74 8.99 9.22 9.43 9.60 9.73 9.83 9.90 9.93 9.92 9.87 9.78 9.66 9.51 9.32 9.11 8.87 8.60 8.32 8.02 7.71 7.39 7.06 6.74 6.41 6.09 5.77 5.46 5.16 4.88 4.61 4.35 4.11 3.88 3.67 3.47 3.29 3.12 2.97 2.83 2.70 2.59 2.48 2.39 2.30 2.23 2.16 2.09 2.03 1.98 1.93 1.88
2.82 2.89 2.95 2.99 3.02 3.03 3.03 3.01 2.99 2.95 2.90 2.84 2.78 2.72 2.66 2.61 2.56 2.52 2.49 2.48 2.48 2.51 2.56 2.63 2.72 2.84 2.99 3.16 3.35 3.57 3.81 4.07 4.34 4.63 4.93 5.23 5.53 5.84 6.13 6.42 6.68 6.93 7.16 7.35 7.52 7.65 7.75 7.81 7.84 7.82 7.78 7.70 7.59 7.45 7.29 7.10 6.91 6.70 6.49 6.28 6.07 5.87 5.69 5.51 5.36 5.23 5.12 5.03 4.96 4.93 4.91 4.92 4.95 5.00 5.07 5.16 5.26 5.37 5.50 5.64 5.78 5.93 6.07 6.22 6.37 6.51 6.64 6.77 6.88 6.99 7.08 7.16 7.23 7.28 7.31 7.33 7.34 7.33 7.30 7.25 7.19 7.12 7.03 6.93 6.82 6.69 6.56 6.41 6.26 6.10 5.94 5.77 5.60 5.43 5.26 5.09 4.92 4.76 4.60 4.44 4.29 4.14 4.00 3.86 3.73 3.61 3.49 3.38 3.27 3.17 3.08 2.98 2.90 2.81 2.73 2.66 2.58 2.51 2.44 2.38 2.31 2.25 2.19 2.14 2.08 2.03 1.97 1.92 1.88 1.83 1.79 1.75 1.71 1.67 1.64 1.61 1.58 1.55 1.53 1.51 1.49 1.47 1.46 1.45 1.44 1.44 1.43 1.43 1.43 1.43 1.44 1.45 1.45 1.46 1.47 1.49 1.50 1.52 1.53 1.55 1.57 1.59 1.61 1.63 1.65 1.67 1.69 1.72 1.74 1.77 1.79 1.82 1.85 1.89 1.92 1.96 2.00 2.05 2.10 2.16 2.22 2.28 2.35 2.43 2.51 2.61 2.70 2.81 2.93 3.05 3.18 3.32 3.47 3.63 3.81 3.99 4.19 4.40 4.62 4.86 5.11 5.37 5.65 5.94 6.25 6.57 6.91 7.26 7.63 8.01 8.40 8.81 9.23 9.67 10.12 10.59 11.06 11.55 12.04 12.54 13.04 13.53 14.01 14.46 14.88 15.26 15.58 15.85 16.04 16.16 16.19 16.13 15.99 15.76 15.45 15.07 14.62 14.12 13.58 13.00 12.41 11.81 11.20 10.61 10.03 9.47 8.93 8.41 7.93 7.47 7.03 6.62 6.24 5.88 5.54 5.23 4.94 4.67 4.42 4.18 3.97 3.77 3.59 3.43 3.28 3.15 3.03 2.92 2.82 2.74 2.67 2.60 2.55 2.50 2.46 2.42 2.39 2.37 2.35 2.33 2.32 2.30 2.30 2.29 2.29 2.29 2.29 2.29 2.29 2.30 2.31 2.32 2.33 2.34 2.36 2.38 2.41 2.44 2.47 2.52 2.57 2.62 2.69 2.76 2.85 2.95 3.05 3.18 3.31 3.46 3.63 3.81 4.01 4.22 4.45 4.70 4.96 5.24 5.53 5.83 6.14 6.46 6.79 7.11 7.44 7.75 8.06 8.36 8.64 8.89 9.12 9.33 9.50 9.64 9.74 9.81 9.84 9.83 9.78 9.70 9.58 9.43 9.25 9.04 8.80 8.54 8.26 7.97 7.66 7.35 7.03 6.70 6.38 6.06 5.75 5.45 5.15 4.87 4.60 4.35 4.11 3.88 3.67 3.48 3.30 3.14 2.99 2.85 2.72 2.61 2.51 2.41 2.33 2.25 2.18 2.12 2.06 2.00 1.95 1.91
3.01 3.09 3.15 3.19 3.22 3.24 3.23 3.21 3.18 3.14 3.08 3.01 2.94 2.87 2.80 2.73 2.67 2.61 2.57 2.55 2.54 2.55 2.58 2.64 2.72 2.83 2.96 3.11 3.29 3.50 3.72 3.96 4.22 4.50 4.78 5.07 5.36 5.65 5.93 6.20 6.46 6.69 6.91 7.09 7.25 7.38 7.47 7.52 7.54 7.53 7.47 7.39 7.28 7.14 6.97 6.79 6.60 6.39 6.18 5.97 5.76 5.56 5.38 5.21 5.06 4.93 4.82 4.74 4.68 4.64 4.62 4.63 4.67 4.72 4.79 4.88 4.98 5.10 5.23 5.37 5.51 5.66 5.81 5.96 6.11 6.25 6.39 6.52 6.64 6.75 6.85 6.93 7.01 7.06 7.11 7.14 7.15 7.14 7.12 7.09 7.04 6.97 6.89 6.80 6.70 6.58 6.45 6.32 6.18 6.03 5.87 5.72 5.55 5.39 5.23 5.07 4.91 4.75 4.60 4.45 4.31 4.17 4.03 3.90 3.78 3.66 3.55 3.44 3.34 3.24 3.15 3.06 2.98 2.89 2.82 2.74 2.67 2.60 2.53 2.46 2.40 2.33 2.27 2.21 2.15 2.10 2.04 1.99 1.94 1.89 1.84 1.79 1.75 1.71 1.67 1.64 1.61 1.58 1.55 1.53 1.51 1.49 1.47 1.46 1.45 1.44 1.44 1.43 1.43 1.43 1.44 1.44 1.45 1.46 1.47 1.48 1.49 1.50 1.52 1.54 1.55 1.57 1.59 1.61 1.63 1.65 1.67 1.69 1.71 1.73 1.76 1.79 1.81 1.85 1.88 1.92 1.96 2.00 2.05 2.11 2.17 2.23 2.31 2.39 2.47 2.57 2.67 2.78 2.90 3.03 3.16 3.31 3.47 3.64 3.82 4.01 4.21 4.43 4.66 4.91 5.16 5.44 5.73 6.03 6.35 6.68 7.03 7.39 7.76 8.15 8.56 8.97 9.40 9.85 10.30 10.77 11.24 11.72 12.21 12.70 13.18 13.66 14.12 14.55 14.96 15.31 15.62 15.86 16.04 16.13 16.15 16.08 15.93 15.69 15.38 14.99 14.54 14.05 13.51 12.94 12.35 11.75 11.16 10.57 9.99 9.43 8.90 8.39 7.90 7.44 7.01 6.60 6.22 5.86 5.53 5.21 4.92 4.65 4.40 4.17 3.96 3.76 3.58 3.42 3.27 3.14 3.02 2.91 2.82 2.74 2.66 2.60 2.54 2.50 2.46 2.42 2.39 2.37 2.35 2.33 2.32 2.31 2.30 2.30 2.29 2.29 2.29 2.30 2.30 2.31 2.31 2.32 2.33 2.35 2.37 2.39 2.41 2.44 2.48 2.52 2.56 2.62 2.68 2.75 2.84 2.93 3.03 3.15 3.28 3.42 3.58 3.75 3.94 4.15 4.37 4.61 4.86 5.13 5.42 5.71 6.02 6.33 6.65 6.98 7.30 7.62 7.92 8.22 8.50 8.75 8.99 9.19 9.36 9.50 9.61 9.68 9.71 9.71 9.66 9.58 9.47 9.32 9.14 8.94 8.71 8.45 8.18 7.89 7.59 7.28 6.97 6.65 6.34 6.02 5.72 5.42 5.13 4.85 4.59 4.34 4.10 3.88 3.68 3.49 3.31 3.15 3.00 2.86 2.74 2.63 2.53 2.43 2.35 2.27 2.20 2.14 2.08 2.03 1.98 1.93
3.20 3.28 3.35 3.40 3.43 3.44 3.44 3.42 3.38 3.33 3.26 3.19 3.11 3.02 2.94 2.86 2.78 2.71 2.66 2.61 2.59 2.59 2.60 2.65 2.71 2.80 2.92 3.06 3.22 3.41 3.62 3.85 4.09 4.35 4.61 4.89 5.16 5.44 5.71 5.96 6.21 6.43 6.63 6.81 6.96 7.08 7.16 7.21 7.22 7.20 7.15 7.06 6.94 6.80 6.64 6.45 6.26 6.05 5.84 5.63 5.43 5.24 5.06 4.89 4.75 4.62 4.52 4.43 4.38 4.34 4.34 4.35 4.38 4.44 4.51 4.61 4.71 4.83 4.97 5.11 5.25 5.40 5.56 5.71 5.86 6.01 6.15 6.29 6.41 6.53 6.64 6.73 6.81 6.87 6.92 6.96 6.98 6.98 6.97 6.94 6.90 6.84 6.77 6.69 6.59 6.49 6.37 6.24 6.11 5.97 5.82 5.67 5.52 5.37 5.21 5.06 4.91 4.76 4.62 4.47 4.34 4.20 4.08 3.95 3.84 3.72 3.62 3.51 3.42 3.32 3.23 3.15 3.06 2.99 2.91 2.83 2.76 2.69 2.62 2.55 2.48 2.42 2.36 2.29 2.23 2.17 2.11 2.06 2.00 1.95 1.90 1.85 1.80 1.76 1.71 1.68 1.64 1.61 1.58 1.55 1.53 1.50 1.49 1.47 1.46 1.45 1.44 1.44 1.43 1.43 1.43 1.44 1.44 1.45 1.46 1.47 1.48 1.49 1.51 1.52 1.54 1.55 1.57 1.58 1.60 1.62 1.64 1.66 1.68 1.70 1.72 1.74 1.77 1.80 1.83 1.87 1.90 1.95 2.00 2.05 2.11 2.18 2.26 2.34 2.43 2.52 2.63 2.74 2.87 3.00 3.14 3.30 3.46 3.64 3.82 4.02 4.23 4.46 4.70 4.95 5.22 5.50 5.80 6.11 6.44 6.78 7.14 7.51 7.89 8.29 8.70 9.13 9.56 10.01 10.46 10.93 11.40 11.88 12.35 12.83 13.30 13.76 14.20 14.61 14.99 15.33 15.61 15.83 15.98 16.06 16.06 15.97 15.81 15.57 15.25 14.86 14.42 13.92 13.39 12.83 12.25 11.66 11.07 10.49 9.92 9.37 8.84 8.34 7.86 7.40 6.97 6.57 6.19 5.83 5.50 5.19 4.90 4.63 4.38 4.15 3.94 3.74 3.57 3.40 3.26 3.13 3.01 2.91 2.81 2.73 2.66 2.60 2.54 2.50 2.46 2.42 2.39 2.37 2.35 2.34 2.32 2.31 2.31 2.30 2.30 2.30 2.30 2.30 2.31 2.31 2.32 2.33 2.34 2.36 2.37 2.39 2.42 2.45 2.48 2.52 2.56 2.61 2.67 2.74 2.82 2.90 3.00 3.11 3.23 3.37 3.52 3.68 3.86 4.06 4.27 4.50 4.74 5.00 5.28 5.57 5.86 6.17 6.49 6.81 7.13 7.44 7.75 8.04 8.32 8.58 8.81 9.02 9.19 9.34 9.44 9.52 9.55 9.55 9.51 9.43 9.32 9.18 9.01 8.81 8.58 8.34 8.07 7.79 7.50 7.20 6.89 6.58 6.27 5.97 5.67 5.38 5.09 4.82 4.56 4.32 4.09 3.87 3.67 3.49 3.31 3.15 3.01 2.88 2.75 2.64 2.54 2.45 2.37 2.29 2.22 2.16 2.10 2.05 2.00 1.95
3.39 3.48 3.55 3.60 3.64 3.65 3.64 3.62 3.57 3.51 3.44 3.36 3.27 3.17 3.07 2.98 2.89 2.81 2.74 2.68 2.64 2.62 2.62 2.65 2.70 2.77 2.87 3.00 3.14 3.31 3.51 3.72 3.94 4.19 4.44 4.69 4.95 5.21 5.47 5.71 5.94 6.15 6.34 6.51 6.65 6.75 6.83 6.87 6.88 6.85 6.79 6.70 6.58 6.44 6.28 6.09 5.90 5.69 5.49 5.28 5.08 4.89 4.72 4.56 4.42 4.30 4.20 4.13 4.07 4.05 4.04 4.06 4.10 4.16 4.24 4.34 4.45 4.57 4.71 4.85 5.01 5.16 5.32 5.48 5.64 5.79 5.94 6.08 6.21 6.33 6.44 6.54 6.63 6.70 6.76 6.80 6.83 6.84 6.83 6.82 6.78 6.73 6.67 6.60 6.51 6.41 6.30 6.18 6.06 5.93 5.79 5.65 5.50 5.36 5.21 5.07 4.92 4.78 4.64 4.51 4.38 4.25 4.13 4.01 3.90 3.80 3.69 3.59 3.50 3.41 3.32 3.24 3.16 3.08 3.01 2.93 2.86 2.79 2.72 2.65 2.58 2.51 2.44 2.38 2.31 2.25 2.19 2.13 2.07 2.01 1.96 1.90 1.85 1.80 1.76 1.72 1.68 1.64 1.61 1.57 1.55 1.52 1.50 1.48 1.47 1.46 1.45 1.44 1.43 1.43 1.43 1.43 1.44 1.44 1.45 1.46 1.47 1.48 1.49 1.51 1.52 1.53 1.55 1.56 1.58 1.59 1.61 1.62 1.64 1.66 1.68 1.70 1.72 1.75 1.78 1.81 1.85 1.89 1.94 1.99 2.05 2.12 2.19 2.28 2.37 2.47 2.58 2.70 2.83 2.97 3.12 3.28 3.45 3.63 3.82 4.03 4.25 4.48 4.73 4.99 5.27 5.56 5.87 6.19 6.53 6.88 7.24 7.62 8.02 8.42 8.84 9.27 9.71 10.15 10.61 11.07 11.54 12.01 12.48 12.94 13.39 13.83 14.25 14.64 14.99 15.30 15.56 15.75 15.88 15.94 15.92 15.82 15.65 15.39 15.07 14.69 14.25 13.76 13.23 12.68 12.11 11.54 10.96 10.39 9.83 9.29 8.77 8.27 7.79 7.34 6.92 6.52 6.14 5.79 5.46 5.15 4.86 4.60 4.35 4.12 3.91 3.72 3.55 3.39 3.24 3.11 3.00 2.90 2.80 2.72 2.65 2.59 2.54 2.49 2.46 2.42 2.40 2.37 2.36 2.34 2.33 2.32 2.31 2.31 2.31 2.31 2.31 2.31 2.32 2.32 2.33 2.34 2.35 2.36 2.38 2.40 2.42 2.45 2.48 2.51 2.56 2.60 2.66 2.72 2.79 2.87 2.96 3.06 3.18 3.30 3.44 3.59 3.76 3.95 4.15 4.36 4.60 4.85 5.11 5.39 5.68 5.98 6.29 6.60 6.92 7.23 7.54 7.83 8.11 8.37 8.60 8.81 8.99 9.13 9.24 9.32 9.36 9.36 9.32 9.25 9.15 9.01 8.85 8.65 8.43 8.19 7.94 7.66 7.38 7.09 6.79 6.49 6.19 5.89 5.60 5.32 5.05 4.78 4.53 4.29 4.07 3.86 3.66 3.48 3.31 3.16 3.01 2.88 2.77 2.66 2.56 2.47 2.39 2.31 2.25 2.18 2.12 2.07 2.02 1.97
3.58 3.67 3.75 3.80 3.84 3.85 3.84 3.81 3.76 3.70 3.62 3.52 3.42 3.32 3.21 3.10 2.99 2.90 2.81 2.74 2.69 2.65 2.64 2.65 2.68 2.74 2.82 2.93 3.06 3.21 3.39 3.58 3.79 4.01 4.25 4.49 4.73 4.97 5.21 5.44 5.66 5.85 6.03 6.19 6.31 6.41 6.48 6.51 6.52 6.49 6.42 6.33 6.21 6.06 5.90 5.72 5.52 5.32 5.12 4.92 4.72 4.54 4.37 4.22 4.08 3.97 3.88 3.81 3.77 3.75 3.75 3.77 3.82 3.89 3.97 4.07 4.19 4.32 4.46 4.61 4.77 4.93 5.10 5.26 5.42 5.58 5.74 5.88 6.02 6.15 6.27 6.37 6.47 6.55 6.61 6.66 6.70 6.72 6.72 6.71 6.69 6.65 6.59 6.53 6.45 6.36 6.26 6.15 6.03 5.90 5.77 5.64 5.50 5.36 5.23 5.09 4.95 4.82 4.68 4.56 4.43 4.31 4.20 4.08 3.98 3.88 3.78 3.68 3.59 3.51 3.42 3.34 3.27 3.19 3.11 3.04 2.97 2.89 2.82 2.75 2.68 2.61 2.54 2.47 2.40 2.34 2.27 2.20 2.14 2.08 2.02 1.96 1.91 1.85 1.80 1.76 1.71 1.67 1.64 1.60 1.57 1.54 1.52 1.50 1.48 1.46 1.45 1.44 1.44 1.43 1.43 1.43 1.43 1.44 1.44 1.45 1.46 1.47 1.48 1.49 1.50 1.51 1.53 1.54 1.55 1.56 1.58 1.59 1.60 1.61 1.63 1.65 1.67 1.69 1.71 1.74 1.78 1.82 1.86 1.92 1.98 2.05 2.12 2.21 2.31 2.41 2.52 2.65 2.78 2.93 3.08 3.25 3.43 3.61 3.82 4.03 4.26 4.50 4.76 5.03 5.31 5.61 5.93 6.26 6.60 6.96 7.34 7.73 8.13 8.54 8.96 9.40 9.84 10.29 10.74 11.20 11.66 12.12 12.58 13.02 13.46 13.88 14.27 14.63 14.96 15.24 15.47 15.64 15.74 15.78 15.74 15.63 15.44 15.19 14.86 14.48 14.04 13.56 13.04 12.50 11.95 11.38 10.82 10.26 9.71 9.18 8.67 8.18 7.71 7.27 6.85 6.45 6.08 5.73 5.41 5.10 4.82 4.56 4.31 4.09 3.88 3.69 3.52 3.37 3.22 3.10 2.98 2.88 2.79 2.72 2.65 2.59 2.54 2.49 2.46 2.42 2.40 2.38 2.36 2.35 2.34 2.33 2.32 2.32 2.32 2.32 2.32 2.32 2.32 2.33 2.34 2.35 2.36 2.37 2.39 2.40 2.42 2.45 2.48 2.51 2.55 2.59 2.64 2.70 2.76 2.83 2.91 3.01 3.11 3.22 3.35 3.49 3.65 3.82 4.00 4.21 4.43 4.66 4.91 5.18 5.46 5.76 6.06 6.37 6.68 6.99 7.29 7.58 7.86 8.12 8.36 8.57 8.75 8.90 9.01 9.09 9.13 9.14 9.11 9.04 8.95 8.82 8.66 8.47 8.26 8.03 7.78 7.52 7.24 6.96 6.67 6.38 6.09 5.81 5.53 5.25 4.99 4.73 4.49 4.26 4.04 3.84 3.65 3.47 3.31 3.16 3.02 2.89 2.77 2.67 2.57 2.48 2.40 2.33 2.26 2.20 2.14 2.09 2.04 2.00
3.76 3.86 3.94 3.99 4.03 4.04 4.03 4.00 3.94 3.87 3.78 3.68 3.57 3.45 3.33 3.21 3.09 2.98 2.88 2.80 2.73 2.68 2.65 2.64 2.66 2.70 2.76 2.85 2.97 3.10 3.26 3.44 3.63 3.83 4.05 4.27 4.50 4.73 4.95 5.16 5.36 5.55 5.71 5.85 5.97 6.06 6.12 6.15 6.14 6.11 6.04 5.94 5.82 5.67 5.51 5.33 5.14 4.94 4.74 4.54 4.35 4.17 4.01 3.87 3.74 3.64 3.55 3.49 3.46 3.45 3.46 3.49 3.54 3.62 3.71 3.82 3.94 4.08 4.23 4.38 4.55 4.72 4.89 5.06 5.23 5.39 5.55 5.71 5.85 5.99 6.11 6.23 6.33 6.42 6.49 6.55 6.59 6.62 6.63 6.63 6.61 6.58 6.53 6.48 6.40 6.32 6.23 6.13 6.02 5.90 5.77 5.65 5.52 5.39 5.25 5.12 4.99 4.86 4.74 4.61 4.50 4.38 4.27 4.17 4.06 3.97 3.87 3.78 3.70 3.61 3.53 3.45 3.38 3.30 3.23 3.15 3.08 3.01 2.93 2.86 2.79 2.71 2.64 2.57 2.50 2.42 2.35 2.28 2.22 2.15 2.08 2.02 1.96 1.91 1.85 1.80 1.75 1.71 1.67 1.63 1.59 1.56 1.54 1.51 1.49 1.47 1.46 1.45 1.44 1.43 1.43 1.43 1.43 1.43 1.44 1.44 1.45 1.46 1.46 1.47 1.48 1.49 1.50 1.51 1.52 1.53 1.54 1.55 1.56 1.57 1.58 1.59 1.61 1.62 1.64 1.67 1.70 1.74 1.78 1.84 1.90 1.97 2.04 2.13 2.23 2.34 2.46 2.59 2.73 2.88 3.04 3.21 3.40 3.59 3.80 4.03 4.26 4.51 4.77 5.05 5.35 5.66 5.98 6.32 6.67 7.04 7.42 7.82 8.23 8.65 9.07 9.51 9.96 10.40 10.86 11.31 11.77 12.21 12.66 13.09 13.50 13.90 14.27 14.60 14.90 15.16 15.36 15.50 15.58 15.59 15.54 15.41 15.21 14.95 14.62 14.24 13.81 13.33 12.83 12.30 11.75 11.20 10.65 10.10 9.57 9.05 8.55 8.07 7.61 7.18 6.77 6.38 6.01 5.67 5.35 5.05 4.77 4.51 4.27 4.05 3.85 3.66 3.49 3.34 3.20 3.08 2.97 2.87 2.78 2.71 2.64 2.58 2.53 2.49 2.46 2.43 2.40 2.38 2.36 2.35 2.34 2.33 2.33 2.33 2.32 2.33 2.33 2.33 2.33 2.34 2.35 2.36 2.37 2.38 2.39 2.41 2.43 2.45 2.47 2.50 2.54 2.57 2.62 2.67 2.72 2.79 2.86 2.94 3.03 3.13 3.24 3.37 3.51 3.67 3.84 4.02 4.23 4.45 4.69 4.95 5.22 5.50 5.80 6.10 6.41 6.71 7.01 7.31 7.59 7.85 8.09 8.30 8.48 8.63 8.75 8.84 8.88 8.89 8.87 8.81 8.72 8.60 8.44 8.27 8.07 7.85 7.61 7.36 7.09 6.82 6.54 6.26 5.99 5.71 5.44 5.18 4.92 4.67 4.44 4.22 4.01 3.81 3.63 3.46 3.30 3.15 3.02 2.89 2.78 2.68 2.58 2.50 2.42 2.35 2.28 2.22 2.16 2.11 2.06 2.02
3.93 4.03 4.11 4.17 4.21 4.22 4.21 4.17 4.11 4.04 3.94 3.83 3.71 3.58 3.45 3.31 3.18 3.06 2.95 2.84 2.76 2.69 2.65 2.63 2.63 2.65 2.70 2.78 2.87 2.99 3.13 3.29 3.46 3.65 3.85 4.05 4.26 4.47 4.68 4.87 5.06 5.23 5.38 5.51 5.62 5.70 5.75 5.77 5.76 5.72 5.65 5.55 5.43 5.28 5.11 4.93 4.74 4.55 4.35 4.16 3.98 3.81 3.65 3.51 3.40 3.30 3.23 3.18 3.15 3.15 3.16 3.21 3.27 3.35 3.45 3.57 3.70 3.84 4.00 4.17 4.34 4.51 4.69 4.87 5.05 5.22 5.39 5.55 5.70 5.85 5.98 6.10 6.21 6.31 6.39 6.46 6.51 6.54 6.56 6.57 6.56 6.54 6.50 6.45 6.38 6.31 6.22 6.12 6.02 5.91 5.79 5.67 5.55 5.42 5.30 5.17 5.05 4.92 4.80 4.69 4.57 4.46 4.36 4.26 4.16 4.07 3.98 3.89 3.81 3.73 3.65 3.57 3.49 3.42 3.35 3.27 3.20 3.12 3.05 2.97 2.90 2.82 2.74 2.67 2.59 2.52 2.44 2.37 2.29 2.22 2.15 2.09 2.02 1.96 1.90 1.85 1.79 1.74 1.70 1.66 1.62 1.59 1.55 1.53 1.50 1.48 1.47 1.45 1.44 1.43 1.43 1.43 1.42 1.43 1.43 1.43 1.44 1.44 1.45 1.46 1.46 1.47 1.48 1.48 1.49 1.50 1.50 1.51 1.51 1.52 1.52 1.53 1.54 1.55 1.57 1.59 1.62 1.65 1.70 1.75 1.81 1.88 1.95 2.04 2.15 2.26 2.38 2.51 2.66 2.82 2.99 3.17 3.36 3.56 3.78 4.01 4.26 4.51 4.79 5.07 5.37 5.69 6.02 6.37 6.73 7.11 7.50 7.90 8.31 8.74 9.17 9.61 10.06 10.51 10.96 11.40 11.85 12.29 12.72 13.13 13.53 13.90 14.24 14.55 14.82 15.05 15.22 15.34 15.39 15.38 15.31 15.16 14.96 14.69 14.36 13.98 13.55 13.09 12.59 12.07 11.54 11.00 10.47 9.93 9.41 8.91 8.42 7.95 7.50 7.07 6.67 6.29 5.93 5.59 5.28 4.98 4.71 4.46 4.22 4.00 3.81 3.63 3.46 3.31 3.18 3.06 2.95 2.85 2.77 2.70 2.63 2.58 2.53 2.49 2.46 2.43 2.40 2.38 2.37 2.36 2.35 2.34 2.34 2.34 2.33 2.34 2.34 2.34 2.34 2.35 2.36 2.37 2.37 2.39 2.40 2.41 2.43 2.45 2.47 2.49 2.52 2.55 2.59 2.63 2.68 2.73 2.79 2.86 2.94 3.02 3.12 3.23 3.36 3.49 3.65 3.82 4.01 4.21 4.44 4.68 4.94 5.22 5.50 5.80 6.10 6.41 6.71 7.00 7.28 7.55 7.79 8.00 8.19 8.35 8.47 8.56 8.61 8.62 8.61 8.55 8.47 8.35 8.21 8.04 7.85 7.64 7.42 7.18 6.92 6.67 6.40 6.13 5.87 5.60 5.34 5.09 4.85 4.61 4.39 4.17 3.97 3.78 3.60 3.44 3.29 3.14 3.01 2.90 2.79 2.69 2.59 2.51 2.43 2.36 2.30 2.24 2.18 2.13 2.08 2.04
4.08 4.19 4.27 4.34 4.37 4.38 4.37 4.33 4.27 4.19 4.08 3.97 3.84 3.70 3.55 3.41 3.26 3.13 3.00 2.89 2.79 2.71 2.65 2.61 2.59 2.60 2.64 2.69 2.77 2.88 3.00 3.14 3.29 3.46 3.64 3.83 4.02 4.21 4.40 4.58 4.75 4.91 5.05 5.17 5.26 5.33 5.38 5.39 5.37 5.33 5.25 5.15 5.03 4.88 4.72 4.54 4.35 4.16 3.97 3.78 3.60 3.44 3.29 3.16 3.05 2.97 2.90 2.86 2.84 2.85 2.88 2.93 3.00 3.09 3.20 3.32 3.47 3.62 3.78 3.96 4.14 4.32 4.51 4.70 4.89 5.07 5.24 5.41 5.58 5.73 5.87 6.00 6.12 6.22 6.31 6.39 6.45 6.49 6.52 6.53 6.53 6.51 6.48 6.44 6.38 6.31 6.23 6.14 6.05 5.94 5.83 5.71 5.60 5.48 5.36 5.23 5.11 5.00 4.88 4.77 4.66 4.56 4.45 4.36 4.26 4.17 4.09 4.01 3.92 3.85 3.77 3.69 3.62 3.54 3.47 3.40 3.32 3.24 3.17 3.09 3.01 2.93 2.85 2.77 2.69 2.61 2.53 2.45 2.38 2.30 2.23 2.15 2.08 2.02 1.95 1.89 1.84 1.78 1.73 1.69 1.65 1.61 1.57 1.54 1.52 1.49 1.47 1.46 1.45 1.44 1.43 1.42 1.42 1.42 1.42 1.42 1.43 1.43 1.44 1.44 1.44 1.45 1.45 1.46 1.46 1.46 1.46 1.46 1.46 1.46 1.46 1.46 1.47 1.47 1.48 1.50 1.53 1.56 1.60 1.65 1.70 1.77 1.85 1.95 2.05 2.17 2.29 2.43 2.59 2.75 2.93 3.11 3.31 3.53 3.75 3.99 4.24 4.51 4.79 5.08 5.39 5.72 6.06 6.41 6.78 7.16 7.56 7.97 8.39 8.81 9.25 9.69 10.14 10.59 11.03 11.48 11.91 12.34 12.76 13.15 13.53 13.88 14.20 14.48 14.72 14.92 15.06 15.15 15.19 15.15 15.06 14.90 14.69 14.41 14.08 13.70 13.28 12.82 12.34 11.83 11.31 10.79 10.27 9.75 9.24 8.75 8.27 7.81 7.37 6.96 6.56 6.19 5.84 5.51 5.20 4.91 4.64 4.40 4.17 3.96 3.76 3.59 3.43 3.28 3.15 3.03 2.93 2.84 2.76 2.69 2.62 2.57 2.53 2.49 2.46 2.43 2.41 2.39 2.37 2.36 2.36 2.35 2.35 2.34 2.34 2.35 2.35 2.35 2.36 2.36 2.37 2.38 2.38 2.39 2.40 2.42 2.43 2.45 2.46 2.48 2.51 2.53 2.56 2.59 2.63 2.67 2.72 2.77 2.84 2.91 2.99 3.08 3.18 3.30 3.44 3.59 3.76 3.95 4.16 4.39 4.64 4.91 5.19 5.48 5.78 6.08 6.38 6.67 6.96 7.22 7.47 7.69 7.88 8.04 8.16 8.26 8.31 8.34 8.32 8.28 8.20 8.10 7.96 7.81 7.63 7.43 7.21 6.98 6.75 6.50 6.25 5.99 5.74 5.49 5.24 5.00 4.77 4.54 4.33 4.12 3.93 3.75 3.58 3.42 3.27 3.14 3.01 2.90 2.79 2.69 2.60 2.52 2.45 2.38 2.31 2.26 2.20 2.15 2.10 2.05
4.21 4.33 4.42 4.48 4.52 4.53 4.51 4.47 4.41 4.32 4.21 4.08 3.95 3.80 3.64 3.49 3.33 3.19 3.05 2.92 2.81 2.71 2.64 2.59 2.56 2.55 2.57 2.61 2.67 2.76 2.86 2.98 3.12 3.28 3.44 3.61 3.78 3.95 4.13 4.29 4.45 4.59 4.72 4.82 4.91 4.97 5.01 5.01 4.99 4.94 4.86 4.76 4.63 4.49 4.32 4.15 3.96 3.77 3.59 3.41 3.23 3.08 2.94 2.82 2.72 2.64 2.58 2.55 2.54 2.56 2.60 2.66 2.74 2.84 2.96 3.09 3.24 3.40 3.58 3.76 3.95 4.15 4.35 4.54 4.74 4.93 5.12 5.30 5.47 5.63 5.78 5.92 6.05 6.16 6.26 6.34 6.41 6.46 6.50 6.52 6.52 6.51 6.49 6.45 6.40 6.34 6.26 6.18 6.09 5.99 5.88 5.77 5.66 5.54 5.43 5.31 5.20 5.08 4.97 4.86 4.76 4.66 4.56 4.47 4.38 4.29 4.21 4.13 4.05 3.97 3.90 3.82 3.75 3.67 3.60 3.52 3.45 3.37 3.29 3.21 3.13 3.05 2.96 2.88 2.79 2.71 2.63 2.54 2.46 2.38 2.30 2.22 2.15 2.07 2.01 1.94 1.88 1.82 1.77 1.72 1.67 1.63 1.59 1.56 1.53 1.51 1.48 1.46 1.45 1.44 1.43 1.42 1.42 1.41 1.41 1.41 1.41 1.42 1.42 1.42 1.42 1.43 1.43 1.43 1.42 1.42 1.42 1.41 1.40 1.40 1.39 1.39 1.39 1.39 1.39 1.41 1.43 1.45 1.49 1.54 1.59 1.66 1.75 1.84 1.95 2.07 2.20 2.34 2.50 2.67 2.86 3.05 3.26 3.48 3.71 3.96 4.22 4.49 4.78 5.08 5.40 5.73 6.08 6.44 6.81 7.20 7.61 8.02 8.44 8.88 9.31 9.76 10.20 10.65 11.09 11.53 11.96 12.37 12.77 13.15 13.51 13.84 14.13 14.39 14.61 14.78 14.89 14.96 14.97 14.92 14.80 14.63 14.41 14.12 13.79 13.41 13.00 12.55 12.07 11.58 11.07 10.56 10.06 9.55 9.06 8.58 8.11 7.66 7.24 6.83 6.44 6.08 5.74 5.41 5.11 4.83 4.57 4.33 4.11 3.90 3.71 3.54 3.39 3.25 3.12 3.01 2.91 2.82 2.74 2.67 2.62 2.57 2.52 2.49 2.46 2.43 2.41 2.39 2.38 2.37 2.36 2.36 2.36 2.35 2.36 2.36 2.36 2.36 2.37 2.37 2.38 2.39 2.39 2.40 2.41 2.42 2.43 2.44 2.46 2.47 2.49 2.50 2.52 2.55 2.57 2.60 2.64 2.68 2.72 2.78 2.84 2.91 3.00 3.10 3.21 3.35 3.50 3.67 3.87 4.08 4.32 4.57 4.85 5.13 5.43 5.73 6.03 6.32 6.61 6.88 7.12 7.35 7.54 7.71 7.84 7.94 8.00 8.03 8.03 7.99 7.92 7.83 7.70 7.56 7.39 7.20 7.00 6.78 6.56 6.33 6.09 5.85 5.61 5.37 5.14 4.91 4.68 4.47 4.27 4.07 3.89 3.71 3.55 3.40 3.26 3.13 3.01 2.90 2.79 2.70 2.61 2.53 2.46 2.39 2.33 2.27 2.22 2.17 2.12 2.07
4.33 4.44 4.54 4.60 4.64 4.65 4.63 4.59 4.52 4.43 4.32 4.18 4.04 3.88 3.72 3.55 3.39 3.23 3.08 2.94 2.82 2.71 2.63 2.56 2.52 2.49 2.50 2.52 2.57 2.64 2.73 2.83 2.95 3.09 3.23 3.39 3.54 3.70 3.86 4.01 4.15 4.28 4.39 4.49 4.56 4.61 4.64 4.64 4.62 4.56 4.48 4.38 4.25 4.10 3.94 3.77 3.58 3.40 3.22 3.04 2.88 2.73 2.59 2.48 2.39 2.32 2.27 2.25 2.25 2.28 2.33 2.39 2.48 2.59 2.72 2.87 3.03 3.20 3.39 3.58 3.78 3.99 4.20 4.40 4.61 4.81 5.01 5.20 5.38 5.55 5.71 5.86 5.99 6.12 6.22 6.31 6.39 6.45 6.50 6.52 6.54 6.53 6.52 6.49 6.44 6.38 6.31 6.24 6.15 6.05 5.95 5.85 5.74 5.63 5.51 5.40 5.29 5.18 5.07 4.97 4.87 4.77 4.67 4.58 4.50 4.41 4.33 4.25 4.18 4.10 4.03 3.96 3.88 3.81 3.73 3.66 3.58 3.50 3.42 3.34 3.25 3.16 3.08 2.99 2.90 2.81 2.72 2.63 2.54 2.46 2.37 2.29 2.21 2.13 2.06 1.99 1.92 1.86 1.80 1.75 1.70 1.65 1.61 1.58 1.54 1.52 1.49 1.47 1.45 1.44 1.43 1.42 1.41 1.41 1.41 1.40 1.40 1.40 1.40 1.40 1.40 1.40 1.40 1.39 1.39 1.38 1.37 1.36 1.35 1.33 1.32 1.31 1.30 1.30 1.30 1.30 1.32 1.34 1.37 1.42 1.47 1.54 1.63 1.72 1.83 1.96 2.09 2.25 2.41 2.59 2.78 2.98 3.20 3.43 3.67 3.92 4.19 4.47 4.76 5.07 5.40 5.74 6.09 6.46 6.84 7.23 7.64 8.06 8.48 8.92 9.36 9.80 10.25 10.69 11.13 11.56 11.98 12.38 12.77 13.13 13.47 13.78 14.05 14.28 14.47 14.62 14.71 14.75 14.74 14.67 14.54 14.36 14.12 13.83 13.50 13.12 12.71 12.26 11.80 11.32 10.83 10.33 9.83 9.34 8.86 8.39 7.94 7.51 7.09 6.69 6.32 5.96 5.63 5.31 5.02 4.75 4.49 4.26 4.04 3.84 3.66 3.50 3.35 3.21 3.09 2.98 2.89 2.80 2.73 2.66 2.61 2.56 2.52 2.48 2.46 2.43 2.41 2.40 2.39 2.38 2.37 2.37 2.37 2.37 2.37 2.37 2.37 2.38 2.38 2.38 2.39 2.40 2.40 2.41 2.42 2.42 2.43 2.44 2.45 2.46 2.47 2.48 2.49 2.50 2.51 2.53 2.55 2.57 2.60 2.63 2.68 2.73 2.80 2.87 2.97 3.08 3.22 3.37 3.55 3.76 3.98 4.23 4.49 4.77 5.06 5.36 5.66 5.96 6.25 6.52 6.77 7.00 7.20 7.37 7.51 7.61 7.68 7.72 7.72 7.69 7.63 7.55 7.43 7.30 7.14 6.97 6.78 6.58 6.37 6.15 5.92 5.70 5.47 5.25 5.03 4.81 4.60 4.40 4.20 4.02 3.84 3.68 3.52 3.38 3.24 3.12 3.00 2.90 2.80 2.71 2.62 2.54 2.47 2.41 2.34 2.29 2.23 2.18 2.14 2.09
4.42 4.54 4.63 4.70 4.74 4.75 4.73 4.69 4.61 4.52 4.40 4.26 4.11 3.95 3.78 3.60 3.43 3.26 3.10 2.95 2.82 2.70 2.60 2.53 2.47 2.44 2.42 2.43 2.47 2.52 2.59 2.68 2.79 2.90 3.03 3.17 3.31 3.45 3.59 3.73 3.85 3.97 4.07 4.16 4.22 4.27 4.29 4.28 4.25 4.19 4.11 4.01 3.88 3.73 3.57 3.40 3.22 3.04 2.86 2.69 2.53 2.39 2.27 2.16 2.08 2.02 1.98 1.97 1.98 2.01 2.06 2.14 2.24 2.36 2.50 2.65 2.82 3.01 3.20 3.41 3.62 3.84 4.06 4.28 4.50 4.71 4.92 5.12 5.31 5.49 5.66 5.82 5.96 6.09 6.21 6.31 6.39 6.46 6.51 6.55 6.57 6.57 6.56 6.54 6.50 6.45 6.38 6.31 6.22 6.13 6.04 5.93 5.83 5.72 5.61 5.50 5.39 5.29 5.18 5.08 4.98 4.89 4.80 4.71 4.62 4.54 4.46 4.39 4.31 4.24 4.17 4.09 4.02 3.95 3.87 3.79 3.71 3.63 3.55 3.46 3.37 3.28 3.19 3.10 3.01 2.91 2.82 2.72 2.63 2.54 2.45 2.36 2.27 2.19 2.11 2.04 1.97 1.90 1.84 1.78 1.73 1.68 1.63 1.59 1.56 1.53 1.50 1.48 1.46 1.44 1.43 1.42 1.41 1.40 1.40 1.39 1.39 1.39 1.39 1.38 1.38 1.38 1.37 1.36 1.35 1.34 1.32 1.30 1.29 1.27 1.25 1.23 1.21 1.20 1.19 1.20 1.20 1.22 1.25 1.29 1.35 1.42 1.50 1.60 1.71 1.84 1.98 2.14 2.31 2.49 2.69 2.90 3.13 3.36 3.61 3.87 4.15 4.44 4.74 5.06 5.39 5.73 6.09 6.46 6.85 7.24 7.65 8.08 8.51 8.94 9.38 9.83 10.27 10.71 11.15 11.57 11.98 12.37 12.74 13.09 13.41 13.70 13.95 14.16 14.33 14.45 14.52 14.54 14.50 14.41 14.27 14.07 13.83 13.53 13.20 12.82 12.41 11.98 11.52 11.05 10.57 10.09 9.60 9.13 8.66 8.20 7.76 7.34 6.93 6.55 6.18 5.84 5.51 5.21 4.92 4.66 4.41 4.18 3.97 3.78 3.61 3.45 3.30 3.17 3.06 2.95 2.86 2.78 2.71 2.65 2.60 2.55 2.51 2.48 2.46 2.43 2.42 2.40 2.39 2.39 2.38 2.38 2.38 2.38 2.38 2.38 2.38 2.39 2.39 2.40 2.40 2.41 2.41 2.42 2.42 2.43 2.43 2.43 2.44 2.44 2.44 2.44 2.44 2.44 2.44 2.45 2.45 2.46 2.47 2.48 2.51 2.54 2.58 2.64 2.72 2.81 2.92 3.06 3.23 3.42 3.63 3.87 4.12 4.40 4.69 4.98 5.29 5.58 5.87 6.15 6.41 6.64 6.85 7.02 7.16 7.28 7.35 7.40 7.41 7.39 7.34 7.26 7.16 7.03 6.89 6.73 6.56 6.37 6.17 5.97 5.76 5.55 5.34 5.13 4.92 4.72 4.52 4.33 4.15 3.97 3.80 3.65 3.50 3.36 3.23 3.11 3.00 2.90 2.80 2.71 2.63 2.56 2.49 2.42 2.36 2.30 2.25 2.20 2.15 2.11
4.49 4.61 4.70 4.77 4.81 4.82 4.80 4.75 4.68 4.58 4.46 4.32 4.16 3.99 3.82 3.64 3.46 3.28 3.11 2.96 2.81 2.68 2.58 2.49 2.42 2.37 2.35 2.35 2.36 2.40 2.46 2.53 2.62 2.73 2.84 2.96 3.08 3.21 3.33 3.45 3.57 3.67 3.76 3.84 3.89 3.93 3.94 3.93 3.90 3.84 3.76 3.65 3.52 3.38 3.22 3.05 2.88 2.70 2.53 2.37 2.21 2.08 1.96 1.86 1.78 1.73 1.70 1.69 1.71 1.75 1.82 1.90 2.01 2.14 2.29 2.45 2.63 2.83 3.04 3.25 3.48 3.71 3.94 4.17 4.40 4.62 4.84 5.06 5.26 5.45 5.63 5.80 5.95 6.09 6.22 6.32 6.42 6.49 6.55 6.60 6.62 6.63 6.63 6.61 6.57 6.52 6.47 6.40 6.32 6.23 6.13 6.03 5.93 5.83 5.72 5.61 5.51 5.40 5.30 5.20 5.10 5.01 4.92 4.84 4.76 4.68 4.60 4.52 4.45 4.38 4.31 4.23 4.16 4.08 4.01 3.93 3.85 3.76 3.68 3.59 3.50 3.40 3.31 3.21 3.11 3.01 2.91 2.81 2.72 2.62 2.52 2.43 2.34 2.25 2.17 2.09 2.01 1.94 1.88 1.81 1.76 1.70 1.66 1.61 1.57 1.54 1.51 1.48 1.46 1.44 1.43 1.41 1.40 1.40 1.39 1.38 1.38 1.38 1.37 1.37 1.36 1.35 1.34 1.33 1.31 1.29 1.27 1.25 1.22 1.20 1.17 1.14 1.12 1.10 1.09 1.08 1.09 1.10 1.12 1.16 1.22 1.28 1.37 1.47 1.58 1.72 1.86 2.03 2.20 2.39 2.60 2.82 3.05 3.29 3.55 3.82 4.10 4.40 4.70 5.03 5.36 5.71 6.07 6.45 6.84 7.24 7.65 8.08 8.51 8.95 9.39 9.83 10.27 10.71 11.14 11.55 11.95 12.34 12.69 13.03 13.33 13.60 13.83 14.02 14.16 14.26 14.31 14.31 14.25 14.15 13.99 13.78 13.53 13.23 12.89 12.52 12.11 11.68 11.24 10.78 10.31 9.84 9.37 8.90 8.45 8.00 7.58 7.16 6.77 6.40 6.04 5.71 5.39 5.09 4.82 4.56 4.32 4.10 3.90 3.72 3.55 3.40 3.26 3.13 3.02 2.92 2.84 2.76 2.69 2.64 2.59 2.55 2.51 2.48 2.46 2.44 2.42 2.41 2.40 2.39 2.39 2.39 2.39 2.39 2.39 2.39 2.40 2.40 2.41 2.41 2.41 2.42 2.42 2.43 2.43 2.43 2.43 2.43 2.43 2.42 2.42 2.41 2.40 2.39 2.37 2.36 2.35 2.34 2.33 2.32 2.33 2.34 2.36 2.40 2.45 2.53 2.62 2.75 2.89 3.07 3.27 3.50 3.75 4.02 4.31 4.60 4.91 5.21 5.50 5.78 6.04 6.28 6.49 6.67 6.82 6.94 7.02 7.07 7.09 7.08 7.04 6.97 6.88 6.77 6.64 6.49 6.33 6.16 5.98 5.79 5.60 5.40 5.20 5.01 4.81 4.62 4.44 4.26 4.09 3.92 3.77 3.62 3.48 3.35 3.22 3.11 3.00 2.90 2.81 2.72 2.64 2.57 2.50 2.43 2.37 2.32 2.27 2.22 2.17 2.12
4.53 4.65 4.75 4.82 4.86 4.87 4.85 4.80 4.72 4.62 4.49 4.35 4.19 4.02 3.84 3.65 3.47 3.28 3.11 2.94 2.79 2.66 2.54 2.44 2.36 2.31 2.27 2.26 2.26 2.29 2.33 2.39 2.47 2.55 2.65 2.76 2.86 2.98 3.09 3.20 3.30 3.39 3.47 3.53 3.58 3.61 3.62 3.61 3.57 3.51 3.42 3.32 3.19 3.05 2.89 2.73 2.56 2.39 2.22 2.06 1.91 1.78 1.67 1.58 1.51 1.46 1.44 1.44 1.46 1.51 1.58 1.68 1.79 1.93 2.09 2.26 2.45 2.66 2.88 3.11 3.34 3.59 3.83 4.07 4.32 4.55 4.78 5.01 5.22 5.42 5.62 5.79 5.96 6.11 6.24 6.36 6.46 6.54 6.61 6.66 6.69 6.71 6.71 6.69 6.66 6.62 6.56 6.50 6.42 6.33 6.24 6.15 6.05 5.94 5.84 5.73 5.63 5.52 5.42 5.33 5.23 5.14 5.06 4.97 4.89 4.81 4.74 4.66 4.59 4.52 4.45 4.37 4.30 4.22 4.15 4.06 3.98 3.90 3.81 3.71 3.62 3.52 3.42 3.32 3.22 3.11 3.01 2.90 2.80 2.70 2.60 2.50 2.40 2.31 2.22 2.14 2.06 1.98 1.91 1.84 1.78 1.73 1.68 1.63 1.59 1.55 1.52 1.49 1.47 1.44 1.43 1.41 1.40 1.39 1.38 1.37 1.37 1.36 1.35 1.35 1.34 1.32 1.31 1.29 1.27 1.25 1.22 1.19 1.16 1.12 1.09 1.06 1.03 1.00 0.98 0.97 0.96 0.97 0.99 1.03 1.08 1.15 1.23 1.33 1.45 1.59 1.74 1.91 2.09 2.29 2.50 2.73 2.97 3.22 3.48 3.76 4.05 4.35 4.66 4.99 5.33 5.68 6.05 6.43 6.82 7.22 7.64 8.06 8.49 8.93 9.37 9.81 10.25 10.68 11.10 11.51 11.90 12.27 12.62 12.94 13.22 13.48 13.69 13.86 13.98 14.06 14.09 14.07 14.00 13.88 13.71 13.49 13.23 12.93 12.59 12.21 11.81 11.39 10.95 10.50 10.04 9.58 9.12 8.67 8.23 7.80 7.38 6.98 6.60 6.24 5.89 5.57 5.26 4.98 4.71 4.46 4.23 4.02 3.83 3.65 3.49 3.34 3.21 3.09 2.99 2.90 2.81 2.74 2.68 2.62 2.58 2.54 2.51 2.48 2.46 2.44 2.43 2.42 2.41 2.40 2.40 2.40 2.40 2.40 2.40 2.41 2.41 2.42 2.42 2.42 2.43 2.43 2.43 2.43 2.43 2.43 2.43 2.42 2.41 2.40 2.39 2.37 2.35 2.33 2.30 2.27 2.24 2.21 2.18 2.16 2.14 2.13 2.13 2.15 2.18 2.24 2.32 2.42 2.56 2.72 2.91 3.13 3.38 3.64 3.93 4.23 4.53 4.83 5.13 5.41 5.67 5.92 6.13 6.32 6.48 6.60 6.69 6.75 6.77 6.77 6.74 6.69 6.61 6.51 6.39 6.26 6.11 5.96 5.79 5.62 5.44 5.26 5.08 4.90 4.72 4.54 4.37 4.20 4.04 3.88 3.74 3.60 3.46 3.34 3.22 3.11 3.00 2.91 2.82 2.73 2.65 2.58 2.51 2.45 2.39 2.34 2.28 2.23 2.18 2.14
4.54 4.66 4.76 4.83 4.87 4.88 4.86 4.81 4.73 4.63 4.50 4.36 4.19 4.02 3.83 3.65 3.46 3.27 3.09 2.92 2.76 2.62 2.50 2.39 2.30 2.24 2.19 2.17 2.16 2.18 2.21 2.25 2.32 2.39 2.47 2.56 2.66 2.76 2.85 2.95 3.04 3.12 3.19 3.25 3.29 3.31 3.31 3.30 3.26 3.20 3.11 3.01 2.88 2.74 2.59 2.43 2.27 2.10 1.94 1.78 1.64 1.52 1.41 1.32 1.26 1.22 1.20 1.21 1.24 1.29 1.37 1.47 1.59 1.74 1.90 2.08 2.29 2.50 2.73 2.97 3.22 3.48 3.73 3.99 4.25 4.50 4.74 4.98 5.20 5.41 5.62 5.80 5.98 6.14 6.28 6.40 6.51 6.60 6.68 6.73 6.77 6.79 6.80 6.79 6.76 6.72 6.67 6.61 6.53 6.45 6.36 6.27 6.17 6.07 5.96 5.86 5.76 5.65 5.55 5.46 5.37 5.28 5.19 5.11 5.03 4.95 4.88 4.80 4.73 4.66 4.59 4.51 4.44 4.36 4.28 4.20 4.12 4.03 3.93 3.84 3.74 3.64 3.54 3.43 3.32 3.21 3.10 2.99 2.89 2.78 2.67 2.57 2.47 2.37 2.28 2.19 2.10 2.02 1.95 1.88 1.81 1.75 1.70 1.65 1.60 1.56 1.53 1.50 1.47 1.45 1.43 1.41 1.40 1.38 1.37 1.37 1.36 1.35 1.34 1.33 1.31 1.30 1.28 1.26 1.23 1.20 1.17 1.13 1.09 1.05 1.01 0.97 0.93 0.90 0.87 0.85 0.84 0.85 0.86 0.90 0.95 1.01 1.10 1.20 1.32 1.46 1.62 1.79 1.98 2.18 2.40 2.63 2.88 3.14 3.41 3.69 3.98 4.29 4.61 4.94 5.28 5.64 6.01 6.39 6.78 7.19 7.60 8.02 8.46 8.89 9.33 9.77 10.20 10.62 11.04 11.44 11.82 12.18 12.52 12.82 13.09 13.33 13.52 13.68 13.78 13.84 13.86 13.82 13.73 13.60 13.42 13.19 12.92 12.62 12.28 11.90 11.51 11.09 10.66 10.22 9.77 9.32 8.87 8.43 8.00 7.59 7.18 6.80 6.42 6.07 5.74 5.43 5.13 4.85 4.60 4.36 4.14 3.94 3.75 3.58 3.43 3.29 3.16 3.05 2.95 2.86 2.79 2.72 2.66 2.61 2.57 2.53 2.50 2.48 2.46 2.44 2.43 2.42 2.42 2.41 2.41 2.41 2.41 2.42 2.42 2.42 2.43 2.43 2.43 2.44 2.44 2.44 2.44 2.44 2.44 2.44 2.43 2.42 2.40 2.38 2.36 2.33 2.30 2.26 2.22 2.18 2.13 2.09 2.04 1.99 1.96 1.93 1.91 1.90 1.92 1.96 2.02 2.11 2.23 2.38 2.56 2.77 3.01 3.28 3.56 3.86 4.16 4.46 4.76 5.05 5.32 5.56 5.78 5.98 6.14 6.27 6.36 6.43 6.46 6.47 6.45 6.41 6.34 6.25 6.15 6.03 5.90 5.76 5.61 5.45 5.29 5.13 4.96 4.79 4.63 4.46 4.30 4.15 4.00 3.85 3.71 3.58 3.45 3.33 3.22 3.11 3.01 2.92 2.83 2.75 2.67 2.60 2.53 2.47 2.41 2.35 2.30 2.25 2.20 2.16
4.53 4.65 4.75 4.81 4.85 4.86 4.84 4.79 4.71 4.61 4.48 4.34 4.17 4.00 3.81 3.62 3.43 3.24 3.06 2.89 2.72 2.58 2.45 2.33 2.24 2.17 2.11 2.08 2.06 2.07 2.09 2.12 2.17 2.23 2.30 2.38 2.46 2.55 2.63 2.72 2.80 2.87 2.93 2.98 3.01 3.03 3.03 3.01 2.97 2.91 2.82 2.72 2.60 2.47 2.32 2.16 2.00 1.84 1.68 1.54 1.40 1.28 1.18 1.09 1.03 1.00 0.98 0.99 1.03 1.09 1.17 1.28 1.41 1.56 1.73 1.92 2.13 2.36 2.60 2.85 3.12 3.38 3.65 3.92 4.19 4.45 4.71 4.96 5.19 5.42 5.63 5.83 6.01 6.18 6.33 6.46 6.58 6.68 6.76 6.82 6.87 6.90 6.91 6.90 6.88 6.84 6.79 6.73 6.66 6.58 6.49 6.40 6.30 6.20 6.09 5.99 5.89 5.79 5.69 5.59 5.50 5.41 5.33 5.24 5.17 5.09 5.01 4.94 4.87 4.80 4.72 4.65 4.58 4.50 4.42 4.33 4.25 4.15 4.06 3.96 3.86 3.75 3.65 3.54 3.42 3.31 3.20 3.08 2.97 2.85 2.74 2.63 2.53 2.43 2.33 2.23 2.14 2.06 1.98 1.91 1.84 1.77 1.72 1.66 1.62 1.57 1.54 1.50 1.47 1.45 1.43 1.41 1.39 1.38 1.37 1.36 1.35 1.33 1.32 1.31 1.29 1.27 1.25 1.23 1.19 1.16 1.12 1.08 1.03 0.98 0.94 0.89 0.84 0.80 0.77 0.74 0.73 0.72 0.74 0.77 0.81 0.88 0.96 1.07 1.19 1.33 1.49 1.67 1.86 2.07 2.30 2.54 2.79 3.05 3.33 3.61 3.91 4.22 4.55 4.88 5.22 5.58 5.95 6.34 6.73 7.13 7.55 7.97 8.40 8.83 9.26 9.70 10.12 10.54 10.95 11.34 11.72 12.07 12.39 12.68 12.94 13.16 13.34 13.47 13.56 13.61 13.61 13.55 13.46 13.31 13.12 12.89 12.61 12.30 11.96 11.59 11.20 10.79 10.36 9.93 9.49 9.05 8.62 8.19 7.77 7.37 6.98 6.60 6.24 5.90 5.58 5.28 5.00 4.73 4.48 4.26 4.04 3.85 3.67 3.51 3.37 3.23 3.12 3.01 2.92 2.83 2.76 2.70 2.64 2.60 2.56 2.53 2.50 2.48 2.46 2.45 2.44 2.43 2.42 2.42 2.42 2.42 2.43 2.43 2.43 2.44 2.44 2.45 2.45 2.45 2.45 2.46 2.46 2.45 2.45 2.44 2.43 2.41 2.39 2.36 2.33 2.29 2.25 2.20 2.15 2.09 2.02 1.96 1.89 1.83 1.77 1.72 1.68 1.66 1.66 1.68 1.73 1.80 1.91 2.05 2.23 2.43 2.67 2.93 3.21 3.50 3.80 4.11 4.41 4.70 4.97 5.22 5.45 5.64 5.81 5.94 6.05 6.12 6.16 6.18 6.17 6.14 6.08 6.01 5.92 5.82 5.70 5.57 5.44 5.30 5.15 5.00 4.85 4.70 4.55 4.40 4.25 4.11 3.97 3.83 3.70 3.57 3.45 3.34 3.23 3.12 3.03 2.93 2.85 2.77 2.69 2.62 2.55 2.49 2.43 2.37 2.32 2.27 2.22 2.17
4.48 4.60 4.70 4.77 4.81 4.82 4.80 4.75 4.67 4.56 4.44 4.29 4.13 3.95 3.77 3.58 3.39 3.20 3.01 2.84 2.67 2.52 2.39 2.27 2.17 2.09 2.03 1.99 1.97 1.96 1.97 2.00 2.03 2.08 2.14 2.21 2.28 2.36 2.43 2.50 2.57 2.63 2.69 2.73 2.76 2.77 2.77 2.75 2.70 2.64 2.56 2.46 2.35 2.22 2.07 1.92 1.77 1.61 1.46 1.32 1.19 1.07 0.97 0.89 0.84 0.80 0.79 0.81 0.84 0.91 0.99 1.10 1.24 1.39 1.57 1.78 2.00 2.23 2.48 2.75 3.02 3.30 3.58 3.86 4.15 4.42 4.69 4.95 5.20 5.43 5.66 5.86 6.06 6.23 6.39 6.54 6.66 6.77 6.85 6.92 6.97 7.00 7.02 7.02 7.00 6.96 6.92 6.86 6.79 6.71 6.62 6.53 6.43 6.33 6.23 6.12 6.02 5.92 5.82 5.73 5.64 5.55 5.46 5.38 5.30 5.22 5.15 5.08 5.01 4.93 4.86 4.79 4.71 4.63 4.55 4.46 4.37 4.28 4.18 4.08 3.97 3.87 3.75 3.64 3.52 3.40 3.28 3.17 3.05 2.93 2.81 2.70 2.59 2.48 2.38 2.28 2.18 2.10 2.01 1.93 1.86 1.80 1.73 1.68 1.63 1.58 1.54 1.51 1.48 1.45 1.43 1.41 1.39 1.37 1.36 1.35 1.33 1.32 1.31 1.29 1.27 1.25 1.22 1.19 1.16 1.12 1.07 1.02 0.97 0.92 0.86 0.81 0.75 0.71 0.66 0.63 0.61 0.61 0.62 0.64 0.69 0.75 0.83 0.94 1.06 1.21 1.37 1.55 1.75 1.97 2.20 2.44 2.70 2.97 3.25 3.54 3.84 4.15 4.48 4.81 5.16 5.52 5.89 6.27 6.66 7.06 7.47 7.89 8.32 8.75 9.17 9.60 10.02 10.43 10.83 11.22 11.58 11.92 12.23 12.51 12.75 12.96 13.12 13.25 13.32 13.35 13.34 13.27 13.16 13.01 12.81 12.57 12.29 11.98 11.64 11.27 10.89 10.48 10.06 9.64 9.21 8.78 8.36 7.95 7.54 7.15 6.77 6.41 6.06 5.73 5.42 5.13 4.86 4.60 4.37 4.15 3.95 3.76 3.60 3.44 3.30 3.18 3.07 2.97 2.88 2.80 2.74 2.68 2.63 2.59 2.55 2.52 2.50 2.48 2.46 2.45 2.44 2.44 2.43 2.43 2.43 2.44 2.44 2.44 2.45 2.45 2.46 2.46 2.47 2.47 2.47 2.47 2.47 2.46 2.45 2.44 2.43 2.40 2.38 2.34 2.30 2.26 2.20 2.14 2.07 2.00 1.92 1.83 1.75 1.67 1.59 1.52 1.47 1.43 1.41 1.41 1.45 1.51 1.61 1.74 1.91 2.11 2.34 2.60 2.87 3.17 3.47 3.78 4.08 4.37 4.64 4.89 5.12 5.32 5.49 5.63 5.74 5.82 5.87 5.90 5.90 5.88 5.84 5.78 5.70 5.61 5.51 5.40 5.29 5.16 5.03 4.90 4.76 4.62 4.49 4.35 4.21 4.08 3.95 3.82 3.70 3.58 3.46 3.35 3.24 3.14 3.05 2.96 2.87 2.79 2.71 2.64 2.57 2.51 2.45 2.39 2.34 2.28 2.23 2.19
4.41 4.53 4.63 4.69 4.73 4.74 4.72 4.67 4.59 4.49 4.37 4.22 4.06 3.89 3.71 3.52 3.33 3.14 2.95 2.78 2.62 2.46 2.33 2.21 2.11 2.02 1.95 1.91 1.88 1.86 1.86 1.88 1.91 1.95 2.00 2.05 2.11 2.18 2.24 2.30 2.36 2.42 2.47 2.50 2.53 2.54 2.53 2.51 2.46 2.40 2.33 2.23 2.12 1.99 1.86 1.71 1.56 1.41 1.27 1.13 1.00 0.89 0.80 0.72 0.67 0.63 0.45 0.64 0.68 0.75 0.83 0.95 1.09 1.25 1.44 1.64 1.87 2.12 2.38 2.66 2.94 3.23 3.52 3.82 4.11 4.40 4.68 4.95 5.21 5.46 5.69 5.91 6.11 6.30 6.47 6.62 6.75 6.86 6.95 7.03 7.08 7.12 7.14 7.14 7.12 7.09 7.05 6.99 6.92 6.84 6.76 6.66 6.56 6.46 6.36 6.26 6.16 6.05 5.96 5.86 5.77 5.68 5.59 5.51 5.43 5.36 5.28 5.21 5.14 5.06 4.99 4.92 4.84 4.76 4.67 4.59 4.49 4.40 4.30 4.19 4.08 3.97 3.86 3.74 3.62 3.49 3.37 3.25 3.12 3.00 2.88 2.76 2.64 2.53 2.42 2.32 2.22 2.13 2.04 1.96 1.89 1.82 1.75 1.69 1.64 1.59 1.55 1.51 1.48 1.45 1.43 1.40 1.38 1.37 1.35 1.34 1.32 1.31 1.29 1.27 1.25 1.23 1.20 1.16 1.12 1.08 1.03 0.97 0.92 0.85 0.79 0.73 0.67 0.62 0.57 0.53 0.51 0.50 0.45 0.53 0.57 0.63 0.72 0.82 0.95 1.09 1.26 1.45 1.65 1.87 2.10 2.35 2.61 2.88 3.16 3.46 3.76 4.07 4.40 4.74 5.08 5.44 5.81 6.19 6.58 6.98 7.38 7.80 8.22 8.64 9.06 9.48 9.89 10.30 10.69 11.06 11.42 11.74 12.04 12.31 12.54 12.73 12.89 13.00 13.06 13.08 13.05 12.97 12.85 12.69 12.49 12.24 11.96 11.65 11.31 10.95 10.57 10.17 9.76 9.34 8.93 8.51 8.10 7.70 7.30 6.92 6.56 6.21 5.87 5.56 5.26 4.98 4.72 4.47 4.25 4.04 3.85 3.68 3.52 3.37 3.24 3.12 3.02 2.93 2.85 2.77 2.71 2.66 2.61 2.57 2.54 2.51 2.49 2.48 2.46 2.45 2.45 2.45 2.44 2.44 2.45 2.45 2.45 2.46 2.46 2.47 2.47 2.48 2.48 2.48 2.48 2.48 2.48 2.47 2.46 2.45 2.43 2.40 2.37 2.33 2.28 2.22 2.16 2.08 2.00 1.91 1.81 1.72 1.62 1.52 1.42 1.34 1.27 1.21 1.18 1.17 1.19 1.24 1.33 1.46 1.62 1.81 2.04 2.29 2.57 2.86 3.16 3.47 3.77 4.06 4.33 4.59 4.82 5.02 5.19 5.34 5.45 5.54 5.60 5.63 5.65 5.64 5.61 5.56 5.50 5.43 5.34 5.25 5.15 5.04 4.93 4.81 4.69 4.57 4.44 4.32 4.19 4.07 3.95 3.83 3.71 3.59 3.48 3.38 3.27 3.17 3.08 2.99 2.90 2.82 2.74 2.67 2.60 2.53 2.47 2.41 2.36 2.30 2.25 2.20
4.32 4.44 4.53 4.59 4.63 4.64 4.62 4.57 4.50 4.40 4.27 4.13 3.97 3.80 3.62 3.44 3.25 3.06 2.88 2.71 2.55 2.40 2.26 2.14 2.03 1.95 1.88 1.82 1.79 1.77 1.76 1.77 1.79 1.82 1.86 1.90 1.96 2.01 2.07 2.12 2.17 2.22 2.26 2.29 2.31 2.32 2.31 2.29 2.25 2.19 2.12 2.03 1.92 1.80 1.67 1.53 1.39 1.25 1.11 0.97 0.85 0.74 0.65 0.45 0.45 0.45 0.15 0.45 0.45 0.45 0.70 0.82 0.96 1.13 1.32 1.53 1.77 2.02 2.29 2.58 2.87 3.17 3.48 3.79 4.09 4.39 4.68 4.96 5.23 5.49 5.74 5.96 6.17 6.37 6.55 6.70 6.84 6.96 7.06 7.14 7.20 7.24 7.26 7.27 7.25 7.22 7.18 7.12 7.05 6.98 6.89 6.80 6.70 6.60 6.49 6.39 6.29 6.19 6.09 5.99 5.90 5.81 5.72 5.64 5.56 5.48 5.41 5.34 5.26 5.19 5.11 5.04 4.96 4.88 4.79 4.70 4.61 4.51 4.41 4.30 4.19 4.07 3.95 3.83 3.70 3.58 3.45 3.32 3.19 3.06 2.94 2.82 2.70 2.58 2.47 2.36 2.26 2.16 2.07 1.99 1.91 1.84 1.77 1.71 1.65 1.60 1.56 1.52 1.48 1.45 1.43 1.40 1.38 1.36 1.34 1.33 1.31 1.30 1.28 1.26 1.23 1.20 1.17 1.13 1.09 1.04 0.99 0.93 0.86 0.80 0.73 0.66 0.60 0.54 0.49 0.44 0.41 0.40 0.20 0.42 0.45 0.45 0.61 0.71 0.84 0.99 1.16 1.35 1.55 1.77 2.01 2.26 2.52 2.79 3.08 3.37 3.68 3.99 4.32 4.65 5.00 5.35 5.72 6.09 6.48 6.87 7.27 7.68 8.09 8.51 8.92 9.34 9.74 10.14 10.52 10.88 11.22 11.54 11.83 12.08 12.30 12.48 12.62 12.72 12.77 12.78 12.74 12.66 12.53 12.36 12.15 11.90 11.62 11.31 10.98 10.62 10.24 9.85 9.45 9.04 8.64 8.23 7.83 7.44 7.06 6.69 6.34 6.00 5.68 5.38 5.09 4.83 4.58 4.34 4.13 3.93 3.75 3.59 3.44 3.30 3.18 3.07 2.97 2.89 2.81 2.74 2.69 2.64 2.60 2.56 2.53 2.51 2.49 2.48 2.47 2.46 2.46 2.45 2.45 2.46 2.46 2.46 2.47 2.47 2.48 2.49 2.49 2.50 2.50 2.50 2.50 2.50 2.49 2.48 2.47 2.45 2.43 2.40 2.36 2.31 2.25 2.19 2.11 2.03 1.93 1.83 1.72 1.61 1.49 1.38 1.27 1.17 1.08 1.01 0.96 0.94 0.45 1.00 1.08 1.20 1.35 1.54 1.77 2.02 2.29 2.58 2.88 3.19 3.49 3.78 4.05 4.30 4.53 4.74 4.92 5.06 5.18 5.28 5.34 5.39 5.41 5.41 5.40 5.36 5.32 5.26 5.19 5.12 5.03 4.94 4.84 4.74 4.64 4.53 4.42 4.30 4.19 4.08 3.96 3.85 3.74 3.63 3.52 3.41 3.31 3.21 3.12 3.03 2.94 2.85 2.77 2.70 2.63 2.56 2.50 2.44 2.38 2.32 2.27 2.22
4.20 4.31 4.40 4.47 4.50 4.51 4.49 4.44 4.37 4.28 4.16 4.02 3.87 3.70 3.52 3.34 3.16 2.98 2.80 2.63 2.47 2.32 2.19 2.06 1.96 1.87 1.80 1.74 1.70 1.68 1.66 1.67 1.68 1.70 1.73 1.77 1.81 1.86 1.91 1.96 2.00 2.04 2.08 2.11 2.12 2.13 2.12 2.10 2.06 2.00 1.93 1.85 1.75 1.63 1.51 1.38 1.24 1.11 0.97 0.85 0.73 0.62 0.45 0.15 0.15 0.15 0.15 0.15 0.15 0.15 0.45 0.71 0.85 1.02 1.22 1.44 1.68 1.94 2.22 2.51 2.82 3.13 3.44 3.76 4.08 4.39 4.69 4.98 5.26 5.53 5.78 6.02 6.24 6.44 6.63 6.79 6.94 7.06 7.17 7.25 7.31 7.36 7.38 7.39 7.38 7.35 7.31 7.25 7.19 7.11 7.02 6.93 6.83 6.73 6.62 6.52 6.41 6.31 6.21 6.11 6.02 5.93 5.84 5.76 5.68 5.60 5.53 5.45 5.38 5.31 5.23 5.15 5.07 4.99 4.90 4.81 4.71 4.61 4.51 4.40 4.28 4.16 4.04 3.91 3.79 3.65 3.52 3.39 3.26 3.13 3.00 2.87 2.75 2.63 2.51 2.40 2.29 2.19 2.10 2.01 1.93 1.85 1.78 1.72 1.66 1.61 1.56 1.52 1.48 1.45 1.42 1.40 1.38 1.36 1.34 1.32 1.30 1.28 1.26 1.24 1.21 1.18 1.15 1.11 1.06 1.01 0.95 0.89 0.82 0.75 0.68 0.60 0.54 0.47 0.41 0.20 0.20 0.20 0.20 0.20 0.20 0.20 0.45 0.62 0.75 0.90 1.07 1.26 1.46 1.69 1.92 2.17 2.44 2.71 3.00 3.29 3.60 3.91 4.23 4.56 4.91 5.26 5.62 5.99 6.37 6.75 7.15 7.55 7.95 8.36 8.76 9.17 9.56 9.95 10.32 10.67 11.00 11.31 11.58 11.83 12.03 12.20 12.33 12.42 12.46 12.46 12.41 12.32 12.19 12.01 11.80 11.55 11.27 10.96 10.63 10.28 9.90 9.52 9.13 8.74 8.34 7.95 7.56 7.18 6.81 6.46 6.12 5.80 5.49 5.20 4.93 4.67 4.43 4.21 4.01 3.82 3.65 3.50 3.36 3.23 3.12 3.02 2.92 2.85 2.78 2.72 2.66 2.62 2.58 2.55 2.53 2.51 2.49 2.48 2.47 2.47 2.46 2.46 2.47 2.47 2.47 2.48 2.48 2.49 2.50 2.50 2.51 2.51 2.52 2.52 2.52 2.51 2.51 2.50 2.48 2.46 2.43 2.40 2.35 2.30 2.23 2.16 2.07 1.98 1.87 1.76 1.63 1.51 1.38 1.25 1.13 1.01 0.92 0.45 0.45 0.45 0.07 0.45 0.45 0.45 1.13 1.31 1.53 1.78 2.05 2.34 2.63 2.93 3.23 3.52 3.79 4.05 4.28 4.48 4.66 4.81 4.94 5.04 5.11 5.16 5.20 5.21 5.21 5.19 5.16 5.12 5.07 5.01 4.94 4.86 4.78 4.70 4.61 4.51 4.42 4.31 4.21 4.11 4.00 3.89 3.79 3.68 3.57 3.47 3.37 3.27 3.17 3.08 2.99 2.90 2.82 2.74 2.66 2.59 2.53 2.46 2.40 2.35 2.29 2.24
4.06 4.17 4.26 4.32 4.35 4.36 4.34 4.30 4.23 4.13 4.02 3.89 3.74 3.58 3.41 3.23 3.06 2.88 2.71 2.54 2.39 2.24 2.11 1.99 1.88 1.79 1.72 1.66 1.62 1.59 1.57 1.57 1.58 1.59 1.62 1.65 1.69 1.73 1.77 1.81 1.85 1.89 1.92 1.94 1.95 1.96 1.95 1.93 1.89 1.84 1.77 1.69 1.60 1.49 1.38 1.25 1.12 0.99 0.87 0.74 0.63 0.45 0.15 0.15 0.15 0.15 0.15 0.15 0.15 0.15 0.15 0.45 0.77 0.94 1.14 1.36 1.61 1.87 2.16 2.46 2.77 3.09 3.42 3.75 4.07 4.39 4.70 5.01 5.30 5.57 5.83 6.08 6.31 6.52 6.71 6.88 7.03 7.16 7.27 7.36 7.43 7.48 7.50 7.51 7.50 7.48 7.44 7.38 7.31 7.23 7.15 7.05 6.95 6.85 6.74 6.64 6.53 6.43 6.33 6.23 6.14 6.04 5.96 5.87 5.79 5.71 5.64 5.56 5.49 5.41 5.34 5.26 5.18 5.09 5.00 4.91 4.81 4.71 4.60 4.49 4.37 4.25 4.12 3.99 3.86 3.72 3.59 3.45 3.32 3.18 3.05 2.92 2.79 2.67 2.55 2.43 2.32 2.22 2.12 2.03 1.95 1.87 1.80 1.73 1.67 1.62 1.57 1.52 1.49 1.45 1.42 1.40 1.37 1.35 1.33 1.31 1.29 1.27 1.25 1.23 1.20 1.17 1.13 1.09 1.04 0.98 0.92 0.85 0.78 0.71 0.63 0.56 0.48 0.42 0.20 0.20 0.20 0.20 0.20 0.20 0.20 0.20 0.20 0.45 0.67 0.82 0.99 1.18 1.39 1.61 1.85 2.10 2.36 2.64 2.92 3.21 3.51 3.82 4.14 4.47 4.81 5.15 5.51 5.87 6.24 6.62 7.01 7.40 7.79 8.19 8.58 8.97 9.36 9.73 10.09 10.43 10.75 11.04 11.31 11.54 11.74 11.89 12.01 12.09 12.12 12.11 12.06 11.96 11.82 11.65 11.43 11.19 10.91 10.60 10.27 9.93 9.56 9.19 8.81 8.42 8.04 7.66 7.28 6.92 6.57 6.22 5.90 5.59 5.29 5.02 4.76 4.52 4.29 4.08 3.89 3.72 3.56 3.41 3.28 3.16 3.06 2.96 2.88 2.81 2.74 2.69 2.64 2.60 2.57 2.54 2.52 2.50 2.49 2.48 2.48 2.47 2.47 2.47 2.48 2.48 2.49 2.49 2.50 2.51 2.51 2.52 2.53 2.53 2.53 2.54 2.54 2.53 2.52 2.51 2.49 2.47 2.44 2.40 2.35 2.29 2.22 2.14 2.04 1.94 1.82 1.70 1.56 1.42 1.28 1.14 1.01 0.88 0.45 0.07 0.07 0.07 0.07 0.07 0.07 0.07 0.45 1.12 1.34 1.58 1.84 2.13 2.42 2.72 3.01 3.29 3.56 3.81 4.04 4.25 4.43 4.58 4.71 4.82 4.90 4.96 5.00 5.03 5.04 5.04 5.02 5.00 4.96 4.92 4.87 4.81 4.75 4.68 4.61 4.53 4.44 4.35 4.26 4.16 4.06 3.96 3.85 3.75 3.64 3.54 3.44 3.33 3.23 3.14 3.04 2.95 2.87 2.78 2.70 2.63 2.56 2.49 2.43 2.37 2.31 2.26
3.90 4.01 4.09 4.15 4.18 4.19 4.17 4.13 4.06 3.97 3.87 3.74 3.60 3.44 3.28 3.11 2.94 2.77 2.61 2.45 2.30 2.16 2.03 1.91 1.81 1.72 1.65 1.59 1.54 1.51 1.49 1.48 1.48 1.50 1.52 1.54 1.57 1.61 1.64 1.68 1.71 1.74 1.77 1.79 1.80 1.81 1.80 1.78 1.75 1.70 1.64 1.56 1.48 1.38 1.27 1.15 1.03 0.91 0.78 0.67 0.56 0.45 0.15 0.15 0.15 0.15 0.15 0.15 0.15 0.15 0.15 0.45 0.70 0.88 1.08 1.31 1.56 1.83 2.12 2.43 2.75 3.07 3.41 3.74 4.08 4.40 4.72 5.03 5.33 5.62 5.89 6.14 6.37 6.59 6.79 6.96 7.12 7.26 7.37 7.46 7.53 7.59 7.62 7.63 7.62 7.59 7.55 7.50 7.43 7.35 7.26 7.17 7.07 6.96 6.86 6.75 6.64 6.54 6.44 6.34 6.24 6.15 6.06 5.97 5.89 5.81 5.74 5.66 5.58 5.51 5.43 5.35 5.27 5.18 5.09 5.00 4.90 4.79 4.68 4.57 4.45 4.32 4.19 4.06 3.92 3.79 3.65 3.51 3.37 3.23 3.09 2.96 2.83 2.70 2.58 2.46 2.35 2.24 2.14 2.05 1.96 1.88 1.81 1.74 1.68 1.62 1.57 1.53 1.49 1.45 1.42 1.39 1.37 1.34 1.32 1.30 1.28 1.26 1.24 1.21 1.18 1.15 1.11 1.07 1.02 0.96 0.90 0.83 0.75 0.68 0.60 0.52 0.44 0.37 0.20 0.20 0.20 0.20 0.19 0.20 0.20 0.20 0.20 0.45 0.62 0.77 0.93 1.12 1.33 1.55 1.78 2.03 2.29 2.56 2.84 3.13 3.43 3.73 4.05 4.37 4.70 5.04 5.38 5.74 6.10 6.47 6.85 7.23 7.61 8.00 8.38 8.76 9.13 9.49 9.84 10.17 10.47 10.76 11.01 11.23 11.41 11.56 11.67 11.74 11.76 11.74 11.69 11.59 11.45 11.27 11.05 10.81 10.53 10.23 9.91 9.57 9.21 8.85 8.48 8.10 7.73 7.36 7.00 6.65 6.31 5.99 5.68 5.38 5.10 4.84 4.59 4.36 4.15 3.95 3.77 3.61 3.46 3.33 3.20 3.09 3.00 2.91 2.83 2.77 2.71 2.66 2.62 2.58 2.56 2.53 2.51 2.50 2.49 2.48 2.48 2.48 2.48 2.48 2.49 2.50 2.50 2.51 2.52 2.52 2.53 2.54 2.55 2.55 2.55 2.56 2.55 2.55 2.54 2.53 2.51 2.48 2.45 2.40 2.35 2.29 2.21 2.12 2.02 1.91 1.78 1.65 1.50 1.35 1.20 1.06 0.91 0.45 0.07 0.07 0.07 0.07 0.07 0.07 0.07 0.07 0.07 0.45 1.18 1.42 1.68 1.95 2.24 2.53 2.82 3.10 3.36 3.61 3.84 4.04 4.22 4.38 4.51 4.62 4.71 4.78 4.84 4.87 4.90 4.91 4.91 4.91 4.89 4.87 4.83 4.79 4.75 4.69 4.63 4.56 4.49 4.41 4.33 4.24 4.14 4.05 3.94 3.84 3.74 3.63 3.52 3.42 3.31 3.21 3.11 3.02 2.92 2.84 2.75 2.67 2.60 2.53 2.46 2.40 2.34 2.28
3.73 3.83 3.91 3.97 4.00 4.01 3.99 3.95 3.88 3.80 3.70 3.58 3.44 3.30 3.14 2.98 2.82 2.66 2.50 2.35 2.20 2.07 1.94 1.83 1.73 1.65 1.57 1.51 1.47 1.43 1.41 1.40 1.40 1.41 1.42 1.44 1.47 1.50 1.53 1.56 1.59 1.62 1.64 1.66 1.67 1.68 1.67 1.65 1.62 1.58 1.52 1.45 1.37 1.28 1.18 1.07 0.96 0.84 0.73 0.62 0.51 0.42 0.15 0.15 0.15 0.15 0.15 0.15 0.15 0.15 0.15 0.45 0.66 0.84 1.04 1.27 1.52 1.80 2.09 2.41 2.73 3.06 3.40 3.75 4.09 4.42 4.75 5.06 5.37 5.66 5.94 6.20 6.44 6.66 6.86 7.04 7.21 7.34 7.46 7.56 7.63 7.69 7.72 7.73 7.73 7.70 7.66 7.61 7.54 7.46 7.37 7.27 7.17 7.07 6.96 6.85 6.74 6.63 6.53 6.43 6.33 6.24 6.15 6.06 5.98 5.90 5.82 5.75 5.67 5.59 5.51 5.43 5.35 5.26 5.17 5.07 4.97 4.86 4.75 4.64 4.51 4.39 4.25 4.12 3.98 3.84 3.70 3.56 3.41 3.27 3.13 2.99 2.86 2.73 2.61 2.49 2.37 2.26 2.16 2.06 1.97 1.89 1.82 1.75 1.68 1.63 1.57 1.53 1.49 1.45 1.42 1.39 1.36 1.34 1.32 1.30 1.28 1.25 1.23 1.20 1.17 1.14 1.10 1.05 1.00 0.94 0.88 0.81 0.73 0.65 0.58 0.50 0.42 0.35 0.20 0.20 0.19 0.17 0.16 0.18 0.20 0.20 0.20 0.45 0.58 0.73 0.89 1.08 1.28 1.50 1.73 1.98 2.23 2.50 2.77 3.06 3.35 3.65 3.95 4.27 4.59 4.92 5.25 5.60 5.95 6.31 6.67 7.04 7.41 7.79 8.16 8.52 8.88 9.23 9.56 9.88 10.17 10.44 10.68 10.89 11.07 11.20 11.30 11.36 11.38 11.36 11.29 11.19 11.05 10.87 10.66 10.41 10.14 9.85 9.53 9.20 8.85 8.50 8.14 7.78 7.42 7.07 6.72 6.38 6.06 5.75 5.45 5.17 4.90 4.66 4.42 4.21 4.01 3.83 3.66 3.50 3.37 3.24 3.13 3.03 2.94 2.86 2.79 2.73 2.68 2.64 2.60 2.57 2.54 2.52 2.51 2.50 2.49 2.49 2.49 2.49 2.49 2.50 2.50 2.51 2.52 2.53 2.53 2.54 2.55 2.56 2.57 2.57 2.57 2.58 2.57 2.57 2.56 2.54 2.52 2.50 2.46 2.41 2.36 2.29 2.21 2.11 2.00 1.88 1.75 1.61 1.46 1.30 1.15 0.99 0.84 0.45 0.07 0.07 0.07 0.07 0.07 0.07 0.07 0.07 0.07 0.45 1.06 1.29 1.55 1.82 2.10 2.38 2.66 2.93 3.19 3.43 3.66 3.86 4.04 4.20 4.33 4.45 4.55 4.63 4.69 4.75 4.79 4.81 4.83 4.84 4.84 4.84 4.82 4.80 4.77 4.73 4.69 4.63 4.57 4.50 4.43 4.34 4.26 4.16 4.06 3.96 3.85 3.74 3.63 3.52 3.41 3.30 3.19 3.09 2.99 2.90 2.81 2.72 2.64 2.56 2.49 2.42 2.36 2.30
3.55 3.64 3.72 3.77 3.80 3.81 3.79 3.75 3.69 3.61 3.52 3.40 3.28 3.14 2.99 2.84 2.69 2.54 2.39 2.24 2.11 1.98 1.86 1.75 1.66 1.57 1.50 1.45 1.40 1.37 1.34 1.33 1.33 1.33 1.34 1.36 1.38 1.40 1.43 1.46 1.49 1.51 1.53 1.55 1.56 1.56 1.56 1.54 1.52 1.48 1.43 1.37 1.29 1.21 1.11 1.01 0.91 0.80 0.69 0.58 0.45 0.15 0.15 0.15 0.15 0.15 0.15 0.15 0.15 0.15 0.15 0.15 0.45 0.82 1.03 1.26 1.51 1.79 2.09 2.40 2.73 3.07 3.41 3.76 4.10 4.44 4.77 5.10 5.41 5.70 5.98 6.25 6.49 6.72 6.93 7.11 7.28 7.42 7.54 7.64 7.72 7.78 7.81 7.82 7.82 7.80 7.76 7.70 7.63 7.55 7.46 7.37 7.26 7.16 7.05 6.94 6.83 6.72 6.61 6.51 6.41 6.32 6.23 6.14 6.05 5.97 5.89 5.82 5.74 5.66 5.58 5.50 5.41 5.33 5.23 5.13 5.03 4.92 4.81 4.69 4.57 4.44 4.30 4.17 4.03 3.88 3.74 3.59 3.45 3.31 3.16 3.02 2.89 2.76 2.63 2.51 2.39 2.28 2.17 2.08 1.98 1.90 1.82 1.75 1.69 1.63 1.57 1.53 1.49 1.45 1.41 1.38 1.36 1.33 1.31 1.29 1.27 1.24 1.22 1.19 1.16 1.13 1.09 1.04 0.99 0.93 0.87 0.80 0.72 0.64 0.56 0.48 0.41 0.20 0.20 0.20 0.18 0.16 0.15 0.16 0.20 0.20 0.20 0.20 0.45 0.70 0.87 1.05 1.25 1.46 1.69 1.93 2.18 2.44 2.71 2.98 3.27 3.56 3.85 4.16 4.47 4.79 5.12 5.45 5.79 6.14 6.49 6.84 7.20 7.56 7.92 8.27 8.61 8.95 9.27 9.57 9.85 10.11 10.33 10.53 10.69 10.82 10.91 10.97 10.98 10.95 10.88 10.78 10.63 10.46 10.25 10.01 9.74 9.45 9.14 8.82 8.49 8.14 7.80 7.45 7.10 6.76 6.43 6.11 5.80 5.51 5.22 4.96 4.71 4.47 4.26 4.05 3.87 3.70 3.54 3.40 3.27 3.16 3.05 2.96 2.88 2.81 2.75 2.69 2.65 2.61 2.58 2.55 2.53 2.52 2.51 2.50 2.49 2.49 2.49 2.50 2.50 2.51 2.52 2.52 2.53 2.54 2.55 2.56 2.57 2.58 2.59 2.59 2.59 2.60 2.59 2.59 2.58 2.56 2.54 2.51 2.47 2.42 2.37 2.29 2.21 2.11 2.00 1.87 1.74 1.59 1.43 1.27 1.11 0.95 0.80 0.45 0.07 0.07 0.07 0.07 0.07 0.07 0.07 0.07 0.07 0.45 0.98 1.21 1.45 1.72 1.99 2.26 2.53 2.80 3.05 3.28 3.50 3.70 3.88 4.04 4.18 4.30 4.41 4.50 4.58 4.64 4.70 4.74 4.78 4.81 4.83 4.84 4.84 4.84 4.83 4.81 4.77 4.73 4.68 4.63 4.56 4.48 4.39 4.30 4.20 4.09 3.98 3.87 3.75 3.64 3.52 3.40 3.29 3.18 3.07 2.97 2.87 2.78 2.69 2.61 2.53 2.46 2.39 2.32
3.35 3.44 3.51 3.56 3.59 3.60 3.58 3.55 3.49 3.42 3.33 3.22 3.10 2.97 2.84 2.70 2.55 2.41 2.27 2.14 2.01 1.88 1.77 1.67 1.58 1.50 1.44 1.38 1.34 1.30 1.28 1.26 1.26 1.26 1.27 1.28 1.30 1.32 1.35 1.37 1.40 1.42 1.44 1.45 1.47 1.47 1.46 1.45 1.43 1.40 1.35 1.29 1.23 1.15 1.06 0.97 0.87 0.77 0.67 0.57 0.48 0.39 0.15 0.15 0.15 0.15 0.15 0.15 0.15 0.15 0.15 0.45 0.66 0.83 1.03 1.26 1.52 1.80 2.10 2.41 2.74 3.08 3.42 3.77 4.12 4.46 4.80 5.13 5.44 5.74 6.02 6.29 6.54 6.77 6.98 7.17 7.34 7.49 7.61 7.71 7.79 7.85 7.89 7.90 7.90 7.87 7.83 7.78 7.71 7.63 7.54 7.44 7.34 7.23 7.12 7.01 6.89 6.78 6.68 6.57 6.47 6.38 6.28 6.20 6.11 6.03 5.95 5.87 5.79 5.71 5.63 5.55 5.46 5.37 5.28 5.18 5.08 4.97 4.85 4.73 4.61 4.48 4.34 4.20 4.06 3.92 3.77 3.62 3.48 3.33 3.19 3.05 2.91 2.77 2.64 2.52 2.40 2.29 2.18 2.08 1.99 1.91 1.83 1.75 1.69 1.63 1.57 1.53 1.48 1.44 1.41 1.38 1.35 1.33 1.30 1.28 1.26 1.24 1.21 1.19 1.15 1.12 1.08 1.03 0.98 0.92 0.86 0.79 0.72 0.64 0.56 0.48 0.41 0.34 0.20 0.20 0.19 0.16 0.16 0.17 0.20 0.20 0.20 0.44 0.56 0.70 0.86 1.04 1.23 1.44 1.66 1.89 2.14 2.39 2.65 2.91 3.19 3.47 3.76 4.05 4.35 4.66 4.97 5.29 5.62 5.95 6.29 6.63 6.98 7.32 7.66 8.00 8.33 8.65 8.95 9.24 9.51 9.75 9.97 10.15 10.30 10.42 10.51 10.55 10.56 10.53 10.46 10.35 10.21 10.03 9.83 9.59 9.33 9.05 8.75 8.44 8.11 7.78 7.45 7.12 6.78 6.46 6.14 5.84 5.54 5.26 5.00 4.75 4.51 4.29 4.09 3.90 3.73 3.57 3.43 3.30 3.18 3.07 2.98 2.90 2.83 2.76 2.71 2.66 2.62 2.59 2.56 2.54 2.52 2.51 2.50 2.50 2.50 2.50 2.50 2.51 2.51 2.52 2.53 2.54 2.55 2.56 2.57 2.58 2.59 2.60 2.61 2.61 2.62 2.62 2.62 2.61 2.60 2.58 2.56 2.53 2.49 2.44 2.38 2.31 2.22 2.12 2.00 1.88 1.74 1.59 1.43 1.26 1.10 0.93 0.45 0.07 0.07 0.07 0.07 0.07 0.07 0.07 0.07 0.07 0.07 0.07 0.45 1.16 1.39 1.65 1.91 2.17 2.44 2.69 2.93 3.16 3.38 3.57 3.75 3.91 4.06 4.18 4.30 4.40 4.49 4.57 4.64 4.70 4.76 4.80 4.84 4.87 4.90 4.91 4.92 4.91 4.89 4.87 4.83 4.78 4.72 4.64 4.56 4.47 4.37 4.26 4.14 4.02 3.90 3.77 3.65 3.52 3.40 3.28 3.16 3.05 2.94 2.84 2.74 2.65 2.57 2.49 2.42 2.35
3.15 3.24 3.30 3.35 3.38 3.38 3.37 3.34 3.29 3.22 3.14 3.04 2.93 2.81 2.68 2.55 2.42 2.28 2.15 2.03 1.91 1.79 1.69 1.59 1.51 1.44 1.37 1.32 1.28 1.24 1.22 1.21 1.20 1.20 1.21 1.22 1.23 1.25 1.27 1.30 1.32 1.34 1.36 1.37 1.38 1.39 1.39 1.38 1.36 1.33 1.29 1.24 1.18 1.11 1.03 0.95 0.86 0.76 0.67 0.58 0.49 0.41 0.15 0.15 0.15 0.15 0.15 0.15 0.15 0.15 0.15 0.45 0.68 0.86 1.06 1.29 1.54 1.82 2.12 2.43 2.76 3.10 3.45 3.79 4.14 4.49 4.82 5.15 5.47 5.77 6.06 6.33 6.58 6.81 7.03 7.22 7.39 7.54 7.67 7.77 7.85 7.91 7.95 7.96 7.96 7.94 7.90 7.84 7.77 7.69 7.60 7.50 7.39 7.28 7.17 7.06 6.94 6.83 6.73 6.62 6.52 6.42 6.33 6.24 6.15 6.07 5.99 5.91 5.83 5.75 5.67 5.58 5.50 5.41 5.31 5.21 5.11 5.00 4.88 4.76 4.64 4.51 4.37 4.23 4.09 3.94 3.79 3.65 3.50 3.35 3.20 3.06 2.92 2.79 2.66 2.53 2.41 2.30 2.19 2.09 2.00 1.91 1.83 1.75 1.69 1.63 1.57 1.52 1.48 1.44 1.41 1.38 1.35 1.32 1.30 1.28 1.25 1.23 1.21 1.18 1.15 1.11 1.08 1.03 0.98 0.92 0.86 0.79 0.72 0.65 0.57 0.50 0.42 0.36 0.20 0.20 0.20 0.19 0.18 0.20 0.20 0.20 0.20 0.45 0.58 0.71 0.87 1.04 1.23 1.43 1.64 1.87 2.10 2.34 2.59 2.85 3.11 3.38 3.66 3.94 4.23 4.52 4.82 5.13 5.44 5.76 6.08 6.41 6.74 7.07 7.39 7.72 8.03 8.33 8.62 8.89 9.15 9.38 9.58 9.75 9.90 10.01 10.08 10.12 10.12 10.09 10.02 9.91 9.77 9.60 9.39 9.17 8.91 8.64 8.35 8.05 7.74 7.42 7.10 6.78 6.46 6.15 5.85 5.56 5.28 5.02 4.77 4.53 4.31 4.11 3.92 3.75 3.59 3.44 3.31 3.19 3.09 2.99 2.91 2.84 2.77 2.72 2.67 2.63 2.59 2.57 2.54 2.53 2.51 2.51 2.50 2.50 2.50 2.50 2.51 2.52 2.52 2.53 2.54 2.56 2.57 2.58 2.59 2.60 2.61 2.62 2.63 2.63 2.64 2.64 2.64 2.63 2.62 2.61 2.58 2.55 2.51 2.46 2.40 2.32 2.24 2.13 2.02 1.89 1.75 1.60 1.44 1.27 1.11 0.94 0.79 0.45 0.07 0.07 0.07 0.07 0.07 0.07 0.07 0.07 0.07 0.45 0.93 1.14 1.37 1.61 1.86 2.12 2.37 2.61 2.85 3.07 3.28 3.47 3.65 3.81 3.96 4.09 4.21 4.33 4.43 4.52 4.61 4.69 4.76 4.83 4.89 4.94 4.98 5.01 5.04 5.05 5.05 5.03 5.00 4.96 4.91 4.84 4.76 4.66 4.56 4.45 4.32 4.19 4.06 3.93 3.79 3.65 3.52 3.38 3.26 3.13 3.02 2.91 2.80 2.70 2.61 2.53 2.45 2.38
2.95 3.03 3.09 3.13 3.16 3.17 3.16 3.13 3.08 3.02 2.94 2.85 2.75 2.64 2.52 2.40 2.28 2.16 2.04 1.92 1.81 1.70 1.61 1.52 1.44 1.37 1.31 1.26 1.22 1.19 1.17 1.15 1.15 1.15 1.15 1.16 1.18 1.19 1.21 1.23 1.25 1.27 1.29 1.31 1.32 1.32 1.32 1.32 1.30 1.28 1.24 1.20 1.15 1.08 1.01 0.94 0.85 0.77 0.68 0.59 0.51 0.44 0.15 0.15 0.15 0.15 0.15 0.15 0.15 0.15 0.15 0.45 0.73 0.91 1.11 1.33 1.59 1.86 2.15 2.47 2.79 3.13 3.47 3.82 4.16 4.51 4.84 5.17 5.49 5.79 6.08 6.35 6.61 6.84 7.06 7.25 7.42 7.57 7.70 7.81 7.89 7.95 7.99 8.00 8.00 7.98 7.94 7.88 7.81 7.73 7.64 7.54 7.43 7.32 7.20 7.09 6.98 6.86 6.75 6.65 6.54 6.45 6.35 6.26 6.17 6.09 6.01 5.92 5.84 5.76 5.68 5.60 5.51 5.42 5.33 5.23 5.12 5.01 4.90 4.78 4.65 4.52 4.38 4.24 4.10 3.95 3.80 3.66 3.51 3.36 3.21 3.07 2.93 2.79 2.66 2.53 2.41 2.30 2.19 2.09 2.00 1.91 1.83 1.75 1.69 1.62 1.57 1.52 1.48 1.44 1.40 1.37 1.34 1.32 1.29 1.27 1.25 1.23 1.20 1.18 1.15 1.11 1.07 1.03 0.98 0.93 0.87 0.80 0.74 0.66 0.59 0.52 0.45 0.39 0.20 0.20 0.20 0.20 0.20 0.20 0.20 0.20 0.20 0.45 0.61 0.74 0.89 1.06 1.24 1.43 1.63 1.85 2.07 2.30 2.54 2.79 3.04 3.29 3.56 3.82 4.10 4.38 4.67 4.96 5.26 5.56 5.87 6.18 6.49 6.81 7.11 7.42 7.72 8.00 8.28 8.54 8.77 8.99 9.18 9.34 9.48 9.58 9.64 9.68 9.68 9.64 9.57 9.46 9.32 9.15 8.96 8.73 8.49 8.22 7.95 7.65 7.35 7.05 6.74 6.44 6.14 5.84 5.56 5.28 5.02 4.77 4.54 4.32 4.11 3.93 3.75 3.59 3.45 3.32 3.20 3.09 3.00 2.91 2.84 2.78 2.72 2.67 2.63 2.60 2.57 2.55 2.53 2.52 2.51 2.50 2.50 2.50 2.50 2.51 2.52 2.53 2.54 2.55 2.56 2.57 2.58 2.60 2.61 2.62 2.63 2.64 2.65 2.66 2.66 2.66 2.66 2.66 2.65 2.63 2.61 2.58 2.54 2.49 2.42 2.35 2.26 2.16 2.04 1.92 1.78 1.63 1.47 1.30 1.14 0.98 0.83 0.45 0.07 0.07 0.07 0.07 0.07 0.07 0.07 0.07 0.07 0.45 0.95 1.15 1.37 1.60 1.84 2.09 2.32 2.56 2.78 3.00 3.20 3.39 3.56 3.73 3.88 4.02 4.15 4.28 4.39 4.50 4.61 4.71 4.80 4.88 4.96 5.03 5.10 5.15 5.19 5.22 5.23 5.23 5.21 5.18 5.13 5.06 4.98 4.89 4.78 4.66 4.53 4.39 4.25 4.10 3.95 3.80 3.65 3.51 3.37 3.23 3.10 2.98 2.87 2.76 2.66 2.57 2.48 2.41
2.75 2.82 2.88 2.92 2.95 2.95 2.94 2.92 2.87 2.82 2.75 2.66 2.57 2.47 2.37 2.26 2.14 2.03 1.92 1.81 1.71 1.62 1.53 1.45 1.37 1.31 1.26 1.21 1.17 1.14 1.12 1.11 1.10 1.10 1.10 1.11 1.13 1.14 1.16 1.18 1.20 1.22 1.24 1.25 1.26 1.27 1.27 1.27 1.26 1.24 1.21 1.17 1.12 1.07 1.01 0.94 0.86 0.78 0.70 0.63 0.55 0.48 0.42 0.15 0.15 0.15 0.15 0.15 0.15 0.15 0.45 0.66 0.80 0.97 1.17 1.39 1.64 1.91 2.20 2.51 2.83 3.16 3.50 3.84 4.19 4.53 4.86 5.19 5.50 5.80 6.09 6.36 6.62 6.85 7.07 7.26 7.44 7.59 7.72 7.82 7.90 7.97 8.00 8.02 8.02 7.99 7.95 7.90 7.83 7.75 7.65 7.55 7.44 7.33 7.22 7.10 6.99 6.87 6.76 6.65 6.55 6.45 6.35 6.26 6.17 6.09 6.00 5.92 5.84 5.76 5.68 5.60 5.51 5.42 5.32 5.23 5.12 5.01 4.90 4.78 4.65 4.52 4.38 4.24 4.10 3.95 3.80 3.66 3.51 3.36 3.21 3.07 2.93 2.79 2.66 2.53 2.41 2.30 2.19 2.09 1.99 1.90 1.82 1.75 1.68 1.62 1.56 1.51 1.47 1.43 1.40 1.36 1.34 1.31 1.29 1.26 1.24 1.22 1.20 1.17 1.14 1.11 1.08 1.03 0.99 0.94 0.88 0.82 0.76 0.69 0.62 0.55 0.49 0.43 0.38 0.20 0.20 0.20 0.20 0.20 0.20 0.20 0.45 0.55 0.65 0.78 0.92 1.08 1.25 1.44 1.63 1.83 2.05 2.27 2.49 2.72 2.96 3.21 3.46 3.71 3.97 4.24 4.51 4.79 5.07 5.36 5.65 5.94 6.24 6.53 6.83 7.11 7.40 7.67 7.92 8.17 8.39 8.59 8.77 8.92 9.05 9.14 9.20 9.23 9.22 9.18 9.11 9.00 8.87 8.70 8.51 8.30 8.06 7.81 7.54 7.26 6.97 6.68 6.38 6.09 5.81 5.53 5.26 5.00 4.76 4.52 4.31 4.10 3.92 3.74 3.59 3.44 3.31 3.19 3.09 2.99 2.91 2.84 2.77 2.72 2.67 2.63 2.59 2.57 2.54 2.53 2.51 2.50 2.50 2.50 2.50 2.50 2.51 2.52 2.53 2.54 2.55 2.56 2.58 2.59 2.60 2.62 2.63 2.64 2.65 2.66 2.67 2.68 2.69 2.69 2.69 2.68 2.67 2.66 2.64 2.60 2.57 2.52 2.45 2.38 2.29 2.19 2.08 1.95 1.82 1.67 1.51 1.35 1.19 1.04 0.89 0.45 0.07 0.07 0.07 0.07 0.07 0.07 0.07 0.07 0.07 0.45 1.00 1.20 1.40 1.62 1.85 2.08 2.31 2.53 2.74 2.95 3.15 3.33 3.51 3.67 3.83 3.98 4.12 4.25 4.38 4.51 4.63 4.75 4.86 4.97 5.07 5.16 5.24 5.31 5.37 5.42 5.45 5.46 5.45 5.42 5.38 5.31 5.23 5.13 5.02 4.89 4.75 4.61 4.45 4.29 4.13 3.96 3.80 3.64 3.49 3.34 3.20 3.06 2.94 2.82 2.71 2.61 2.52 2.44
2.56 2.62 2.67 2.71 2.73 2.74 2.73 2.71 2.67 2.62 2.56 2.48 2.40 2.31 2.21 2.11 2.01 1.91 1.81 1.71 1.62 1.53 1.45 1.38 1.31 1.25 1.20 1.16 1.13 1.10 1.08 1.07 1.06 1.06 1.07 1.07 1.09 1.10 1.12 1.14 1.15 1.17 1.19 1.21 1.22 1.23 1.23 1.23 1.22 1.21 1.18 1.15 1.11 1.06 1.01 0.95 0.88 0.81 0.74 0.67 0.60 0.54 0.49 0.44 0.41 0.40 0.15 0.43 0.45 0.45 0.63 0.74 0.89 1.05 1.25 1.47 1.71 1.97 2.26 2.56 2.87 3.20 3.53 3.87 4.20 4.54 4.87 5.19 5.50 5.80 6.09 6.36 6.61 6.85 7.06 7.26 7.43 7.58 7.71 7.82 7.90 7.96 8.00 8.02 8.01 7.99 7.95 7.89 7.82 7.74 7.65 7.54 7.44 7.32 7.21 7.09 6.98 6.86 6.75 6.64 6.53 6.43 6.33 6.24 6.15 6.07 5.98 5.90 5.82 5.74 5.66 5.57 5.49 5.40 5.30 5.20 5.10 4.99 4.88 4.76 4.63 4.50 4.37 4.23 4.09 3.94 3.79 3.65 3.50 3.35 3.20 3.06 2.92 2.78 2.65 2.53 2.40 2.29 2.18 2.08 1.99 1.90 1.82 1.74 1.67 1.61 1.56 1.51 1.46 1.42 1.39 1.36 1.33 1.30 1.28 1.26 1.24 1.22 1.19 1.17 1.14 1.11 1.08 1.04 1.00 0.95 0.90 0.84 0.78 0.72 0.66 0.59 0.53 0.48 0.43 0.39 0.36 0.35 0.20 0.37 0.40 0.45 0.52 0.61 0.71 0.83 0.97 1.12 1.28 1.45 1.63 1.83 2.03 2.23 2.45 2.67 2.89 3.12 3.35 3.59 3.84 4.09 4.35 4.61 4.88 5.15 5.42 5.70 5.98 6.26 6.53 6.80 7.07 7.32 7.56 7.79 8.00 8.19 8.35 8.50 8.61 8.69 8.75 8.77 8.76 8.72 8.65 8.54 8.41 8.25 8.06 7.86 7.63 7.39 7.13 6.86 6.58 6.31 6.03 5.75 5.48 5.22 4.96 4.72 4.49 4.28 4.08 3.89 3.72 3.56 3.42 3.29 3.17 3.07 2.97 2.89 2.82 2.76 2.70 2.66 2.62 2.58 2.56 2.54 2.52 2.51 2.50 2.50 2.49 2.50 2.50 2.51 2.52 2.53 2.54 2.55 2.56 2.58 2.59 2.61 2.62 2.64 2.65 2.66 2.68 2.69 2.70 2.70 2.71 2.71 2.71 2.71 2.70 2.69 2.66 2.63 2.60 2.55 2.49 2.42 2.33 2.24 2.13 2.00 1.87 1.73 1.58 1.42 1.27 1.12 0.97 0.84 0.45 0.07 0.07 0.07 0.07 0.07 0.07 0.07 0.45 0.92 1.08 1.26 1.46 1.67 1.88 2.09 2.31 2.52 2.73 2.92 3.11 3.30 3.47 3.64 3.80 3.95 4.10 4.25 4.40 4.54 4.68 4.82 4.95 5.08 5.20 5.31 5.42 5.51 5.59 5.65 5.69 5.71 5.71 5.70 5.65 5.59 5.51 5.41 5.29 5.15 5.00 4.84 4.67 4.49 4.32 4.14 3.96 3.78 3.61 3.45 3.30 3.15 3.01 2.89 2.77 2.66 2.56 2.47
2.37 2.43 2.47 2.51 2.53 2.54 2.53 2.51 2.48 2.43 2.37 2.31 2.23 2.15 2.06 1.97 1.88 1.79 1.70 1.61 1.53 1.45 1.38 1.31 1.25 1.20 1.16 1.12 1.09 1.06 1.05 1.03 1.03 1.03 1.03 1.04 1.05 1.07 1.08 1.10 1.12 1.14 1.16 1.17 1.18 1.20 1.20 1.20 1.20 1.19 1.17 1.14 1.11 1.07 1.02 0.97 0.91 0.85 0.78 0.72 0.66 0.61 0.56 0.52 0.50 0.49 0.45 0.52 0.57 0.63 0.73 0.84 0.98 1.14 1.33 1.55 1.78 2.04 2.32 2.61 2.92 3.23 3.56 3.89 4.22 4.55 4.87 5.19 5.49 5.79 6.07 6.34 6.59 6.82 7.04 7.23 7.40 7.55 7.68 7.79 7.87 7.93 7.97 7.99 7.98 7.96 7.92 7.86 7.79 7.71 7.62 7.51 7.41 7.29 7.18 7.06 6.94 6.83 6.71 6.60 6.50 6.39 6.29 6.20 6.11 6.02 5.94 5.85 5.77 5.69 5.61 5.53 5.44 5.35 5.26 5.16 5.06 4.95 4.84 4.72 4.60 4.47 4.34 4.20 4.06 3.92 3.77 3.62 3.48 3.33 3.19 3.04 2.90 2.77 2.64 2.51 2.39 2.28 2.17 2.07 1.98 1.89 1.81 1.73 1.67 1.61 1.55 1.50 1.46 1.42 1.38 1.35 1.32 1.30 1.28 1.25 1.23 1.21 1.19 1.17 1.14 1.12 1.08 1.05 1.01 0.97 0.92 0.87 0.81 0.75 0.70 0.64 0.59 0.54 0.49 0.46 0.44 0.42 0.43 0.44 0.48 0.53 0.59 0.67 0.77 0.89 1.01 1.16 1.31 1.47 1.64 1.82 2.01 2.20 2.40 2.61 2.82 3.03 3.25 3.48 3.71 3.94 4.19 4.43 4.68 4.94 5.19 5.45 5.72 5.98 6.24 6.49 6.74 6.97 7.20 7.41 7.61 7.78 7.94 8.06 8.17 8.24 8.29 8.31 8.30 8.26 8.18 8.08 7.95 7.80 7.62 7.42 7.20 6.97 6.72 6.46 6.20 5.93 5.67 5.41 5.15 4.90 4.67 4.44 4.23 4.03 3.84 3.67 3.52 3.38 3.25 3.13 3.03 2.94 2.86 2.79 2.73 2.68 2.64 2.60 2.57 2.54 2.52 2.51 2.50 2.49 2.49 2.49 2.49 2.49 2.50 2.51 2.52 2.53 2.55 2.56 2.58 2.59 2.61 2.62 2.64 2.66 2.67 2.68 2.70 2.71 2.72 2.73 2.74 2.74 2.74 2.74 2.73 2.71 2.69 2.67 2.63 2.58 2.53 2.46 2.38 2.28 2.18 2.06 1.93 1.80 1.65 1.51 1.36 1.22 1.08 0.96 0.85 0.45 0.45 0.45 0.07 0.45 0.45 0.45 0.90 1.03 1.18 1.35 1.53 1.73 1.93 2.13 2.33 2.53 2.73 2.92 3.10 3.28 3.45 3.62 3.79 3.95 4.11 4.27 4.43 4.59 4.75 4.91 5.06 5.21 5.36 5.49 5.62 5.73 5.82 5.90 5.96 5.99 6.01 5.99 5.96 5.89 5.81 5.70 5.57 5.43 5.27 5.09 4.91 4.72 4.52 4.32 4.13 3.94 3.75 3.57 3.40 3.24 3.09 2.95 2.83 2.71 2.60 2.50
2.18 2.24 2.28 2.31 2.33 2.34 2.34 2.32 2.29 2.25 2.20 2.14 2.07 2.00 1.92 1.84 1.76 1.68 1.60 1.52 1.45 1.38 1.31 1.25 1.20 1.15 1.11 1.08 1.05 1.03 1.01 1.01 1.00 1.00 1.01 1.01 1.02 1.04 1.05 1.07 1.09 1.11 1.13 1.14 1.16 1.17 1.18 1.18 1.18 1.17 1.16 1.14 1.11 1.08 1.04 0.99 0.94 0.89 0.84 0.78 0.73 0.68 0.64 0.61 0.59 0.59 0.60 0.63 0.67 0.74 0.83 0.95 1.08 1.24 1.43 1.64 1.86 2.11 2.38 2.66 2.96 3.27 3.58 3.90 4.22 4.54 4.86 5.17 5.47 5.76 6.04 6.30 6.55 6.78 6.99 7.18 7.35 7.50 7.63 7.73 7.82 7.88 7.92 7.93 7.93 7.91 7.87 7.81 7.74 7.66 7.56 7.46 7.35 7.24 7.12 7.00 6.88 6.77 6.65 6.54 6.43 6.33 6.23 6.13 6.04 5.95 5.87 5.79 5.70 5.62 5.54 5.46 5.37 5.29 5.20 5.10 5.00 4.90 4.79 4.67 4.55 4.43 4.30 4.16 4.02 3.88 3.74 3.59 3.45 3.30 3.16 3.02 2.88 2.75 2.62 2.49 2.38 2.26 2.16 2.06 1.96 1.88 1.80 1.72 1.66 1.60 1.54 1.49 1.45 1.41 1.37 1.34 1.32 1.29 1.27 1.25 1.23 1.21 1.19 1.17 1.15 1.12 1.09 1.06 1.02 0.98 0.94 0.89 0.84 0.79 0.74 0.69 0.64 0.60 0.56 0.53 0.51 0.50 0.51 0.53 0.56 0.61 0.67 0.75 0.84 0.95 1.07 1.20 1.34 1.49 1.65 1.82 1.99 2.17 2.36 2.55 2.75 2.95 3.15 3.36 3.58 3.80 4.02 4.25 4.49 4.72 4.97 5.21 5.45 5.70 5.94 6.17 6.40 6.63 6.84 7.03 7.21 7.37 7.52 7.63 7.73 7.80 7.84 7.85 7.84 7.79 7.72 7.62 7.50 7.35 7.18 6.98 6.77 6.55 6.31 6.07 5.82 5.56 5.31 5.07 4.82 4.59 4.37 4.16 3.96 3.78 3.61 3.46 3.32 3.19 3.08 2.98 2.89 2.82 2.75 2.69 2.64 2.60 2.57 2.54 2.52 2.50 2.49 2.48 2.48 2.47 2.48 2.48 2.49 2.49 2.50 2.52 2.53 2.54 2.56 2.58 2.59 2.61 2.63 2.64 2.66 2.68 2.69 2.71 2.72 2.73 2.74 2.75 2.76 2.77 2.77 2.76 2.76 2.75 2.73 2.70 2.67 2.62 2.57 2.50 2.43 2.34 2.24 2.13 2.01 1.88 1.74 1.60 1.47 1.33 1.20 1.09 0.99 0.90 0.84 0.81 0.45 0.82 0.86 0.94 1.04 1.16 1.30 1.46 1.63 1.81 1.99 2.18 2.37 2.56 2.75 2.93 3.11 3.28 3.46 3.63 3.80 3.97 4.14 4.32 4.49 4.67 4.85 5.02 5.20 5.37 5.54 5.70 5.84 5.97 6.09 6.18 6.25 6.30 6.32 6.31 6.28 6.22 6.13 6.02 5.88 5.72 5.55 5.36 5.16 4.95 4.73 4.52 4.31 4.10 3.89 3.70 3.51 3.34 3.18 3.02 2.89 2.76 2.64 2.54
2.01 2.06 2.10 2.13 2.15 2.16 2.15 2.14 2.11 2.08 2.03 1.98 1.92 1.86 1.79 1.72 1.65 1.58 1.50 1.44 1.37 1.31 1.25 1.20 1.15 1.11 1.07 1.04 1.02 1.00 0.99 0.98 0.98 0.98 0.98 0.99 1.00 1.02 1.03 1.05 1.07 1.09 1.11 1.12 1.14 1.15 1.16 1.17 1.17 1.17 1.16 1.15 1.12 1.10 1.06 1.03 0.98 0.94 0.89 0.85 0.80 0.76 0.73 0.71 0.69 0.69 0.71 0.74 0.79 0.86 0.95 1.06 1.19 1.35 1.53 1.73 1.95 2.19 2.44 2.72 3.00 3.30 3.60 3.91 4.22 4.53 4.84 5.14 5.43 5.72 5.99 6.25 6.49 6.71 6.92 7.11 7.28 7.43 7.55 7.66 7.74 7.80 7.84 7.85 7.85 7.83 7.79 7.73 7.66 7.58 7.48 7.38 7.27 7.16 7.04 6.92 6.80 6.69 6.57 6.46 6.35 6.24 6.14 6.05 5.95 5.86 5.78 5.69 5.61 5.53 5.45 5.37 5.29 5.20 5.11 5.02 4.92 4.82 4.72 4.60 4.49 4.37 4.24 4.11 3.97 3.83 3.69 3.55 3.41 3.27 3.13 2.99 2.85 2.72 2.59 2.47 2.35 2.24 2.14 2.04 1.95 1.86 1.78 1.71 1.64 1.58 1.53 1.48 1.44 1.40 1.37 1.34 1.31 1.29 1.26 1.24 1.23 1.21 1.19 1.17 1.15 1.12 1.10 1.07 1.04 1.00 0.96 0.92 0.88 0.83 0.79 0.74 0.70 0.66 0.63 0.61 0.59 0.59 0.59 0.61 0.64 0.69 0.75 0.82 0.91 1.01 1.12 1.24 1.37 1.52 1.66 1.82 1.98 2.15 2.32 2.49 2.68 2.86 3.05 3.25 3.45 3.65 3.86 4.07 4.29 4.51 4.74 4.96 5.19 5.42 5.64 5.86 6.07 6.28 6.47 6.65 6.82 6.97 7.10 7.21 7.29 7.36 7.39 7.40 7.38 7.34 7.27 7.17 7.05 6.91 6.74 6.56 6.35 6.14 5.91 5.68 5.44 5.20 4.96 4.73 4.50 4.28 4.07 3.88 3.70 3.53 3.38 3.24 3.12 3.01 2.91 2.82 2.75 2.69 2.63 2.59 2.55 2.52 2.50 2.48 2.47 2.46 2.45 2.45 2.45 2.46 2.46 2.47 2.48 2.49 2.51 2.52 2.54 2.55 2.57 2.59 2.61 2.63 2.64 2.66 2.68 2.70 2.71 2.73 2.74 2.76 2.77 2.78 2.79 2.79 2.80 2.79 2.79 2.78 2.76 2.74 2.71 2.66 2.61 2.55 2.48 2.40 2.31 2.20 2.09 1.97 1.84 1.71 1.58 1.46 1.34 1.23 1.14 1.06 1.01 0.97 0.97 0.98 1.03 1.10 1.19 1.30 1.43 1.57 1.73 1.90 2.07 2.25 2.42 2.60 2.78 2.95 3.13 3.30 3.47 3.65 3.83 4.01 4.19 4.38 4.57 4.76 4.96 5.16 5.35 5.55 5.74 5.92 6.08 6.23 6.37 6.48 6.56 6.62 6.65 6.65 6.62 6.55 6.46 6.34 6.20 6.03 5.84 5.63 5.42 5.19 4.96 4.72 4.49 4.26 4.04 3.83 3.63 3.44 3.26 3.10 2.95 2.81 2.69 2.57
1.85 1.90 1.93 1.96 1.98 1.98 1.98 1.97 1.95 1.92 1.88 1.83 1.78 1.73 1.67 1.61 1.54 1.48 1.42 1.36 1.30 1.24 1.19 1.15 1.11 1.07 1.04 1.01 0.99 0.98 0.97 0.96 0.96 0.96 0.97 0.98 0.99 1.00 1.02 1.04 1.05 1.07 1.09 1.11 1.13 1.14 1.15 1.16 1.17 1.17 1.17 1.16 1.14 1.12 1.09 1.06 1.03 0.99 0.95 0.91 0.88 0.85 0.82 0.80 0.79 0.80 0.82 0.85 0.90 0.97 1.06 1.17 1.30 1.45 1.62 1.81 2.03 2.26 2.50 2.76 3.04 3.32 3.61 3.91 4.21 4.51 4.80 5.10 5.38 5.66 5.92 6.17 6.41 6.63 6.83 7.02 7.19 7.33 7.45 7.56 7.64 7.69 7.73 7.75 7.74 7.72 7.68 7.62 7.55 7.47 7.38 7.28 7.17 7.05 6.94 6.82 6.70 6.58 6.46 6.35 6.24 6.13 6.03 5.93 5.84 5.75 5.66 5.58 5.50 5.42 5.34 5.26 5.17 5.09 5.01 4.92 4.82 4.73 4.63 4.52 4.41 4.29 4.17 4.04 3.91 3.77 3.64 3.50 3.36 3.22 3.09 2.95 2.82 2.69 2.56 2.44 2.33 2.22 2.11 2.02 1.93 1.84 1.77 1.69 1.63 1.57 1.52 1.47 1.43 1.39 1.36 1.33 1.30 1.28 1.26 1.24 1.22 1.20 1.19 1.17 1.15 1.13 1.11 1.08 1.05 1.02 0.99 0.95 0.91 0.87 0.84 0.80 0.76 0.73 0.70 0.68 0.67 0.67 0.68 0.70 0.73 0.77 0.83 0.90 0.98 1.07 1.17 1.29 1.41 1.54 1.67 1.82 1.96 2.12 2.28 2.44 2.60 2.78 2.95 3.13 3.32 3.51 3.70 3.90 4.10 4.30 4.51 4.72 4.93 5.14 5.35 5.55 5.75 5.94 6.12 6.28 6.44 6.57 6.69 6.79 6.87 6.92 6.95 6.96 6.94 6.89 6.82 6.73 6.61 6.47 6.32 6.14 5.94 5.74 5.52 5.30 5.07 4.84 4.61 4.39 4.18 3.97 3.78 3.60 3.43 3.28 3.14 3.02 2.91 2.82 2.74 2.67 2.61 2.56 2.52 2.49 2.46 2.44 2.43 2.42 2.42 2.42 2.42 2.43 2.43 2.44 2.45 2.47 2.48 2.50 2.51 2.53 2.55 2.57 2.58 2.60 2.62 2.64 2.66 2.68 2.70 2.72 2.74 2.75 2.77 2.78 2.79 2.81 2.81 2.82 2.82 2.82 2.82 2.81 2.80 2.77 2.75 2.71 2.66 2.61 2.54 2.47 2.38 2.28 2.18 2.07 1.95 1.83 1.71 1.60 1.49 1.39 1.30 1.23 1.18 1.15 1.15 1.16 1.20 1.26 1.35 1.45 1.57 1.70 1.85 2.00 2.16 2.32 2.49 2.66 2.82 2.99 3.16 3.33 3.51 3.69 3.87 4.06 4.25 4.45 4.66 4.87 5.09 5.31 5.52 5.74 5.95 6.15 6.34 6.51 6.66 6.78 6.88 6.95 6.99 6.99 6.96 6.90 6.80 6.68 6.52 6.34 6.14 5.92 5.68 5.44 5.18 4.93 4.68 4.43 4.19 3.96 3.74 3.54 3.35 3.17 3.01 2.86 2.73 2.61
1.70 1.74 1.78 1.80 1.82 1.83 1.82 1.81 1.80 1.77 1.74 1.70 1.65 1.61 1.55 1.50 1.45 1.39 1.34 1.28 1.23 1.19 1.14 1.10 1.07 1.04 1.01 0.99 0.97 0.96 0.95 0.95 0.94 0.95 0.95 0.96 0.98 0.99 1.01 1.02 1.04 1.06 1.08 1.10 1.12 1.14 1.15 1.16 1.17 1.17 1.17 1.17 1.16 1.14 1.12 1.10 1.07 1.04 1.01 0.98 0.95 0.93 0.91 0.90 0.90 0.91 0.93 0.96 1.02 1.09 1.17 1.28 1.40 1.55 1.71 1.90 2.10 2.32 2.55 2.80 3.06 3.33 3.61 3.90 4.18 4.47 4.76 5.04 5.31 5.58 5.84 6.08 6.31 6.53 6.73 6.91 7.07 7.21 7.33 7.43 7.51 7.57 7.60 7.62 7.61 7.59 7.55 7.50 7.43 7.34 7.25 7.15 7.04 6.93 6.81 6.69 6.57 6.45 6.33 6.22 6.11 6.00 5.89 5.79 5.70 5.61 5.52 5.44 5.35 5.27 5.20 5.12 5.04 4.96 4.88 4.79 4.71 4.61 4.52 4.42 4.31 4.20 4.08 3.96 3.83 3.70 3.57 3.44 3.30 3.17 3.04 2.90 2.77 2.65 2.53 2.41 2.30 2.19 2.09 1.99 1.90 1.82 1.75 1.68 1.61 1.56 1.50 1.46 1.42 1.38 1.35 1.32 1.29 1.27 1.25 1.23 1.22 1.20 1.19 1.17 1.15 1.14 1.12 1.09 1.07 1.04 1.01 0.98 0.95 0.92 0.88 0.85 0.82 0.79 0.77 0.76 0.75 0.75 0.76 0.78 0.81 0.85 0.91 0.97 1.04 1.13 1.22 1.33 1.44 1.56 1.68 1.81 1.95 2.09 2.23 2.38 2.53 2.69 2.85 3.02 3.19 3.36 3.54 3.72 3.91 4.10 4.29 4.48 4.68 4.87 5.06 5.25 5.43 5.60 5.77 5.92 6.06 6.18 6.29 6.38 6.45 6.50 6.52 6.53 6.51 6.46 6.39 6.30 6.19 6.05 5.90 5.73 5.54 5.35 5.14 4.92 4.71 4.49 4.27 4.06 3.86 3.67 3.49 3.32 3.17 3.03 2.91 2.80 2.71 2.63 2.56 2.51 2.46 2.43 2.40 2.38 2.37 2.36 2.36 2.36 2.37 2.38 2.39 2.40 2.41 2.43 2.44 2.46 2.48 2.50 2.52 2.54 2.56 2.58 2.60 2.62 2.64 2.66 2.68 2.70 2.72 2.74 2.76 2.78 2.79 2.81 2.82 2.83 2.84 2.85 2.85 2.85 2.85 2.84 2.83 2.81 2.79 2.75 2.71 2.66 2.60 2.53 2.45 2.37 2.27 2.17 2.06 1.96 1.85 1.74 1.64 1.55 1.47 1.41 1.36 1.34 1.33 1.35 1.38 1.44 1.52 1.61 1.72 1.84 1.97 2.11 2.26 2.41 2.56 2.72 2.88 3.04 3.21 3.38 3.55 3.73 3.92 4.12 4.33 4.54 4.76 4.99 5.23 5.46 5.70 5.94 6.17 6.39 6.60 6.79 6.96 7.10 7.21 7.29 7.34 7.34 7.32 7.25 7.15 7.02 6.85 6.66 6.44 6.20 5.95 5.68 5.41 5.14 4.87 4.60 4.34 4.09 3.86 3.64 3.43 3.24 3.07 2.91 2.77 2.64
1.57 1.61 1.64 1.66 1.67 1.68 1.68 1.67 1.66 1.64 1.61 1.58 1.54 1.50 1.45 1.41 1.36 1.31 1.26 1.22 1.18 1.14 1.10 1.06 1.03 1.01 0.98 0.97 0.95 0.94 0.94 0.93 0.93 0.94 0.95 0.95 0.97 0.98 1.00 1.02 1.04 1.06 1.08 1.10 1.11 1.13 1.15 1.16 1.17 1.18 1.18 1.18 1.18 1.17 1.16 1.14 1.12 1.10 1.07 1.05 1.03 1.01 1.00 0.99 1.00 1.01 1.03 1.07 1.13 1.19 1.28 1.38 1.50 1.64 1.80 1.97 2.16 2.37 2.59 2.83 3.08 3.34 3.60 3.87 4.14 4.42 4.69 4.96 5.23 5.48 5.73 5.97 6.19 6.40 6.60 6.77 6.93 7.07 7.19 7.28 7.36 7.42 7.45 7.47 7.46 7.44 7.40 7.34 7.27 7.19 7.10 7.00 6.89 6.78 6.66 6.54 6.42 6.30 6.18 6.06 5.95 5.84 5.73 5.63 5.54 5.44 5.35 5.27 5.19 5.11 5.03 4.95 4.88 4.80 4.73 4.65 4.56 4.48 4.39 4.29 4.19 4.09 3.98 3.86 3.74 3.62 3.50 3.37 3.24 3.11 2.98 2.85 2.73 2.60 2.48 2.37 2.26 2.16 2.06 1.97 1.88 1.80 1.72 1.66 1.60 1.54 1.49 1.44 1.40 1.37 1.34 1.31 1.28 1.26 1.24 1.23 1.21 1.20 1.18 1.17 1.16 1.14 1.12 1.10 1.08 1.06 1.04 1.01 0.98 0.96 0.93 0.90 0.88 0.86 0.84 0.83 0.82 0.82 0.84 0.86 0.89 0.93 0.98 1.04 1.11 1.18 1.27 1.36 1.47 1.57 1.69 1.81 1.93 2.06 2.19 2.32 2.46 2.61 2.75 2.91 3.06 3.22 3.39 3.55 3.72 3.90 4.07 4.25 4.43 4.61 4.78 4.95 5.12 5.28 5.43 5.57 5.69 5.81 5.90 5.98 6.05 6.09 6.11 6.11 6.09 6.04 5.97 5.89 5.78 5.65 5.50 5.34 5.16 4.97 4.77 4.56 4.35 4.15 3.94 3.74 3.55 3.37 3.20 3.05 2.91 2.78 2.67 2.58 2.50 2.44 2.38 2.34 2.31 2.29 2.28 2.27 2.27 2.28 2.29 2.30 2.32 2.33 2.35 2.37 2.39 2.41 2.43 2.45 2.48 2.50 2.52 2.54 2.57 2.59 2.61 2.63 2.66 2.68 2.70 2.72 2.74 2.76 2.78 2.80 2.82 2.83 2.85 2.86 2.87 2.88 2.88 2.89 2.88 2.88 2.87 2.85 2.83 2.80 2.76 2.72 2.67 2.60 2.53 2.45 2.37 2.28 2.18 2.08 1.99 1.89 1.80 1.72 1.65 1.59 1.55 1.53 1.52 1.54 1.57 1.62 1.69 1.77 1.87 1.98 2.10 2.23 2.36 2.50 2.64 2.79 2.94 3.10 3.26 3.43 3.61 3.79 3.99 4.19 4.41 4.64 4.87 5.12 5.37 5.63 5.89 6.15 6.40 6.64 6.87 7.07 7.26 7.42 7.54 7.63 7.68 7.69 7.67 7.60 7.49 7.35 7.18 6.97 6.74 6.48 6.21 5.93 5.64 5.34 5.05 4.77 4.49 4.22 3.97 3.74 3.52 3.32 3.13 2.96 2.81 2.68
1.45 1.48 1.51 1.53 1.54 1.55 1.55 1.55 1.53 1.52 1.49 1.46 1.43 1.40 1.36 1.32 1.28 1.24 1.20 1.16 1.13 1.09 1.06 1.03 1.00 0.98 0.96 0.95 0.94 0.93 0.93 0.92 0.93 0.93 0.94 0.95 0.96 0.98 0.99 1.01 1.03 1.05 1.07 1.09 1.11 1.13 1.15 1.17 1.18 1.19 1.20 1.20 1.20 1.20 1.19 1.18 1.16 1.15 1.13 1.11 1.10 1.09 1.08 1.08 1.09 1.11 1.13 1.17 1.23 1.30 1.38 1.48 1.59 1.72 1.87 2.04 2.22 2.42 2.63 2.85 3.08 3.33 3.58 3.83 4.09 4.35 4.62 4.87 5.13 5.37 5.61 5.84 6.06 6.26 6.45 6.62 6.77 6.90 7.02 7.11 7.19 7.24 7.28 7.29 7.28 7.26 7.22 7.17 7.10 7.02 6.93 6.83 6.72 6.60 6.49 6.37 6.25 6.12 6.00 5.89 5.77 5.66 5.55 5.45 5.35 5.25 5.16 5.08 4.99 4.92 4.84 4.77 4.70 4.62 4.55 4.48 4.40 4.33 4.24 4.16 4.06 3.97 3.86 3.76 3.65 3.53 3.41 3.29 3.16 3.04 2.92 2.79 2.67 2.55 2.44 2.33 2.22 2.12 2.02 1.94 1.85 1.77 1.70 1.64 1.58 1.52 1.47 1.43 1.39 1.36 1.33 1.30 1.28 1.26 1.24 1.22 1.21 1.20 1.18 1.17 1.16 1.14 1.13 1.12 1.10 1.08 1.06 1.04 1.02 0.99 0.97 0.95 0.93 0.91 0.90 0.89 0.89 0.90 0.91 0.93 0.96 1.00 1.04 1.10 1.16 1.23 1.31 1.40 1.49 1.59 1.69 1.80 1.91 2.02 2.14 2.27 2.39 2.52 2.66 2.80 2.94 3.09 3.23 3.39 3.54 3.70 3.86 4.03 4.19 4.35 4.51 4.67 4.82 4.96 5.10 5.22 5.34 5.44 5.53 5.60 5.66 5.69 5.71 5.71 5.68 5.64 5.57 5.49 5.38 5.26 5.12 4.96 4.79 4.60 4.41 4.21 4.01 3.82 3.62 3.43 3.25 3.08 2.92 2.78 2.65 2.54 2.44 2.36 2.30 2.24 2.21 2.18 2.16 2.16 2.16 2.16 2.18 2.19 2.21 2.24 2.26 2.29 2.31 2.34 2.37 2.40 2.42 2.45 2.47 2.50 2.53 2.55 2.58 2.60 2.62 2.65 2.67 2.70 2.72 2.74 2.76 2.78 2.80 2.82 2.84 2.86 2.87 2.89 2.90 2.91 2.91 2.92 2.92 2.91 2.91 2.89 2.87 2.85 2.82 2.78 2.73 2.67 2.61 2.54 2.46 2.38 2.30 2.21 2.12 2.04 1.96 1.89 1.82 1.77 1.74 1.72 1.71 1.72 1.75 1.80 1.86 1.93 2.02 2.12 2.23 2.34 2.47 2.60 2.73 2.87 3.01 3.17 3.32 3.49 3.67 3.86 4.06 4.27 4.50 4.74 4.99 5.25 5.52 5.80 6.08 6.35 6.62 6.88 7.13 7.36 7.56 7.73 7.86 7.96 8.02 8.03 8.01 7.94 7.83 7.68 7.49 7.27 7.03 6.75 6.47 6.16 5.85 5.54 5.23 4.93 4.63 4.35 4.08 3.83 3.60 3.39 3.19 3.01 2.85 2.71
1.34 1.37 1.39 1.41 1.43 1.43 1.44 1.43 1.42 1.41 1.39 1.37 1.34 1.31 1.28 1.25 1.21 1.18 1.15 1.11 1.08 1.05 1.03 1.00 0.98 0.96 0.95 0.93 0.93 0.92 0.92 0.92 0.92 0.93 0.94 0.95 0.96 0.98 0.99 1.01 1.03 1.05 1.07 1.09 1.11 1.13 1.15 1.17 1.19 1.20 1.21 1.22 1.22 1.22 1.22 1.21 1.21 1.20 1.19 1.18 1.17 1.16 1.16 1.17 1.18 1.20 1.23 1.27 1.32 1.39 1.47 1.56 1.67 1.80 1.94 2.09 2.26 2.45 2.64 2.85 3.07 3.30 3.54 3.78 4.03 4.28 4.52 4.77 5.01 5.25 5.48 5.70 5.90 6.10 6.28 6.44 6.59 6.72 6.83 6.92 7.00 7.05 7.08 7.09 7.09 7.06 7.03 6.97 6.90 6.82 6.73 6.63 6.53 6.41 6.29 6.17 6.05 5.93 5.81 5.69 5.57 5.45 5.34 5.24 5.13 5.04 4.95 4.86 4.78 4.70 4.63 4.56 4.49 4.42 4.36 4.29 4.22 4.15 4.08 4.00 3.92 3.83 3.74 3.64 3.53 3.43 3.31 3.20 3.08 2.96 2.85 2.73 2.61 2.50 2.39 2.28 2.18 2.08 1.99 1.90 1.82 1.75 1.68 1.61 1.56 1.50 1.46 1.41 1.38 1.34 1.31 1.29 1.27 1.25 1.23 1.22 1.20 1.19 1.18 1.17 1.16 1.15 1.14 1.12 1.11 1.10 1.08 1.06 1.05 1.03 1.01 0.99 0.98 0.97 0.96 0.95 0.95 0.96 0.98 1.00 1.02 1.06 1.10 1.15 1.21 1.28 1.35 1.42 1.51 1.59 1.69 1.78 1.88 1.99 2.10 2.21 2.32 2.44 2.56 2.69 2.82 2.95 3.09 3.23 3.37 3.52 3.66 3.81 3.96 4.11 4.25 4.39 4.53 4.66 4.78 4.90 5.00 5.09 5.17 5.24 5.29 5.32 5.33 5.32 5.30 5.26 5.19 5.11 5.01 4.89 4.75 4.60 4.43 4.26 4.07 3.88 3.69 3.50 3.31 3.13 2.96 2.79 2.65 2.51 2.40 2.30 2.21 2.14 2.09 2.05 2.03 2.01 2.01 2.02 2.03 2.05 2.08 2.11 2.14 2.17 2.21 2.24 2.28 2.31 2.35 2.38 2.41 2.44 2.47 2.50 2.53 2.56 2.59 2.61 2.64 2.66 2.69 2.71 2.74 2.76 2.78 2.81 2.83 2.85 2.87 2.88 2.90 2.91 2.93 2.94 2.94 2.95 2.95 2.95 2.94 2.93 2.92 2.89 2.87 2.83 2.79 2.74 2.69 2.63 2.56 2.49 2.41 2.34 2.26 2.19 2.12 2.05 2.00 1.95 1.92 1.90 1.90 1.91 1.93 1.97 2.03 2.10 2.17 2.26 2.36 2.46 2.58 2.69 2.82 2.95 3.09 3.24 3.39 3.56 3.74 3.93 4.14 4.36 4.59 4.84 5.11 5.38 5.67 5.96 6.26 6.55 6.84 7.12 7.38 7.63 7.84 8.02 8.17 8.28 8.34 8.36 8.33 8.26 8.15 7.99 7.79 7.56 7.30 7.01 6.71 6.39 6.06 5.73 5.40 5.08 4.77 4.47 4.19 3.92 3.68 3.45 3.25 3.06 2.89 2.74
1.25 1.27 1.29 1.31 1.32 1.33 1.34 1.33 1.33 1.32 1.30 1.28 1.26 1.24 1.21 1.18 1.15 1.13 1.10 1.07 1.04 1.02 1.00 0.98 0.96 0.95 0.93 0.92 0.92 0.91 0.91 0.91 0.92 0.93 0.94 0.95 0.96 0.98 0.99 1.01 1.03 1.05 1.07 1.10 1.12 1.14 1.16 1.18 1.20 1.21 1.22 1.23 1.24 1.25 1.25 1.25 1.25 1.24 1.24 1.23 1.23 1.23 1.23 1.24 1.25 1.28 1.31 1.35 1.40 1.47 1.54 1.63 1.74 1.85 1.99 2.13 2.29 2.46 2.65 2.84 3.05 3.26 3.49 3.72 3.95 4.18 4.42 4.65 4.88 5.11 5.33 5.54 5.73 5.92 6.09 6.25 6.40 6.52 6.63 6.71 6.78 6.83 6.86 6.88 6.87 6.85 6.81 6.76 6.69 6.61 6.52 6.42 6.31 6.20 6.08 5.96 5.84 5.71 5.59 5.47 5.35 5.23 5.11 5.00 4.90 4.80 4.71 4.62 4.54 4.46 4.39 4.32 4.26 4.20 4.14 4.08 4.02 3.96 3.90 3.83 3.76 3.68 3.60 3.51 3.41 3.31 3.21 3.10 2.99 2.88 2.77 2.66 2.55 2.44 2.33 2.23 2.13 2.04 1.95 1.87 1.79 1.72 1.65 1.59 1.53 1.48 1.44 1.40 1.36 1.33 1.30 1.28 1.26 1.24 1.22 1.21 1.20 1.19 1.18 1.17 1.16 1.15 1.14 1.13 1.12 1.11 1.10 1.09 1.07 1.06 1.05 1.03 1.02 1.01 1.01 1.01 1.01 1.02 1.03 1.05 1.08 1.11 1.15 1.20 1.25 1.31 1.38 1.45 1.52 1.60 1.68 1.77 1.86 1.95 2.05 2.15 2.25 2.36 2.47 2.59 2.70 2.82 2.95 3.08 3.20 3.34 3.47 3.60 3.74 3.87 4.00 4.13 4.25 4.37 4.48 4.59 4.68 4.76 4.83 4.89 4.93 4.96 4.97 4.96 4.94 4.89 4.83 4.75 4.65 4.53 4.40 4.26 4.10 3.93 3.75 3.57 3.38 3.20 3.01 2.84 2.67 2.52 2.38 2.26 2.15 2.06 1.98 1.93 1.89 1.86 1.85 1.85 1.86 1.88 1.90 1.94 1.98 2.02 2.06 2.11 2.15 2.20 2.24 2.28 2.32 2.36 2.40 2.44 2.47 2.50 2.54 2.57 2.60 2.63 2.65 2.68 2.71 2.73 2.76 2.78 2.81 2.83 2.85 2.87 2.89 2.91 2.93 2.94 2.95 2.97 2.97 2.98 2.98 2.98 2.98 2.97 2.96 2.94 2.92 2.89 2.85 2.81 2.77 2.71 2.65 2.59 2.53 2.46 2.39 2.33 2.27 2.21 2.16 2.13 2.10 2.08 2.08 2.09 2.11 2.14 2.19 2.25 2.32 2.40 2.49 2.58 2.68 2.79 2.91 3.03 3.17 3.31 3.46 3.63 3.81 4.00 4.21 4.44 4.69 4.95 5.22 5.51 5.81 6.12 6.43 6.74 7.05 7.35 7.62 7.88 8.11 8.30 8.46 8.57 8.64 8.66 8.63 8.56 8.44 8.27 8.07 7.83 7.55 7.25 6.93 6.60 6.25 5.90 5.56 5.22 4.89 4.58 4.28 4.01 3.75 3.51 3.30 3.10 2.93 2.77
1.16 1.19 1.21 1.22 1.24 1.24 1.25 1.25 1.24 1.23 1.22 1.21 1.19 1.17 1.15 1.13 1.10 1.08 1.06 1.04 1.01 0.99 0.98 0.96 0.95 0.93 0.92 0.92 0.91 0.91 0.91 0.91 0.92 0.93 0.94 0.95 0.96 0.98 0.99 1.01 1.03 1.05 1.08 1.10 1.12 1.14 1.16 1.18 1.20 1.22 1.24 1.25 1.26 1.27 1.27 1.28 1.28 1.28 1.28 1.28 1.28 1.29 1.29 1.31 1.32 1.35 1.38 1.42 1.47 1.53 1.61 1.69 1.79 1.90 2.02 2.16 2.30 2.47 2.64 2.82 3.01 3.21 3.42 3.64 3.86 4.08 4.30 4.52 4.74 4.95 5.16 5.36 5.55 5.73 5.90 6.05 6.18 6.30 6.40 6.49 6.56 6.60 6.63 6.64 6.64 6.62 6.58 6.52 6.46 6.38 6.29 6.19 6.09 5.97 5.85 5.73 5.61 5.48 5.35 5.23 5.10 4.98 4.86 4.75 4.64 4.54 4.45 4.36 4.27 4.20 4.13 4.07 4.01 3.95 3.90 3.85 3.80 3.75 3.70 3.64 3.58 3.52 3.44 3.37 3.28 3.19 3.10 3.00 2.90 2.79 2.69 2.58 2.48 2.38 2.28 2.18 2.08 2.00 1.91 1.83 1.76 1.69 1.62 1.56 1.51 1.46 1.42 1.38 1.35 1.32 1.29 1.27 1.25 1.23 1.22 1.20 1.19 1.19 1.18 1.17 1.16 1.16 1.15 1.14 1.13 1.12 1.12 1.11 1.10 1.09 1.08 1.07 1.06 1.06 1.05 1.06 1.06 1.07 1.09 1.11 1.13 1.16 1.20 1.24 1.29 1.34 1.40 1.46 1.53 1.60 1.67 1.75 1.83 1.92 2.00 2.09 2.19 2.28 2.38 2.49 2.59 2.70 2.81 2.93 3.05 3.17 3.29 3.41 3.53 3.65 3.77 3.88 3.99 4.10 4.20 4.29 4.38 4.45 4.51 4.56 4.60 4.62 4.63 4.62 4.59 4.55 4.49 4.41 4.32 4.20 4.08 3.94 3.78 3.62 3.45 3.27 3.09 2.91 2.73 2.57 2.41 2.26 2.13 2.01 1.91 1.83 1.76 1.71 1.68 1.67 1.67 1.68 1.70 1.74 1.78 1.82 1.87 1.93 1.98 2.04 2.09 2.15 2.20 2.25 2.30 2.35 2.39 2.43 2.47 2.51 2.54 2.58 2.61 2.64 2.67 2.70 2.73 2.75 2.78 2.80 2.83 2.85 2.87 2.90 2.92 2.94 2.95 2.97 2.98 2.99 3.00 3.01 3.02 3.02 3.02 3.01 3.00 2.99 2.97 2.94 2.91 2.88 2.84 2.79 2.74 2.69 2.64 2.58 2.52 2.47 2.41 2.37 2.32 2.29 2.27 2.25 2.25 2.26 2.28 2.31 2.35 2.40 2.46 2.53 2.61 2.70 2.79 2.89 3.00 3.12 3.25 3.38 3.53 3.70 3.88 4.08 4.29 4.53 4.78 5.05 5.33 5.63 5.95 6.27 6.60 6.92 7.24 7.55 7.84 8.11 8.35 8.55 8.72 8.84 8.91 8.93 8.91 8.83 8.70 8.53 8.32 8.06 7.78 7.47 7.13 6.78 6.42 6.06 5.70 5.35 5.00 4.68 4.37 4.08 3.81 3.57 3.34 3.14 2.96 2.79
1.09 1.12 1.13 1.15 1.16 1.17 1.17 1.17 1.17 1.17 1.16 1.15 1.13 1.12 1.10 1.08 1.06 1.04 1.03 1.01 0.99 0.97 0.96 0.95 0.93 0.93 0.92 0.91 0.91 0.91 0.91 0.91 0.92 0.93 0.94 0.95 0.97 0.98 1.00 1.02 1.04 1.06 1.08 1.10 1.12 1.15 1.17 1.19 1.21 1.23 1.25 1.26 1.28 1.29 1.30 1.30 1.31 1.32 1.32 1.32 1.33 1.34 1.35 1.36 1.38 1.41 1.44 1.48 1.53 1.59 1.65 1.73 1.82 1.93 2.04 2.17 2.31 2.45 2.61 2.78 2.96 3.15 3.35 3.55 3.75 3.96 4.17 4.38 4.59 4.79 4.98 5.17 5.35 5.52 5.68 5.83 5.96 6.07 6.17 6.25 6.31 6.36 6.39 6.40 6.39 6.37 6.33 6.28 6.21 6.14 6.05 5.95 5.84 5.73 5.61 5.49 5.36 5.23 5.10 4.97 4.85 4.72 4.60 4.48 4.37 4.26 4.16 4.07 3.99 3.92 3.85 3.79 3.74 3.69 3.65 3.61 3.57 3.53 3.49 3.45 3.40 3.34 3.28 3.22 3.14 3.06 2.98 2.89 2.80 2.70 2.60 2.51 2.41 2.31 2.21 2.12 2.03 1.95 1.87 1.79 1.72 1.66 1.59 1.54 1.49 1.44 1.40 1.36 1.33 1.30 1.28 1.26 1.24 1.22 1.21 1.20 1.19 1.18 1.17 1.17 1.16 1.16 1.15 1.15 1.14 1.14 1.13 1.12 1.12 1.11 1.10 1.10 1.10 1.09 1.09 1.10 1.10 1.11 1.13 1.15 1.17 1.20 1.24 1.27 1.32 1.36 1.42 1.47 1.53 1.59 1.66 1.73 1.80 1.88 1.96 2.04 2.12 2.21 2.30 2.39 2.49 2.59 2.69 2.79 2.90 3.00 3.11 3.22 3.33 3.44 3.55 3.65 3.75 3.85 3.94 4.02 4.09 4.16 4.21 4.26 4.29 4.31 4.31 4.30 4.27 4.23 4.17 4.10 4.01 3.90 3.77 3.64 3.49 3.33 3.16 2.99 2.82 2.64 2.47 2.31 2.15 2.01 1.89 1.77 1.68 1.60 1.55 1.51 1.49 1.48 1.49 1.51 1.55 1.59 1.65 1.71 1.77 1.84 1.90 1.97 2.04 2.10 2.16 2.22 2.28 2.33 2.38 2.43 2.47 2.51 2.55 2.58 2.62 2.65 2.68 2.71 2.74 2.77 2.80 2.83 2.85 2.88 2.90 2.92 2.94 2.96 2.98 3.00 3.01 3.02 3.04 3.04 3.05 3.05 3.05 3.05 3.04 3.03 3.02 3.00 2.97 2.95 2.91 2.87 2.83 2.79 2.74 2.69 2.64 2.60 2.55 2.51 2.47 2.45 2.43 2.41 2.41 2.42 2.44 2.46 2.50 2.55 2.60 2.66 2.73 2.81 2.89 2.99 3.09 3.20 3.32 3.46 3.61 3.77 3.95 4.15 4.37 4.61 4.86 5.14 5.44 5.75 6.07 6.40 6.74 7.08 7.41 7.73 8.03 8.31 8.56 8.77 8.94 9.07 9.14 9.17 9.14 9.06 8.93 8.75 8.53 8.27 7.97 7.65 7.30 6.94 6.57 6.19 5.82 5.45 5.10 4.76 4.44 4.14 3.86 3.61 3.38 3.17 2.98 2.81
1.04 1.06 1.07 1.09 1.10 1.11 1.11 1.11 1.11 1.11 1.10 1.09 1.08 1.07 1.06 1.04 1.03 1.01 1.00 0.98 0.97 0.96 0.95 0.94 0.93 0.92 0.92 0.91 0.91 0.91 0.91 0.92 0.92 0.93 0.94 0.96 0.97 0.99 1.00 1.02 1.04 1.06 1.08 1.11 1.13 1.15 1.17 1.20 1.22 1.24 1.26 1.28 1.29 1.30 1.32 1.33 1.34 1.34 1.35 1.36 1.37 1.38 1.39 1.41 1.43 1.45 1.48 1.52 1.57 1.63 1.69 1.76 1.85 1.94 2.05 2.17 2.29 2.43 2.58 2.74 2.90 3.08 3.26 3.45 3.64 3.83 4.03 4.23 4.42 4.61 4.80 4.98 5.15 5.31 5.46 5.60 5.72 5.83 5.92 6.00 6.06 6.10 6.13 6.14 6.13 6.11 6.07 6.02 5.95 5.88 5.79 5.69 5.59 5.48 5.36 5.23 5.10 4.97 4.84 4.71 4.57 4.44 4.32 4.20 4.08 3.97 3.87 3.77 3.69 3.62 3.55 3.50 3.45 3.41 3.38 3.35 3.32 3.29 3.27 3.24 3.20 3.16 3.11 3.06 3.00 2.93 2.86 2.78 2.69 2.61 2.52 2.42 2.33 2.24 2.15 2.07 1.98 1.90 1.82 1.75 1.69 1.62 1.57 1.51 1.46 1.42 1.38 1.35 1.32 1.29 1.27 1.25 1.23 1.21 1.20 1.19 1.18 1.18 1.17 1.17 1.16 1.16 1.16 1.15 1.15 1.15 1.14 1.14 1.13 1.13 1.13 1.13 1.12 1.12 1.13 1.13 1.14 1.15 1.17 1.19 1.21 1.23 1.27 1.30 1.34 1.38 1.43 1.48 1.53 1.59 1.65 1.71 1.77 1.84 1.91 1.98 2.06 2.14 2.22 2.30 2.39 2.48 2.57 2.66 2.76 2.85 2.95 3.05 3.15 3.24 3.34 3.43 3.52 3.61 3.69 3.76 3.83 3.89 3.93 3.97 4.00 4.01 4.02 4.00 3.98 3.94 3.88 3.81 3.72 3.61 3.49 3.36 3.22 3.06 2.90 2.73 2.56 2.39 2.23 2.07 1.92 1.78 1.66 1.55 1.46 1.39 1.34 1.31 1.29 1.30 1.32 1.35 1.40 1.45 1.52 1.59 1.67 1.74 1.82 1.90 1.98 2.05 2.12 2.19 2.25 2.31 2.37 2.42 2.47 2.51 2.55 2.59 2.63 2.66 2.70 2.73 2.76 2.79 2.82 2.85 2.87 2.90 2.92 2.95 2.97 2.99 3.01 3.02 3.04 3.05 3.07 3.08 3.08 3.09 3.09 3.09 3.09 3.08 3.07 3.05 3.03 3.01 2.98 2.95 2.91 2.88 2.84 2.80 2.76 2.72 2.68 2.65 2.62 2.59 2.58 2.57 2.56 2.57 2.59 2.61 2.64 2.68 2.73 2.78 2.85 2.92 2.99 3.08 3.18 3.28 3.40 3.53 3.68 3.84 4.02 4.22 4.44 4.68 4.94 5.23 5.53 5.84 6.18 6.52 6.86 7.21 7.55 7.88 8.19 8.48 8.73 8.95 9.13 9.26 9.34 9.36 9.33 9.25 9.12 8.94 8.71 8.44 8.13 7.80 7.44 7.07 6.69 6.30 5.92 5.54 5.18 4.83 4.50 4.19 3.91 3.65 3.41 3.19 3.00 2.83
0.99 1.01 1.02 1.04 1.05 1.05 1.06 1.06 1.06 1.06 1.06 1.05 1.05 1.04 1.03 1.01 1.00 0.99 0.98 0.97 0.96 0.95 0.94 0.93 0.92 0.92 0.91 0.91 0.91 0.91 0.92 0.92 0.93 0.94 0.95 0.96 0.98 0.99 1.01 1.03 1.05 1.07 1.09 1.11 1.13 1.16 1.18 1.20 1.22 1.25 1.27 1.28 1.30 1.32 1.33 1.34 1.36 1.37 1.38 1.39 1.40 1.41 1.42 1.44 1.46 1.49 1.52 1.56 1.60 1.65 1.71 1.78 1.86 1.95 2.04 2.15 2.27 2.39 2.53 2.68 2.83 2.99 3.16 3.34 3.51 3.70 3.88 4.06 4.25 4.43 4.60 4.77 4.93 5.08 5.23 5.36 5.47 5.58 5.66 5.74 5.79 5.83 5.86 5.87 5.86 5.84 5.80 5.75 5.69 5.61 5.53 5.43 5.33 5.21 5.09 4.97 4.84 4.70 4.57 4.43 4.29 4.16 4.03 3.90 3.78 3.66 3.56 3.46 3.38 3.31 3.24 3.19 3.15 3.12 3.10 3.08 3.06 3.05 3.03 3.02 3.00 2.97 2.94 2.90 2.85 2.79 2.73 2.66 2.58 2.51 2.42 2.34 2.26 2.17 2.09 2.01 1.93 1.85 1.78 1.71 1.65 1.59 1.54 1.49 1.44 1.40 1.36 1.33 1.30 1.28 1.25 1.24 1.22 1.21 1.20 1.19 1.18 1.17 1.17 1.17 1.16 1.16 1.16 1.16 1.16 1.15 1.15 1.15 1.15 1.15 1.15 1.15 1.15 1.15 1.16 1.16 1.17 1.18 1.20 1.22 1.24 1.26 1.29 1.32 1.36 1.39 1.44 1.48 1.53 1.58 1.63 1.69 1.74 1.80 1.87 1.93 2.00 2.07 2.14 2.22 2.29 2.37 2.45 2.54 2.62 2.71 2.80 2.89 2.97 3.06 3.15 3.23 3.31 3.38 3.46 3.52 3.58 3.63 3.67 3.71 3.73 3.74 3.74 3.73 3.70 3.66 3.61 3.54 3.45 3.35 3.24 3.11 2.97 2.82 2.66 2.50 2.33 2.17 2.00 1.85 1.70 1.57 1.44 1.34 1.26 1.19 1.14 1.12 1.11 1.12 1.15 1.19 1.25 1.32 1.39 1.48 1.56 1.65 1.75 1.83 1.92 2.01 2.09 2.16 2.23 2.30 2.36 2.41 2.47 2.51 2.56 2.60 2.64 2.68 2.71 2.75 2.78 2.81 2.84 2.87 2.90 2.92 2.95 2.97 2.99 3.01 3.03 3.05 3.07 3.08 3.10 3.11 3.12 3.12 3.13 3.13 3.13 3.12 3.11 3.10 3.09 3.07 3.05 3.02 2.99 2.96 2.93 2.90 2.86 2.83 2.80 2.77 2.75 2.73 2.71 2.71 2.70 2.71 2.72 2.74 2.77 2.81 2.85 2.90 2.95 3.02 3.09 3.17 3.26 3.36 3.47 3.60 3.74 3.91 4.09 4.28 4.51 4.75 5.01 5.30 5.60 5.93 6.26 6.61 6.96 7.32 7.66 8.00 8.32 8.61 8.87 9.09 9.27 9.40 9.48 9.51 9.48 9.40 9.26 9.07 8.84 8.56 8.25 7.91 7.55 7.16 6.77 6.38 5.99 5.60 5.23 4.88 4.54 4.23 3.94 3.67 3.43 3.21 3.02 2.84
0.95 0.97 0.98 0.99 1.00 1.01 1.02 1.02 1.03 1.03 1.02 1.02 1.01 1.01 1.00 0.99 0.98 0.97 0.97 0.96 0.95 0.94 0.93 0.93 0.92 0.92 0.92 0.92 0.92 0.92 0.92 0.93 0.94 0.94 0.96 0.97 0.98 1.00 1.01 1.03 1.05 1.07 1.09 1.11 1.14 1.16 1.18 1.21 1.23 1.25 1.27 1.29 1.31 1.33 1.34 1.36 1.37 1.38 1.40 1.41 1.42 1.43 1.45 1.47 1.49 1.51 1.54 1.58 1.62 1.67 1.72 1.78 1.86 1.94 2.03 2.12 2.23 2.35 2.47 2.61 2.75 2.90 3.06 3.22 3.38 3.55 3.72 3.90 4.07 4.24 4.40 4.56 4.71 4.85 4.99 5.11 5.22 5.32 5.40 5.47 5.52 5.56 5.58 5.59 5.58 5.56 5.52 5.48 5.41 5.34 5.25 5.16 5.06 4.94 4.82 4.69 4.56 4.43 4.29 4.14 4.00 3.86 3.73 3.59 3.47 3.35 3.24 3.14 3.06 2.99 2.93 2.88 2.84 2.82 2.81 2.80 2.79 2.79 2.79 2.79 2.79 2.77 2.75 2.73 2.69 2.65 2.60 2.54 2.47 2.40 2.33 2.26 2.18 2.10 2.02 1.95 1.87 1.80 1.74 1.67 1.61 1.56 1.51 1.46 1.42 1.38 1.34 1.31 1.29 1.26 1.24 1.23 1.21 1.20 1.19 1.18 1.18 1.17 1.17 1.16 1.16 1.16 1.16 1.16 1.16 1.16 1.16 1.16 1.16 1.16 1.16 1.17 1.17 1.17 1.18 1.19 1.20 1.21 1.22 1.24 1.26 1.28 1.31 1.34 1.37 1.40 1.44 1.48 1.52 1.57 1.61 1.66 1.71 1.77 1.82 1.88 1.94 2.00 2.07 2.14 2.21 2.28 2.35 2.42 2.50 2.58 2.66 2.73 2.81 2.89 2.97 3.04 3.11 3.18 3.24 3.30 3.35 3.40 3.44 3.46 3.48 3.49 3.49 3.48 3.45 3.41 3.36 3.29 3.21 3.11 3.00 2.88 2.75 2.60 2.45 2.29 2.12 1.96 1.80 1.65 1.50 1.37 1.25 1.15 1.07 1.00 0.96 0.94 0.94 0.95 0.99 1.04 1.11 1.19 1.27 1.37 1.47 1.57 1.67 1.77 1.87 1.96 2.05 2.13 2.21 2.28 2.35 2.41 2.47 2.52 2.57 2.61 2.65 2.69 2.73 2.76 2.80 2.83 2.86 2.89 2.92 2.94 2.97 3.00 3.02 3.04 3.06 3.08 3.10 3.11 3.13 3.14 3.15 3.16 3.16 3.16 3.17 3.16 3.16 3.15 3.14 3.12 3.11 3.09 3.06 3.04 3.01 2.99 2.96 2.93 2.91 2.89 2.87 2.85 2.84 2.84 2.84 2.84 2.85 2.87 2.89 2.93 2.96 3.01 3.06 3.11 3.18 3.25 3.34 3.44 3.54 3.67 3.81 3.97 4.14 4.34 4.56 4.81 5.07 5.36 5.67 5.99 6.33 6.68 7.04 7.39 7.74 8.08 8.40 8.70 8.96 9.18 9.36 9.50 9.58 9.60 9.57 9.49 9.35 9.16 8.92 8.64 8.33 7.98 7.61 7.23 6.83 6.43 6.03 5.64 5.27 4.91 4.57 4.25 3.96 3.69 3.44 3.22 3.02 2.85
0.92 0.93 0.95 0.96 0.97 0.98 0.99 0.99 1.00 1.00 1.00 1.00 0.99 0.99 0.98 0.98 0.97 0.96 0.96 0.95 0.94 0.94 0.93 0.93 0.93 0.92 0.92 0.92 0.92 0.93 0.93 0.94 0.94 0.95 0.96 0.97 0.99 1.00 1.02 1.04 1.06 1.08 1.10 1.12 1.14 1.16 1.19 1.21 1.23 1.25 1.27 1.30 1.31 1.33 1.35 1.37 1.38 1.39 1.41 1.42 1.43 1.45 1.46 1.48 1.50 1.53 1.56 1.59 1.63 1.67 1.72 1.78 1.84 1.92 2.00 2.09 2.19 2.29 2.41 2.53 2.66 2.80 2.94 3.09 3.25 3.40 3.56 3.72 3.88 4.04 4.19 4.34 4.48 4.62 4.74 4.86 4.96 5.05 5.13 5.19 5.24 5.28 5.30 5.31 5.30 5.28 5.24 5.20 5.14 5.06 4.98 4.88 4.78 4.67 4.55 4.42 4.28 4.15 4.00 3.86 3.71 3.57 3.42 3.29 3.15 3.03 2.92 2.82 2.73 2.66 2.61 2.56 2.53 2.52 2.51 2.52 2.53 2.54 2.55 2.56 2.57 2.58 2.57 2.56 2.54 2.50 2.46 2.42 2.36 2.30 2.24 2.17 2.10 2.03 1.96 1.89 1.82 1.75 1.69 1.63 1.58 1.52 1.48 1.43 1.39 1.36 1.32 1.30 1.27 1.25 1.23 1.22 1.20 1.19 1.18 1.18 1.17 1.17 1.16 1.16 1.16 1.16 1.16 1.16 1.17 1.17 1.17 1.17 1.17 1.18 1.18 1.18 1.19 1.19 1.20 1.21 1.22 1.23 1.24 1.26 1.28 1.30 1.32 1.35 1.38 1.41 1.44 1.48 1.51 1.55 1.59 1.64 1.68 1.73 1.78 1.83 1.89 1.94 2.00 2.06 2.12 2.19 2.25 2.32 2.39 2.46 2.53 2.60 2.67 2.73 2.80 2.87 2.93 2.99 3.05 3.10 3.14 3.18 3.22 3.24 3.26 3.27 3.26 3.25 3.22 3.18 3.13 3.07 2.99 2.90 2.79 2.67 2.54 2.40 2.25 2.10 1.94 1.78 1.62 1.47 1.32 1.19 1.07 0.97 0.89 0.83 0.79 0.77 0.78 0.80 0.84 0.90 0.98 1.06 1.16 1.26 1.37 1.48 1.60 1.71 1.81 1.92 2.01 2.11 2.19 2.27 2.34 2.41 2.47 2.52 2.57 2.62 2.66 2.71 2.74 2.78 2.82 2.85 2.88 2.91 2.94 2.97 2.99 3.02 3.04 3.07 3.09 3.11 3.13 3.14 3.16 3.17 3.18 3.19 3.20 3.20 3.20 3.20 3.20 3.20 3.19 3.18 3.17 3.15 3.13 3.11 3.09 3.07 3.05 3.03 3.01 2.99 2.98 2.97 2.96 2.95 2.95 2.96 2.97 2.99 3.01 3.04 3.07 3.11 3.15 3.21 3.27 3.34 3.42 3.51 3.61 3.73 3.87 4.02 4.20 4.39 4.61 4.85 5.12 5.40 5.71 6.03 6.37 6.72 7.08 7.44 7.79 8.13 8.45 8.74 9.01 9.23 9.41 9.54 9.62 9.65 9.62 9.53 9.39 9.20 8.96 8.68 8.36 8.01 7.64 7.25 6.85 6.45 6.05 5.66 5.28 4.92 4.58 4.26 3.96 3.69 3.45 3.22 3.02 2.85
0.90 0.91 0.93 0.94 0.95 0.96 0.96 0.97 0.97 0.98 0.98 0.98 0.98 0.97 0.97 0.97 0.96 0.96 0.95 0.95 0.94 0.94 0.94 0.93 0.93 0.93 0.93 0.93 0.93 0.93 0.94 0.94 0.95 0.96 0.97 0.98 1.00 1.01 1.03 1.04 1.06 1.08 1.10 1.12 1.14 1.17 1.19 1.21 1.23 1.25 1.28 1.30 1.32 1.33 1.35 1.37 1.38 1.40 1.41 1.43 1.44 1.46 1.47 1.49 1.51 1.53 1.56 1.59 1.62 1.66 1.71 1.76 1.82 1.89 1.96 2.04 2.13 2.23 2.33 2.45 2.57 2.69 2.83 2.96 3.11 3.25 3.40 3.55 3.69 3.84 3.98 4.12 4.25 4.38 4.50 4.60 4.70 4.79 4.86 4.92 4.97 5.00 5.02 5.03 5.02 5.00 4.96 4.91 4.86 4.78 4.70 4.61 4.51 4.39 4.27 4.14 4.01 3.87 3.72 3.57 3.42 3.27 3.12 2.98 2.84 2.72 2.60 2.50 2.41 2.34 2.29 2.25 2.23 2.22 2.22 2.24 2.26 2.28 2.31 2.34 2.36 2.38 2.39 2.39 2.38 2.36 2.33 2.29 2.25 2.20 2.14 2.08 2.02 1.96 1.89 1.83 1.76 1.70 1.64 1.59 1.54 1.49 1.45 1.41 1.37 1.34 1.31 1.28 1.26 1.24 1.22 1.21 1.19 1.18 1.18 1.17 1.17 1.16 1.16 1.16 1.16 1.16 1.17 1.17 1.17 1.17 1.18 1.18 1.18 1.19 1.19 1.20 1.20 1.21 1.21 1.22 1.23 1.25 1.26 1.27 1.29 1.31 1.33 1.36 1.38 1.41 1.44 1.47 1.50 1.54 1.58 1.62 1.66 1.70 1.74 1.79 1.84 1.89 1.94 1.99 2.05 2.10 2.16 2.22 2.28 2.34 2.41 2.47 2.53 2.59 2.65 2.71 2.77 2.82 2.87 2.91 2.95 2.99 3.02 3.04 3.05 3.06 3.05 3.04 3.02 2.98 2.93 2.87 2.79 2.71 2.60 2.49 2.36 2.23 2.08 1.93 1.77 1.62 1.46 1.31 1.17 1.04 0.92 0.82 0.74 0.68 0.64 0.45 0.63 0.66 0.71 0.77 0.85 0.95 1.05 1.17 1.29 1.41 1.53 1.65 1.77 1.88 1.98 2.08 2.17 2.26 2.33 2.40 2.47 2.53 2.58 2.63 2.68 2.72 2.76 2.80 2.83 2.87 2.90 2.93 2.96 2.99 3.02 3.04 3.07 3.09 3.11 3.13 3.15 3.17 3.19 3.20 3.21 3.22 3.23 3.24 3.24 3.24 3.24 3.24 3.24 3.23 3.22 3.21 3.20 3.18 3.17 3.15 3.14 3.12 3.10 3.09 3.08 3.07 3.07 3.06 3.06 3.07 3.08 3.09 3.11 3.14 3.17 3.20 3.24 3.29 3.35 3.41 3.49 3.58 3.68 3.79 3.92 4.07 4.25 4.44 4.65 4.89 5.15 5.43 5.74 6.06 6.39 6.74 7.09 7.45 7.80 8.13 8.45 8.74 9.00 9.23 9.41 9.54 9.61 9.64 9.61 9.52 9.38 9.19 8.95 8.66 8.35 8.00 7.63 7.24 6.84 6.44 6.04 5.65 5.27 4.91 4.57 4.25 3.96 3.69 3.44 3.22 3.02 2.84
0.88 0.90 0.91 0.92 0.93 0.94 0.95 0.96 0.96 0.96 0.97 0.97 0.97 0.97 0.96 0.96 0.96 0.96 0.95 0.95 0.95 0.94 0.94 0.94 0.94 0.94 0.94 0.94 0.94 0.94 0.95 0.95 0.96 0.97 0.98 0.99 1.00 1.02 1.03 1.05 1.07 1.08 1.10 1.12 1.14 1.17 1.19 1.21 1.23 1.25 1.27 1.30 1.32 1.33 1.35 1.37 1.38 1.40 1.41 1.43 1.44 1.46 1.47 1.49 1.51 1.53 1.55 1.58 1.61 1.65 1.69 1.74 1.79 1.85 1.92 1.99 2.07 2.16 2.26 2.36 2.47 2.58 2.70 2.83 2.96 3.10 3.23 3.37 3.51 3.64 3.77 3.90 4.03 4.14 4.25 4.35 4.44 4.52 4.59 4.64 4.69 4.72 4.74 4.74 4.73 4.71 4.68 4.63 4.58 4.51 4.43 4.34 4.23 4.12 4.00 3.87 3.73 3.59 3.44 3.29 3.13 2.98 2.83 2.68 2.54 2.41 2.29 2.19 2.10 2.03 1.98 1.94 1.92 1.92 1.94 1.96 1.99 2.03 2.07 2.12 2.15 2.18 2.21 2.22 2.22 2.22 2.20 2.17 2.14 2.10 2.05 2.00 1.94 1.88 1.83 1.77 1.71 1.65 1.60 1.55 1.50 1.46 1.42 1.38 1.35 1.31 1.29 1.26 1.24 1.22 1.21 1.20 1.19 1.18 1.17 1.17 1.16 1.16 1.16 1.16 1.16 1.16 1.17 1.17 1.17 1.18 1.18 1.19 1.19 1.19 1.20 1.21 1.21 1.22 1.23 1.24 1.25 1.26 1.27 1.29 1.30 1.32 1.34 1.36 1.39 1.41 1.44 1.46 1.49 1.53 1.56 1.59 1.63 1.67 1.71 1.75 1.79 1.83 1.88 1.93 1.98 2.03 2.08 2.13 2.19 2.24 2.30 2.35 2.41 2.46 2.51 2.57 2.61 2.66 2.70 2.74 2.78 2.81 2.84 2.85 2.87 2.87 2.87 2.85 2.83 2.79 2.75 2.69 2.62 2.53 2.44 2.33 2.20 2.07 1.93 1.78 1.63 1.48 1.32 1.17 1.03 0.90 0.79 0.69 0.45 0.45 0.45 0.15 0.45 0.45 0.45 0.66 0.75 0.85 0.96 1.08 1.21 1.34 1.47 1.60 1.72 1.84 1.95 2.06 2.16 2.24 2.33 2.40 2.47 2.53 2.59 2.64 2.69 2.73 2.78 2.82 2.85 2.89 2.92 2.95 2.98 3.01 3.04 3.07 3.09 3.12 3.14 3.16 3.18 3.20 3.22 3.23 3.24 3.25 3.26 3.27 3.28 3.28 3.28 3.28 3.28 3.28 3.27 3.27 3.26 3.25 3.24 3.22 3.21 3.20 3.19 3.18 3.17 3.17 3.16 3.16 3.16 3.17 3.18 3.19 3.21 3.23 3.26 3.29 3.33 3.37 3.42 3.49 3.56 3.64 3.73 3.85 3.97 4.12 4.29 4.47 4.68 4.92 5.17 5.45 5.75 6.06 6.39 6.73 7.08 7.43 7.77 8.10 8.41 8.70 8.96 9.17 9.35 9.48 9.55 9.57 9.54 9.45 9.31 9.12 8.88 8.60 8.29 7.94 7.57 7.19 6.79 6.39 6.00 5.61 5.24 4.88 4.54 4.23 3.94 3.67 3.42 3.20 3.01 2.83
0.87 0.89 0.90 0.91 0.92 0.93 0.94 0.95 0.95 0.96 0.96 0.96 0.96 0.96 0.96 0.96 0.96 0.96 0.96 0.95 0.95 0.95 0.95 0.95 0.95 0.95 0.95 0.95 0.95 0.95 0.96 0.96 0.97 0.98 0.99 1.00 1.01 1.02 1.04 1.05 1.07 1.09 1.11 1.13 1.15 1.17 1.19 1.21 1.23 1.25 1.27 1.29 1.31 1.33 1.35 1.36 1.38 1.40 1.41 1.42 1.44 1.45 1.47 1.48 1.50 1.52 1.54 1.57 1.59 1.63 1.66 1.71 1.75 1.81 1.87 1.93 2.01 2.09 2.17 2.27 2.37 2.47 2.58 2.70 2.82 2.94 3.06 3.19 3.32 3.44 3.56 3.68 3.80 3.91 4.01 4.10 4.18 4.26 4.32 4.37 4.41 4.44 4.46 4.46 4.45 4.43 4.40 4.36 4.30 4.23 4.16 4.07 3.96 3.85 3.73 3.60 3.47 3.32 3.17 3.02 2.86 2.70 2.54 2.39 2.25 2.11 1.99 1.89 1.80 1.73 1.68 1.65 1.64 1.64 1.66 1.70 1.74 1.79 1.85 1.90 1.95 1.99 2.03 2.06 2.07 2.08 2.07 2.06 2.03 2.00 1.96 1.91 1.87 1.81 1.76 1.71 1.66 1.61 1.56 1.51 1.47 1.43 1.39 1.35 1.32 1.29 1.27 1.25 1.23 1.21 1.20 1.19 1.18 1.17 1.17 1.16 1.16 1.16 1.16 1.16 1.16 1.17 1.17 1.17 1.18 1.18 1.19 1.19 1.20 1.20 1.21 1.22 1.22 1.23 1.24 1.25 1.26 1.27 1.28 1.30 1.31 1.33 1.35 1.37 1.39 1.41 1.43 1.46 1.48 1.51 1.54 1.57 1.60 1.64 1.67 1.71 1.75 1.79 1.83 1.87 1.91 1.96 2.01 2.05 2.10 2.15 2.20 2.25 2.29 2.34 2.39 2.43 2.48 2.52 2.56 2.59 2.62 2.65 2.67 2.69 2.70 2.70 2.70 2.68 2.66 2.63 2.58 2.53 2.46 2.38 2.29 2.18 2.07 1.94 1.80 1.66 1.51 1.36 1.21 1.06 0.92 0.79 0.67 0.45 0.15 0.15 0.15 0.15 0.15 0.15 0.15 0.45 0.65 0.76 0.88 1.01 1.14 1.28 1.42 1.55 1.68 1.81 1.93 2.04 2.14 2.24 2.32 2.40 2.47 2.54 2.60 2.65 2.70 2.75 2.79 2.83 2.87 2.91 2.94 2.97 3.01 3.04 3.07 3.09 3.12 3.14 3.17 3.19 3.21 3.23 3.24 3.26 3.27 3.29 3.30 3.31 3.31 3.32 3.32 3.33 3.33 3.32 3.32 3.32 3.31 3.31 3.30 3.29 3.28 3.28 3.27 3.26 3.26 3.25 3.25 3.25 3.26 3.26 3.27 3.28 3.30 3.32 3.34 3.37 3.41 3.45 3.50 3.55 3.62 3.70 3.79 3.90 4.02 4.16 4.32 4.50 4.71 4.93 5.18 5.45 5.74 6.04 6.37 6.70 7.04 7.37 7.71 8.03 8.34 8.62 8.86 9.08 9.25 9.37 9.44 9.46 9.43 9.34 9.20 9.01 8.77 8.50 8.18 7.84 7.48 7.10 6.71 6.32 5.93 5.55 5.18 4.83 4.50 4.19 3.90 3.64 3.40 3.18 2.99 2.82
0.87 0.88 0.89 0.91 0.92 0.93 0.94 0.94 0.95 0.95 0.96 0.96 0.96 0.97 0.97 0.97 0.97 0.97 0.96 0.96 0.96 0.96 0.96 0.96 0.96 0.96 0.96 0.96 0.96 0.97 0.97 0.98 0.98 0.99 1.00 1.01 1.02 1.03 1.04 1.06 1.07 1.09 1.11 1.13 1.15 1.17 1.19 1.21 1.23 1.25 1.27 1.29 1.31 1.32 1.34 1.36 1.37 1.39 1.40 1.42 1.43 1.44 1.46 1.47 1.49 1.50 1.52 1.54 1.57 1.60 1.63 1.67 1.71 1.76 1.81 1.87 1.94 2.01 2.09 2.17 2.26 2.36 2.46 2.56 2.67 2.78 2.90 3.02 3.13 3.25 3.36 3.47 3.57 3.67 3.77 3.85 3.93 4.00 4.06 4.10 4.14 4.17 4.18 4.19 4.18 4.16 4.13 4.09 4.03 3.97 3.89 3.80 3.70 3.59 3.48 3.35 3.21 3.06 2.91 2.75 2.59 2.43 2.27 2.12 1.97 1.84 1.71 1.61 1.52 1.45 1.40 1.37 1.37 1.38 1.41 1.45 1.50 1.57 1.63 1.70 1.76 1.81 1.86 1.90 1.93 1.94 1.95 1.94 1.93 1.90 1.87 1.83 1.79 1.75 1.70 1.65 1.60 1.56 1.51 1.47 1.43 1.39 1.36 1.33 1.30 1.28 1.25 1.23 1.22 1.20 1.19 1.18 1.17 1.17 1.16 1.16 1.16 1.16 1.16 1.16 1.16 1.17 1.17 1.18 1.18 1.19 1.19 1.20 1.20 1.21 1.22 1.22 1.23 1.24 1.25 1.26 1.27 1.28 1.29 1.30 1.32 1.33 1.35 1.37 1.39 1.41 1.43 1.45 1.47 1.50 1.53 1.55 1.58 1.61 1.64 1.68 1.71 1.74 1.78 1.82 1.86 1.90 1.94 1.98 2.02 2.06 2.11 2.15 2.19 2.24 2.28 2.32 2.36 2.39 2.43 2.46 2.48 2.51 2.53 2.54 2.55 2.55 2.55 2.53 2.51 2.48 2.44 2.39 2.32 2.25 2.16 2.06 1.95 1.83 1.69 1.55 1.41 1.26 1.11 0.97 0.83 0.70 0.45 0.15 0.15 0.15 0.15 0.15 0.15 0.15 0.15 0.15 0.45 0.69 0.81 0.95 1.09 1.23 1.38 1.52 1.66 1.79 1.91 2.03 2.13 2.23 2.32 2.40 2.48 2.55 2.61 2.66 2.72 2.76 2.81 2.85 2.89 2.93 2.96 3.00 3.03 3.06 3.09 3.12 3.14 3.17 3.19 3.21 3.23 3.25 3.27 3.29 3.30 3.32 3.33 3.34 3.35 3.36 3.36 3.36 3.37 3.37 3.37 3.37 3.37 3.36 3.36 3.35 3.35 3.35 3.34 3.34 3.34 3.33 3.34 3.34 3.34 3.35 3.36 3.37 3.38 3.40 3.43 3.45 3.48 3.52 3.57 3.62 3.68 3.76 3.84 3.94 4.06 4.19 4.35 4.52 4.72 4.94 5.17 5.43 5.71 6.01 6.32 6.64 6.97 7.29 7.61 7.93 8.22 8.49 8.73 8.93 9.09 9.21 9.28 9.30 9.26 9.17 9.03 8.85 8.62 8.35 8.04 7.71 7.35 6.98 6.60 6.22 5.84 5.47 5.11 4.77 4.44 4.14 3.86 3.60 3.37 3.16 2.97 2.80
0.87 0.88 0.89 0.91 0.92 0.93 0.94 0.94 0.95 0.96 0.96 0.97 0.97 0.97 0.97 0.97 0.97 0.97 0.97 0.97 0.97 0.97 0.97 0.97 0.97 0.97 0.97 0.97 0.98 0.98 0.98 0.99 0.99 1.00 1.01 1.02 1.03 1.04 1.05 1.06 1.08 1.09 1.11 1.13 1.15 1.16 1.18 1.20 1.22 1.24 1.26 1.28 1.30 1.31 1.33 1.35 1.36 1.38 1.39 1.40 1.41 1.43 1.44 1.45 1.47 1.48 1.50 1.52 1.54 1.57 1.60 1.63 1.67 1.71 1.75 1.81 1.87 1.93 2.00 2.08 2.16 2.24 2.34 2.43 2.53 2.63 2.74 2.84 2.95 3.05 3.16 3.26 3.35 3.45 3.53 3.61 3.68 3.74 3.80 3.84 3.88 3.90 3.92 3.92 3.91 3.89 3.86 3.82 3.77 3.71 3.63 3.55 3.45 3.34 3.23 3.10 2.96 2.82 2.67 2.51 2.35 2.18 2.02 1.87 1.72 1.58 1.46 1.35 1.26 1.19 1.14 1.12 1.12 1.13 1.17 1.22 1.28 1.35 1.43 1.51 1.58 1.65 1.70 1.75 1.79 1.82 1.83 1.83 1.82 1.81 1.78 1.75 1.72 1.68 1.64 1.60 1.56 1.51 1.47 1.44 1.40 1.37 1.33 1.31 1.28 1.26 1.24 1.22 1.20 1.19 1.18 1.17 1.17 1.16 1.16 1.16 1.16 1.16 1.16 1.16 1.16 1.17 1.17 1.18 1.18 1.19 1.20 1.20 1.21 1.22 1.22 1.23 1.24 1.25 1.26 1.27 1.28 1.29 1.30 1.31 1.33 1.34 1.35 1.37 1.39 1.41 1.42 1.44 1.47 1.49 1.51 1.54 1.56 1.59 1.62 1.64 1.67 1.71 1.74 1.77 1.81 1.84 1.88 1.91 1.95 1.99 2.03 2.06 2.10 2.14 2.18 2.21 2.25 2.28 2.31 2.33 2.36 2.38 2.40 2.41 2.42 2.42 2.41 2.40 2.38 2.35 2.31 2.27 2.21 2.13 2.05 1.96 1.85 1.73 1.61 1.47 1.33 1.19 1.04 0.90 0.76 0.64 0.45 0.15 0.15 0.15 0.15 0.15 0.15 0.15 0.15 0.15 0.45 0.64 0.77 0.90 1.05 1.20 1.35 1.49 1.63 1.77 1.90 2.02 2.13 2.23 2.32 2.41 2.49 2.55 2.62 2.68 2.73 2.78 2.82 2.87 2.91 2.95 2.98 3.02 3.05 3.08 3.11 3.14 3.17 3.19 3.22 3.24 3.26 3.28 3.30 3.32 3.33 3.35 3.36 3.37 3.38 3.39 3.40 3.40 3.41 3.41 3.41 3.41 3.41 3.41 3.41 3.41 3.41 3.41 3.41 3.41 3.41 3.41 3.41 3.42 3.42 3.43 3.44 3.45 3.46 3.48 3.50 3.53 3.56 3.59 3.63 3.68 3.74 3.81 3.89 3.99 4.10 4.23 4.37 4.54 4.72 4.93 5.16 5.41 5.67 5.95 6.25 6.56 6.87 7.18 7.49 7.79 8.07 8.33 8.55 8.75 8.90 9.01 9.08 9.09 9.05 8.96 8.83 8.65 8.42 8.16 7.86 7.54 7.19 6.83 6.46 6.09 5.73 5.37 5.02 4.68 4.37 4.08 3.80 3.56 3.33 3.12 2.94 2.78
0.87 0.88 0.90 0.91 0.92 0.93 0.94 0.95 0.96 0.96 0.97 0.97 0.98 0.98 0.98 0.98 0.98 0.99 0.99 0.99 0.99 0.99 0.98 0.98 0.98 0.99 0.99 0.99 0.99 0.99 0.99 1.00 1.00 1.01 1.02 1.02 1.03 1.04 1.06 1.07 1.08 1.10 1.11 1.13 1.14 1.16 1.18 1.20 1.22 1.23 1.25 1.27 1.29 1.30 1.32 1.33 1.35 1.36 1.37 1.39 1.40 1.41 1.42 1.43 1.44 1.46 1.47 1.49 1.51 1.53 1.56 1.58 1.62 1.65 1.70 1.74 1.79 1.85 1.91 1.98 2.05 2.13 2.21 2.30 2.39 2.48 2.58 2.67 2.77 2.87 2.96 3.05 3.14 3.23 3.30 3.38 3.44 3.50 3.55 3.59 3.62 3.64 3.66 3.66 3.65 3.63 3.61 3.57 3.52 3.46 3.39 3.30 3.21 3.11 2.99 2.87 2.73 2.59 2.44 2.28 2.12 1.96 1.79 1.64 1.49 1.35 1.22 1.12 1.03 0.96 0.92 0.89 0.89 0.92 0.96 1.01 1.08 1.16 1.25 1.33 1.41 1.49 1.56 1.62 1.66 1.70 1.72 1.73 1.73 1.72 1.70 1.68 1.65 1.62 1.58 1.54 1.51 1.47 1.43 1.40 1.37 1.34 1.31 1.28 1.26 1.24 1.22 1.21 1.19 1.18 1.17 1.17 1.16 1.16 1.15 1.15 1.15 1.16 1.16 1.16 1.17 1.17 1.18 1.18 1.19 1.19 1.20 1.21 1.22 1.22 1.23 1.24 1.25 1.26 1.27 1.27 1.28 1.30 1.31 1.32 1.33 1.34 1.36 1.37 1.39 1.40 1.42 1.44 1.46 1.48 1.50 1.52 1.54 1.57 1.59 1.62 1.64 1.67 1.70 1.73 1.76 1.79 1.82 1.86 1.89 1.92 1.95 1.99 2.02 2.05 2.09 2.12 2.15 2.18 2.20 2.23 2.25 2.27 2.28 2.29 2.30 2.30 2.29 2.28 2.27 2.24 2.20 2.16 2.10 2.04 1.96 1.87 1.77 1.66 1.53 1.40 1.27 1.13 0.99 0.85 0.72 0.59 0.45 0.15 0.15 0.15 0.15 0.15 0.15 0.15 0.15 0.15 0.45 0.61 0.74 0.88 1.02 1.18 1.33 1.48 1.62 1.76 1.89 2.02 2.13 2.23 2.33 2.42 2.49 2.56 2.63 2.69 2.74 2.79 2.84 2.88 2.93 2.96 3.00 3.04 3.07 3.10 3.13 3.16 3.19 3.22 3.24 3.26 3.29 3.31 3.33 3.35 3.36 3.38 3.39 3.40 3.41 3.42 3.43 3.44 3.45 3.45 3.46 3.46 3.46 3.46 3.47 3.47 3.47 3.47 3.47 3.47 3.48 3.48 3.48 3.49 3.50 3.50 3.51 3.52 3.54 3.56 3.57 3.60 3.63 3.66 3.70 3.74 3.80 3.86 3.94 4.03 4.13 4.25 4.39 4.55 4.72 4.92 5.13 5.37 5.62 5.89 6.17 6.46 6.75 7.05 7.34 7.62 7.89 8.13 8.35 8.53 8.67 8.77 8.83 8.84 8.80 8.72 8.58 8.41 8.19 7.93 7.65 7.33 7.00 6.66 6.30 5.94 5.59 5.24 4.91 4.59 4.29 4.00 3.74 3.50 3.28 3.09 2.91 2.75
0.88 0.89 0.90 0.92 0.93 0.94 0.95 0.96 0.97 0.97 0.98 0.98 0.99 0.99 0.99 1.00 1.00 1.00 1.00 1.00 1.00 1.00 1.00 1.00 1.00 1.00 1.00 1.00 1.00 1.01 1.01 1.01 1.02 1.02 1.03 1.03 1.04 1.05 1.06 1.07 1.08 1.10 1.11 1.13 1.14 1.16 1.18 1.19 1.21 1.23 1.24 1.26 1.28 1.29 1.31 1.32 1.33 1.34 1.36 1.37 1.38 1.39 1.40 1.41 1.42 1.43 1.44 1.46 1.47 1.49 1.51 1.54 1.57 1.60 1.64 1.68 1.72 1.77 1.83 1.89 1.95 2.02 2.10 2.18 2.26 2.34 2.43 2.51 2.60 2.69 2.77 2.86 2.94 3.01 3.08 3.15 3.21 3.26 3.31 3.35 3.38 3.40 3.41 3.41 3.40 3.39 3.36 3.32 3.28 3.22 3.15 3.07 2.98 2.88 2.77 2.65 2.52 2.38 2.23 2.07 1.91 1.75 1.59 1.43 1.28 1.15 1.02 0.91 0.83 0.76 0.72 0.45 0.70 0.73 0.77 0.83 0.91 0.99 1.08 1.18 1.27 1.35 1.42 1.49 1.54 1.58 1.61 1.63 1.64 1.64 1.63 1.61 1.58 1.56 1.53 1.49 1.46 1.43 1.40 1.37 1.34 1.31 1.29 1.26 1.24 1.22 1.21 1.19 1.18 1.17 1.17 1.16 1.16 1.15 1.15 1.15 1.15 1.16 1.16 1.16 1.17 1.17 1.18 1.19 1.19 1.20 1.21 1.21 1.22 1.23 1.24 1.25 1.26 1.26 1.27 1.28 1.29 1.30 1.31 1.32 1.34 1.35 1.36 1.38 1.39 1.40 1.42 1.44 1.45 1.47 1.49 1.51 1.53 1.55 1.57 1.59 1.62 1.64 1.67 1.69 1.72 1.75 1.77 1.80 1.83 1.86 1.89 1.92 1.95 1.98 2.01 2.03 2.06 2.09 2.11 2.13 2.15 2.17 2.18 2.19 2.19 2.20 2.19 2.18 2.16 2.14 2.11 2.07 2.01 1.95 1.88 1.80 1.70 1.59 1.48 1.36 1.23 1.09 0.96 0.82 0.69 0.45 0.15 0.15 0.15 0.15 0.15 0.15 0.15 0.15 0.15 0.15 0.15 0.45 0.73 0.87 1.02 1.17 1.32 1.47 1.62 1.76 1.89 2.02 2.13 2.24 2.34 2.42 2.50 2.58 2.64 2.70 2.76 2.81 2.86 2.90 2.94 2.98 3.02 3.06 3.09 3.12 3.15 3.18 3.21 3.24 3.27 3.29 3.31 3.33 3.35 3.37 3.39 3.41 3.42 3.43 3.45 3.46 3.47 3.48 3.48 3.49 3.50 3.50 3.51 3.51 3.51 3.52 3.52 3.53 3.53 3.53 3.54 3.54 3.55 3.56 3.57 3.57 3.58 3.60 3.61 3.63 3.65 3.67 3.69 3.72 3.76 3.80 3.85 3.91 3.98 4.07 4.16 4.27 4.40 4.55 4.71 4.90 5.10 5.32 5.55 5.80 6.07 6.34 6.62 6.89 7.17 7.43 7.68 7.91 8.11 8.28 8.41 8.50 8.55 8.56 8.52 8.44 8.31 8.13 7.92 7.68 7.40 7.11 6.79 6.46 6.12 5.78 5.44 5.11 4.79 4.48 4.19 3.92 3.67 3.44 3.23 3.04 2.87 2.72
0.89 0.90 0.91 0.93 0.94 0.95 0.96 0.97 0.98 0.98 0.99 1.00 1.00 1.01 1.01 1.01 1.01 1.01 1.02 1.02 1.02 1.02 1.02 1.02 1.02 1.02 1.02 1.02 1.02 1.02 1.02 1.02 1.03 1.03 1.04 1.04 1.05 1.06 1.07 1.08 1.09 1.10 1.11 1.13 1.14 1.16 1.17 1.19 1.20 1.22 1.23 1.25 1.26 1.28 1.29 1.30 1.31 1.33 1.34 1.35 1.36 1.36 1.37 1.38 1.39 1.40 1.41 1.42 1.44 1.45 1.47 1.49 1.52 1.54 1.58 1.61 1.65 1.70 1.75 1.80 1.86 1.92 1.98 2.05 2.13 2.20 2.28 2.36 2.44 2.51 2.59 2.67 2.74 2.81 2.88 2.94 2.99 3.04 3.08 3.11 3.14 3.16 3.17 3.17 3.17 3.15 3.13 3.09 3.05 2.99 2.93 2.85 2.77 2.67 2.56 2.45 2.32 2.18 2.04 1.88 1.73 1.57 1.41 1.26 1.11 0.97 0.85 0.74 0.45 0.45 0.45 0.07 0.45 0.45 0.45 0.68 0.76 0.85 0.94 1.04 1.13 1.22 1.30 1.38 1.44 1.48 1.52 1.54 1.56 1.56 1.55 1.54 1.52 1.50 1.47 1.45 1.42 1.39 1.36 1.33 1.31 1.29 1.26 1.24 1.22 1.21 1.20 1.18 1.17 1.17 1.16 1.16 1.15 1.15 1.15 1.15 1.15 1.16 1.16 1.17 1.17 1.18 1.18 1.19 1.20 1.21 1.21 1.22 1.23 1.24 1.25 1.25 1.26 1.27 1.28 1.29 1.30 1.31 1.32 1.33 1.34 1.35 1.37 1.38 1.39 1.40 1.42 1.43 1.45 1.46 1.48 1.50 1.52 1.53 1.55 1.57 1.59 1.62 1.64 1.66 1.68 1.71 1.73 1.76 1.78 1.81 1.84 1.86 1.89 1.91 1.94 1.96 1.98 2.01 2.03 2.05 2.06 2.08 2.09 2.10 2.10 2.10 2.10 2.09 2.08 2.05 2.03 1.99 1.94 1.88 1.81 1.74 1.65 1.55 1.44 1.32 1.20 1.07 0.94 0.81 0.69 0.57 0.45 0.15 0.15 0.15 0.15 0.15 0.15 0.15 0.15 0.15 0.45 0.60 0.73 0.87 1.02 1.18 1.33 1.48 1.63 1.77 1.90 2.03 2.14 2.25 2.35 2.44 2.52 2.59 2.66 2.72 2.77 2.82 2.87 2.92 2.96 3.00 3.04 3.08 3.11 3.14 3.18 3.21 3.23 3.26 3.29 3.31 3.34 3.36 3.38 3.40 3.42 3.43 3.45 3.46 3.48 3.49 3.50 3.51 3.52 3.53 3.54 3.54 3.55 3.56 3.56 3.57 3.57 3.58 3.59 3.59 3.60 3.61 3.61 3.62 3.63 3.64 3.65 3.67 3.68 3.70 3.71 3.73 3.76 3.79 3.82 3.86 3.91 3.96 4.03 4.10 4.19 4.30 4.41 4.55 4.70 4.87 5.06 5.26 5.48 5.71 5.96 6.21 6.47 6.72 6.98 7.22 7.45 7.66 7.84 8.00 8.12 8.21 8.25 8.25 8.21 8.13 8.00 7.84 7.64 7.40 7.14 6.85 6.55 6.24 5.92 5.59 5.27 4.96 4.65 4.36 4.09 3.83 3.59 3.38 3.18 3.00 2.83 2.69
0.90 0.91 0.93 0.94 0.95 0.96 0.97 0.98 0.99 1.00 1.01 1.01 1.02 1.02 1.02 1.03 1.03 1.03 1.03 1.03 1.03 1.03 1.03 1.03 1.03 1.03 1.03 1.03 1.03 1.03 1.04 1.04 1.04 1.04 1.05 1.05 1.06 1.07 1.07 1.08 1.09 1.10 1.11 1.13 1.14 1.15 1.16 1.18 1.19 1.21 1.22 1.24 1.25 1.26 1.27 1.29 1.30 1.31 1.32 1.32 1.33 1.34 1.35 1.36 1.36 1.37 1.38 1.39 1.40 1.41 1.43 1.45 1.47 1.49 1.52 1.55 1.58 1.62 1.66 1.71 1.76 1.82 1.88 1.94 2.00 2.07 2.14 2.21 2.28 2.35 2.42 2.49 2.55 2.62 2.68 2.73 2.78 2.82 2.86 2.89 2.92 2.94 2.95 2.95 2.94 2.93 2.90 2.87 2.83 2.78 2.72 2.65 2.57 2.48 2.37 2.26 2.14 2.01 1.86 1.72 1.56 1.41 1.26 1.10 0.96 0.83 0.71 0.45 0.07 0.07 0.07 0.07 0.07 0.07 0.07 0.45 0.64 0.73 0.83 0.92 1.02 1.12 1.20 1.28 1.34 1.39 1.43 1.46 1.48 1.49 1.49 1.48 1.47 1.45 1.43 1.40 1.38 1.35 1.33 1.31 1.28 1.26 1.24 1.22 1.21 1.20 1.18 1.17 1.17 1.16 1.16 1.15 1.15 1.15 1.15 1.15 1.16 1.16 1.16 1.17 1.18 1.18 1.19 1.20 1.20 1.21 1.22 1.23 1.24 1.25 1.25 1.26 1.27 1.28 1.29 1.30 1.31 1.32 1.33 1.34 1.35 1.36 1.37 1.38 1.39 1.41 1.42 1.43 1.45 1.46 1.47 1.49 1.51 1.52 1.54 1.56 1.57 1.59 1.61 1.63 1.65 1.68 1.70 1.72 1.74 1.76 1.79 1.81 1.83 1.85 1.88 1.90 1.92 1.94 1.95 1.97 1.99 2.00 2.01 2.02 2.02 2.03 2.02 2.01 2.00 1.98 1.95 1.92 1.88 1.82 1.76 1.69 1.61 1.51 1.41 1.30 1.19 1.07 0.94 0.82 0.70 0.59 0.45 0.15 0.15 0.15 0.15 0.15 0.15 0.15 0.15 0.15 0.45 0.63 0.76 0.90 1.05 1.20 1.35 1.50 1.65 1.79 1.92 2.04 2.16 2.26 2.36 2.45 2.53 2.60 2.67 2.73 2.79 2.84 2.89 2.93 2.98 3.02 3.06 3.09 3.13 3.16 3.20 3.23 3.26 3.28 3.31 3.34 3.36 3.38 3.40 3.42 3.44 3.46 3.48 3.49 3.51 3.52 3.53 3.54 3.55 3.56 3.57 3.58 3.59 3.60 3.61 3.61 3.62 3.63 3.64 3.65 3.66 3.67 3.68 3.69 3.70 3.71 3.72 3.73 3.75 3.76 3.78 3.80 3.82 3.85 3.88 3.92 3.96 4.01 4.07 4.14 4.22 4.32 4.42 4.55 4.69 4.84 5.01 5.20 5.40 5.61 5.84 6.07 6.30 6.54 6.77 7.00 7.21 7.40 7.56 7.71 7.81 7.89 7.93 7.92 7.88 7.80 7.68 7.52 7.33 7.11 6.86 6.59 6.30 6.01 5.70 5.40 5.09 4.80 4.51 4.24 3.98 3.74 3.51 3.31 3.12 2.95 2.80 2.66
0.91 0.93 0.94 0.95 0.97 0.98 0.99 1.00 1.01 1.02 1.02 1.03 1.03 1.04 1.04 1.05 1.05 1.05 1.05 1.05 1.05 1.05 1.05 1.05 1.05 1.05 1.05 1.05 1.05 1.05 1.05 1.05 1.05 1.05 1.06 1.06 1.07 1.07 1.08 1.09 1.09 1.10 1.11 1.12 1.14 1.15 1.16 1.17 1.18 1.20 1.21 1.22 1.23 1.25 1.26 1.27 1.28 1.29 1.29 1.30 1.31 1.32 1.32 1.33 1.33 1.34 1.35 1.35 1.36 1.37 1.39 1.40 1.42 1.44 1.46 1.49 1.52 1.55 1.59 1.63 1.67 1.72 1.77 1.83 1.89 1.95 2.01 2.07 2.13 2.20 2.26 2.32 2.38 2.44 2.49 2.54 2.58 2.62 2.66 2.69 2.71 2.72 2.73 2.74 2.73 2.72 2.70 2.67 2.63 2.58 2.53 2.46 2.38 2.30 2.20 2.09 1.98 1.85 1.71 1.57 1.43 1.28 1.13 0.98 0.84 0.71 0.45 0.07 0.07 0.07 0.07 0.07 0.07 0.07 0.07 0.07 0.45 0.63 0.73 0.83 0.93 1.02 1.11 1.19 1.26 1.31 1.36 1.39 1.41 1.42 1.43 1.42 1.41 1.40 1.38 1.36 1.34 1.32 1.30 1.28 1.26 1.24 1.22 1.21 1.20 1.18 1.17 1.17 1.16 1.15 1.15 1.15 1.15 1.15 1.15 1.15 1.16 1.16 1.17 1.17 1.18 1.19 1.20 1.20 1.21 1.22 1.23 1.24 1.25 1.26 1.26 1.27 1.28 1.29 1.30 1.31 1.32 1.33 1.34 1.35 1.36 1.37 1.38 1.39 1.40 1.41 1.42 1.43 1.45 1.46 1.47 1.48 1.50 1.51 1.53 1.54 1.56 1.58 1.59 1.61 1.63 1.65 1.67 1.69 1.70 1.72 1.74 1.76 1.78 1.80 1.82 1.84 1.86 1.88 1.89 1.91 1.92 1.93 1.94 1.95 1.96 1.96 1.95 1.95 1.94 1.92 1.90 1.86 1.83 1.78 1.72 1.65 1.58 1.49 1.40 1.30 1.19 1.07 0.96 0.84 0.73 0.62 0.45 0.15 0.15 0.15 0.15 0.15 0.15 0.15 0.15 0.15 0.45 0.68 0.80 0.94 1.08 1.23 1.38 1.53 1.67 1.81 1.94 2.06 2.18 2.28 2.38 2.47 2.55 2.62 2.69 2.75 2.80 2.86 2.90 2.95 2.99 3.03 3.07 3.11 3.15 3.18 3.21 3.25 3.28 3.31 3.33 3.36 3.38 3.41 3.43 3.45 3.47 3.49 3.50 3.52 3.53 3.55 3.56 3.57 3.59 3.60 3.61 3.62 3.63 3.64 3.65 3.66 3.67 3.68 3.69 3.70 3.71 3.72 3.73 3.75 3.76 3.77 3.79 3.80 3.81 3.83 3.85 3.87 3.89 3.91 3.94 3.98 4.02 4.06 4.11 4.18 4.25 4.34 4.43 4.54 4.67 4.81 4.96 5.13 5.31 5.51 5.71 5.92 6.13 6.35 6.56 6.76 6.95 7.12 7.27 7.40 7.50 7.56 7.59 7.58 7.54 7.46 7.34 7.19 7.01 6.80 6.56 6.31 6.04 5.76 5.48 5.19 4.91 4.63 4.36 4.11 3.87 3.64 3.43 3.24 3.06 2.90 2.75 2.63
0.93 0.94 0.96 0.97 0.98 0.99 1.01 1.02 1.02 1.03 1.04 1.05 1.05 1.06 1.06 1.06 1.07 1.07 1.07 1.07 1.07 1.07 1.07 1.07 1.07 1.07 1.07 1.07 1.07 1.06 1.06 1.06 1.07 1.07 1.07 1.07 1.08 1.08 1.08 1.09 1.10 1.11 1.11 1.12 1.13 1.14 1.15 1.16 1.18 1.19 1.20 1.21 1.22 1.23 1.24 1.25 1.26 1.27 1.27 1.28 1.28 1.29 1.29 1.30 1.30 1.31 1.31 1.32 1.33 1.34 1.35 1.36 1.37 1.39 1.41 1.43 1.45 1.48 1.52 1.55 1.59 1.63 1.68 1.73 1.78 1.83 1.88 1.94 2.00 2.05 2.11 2.16 2.22 2.27 2.31 2.36 2.40 2.44 2.47 2.49 2.51 2.53 2.54 2.54 2.53 2.52 2.50 2.48 2.44 2.40 2.35 2.29 2.22 2.13 2.04 1.94 1.83 1.71 1.58 1.45 1.31 1.17 1.02 0.88 0.75 0.62 0.45 0.07 0.07 0.07 0.07 0.07 0.07 0.07 0.07 0.07 0.45 0.56 0.65 0.76 0.85 0.95 1.04 1.12 1.19 1.24 1.29 1.32 1.35 1.36 1.37 1.37 1.37 1.36 1.34 1.33 1.31 1.29 1.27 1.25 1.24 1.22 1.21 1.19 1.18 1.17 1.17 1.16 1.15 1.15 1.15 1.15 1.15 1.15 1.15 1.16 1.16 1.17 1.17 1.18 1.19 1.20 1.20 1.21 1.22 1.23 1.24 1.25 1.26 1.27 1.27 1.28 1.29 1.30 1.31 1.32 1.33 1.34 1.35 1.36 1.37 1.38 1.39 1.40 1.41 1.42 1.43 1.44 1.45 1.46 1.47 1.48 1.49 1.51 1.52 1.53 1.55 1.56 1.58 1.59 1.61 1.62 1.64 1.66 1.67 1.69 1.71 1.73 1.74 1.76 1.78 1.79 1.81 1.82 1.84 1.85 1.86 1.87 1.88 1.89 1.90 1.90 1.90 1.89 1.88 1.87 1.85 1.82 1.78 1.74 1.69 1.63 1.56 1.48 1.39 1.30 1.20 1.09 0.99 0.88 0.77 0.68 0.58 0.45 0.15 0.15 0.15 0.15 0.15 0.15 0.15 0.45 0.63 0.74 0.86 1.00 1.14 1.28 1.42 1.57 1.71 1.84 1.97 2.09 2.20 2.30 2.40 2.48 2.56 2.63 2.70 2.76 2.82 2.87 2.92 2.97 3.01 3.05 3.09 3.13 3.17 3.20 3.23 3.27 3.30 3.33 3.35 3.38 3.40 3.43 3.45 3.47 3.49 3.51 3.53 3.55 3.56 3.58 3.59 3.61 3.62 3.63 3.64 3.66 3.67 3.68 3.69 3.70 3.72 3.73 3.74 3.75 3.77 3.78 3.79 3.81 3.82 3.83 3.85 3.86 3.88 3.90 3.91 3.93 3.95 3.98 4.00 4.04 4.07 4.11 4.16 4.22 4.28 4.36 4.44 4.54 4.65 4.78 4.92 5.07 5.23 5.40 5.58 5.77 5.96 6.15 6.34 6.52 6.69 6.84 6.98 7.09 7.17 7.22 7.24 7.23 7.19 7.11 7.00 6.85 6.68 6.49 6.27 6.03 5.78 5.52 5.25 4.99 4.72 4.47 4.22 3.98 3.75 3.54 3.34 3.16 3.00 2.85 2.71 2.59
0.94 0.96 0.97 0.99 1.00 1.01 1.02 1.03 1.04 1.05 1.06 1.07 1.07 1.08 1.08 1.08 1.09 1.09 1.09 1.09 1.09 1.09 1.09 1.09 1.09 1.09 1.08 1.08 1.08 1.08 1.08 1.08 1.08 1.08 1.08 1.08 1.08 1.09 1.09 1.10 1.10 1.11 1.11 1.12 1.13 1.14 1.15 1.16 1.17 1.18 1.19 1.20 1.21 1.21 1.22 1.23 1.24 1.24 1.25 1.26 1.26 1.27 1.27 1.27 1.28 1.28 1.28 1.29 1.29 1.30 1.31 1.32 1.33 1.34 1.36 1.38 1.40 1.42 1.45 1.48 1.51 1.55 1.59 1.63 1.67 1.72 1.77 1.82 1.87 1.92 1.97 2.02 2.06 2.11 2.15 2.19 2.23 2.26 2.29 2.31 2.33 2.34 2.35 2.35 2.35 2.34 2.32 2.30 2.27 2.23 2.18 2.13 2.06 1.99 1.90 1.81 1.70 1.59 1.47 1.34 1.21 1.08 0.94 0.81 0.68 0.56 0.45 0.07 0.07 0.07 0.07 0.07 0.07 0.07 0.07 0.07 0.42 0.51 0.60 0.70 0.80 0.89 0.98 1.06 1.13 1.18 1.23 1.27 1.30 1.31 1.32 1.33 1.32 1.32 1.30 1.29 1.28 1.26 1.25 1.23 1.22 1.20 1.19 1.18 1.17 1.16 1.16 1.15 1.15 1.15 1.15 1.15 1.15 1.15 1.16 1.16 1.17 1.17 1.18 1.19 1.20 1.20 1.21 1.22 1.23 1.24 1.25 1.26 1.27 1.28 1.29 1.30 1.31 1.31 1.32 1.33 1.34 1.35 1.36 1.37 1.38 1.39 1.40 1.40 1.41 1.42 1.43 1.44 1.45 1.46 1.47 1.48 1.49 1.50 1.51 1.53 1.54 1.55 1.56 1.58 1.59 1.60 1.62 1.63 1.65 1.66 1.68 1.69 1.71 1.72 1.74 1.75 1.77 1.78 1.79 1.80 1.82 1.83 1.83 1.84 1.85 1.85 1.85 1.84 1.83 1.82 1.80 1.78 1.75 1.71 1.67 1.61 1.55 1.48 1.40 1.31 1.22 1.13 1.03 0.93 0.83 0.74 0.66 0.58 0.45 0.45 0.45 0.15 0.45 0.45 0.45 0.62 0.71 0.82 0.94 1.06 1.20 1.34 1.48 1.61 1.75 1.88 2.00 2.12 2.23 2.33 2.42 2.50 2.58 2.65 2.72 2.78 2.83 2.89 2.93 2.98 3.03 3.07 3.11 3.15 3.18 3.22 3.25 3.28 3.31 3.34 3.37 3.40 3.43 3.45 3.47 3.49 3.52 3.54 3.55 3.57 3.59 3.60 3.62 3.63 3.65 3.66 3.68 3.69 3.70 3.72 3.73 3.75 3.76 3.77 3.79 3.80 3.82 3.83 3.85 3.87 3.88 3.90 3.91 3.93 3.95 3.96 3.98 4.00 4.02 4.04 4.07 4.10 4.13 4.17 4.21 4.26 4.31 4.38 4.46 4.54 4.64 4.75 4.87 5.00 5.15 5.30 5.46 5.62 5.79 5.96 6.12 6.28 6.43 6.56 6.68 6.77 6.84 6.89 6.90 6.88 6.84 6.76 6.65 6.52 6.36 6.17 5.97 5.75 5.52 5.27 5.03 4.78 4.54 4.30 4.07 3.85 3.64 3.44 3.26 3.09 2.94 2.80 2.68 2.56
0.96 0.98 0.99 1.01 1.02 1.03 1.04 1.05 1.06 1.07 1.08 1.09 1.09 1.10 1.10 1.11 1.11 1.11 1.11 1.11 1.11 1.11 1.11 1.11 1.11 1.10 1.10 1.10 1.10 1.10 1.09 1.09 1.09 1.09 1.09 1.09 1.09 1.09 1.10 1.10 1.10 1.11 1.11 1.12 1.13 1.13 1.14 1.15 1.16 1.17 1.18 1.18 1.19 1.20 1.21 1.21 1.22 1.23 1.23 1.23 1.24 1.24 1.24 1.25 1.25 1.25 1.25 1.26 1.26 1.26 1.27 1.28 1.29 1.30 1.31 1.32 1.34 1.36 1.39 1.41 1.44 1.47 1.51 1.54 1.58 1.62 1.66 1.71 1.75 1.79 1.84 1.88 1.92 1.96 2.00 2.04 2.07 2.10 2.12 2.15 2.16 2.18 2.18 2.19 2.18 2.17 2.16 2.14 2.11 2.08 2.03 1.98 1.92 1.85 1.78 1.69 1.59 1.49 1.38 1.26 1.13 1.01 0.88 0.75 0.63 0.45 0.07 0.07 0.07 0.07 0.07 0.07 0.07 0.07 0.07 0.07 0.07 0.45 0.57 0.66 0.76 0.85 0.93 1.01 1.08 1.13 1.18 1.22 1.25 1.27 1.28 1.28 1.28 1.28 1.27 1.26 1.25 1.24 1.22 1.21 1.20 1.19 1.18 1.17 1.16 1.16 1.15 1.15 1.15 1.15 1.15 1.15 1.15 1.16 1.16 1.17 1.17 1.18 1.19 1.20 1.20 1.21 1.22 1.23 1.24 1.25 1.26 1.27 1.28 1.29 1.30 1.31 1.32 1.33 1.34 1.35 1.36 1.36 1.37 1.38 1.39 1.40 1.41 1.42 1.42 1.43 1.44 1.45 1.46 1.47 1.48 1.48 1.49 1.50 1.51 1.52 1.53 1.54 1.55 1.57 1.58 1.59 1.60 1.61 1.63 1.64 1.65 1.67 1.68 1.69 1.70 1.72 1.73 1.74 1.75 1.76 1.77 1.78 1.79 1.80 1.80 1.80 1.80 1.80 1.80 1.79 1.77 1.75 1.72 1.69 1.65 1.60 1.55 1.48 1.41 1.34 1.25 1.16 1.08 0.98 0.90 0.81 0.74 0.67 0.62 0.58 0.56 0.45 0.57 0.60 0.65 0.72 0.81 0.91 1.02 1.14 1.27 1.40 1.54 1.67 1.80 1.92 2.04 2.15 2.25 2.35 2.44 2.52 2.60 2.67 2.73 2.79 2.85 2.90 2.95 3.00 3.04 3.08 3.12 3.16 3.20 3.23 3.27 3.30 3.33 3.36 3.39 3.42 3.44 3.47 3.49 3.52 3.54 3.56 3.58 3.60 3.61 3.63 3.65 3.66 3.68 3.69 3.71 3.72 3.74 3.76 3.77 3.79 3.80 3.82 3.84 3.85 3.87 3.89 3.91 3.93 3.94 3.96 3.98 4.00 4.02 4.03 4.05 4.07 4.09 4.11 4.13 4.16 4.19 4.22 4.26 4.30 4.35 4.41 4.47 4.55 4.63 4.73 4.83 4.94 5.07 5.20 5.34 5.48 5.63 5.77 5.91 6.05 6.18 6.29 6.39 6.47 6.52 6.55 6.56 6.54 6.49 6.42 6.31 6.19 6.03 5.86 5.67 5.47 5.26 5.03 4.81 4.58 4.36 4.14 3.92 3.72 3.53 3.35 3.18 3.02 2.88 2.75 2.64 2.53
0.98 0.99 1.01 1.02 1.04 1.05 1.06 1.07 1.08 1.09 1.10 1.11 1.11 1.12 1.12 1.13 1.13 1.13 1.13 1.13 1.13 1.13 1.13 1.13 1.13 1.12 1.12 1.12 1.12 1.11 1.11 1.11 1.11 1.10 1.10 1.10 1.10 1.10 1.10 1.11 1.11 1.11 1.12 1.12 1.13 1.13 1.14 1.14 1.15 1.16 1.16 1.17 1.18 1.19 1.19 1.20 1.20 1.21 1.21 1.21 1.22 1.22 1.22 1.22 1.22 1.23 1.23 1.23 1.23 1.23 1.24 1.24 1.25 1.26 1.27 1.28 1.29 1.31 1.33 1.35 1.38 1.40 1.43 1.46 1.50 1.53 1.57 1.60 1.64 1.68 1.72 1.76 1.80 1.83 1.86 1.90 1.93 1.95 1.97 1.99 2.01 2.02 2.03 2.03 2.03 2.02 2.01 1.99 1.97 1.94 1.90 1.85 1.80 1.74 1.67 1.59 1.50 1.40 1.30 1.19 1.07 0.96 0.84 0.72 0.61 0.50 0.41 0.07 0.07 0.07 0.07 0.07 0.07 0.07 0.07 0.07 0.38 0.46 0.55 0.64 0.73 0.82 0.90 0.97 1.04 1.10 1.14 1.18 1.21 1.23 1.24 1.25 1.25 1.25 1.24 1.23 1.23 1.22 1.20 1.19 1.18 1.18 1.17 1.16 1.16 1.15 1.15 1.15 1.15 1.15 1.15 1.15 1.16 1.16 1.17 1.17 1.18 1.19 1.20 1.20 1.21 1.22 1.23 1.24 1.25 1.26 1.27 1.28 1.29 1.30 1.31 1.32 1.33 1.34 1.35 1.36 1.37 1.38 1.39 1.40 1.40 1.41 1.42 1.43 1.44 1.44 1.45 1.46 1.47 1.47 1.48 1.49 1.50 1.51 1.51 1.52 1.53 1.54 1.55 1.56 1.57 1.58 1.59 1.60 1.61 1.62 1.63 1.64 1.65 1.67 1.68 1.69 1.70 1.71 1.72 1.73 1.74 1.75 1.75 1.76 1.77 1.77 1.77 1.77 1.76 1.75 1.74 1.73 1.70 1.67 1.64 1.60 1.55 1.49 1.43 1.36 1.29 1.21 1.13 1.05 0.97 0.90 0.83 0.77 0.72 0.69 0.67 0.67 0.68 0.71 0.77 0.83 0.91 1.01 1.12 1.23 1.35 1.48 1.60 1.73 1.85 1.97 2.08 2.19 2.29 2.38 2.46 2.54 2.62 2.69 2.75 2.81 2.86 2.91 2.96 3.01 3.05 3.10 3.14 3.18 3.21 3.25 3.28 3.32 3.35 3.38 3.41 3.44 3.46 3.49 3.51 3.54 3.56 3.58 3.60 3.62 3.64 3.66 3.67 3.69 3.71 3.72 3.74 3.76 3.77 3.79 3.81 3.83 3.85 3.87 3.88 3.90 3.92 3.94 3.96 3.98 4.00 4.03 4.05 4.07 4.08 4.10 4.12 4.14 4.16 4.18 4.20 4.23 4.25 4.28 4.31 4.35 4.39 4.44 4.49 4.56 4.63 4.71 4.79 4.89 4.99 5.11 5.22 5.34 5.47 5.59 5.71 5.82 5.93 6.02 6.10 6.17 6.21 6.23 6.23 6.21 6.16 6.08 5.99 5.86 5.72 5.56 5.39 5.20 5.00 4.80 4.59 4.38 4.18 3.98 3.78 3.60 3.42 3.26 3.10 2.96 2.83 2.71 2.60 2.51
1.00 1.01 1.03 1.04 1.06 1.07 1.08 1.09 1.10 1.11 1.12 1.13 1.14 1.14 1.14 1.15 1.15 1.15 1.15 1.15 1.15 1.15 1.15 1.15 1.15 1.14 1.14 1.14 1.13 1.13 1.13 1.12 1.12 1.12 1.11 1.11 1.11 1.11 1.11 1.11 1.11 1.11 1.12 1.12 1.12 1.13 1.13 1.14 1.14 1.15 1.16 1.16 1.17 1.17 1.18 1.18 1.19 1.19 1.19 1.20 1.20 1.20 1.20 1.20 1.20 1.20 1.20 1.20 1.20 1.21 1.21 1.21 1.22 1.22 1.23 1.24 1.25 1.26 1.28 1.30 1.32 1.34 1.36 1.39 1.42 1.45 1.48 1.51 1.55 1.58 1.61 1.65 1.68 1.71 1.74 1.77 1.79 1.82 1.84 1.86 1.87 1.88 1.89 1.89 1.89 1.89 1.87 1.86 1.84 1.81 1.78 1.74 1.69 1.63 1.57 1.50 1.42 1.33 1.24 1.13 1.03 0.92 0.81 0.70 0.60 0.50 0.41 0.07 0.07 0.07 0.07 0.07 0.07 0.07 0.07 0.07 0.39 0.46 0.54 0.63 0.72 0.80 0.88 0.95 1.01 1.06 1.11 1.15 1.18 1.20 1.21 1.22 1.22 1.22 1.22 1.21 1.20 1.20 1.19 1.18 1.17 1.16 1.16 1.15 1.15 1.15 1.15 1.14 1.15 1.15 1.15 1.15 1.16 1.17 1.17 1.18 1.19 1.20 1.21 1.22 1.23 1.24 1.25 1.26 1.27 1.28 1.29 1.30 1.31 1.32 1.33 1.34 1.35 1.36 1.37 1.38 1.39 1.40 1.41 1.41 1.42 1.43 1.44 1.44 1.45 1.46 1.46 1.47 1.48 1.48 1.49 1.50 1.50 1.51 1.52 1.52 1.53 1.54 1.55 1.55 1.56 1.57 1.58 1.59 1.60 1.61 1.62 1.62 1.63 1.64 1.65 1.66 1.67 1.68 1.69 1.70 1.71 1.72 1.72 1.73 1.73 1.74 1.74 1.74 1.74 1.73 1.72 1.71 1.69 1.66 1.63 1.60 1.56 1.51 1.45 1.39 1.33 1.26 1.19 1.12 1.05 0.98 0.92 0.87 0.83 0.80 0.79 0.79 0.80 0.84 0.88 0.95 1.03 1.11 1.21 1.32 1.44 1.55 1.67 1.79 1.90 2.02 2.12 2.22 2.32 2.41 2.49 2.57 2.64 2.70 2.77 2.82 2.88 2.93 2.98 3.02 3.07 3.11 3.15 3.19 3.23 3.26 3.30 3.33 3.36 3.39 3.42 3.45 3.48 3.51 3.53 3.55 3.58 3.60 3.62 3.64 3.66 3.68 3.70 3.72 3.73 3.75 3.77 3.79 3.81 3.83 3.85 3.87 3.89 3.91 3.93 3.95 3.98 4.00 4.02 4.05 4.07 4.09 4.11 4.13 4.16 4.18 4.20 4.22 4.24 4.26 4.28 4.30 4.32 4.34 4.37 4.40 4.44 4.47 4.52 4.57 4.63 4.69 4.76 4.84 4.93 5.02 5.12 5.22 5.32 5.42 5.52 5.61 5.70 5.77 5.84 5.88 5.92 5.93 5.92 5.89 5.84 5.77 5.67 5.56 5.43 5.28 5.12 4.95 4.76 4.58 4.39 4.20 4.01 3.83 3.65 3.48 3.32 3.17 3.03 2.90 2.78 2.67 2.57 2.48
1.02 1.03 1.05 1.06 1.08 1.09 1.10 1.11 1.12 1.13 1.14 1.15 1.16 1.16 1.17 1.17 1.17 1.17 1.18 1.18 1.17 1.17 1.17 1.17 1.17 1.16 1.16 1.15 1.15 1.15 1.14 1.14 1.13 1.13 1.13 1.12 1.12 1.12 1.12 1.12 1.12 1.12 1.12 1.12 1.12 1.13 1.13 1.13 1.14 1.14 1.15 1.15 1.16 1.16 1.16 1.17 1.17 1.18 1.18 1.18 1.18 1.18 1.18 1.18 1.18 1.18 1.18 1.18 1.18 1.18 1.18 1.18 1.19 1.19 1.20 1.20 1.21 1.22 1.24 1.25 1.27 1.29 1.31 1.33 1.35 1.38 1.40 1.43 1.46 1.49 1.52 1.55 1.58 1.60 1.63 1.65 1.68 1.70 1.72 1.73 1.75 1.76 1.76 1.77 1.77 1.76 1.75 1.74 1.72 1.70 1.67 1.63 1.59 1.54 1.49 1.42 1.35 1.27 1.18 1.09 1.00 0.90 0.80 0.70 0.60 0.51 0.43 0.07 0.07 0.07 0.07 0.07 0.07 0.07 0.07 0.07 0.41 0.48 0.55 0.63 0.71 0.79 0.86 0.93 0.99 1.04 1.09 1.12 1.15 1.17 1.18 1.19 1.20 1.20 1.20 1.19 1.19 1.18 1.17 1.17 1.16 1.16 1.15 1.15 1.15 1.14 1.14 1.14 1.15 1.15 1.15 1.16 1.17 1.17 1.18 1.19 1.20 1.21 1.22 1.23 1.24 1.25 1.26 1.27 1.28 1.29 1.30 1.32 1.33 1.34 1.35 1.36 1.37 1.38 1.39 1.40 1.41 1.42 1.42 1.43 1.44 1.45 1.45 1.46 1.47 1.47 1.48 1.48 1.49 1.50 1.50 1.51 1.51 1.52 1.52 1.53 1.53 1.54 1.55 1.55 1.56 1.57 1.57 1.58 1.59 1.60 1.60 1.61 1.62 1.63 1.64 1.64 1.65 1.66 1.67 1.68 1.68 1.69 1.70 1.70 1.71 1.71 1.72 1.72 1.71 1.71 1.70 1.69 1.68 1.66 1.63 1.60 1.57 1.53 1.48 1.43 1.37 1.31 1.25 1.19 1.13 1.07 1.02 0.98 0.94 0.92 0.91 0.91 0.93 0.96 1.01 1.07 1.14 1.22 1.32 1.42 1.52 1.63 1.74 1.85 1.96 2.06 2.17 2.26 2.35 2.44 2.51 2.59 2.66 2.72 2.78 2.84 2.89 2.94 2.99 3.03 3.08 3.12 3.16 3.20 3.24 3.28 3.31 3.34 3.38 3.41 3.44 3.47 3.50 3.52 3.55 3.57 3.60 3.62 3.64 3.66 3.68 3.70 3.72 3.74 3.76 3.78 3.80 3.82 3.84 3.86 3.89 3.91 3.93 3.95 3.98 4.00 4.03 4.06 4.08 4.11 4.13 4.16 4.18 4.21 4.23 4.25 4.27 4.30 4.32 4.34 4.35 4.37 4.39 4.41 4.44 4.46 4.49 4.52 4.55 4.59 4.64 4.69 4.74 4.81 4.87 4.95 5.02 5.10 5.18 5.26 5.34 5.41 5.48 5.54 5.59 5.62 5.64 5.64 5.63 5.59 5.54 5.47 5.38 5.27 5.15 5.01 4.86 4.71 4.54 4.37 4.20 4.03 3.85 3.69 3.53 3.37 3.23 3.09 2.96 2.84 2.73 2.63 2.54 2.46
1.03 1.05 1.07 1.08 1.10 1.11 1.12 1.14 1.15 1.16 1.16 1.17 1.18 1.18 1.19 1.19 1.19 1.20 1.20 1.20 1.20 1.19 1.19 1.19 1.18 1.18 1.18 1.17 1.17 1.16 1.16 1.15 1.15 1.14 1.14 1.13 1.13 1.13 1.13 1.12 1.12 1.12 1.12 1.12 1.12 1.13 1.13 1.13 1.13 1.14 1.14 1.14 1.15 1.15 1.15 1.16 1.16 1.16 1.16 1.17 1.17 1.17 1.17 1.17 1.17 1.17 1.16 1.16 1.16 1.16 1.16 1.16 1.16 1.17 1.17 1.17 1.18 1.19 1.20 1.21 1.22 1.24 1.25 1.27 1.29 1.31 1.34 1.36 1.38 1.41 1.43 1.46 1.48 1.51 1.53 1.55 1.57 1.59 1.61 1.62 1.63 1.64 1.65 1.65 1.65 1.65 1.65 1.63 1.62 1.60 1.57 1.54 1.51 1.46 1.41 1.36 1.29 1.22 1.14 1.06 0.98 0.89 0.79 0.70 0.62 0.53 0.46 0.39 0.07 0.07 0.07 0.07 0.07 0.07 0.07 0.38 0.44 0.50 0.57 0.65 0.72 0.79 0.86 0.92 0.98 1.03 1.07 1.10 1.13 1.15 1.16 1.17 1.18 1.18 1.18 1.18 1.17 1.17 1.16 1.16 1.15 1.15 1.15 1.14 1.14 1.14 1.14 1.15 1.15 1.15 1.16 1.17 1.17 1.18 1.19 1.20 1.21 1.22 1.23 1.24 1.25 1.26 1.27 1.29 1.30 1.31 1.32 1.33 1.35 1.36 1.37 1.38 1.39 1.40 1.41 1.42 1.43 1.44 1.44 1.45 1.46 1.47 1.47 1.48 1.48 1.49 1.50 1.50 1.51 1.51 1.51 1.52 1.52 1.53 1.53 1.54 1.54 1.54 1.55 1.55 1.56 1.56 1.57 1.58 1.58 1.59 1.59 1.60 1.61 1.61 1.62 1.63 1.64 1.64 1.65 1.66 1.66 1.67 1.68 1.68 1.69 1.69 1.70 1.70 1.70 1.69 1.69 1.68 1.67 1.65 1.63 1.61 1.58 1.54 1.51 1.46 1.41 1.36 1.31 1.26 1.21 1.16 1.12 1.08 1.05 1.04 1.03 1.03 1.05 1.08 1.13 1.19 1.25 1.33 1.42 1.51 1.61 1.71 1.81 1.92 2.02 2.11 2.21 2.30 2.38 2.46 2.54 2.61 2.67 2.74 2.80 2.85 2.90 2.95 3.00 3.05 3.09 3.13 3.17 3.21 3.25 3.29 3.32 3.36 3.39 3.42 3.45 3.48 3.51 3.54 3.56 3.59 3.61 3.63 3.66 3.68 3.70 3.72 3.74 3.76 3.79 3.81 3.83 3.85 3.87 3.90 3.92 3.95 3.97 4.00 4.03 4.06 4.08 4.11 4.14 4.17 4.20 4.23 4.26 4.28 4.31 4.33 4.36 4.38 4.40 4.42 4.44 4.45 4.47 4.49 4.51 4.53 4.55 4.57 4.59 4.62 4.66 4.69 4.73 4.78 4.83 4.88 4.94 5.00 5.06 5.12 5.18 5.23 5.28 5.32 5.36 5.38 5.38 5.38 5.35 5.32 5.26 5.19 5.10 5.00 4.89 4.76 4.63 4.48 4.33 4.18 4.02 3.86 3.71 3.56 3.41 3.27 3.14 3.02 2.90 2.79 2.69 2.60 2.52 2.44
1.05 1.07 1.09 1.10 1.12 1.13 1.14 1.16 1.17 1.18 1.19 1.19 1.20 1.21 1.21 1.21 1.22 1.22 1.22 1.22 1.22 1.21 1.21 1.21 1.20 1.20 1.20 1.19 1.18 1.18 1.17 1.17 1.16 1.16 1.15 1.15 1.14 1.14 1.13 1.13 1.13 1.13 1.12 1.12 1.12 1.13 1.13 1.13 1.13 1.13 1.13 1.14 1.14 1.14 1.15 1.15 1.15 1.15 1.15 1.16 1.16 1.16 1.16 1.16 1.15 1.15 1.15 1.15 1.15 1.15 1.15 1.15 1.15 1.15 1.15 1.15 1.16 1.16 1.17 1.18 1.19 1.20 1.21 1.23 1.24 1.26 1.28 1.30 1.32 1.34 1.36 1.38 1.40 1.42 1.44 1.46 1.48 1.50 1.51 1.52 1.54 1.54 1.55 1.55 1.56 1.55 1.55 1.54 1.53 1.51 1.49 1.47 1.43 1.40 1.35 1.30 1.25 1.18 1.11 1.04 0.96 0.88 0.80 0.72 0.64 0.57 0.50 0.44 0.39 0.36 0.33 0.07 0.33 0.35 0.38 0.43 0.48 0.54 0.60 0.67 0.74 0.80 0.86 0.92 0.97 1.02 1.06 1.09 1.11 1.13 1.15 1.15 1.16 1.16 1.16 1.16 1.16 1.16 1.15 1.15 1.15 1.14 1.14 1.14 1.14 1.14 1.15 1.15 1.15 1.16 1.17 1.17 1.18 1.19 1.20 1.21 1.22 1.23 1.24 1.25 1.27 1.28 1.29 1.30 1.32 1.33 1.34 1.35 1.37 1.38 1.39 1.40 1.41 1.42 1.43 1.44 1.45 1.46 1.47 1.47 1.48 1.49 1.49 1.50 1.51 1.51 1.51 1.52 1.52 1.53 1.53 1.53 1.54 1.54 1.54 1.55 1.55 1.55 1.56 1.56 1.56 1.57 1.57 1.57 1.58 1.58 1.59 1.59 1.60 1.61 1.61 1.62 1.62 1.63 1.64 1.64 1.65 1.66 1.66 1.67 1.67 1.68 1.68 1.68 1.68 1.68 1.68 1.67 1.67 1.65 1.64 1.62 1.59 1.57 1.53 1.50 1.46 1.42 1.37 1.33 1.29 1.25 1.21 1.19 1.16 1.15 1.15 1.16 1.17 1.21 1.25 1.30 1.37 1.44 1.52 1.61 1.70 1.79 1.88 1.98 2.07 2.16 2.25 2.33 2.41 2.49 2.56 2.63 2.69 2.75 2.81 2.86 2.91 2.96 3.01 3.06 3.10 3.14 3.18 3.22 3.26 3.30 3.33 3.37 3.40 3.43 3.46 3.49 3.52 3.55 3.58 3.60 3.63 3.65 3.67 3.70 3.72 3.74 3.76 3.79 3.81 3.83 3.86 3.88 3.91 3.93 3.96 3.99 4.02 4.05 4.08 4.11 4.14 4.17 4.20 4.24 4.27 4.30 4.33 4.36 4.39 4.42 4.44 4.47 4.49 4.51 4.53 4.54 4.56 4.57 4.58 4.60 4.61 4.63 4.64 4.66 4.68 4.71 4.73 4.77 4.80 4.84 4.88 4.92 4.96 5.00 5.04 5.08 5.11 5.13 5.15 5.15 5.15 5.13 5.11 5.06 5.01 4.94 4.85 4.76 4.65 4.54 4.41 4.28 4.14 4.00 3.86 3.72 3.58 3.44 3.31 3.19 3.07 2.95 2.85 2.75 2.66 2.57 2.50 2.43
1.07 1.09 1.11 1.12 1.14 1.15 1.16 1.18 1.19 1.20 1.21 1.22 1.22 1.23 1.23 1.24 1.24 1.24 1.24 1.24 1.24 1.24 1.23 1.23 1.22 1.22 1.21 1.21 1.20 1.19 1.19 1.18 1.18 1.17 1.16 1.16 1.15 1.15 1.14 1.14 1.13 1.13 1.13 1.13 1.13 1.13 1.13 1.13 1.13 1.13 1.13 1.13 1.14 1.14 1.14 1.14 1.15 1.15 1.15 1.15 1.15 1.15 1.15 1.15 1.15 1.15 1.14 1.14 1.14 1.14 1.14 1.14 1.13 1.13 1.13 1.14 1.14 1.14 1.15 1.15 1.16 1.17 1.18 1.19 1.20 1.21 1.23 1.25 1.26 1.28 1.30 1.31 1.33 1.35 1.37 1.38 1.40 1.41 1.43 1.44 1.45 1.46 1.46 1.47 1.47 1.47 1.47 1.46 1.45 1.44 1.42 1.40 1.37 1.34 1.30 1.26 1.21 1.15 1.09 1.03 0.96 0.89 0.82 0.74 0.67 0.61 0.54 0.49 0.45 0.42 0.40 0.39 0.39 0.41 0.44 0.48 0.53 0.58 0.64 0.70 0.76 0.82 0.87 0.93 0.97 1.01 1.05 1.08 1.10 1.12 1.13 1.14 1.15 1.15 1.15 1.15 1.15 1.15 1.15 1.14 1.14 1.14 1.14 1.14 1.14 1.15 1.15 1.15 1.16 1.17 1.17 1.18 1.19 1.20 1.21 1.22 1.23 1.25 1.26 1.27 1.28 1.30 1.31 1.32 1.34 1.35 1.36 1.38 1.39 1.40 1.41 1.42 1.44 1.45 1.46 1.47 1.48 1.48 1.49 1.50 1.51 1.51 1.52 1.52 1.53 1.53 1.54 1.54 1.54 1.55 1.55 1.55 1.55 1.55 1.56 1.56 1.56 1.56 1.56 1.57 1.57 1.57 1.57 1.58 1.58 1.58 1.59 1.59 1.59 1.60 1.60 1.61 1.61 1.62 1.63 1.63 1.64 1.64 1.65 1.65 1.66 1.66 1.67 1.67 1.67 1.67 1.67 1.67 1.66 1.65 1.64 1.63 1.61 1.59 1.56 1.53 1.50 1.47 1.43 1.40 1.37 1.33 1.31 1.28 1.27 1.26 1.26 1.27 1.29 1.32 1.36 1.41 1.47 1.54 1.62 1.70 1.78 1.86 1.95 2.04 2.13 2.21 2.29 2.37 2.44 2.52 2.58 2.65 2.71 2.77 2.82 2.87 2.92 2.97 3.02 3.06 3.11 3.15 3.19 3.23 3.27 3.31 3.34 3.38 3.41 3.44 3.47 3.50 3.53 3.56 3.59 3.61 3.64 3.66 3.69 3.71 3.74 3.76 3.78 3.81 3.83 3.86 3.88 3.91 3.94 3.97 4.00 4.03 4.06 4.09 4.13 4.16 4.20 4.23 4.27 4.31 4.34 4.38 4.41 4.45 4.48 4.51 4.54 4.56 4.58 4.60 4.62 4.64 4.65 4.66 4.67 4.68 4.69 4.70 4.70 4.71 4.72 4.73 4.75 4.76 4.78 4.80 4.83 4.85 4.87 4.90 4.92 4.94 4.95 4.96 4.96 4.96 4.94 4.92 4.88 4.84 4.78 4.71 4.63 4.54 4.44 4.33 4.22 4.09 3.97 3.84 3.71 3.59 3.46 3.34 3.22 3.11 3.00 2.90 2.80 2.71 2.63 2.55 2.48 2.42
1.09 1.11 1.13 1.14 1.16 1.17 1.19 1.20 1.21 1.22 1.23 1.24 1.24 1.25 1.25 1.26 1.26 1.26 1.26 1.26 1.26 1.26 1.25 1.25 1.24 1.24 1.23 1.23 1.22 1.21 1.20 1.20 1.19 1.18 1.18 1.17 1.16 1.16 1.15 1.15 1.14 1.14 1.13 1.13 1.13 1.13 1.13 1.13 1.13 1.13 1.13 1.13 1.13 1.14 1.14 1.14 1.14 1.14 1.15 1.15 1.15 1.15 1.15 1.15 1.15 1.14 1.14 1.14 1.14 1.14 1.13 1.13 1.13 1.13 1.13 1.13 1.13 1.13 1.13 1.13 1.14 1.14 1.15 1.16 1.17 1.18 1.19 1.20 1.22 1.23 1.24 1.26 1.27 1.29 1.30 1.32 1.33 1.34 1.36 1.37 1.38 1.38 1.39 1.39 1.40 1.40 1.40 1.39 1.38 1.37 1.36 1.34 1.32 1.29 1.26 1.22 1.18 1.13 1.08 1.02 0.96 0.90 0.84 0.77 0.71 0.65 0.60 0.55 0.51 0.48 0.46 0.46 0.46 0.48 0.50 0.54 0.58 0.63 0.68 0.73 0.79 0.84 0.89 0.94 0.98 1.02 1.05 1.07 1.10 1.11 1.12 1.13 1.14 1.14 1.14 1.14 1.14 1.14 1.14 1.14 1.14 1.14 1.14 1.14 1.15 1.15 1.15 1.16 1.17 1.17 1.18 1.19 1.20 1.21 1.22 1.23 1.25 1.26 1.27 1.29 1.30 1.32 1.33 1.34 1.36 1.37 1.39 1.40 1.41 1.43 1.44 1.45 1.46 1.47 1.48 1.49 1.50 1.51 1.52 1.53 1.53 1.54 1.54 1.55 1.55 1.56 1.56 1.56 1.56 1.57 1.57 1.57 1.57 1.57 1.57 1.57 1.57 1.57 1.57 1.58 1.58 1.58 1.58 1.58 1.58 1.58 1.59 1.59 1.59 1.60 1.60 1.60 1.61 1.61 1.62 1.62 1.63 1.63 1.64 1.64 1.65 1.65 1.66 1.66 1.67 1.67 1.67 1.67 1.66 1.66 1.65 1.64 1.62 1.61 1.59 1.57 1.54 1.52 1.49 1.46 1.44 1.41 1.39 1.38 1.37 1.36 1.37 1.38 1.40 1.43 1.47 1.52 1.58 1.64 1.71 1.78 1.86 1.93 2.02 2.10 2.18 2.25 2.33 2.40 2.47 2.54 2.60 2.67 2.72 2.78 2.83 2.88 2.93 2.98 3.03 3.07 3.12 3.16 3.20 3.24 3.28 3.31 3.35 3.38 3.42 3.45 3.48 3.51 3.54 3.57 3.60 3.63 3.65 3.68 3.70 3.73 3.75 3.78 3.80 3.83 3.85 3.88 3.91 3.94 3.97 4.00 4.03 4.07 4.10 4.14 4.18 4.22 4.26 4.30 4.34 4.38 4.42 4.46 4.50 4.54 4.57 4.60 4.63 4.66 4.69 4.71 4.73 4.74 4.75 4.76 4.77 4.77 4.77 4.77 4.77 4.77 4.77 4.77 4.77 4.78 4.78 4.79 4.79 4.80 4.80 4.81 4.82 4.82 4.82 4.81 4.80 4.79 4.76 4.73 4.69 4.64 4.58 4.51 4.43 4.34 4.25 4.15 4.04 3.93 3.82 3.70 3.59 3.47 3.36 3.25 3.14 3.04 2.94 2.85 2.76 2.68 2.61 2.54 2.47 2.41
1.11 1.13 1.14 1.16 1.18 1.19 1.21 1.22 1.23 1.24 1.25 1.26 1.26 1.27 1.27 1.28 1.28 1.28 1.28 1.28 1.28 1.28 1.27 1.27 1.26 1.26 1.25 1.24 1.24 1.23 1.22 1.21 1.20 1.20 1.19 1.18 1.17 1.17 1.16 1.15 1.15 1.14 1.14 1.14 1.14 1.13 1.13 1.13 1.13 1.13 1.13 1.13 1.14 1.14 1.14 1.14 1.14 1.15 1.15 1.15 1.15 1.15 1.15 1.15 1.15 1.15 1.15 1.14 1.14 1.14 1.14 1.13 1.13 1.13 1.13 1.12 1.12 1.12 1.12 1.12 1.13 1.13 1.13 1.14 1.14 1.15 1.16 1.17 1.18 1.19 1.20 1.21 1.23 1.24 1.25 1.26 1.27 1.28 1.29 1.30 1.31 1.32 1.33 1.33 1.33 1.34 1.34 1.33 1.33 1.32 1.31 1.29 1.28 1.25 1.23 1.20 1.16 1.12 1.07 1.02 0.97 0.92 0.86 0.80 0.75 0.70 0.65 0.61 0.57 0.55 0.53 0.53 0.53 0.54 0.57 0.60 0.63 0.68 0.72 0.77 0.82 0.87 0.91 0.95 0.99 1.02 1.05 1.07 1.09 1.11 1.12 1.13 1.13 1.14 1.14 1.14 1.14 1.14 1.14 1.14 1.14 1.14 1.14 1.15 1.15 1.15 1.16 1.17 1.17 1.18 1.19 1.20 1.21 1.22 1.24 1.25 1.26 1.28 1.29 1.31 1.32 1.34 1.35 1.37 1.38 1.40 1.41 1.42 1.44 1.45 1.46 1.48 1.49 1.50 1.51 1.52 1.53 1.54 1.55 1.55 1.56 1.57 1.57 1.58 1.58 1.58 1.59 1.59 1.59 1.59 1.59 1.59 1.59 1.59 1.59 1.59 1.59 1.59 1.59 1.59 1.59 1.59 1.59 1.59 1.59 1.59 1.59 1.59 1.59 1.60 1.60 1.60 1.60 1.61 1.61 1.62 1.62 1.63 1.63 1.64 1.64 1.65 1.65 1.66 1.66 1.66 1.66 1.66 1.66 1.66 1.66 1.65 1.64 1.63 1.61 1.60 1.58 1.56 1.54 1.52 1.50 1.49 1.47 1.46 1.46 1.46 1.47 1.48 1.50 1.53 1.57 1.62 1.67 1.73 1.79 1.86 1.93 2.00 2.07 2.15 2.22 2.29 2.36 2.43 2.50 2.56 2.62 2.68 2.74 2.79 2.84 2.89 2.94 2.99 3.03 3.08 3.12 3.16 3.20 3.24 3.28 3.32 3.36 3.39 3.42 3.46 3.49 3.52 3.55 3.58 3.61 3.63 3.66 3.69 3.71 3.74 3.77 3.79 3.82 3.85 3.87 3.90 3.93 3.97 4.00 4.03 4.07 4.11 4.15 4.19 4.23 4.27 4.32 4.36 4.41 4.46 4.50 4.55 4.59 4.63 4.67 4.71 4.74 4.77 4.80 4.82 4.84 4.85 4.86 4.87 4.87 4.87 4.87 4.86 4.86 4.85 4.84 4.83 4.81 4.80 4.79 4.78 4.77 4.76 4.76 4.75 4.74 4.72 4.71 4.69 4.67 4.64 4.60 4.56 4.52 4.46 4.40 4.33 4.26 4.17 4.08 3.99 3.89 3.79 3.69 3.58 3.48 3.37 3.27 3.17 3.07 2.98 2.89 2.81 2.73 2.66 2.59 2.52 2.46 2.41
1.13 1.14 1.16 1.18 1.20 1.21 1.22 1.24 1.25 1.26 1.27 1.28 1.28 1.29 1.29 1.30 1.30 1.30 1.30 1.30 1.30 1.30 1.29 1.29 1.28 1.27 1.27 1.26 1.25 1.24 1.24 1.23 1.22 1.21 1.20 1.19 1.19 1.18 1.17 1.16 1.16 1.15 1.15 1.14 1.14 1.14 1.14 1.14 1.14 1.14 1.14 1.14 1.14 1.14 1.14 1.15 1.15 1.15 1.15 1.16 1.16 1.16 1.16 1.16 1.16 1.16 1.16 1.15 1.15 1.15 1.15 1.14 1.14 1.14 1.13 1.13 1.13 1.12 1.12 1.12 1.12 1.12 1.12 1.13 1.13 1.13 1.14 1.15 1.15 1.16 1.17 1.18 1.19 1.20 1.21 1.22 1.23 1.24 1.24 1.25 1.26 1.27 1.27 1.28 1.28 1.28 1.29 1.28 1.28 1.28 1.27 1.26 1.24 1.22 1.20 1.18 1.14 1.11 1.07 1.03 0.98 0.94 0.89 0.84 0.79 0.75 0.71 0.67 0.64 0.62 0.60 0.60 0.60 0.61 0.63 0.66 0.69 0.73 0.77 0.81 0.85 0.89 0.93 0.97 1.00 1.03 1.06 1.08 1.10 1.11 1.12 1.13 1.13 1.13 1.14 1.14 1.14 1.14 1.14 1.14 1.14 1.14 1.15 1.15 1.15 1.16 1.17 1.17 1.18 1.19 1.20 1.21 1.23 1.24 1.25 1.27 1.28 1.30 1.31 1.33 1.34 1.36 1.37 1.39 1.40 1.42 1.44 1.45 1.47 1.48 1.49 1.51 1.52 1.53 1.54 1.55 1.56 1.57 1.58 1.59 1.59 1.60 1.60 1.61 1.61 1.61 1.61 1.61 1.62 1.62 1.62 1.61 1.61 1.61 1.61 1.61 1.61 1.60 1.60 1.60 1.60 1.60 1.60 1.60 1.60 1.59 1.59 1.60 1.60 1.60 1.60 1.60 1.60 1.61 1.61 1.61 1.62 1.62 1.63 1.63 1.64 1.64 1.65 1.65 1.66 1.66 1.66 1.66 1.67 1.67 1.66 1.66 1.65 1.65 1.64 1.63 1.62 1.60 1.59 1.58 1.56 1.55 1.54 1.54 1.54 1.55 1.56 1.57 1.60 1.63 1.66 1.70 1.75 1.81 1.87 1.93 1.99 2.06 2.13 2.19 2.26 2.33 2.39 2.46 2.52 2.58 2.64 2.69 2.75 2.80 2.85 2.90 2.95 2.99 3.04 3.08 3.13 3.17 3.21 3.25 3.29 3.32 3.36 3.40 3.43 3.46 3.49 3.53 3.56 3.59 3.61 3.64 3.67 3.70 3.72 3.75 3.78 3.81 3.83 3.86 3.89 3.93 3.96 3.99 4.03 4.07 4.11 4.15 4.19 4.24 4.29 4.33 4.38 4.44 4.49 4.54 4.59 4.64 4.69 4.73 4.78 4.82 4.86 4.89 4.92 4.94 4.96 4.98 4.99 4.99 4.99 4.99 4.98 4.97 4.95 4.93 4.91 4.89 4.87 4.85 4.82 4.80 4.77 4.75 4.73 4.70 4.68 4.65 4.62 4.59 4.55 4.52 4.47 4.43 4.37 4.31 4.25 4.18 4.11 4.03 3.94 3.85 3.76 3.67 3.57 3.48 3.38 3.29 3.19 3.10 3.02 2.93 2.85 2.78 2.71 2.64 2.58 2.52 2.46 2.41
1.14 1.16 1.18 1.20 1.21 1.23 1.24 1.26 1.27 1.28 1.29 1.30 1.30 1.31 1.31 1.32 1.32 1.32 1.32 1.32 1.32 1.31 1.31 1.31 1.30 1.29 1.29 1.28 1.27 1.26 1.25 1.24 1.23 1.22 1.21 1.21 1.20 1.19 1.18 1.17 1.17 1.16 1.16 1.15 1.15 1.15 1.15 1.14 1.14 1.14 1.15 1.15 1.15 1.15 1.15 1.16 1.16 1.16 1.17 1.17 1.17 1.17 1.17 1.18 1.18 1.18 1.17 1.17 1.17 1.17 1.16 1.16 1.16 1.15 1.15 1.14 1.14 1.14 1.13 1.13 1.13 1.13 1.12 1.12 1.12 1.13 1.13 1.13 1.14 1.14 1.15 1.15 1.16 1.17 1.17 1.18 1.19 1.20 1.20 1.21 1.22 1.23 1.23 1.24 1.24 1.24 1.25 1.25 1.24 1.24 1.24 1.23 1.22 1.20 1.18 1.16 1.14 1.11 1.08 1.04 1.00 0.96 0.92 0.88 0.84 0.80 0.76 0.73 0.71 0.69 0.67 0.67 0.67 0.68 0.70 0.72 0.75 0.78 0.82 0.85 0.89 0.93 0.96 0.99 1.02 1.05 1.07 1.09 1.10 1.11 1.12 1.13 1.13 1.14 1.14 1.14 1.14 1.14 1.14 1.14 1.15 1.15 1.15 1.16 1.16 1.17 1.18 1.18 1.19 1.20 1.22 1.23 1.24 1.25 1.27 1.28 1.30 1.31 1.33 1.35 1.36 1.38 1.40 1.41 1.43 1.45 1.46 1.48 1.49 1.51 1.52 1.54 1.55 1.56 1.57 1.58 1.59 1.60 1.61 1.62 1.62 1.63 1.63 1.64 1.64 1.64 1.64 1.64 1.64 1.64 1.64 1.64 1.64 1.64 1.63 1.63 1.63 1.62 1.62 1.62 1.61 1.61 1.61 1.61 1.61 1.60 1.60 1.60 1.60 1.60 1.60 1.60 1.60 1.61 1.61 1.61 1.62 1.62 1.62 1.63 1.63 1.64 1.64 1.65 1.65 1.66 1.66 1.67 1.67 1.67 1.67 1.67 1.67 1.66 1.66 1.65 1.65 1.64 1.63 1.62 1.62 1.61 1.61 1.61 1.61 1.62 1.64 1.65 1.68 1.71 1.74 1.78 1.83 1.88 1.93 1.99 2.05 2.11 2.17 2.24 2.30 2.36 2.42 2.48 2.54 2.60 2.65 2.71 2.76 2.81 2.86 2.91 2.95 3.00 3.04 3.09 3.13 3.17 3.21 3.25 3.29 3.33 3.36 3.40 3.43 3.47 3.50 3.53 3.56 3.59 3.62 3.65 3.68 3.70 3.73 3.76 3.79 3.82 3.85 3.88 3.91 3.95 3.98 4.02 4.06 4.10 4.15 4.19 4.24 4.29 4.34 4.40 4.45 4.51 4.57 4.62 4.68 4.74 4.79 4.84 4.89 4.94 4.98 5.02 5.05 5.08 5.10 5.11 5.12 5.12 5.12 5.11 5.10 5.08 5.06 5.03 5.00 4.97 4.94 4.90 4.87 4.83 4.79 4.75 4.71 4.68 4.64 4.60 4.55 4.51 4.47 4.42 4.37 4.31 4.25 4.19 4.13 4.05 3.98 3.90 3.82 3.74 3.65 3.57 3.48 3.39 3.30 3.22 3.13 3.05 2.97 2.90 2.82 2.75 2.69 2.63 2.57 2.51 2.46 2.41
1.16 1.18 1.20 1.22 1.23 1.25 1.26 1.28 1.29 1.30 1.31 1.32 1.32 1.33 1.33 1.34 1.34 1.34 1.34 1.34 1.34 1.33 1.33 1.32 1.32 1.31 1.30 1.29 1.29 1.28 1.27 1.26 1.25 1.24 1.23 1.22 1.21 1.20 1.19 1.19 1.18 1.17 1.17 1.16 1.16 1.16 1.15 1.15 1.15 1.15 1.16 1.16 1.16 1.16 1.17 1.17 1.18 1.18 1.18 1.19 1.19 1.19 1.20 1.20 1.20 1.20 1.20 1.20 1.20 1.19 1.19 1.19 1.18 1.18 1.17 1.17 1.16 1.16 1.15 1.15 1.14 1.14 1.13 1.13 1.13 1.13 1.13 1.13 1.13 1.13 1.13 1.14 1.14 1.14 1.15 1.16 1.16 1.17 1.17 1.18 1.19 1.19 1.20 1.20 1.21 1.21 1.21 1.22 1.22 1.21 1.21 1.21 1.20 1.19 1.17 1.16 1.14 1.11 1.09 1.06 1.02 0.99 0.95 0.92 0.88 0.85 0.82 0.79 0.77 0.75 0.74 0.74 0.74 0.75 0.76 0.78 0.81 0.84 0.87 0.90 0.93 0.96 0.99 1.02 1.04 1.06 1.08 1.10 1.11 1.12 1.13 1.13 1.13 1.14 1.14 1.14 1.14 1.14 1.15 1.15 1.15 1.15 1.16 1.16 1.17 1.18 1.19 1.19 1.21 1.22 1.23 1.24 1.26 1.27 1.29 1.30 1.32 1.33 1.35 1.37 1.39 1.41 1.42 1.44 1.46 1.48 1.49 1.51 1.53 1.54 1.56 1.57 1.58 1.60 1.61 1.62 1.63 1.64 1.65 1.65 1.66 1.66 1.67 1.67 1.67 1.67 1.68 1.67 1.67 1.67 1.67 1.67 1.66 1.66 1.66 1.65 1.65 1.64 1.64 1.64 1.63 1.63 1.62 1.62 1.62 1.61 1.61 1.61 1.61 1.61 1.61 1.61 1.61 1.61 1.61 1.61 1.62 1.62 1.62 1.63 1.63 1.64 1.64 1.65 1.65 1.66 1.66 1.67 1.67 1.67 1.68 1.68 1.68 1.68 1.68 1.68 1.67 1.67 1.67 1.67 1.66 1.66 1.67 1.67 1.68 1.69 1.70 1.72 1.75 1.78 1.81 1.85 1.89 1.94 1.99 2.04 2.10 2.16 2.21 2.27 2.33 2.39 2.45 2.50 2.56 2.61 2.66 2.72 2.77 2.82 2.86 2.91 2.96 3.00 3.04 3.09 3.13 3.17 3.21 3.25 3.29 3.33 3.36 3.40 3.43 3.47 3.50 3.53 3.56 3.59 3.62 3.65 3.68 3.71 3.74 3.77 3.80 3.83 3.86 3.90 3.93 3.97 4.01 4.05 4.09 4.14 4.19 4.24 4.29 4.35 4.40 4.46 4.53 4.59 4.65 4.72 4.78 4.84 4.90 4.96 5.02 5.07 5.11 5.16 5.19 5.22 5.24 5.26 5.27 5.27 5.27 5.25 5.24 5.21 5.18 5.15 5.11 5.07 5.02 4.98 4.93 4.88 4.83 4.77 4.72 4.67 4.62 4.56 4.51 4.45 4.40 4.34 4.28 4.22 4.16 4.09 4.02 3.95 3.88 3.80 3.72 3.64 3.56 3.48 3.40 3.32 3.24 3.16 3.08 3.01 2.94 2.87 2.80 2.74 2.68 2.62 2.57 2.51 2.47 2.42
1.18 1.20 1.21 1.23 1.25 1.27 1.28 1.29 1.31 1.32 1.33 1.33 1.34 1.35 1.35 1.36 1.36 1.36 1.36 1.36 1.35 1.35 1.35 1.34 1.33 1.33 1.32 1.31 1.30 1.29 1.28 1.27 1.26 1.25 1.24 1.23 1.22 1.21 1.20 1.20 1.19 1.18 1.18 1.17 1.17 1.17 1.17 1.17 1.17 1.17 1.17 1.17 1.18 1.18 1.19 1.19 1.20 1.20 1.21 1.21 1.22 1.22 1.23 1.23 1.23 1.23 1.23 1.23 1.23 1.23 1.23 1.22 1.22 1.21 1.21 1.20 1.19 1.18 1.18 1.17 1.16 1.16 1.15 1.14 1.14 1.14 1.13 1.13 1.13 1.13 1.13 1.13 1.13 1.13 1.14 1.14 1.14 1.15 1.15 1.16 1.16 1.17 1.17 1.18 1.18 1.19 1.19 1.19 1.20 1.20 1.19 1.19 1.19 1.18 1.17 1.15 1.14 1.12 1.10 1.07 1.05 1.02 0.99 0.96 0.93 0.90 0.88 0.85 0.84 0.82 0.81 0.81 0.81 0.82 0.83 0.85 0.87 0.89 0.92 0.94 0.97 0.99 1.02 1.04 1.06 1.08 1.10 1.11 1.12 1.13 1.13 1.14 1.14 1.14 1.14 1.15 1.15 1.15 1.15 1.15 1.16 1.16 1.17 1.17 1.18 1.19 1.20 1.21 1.22 1.23 1.24 1.26 1.27 1.29 1.30 1.32 1.34 1.36 1.37 1.39 1.41 1.43 1.45 1.47 1.49 1.51 1.52 1.54 1.56 1.57 1.59 1.60 1.62 1.63 1.64 1.66 1.67 1.67 1.68 1.69 1.70 1.70 1.70 1.71 1.71 1.71 1.71 1.71 1.71 1.70 1.70 1.70 1.69 1.69 1.68 1.68 1.67 1.67 1.66 1.66 1.65 1.64 1.64 1.63 1.63 1.63 1.62 1.62 1.62 1.61 1.61 1.61 1.61 1.61 1.61 1.62 1.62 1.62 1.62 1.63 1.63 1.64 1.64 1.65 1.65 1.66 1.66 1.67 1.67 1.68 1.68 1.69 1.69 1.69 1.70 1.70 1.70 1.70 1.70 1.70 1.71 1.71 1.72 1.72 1.73 1.75 1.77 1.79 1.81 1.84 1.87 1.91 1.95 2.00 2.04 2.09 2.14 2.20 2.25 2.30 2.36 2.41 2.47 2.52 2.57 2.62 2.67 2.72 2.77 2.82 2.87 2.91 2.96 3.00 3.05 3.09 3.13 3.17 3.21 3.25 3.29 3.33 3.36 3.40 3.43 3.47 3.50 3.53 3.56 3.59 3.62 3.65 3.68 3.71 3.74 3.78 3.81 3.84 3.87 3.91 3.95 3.99 4.03 4.07 4.12 4.17 4.23 4.28 4.34 4.40 4.47 4.54 4.60 4.68 4.75 4.82 4.89 4.96 5.03 5.09 5.15 5.21 5.26 5.31 5.35 5.38 5.40 5.42 5.43 5.43 5.42 5.41 5.39 5.36 5.32 5.28 5.23 5.18 5.12 5.06 5.00 4.94 4.88 4.81 4.75 4.68 4.62 4.55 4.48 4.42 4.35 4.29 4.22 4.15 4.08 4.01 3.94 3.87 3.80 3.72 3.64 3.57 3.49 3.42 3.34 3.26 3.19 3.12 3.05 2.98 2.91 2.85 2.79 2.73 2.67 2.62 2.57 2.52 2.47 2.43
1.19 1.21 1.23 1.25 1.27 1.28 1.30 1.31 1.32 1.33 1.34 1.35 1.36 1.37 1.37 1.37 1.38 1.38 1.38 1.37 1.37 1.37 1.36 1.36 1.35 1.34 1.33 1.33 1.32 1.31 1.30 1.29 1.28 1.27 1.25 1.24 1.24 1.23 1.22 1.21 1.20 1.20 1.19 1.19 1.18 1.18 1.18 1.18 1.18 1.19 1.19 1.19 1.20 1.20 1.21 1.22 1.22 1.23 1.24 1.24 1.25 1.26 1.26 1.27 1.27 1.27 1.27 1.28 1.27 1.27 1.27 1.27 1.26 1.25 1.25 1.24 1.23 1.22 1.21 1.20 1.20 1.19 1.18 1.17 1.16 1.15 1.15 1.14 1.14 1.13 1.13 1.13 1.13 1.13 1.13 1.13 1.13 1.14 1.14 1.14 1.15 1.15 1.16 1.16 1.17 1.17 1.18 1.18 1.18 1.18 1.18 1.18 1.18 1.18 1.17 1.16 1.15 1.13 1.12 1.10 1.07 1.05 1.03 1.00 0.98 0.96 0.93 0.92 0.90 0.89 0.88 0.88 0.88 0.88 0.89 0.91 0.92 0.94 0.97 0.99 1.01 1.03 1.05 1.07 1.09 1.10 1.11 1.12 1.13 1.14 1.14 1.15 1.15 1.15 1.15 1.15 1.15 1.16 1.16 1.16 1.16 1.17 1.18 1.18 1.19 1.20 1.21 1.22 1.23 1.24 1.26 1.27 1.29 1.31 1.32 1.34 1.36 1.38 1.40 1.42 1.44 1.46 1.48 1.50 1.52 1.54 1.56 1.57 1.59 1.61 1.63 1.64 1.66 1.67 1.68 1.69 1.70 1.71 1.72 1.73 1.73 1.74 1.74 1.74 1.75 1.75 1.75 1.74 1.74 1.74 1.73 1.73 1.72 1.72 1.71 1.70 1.70 1.69 1.68 1.68 1.67 1.66 1.66 1.65 1.65 1.64 1.64 1.63 1.63 1.62 1.62 1.62 1.62 1.62 1.62 1.62 1.62 1.62 1.63 1.63 1.63 1.64 1.64 1.65 1.65 1.66 1.67 1.67 1.68 1.68 1.69 1.70 1.70 1.71 1.71 1.72 1.72 1.72 1.73 1.73 1.74 1.75 1.76 1.77 1.78 1.80 1.82 1.84 1.86 1.89 1.93 1.96 2.00 2.04 2.09 2.13 2.18 2.23 2.28 2.33 2.38 2.43 2.48 2.53 2.58 2.63 2.68 2.73 2.78 2.82 2.87 2.91 2.96 3.00 3.04 3.09 3.13 3.17 3.21 3.25 3.28 3.32 3.36 3.39 3.43 3.46 3.50 3.53 3.56 3.59 3.62 3.65 3.68 3.72 3.75 3.78 3.81 3.85 3.89 3.92 3.96 4.01 4.05 4.10 4.15 4.21 4.27 4.33 4.40 4.47 4.54 4.61 4.69 4.77 4.85 4.92 5.00 5.08 5.16 5.23 5.30 5.36 5.42 5.47 5.51 5.55 5.58 5.59 5.60 5.60 5.59 5.58 5.55 5.51 5.47 5.42 5.37 5.30 5.24 5.17 5.10 5.02 4.94 4.87 4.79 4.71 4.63 4.56 4.48 4.40 4.33 4.25 4.18 4.10 4.03 3.95 3.88 3.81 3.73 3.66 3.58 3.51 3.44 3.36 3.29 3.22 3.15 3.09 3.02 2.96 2.90 2.84 2.78 2.73 2.67 2.62 2.58 2.53 2.49 2.45
1.21 1.23 1.25 1.26 1.28 1.30 1.31 1.33 1.34 1.35 1.36 1.37 1.38 1.38 1.39 1.39 1.39 1.39 1.39 1.39 1.39 1.38 1.38 1.37 1.37 1.36 1.35 1.34 1.33 1.32 1.31 1.30 1.29 1.28 1.27 1.26 1.25 1.24 1.23 1.22 1.22 1.21 1.21 1.20 1.20 1.20 1.20 1.20 1.20 1.21 1.21 1.22 1.22 1.23 1.24 1.25 1.26 1.27 1.27 1.28 1.29 1.30 1.31 1.31 1.32 1.32 1.33 1.33 1.33 1.33 1.32 1.32 1.31 1.31 1.30 1.29 1.28 1.27 1.26 1.25 1.24 1.23 1.21 1.20 1.19 1.18 1.17 1.16 1.16 1.15 1.14 1.14 1.14 1.13 1.13 1.13 1.13 1.13 1.13 1.14 1.14 1.15 1.15 1.15 1.16 1.16 1.17 1.17 1.18 1.18 1.18 1.18 1.18 1.18 1.17 1.17 1.16 1.15 1.14 1.12 1.10 1.09 1.07 1.05 1.03 1.01 0.99 0.98 0.96 0.95 0.95 0.94 0.94 0.95 0.96 0.97 0.98 1.00 1.01 1.03 1.05 1.07 1.08 1.10 1.11 1.12 1.13 1.14 1.15 1.15 1.15 1.16 1.16 1.16 1.16 1.16 1.16 1.16 1.17 1.17 1.17 1.18 1.19 1.19 1.20 1.21 1.22 1.23 1.25 1.26 1.27 1.29 1.31 1.32 1.34 1.36 1.38 1.40 1.42 1.44 1.46 1.49 1.51 1.53 1.55 1.57 1.59 1.61 1.63 1.65 1.66 1.68 1.69 1.71 1.72 1.73 1.74 1.75 1.76 1.77 1.77 1.78 1.78 1.78 1.78 1.78 1.78 1.78 1.78 1.77 1.77 1.76 1.76 1.75 1.74 1.73 1.72 1.72 1.71 1.70 1.69 1.68 1.68 1.67 1.66 1.66 1.65 1.64 1.64 1.63 1.63 1.63 1.63 1.62 1.62 1.62 1.63 1.63 1.63 1.63 1.64 1.64 1.64 1.65 1.66 1.66 1.67 1.68 1.68 1.69 1.70 1.70 1.71 1.72 1.72 1.73 1.74 1.75 1.75 1.76 1.77 1.78 1.79 1.81 1.82 1.84 1.86 1.88 1.91 1.94 1.97 2.00 2.04 2.08 2.12 2.17 2.21 2.26 2.30 2.35 2.40 2.45 2.50 2.54 2.59 2.64 2.69 2.73 2.78 2.82 2.87 2.91 2.96 3.00 3.04 3.08 3.12 3.16 3.20 3.24 3.28 3.32 3.35 3.39 3.42 3.46 3.49 3.52 3.56 3.59 3.62 3.65 3.68 3.72 3.75 3.78 3.82 3.86 3.90 3.94 3.98 4.03 4.08 4.13 4.19 4.25 4.31 4.38 4.45 4.53 4.61 4.69 4.78 4.86 4.95 5.04 5.13 5.21 5.30 5.38 5.45 5.52 5.59 5.65 5.69 5.73 5.76 5.78 5.79 5.79 5.78 5.76 5.73 5.69 5.64 5.58 5.52 5.45 5.37 5.29 5.20 5.12 5.03 4.94 4.85 4.76 4.67 4.58 4.49 4.40 4.32 4.24 4.15 4.07 3.99 3.92 3.84 3.76 3.69 3.61 3.54 3.47 3.40 3.33 3.26 3.19 3.13 3.06 3.00 2.94 2.89 2.83 2.78 2.73 2.68 2.63 2.59 2.54 2.50 2.46
1.22 1.24 1.26 1.28 1.30 1.31 1.33 1.34 1.35 1.37 1.38 1.39 1.39 1.40 1.40 1.41 1.41 1.41 1.41 1.41 1.40 1.40 1.39 1.39 1.38 1.37 1.36 1.36 1.35 1.34 1.32 1.31 1.30 1.29 1.28 1.27 1.26 1.25 1.25 1.24 1.23 1.23 1.22 1.22 1.22 1.22 1.22 1.22 1.23 1.23 1.24 1.24 1.25 1.26 1.27 1.28 1.30 1.31 1.32 1.33 1.34 1.35 1.36 1.37 1.38 1.38 1.39 1.39 1.39 1.39 1.39 1.38 1.38 1.37 1.36 1.35 1.34 1.33 1.32 1.30 1.29 1.27 1.26 1.24 1.23 1.22 1.20 1.19 1.18 1.17 1.16 1.16 1.15 1.14 1.14 1.14 1.14 1.14 1.14 1.14 1.14 1.14 1.15 1.15 1.16 1.16 1.17 1.17 1.18 1.18 1.18 1.19 1.19 1.19 1.18 1.18 1.18 1.17 1.16 1.15 1.14 1.12 1.11 1.09 1.08 1.06 1.05 1.03 1.02 1.01 1.01 1.01 1.01 1.01 1.02 1.03 1.04 1.05 1.06 1.08 1.09 1.10 1.12 1.13 1.14 1.15 1.15 1.16 1.16 1.16 1.17 1.17 1.17 1.17 1.17 1.17 1.17 1.17 1.18 1.18 1.18 1.19 1.20 1.20 1.21 1.22 1.23 1.25 1.26 1.27 1.29 1.31 1.32 1.34 1.36 1.38 1.40 1.43 1.45 1.47 1.49 1.52 1.54 1.56 1.58 1.60 1.62 1.65 1.66 1.68 1.70 1.72 1.73 1.75 1.76 1.78 1.79 1.80 1.80 1.81 1.82 1.82 1.82 1.83 1.83 1.82 1.82 1.82 1.81 1.81 1.80 1.80 1.79 1.78 1.77 1.76 1.75 1.74 1.73 1.72 1.72 1.71 1.70 1.69 1.68 1.67 1.66 1.66 1.65 1.65 1.64 1.64 1.64 1.63 1.63 1.63 1.63 1.63 1.63 1.64 1.64 1.64 1.65 1.65 1.66 1.66 1.67 1.68 1.69 1.69 1.70 1.71 1.72 1.73 1.74 1.74 1.75 1.76 1.77 1.78 1.80 1.81 1.82 1.84 1.85 1.87 1.89 1.92 1.94 1.97 2.00 2.04 2.07 2.11 2.15 2.19 2.24 2.28 2.32 2.37 2.41 2.46 2.51 2.55 2.60 2.64 2.69 2.73 2.78 2.82 2.87 2.91 2.95 2.99 3.04 3.08 3.12 3.16 3.20 3.23 3.27 3.31 3.34 3.38 3.42 3.45 3.48 3.52 3.55 3.58 3.61 3.65 3.68 3.71 3.75 3.79 3.82 3.86 3.90 3.95 4.00 4.05 4.10 4.16 4.22 4.29 4.36 4.43 4.51 4.60 4.69 4.78 4.87 4.97 5.06 5.16 5.26 5.35 5.45 5.54 5.62 5.70 5.77 5.83 5.89 5.93 5.97 5.99 6.00 6.00 5.98 5.96 5.92 5.88 5.82 5.76 5.68 5.60 5.52 5.42 5.33 5.23 5.13 5.02 4.92 4.82 4.72 4.62 4.52 4.42 4.33 4.24 4.15 4.06 3.97 3.89 3.81 3.73 3.66 3.58 3.51 3.44 3.37 3.30 3.24 3.17 3.11 3.05 2.99 2.94 2.89 2.83 2.78 2.74 2.69 2.65 2.60 2.56 2.52 2.48
1.23 1.25 1.27 1.29 1.31 1.33 1.34 1.36 1.37 1.38 1.39 1.40 1.41 1.41 1.42 1.42 1.42 1.42 1.42 1.42 1.42 1.41 1.41 1.40 1.40 1.39 1.38 1.37 1.36 1.35 1.34 1.33 1.32 1.31 1.30 1.29 1.28 1.27 1.26 1.25 1.25 1.24 1.24 1.24 1.24 1.24 1.24 1.25 1.25 1.26 1.27 1.28 1.29 1.30 1.31 1.33 1.34 1.36 1.37 1.39 1.40 1.41 1.42 1.43 1.44 1.45 1.46 1.46 1.47 1.47 1.46 1.46 1.45 1.45 1.44 1.43 1.41 1.40 1.38 1.37 1.35 1.33 1.31 1.30 1.28 1.26 1.25 1.23 1.22 1.20 1.19 1.18 1.17 1.16 1.16 1.15 1.15 1.15 1.15 1.15 1.15 1.15 1.15 1.16 1.16 1.17 1.17 1.18 1.18 1.19 1.19 1.19 1.20 1.20 1.20 1.20 1.20 1.19 1.19 1.18 1.17 1.16 1.15 1.14 1.12 1.11 1.10 1.09 1.08 1.08 1.07 1.07 1.07 1.07 1.08 1.08 1.09 1.10 1.11 1.12 1.13 1.14 1.15 1.16 1.16 1.17 1.17 1.18 1.18 1.18 1.18 1.18 1.18 1.18 1.18 1.18 1.18 1.19 1.19 1.19 1.20 1.20 1.21 1.22 1.22 1.24 1.25 1.26 1.27 1.29 1.31 1.32 1.34 1.36 1.38 1.41 1.43 1.45 1.47 1.50 1.52 1.55 1.57 1.59 1.62 1.64 1.66 1.68 1.70 1.72 1.74 1.76 1.78 1.79 1.81 1.82 1.83 1.84 1.85 1.86 1.86 1.86 1.87 1.87 1.87 1.87 1.86 1.86 1.85 1.85 1.84 1.83 1.82 1.81 1.80 1.79 1.78 1.77 1.76 1.75 1.74 1.73 1.72 1.71 1.70 1.69 1.68 1.67 1.67 1.66 1.65 1.65 1.64 1.64 1.64 1.64 1.64 1.64 1.64 1.64 1.64 1.65 1.65 1.66 1.66 1.67 1.67 1.68 1.69 1.70 1.71 1.72 1.73 1.74 1.75 1.76 1.77 1.78 1.79 1.80 1.82 1.83 1.85 1.86 1.88 1.90 1.92 1.95 1.97 2.00 2.03 2.07 2.10 2.14 2.17 2.21 2.25 2.30 2.34 2.38 2.43 2.47 2.51 2.56 2.60 2.65 2.69 2.73 2.78 2.82 2.86 2.90 2.95 2.99 3.03 3.07 3.11 3.15 3.19 3.22 3.26 3.30 3.33 3.37 3.40 3.44 3.47 3.51 3.54 3.57 3.61 3.64 3.68 3.71 3.75 3.79 3.83 3.87 3.91 3.96 4.01 4.07 4.12 4.19 4.26 4.33 4.41 4.49 4.58 4.67 4.77 4.87 4.97 5.08 5.18 5.29 5.40 5.51 5.61 5.71 5.80 5.89 5.97 6.04 6.10 6.15 6.18 6.21 6.22 6.22 6.20 6.18 6.14 6.08 6.02 5.95 5.87 5.78 5.68 5.57 5.47 5.35 5.24 5.13 5.01 4.90 4.78 4.67 4.56 4.45 4.35 4.25 4.15 4.06 3.97 3.88 3.80 3.72 3.64 3.56 3.49 3.42 3.35 3.29 3.23 3.16 3.11 3.05 2.99 2.94 2.89 2.84 2.79 2.75 2.70 2.66 2.62 2.58 2.54 2.50
1.24 1.27 1.29 1.30 1.32 1.34 1.36 1.37 1.38 1.39 1.41 1.41 1.42 1.43 1.43 1.44 1.44 1.44 1.44 1.44 1.43 1.43 1.42 1.42 1.41 1.40 1.39 1.38 1.37 1.36 1.35 1.34 1.33 1.32 1.31 1.30 1.29 1.28 1.27 1.27 1.26 1.26 1.26 1.26 1.26 1.26 1.27 1.27 1.28 1.29 1.30 1.32 1.33 1.34 1.36 1.38 1.40 1.41 1.43 1.45 1.47 1.48 1.50 1.51 1.52 1.53 1.54 1.55 1.55 1.55 1.55 1.55 1.54 1.53 1.52 1.51 1.49 1.48 1.46 1.44 1.42 1.40 1.38 1.36 1.34 1.32 1.30 1.28 1.26 1.24 1.23 1.21 1.20 1.19 1.18 1.18 1.17 1.17 1.16 1.16 1.16 1.16 1.16 1.17 1.17 1.18 1.18 1.19 1.19 1.20 1.20 1.21 1.21 1.22 1.22 1.22 1.22 1.22 1.21 1.21 1.20 1.20 1.19 1.18 1.17 1.16 1.15 1.15 1.14 1.13 1.13 1.13 1.13 1.13 1.13 1.14 1.14 1.15 1.16 1.16 1.17 1.18 1.18 1.19 1.19 1.20 1.20 1.20 1.20 1.20 1.20 1.20 1.20 1.20 1.20 1.20 1.20 1.20 1.20 1.20 1.21 1.21 1.22 1.23 1.24 1.25 1.26 1.27 1.29 1.31 1.32 1.34 1.36 1.38 1.40 1.43 1.45 1.48 1.50 1.53 1.55 1.58 1.60 1.63 1.65 1.67 1.70 1.72 1.74 1.76 1.78 1.80 1.82 1.84 1.85 1.86 1.88 1.89 1.89 1.90 1.91 1.91 1.91 1.91 1.91 1.91 1.91 1.90 1.90 1.89 1.88 1.87 1.86 1.85 1.84 1.83 1.82 1.80 1.79 1.78 1.77 1.75 1.74 1.73 1.72 1.71 1.70 1.69 1.68 1.67 1.67 1.66 1.66 1.65 1.65 1.65 1.64 1.64 1.64 1.65 1.65 1.65 1.66 1.66 1.67 1.67 1.68 1.69 1.69 1.70 1.71 1.72 1.73 1.74 1.75 1.77 1.78 1.79 1.80 1.82 1.83 1.85 1.87 1.88 1.90 1.92 1.95 1.97 2.00 2.03 2.06 2.09 2.12 2.16 2.19 2.23 2.27 2.31 2.35 2.39 2.43 2.48 2.52 2.56 2.60 2.65 2.69 2.73 2.77 2.82 2.86 2.90 2.94 2.98 3.02 3.06 3.10 3.13 3.17 3.21 3.25 3.28 3.32 3.35 3.39 3.42 3.46 3.49 3.53 3.56 3.60 3.63 3.67 3.71 3.74 3.78 3.83 3.87 3.92 3.97 4.03 4.08 4.15 4.22 4.29 4.37 4.46 4.55 4.64 4.75 4.85 4.96 5.08 5.19 5.31 5.43 5.55 5.67 5.78 5.89 5.99 6.09 6.18 6.25 6.32 6.37 6.42 6.44 6.46 6.45 6.44 6.41 6.36 6.31 6.24 6.15 6.06 5.96 5.85 5.74 5.62 5.49 5.37 5.24 5.11 4.99 4.86 4.74 4.62 4.50 4.39 4.28 4.18 4.08 3.98 3.89 3.80 3.72 3.64 3.56 3.49 3.42 3.35 3.28 3.22 3.16 3.11 3.05 3.00 2.95 2.90 2.85 2.81 2.77 2.72 2.68 2.64 2.60 2.57 2.53
1.25 1.28 1.30 1.32 1.33 1.35 1.37 1.38 1.40 1.41 1.42 1.43 1.43 1.44 1.45 1.45 1.45 1.45 1.45 1.45 1.45 1.44 1.44 1.43 1.42 1.41 1.40 1.39 1.38 1.37 1.36 1.35 1.34 1.33 1.32 1.31 1.30 1.30 1.29 1.29 1.28 1.28 1.28 1.28 1.28 1.29 1.30 1.30 1.32 1.33 1.34 1.36 1.38 1.39 1.41 1.44 1.46 1.48 1.50 1.52 1.54 1.56 1.58 1.60 1.61 1.62 1.63 1.64 1.65 1.65 1.65 1.65 1.64 1.63 1.62 1.60 1.59 1.57 1.55 1.53 1.50 1.48 1.45 1.43 1.40 1.38 1.36 1.33 1.31 1.29 1.27 1.26 1.24 1.23 1.21 1.20 1.20 1.19 1.18 1.18 1.18 1.18 1.18 1.18 1.19 1.19 1.20 1.20 1.21 1.21 1.22 1.23 1.23 1.24 1.24 1.24 1.25 1.25 1.25 1.24 1.24 1.24 1.23 1.23 1.22 1.21 1.21 1.20 1.20 1.19 1.19 1.19 1.18 1.19 1.19 1.19 1.19 1.20 1.20 1.21 1.21 1.21 1.22 1.22 1.22 1.22 1.22 1.22 1.22 1.22 1.22 1.21 1.21 1.21 1.21 1.21 1.21 1.21 1.21 1.22 1.22 1.22 1.23 1.24 1.25 1.26 1.27 1.29 1.30 1.32 1.34 1.36 1.38 1.40 1.42 1.45 1.47 1.50 1.53 1.55 1.58 1.61 1.63 1.66 1.69 1.71 1.74 1.76 1.78 1.81 1.83 1.85 1.86 1.88 1.90 1.91 1.92 1.93 1.94 1.95 1.95 1.96 1.96 1.96 1.96 1.95 1.95 1.94 1.94 1.93 1.92 1.91 1.90 1.89 1.87 1.86 1.85 1.83 1.82 1.81 1.79 1.78 1.77 1.75 1.74 1.73 1.72 1.71 1.70 1.69 1.68 1.67 1.67 1.66 1.66 1.65 1.65 1.65 1.65 1.65 1.65 1.66 1.66 1.66 1.67 1.68 1.68 1.69 1.70 1.71 1.72 1.73 1.74 1.75 1.76 1.77 1.79 1.80 1.81 1.83 1.85 1.86 1.88 1.90 1.92 1.94 1.97 1.99 2.02 2.05 2.08 2.11 2.14 2.17 2.21 2.24 2.28 2.32 2.36 2.40 2.44 2.48 2.52 2.56 2.60 2.65 2.69 2.73 2.77 2.81 2.85 2.89 2.93 2.97 3.01 3.04 3.08 3.12 3.16 3.19 3.23 3.26 3.30 3.34 3.37 3.41 3.44 3.48 3.51 3.55 3.58 3.62 3.66 3.70 3.74 3.78 3.83 3.87 3.92 3.98 4.04 4.10 4.17 4.25 4.33 4.42 4.51 4.61 4.71 4.82 4.94 5.06 5.19 5.32 5.45 5.58 5.71 5.84 5.96 6.08 6.20 6.30 6.40 6.49 6.56 6.62 6.66 6.69 6.71 6.71 6.69 6.65 6.61 6.54 6.46 6.38 6.27 6.16 6.04 5.92 5.78 5.65 5.51 5.37 5.23 5.09 4.95 4.82 4.69 4.56 4.44 4.32 4.21 4.10 4.00 3.90 3.81 3.73 3.64 3.56 3.49 3.42 3.35 3.29 3.23 3.17 3.12 3.06 3.01 2.96 2.92 2.87 2.83 2.79 2.74 2.71 2.67 2.63 2.59 2.55
1.26 1.29 1.31 1.33 1.34 1.36 1.38 1.39 1.41 1.42 1.43 1.44 1.45 1.45 1.46 1.46 1.46 1.46 1.46 1.46 1.46 1.45 1.45 1.44 1.43 1.42 1.41 1.40 1.39 1.38 1.37 1.36 1.35 1.34 1.33 1.32 1.32 1.31 1.31 1.30 1.30 1.30 1.30 1.30 1.31 1.32 1.33 1.34 1.35 1.37 1.39 1.41 1.43 1.45 1.47 1.50 1.52 1.55 1.58 1.60 1.63 1.65 1.67 1.69 1.71 1.73 1.74 1.75 1.75 1.76 1.76 1.76 1.75 1.74 1.73 1.71 1.69 1.67 1.65 1.62 1.60 1.57 1.54 1.51 1.48 1.45 1.42 1.40 1.37 1.35 1.32 1.30 1.28 1.27 1.25 1.24 1.23 1.22 1.21 1.21 1.20 1.20 1.20 1.20 1.21 1.21 1.22 1.22 1.23 1.23 1.24 1.25 1.25 1.26 1.27 1.27 1.27 1.28 1.28 1.28 1.28 1.28 1.27 1.27 1.27 1.26 1.26 1.25 1.25 1.25 1.24 1.24 1.24 1.24 1.24 1.24 1.24 1.24 1.25 1.25 1.25 1.25 1.25 1.25 1.25 1.25 1.25 1.24 1.24 1.24 1.23 1.23 1.23 1.23 1.22 1.22 1.22 1.22 1.22 1.23 1.23 1.24 1.24 1.25 1.26 1.27 1.29 1.30 1.32 1.33 1.35 1.37 1.40 1.42 1.44 1.47 1.50 1.52 1.55 1.58 1.61 1.64 1.67 1.69 1.72 1.75 1.78 1.80 1.83 1.85 1.87 1.89 1.91 1.93 1.94 1.96 1.97 1.98 1.99 2.00 2.00 2.00 2.01 2.01 2.00 2.00 2.00 1.99 1.98 1.97 1.96 1.95 1.94 1.92 1.91 1.90 1.88 1.87 1.85 1.84 1.82 1.81 1.79 1.78 1.76 1.75 1.74 1.73 1.71 1.70 1.70 1.69 1.68 1.67 1.67 1.66 1.66 1.66 1.66 1.66 1.66 1.66 1.67 1.67 1.67 1.68 1.69 1.69 1.70 1.71 1.72 1.73 1.74 1.75 1.77 1.78 1.79 1.81 1.82 1.84 1.86 1.87 1.89 1.91 1.93 1.96 1.98 2.01 2.03 2.06 2.09 2.12 2.15 2.18 2.22 2.25 2.29 2.33 2.37 2.40 2.44 2.48 2.52 2.56 2.60 2.64 2.68 2.72 2.76 2.80 2.84 2.88 2.91 2.95 2.99 3.03 3.06 3.10 3.13 3.17 3.21 3.24 3.28 3.31 3.35 3.38 3.42 3.46 3.49 3.53 3.57 3.60 3.64 3.69 3.73 3.77 3.82 3.87 3.93 3.99 4.05 4.12 4.20 4.28 4.37 4.46 4.56 4.67 4.79 4.91 5.04 5.17 5.30 5.45 5.59 5.73 5.88 6.02 6.16 6.29 6.41 6.53 6.64 6.73 6.81 6.87 6.92 6.96 6.97 6.97 6.95 6.92 6.86 6.79 6.71 6.61 6.50 6.38 6.25 6.11 5.96 5.81 5.66 5.51 5.35 5.20 5.05 4.91 4.77 4.63 4.50 4.37 4.25 4.14 4.03 3.93 3.83 3.74 3.66 3.58 3.50 3.43 3.36 3.30 3.24 3.18 3.13 3.08 3.03 2.98 2.94 2.89 2.85 2.81 2.77 2.73 2.69 2.66 2.62 2.58
1.27 1.29 1.32 1.34 1.35 1.37 1.39 1.40 1.42 1.43 1.44 1.45 1.46 1.46 1.47 1.47 1.47 1.47 1.47 1.47 1.47 1.46 1.46 1.45 1.44 1.43 1.42 1.41 1.40 1.39 1.38 1.37 1.36 1.35 1.34 1.34 1.33 1.32 1.32 1.32 1.32 1.32 1.32 1.33 1.34 1.35 1.36 1.38 1.39 1.41 1.44 1.46 1.49 1.51 1.54 1.57 1.60 1.63 1.66 1.69 1.72 1.75 1.77 1.80 1.82 1.84 1.85 1.87 1.88 1.88 1.88 1.88 1.87 1.86 1.85 1.83 1.81 1.78 1.76 1.73 1.70 1.67 1.63 1.60 1.57 1.53 1.50 1.47 1.44 1.41 1.38 1.36 1.33 1.31 1.30 1.28 1.27 1.25 1.24 1.24 1.23 1.23 1.23 1.23 1.23 1.24 1.24 1.25 1.25 1.26 1.27 1.27 1.28 1.29 1.30 1.30 1.31 1.31 1.31 1.32 1.32 1.32 1.32 1.32 1.31 1.31 1.31 1.31 1.30 1.30 1.30 1.30 1.29 1.29 1.29 1.29 1.29 1.29 1.29 1.29 1.29 1.29 1.28 1.28 1.28 1.28 1.27 1.27 1.26 1.26 1.25 1.25 1.25 1.24 1.24 1.24 1.24 1.24 1.24 1.24 1.24 1.25 1.25 1.26 1.27 1.28 1.30 1.31 1.33 1.35 1.37 1.39 1.41 1.44 1.46 1.49 1.52 1.55 1.58 1.61 1.64 1.67 1.70 1.73 1.76 1.79 1.81 1.84 1.87 1.89 1.91 1.94 1.96 1.97 1.99 2.01 2.02 2.03 2.04 2.05 2.05 2.05 2.05 2.05 2.05 2.05 2.04 2.03 2.03 2.02 2.00 1.99 1.98 1.96 1.95 1.93 1.92 1.90 1.88 1.87 1.85 1.83 1.82 1.80 1.79 1.77 1.76 1.74 1.73 1.72 1.71 1.70 1.69 1.69 1.68 1.67 1.67 1.67 1.67 1.67 1.67 1.67 1.67 1.67 1.68 1.68 1.69 1.70 1.71 1.72 1.73 1.74 1.75 1.76 1.77 1.79 1.80 1.82 1.83 1.85 1.87 1.88 1.90 1.92 1.95 1.97 1.99 2.02 2.04 2.07 2.10 2.13 2.16 2.19 2.23 2.26 2.30 2.33 2.37 2.41 2.44 2.48 2.52 2.56 2.60 2.64 2.67 2.71 2.75 2.79 2.83 2.86 2.90 2.93 2.97 3.00 3.04 3.07 3.11 3.14 3.18 3.21 3.25 3.28 3.32 3.36 3.39 3.43 3.47 3.51 3.55 3.59 3.63 3.67 3.72 3.77 3.82 3.87 3.93 4.00 4.07 4.14 4.22 4.31 4.41 4.51 4.62 4.74 4.86 4.99 5.13 5.28 5.43 5.58 5.74 5.89 6.05 6.21 6.36 6.50 6.64 6.77 6.88 6.98 7.07 7.14 7.20 7.23 7.25 7.25 7.23 7.19 7.13 7.06 6.96 6.86 6.74 6.60 6.46 6.31 6.15 5.99 5.82 5.66 5.49 5.33 5.16 5.01 4.85 4.71 4.57 4.43 4.30 4.18 4.07 3.96 3.86 3.77 3.68 3.60 3.52 3.45 3.38 3.32 3.26 3.20 3.15 3.10 3.05 3.00 2.96 2.92 2.88 2.84 2.80 2.76 2.72 2.68 2.65 2.61
1.28 1.30 1.32 1.34 1.36 1.38 1.40 1.41 1.43 1.44 1.45 1.46 1.47 1.47 1.48 1.48 1.48 1.48 1.48 1.48 1.48 1.47 1.46 1.46 1.45 1.44 1.43 1.42 1.41 1.40 1.39 1.38 1.37 1.36 1.35 1.35 1.34 1.34 1.34 1.34 1.34 1.34 1.35 1.36 1.37 1.38 1.40 1.42 1.44 1.46 1.49 1.52 1.55 1.58 1.61 1.65 1.68 1.72 1.76 1.79 1.83 1.86 1.89 1.92 1.94 1.96 1.98 2.00 2.01 2.01 2.02 2.01 2.01 1.99 1.98 1.96 1.94 1.91 1.88 1.85 1.81 1.78 1.74 1.70 1.66 1.62 1.59 1.55 1.51 1.48 1.45 1.42 1.39 1.37 1.35 1.33 1.31 1.29 1.28 1.27 1.27 1.26 1.26 1.26 1.26 1.26 1.27 1.27 1.28 1.29 1.29 1.30 1.31 1.32 1.33 1.33 1.34 1.35 1.35 1.36 1.36 1.36 1.36 1.36 1.36 1.36 1.36 1.36 1.36 1.35 1.35 1.35 1.35 1.34 1.34 1.34 1.34 1.34 1.33 1.33 1.33 1.32 1.32 1.31 1.31 1.30 1.30 1.29 1.29 1.28 1.27 1.27 1.26 1.26 1.26 1.25 1.25 1.25 1.25 1.25 1.25 1.26 1.26 1.27 1.28 1.29 1.30 1.32 1.34 1.35 1.38 1.40 1.42 1.45 1.48 1.51 1.54 1.57 1.60 1.63 1.66 1.70 1.73 1.76 1.79 1.82 1.85 1.88 1.91 1.94 1.96 1.98 2.00 2.02 2.04 2.05 2.07 2.08 2.09 2.10 2.10 2.10 2.10 2.10 2.10 2.10 2.09 2.08 2.07 2.06 2.05 2.03 2.02 2.00 1.99 1.97 1.95 1.93 1.92 1.90 1.88 1.86 1.84 1.83 1.81 1.79 1.78 1.76 1.75 1.74 1.73 1.72 1.71 1.70 1.69 1.69 1.68 1.68 1.67 1.67 1.67 1.67 1.68 1.68 1.68 1.69 1.70 1.70 1.71 1.72 1.73 1.74 1.75 1.76 1.78 1.79 1.81 1.82 1.84 1.86 1.87 1.89 1.91 1.93 1.95 1.98 2.00 2.03 2.05 2.08 2.11 2.14 2.17 2.20 2.23 2.27 2.30 2.34 2.37 2.41 2.44 2.48 2.52 2.56 2.59 2.63 2.67 2.70 2.74 2.77 2.81 2.84 2.88 2.91 2.95 2.98 3.01 3.04 3.08 3.11 3.15 3.18 3.21 3.25 3.29 3.32 3.36 3.40 3.44 3.48 3.52 3.56 3.61 3.65 3.70 3.75 3.81 3.87 3.93 4.00 4.08 4.16 4.25 4.34 4.44 4.56 4.68 4.80 4.94 5.08 5.23 5.39 5.55 5.72 5.89 6.06 6.23 6.40 6.57 6.72 6.87 7.01 7.14 7.25 7.35 7.43 7.48 7.52 7.54 7.54 7.52 7.48 7.41 7.33 7.23 7.12 6.98 6.84 6.69 6.52 6.35 6.18 6.00 5.82 5.64 5.46 5.28 5.11 4.95 4.79 4.64 4.50 4.36 4.24 4.12 4.00 3.90 3.80 3.71 3.63 3.55 3.47 3.41 3.34 3.28 3.23 3.17 3.12 3.07 3.03 2.99 2.94 2.90 2.86 2.83 2.79 2.75 2.72 2.68 2.64
1.29 1.31 1.33 1.35 1.37 1.39 1.40 1.42 1.43 1.45 1.46 1.47 1.47 1.48 1.48 1.49 1.49 1.49 1.49 1.49 1.48 1.48 1.47 1.46 1.45 1.44 1.43 1.42 1.41 1.40 1.39 1.38 1.38 1.37 1.36 1.36 1.35 1.35 1.35 1.35 1.36 1.36 1.37 1.39 1.40 1.42 1.44 1.46 1.49 1.52 1.55 1.58 1.62 1.66 1.69 1.74 1.78 1.82 1.86 1.90 1.94 1.98 2.01 2.05 2.07 2.10 2.12 2.14 2.15 2.16 2.16 2.16 2.15 2.14 2.12 2.10 2.07 2.04 2.01 1.98 1.94 1.90 1.85 1.81 1.77 1.72 1.68 1.64 1.60 1.56 1.52 1.49 1.46 1.43 1.40 1.38 1.36 1.34 1.33 1.31 1.31 1.30 1.30 1.29 1.29 1.30 1.30 1.30 1.31 1.32 1.33 1.33 1.34 1.35 1.36 1.37 1.38 1.38 1.39 1.40 1.40 1.40 1.41 1.41 1.41 1.41 1.41 1.41 1.41 1.40 1.40 1.40 1.40 1.39 1.39 1.39 1.38 1.38 1.38 1.37 1.37 1.36 1.35 1.35 1.34 1.33 1.33 1.32 1.31 1.30 1.30 1.29 1.28 1.28 1.27 1.27 1.26 1.26 1.26 1.26 1.26 1.27 1.27 1.28 1.29 1.30 1.31 1.32 1.34 1.36 1.38 1.41 1.43 1.46 1.49 1.52 1.55 1.59 1.62 1.65 1.69 1.72 1.76 1.79 1.83 1.86 1.89 1.92 1.95 1.98 2.00 2.03 2.05 2.07 2.09 2.10 2.12 2.13 2.14 2.15 2.15 2.15 2.15 2.15 2.15 2.14 2.14 2.13 2.12 2.10 2.09 2.08 2.06 2.04 2.02 2.01 1.99 1.97 1.95 1.93 1.91 1.89 1.87 1.85 1.83 1.82 1.80 1.78 1.77 1.76 1.74 1.73 1.72 1.71 1.70 1.70 1.69 1.69 1.68 1.68 1.68 1.68 1.68 1.69 1.69 1.69 1.70 1.71 1.72 1.72 1.73 1.74 1.76 1.77 1.78 1.80 1.81 1.83 1.84 1.86 1.88 1.90 1.92 1.94 1.96 1.98 2.01 2.03 2.06 2.09 2.11 2.14 2.17 2.21 2.24 2.27 2.30 2.34 2.37 2.41 2.44 2.48 2.51 2.55 2.59 2.62 2.66 2.69 2.72 2.76 2.79 2.82 2.85 2.88 2.92 2.95 2.98 3.01 3.04 3.07 3.10 3.14 3.17 3.21 3.24 3.28 3.32 3.36 3.40 3.44 3.49 3.53 3.58 3.63 3.69 3.74 3.80 3.86 3.93 4.01 4.09 4.18 4.27 4.37 4.48 4.60 4.73 4.87 5.02 5.18 5.34 5.51 5.69 5.87 6.05 6.24 6.42 6.60 6.78 6.95 7.12 7.27 7.40 7.53 7.63 7.72 7.78 7.82 7.84 7.84 7.82 7.77 7.71 7.62 7.51 7.38 7.24 7.09 6.92 6.74 6.56 6.37 6.18 5.98 5.79 5.60 5.41 5.23 5.05 4.89 4.73 4.57 4.43 4.29 4.17 4.05 3.94 3.84 3.75 3.66 3.58 3.50 3.43 3.37 3.31 3.25 3.20 3.15 3.10 3.06 3.02 2.97 2.93 2.90 2.86 2.82 2.78 2.75 2.71 2.68
1.29 1.31 1.34 1.36 1.38 1.39 1.41 1.43 1.44 1.45 1.46 1.47 1.48 1.49 1.49 1.49 1.50 1.50 1.49 1.49 1.49 1.48 1.47 1.47 1.46 1.45 1.44 1.43 1.42 1.41 1.40 1.39 1.38 1.37 1.37 1.36 1.36 1.36 1.36 1.37 1.38 1.39 1.40 1.41 1.43 1.45 1.48 1.51 1.54 1.57 1.61 1.65 1.69 1.74 1.78 1.83 1.88 1.92 1.97 2.02 2.06 2.11 2.15 2.18 2.22 2.25 2.27 2.29 2.31 2.32 2.32 2.32 2.31 2.30 2.28 2.25 2.23 2.19 2.16 2.11 2.07 2.03 1.98 1.93 1.88 1.83 1.78 1.73 1.69 1.64 1.60 1.56 1.53 1.49 1.46 1.44 1.41 1.39 1.37 1.36 1.35 1.34 1.33 1.33 1.33 1.33 1.33 1.34 1.35 1.35 1.36 1.37 1.38 1.39 1.40 1.41 1.42 1.42 1.43 1.44 1.44 1.45 1.45 1.45 1.46 1.46 1.46 1.46 1.46 1.45 1.45 1.45 1.45 1.44 1.44 1.43 1.43 1.42 1.42 1.41 1.40 1.40 1.39 1.38 1.37 1.36 1.35 1.34 1.33 1.33 1.32 1.31 1.30 1.29 1.29 1.28 1.28 1.27 1.27 1.27 1.27 1.27 1.28 1.28 1.29 1.30 1.31 1.33 1.34 1.36 1.38 1.41 1.44 1.47 1.50 1.53 1.56 1.60 1.64 1.67 1.71 1.75 1.79 1.83 1.86 1.90 1.93 1.96 1.99 2.02 2.05 2.08 2.10 2.12 2.14 2.15 2.17 2.18 2.19 2.20 2.20 2.20 2.21 2.20 2.20 2.19 2.18 2.17 2.16 2.15 2.14 2.12 2.10 2.08 2.06 2.04 2.02 2.00 1.98 1.96 1.94 1.92 1.90 1.88 1.86 1.84 1.82 1.80 1.79 1.77 1.76 1.75 1.73 1.72 1.72 1.71 1.70 1.70 1.69 1.69 1.69 1.69 1.69 1.69 1.69 1.70 1.71 1.71 1.72 1.73 1.74 1.75 1.76 1.77 1.79 1.80 1.82 1.83 1.85 1.87 1.88 1.90 1.92 1.94 1.97 1.99 2.01 2.04 2.06 2.09 2.12 2.15 2.18 2.21 2.24 2.27 2.30 2.34 2.37 2.41 2.44 2.47 2.51 2.54 2.58 2.61 2.64 2.67 2.71 2.74 2.77 2.80 2.82 2.85 2.88 2.91 2.94 2.96 2.99 3.02 3.06 3.09 3.12 3.16 3.19 3.23 3.27 3.32 3.36 3.40 3.45 3.50 3.55 3.61 3.66 3.72 3.79 3.86 3.93 4.01 4.10 4.19 4.29 4.40 4.52 4.65 4.79 4.94 5.10 5.27 5.45 5.63 5.82 6.01 6.21 6.41 6.61 6.81 7.00 7.19 7.37 7.53 7.68 7.81 7.92 8.01 8.08 8.13 8.15 8.15 8.13 8.08 8.00 7.91 7.79 7.66 7.51 7.34 7.16 6.97 6.77 6.57 6.36 6.15 5.95 5.74 5.54 5.35 5.16 4.98 4.81 4.65 4.50 4.36 4.23 4.10 3.99 3.88 3.78 3.69 3.61 3.54 3.46 3.40 3.34 3.28 3.23 3.18 3.13 3.09 3.05 3.01 2.97 2.93 2.89 2.85 2.82 2.78 2.75 2.71
1.30 1.32 1.34 1.36 1.38 1.40 1.42 1.43 1.44 1.46 1.47 1.48 1.49 1.49 1.50 1.50 1.50 1.50 1.50 1.49 1.49 1.48 1.48 1.47 1.46 1.45 1.44 1.43 1.42 1.41 1.40 1.39 1.38 1.37 1.37 1.37 1.37 1.37 1.37 1.38 1.39 1.41 1.42 1.44 1.47 1.49 1.52 1.56 1.59 1.63 1.68 1.72 1.77 1.82 1.87 1.93 1.98 2.04 2.09 2.14 2.20 2.25 2.29 2.33 2.37 2.41 2.44 2.46 2.48 2.49 2.49 2.49 2.48 2.47 2.45 2.42 2.39 2.35 2.31 2.26 2.22 2.16 2.11 2.06 2.00 1.95 1.89 1.84 1.79 1.74 1.69 1.64 1.60 1.56 1.53 1.50 1.47 1.45 1.42 1.41 1.39 1.38 1.38 1.37 1.37 1.37 1.37 1.38 1.38 1.39 1.40 1.41 1.42 1.43 1.44 1.45 1.46 1.46 1.47 1.48 1.49 1.49 1.50 1.50 1.50 1.51 1.51 1.51 1.51 1.50 1.50 1.50 1.50 1.49 1.49 1.48 1.47 1.47 1.46 1.45 1.44 1.43 1.42 1.41 1.40 1.39 1.38 1.37 1.36 1.35 1.34 1.33 1.32 1.31 1.30 1.30 1.29 1.28 1.28 1.28 1.28 1.28 1.28 1.28 1.29 1.30 1.31 1.32 1.34 1.36 1.38 1.41 1.44 1.47 1.50 1.54 1.57 1.61 1.65 1.69 1.73 1.77 1.81 1.85 1.89 1.93 1.97 2.00 2.04 2.07 2.10 2.12 2.15 2.17 2.19 2.20 2.22 2.23 2.24 2.25 2.25 2.26 2.26 2.25 2.25 2.24 2.23 2.22 2.21 2.20 2.18 2.16 2.14 2.12 2.10 2.08 2.06 2.04 2.01 1.99 1.97 1.95 1.92 1.90 1.88 1.86 1.84 1.82 1.81 1.79 1.78 1.76 1.75 1.74 1.73 1.72 1.71 1.71 1.70 1.70 1.70 1.70 1.70 1.70 1.70 1.70 1.71 1.72 1.72 1.73 1.74 1.75 1.76 1.78 1.79 1.80 1.82 1.84 1.85 1.87 1.89 1.91 1.93 1.95 1.97 1.99 2.02 2.04 2.07 2.10 2.12 2.15 2.18 2.21 2.24 2.27 2.30 2.34 2.37 2.40 2.44 2.47 2.50 2.53 2.57 2.60 2.63 2.66 2.68 2.71 2.74 2.76 2.79 2.81 2.84 2.86 2.89 2.91 2.94 2.97 3.00 3.03 3.06 3.10 3.14 3.18 3.22 3.26 3.31 3.36 3.41 3.46 3.52 3.58 3.64 3.70 3.77 3.85 3.93 4.01 4.11 4.21 4.32 4.44 4.56 4.70 4.85 5.01 5.18 5.36 5.55 5.75 5.96 6.17 6.38 6.59 6.81 7.02 7.23 7.43 7.62 7.79 7.95 8.09 8.22 8.32 8.39 8.44 8.47 8.47 8.44 8.39 8.31 8.21 8.08 7.94 7.78 7.60 7.41 7.20 6.99 6.77 6.55 6.33 6.11 5.89 5.68 5.47 5.27 5.09 4.90 4.73 4.57 4.43 4.29 4.16 4.04 3.93 3.83 3.73 3.65 3.57 3.50 3.43 3.37 3.32 3.26 3.21 3.17 3.12 3.08 3.04 3.00 2.96 2.93 2.89 2.85 2.82 2.78 2.75
1.30 1.32 1.34 1.36 1.38 1.40 1.42 1.43 1.45 1.46 1.47 1.48 1.49 1.50 1.50 1.50 1.50 1.50 1.50 1.50 1.49 1.48 1.47 1.47 1.46 1.44 1.43 1.42 1.41 1.40 1.39 1.38 1.38 1.37 1.37 1.37 1.37 1.38 1.38 1.39 1.41 1.43 1.45 1.47 1.50 1.53 1.57 1.61 1.65 1.70 1.75 1.80 1.86 1.91 1.97 2.03 2.10 2.16 2.22 2.28 2.34 2.39 2.45 2.49 2.54 2.58 2.61 2.64 2.65 2.67 2.67 2.67 2.66 2.65 2.63 2.60 2.56 2.52 2.47 2.42 2.37 2.31 2.25 2.19 2.13 2.07 2.01 1.95 1.89 1.83 1.78 1.73 1.68 1.64 1.60 1.56 1.53 1.50 1.48 1.46 1.44 1.43 1.42 1.42 1.41 1.41 1.41 1.42 1.42 1.43 1.44 1.45 1.46 1.47 1.48 1.49 1.50 1.51 1.52 1.52 1.53 1.54 1.54 1.55 1.55 1.56 1.56 1.56 1.56 1.55 1.55 1.55 1.54 1.54 1.53 1.53 1.52 1.51 1.50 1.49 1.48 1.47 1.46 1.45 1.43 1.42 1.41 1.40 1.38 1.37 1.36 1.35 1.34 1.33 1.32 1.31 1.30 1.29 1.29 1.28 1.28 1.28 1.28 1.28 1.28 1.29 1.30 1.31 1.33 1.35 1.37 1.40 1.43 1.46 1.50 1.54 1.58 1.62 1.66 1.70 1.75 1.79 1.84 1.88 1.92 1.96 2.00 2.04 2.08 2.11 2.14 2.17 2.19 2.22 2.24 2.26 2.27 2.28 2.29 2.30 2.31 2.31 2.31 2.30 2.30 2.29 2.28 2.27 2.26 2.24 2.22 2.21 2.19 2.16 2.14 2.12 2.10 2.07 2.05 2.02 2.00 1.98 1.95 1.93 1.91 1.89 1.86 1.84 1.83 1.81 1.79 1.78 1.76 1.75 1.74 1.73 1.72 1.72 1.71 1.71 1.70 1.70 1.70 1.70 1.71 1.71 1.72 1.72 1.73 1.74 1.75 1.76 1.77 1.78 1.79 1.81 1.82 1.84 1.86 1.87 1.89 1.91 1.93 1.95 1.97 2.00 2.02 2.05 2.07 2.10 2.13 2.15 2.18 2.21 2.24 2.27 2.30 2.33 2.37 2.40 2.43 2.46 2.49 2.52 2.55 2.58 2.61 2.64 2.66 2.68 2.71 2.73 2.75 2.77 2.79 2.81 2.83 2.85 2.87 2.90 2.93 2.96 2.99 3.03 3.07 3.11 3.15 3.20 3.25 3.30 3.36 3.42 3.48 3.54 3.61 3.68 3.75 3.83 3.92 4.01 4.11 4.22 4.34 4.47 4.60 4.75 4.91 5.08 5.27 5.46 5.66 5.87 6.09 6.32 6.55 6.78 7.01 7.23 7.46 7.67 7.87 8.06 8.23 8.38 8.51 8.62 8.70 8.76 8.78 8.78 8.75 8.70 8.62 8.51 8.37 8.22 8.05 7.86 7.65 7.44 7.21 6.98 6.74 6.51 6.27 6.04 5.82 5.60 5.39 5.19 5.00 4.82 4.65 4.49 4.35 4.21 4.09 3.98 3.87 3.78 3.69 3.61 3.54 3.47 3.41 3.35 3.30 3.25 3.20 3.16 3.12 3.08 3.04 3.00 2.96 2.93 2.89 2.85 2.82 2.78
1.30 1.32 1.35 1.37 1.39 1.40 1.42 1.44 1.45 1.46 1.47 1.48 1.49 1.50 1.50 1.50 1.50 1.50 1.50 1.49 1.49 1.48 1.47 1.46 1.45 1.44 1.43 1.41 1.40 1.39 1.38 1.37 1.37 1.37 1.36 1.37 1.37 1.38 1.39 1.40 1.42 1.44 1.47 1.50 1.53 1.57 1.61 1.66 1.71 1.76 1.82 1.88 1.94 2.01 2.08 2.15 2.22 2.29 2.35 2.42 2.49 2.55 2.61 2.66 2.71 2.76 2.79 2.82 2.84 2.86 2.87 2.87 2.86 2.84 2.81 2.78 2.74 2.70 2.65 2.59 2.53 2.47 2.41 2.34 2.27 2.20 2.13 2.07 2.00 1.94 1.88 1.82 1.77 1.72 1.68 1.63 1.60 1.57 1.54 1.52 1.50 1.48 1.47 1.46 1.46 1.46 1.46 1.46 1.46 1.47 1.48 1.49 1.50 1.51 1.52 1.53 1.54 1.55 1.56 1.57 1.58 1.59 1.59 1.60 1.60 1.60 1.61 1.61 1.61 1.60 1.60 1.60 1.59 1.59 1.58 1.57 1.56 1.55 1.54 1.53 1.52 1.51 1.49 1.48 1.47 1.45 1.44 1.42 1.41 1.40 1.38 1.37 1.36 1.34 1.33 1.32 1.31 1.30 1.29 1.28 1.28 1.27 1.27 1.27 1.27 1.28 1.29 1.30 1.31 1.33 1.36 1.38 1.41 1.45 1.49 1.53 1.57 1.62 1.66 1.71 1.76 1.81 1.86 1.90 1.95 2.00 2.04 2.08 2.12 2.15 2.18 2.21 2.24 2.26 2.29 2.30 2.32 2.33 2.34 2.35 2.36 2.36 2.36 2.35 2.35 2.34 2.33 2.32 2.30 2.29 2.27 2.25 2.23 2.21 2.18 2.16 2.13 2.11 2.08 2.06 2.03 2.00 1.98 1.96 1.93 1.91 1.89 1.87 1.85 1.83 1.81 1.79 1.78 1.76 1.75 1.74 1.73 1.73 1.72 1.71 1.71 1.71 1.71 1.71 1.71 1.72 1.72 1.73 1.73 1.74 1.75 1.76 1.77 1.78 1.80 1.81 1.83 1.84 1.86 1.88 1.90 1.91 1.94 1.96 1.98 2.00 2.02 2.05 2.07 2.10 2.13 2.16 2.18 2.21 2.24 2.27 2.30 2.33 2.36 2.39 2.42 2.45 2.48 2.51 2.54 2.56 2.59 2.61 2.63 2.65 2.67 2.69 2.70 2.72 2.73 2.75 2.76 2.78 2.80 2.82 2.85 2.88 2.91 2.94 2.98 3.03 3.07 3.13 3.18 3.24 3.30 3.36 3.43 3.50 3.57 3.65 3.73 3.82 3.91 4.01 4.12 4.23 4.36 4.49 4.64 4.80 4.97 5.15 5.35 5.55 5.77 5.99 6.23 6.47 6.71 6.96 7.20 7.45 7.68 7.91 8.12 8.33 8.51 8.67 8.81 8.92 9.01 9.07 9.10 9.10 9.07 9.01 8.92 8.80 8.66 8.50 8.32 8.12 7.90 7.67 7.43 7.18 6.94 6.69 6.44 6.19 5.96 5.73 5.50 5.29 5.09 4.91 4.73 4.57 4.41 4.27 4.15 4.03 3.92 3.82 3.73 3.65 3.58 3.51 3.44 3.39 3.33 3.28 3.24 3.19 3.15 3.11 3.07 3.04 3.00 2.96 2.93 2.89 2.86 2.82
1.30 1.32 1.35 1.37 1.39 1.41 1.42 1.44 1.45 1.47 1.48 1.49 1.49 1.50 1.50 1.50 1.50 1.50 1.50 1.49 1.48 1.47 1.46 1.45 1.44 1.43 1.41 1.40 1.39 1.38 1.37 1.36 1.36 1.35 1.35 1.36 1.37 1.38 1.39 1.41 1.43 1.46 1.49 1.53 1.57 1.61 1.66 1.71 1.77 1.83 1.90 1.97 2.04 2.11 2.19 2.26 2.34 2.42 2.50 2.57 2.65 2.72 2.78 2.84 2.90 2.94 2.99 3.02 3.04 3.06 3.07 3.07 3.06 3.04 3.01 2.98 2.94 2.89 2.83 2.77 2.71 2.64 2.56 2.49 2.41 2.34 2.26 2.19 2.12 2.05 1.98 1.92 1.86 1.80 1.75 1.71 1.67 1.63 1.60 1.58 1.55 1.54 1.52 1.51 1.50 1.50 1.50 1.50 1.51 1.51 1.52 1.53 1.54 1.55 1.56 1.57 1.58 1.60 1.61 1.62 1.62 1.63 1.64 1.65 1.65 1.65 1.66 1.66 1.66 1.65 1.65 1.65 1.64 1.63 1.63 1.62 1.61 1.60 1.58 1.57 1.56 1.54 1.53 1.51 1.50 1.48 1.47 1.45 1.44 1.42 1.40 1.39 1.37 1.36 1.34 1.33 1.31 1.30 1.29 1.28 1.27 1.26 1.26 1.25 1.25 1.26 1.26 1.27 1.29 1.31 1.33 1.36 1.39 1.43 1.47 1.51 1.56 1.61 1.66 1.71 1.77 1.82 1.87 1.92 1.97 2.02 2.07 2.11 2.15 2.19 2.23 2.26 2.29 2.31 2.33 2.35 2.37 2.38 2.39 2.40 2.41 2.41 2.41 2.40 2.40 2.39 2.38 2.36 2.35 2.33 2.31 2.29 2.27 2.25 2.22 2.20 2.17 2.14 2.11 2.09 2.06 2.03 2.01 1.98 1.96 1.93 1.91 1.89 1.86 1.84 1.83 1.81 1.79 1.78 1.77 1.75 1.74 1.74 1.73 1.72 1.72 1.72 1.72 1.72 1.72 1.72 1.73 1.73 1.74 1.75 1.75 1.76 1.78 1.79 1.80 1.81 1.83 1.85 1.86 1.88 1.90 1.92 1.94 1.96 1.98 2.00 2.03 2.05 2.08 2.10 2.13 2.16 2.18 2.21 2.24 2.27 2.30 2.33 2.36 2.39 2.42 2.45 2.47 2.50 2.52 2.54 2.56 2.58 2.60 2.61 2.63 2.64 2.65 2.66 2.66 2.67 2.68 2.70 2.71 2.73 2.75 2.78 2.81 2.85 2.89 2.94 2.99 3.04 3.10 3.16 3.23 3.30 3.37 3.45 3.53 3.61 3.70 3.79 3.89 4.00 4.12 4.24 4.38 4.52 4.68 4.85 5.03 5.22 5.43 5.65 5.87 6.11 6.36 6.61 6.87 7.13 7.40 7.65 7.90 8.14 8.37 8.59 8.78 8.95 9.10 9.22 9.31 9.38 9.41 9.41 9.38 9.31 9.22 9.10 8.95 8.78 8.58 8.37 8.14 7.90 7.65 7.39 7.12 6.86 6.60 6.34 6.09 5.85 5.62 5.40 5.19 4.99 4.81 4.64 4.48 4.33 4.20 4.08 3.97 3.87 3.77 3.69 3.62 3.55 3.48 3.43 3.37 3.32 3.28 3.23 3.19 3.15 3.11 3.08 3.04 3.00 2.97 2.93 2.89 2.86
1.30 1.32 1.35 1.37 1.39 1.41 1.42 1.44 1.45 1.47 1.48 1.49 1.49 1.50 1.50 1.50 1.50 1.50 1.49 1.49 1.48 1.47 1.45 1.44 1.43 1.41 1.40 1.38 1.37 1.36 1.35 1.34 1.34 1.34 1.34 1.34 1.35 1.37 1.39 1.41 1.44 1.47 1.51 1.55 1.60 1.65 1.70 1.77 1.83 1.90 1.97 2.05 2.13 2.22 2.30 2.39 2.47 2.56 2.65 2.73 2.81 2.89 2.96 3.03 3.09 3.14 3.19 3.22 3.25 3.27 3.28 3.28 3.27 3.25 3.22 3.18 3.14 3.08 3.02 2.96 2.89 2.81 2.73 2.65 2.57 2.48 2.40 2.32 2.24 2.16 2.09 2.02 1.95 1.89 1.84 1.79 1.74 1.70 1.67 1.64 1.61 1.59 1.57 1.56 1.55 1.55 1.55 1.55 1.55 1.56 1.57 1.58 1.59 1.60 1.61 1.62 1.63 1.64 1.65 1.66 1.67 1.68 1.69 1.69 1.70 1.70 1.71 1.71 1.71 1.70 1.70 1.69 1.69 1.68 1.67 1.66 1.65 1.64 1.63 1.61 1.60 1.58 1.56 1.55 1.53 1.51 1.50 1.48 1.46 1.44 1.42 1.41 1.39 1.37 1.35 1.33 1.32 1.30 1.29 1.27 1.26 1.25 1.24 1.23 1.23 1.23 1.23 1.24 1.25 1.27 1.30 1.33 1.36 1.40 1.44 1.49 1.54 1.60 1.65 1.71 1.77 1.83 1.88 1.94 2.00 2.05 2.10 2.14 2.19 2.23 2.27 2.30 2.33 2.36 2.38 2.40 2.42 2.43 2.44 2.45 2.46 2.46 2.46 2.45 2.45 2.44 2.43 2.41 2.39 2.38 2.36 2.33 2.31 2.29 2.26 2.23 2.20 2.18 2.15 2.12 2.09 2.06 2.03 2.01 1.98 1.95 1.93 1.91 1.88 1.86 1.84 1.82 1.81 1.79 1.78 1.77 1.75 1.75 1.74 1.73 1.73 1.72 1.72 1.72 1.72 1.73 1.73 1.74 1.74 1.75 1.76 1.77 1.78 1.79 1.80 1.82 1.83 1.85 1.87 1.88 1.90 1.92 1.94 1.96 1.98 2.01 2.03 2.05 2.08 2.10 2.13 2.16 2.19 2.21 2.24 2.27 2.30 2.33 2.36 2.38 2.41 2.44 2.46 2.48 2.50 2.52 2.54 2.55 2.56 2.57 2.58 2.58 2.59 2.59 2.59 2.59 2.60 2.60 2.61 2.63 2.65 2.67 2.70 2.74 2.78 2.83 2.89 2.95 3.01 3.08 3.15 3.23 3.31 3.39 3.48 3.57 3.67 3.77 3.88 3.99 4.12 4.25 4.39 4.55 4.71 4.89 5.08 5.29 5.50 5.74 5.98 6.23 6.49 6.76 7.03 7.31 7.58 7.85 8.12 8.37 8.61 8.84 9.04 9.23 9.38 9.51 9.61 9.67 9.71 9.71 9.67 9.61 9.51 9.38 9.23 9.05 8.84 8.62 8.38 8.12 7.86 7.58 7.31 7.03 6.76 6.49 6.23 5.97 5.73 5.50 5.28 5.08 4.89 4.71 4.54 4.39 4.26 4.13 4.02 3.91 3.82 3.73 3.66 3.59 3.52 3.47 3.41 3.36 3.32 3.27 3.23 3.19 3.15 3.12 3.08 3.04 3.01 2.97 2.93 2.90
1.30 1.32 1.34 1.37 1.39 1.40 1.42 1.44 1.45 1.46 1.47 1.48 1.49 1.50 1.50 1.50 1.50 1.49 1.49 1.48 1.47 1.45 1.44 1.42 1.41 1.39 1.38 1.36 1.35 1.33 1.32 1.32 1.31 1.31 1.32 1.32 1.34 1.36 1.38 1.41 1.44 1.48 1.52 1.57 1.62 1.68 1.75 1.82 1.89 1.97 2.05 2.14 2.23 2.32 2.42 2.51 2.61 2.71 2.80 2.89 2.98 3.07 3.15 3.22 3.29 3.35 3.40 3.44 3.47 3.49 3.50 3.50 3.49 3.47 3.44 3.40 3.35 3.29 3.22 3.15 3.07 2.99 2.90 2.81 2.72 2.63 2.54 2.45 2.37 2.28 2.20 2.12 2.05 1.99 1.92 1.87 1.82 1.77 1.73 1.70 1.67 1.65 1.63 1.62 1.61 1.60 1.60 1.60 1.60 1.61 1.61 1.62 1.63 1.64 1.65 1.67 1.68 1.69 1.70 1.71 1.72 1.73 1.74 1.75 1.75 1.75 1.76 1.76 1.76 1.75 1.75 1.74 1.74 1.73 1.72 1.71 1.70 1.68 1.67 1.65 1.64 1.62 1.60 1.58 1.56 1.54 1.53 1.51 1.49 1.46 1.44 1.42 1.40 1.38 1.36 1.34 1.32 1.30 1.28 1.26 1.24 1.23 1.21 1.20 1.20 1.19 1.19 1.20 1.21 1.23 1.25 1.28 1.32 1.36 1.41 1.46 1.51 1.57 1.63 1.70 1.76 1.83 1.89 1.95 2.01 2.07 2.12 2.17 2.22 2.26 2.30 2.34 2.37 2.40 2.43 2.45 2.47 2.48 2.49 2.50 2.51 2.51 2.51 2.50 2.49 2.48 2.47 2.46 2.44 2.42 2.40 2.37 2.35 2.32 2.30 2.27 2.24 2.21 2.18 2.15 2.12 2.09 2.06 2.03 2.00 1.98 1.95 1.93 1.90 1.88 1.86 1.84 1.82 1.80 1.79 1.78 1.76 1.75 1.75 1.74 1.73 1.73 1.73 1.73 1.73 1.73 1.74 1.74 1.75 1.75 1.76 1.77 1.78 1.79 1.81 1.82 1.84 1.85 1.87 1.89 1.91 1.92 1.94 1.97 1.99 2.01 2.03 2.06 2.08 2.11 2.13 2.16 2.19 2.21 2.24 2.27 2.30 2.32 2.35 2.38 2.40 2.43 2.45 2.47 2.48 2.50 2.51 2.52 2.52 2.52 2.52 2.52 2.52 2.51 2.50 2.50 2.49 2.49 2.50 2.51 2.52 2.55 2.58 2.61 2.66 2.71 2.77 2.84 2.91 2.98 3.06 3.15 3.24 3.33 3.43 3.53 3.63 3.74 3.86 3.98 4.11 4.25 4.41 4.57 4.74 4.93 5.14 5.35 5.58 5.82 6.08 6.34 6.61 6.90 7.18 7.47 7.76 8.05 8.32 8.59 8.85 9.08 9.30 9.49 9.65 9.79 9.89 9.96 10.00 10.00 9.96 9.89 9.79 9.66 9.49 9.30 9.09 8.85 8.60 8.33 8.06 7.77 7.49 7.20 6.91 6.63 6.36 6.09 5.84 5.60 5.37 5.16 4.96 4.78 4.61 4.45 4.31 4.18 4.06 3.96 3.86 3.78 3.70 3.63 3.56 3.51 3.45 3.40 3.36 3.31 3.27 3.23 3.19 3.16 3.12 3.09 3.05 3.01 2.98 2.94
1.30 1.32 1.34 1.36 1.38 1.40 1.42 1.44 1.45 1.46 1.47 1.48 1.49 1.49 1.49 1.49 1.49 1.48 1.48 1.47 1.45 1.44 1.42 1.40 1.39 1.37 1.35 1.33 1.31 1.30 1.29 1.28 1.28 1.28 1.29 1.30 1.31 1.33 1.36 1.40 1.43 1.48 1.53 1.59 1.65 1.72 1.79 1.87 1.95 2.04 2.13 2.23 2.33 2.43 2.54 2.64 2.75 2.85 2.96 3.06 3.16 3.25 3.34 3.42 3.49 3.56 3.61 3.66 3.69 3.71 3.73 3.73 3.71 3.69 3.66 3.61 3.56 3.50 3.43 3.35 3.26 3.17 3.08 2.98 2.88 2.79 2.69 2.59 2.50 2.40 2.32 2.23 2.15 2.08 2.01 1.95 1.90 1.85 1.80 1.77 1.74 1.71 1.69 1.67 1.66 1.65 1.65 1.65 1.65 1.65 1.66 1.67 1.68 1.69 1.70 1.71 1.73 1.74 1.75 1.76 1.77 1.78 1.79 1.80 1.80 1.81 1.81 1.81 1.81 1.80 1.80 1.79 1.79 1.78 1.77 1.75 1.74 1.73 1.71 1.69 1.68 1.66 1.64 1.62 1.60 1.58 1.55 1.53 1.51 1.49 1.46 1.44 1.42 1.39 1.37 1.34 1.32 1.29 1.27 1.24 1.22 1.20 1.18 1.17 1.15 1.15 1.15 1.15 1.16 1.18 1.20 1.23 1.27 1.31 1.36 1.42 1.48 1.54 1.61 1.68 1.75 1.82 1.89 1.96 2.02 2.09 2.14 2.20 2.25 2.30 2.34 2.38 2.41 2.44 2.47 2.49 2.51 2.53 2.54 2.55 2.55 2.55 2.55 2.55 2.54 2.53 2.52 2.50 2.48 2.46 2.44 2.41 2.39 2.36 2.33 2.30 2.27 2.24 2.21 2.18 2.15 2.12 2.09 2.06 2.03 2.00 1.97 1.94 1.92 1.90 1.87 1.85 1.83 1.82 1.80 1.79 1.78 1.76 1.76 1.75 1.74 1.74 1.74 1.73 1.74 1.74 1.74 1.74 1.75 1.76 1.77 1.78 1.79 1.80 1.81 1.83 1.84 1.86 1.87 1.89 1.91 1.93 1.95 1.97 1.99 2.01 2.04 2.06 2.08 2.11 2.14 2.16 2.19 2.21 2.24 2.27 2.30 2.32 2.35 2.37 2.39 2.42 2.43 2.45 2.46 2.47 2.48 2.48 2.48 2.47 2.46 2.45 2.44 2.42 2.41 2.39 2.38 2.37 2.37 2.38 2.39 2.41 2.44 2.48 2.52 2.58 2.64 2.72 2.79 2.88 2.97 3.06 3.16 3.26 3.37 3.48 3.59 3.71 3.83 3.97 4.11 4.26 4.42 4.59 4.77 4.97 5.19 5.41 5.65 5.90 6.17 6.45 6.73 7.03 7.33 7.63 7.93 8.23 8.52 8.80 9.06 9.31 9.54 9.74 9.91 10.05 10.16 10.23 10.27 10.27 10.23 10.16 10.05 9.91 9.74 9.54 9.32 9.08 8.81 8.54 8.25 7.95 7.65 7.35 7.05 6.76 6.48 6.20 5.94 5.69 5.46 5.24 5.03 4.84 4.67 4.51 4.36 4.23 4.11 4.00 3.91 3.82 3.74 3.67 3.60 3.55 3.49 3.44 3.40 3.35 3.31 3.28 3.24 3.20 3.16 3.13 3.09 3.06 3.02 2.98
1.29 1.32 1.34 1.36 1.38 1.40 1.42 1.43 1.45 1.46 1.47 1.48 1.48 1.49 1.49 1.49 1.48 1.47 1.46 1.45 1.44 1.42 1.40 1.38 1.36 1.34 1.32 1.30 1.28 1.26 1.25 1.24 1.24 1.24 1.25 1.26 1.28 1.31 1.34 1.38 1.42 1.47 1.53 1.60 1.67 1.75 1.83 1.92 2.01 2.11 2.21 2.32 2.43 2.54 2.66 2.77 2.89 3.01 3.12 3.23 3.34 3.44 3.53 3.62 3.70 3.77 3.83 3.88 3.92 3.94 3.96 3.96 3.95 3.92 3.89 3.84 3.78 3.71 3.63 3.55 3.46 3.36 3.26 3.16 3.05 2.94 2.84 2.73 2.63 2.53 2.43 2.34 2.26 2.18 2.11 2.04 1.98 1.92 1.88 1.84 1.80 1.77 1.75 1.73 1.71 1.71 1.70 1.70 1.70 1.70 1.71 1.72 1.73 1.74 1.75 1.76 1.78 1.79 1.80 1.81 1.82 1.83 1.84 1.85 1.85 1.86 1.86 1.86 1.86 1.86 1.85 1.84 1.84 1.83 1.81 1.80 1.79 1.77 1.75 1.73 1.72 1.70 1.67 1.65 1.63 1.61 1.58 1.56 1.53 1.51 1.48 1.46 1.43 1.40 1.37 1.34 1.31 1.28 1.25 1.22 1.19 1.17 1.14 1.12 1.11 1.09 1.09 1.09 1.10 1.11 1.13 1.16 1.20 1.25 1.30 1.37 1.43 1.50 1.58 1.65 1.73 1.81 1.88 1.96 2.03 2.10 2.16 2.22 2.28 2.33 2.37 2.42 2.45 2.49 2.51 2.54 2.56 2.57 2.59 2.59 2.60 2.60 2.60 2.59 2.58 2.57 2.56 2.54 2.52 2.50 2.48 2.45 2.43 2.40 2.37 2.34 2.31 2.27 2.24 2.21 2.18 2.14 2.11 2.08 2.05 2.02 1.99 1.96 1.94 1.91 1.89 1.87 1.85 1.83 1.81 1.80 1.78 1.77 1.76 1.76 1.75 1.75 1.74 1.74 1.74 1.74 1.75 1.75 1.76 1.76 1.77 1.78 1.79 1.80 1.82 1.83 1.84 1.86 1.88 1.89 1.91 1.93 1.95 1.97 1.99 2.02 2.04 2.06 2.09 2.11 2.14 2.16 2.19 2.22 2.24 2.27 2.29 2.32 2.34 2.37 2.39 2.40 2.42 2.43 2.44 2.44 2.44 2.44 2.43 2.42 2.40 2.38 2.35 2.33 2.30 2.28 2.26 2.24 2.23 2.23 2.24 2.26 2.29 2.32 2.37 2.44 2.50 2.58 2.67 2.76 2.86 2.97 3.07 3.19 3.30 3.42 3.54 3.67 3.81 3.95 4.10 4.26 4.43 4.61 4.80 5.01 5.23 5.47 5.72 5.98 6.26 6.55 6.84 7.15 7.46 7.78 8.09 8.40 8.70 8.99 9.27 9.52 9.76 9.96 10.14 10.29 10.40 10.48 10.51 10.52 10.48 10.40 10.29 10.15 9.97 9.77 9.54 9.28 9.01 8.72 8.42 8.12 7.81 7.49 7.19 6.89 6.59 6.31 6.04 5.78 5.54 5.31 5.10 4.91 4.73 4.56 4.42 4.28 4.16 4.05 3.95 3.86 3.78 3.71 3.65 3.59 3.53 3.49 3.44 3.40 3.36 3.32 3.28 3.24 3.21 3.17 3.14 3.10 3.06 3.03
1.29 1.31 1.33 1.36 1.38 1.39 1.41 1.43 1.44 1.45 1.46 1.47 1.48 1.48 1.48 1.48 1.47 1.46 1.45 1.44 1.42 1.40 1.37 1.35 1.33 1.30 1.28 1.25 1.23 1.21 1.20 1.19 1.19 1.19 1.20 1.22 1.24 1.27 1.31 1.35 1.40 1.46 1.53 1.60 1.68 1.77 1.86 1.96 2.07 2.17 2.29 2.41 2.53 2.65 2.78 2.91 3.03 3.16 3.28 3.40 3.52 3.63 3.73 3.83 3.91 3.99 4.05 4.11 4.15 4.18 4.19 4.19 4.18 4.15 4.11 4.06 4.00 3.93 3.85 3.76 3.66 3.55 3.44 3.33 3.22 3.10 2.99 2.87 2.76 2.66 2.55 2.46 2.36 2.28 2.20 2.13 2.06 2.00 1.95 1.90 1.87 1.83 1.81 1.79 1.77 1.76 1.75 1.75 1.75 1.75 1.76 1.77 1.78 1.79 1.80 1.81 1.83 1.84 1.85 1.86 1.88 1.89 1.89 1.90 1.91 1.91 1.91 1.91 1.91 1.91 1.90 1.90 1.89 1.88 1.86 1.85 1.83 1.82 1.80 1.78 1.76 1.73 1.71 1.69 1.66 1.64 1.61 1.59 1.56 1.53 1.50 1.47 1.44 1.41 1.37 1.34 1.30 1.27 1.23 1.20 1.16 1.13 1.10 1.07 1.05 1.03 1.02 1.02 1.02 1.04 1.06 1.09 1.13 1.18 1.24 1.30 1.38 1.45 1.54 1.62 1.70 1.79 1.87 1.95 2.03 2.11 2.18 2.24 2.30 2.36 2.41 2.45 2.49 2.52 2.55 2.58 2.60 2.62 2.63 2.64 2.64 2.64 2.64 2.64 2.63 2.62 2.60 2.58 2.56 2.54 2.52 2.49 2.46 2.43 2.40 2.37 2.34 2.30 2.27 2.24 2.20 2.17 2.13 2.10 2.07 2.04 2.01 1.98 1.95 1.93 1.90 1.88 1.86 1.84 1.82 1.81 1.79 1.78 1.77 1.76 1.76 1.75 1.75 1.75 1.75 1.75 1.75 1.75 1.76 1.77 1.78 1.78 1.79 1.81 1.82 1.83 1.85 1.86 1.88 1.90 1.92 1.94 1.96 1.98 2.00 2.02 2.04 2.07 2.09 2.12 2.14 2.17 2.19 2.22 2.24 2.27 2.29 2.32 2.34 2.36 2.38 2.39 2.40 2.41 2.42 2.41 2.41 2.39 2.38 2.35 2.33 2.29 2.26 2.22 2.19 2.15 2.12 2.10 2.08 2.07 2.08 2.09 2.12 2.16 2.21 2.28 2.35 2.44 2.54 2.64 2.75 2.86 2.98 3.10 3.23 3.36 3.50 3.63 3.78 3.93 4.09 4.26 4.44 4.63 4.83 5.05 5.28 5.52 5.78 6.05 6.34 6.64 6.95 7.26 7.58 7.91 8.23 8.55 8.86 9.16 9.45 9.71 9.95 10.17 10.35 10.50 10.62 10.70 10.74 10.74 10.70 10.62 10.51 10.36 10.18 9.97 9.73 9.47 9.19 8.89 8.58 8.26 7.94 7.62 7.31 7.00 6.69 6.40 6.13 5.86 5.61 5.38 5.17 4.97 4.78 4.62 4.46 4.33 4.20 4.09 3.99 3.90 3.82 3.75 3.69 3.63 3.58 3.53 3.48 3.44 3.40 3.36 3.33 3.29 3.25 3.22 3.18 3.15 3.11 3.07
1.28 1.31 1.33 1.35 1.37 1.39 1.41 1.42 1.44 1.45 1.46 1.47 1.47 1.47 1.47 1.47 1.46 1.45 1.43 1.42 1.39 1.37 1.34 1.32 1.29 1.26 1.23 1.20 1.18 1.16 1.15 1.14 1.13 1.14 1.15 1.16 1.19 1.23 1.27 1.32 1.38 1.44 1.52 1.60 1.69 1.79 1.89 2.00 2.12 2.24 2.36 2.49 2.63 2.76 2.90 3.04 3.18 3.31 3.45 3.58 3.70 3.82 3.93 4.03 4.13 4.21 4.28 4.34 4.38 4.41 4.43 4.43 4.41 4.39 4.35 4.29 4.22 4.15 4.06 3.96 3.86 3.75 3.63 3.51 3.39 3.26 3.14 3.02 2.90 2.79 2.67 2.57 2.47 2.38 2.29 2.21 2.14 2.08 2.02 1.97 1.93 1.90 1.87 1.85 1.83 1.82 1.81 1.80 1.80 1.81 1.81 1.82 1.83 1.84 1.85 1.87 1.88 1.89 1.91 1.92 1.93 1.94 1.95 1.96 1.96 1.97 1.97 1.97 1.97 1.96 1.96 1.95 1.94 1.93 1.91 1.90 1.88 1.86 1.84 1.82 1.80 1.78 1.75 1.73 1.70 1.67 1.64 1.61 1.58 1.55 1.52 1.48 1.45 1.41 1.37 1.33 1.29 1.25 1.21 1.17 1.12 1.09 1.05 1.02 0.99 0.96 0.95 0.94 0.94 0.95 0.98 1.01 1.05 1.10 1.16 1.24 1.31 1.40 1.49 1.58 1.67 1.77 1.86 1.95 2.03 2.11 2.19 2.26 2.32 2.38 2.43 2.48 2.52 2.56 2.59 2.62 2.64 2.66 2.67 2.68 2.68 2.69 2.68 2.68 2.67 2.66 2.64 2.62 2.60 2.58 2.55 2.53 2.50 2.47 2.43 2.40 2.37 2.33 2.30 2.26 2.23 2.19 2.16 2.12 2.09 2.06 2.03 2.00 1.97 1.94 1.92 1.89 1.87 1.85 1.83 1.82 1.80 1.79 1.78 1.77 1.76 1.76 1.75 1.75 1.75 1.75 1.76 1.76 1.76 1.77 1.78 1.79 1.80 1.81 1.82 1.84 1.85 1.87 1.89 1.90 1.92 1.94 1.96 1.98 2.00 2.03 2.05 2.07 2.10 2.12 2.15 2.17 2.20 2.22 2.25 2.27 2.29 2.32 2.34 2.36 2.37 2.38 2.39 2.39 2.39 2.38 2.37 2.35 2.32 2.29 2.25 2.21 2.16 2.11 2.07 2.02 1.98 1.95 1.92 1.91 1.90 1.92 1.94 1.98 2.04 2.11 2.19 2.29 2.39 2.51 2.63 2.75 2.88 3.02 3.16 3.30 3.44 3.59 3.75 3.91 4.08 4.26 4.44 4.64 4.85 5.08 5.32 5.57 5.84 6.12 6.41 6.72 7.04 7.36 7.69 8.03 8.36 8.69 9.01 9.32 9.61 9.88 10.13 10.35 10.54 10.69 10.81 10.89 10.93 10.94 10.90 10.82 10.70 10.55 10.36 10.14 9.90 9.63 9.34 9.03 8.72 8.39 8.07 7.74 7.41 7.10 6.79 6.49 6.20 5.93 5.68 5.44 5.22 5.02 4.83 4.66 4.51 4.37 4.25 4.14 4.03 3.95 3.87 3.79 3.73 3.67 3.62 3.57 3.53 3.49 3.45 3.41 3.37 3.34 3.30 3.27 3.23 3.19 3.16 3.12
1.28 1.30 1.32 1.34 1.36 1.38 1.40 1.42 1.43 1.44 1.45 1.46 1.46 1.46 1.46 1.46 1.45 1.43 1.42 1.39 1.37 1.34 1.31 1.28 1.25 1.21 1.18 1.15 1.12 1.10 1.08 1.07 1.07 1.07 1.08 1.10 1.13 1.17 1.22 1.28 1.34 1.42 1.50 1.59 1.69 1.80 1.92 2.04 2.16 2.30 2.43 2.58 2.72 2.87 3.02 3.17 3.32 3.46 3.61 3.75 3.88 4.01 4.13 4.24 4.34 4.43 4.50 4.56 4.61 4.64 4.66 4.66 4.65 4.62 4.58 4.52 4.45 4.36 4.27 4.17 4.06 3.94 3.81 3.69 3.56 3.42 3.29 3.16 3.04 2.91 2.80 2.68 2.58 2.48 2.39 2.30 2.23 2.16 2.10 2.05 2.00 1.96 1.93 1.91 1.89 1.87 1.86 1.86 1.86 1.86 1.86 1.87 1.88 1.89 1.91 1.92 1.93 1.95 1.96 1.97 1.99 2.00 2.00 2.01 2.02 2.02 2.02 2.02 2.02 2.02 2.01 2.00 1.99 1.98 1.96 1.95 1.93 1.91 1.89 1.87 1.84 1.82 1.79 1.76 1.73 1.70 1.67 1.64 1.61 1.57 1.54 1.50 1.46 1.42 1.37 1.33 1.28 1.23 1.18 1.13 1.08 1.04 0.99 0.95 0.92 0.89 0.87 0.86 0.85 0.86 0.88 0.92 0.96 1.02 1.08 1.16 1.24 1.34 1.43 1.53 1.63 1.74 1.84 1.93 2.03 2.11 2.20 2.27 2.34 2.40 2.46 2.51 2.56 2.59 2.63 2.65 2.68 2.69 2.71 2.72 2.72 2.72 2.72 2.72 2.71 2.69 2.68 2.66 2.64 2.61 2.59 2.56 2.53 2.50 2.46 2.43 2.39 2.36 2.32 2.29 2.25 2.21 2.18 2.14 2.11 2.08 2.04 2.01 1.98 1.96 1.93 1.91 1.88 1.86 1.84 1.83 1.81 1.80 1.79 1.78 1.77 1.76 1.76 1.76 1.76 1.76 1.76 1.76 1.77 1.78 1.78 1.79 1.80 1.82 1.83 1.84 1.86 1.87 1.89 1.91 1.93 1.95 1.97 1.99 2.01 2.03 2.06 2.08 2.10 2.13 2.15 2.18 2.20 2.23 2.25 2.27 2.30 2.32 2.34 2.35 2.36 2.37 2.38 2.37 2.37 2.35 2.33 2.30 2.26 2.22 2.17 2.12 2.06 2.00 1.94 1.88 1.83 1.79 1.75 1.73 1.72 1.73 1.76 1.80 1.86 1.94 2.03 2.13 2.24 2.37 2.50 2.64 2.78 2.93 3.08 3.23 3.39 3.55 3.72 3.89 4.07 4.25 4.45 4.66 4.88 5.11 5.36 5.62 5.89 6.18 6.48 6.80 7.12 7.45 7.79 8.13 8.47 8.81 9.13 9.45 9.75 10.02 10.28 10.50 10.69 10.85 10.97 11.06 11.10 11.10 11.06 10.98 10.86 10.70 10.51 10.29 10.04 9.76 9.47 9.16 8.83 8.50 8.17 7.83 7.50 7.18 6.86 6.56 6.27 6.00 5.74 5.50 5.27 5.07 4.88 4.71 4.55 4.41 4.29 4.18 4.08 3.99 3.91 3.84 3.77 3.71 3.66 3.62 3.57 3.53 3.49 3.46 3.42 3.38 3.35 3.31 3.28 3.24 3.20 3.17
1.27 1.29 1.31 1.34 1.36 1.38 1.39 1.41 1.42 1.44 1.44 1.45 1.45 1.45 1.45 1.44 1.43 1.42 1.40 1.37 1.34 1.31 1.27 1.24 1.20 1.16 1.12 1.09 1.06 1.03 1.01 1.00 0.99 1.00 1.01 1.03 1.07 1.11 1.16 1.23 1.30 1.38 1.48 1.58 1.69 1.81 1.93 2.07 2.21 2.35 2.50 2.66 2.81 2.97 3.13 3.30 3.46 3.61 3.77 3.92 4.06 4.20 4.32 4.44 4.55 4.64 4.72 4.79 4.84 4.87 4.89 4.89 4.88 4.85 4.80 4.74 4.67 4.58 4.48 4.37 4.25 4.13 4.00 3.86 3.72 3.58 3.44 3.31 3.17 3.04 2.92 2.80 2.68 2.58 2.48 2.39 2.31 2.24 2.17 2.12 2.07 2.03 1.99 1.97 1.94 1.93 1.92 1.91 1.91 1.91 1.92 1.93 1.94 1.95 1.96 1.98 1.99 2.00 2.02 2.03 2.04 2.05 2.06 2.07 2.08 2.08 2.08 2.08 2.08 2.07 2.07 2.06 2.05 2.03 2.02 2.00 1.98 1.96 1.94 1.91 1.89 1.86 1.83 1.80 1.77 1.74 1.70 1.67 1.63 1.59 1.55 1.51 1.47 1.42 1.37 1.32 1.26 1.21 1.15 1.10 1.04 0.99 0.93 0.89 0.84 0.81 0.78 0.77 0.76 0.77 0.79 0.82 0.87 0.93 1.00 1.08 1.17 1.27 1.37 1.48 1.59 1.70 1.81 1.92 2.02 2.11 2.20 2.28 2.36 2.42 2.48 2.54 2.58 2.62 2.66 2.69 2.71 2.73 2.74 2.75 2.76 2.76 2.76 2.75 2.74 2.73 2.71 2.69 2.67 2.65 2.62 2.59 2.56 2.53 2.49 2.46 2.42 2.38 2.35 2.31 2.27 2.23 2.20 2.16 2.13 2.09 2.06 2.03 2.00 1.97 1.94 1.92 1.89 1.87 1.85 1.84 1.82 1.81 1.79 1.78 1.78 1.77 1.77 1.76 1.76 1.76 1.76 1.77 1.77 1.78 1.79 1.80 1.81 1.82 1.83 1.85 1.86 1.88 1.90 1.91 1.93 1.95 1.97 1.99 2.02 2.04 2.06 2.09 2.11 2.13 2.16 2.18 2.21 2.23 2.26 2.28 2.30 2.32 2.34 2.35 2.36 2.36 2.36 2.36 2.34 2.32 2.29 2.25 2.21 2.15 2.09 2.02 1.95 1.88 1.81 1.74 1.67 1.62 1.58 1.55 1.54 1.54 1.57 1.61 1.67 1.75 1.85 1.96 2.09 2.23 2.37 2.52 2.68 2.84 3.00 3.17 3.34 3.51 3.69 3.87 4.06 4.25 4.46 4.68 4.90 5.14 5.39 5.66 5.94 6.24 6.54 6.86 7.19 7.53 7.87 8.22 8.56 8.90 9.23 9.55 9.86 10.14 10.39 10.62 10.82 10.98 11.10 11.19 11.23 11.23 11.19 11.11 10.98 10.82 10.63 10.40 10.15 9.87 9.57 9.25 8.93 8.59 8.25 7.91 7.58 7.25 6.93 6.62 6.33 6.05 5.79 5.54 5.32 5.11 4.92 4.75 4.59 4.45 4.33 4.21 4.11 4.03 3.95 3.88 3.81 3.76 3.71 3.66 3.62 3.58 3.54 3.50 3.47 3.43 3.40 3.36 3.33 3.29 3.25 3.22
1.26 1.28 1.31 1.33 1.35 1.37 1.39 1.40 1.42 1.43 1.44 1.44 1.45 1.44 1.44 1.43 1.42 1.40 1.37 1.35 1.31 1.28 1.24 1.19 1.15 1.11 1.06 1.02 0.99 0.96 0.93 0.92 0.91 0.91 0.93 0.95 0.99 1.04 1.10 1.17 1.25 1.34 1.44 1.56 1.68 1.81 1.95 2.09 2.24 2.40 2.56 2.73 2.90 3.07 3.25 3.42 3.59 3.76 3.92 4.08 4.24 4.38 4.52 4.64 4.75 4.85 4.94 5.01 5.06 5.10 5.12 5.12 5.10 5.07 5.03 4.96 4.88 4.79 4.69 4.57 4.45 4.31 4.18 4.03 3.89 3.74 3.59 3.45 3.31 3.17 3.04 2.91 2.79 2.68 2.58 2.48 2.40 2.32 2.25 2.19 2.14 2.09 2.06 2.03 2.00 1.99 1.98 1.97 1.97 1.97 1.97 1.98 1.99 2.00 2.02 2.03 2.05 2.06 2.07 2.09 2.10 2.11 2.12 2.13 2.14 2.14 2.14 2.14 2.14 2.13 2.13 2.12 2.10 2.09 2.07 2.05 2.03 2.01 1.98 1.96 1.93 1.90 1.87 1.84 1.81 1.77 1.73 1.70 1.66 1.61 1.57 1.52 1.47 1.42 1.37 1.31 1.25 1.19 1.12 1.06 0.99 0.93 0.87 0.82 0.77 0.73 0.70 0.67 0.67 0.67 0.69 0.72 0.77 0.83 0.91 0.99 1.09 1.20 1.31 1.43 1.55 1.67 1.78 1.90 2.00 2.11 2.20 2.29 2.37 2.44 2.50 2.56 2.61 2.65 2.69 2.72 2.74 2.76 2.78 2.79 2.79 2.79 2.79 2.78 2.77 2.76 2.74 2.72 2.70 2.68 2.65 2.62 2.59 2.55 2.52 2.48 2.44 2.41 2.37 2.33 2.29 2.25 2.22 2.18 2.14 2.11 2.07 2.04 2.01 1.98 1.95 1.93 1.90 1.88 1.86 1.84 1.83 1.81 1.80 1.79 1.78 1.78 1.77 1.77 1.77 1.77 1.77 1.77 1.78 1.79 1.79 1.80 1.81 1.83 1.84 1.85 1.87 1.89 1.90 1.92 1.94 1.96 1.98 2.00 2.02 2.05 2.07 2.09 2.12 2.14 2.17 2.19 2.22 2.24 2.26 2.28 2.30 2.32 2.34 2.35 2.35 2.36 2.35 2.34 2.32 2.29 2.25 2.20 2.15 2.08 2.01 1.93 1.85 1.76 1.67 1.59 1.52 1.45 1.40 1.36 1.35 1.35 1.37 1.42 1.49 1.57 1.68 1.80 1.94 2.08 2.24 2.41 2.58 2.75 2.93 3.11 3.29 3.47 3.66 3.86 4.05 4.26 4.47 4.69 4.93 5.17 5.43 5.71 5.99 6.29 6.60 6.92 7.26 7.60 7.94 8.29 8.64 8.98 9.31 9.64 9.94 10.22 10.48 10.71 10.91 11.07 11.20 11.28 11.32 11.32 11.28 11.20 11.07 10.91 10.72 10.49 10.23 9.95 9.64 9.32 8.99 8.65 8.31 7.97 7.63 7.30 6.97 6.66 6.37 6.09 5.83 5.58 5.35 5.15 4.96 4.78 4.63 4.49 4.36 4.25 4.15 4.06 3.99 3.92 3.86 3.80 3.75 3.71 3.66 3.63 3.59 3.55 3.52 3.49 3.45 3.42 3.38 3.35 3.31 3.27
1.25 1.27 1.30 1.32 1.34 1.36 1.38 1.39 1.41 1.42 1.43 1.43 1.44 1.43 1.43 1.42 1.40 1.38 1.35 1.32 1.28 1.24 1.20 1.15 1.10 1.05 1.00 0.95 0.91 0.88 0.85 0.83 0.82 0.83 0.84 0.87 0.91 0.96 1.03 1.10 1.19 1.29 1.40 1.53 1.66 1.80 1.95 2.11 2.27 2.45 2.62 2.80 2.98 3.17 3.35 3.54 3.72 3.90 4.07 4.24 4.41 4.56 4.70 4.83 4.95 5.06 5.15 5.22 5.28 5.32 5.34 5.34 5.32 5.29 5.24 5.17 5.09 5.00 4.89 4.76 4.63 4.49 4.35 4.20 4.05 3.89 3.74 3.58 3.44 3.29 3.15 3.02 2.89 2.78 2.67 2.57 2.48 2.40 2.32 2.26 2.20 2.16 2.12 2.09 2.06 2.04 2.03 2.03 2.02 2.02 2.03 2.04 2.05 2.06 2.07 2.09 2.10 2.12 2.13 2.15 2.16 2.17 2.18 2.19 2.20 2.20 2.21 2.20 2.20 2.20 2.19 2.18 2.16 2.15 2.13 2.11 2.09 2.06 2.04 2.01 1.98 1.95 1.91 1.88 1.84 1.81 1.77 1.73 1.68 1.64 1.59 1.54 1.48 1.42 1.36 1.30 1.23 1.16 1.09 1.02 0.95 0.88 0.81 0.75 0.69 0.65 0.61 0.58 0.57 0.57 0.59 0.62 0.67 0.74 0.82 0.91 1.01 1.13 1.25 1.37 1.50 1.63 1.75 1.87 1.99 2.10 2.20 2.29 2.38 2.45 2.52 2.58 2.63 2.68 2.72 2.75 2.77 2.79 2.81 2.82 2.82 2.82 2.82 2.81 2.80 2.79 2.77 2.75 2.73 2.70 2.67 2.64 2.61 2.58 2.54 2.50 2.47 2.43 2.39 2.35 2.31 2.27 2.23 2.19 2.16 2.12 2.09 2.05 2.02 1.99 1.96 1.94 1.91 1.89 1.87 1.85 1.83 1.82 1.81 1.80 1.79 1.78 1.78 1.77 1.77 1.77 1.77 1.78 1.78 1.79 1.80 1.81 1.82 1.83 1.84 1.86 1.88 1.89 1.91 1.93 1.95 1.97 1.99 2.01 2.03 2.06 2.08 2.11 2.13 2.15 2.18 2.20 2.23 2.25 2.27 2.29 2.31 2.33 2.34 2.35 2.35 2.35 2.34 2.32 2.30 2.26 2.22 2.16 2.09 2.01 1.93 1.84 1.74 1.64 1.54 1.45 1.36 1.29 1.23 1.18 1.16 1.16 1.18 1.23 1.30 1.39 1.51 1.64 1.78 1.94 2.11 2.29 2.48 2.67 2.86 3.05 3.24 3.44 3.64 3.85 4.05 4.27 4.49 4.72 4.96 5.21 5.47 5.75 6.04 6.34 6.65 6.98 7.31 7.65 8.00 8.35 8.69 9.04 9.37 9.69 10.00 10.28 10.54 10.77 10.97 11.13 11.25 11.33 11.38 11.38 11.33 11.25 11.12 10.96 10.76 10.53 10.28 9.99 9.69 9.37 9.03 8.69 8.35 8.00 7.66 7.33 7.00 6.69 6.40 6.12 5.85 5.61 5.38 5.18 4.99 4.81 4.66 4.52 4.40 4.28 4.19 4.10 4.02 3.96 3.90 3.84 3.80 3.75 3.71 3.67 3.64 3.61 3.57 3.54 3.51 3.47 3.44 3.40 3.36 3.32
1.24 1.27 1.29 1.31 1.33 1.35 1.37 1.39 1.40 1.41 1.42 1.43 1.43 1.42 1.42 1.40 1.38 1.36 1.33 1.29 1.25 1.20 1.15 1.10 1.04 0.99 0.93 0.88 0.84 0.80 0.77 0.74 0.73 0.74 0.75 0.78 0.82 0.88 0.95 1.03 1.13 1.24 1.36 1.49 1.64 1.79 1.95 2.12 2.30 2.49 2.67 2.87 3.06 3.26 3.46 3.65 3.84 4.03 4.22 4.40 4.57 4.73 4.88 5.02 5.14 5.25 5.35 5.42 5.48 5.52 5.55 5.55 5.53 5.50 5.45 5.38 5.29 5.19 5.08 4.95 4.81 4.67 4.52 4.36 4.20 4.04 3.88 3.72 3.56 3.41 3.26 3.13 2.99 2.87 2.76 2.65 2.56 2.47 2.40 2.33 2.27 2.22 2.18 2.15 2.12 2.10 2.09 2.08 2.08 2.08 2.09 2.10 2.11 2.12 2.13 2.15 2.17 2.18 2.20 2.21 2.23 2.24 2.25 2.26 2.27 2.27 2.27 2.27 2.27 2.26 2.25 2.24 2.23 2.21 2.19 2.17 2.14 2.12 2.09 2.06 2.03 1.99 1.96 1.92 1.88 1.84 1.80 1.76 1.71 1.66 1.61 1.55 1.49 1.43 1.36 1.29 1.22 1.14 1.06 0.98 0.90 0.83 0.75 0.68 0.62 0.57 0.52 0.49 0.48 0.45 0.49 0.53 0.58 0.65 0.73 0.83 0.94 1.06 1.19 1.32 1.45 1.59 1.72 1.85 1.98 2.09 2.20 2.30 2.39 2.47 2.54 2.60 2.65 2.70 2.74 2.77 2.80 2.82 2.83 2.84 2.85 2.85 2.85 2.84 2.83 2.82 2.80 2.78 2.75 2.73 2.70 2.67 2.63 2.60 2.56 2.52 2.49 2.45 2.41 2.37 2.33 2.29 2.25 2.21 2.17 2.13 2.10 2.06 2.03 2.00 1.97 1.95 1.92 1.90 1.88 1.86 1.84 1.83 1.81 1.80 1.79 1.79 1.78 1.78 1.78 1.78 1.78 1.78 1.79 1.80 1.80 1.81 1.83 1.84 1.85 1.87 1.88 1.90 1.92 1.94 1.96 1.98 2.00 2.02 2.05 2.07 2.09 2.12 2.14 2.17 2.19 2.22 2.24 2.26 2.28 2.30 2.32 2.34 2.35 2.35 2.35 2.35 2.33 2.31 2.28 2.24 2.18 2.12 2.04 1.95 1.85 1.75 1.64 1.53 1.42 1.31 1.21 1.13 1.06 1.01 0.98 0.98 1.00 1.05 1.12 1.22 1.34 1.48 1.64 1.81 1.99 2.19 2.38 2.59 2.79 3.00 3.21 3.42 3.63 3.84 4.06 4.28 4.51 4.75 4.99 5.25 5.52 5.80 6.09 6.39 6.70 7.03 7.36 7.70 8.04 8.39 8.73 9.07 9.40 9.72 10.03 10.31 10.56 10.79 10.99 11.15 11.27 11.35 11.39 11.39 11.35 11.26 11.14 10.97 10.78 10.55 10.29 10.00 9.70 9.38 9.04 8.70 8.36 8.01 7.67 7.34 7.02 6.71 6.41 6.13 5.87 5.63 5.40 5.20 5.01 4.84 4.68 4.55 4.42 4.32 4.22 4.14 4.06 4.00 3.94 3.89 3.84 3.80 3.76 3.72 3.69 3.66 3.63 3.59 3.56 3.53 3.49 3.46 3.42 3.38
1.23 1.26 1.28 1.30 1.32 1.34 1.36 1.38 1.39 1.40 1.41 1.42 1.42 1.41 1.40 1.39 1.37 1.34 1.31 1.27 1.22 1.17 1.11 1.05 0.99 0.93 0.87 0.81 0.76 0.71 0.68 0.65 0.64 0.64 0.66 0.69 0.73 0.79 0.87 0.96 1.06 1.18 1.31 1.45 1.61 1.77 1.95 2.13 2.32 2.52 2.72 2.93 3.13 3.34 3.55 3.76 3.96 4.16 4.35 4.54 4.72 4.89 5.05 5.19 5.32 5.44 5.53 5.62 5.68 5.72 5.74 5.75 5.73 5.70 5.64 5.57 5.48 5.38 5.26 5.13 4.98 4.83 4.68 4.51 4.35 4.18 4.01 3.84 3.68 3.52 3.37 3.23 3.09 2.96 2.85 2.74 2.64 2.55 2.47 2.40 2.34 2.29 2.24 2.21 2.18 2.16 2.15 2.14 2.14 2.14 2.15 2.15 2.17 2.18 2.20 2.21 2.23 2.25 2.26 2.28 2.29 2.31 2.32 2.33 2.34 2.34 2.34 2.34 2.34 2.33 2.32 2.31 2.29 2.28 2.25 2.23 2.21 2.18 2.15 2.11 2.08 2.04 2.01 1.97 1.92 1.88 1.84 1.79 1.74 1.68 1.62 1.56 1.50 1.43 1.36 1.28 1.20 1.12 1.04 0.95 0.86 0.78 0.70 0.62 0.55 0.49 0.45 0.41 0.39 0.08 0.41 0.44 0.45 0.56 0.65 0.75 0.87 0.99 1.13 1.27 1.41 1.56 1.70 1.83 1.96 2.08 2.19 2.30 2.39 2.47 2.55 2.61 2.67 2.72 2.76 2.79 2.82 2.84 2.86 2.87 2.87 2.88 2.87 2.87 2.85 2.84 2.82 2.80 2.78 2.75 2.72 2.69 2.65 2.62 2.58 2.54 2.50 2.46 2.42 2.38 2.34 2.30 2.26 2.22 2.18 2.14 2.11 2.07 2.04 2.01 1.98 1.95 1.93 1.90 1.88 1.86 1.85 1.83 1.82 1.81 1.80 1.79 1.79 1.78 1.78 1.78 1.78 1.79 1.79 1.80 1.81 1.82 1.83 1.84 1.86 1.87 1.89 1.91 1.93 1.95 1.97 1.99 2.01 2.03 2.06 2.08 2.11 2.13 2.16 2.18 2.21 2.23 2.26 2.28 2.30 2.32 2.34 2.35 2.36 2.36 2.36 2.35 2.33 2.30 2.26 2.21 2.15 2.08 1.99 1.89 1.78 1.67 1.55 1.42 1.30 1.18 1.07 0.98 0.90 0.84 0.81 0.45 0.83 0.88 0.95 1.06 1.19 1.33 1.50 1.69 1.88 2.09 2.30 2.52 2.74 2.96 3.18 3.40 3.62 3.85 4.08 4.31 4.55 4.79 5.04 5.30 5.57 5.85 6.14 6.44 6.75 7.07 7.40 7.74 8.08 8.42 8.76 9.09 9.42 9.73 10.03 10.30 10.56 10.78 10.97 11.13 11.25 11.33 11.37 11.37 11.32 11.24 11.11 10.95 10.75 10.52 10.26 9.98 9.68 9.36 9.03 8.69 8.35 8.00 7.67 7.33 7.01 6.71 6.41 6.14 5.88 5.64 5.41 5.21 5.02 4.86 4.71 4.57 4.45 4.35 4.25 4.17 4.10 4.03 3.98 3.93 3.89 3.85 3.81 3.78 3.74 3.71 3.68 3.65 3.62 3.59 3.55 3.52 3.48 3.44
1.22 1.25 1.27 1.29 1.31 1.33 1.35 1.37 1.38 1.40 1.40 1.41 1.41 1.40 1.39 1.38 1.35 1.32 1.29 1.24 1.19 1.13 1.07 1.01 0.94 0.87 0.80 0.74 0.68 0.63 0.59 0.57 0.55 0.55 0.57 0.60 0.64 0.71 0.79 0.88 0.99 1.12 1.26 1.41 1.58 1.76 1.94 2.14 2.34 2.55 2.76 2.98 3.20 3.42 3.64 3.86 4.07 4.28 4.48 4.68 4.86 5.04 5.20 5.35 5.49 5.61 5.71 5.80 5.86 5.90 5.93 5.93 5.92 5.88 5.82 5.75 5.66 5.55 5.43 5.29 5.14 4.99 4.82 4.66 4.48 4.31 4.14 3.96 3.80 3.63 3.48 3.33 3.18 3.05 2.93 2.82 2.71 2.62 2.54 2.47 2.40 2.35 2.31 2.27 2.24 2.22 2.21 2.20 2.20 2.20 2.21 2.22 2.23 2.24 2.26 2.28 2.30 2.31 2.33 2.35 2.36 2.38 2.39 2.40 2.41 2.41 2.42 2.42 2.41 2.40 2.39 2.38 2.36 2.35 2.32 2.30 2.27 2.24 2.21 2.17 2.14 2.10 2.06 2.01 1.97 1.92 1.87 1.82 1.77 1.71 1.65 1.58 1.51 1.44 1.36 1.28 1.19 1.10 1.01 0.92 0.83 0.74 0.65 0.57 0.49 0.43 0.08 0.08 0.08 0.08 0.08 0.08 0.08 0.45 0.58 0.68 0.81 0.94 1.08 1.22 1.37 1.52 1.67 1.81 1.95 2.07 2.19 2.30 2.40 2.48 2.56 2.63 2.68 2.73 2.78 2.81 2.84 2.86 2.88 2.89 2.89 2.90 2.89 2.88 2.87 2.86 2.84 2.82 2.79 2.77 2.74 2.70 2.67 2.63 2.60 2.56 2.52 2.48 2.43 2.39 2.35 2.31 2.27 2.23 2.19 2.15 2.12 2.08 2.05 2.02 1.99 1.96 1.93 1.91 1.89 1.87 1.85 1.84 1.82 1.81 1.80 1.79 1.79 1.79 1.79 1.79 1.79 1.79 1.80 1.81 1.82 1.83 1.84 1.85 1.87 1.88 1.90 1.92 1.94 1.96 1.98 2.00 2.03 2.05 2.07 2.10 2.12 2.15 2.17 2.20 2.23 2.25 2.27 2.30 2.32 2.34 2.35 2.36 2.37 2.37 2.37 2.35 2.33 2.30 2.26 2.20 2.13 2.05 1.95 1.84 1.72 1.59 1.46 1.33 1.19 1.06 0.94 0.84 0.45 0.45 0.45 0.17 0.45 0.45 0.45 0.91 1.05 1.20 1.38 1.58 1.78 2.00 2.23 2.46 2.69 2.93 3.16 3.40 3.63 3.87 4.11 4.35 4.59 4.84 5.10 5.36 5.63 5.91 6.20 6.49 6.80 7.12 7.44 7.77 8.10 8.43 8.76 9.09 9.41 9.71 10.00 10.27 10.52 10.74 10.92 11.07 11.19 11.27 11.30 11.30 11.26 11.17 11.05 10.88 10.69 10.46 10.21 9.93 9.63 9.31 8.98 8.65 8.31 7.97 7.64 7.31 6.99 6.69 6.40 6.13 5.87 5.64 5.42 5.22 5.03 4.87 4.72 4.59 4.47 4.37 4.28 4.20 4.13 4.07 4.02 3.97 3.93 3.89 3.86 3.83 3.80 3.77 3.74 3.71 3.68 3.65 3.61 3.58 3.54 3.50
1.21 1.23 1.26 1.28 1.31 1.33 1.35 1.36 1.38 1.39 1.40 1.40 1.40 1.40 1.38 1.37 1.34 1.31 1.27 1.22 1.17 1.10 1.04 0.96 0.89 0.82 0.74 0.67 0.61 0.56 0.51 0.48 0.46 0.45 0.48 0.51 0.56 0.62 0.71 0.81 0.93 1.06 1.21 1.37 1.55 1.74 1.93 2.14 2.36 2.58 2.80 3.03 3.26 3.49 3.72 3.95 4.17 4.39 4.60 4.80 4.99 5.18 5.35 5.50 5.64 5.77 5.87 5.96 6.03 6.07 6.10 6.10 6.09 6.05 5.99 5.92 5.82 5.71 5.58 5.44 5.29 5.13 4.96 4.79 4.61 4.43 4.25 4.08 3.90 3.73 3.57 3.42 3.27 3.14 3.01 2.89 2.79 2.69 2.61 2.53 2.47 2.41 2.37 2.33 2.30 2.28 2.27 2.26 2.26 2.26 2.27 2.28 2.29 2.31 2.33 2.35 2.37 2.38 2.40 2.42 2.44 2.46 2.47 2.48 2.49 2.49 2.50 2.50 2.49 2.48 2.47 2.46 2.44 2.42 2.40 2.37 2.34 2.31 2.27 2.23 2.20 2.15 2.11 2.06 2.02 1.97 1.91 1.86 1.80 1.74 1.67 1.60 1.53 1.45 1.37 1.28 1.19 1.09 1.00 0.90 0.80 0.70 0.61 0.52 0.44 0.08 0.08 0.08 0.08 0.08 0.08 0.08 0.08 0.08 0.45 0.63 0.75 0.89 1.04 1.19 1.34 1.50 1.65 1.80 1.94 2.07 2.19 2.30 2.40 2.49 2.57 2.64 2.70 2.75 2.79 2.83 2.85 2.88 2.89 2.90 2.91 2.91 2.91 2.90 2.89 2.87 2.86 2.83 2.81 2.78 2.75 2.72 2.68 2.65 2.61 2.57 2.53 2.49 2.44 2.40 2.36 2.32 2.28 2.24 2.20 2.16 2.12 2.09 2.05 2.02 1.99 1.96 1.94 1.91 1.89 1.87 1.85 1.84 1.83 1.81 1.81 1.80 1.79 1.79 1.79 1.79 1.79 1.80 1.80 1.81 1.82 1.83 1.85 1.86 1.88 1.89 1.91 1.93 1.95 1.97 1.99 2.02 2.04 2.07 2.09 2.12 2.14 2.17 2.19 2.22 2.25 2.27 2.30 2.32 2.34 2.36 2.37 2.38 2.39 2.39 2.38 2.36 2.34 2.30 2.25 2.19 2.11 2.02 1.92 1.80 1.67 1.53 1.39 1.24 1.10 0.96 0.84 0.45 0.17 0.17 0.17 0.17 0.17 0.17 0.17 0.45 0.93 1.09 1.28 1.48 1.70 1.93 2.17 2.42 2.66 2.91 3.16 3.41 3.66 3.91 4.15 4.40 4.65 4.91 5.17 5.43 5.70 5.98 6.26 6.56 6.86 7.16 7.48 7.80 8.12 8.44 8.76 9.07 9.38 9.68 9.96 10.21 10.45 10.66 10.84 10.99 11.10 11.17 11.20 11.20 11.15 11.07 10.94 10.78 10.59 10.37 10.11 9.84 9.54 9.23 8.91 8.58 8.25 7.91 7.59 7.27 6.96 6.66 6.37 6.11 5.86 5.62 5.41 5.22 5.04 4.88 4.73 4.61 4.49 4.40 4.31 4.23 4.17 4.11 4.06 4.02 3.98 3.94 3.91 3.88 3.85 3.83 3.80 3.77 3.74 3.71 3.68 3.64 3.60 3.56
1.20 1.22 1.25 1.27 1.30 1.32 1.34 1.35 1.37 1.38 1.39 1.39 1.39 1.39 1.38 1.36 1.33 1.30 1.25 1.20 1.14 1.08 1.00 0.93 0.85 0.77 0.69 0.61 0.54 0.48 0.44 0.40 0.38 0.09 0.39 0.43 0.45 0.55 0.64 0.74 0.87 1.01 1.17 1.34 1.52 1.72 1.93 2.14 2.37 2.60 2.84 3.07 3.32 3.56 3.79 4.03 4.26 4.49 4.70 4.91 5.11 5.30 5.48 5.64 5.78 5.91 6.02 6.11 6.18 6.22 6.25 6.26 6.24 6.20 6.14 6.06 5.97 5.85 5.72 5.58 5.43 5.26 5.09 4.91 4.73 4.54 4.36 4.18 4.00 3.83 3.66 3.50 3.35 3.21 3.08 2.96 2.86 2.76 2.67 2.59 2.53 2.47 2.43 2.39 2.36 2.34 2.33 2.32 2.32 2.32 2.33 2.34 2.36 2.38 2.40 2.42 2.44 2.46 2.48 2.50 2.52 2.54 2.55 2.56 2.57 2.58 2.58 2.58 2.58 2.57 2.56 2.54 2.52 2.50 2.48 2.45 2.41 2.38 2.34 2.30 2.26 2.21 2.17 2.12 2.07 2.01 1.96 1.90 1.83 1.77 1.70 1.62 1.55 1.46 1.38 1.28 1.19 1.09 0.99 0.88 0.78 0.68 0.58 0.49 0.41 0.08 0.08 0.08 0.08 0.08 0.08 0.08 0.08 0.08 0.45 0.59 0.72 0.86 1.01 1.16 1.32 1.48 1.63 1.79 1.93 2.06 2.19 2.30 2.40 2.49 2.57 2.65 2.71 2.76 2.80 2.84 2.87 2.89 2.91 2.92 2.92 2.92 2.92 2.91 2.90 2.89 2.87 2.84 2.82 2.79 2.76 2.73 2.69 2.66 2.62 2.58 2.54 2.49 2.45 2.41 2.37 2.33 2.28 2.24 2.20 2.17 2.13 2.09 2.06 2.03 2.00 1.97 1.94 1.92 1.89 1.87 1.86 1.84 1.83 1.82 1.81 1.80 1.80 1.79 1.79 1.79 1.80 1.80 1.81 1.82 1.83 1.84 1.85 1.87 1.89 1.90 1.92 1.94 1.96 1.99 2.01 2.03 2.06 2.08 2.11 2.14 2.16 2.19 2.22 2.25 2.27 2.30 2.32 2.34 2.37 2.38 2.40 2.41 2.41 2.41 2.40 2.38 2.35 2.31 2.26 2.19 2.10 2.01 1.89 1.77 1.63 1.49 1.33 1.18 1.03 0.88 0.45 0.17 0.17 0.17 0.17 0.17 0.17 0.17 0.17 0.17 0.45 1.00 1.20 1.41 1.64 1.88 2.14 2.39 2.65 2.92 3.18 3.44 3.70 3.96 4.22 4.48 4.73 4.99 5.25 5.52 5.79 6.06 6.34 6.63 6.92 7.22 7.52 7.82 8.13 8.44 8.75 9.05 9.34 9.62 9.89 10.13 10.36 10.56 10.73 10.87 10.97 11.04 11.07 11.06 11.01 10.93 10.80 10.65 10.46 10.24 9.99 9.72 9.43 9.12 8.81 8.49 8.16 7.84 7.52 7.20 6.90 6.61 6.33 6.07 5.83 5.60 5.40 5.21 5.04 4.88 4.74 4.62 4.51 4.42 4.33 4.26 4.20 4.15 4.10 4.06 4.02 3.99 3.96 3.94 3.91 3.88 3.86 3.83 3.80 3.77 3.74 3.71 3.67 3.63
1.19 1.21 1.24 1.26 1.29 1.31 1.33 1.35 1.36 1.38 1.38 1.39 1.39 1.38 1.37 1.35 1.32 1.29 1.24 1.19 1.12 1.05 0.98 0.90 0.81 0.72 0.64 0.56 0.49 0.42 0.09 0.09 0.09 0.09 0.09 0.09 0.09 0.45 0.57 0.68 0.81 0.96 1.13 1.30 1.50 1.70 1.92 2.15 2.38 2.62 2.87 3.12 3.36 3.61 3.86 4.10 4.34 4.57 4.80 5.01 5.22 5.41 5.59 5.76 5.90 6.03 6.15 6.24 6.31 6.36 6.39 6.39 6.37 6.33 6.28 6.20 6.10 5.98 5.85 5.70 5.54 5.38 5.20 5.02 4.83 4.64 4.46 4.27 4.09 3.91 3.74 3.58 3.43 3.29 3.15 3.03 2.92 2.82 2.73 2.66 2.59 2.53 2.49 2.45 2.42 2.40 2.39 2.38 2.38 2.39 2.40 2.41 2.43 2.45 2.47 2.49 2.52 2.54 2.56 2.59 2.61 2.63 2.64 2.65 2.67 2.67 2.68 2.68 2.67 2.66 2.65 2.63 2.61 2.59 2.56 2.53 2.50 2.46 2.42 2.38 2.33 2.28 2.23 2.18 2.12 2.06 2.00 1.94 1.87 1.80 1.73 1.65 1.57 1.48 1.39 1.29 1.19 1.09 0.98 0.88 0.77 0.67 0.57 0.47 0.39 0.08 0.08 0.08 0.08 0.08 0.08 0.08 0.08 0.08 0.45 0.56 0.69 0.84 0.99 1.15 1.31 1.47 1.63 1.78 1.92 2.06 2.19 2.30 2.41 2.50 2.58 2.65 2.71 2.77 2.81 2.85 2.87 2.90 2.91 2.92 2.93 2.93 2.93 2.92 2.91 2.89 2.87 2.85 2.83 2.80 2.77 2.73 2.70 2.66 2.62 2.58 2.54 2.50 2.46 2.41 2.37 2.33 2.29 2.25 2.21 2.17 2.13 2.10 2.06 2.03 2.00 1.97 1.94 1.92 1.90 1.88 1.86 1.84 1.83 1.82 1.81 1.80 1.80 1.80 1.80 1.80 1.80 1.81 1.82 1.83 1.84 1.85 1.86 1.88 1.90 1.92 1.94 1.96 1.98 2.00 2.03 2.05 2.08 2.11 2.13 2.16 2.19 2.22 2.25 2.27 2.30 2.33 2.35 2.38 2.40 2.41 2.43 2.44 2.44 2.44 2.42 2.40 2.37 2.33 2.27 2.19 2.11 2.00 1.88 1.75 1.61 1.45 1.30 1.13 0.97 0.82 0.45 0.17 0.17 0.17 0.17 0.17 0.17 0.17 0.17 0.17 0.45 0.94 1.14 1.36 1.60 1.86 2.12 2.39 2.67 2.94 3.22 3.49 3.77 4.04 4.31 4.57 4.84 5.10 5.36 5.63 5.89 6.16 6.44 6.71 6.99 7.28 7.57 7.86 8.15 8.44 8.73 9.01 9.28 9.55 9.80 10.03 10.24 10.43 10.58 10.71 10.81 10.87 10.90 10.89 10.84 10.75 10.63 10.48 10.29 10.07 9.83 9.57 9.29 8.99 8.68 8.37 8.05 7.74 7.43 7.12 6.83 6.55 6.28 6.03 5.79 5.57 5.37 5.19 5.03 4.88 4.75 4.63 4.53 4.44 4.36 4.29 4.23 4.18 4.14 4.10 4.07 4.04 4.02 3.99 3.97 3.95 3.92 3.90 3.87 3.84 3.81 3.77 3.74 3.70
1.18 1.20 1.23 1.25 1.28 1.30 1.32 1.34 1.36 1.37 1.38 1.39 1.39 1.38 1.37 1.35 1.32 1.28 1.23 1.18 1.11 1.04 0.96 0.87 0.78 0.69 0.60 0.52 0.44 0.09 0.09 0.09 0.09 0.09 0.09 0.09 0.09 0.09 0.45 0.63 0.77 0.92 1.09 1.28 1.48 1.69 1.92 2.15 2.40 2.65 2.90 3.15 3.41 3.66 3.92 4.17 4.41 4.65 4.88 5.10 5.31 5.51 5.69 5.86 6.01 6.14 6.25 6.35 6.42 6.47 6.50 6.50 6.49 6.45 6.39 6.31 6.21 6.09 5.96 5.81 5.65 5.47 5.30 5.11 4.92 4.73 4.54 4.35 4.17 3.99 3.82 3.65 3.50 3.35 3.22 3.09 2.98 2.88 2.79 2.71 2.65 2.59 2.54 2.51 2.48 2.46 2.45 2.44 2.45 2.45 2.47 2.48 2.50 2.52 2.55 2.57 2.60 2.63 2.65 2.68 2.70 2.72 2.74 2.75 2.77 2.77 2.78 2.78 2.77 2.76 2.75 2.73 2.71 2.69 2.66 2.62 2.59 2.54 2.50 2.45 2.41 2.35 2.30 2.24 2.18 2.12 2.06 1.99 1.92 1.84 1.77 1.68 1.60 1.51 1.41 1.31 1.21 1.10 0.99 0.88 0.77 0.67 0.56 0.45 0.08 0.08 0.08 0.08 0.08 0.08 0.08 0.08 0.08 0.08 0.08 0.45 0.69 0.83 0.98 1.14 1.30 1.47 1.63 1.78 1.93 2.06 2.19 2.30 2.41 2.50 2.58 2.66 2.72 2.77 2.81 2.85 2.88 2.90 2.92 2.93 2.94 2.94 2.93 2.93 2.91 2.90 2.88 2.86 2.83 2.80 2.77 2.74 2.70 2.66 2.63 2.58 2.54 2.50 2.46 2.42 2.37 2.33 2.29 2.25 2.21 2.17 2.13 2.10 2.06 2.03 2.00 1.97 1.94 1.92 1.90 1.88 1.86 1.84 1.83 1.82 1.81 1.81 1.80 1.80 1.80 1.80 1.81 1.81 1.82 1.83 1.84 1.86 1.87 1.89 1.91 1.93 1.95 1.97 2.00 2.02 2.05 2.08 2.10 2.13 2.16 2.19 2.22 2.25 2.28 2.31 2.33 2.36 2.39 2.41 2.43 2.45 2.46 2.47 2.47 2.47 2.46 2.43 2.40 2.35 2.29 2.21 2.12 2.01 1.89 1.75 1.60 1.44 1.28 1.11 0.95 0.79 0.45 0.17 0.17 0.17 0.17 0.17 0.17 0.17 0.17 0.17 0.45 0.90 1.11 1.34 1.59 1.86 2.13 2.41 2.70 2.99 3.28 3.57 3.86 4.14 4.42 4.69 4.96 5.23 5.50 5.76 6.02 6.29 6.55 6.82 7.08 7.35 7.62 7.89 8.17 8.44 8.70 8.96 9.22 9.46 9.69 9.91 10.10 10.27 10.42 10.54 10.62 10.68 10.70 10.68 10.63 10.54 10.43 10.27 10.09 9.88 9.65 9.39 9.12 8.83 8.54 8.23 7.93 7.62 7.32 7.03 6.75 6.47 6.22 5.97 5.75 5.54 5.34 5.17 5.01 4.87 4.74 4.63 4.54 4.45 4.38 4.32 4.26 4.22 4.18 4.15 4.12 4.09 4.07 4.05 4.03 4.01 3.99 3.96 3.94 3.91 3.88 3.84 3.81 3.77
1.17 1.19 1.22 1.25 1.27 1.29 1.32 1.34 1.35 1.37 1.38 1.38 1.38 1.38 1.37 1.35 1.32 1.28 1.23 1.17 1.10 1.03 0.95 0.86 0.76 0.67 0.58 0.49 0.41 0.09 0.09 0.09 0.09 0.09 0.09 0.09 0.09 0.09 0.45 0.60 0.74 0.90 1.07 1.27 1.47 1.69 1.92 2.16 2.41 2.67 2.93 3.19 3.45 3.71 3.97 4.22 4.47 4.71 4.95 5.17 5.38 5.58 5.77 5.94 6.09 6.23 6.34 6.44 6.51 6.56 6.59 6.60 6.58 6.54 6.48 6.40 6.30 6.18 6.04 5.89 5.73 5.56 5.38 5.19 5.00 4.81 4.61 4.42 4.24 4.05 3.88 3.71 3.56 3.41 3.27 3.15 3.04 2.94 2.85 2.77 2.70 2.65 2.60 2.56 2.54 2.52 2.51 2.51 2.51 2.52 2.54 2.56 2.58 2.60 2.63 2.66 2.69 2.72 2.75 2.77 2.80 2.82 2.84 2.86 2.87 2.88 2.89 2.89 2.88 2.88 2.86 2.84 2.82 2.79 2.76 2.72 2.68 2.64 2.59 2.54 2.49 2.43 2.37 2.31 2.25 2.18 2.11 2.04 1.97 1.89 1.81 1.72 1.63 1.54 1.44 1.33 1.23 1.12 1.01 0.90 0.79 0.68 0.58 0.48 0.39 0.08 0.08 0.08 0.08 0.08 0.08 0.08 0.08 0.08 0.45 0.57 0.70 0.84 0.99 1.15 1.31 1.47 1.63 1.79 1.93 2.07 2.19 2.31 2.41 2.50 2.59 2.66 2.72 2.77 2.81 2.85 2.88 2.90 2.92 2.93 2.94 2.94 2.93 2.93 2.91 2.90 2.88 2.86 2.83 2.80 2.77 2.74 2.70 2.66 2.62 2.58 2.54 2.50 2.46 2.42 2.37 2.33 2.29 2.25 2.21 2.17 2.13 2.09 2.06 2.03 2.00 1.97 1.94 1.92 1.90 1.88 1.86 1.84 1.83 1.82 1.81 1.81 1.80 1.80 1.80 1.81 1.81 1.82 1.83 1.84 1.85 1.87 1.89 1.90 1.92 1.94 1.97 1.99 2.02 2.04 2.07 2.10 2.13 2.16 2.19 2.22 2.25 2.28 2.31 2.34 2.37 2.40 2.43 2.45 2.47 2.49 2.51 2.51 2.52 2.51 2.50 2.47 2.43 2.38 2.32 2.24 2.14 2.03 1.90 1.76 1.61 1.45 1.28 1.11 0.94 0.45 0.17 0.17 0.17 0.17 0.17 0.17 0.17 0.17 0.17 0.17 0.17 0.45 1.11 1.35 1.61 1.88 2.17 2.46 2.76 3.07 3.37 3.67 3.97 4.27 4.56 4.84 5.12 5.39 5.66 5.92 6.18 6.43 6.69 6.94 7.19 7.44 7.69 7.94 8.19 8.44 8.68 8.92 9.15 9.37 9.58 9.77 9.94 10.10 10.23 10.33 10.41 10.45 10.47 10.45 10.39 10.31 10.19 10.04 9.87 9.66 9.44 9.19 8.93 8.65 8.37 8.07 7.78 7.49 7.20 6.92 6.65 6.39 6.14 5.91 5.69 5.49 5.31 5.14 4.99 4.86 4.74 4.63 4.54 4.47 4.40 4.34 4.29 4.25 4.22 4.19 4.17 4.14 4.12 4.11 4.09 4.07 4.05 4.03 4.00 3.98 3.95 3.91 3.88 3.84
1.16 1.18 1.21 1.24 1.26 1.29 1.31 1.33 1.35 1.37 1.38 1.38 1.39 1.38 1.37 1.35 1.32 1.28 1.23 1.17 1.10 1.03 0.94 0.85 0.76 0.66 0.56 0.47 0.39 0.09 0.09 0.09 0.09 0.09 0.09 0.09 0.09 0.09 0.45 0.58 0.72 0.89 1.07 1.26 1.47 1.70 1.93 2.18 2.43 2.69 2.96 3.22 3.49 3.75 4.01 4.27 4.52 4.77 5.00 5.23 5.44 5.64 5.83 6.00 6.16 6.29 6.41 6.51 6.58 6.63 6.66 6.67 6.65 6.61 6.55 6.47 6.37 6.25 6.11 5.96 5.80 5.62 5.44 5.25 5.06 4.87 4.67 4.48 4.29 4.11 3.93 3.77 3.61 3.46 3.33 3.20 3.09 2.99 2.90 2.82 2.75 2.70 2.65 2.62 2.60 2.58 2.57 2.57 2.58 2.59 2.61 2.63 2.66 2.69 2.72 2.75 2.78 2.82 2.85 2.88 2.91 2.93 2.96 2.98 2.99 3.00 3.01 3.01 3.01 3.00 2.98 2.96 2.94 2.91 2.87 2.83 2.79 2.74 2.69 2.64 2.58 2.52 2.46 2.39 2.32 2.25 2.18 2.10 2.02 1.94 1.85 1.76 1.67 1.57 1.47 1.37 1.26 1.15 1.04 0.92 0.81 0.71 0.60 0.51 0.42 0.08 0.08 0.08 0.08 0.08 0.08 0.08 0.08 0.08 0.45 0.59 0.72 0.86 1.02 1.17 1.33 1.49 1.65 1.80 1.94 2.08 2.20 2.31 2.42 2.51 2.59 2.66 2.72 2.77 2.81 2.85 2.88 2.90 2.92 2.93 2.93 2.93 2.93 2.92 2.91 2.89 2.87 2.85 2.83 2.80 2.77 2.73 2.70 2.66 2.62 2.58 2.54 2.50 2.45 2.41 2.37 2.33 2.29 2.24 2.20 2.16 2.13 2.09 2.06 2.02 1.99 1.97 1.94 1.92 1.89 1.87 1.86 1.84 1.83 1.82 1.81 1.81 1.81 1.81 1.81 1.81 1.82 1.83 1.84 1.85 1.86 1.88 1.90 1.92 1.94 1.96 1.99 2.01 2.04 2.07 2.10 2.13 2.16 2.19 2.22 2.26 2.29 2.32 2.35 2.39 2.42 2.45 2.47 2.50 2.52 2.54 2.55 2.56 2.56 2.56 2.54 2.52 2.48 2.43 2.36 2.28 2.18 2.06 1.94 1.79 1.64 1.47 1.30 1.13 0.96 0.80 0.45 0.17 0.17 0.17 0.17 0.17 0.17 0.17 0.17 0.17 0.45 0.93 1.15 1.39 1.66 1.94 2.24 2.54 2.86 3.17 3.49 3.81 4.12 4.43 4.73 5.02 5.30 5.58 5.85 6.11 6.36 6.61 6.85 7.08 7.32 7.55 7.78 8.00 8.23 8.44 8.66 8.87 9.07 9.27 9.45 9.62 9.77 9.91 10.02 10.11 10.17 10.21 10.21 10.19 10.13 10.05 9.93 9.79 9.62 9.42 9.20 8.97 8.71 8.45 8.18 7.90 7.62 7.34 7.06 6.79 6.53 6.29 6.05 5.83 5.63 5.44 5.26 5.11 4.97 4.84 4.73 4.63 4.55 4.48 4.42 4.36 4.32 4.29 4.26 4.23 4.21 4.20 4.18 4.16 4.15 4.13 4.12 4.10 4.07 4.05 4.02 3.99 3.95 3.91
1.14 1.17 1.20 1.23 1.26 1.28 1.31 1.33 1.35 1.36 1.38 1.39 1.39 1.38 1.37 1.35 1.33 1.29 1.24 1.18 1.11 1.04 0.95 0.86 0.76 0.66 0.56 0.45 0.09 0.09 0.09 0.09 0.09 0.09 0.09 0.09 0.09 0.09 0.09 0.45 0.73 0.89 1.07 1.27 1.49 1.71 1.95 2.20 2.46 2.72 2.98 3.25 3.52 3.79 4.05 4.31 4.56 4.81 5.04 5.27 5.48 5.69 5.88 6.05 6.20 6.34 6.46 6.56 6.63 6.68 6.71 6.72 6.70 6.66 6.60 6.52 6.42 6.30 6.16 6.01 5.85 5.67 5.49 5.30 5.11 4.91 4.72 4.52 4.34 4.15 3.98 3.81 3.65 3.50 3.37 3.24 3.13 3.03 2.94 2.87 2.80 2.75 2.71 2.67 2.65 2.64 2.64 2.64 2.65 2.67 2.69 2.71 2.74 2.78 2.81 2.85 2.89 2.92 2.96 2.99 3.03 3.06 3.08 3.10 3.12 3.14 3.14 3.14 3.14 3.13 3.12 3.10 3.07 3.04 3.00 2.96 2.91 2.86 2.80 2.74 2.68 2.61 2.55 2.47 2.40 2.33 2.25 2.17 2.08 1.99 1.90 1.81 1.71 1.61 1.51 1.41 1.30 1.19 1.07 0.96 0.85 0.75 0.64 0.55 0.45 0.08 0.08 0.08 0.08 0.08 0.08 0.08 0.08 0.08 0.45 0.64 0.77 0.90 1.05 1.20 1.36 1.52 1.67 1.82 1.96 2.09 2.21 2.32 2.42 2.51 2.59 2.66 2.71 2.77 2.81 2.84 2.87 2.89 2.91 2.92 2.92 2.93 2.92 2.91 2.90 2.89 2.87 2.84 2.82 2.79 2.76 2.73 2.69 2.65 2.61 2.57 2.53 2.49 2.45 2.41 2.36 2.32 2.28 2.24 2.20 2.16 2.12 2.09 2.05 2.02 1.99 1.96 1.93 1.91 1.89 1.87 1.85 1.84 1.83 1.82 1.81 1.81 1.81 1.81 1.81 1.82 1.82 1.83 1.84 1.86 1.87 1.89 1.91 1.93 1.96 1.98 2.01 2.03 2.06 2.09 2.13 2.16 2.19 2.23 2.26 2.30 2.33 2.37 2.40 2.43 2.47 2.50 2.53 2.55 2.58 2.60 2.61 2.62 2.62 2.61 2.60 2.57 2.53 2.48 2.41 2.33 2.23 2.11 1.98 1.84 1.68 1.52 1.35 1.18 1.01 0.85 0.45 0.17 0.17 0.17 0.17 0.17 0.17 0.17 0.17 0.17 0.45 0.99 1.22 1.47 1.74 2.03 2.33 2.65 2.98 3.31 3.64 3.97 4.30 4.62 4.93 5.23 5.52 5.80 6.07 6.33 6.57 6.81 7.04 7.26 7.47 7.68 7.88 8.08 8.27 8.46 8.65 8.83 9.00 9.17 9.32 9.47 9.59 9.71 9.80 9.87 9.92 9.95 9.94 9.91 9.85 9.77 9.65 9.51 9.35 9.16 8.95 8.72 8.48 8.23 7.97 7.71 7.44 7.17 6.91 6.66 6.41 6.18 5.96 5.75 5.55 5.38 5.21 5.07 4.94 4.82 4.72 4.63 4.55 4.49 4.43 4.39 4.35 4.32 4.29 4.28 4.26 4.25 4.23 4.22 4.21 4.20 4.18 4.17 4.15 4.12 4.09 4.06 4.02 3.98
1.13 1.16 1.19 1.22 1.25 1.28 1.30 1.33 1.35 1.37 1.38 1.39 1.39 1.39 1.38 1.37 1.34 1.30 1.25 1.20 1.13 1.05 0.97 0.87 0.78 0.68 0.58 0.49 0.40 0.09 0.09 0.09 0.09 0.09 0.09 0.09 0.09 0.09 0.45 0.60 0.75 0.91 1.10 1.30 1.51 1.74 1.98 2.23 2.49 2.75 3.01 3.28 3.55 3.81 4.08 4.34 4.59 4.83 5.07 5.30 5.51 5.71 5.90 6.08 6.23 6.37 6.48 6.58 6.66 6.71 6.74 6.75 6.73 6.69 6.63 6.55 6.45 6.33 6.19 6.04 5.88 5.70 5.52 5.33 5.14 4.94 4.75 4.56 4.37 4.19 4.01 3.84 3.69 3.54 3.40 3.28 3.17 3.07 2.98 2.91 2.85 2.80 2.76 2.73 2.71 2.70 2.70 2.71 2.72 2.74 2.77 2.80 2.83 2.87 2.91 2.95 3.00 3.04 3.08 3.12 3.16 3.19 3.22 3.24 3.26 3.28 3.29 3.29 3.29 3.28 3.26 3.24 3.21 3.18 3.14 3.09 3.04 2.98 2.92 2.86 2.79 2.72 2.65 2.57 2.49 2.41 2.32 2.24 2.15 2.06 1.96 1.87 1.77 1.66 1.56 1.45 1.34 1.23 1.12 1.01 0.90 0.80 0.70 0.61 0.52 0.45 0.08 0.08 0.08 0.08 0.08 0.08 0.08 0.45 0.59 0.70 0.82 0.96 1.10 1.25 1.40 1.55 1.70 1.84 1.97 2.10 2.22 2.32 2.42 2.51 2.58 2.65 2.71 2.76 2.80 2.83 2.86 2.88 2.90 2.91 2.91 2.91 2.91 2.90 2.89 2.87 2.86 2.83 2.81 2.78 2.75 2.71 2.68 2.64 2.60 2.56 2.52 2.48 2.44 2.40 2.35 2.31 2.27 2.23 2.19 2.15 2.11 2.08 2.04 2.01 1.98 1.95 1.93 1.90 1.88 1.86 1.85 1.84 1.82 1.82 1.81 1.81 1.81 1.81 1.81 1.82 1.83 1.84 1.85 1.87 1.88 1.90 1.93 1.95 1.97 2.00 2.03 2.06 2.09 2.12 2.16 2.19 2.23 2.27 2.30 2.34 2.38 2.42 2.45 2.49 2.52 2.55 2.58 2.61 2.64 2.66 2.67 2.68 2.68 2.68 2.66 2.63 2.60 2.54 2.47 2.39 2.29 2.18 2.05 1.90 1.75 1.59 1.42 1.25 1.09 0.93 0.45 0.17 0.17 0.17 0.17 0.17 0.17 0.17 0.17 0.17 0.45 1.09 1.32 1.57 1.85 2.15 2.47 2.80 3.13 3.48 3.83 4.17 4.51 4.84 5.17 5.48 5.78 6.06 6.33 6.58 6.82 7.04 7.26 7.46 7.65 7.83 8.01 8.17 8.34 8.49 8.65 8.79 8.93 9.07 9.19 9.31 9.41 9.50 9.57 9.62 9.66 9.67 9.66 9.62 9.56 9.47 9.36 9.22 9.06 8.88 8.68 8.46 8.24 8.00 7.75 7.50 7.25 7.00 6.75 6.51 6.28 6.06 5.85 5.66 5.48 5.31 5.16 5.02 4.90 4.79 4.70 4.62 4.55 4.49 4.44 4.41 4.37 4.35 4.33 4.32 4.31 4.30 4.29 4.28 4.27 4.26 4.25 4.24 4.22 4.19 4.17 4.14 4.10 4.06
1.13 1.16 1.19 1.22 1.24 1.27 1.30 1.32 1.35 1.37 1.38 1.40 1.40 1.40 1.40 1.38 1.36 1.32 1.28 1.22 1.15 1.08 0.99 0.90 0.81 0.71 0.61 0.52 0.43 0.09 0.09 0.09 0.09 0.09 0.09 0.09 0.09 0.09 0.45 0.64 0.79 0.95 1.14 1.34 1.55 1.78 2.02 2.27 2.52 2.78 3.04 3.31 3.58 3.84 4.10 4.36 4.61 4.85 5.08 5.31 5.52 5.72 5.91 6.08 6.24 6.37 6.49 6.59 6.66 6.71 6.74 6.75 6.73 6.70 6.64 6.55 6.45 6.34 6.20 6.05 5.89 5.71 5.53 5.34 5.15 4.96 4.77 4.57 4.39 4.21 4.03 3.87 3.71 3.56 3.43 3.31 3.20 3.10 3.02 2.95 2.89 2.84 2.80 2.78 2.76 2.76 2.76 2.77 2.79 2.82 2.85 2.89 2.93 2.97 3.02 3.07 3.12 3.16 3.21 3.25 3.30 3.33 3.37 3.40 3.42 3.44 3.45 3.45 3.45 3.44 3.42 3.40 3.37 3.33 3.29 3.24 3.18 3.12 3.06 2.99 2.91 2.83 2.75 2.67 2.59 2.50 2.41 2.32 2.22 2.13 2.03 1.93 1.83 1.72 1.61 1.51 1.40 1.29 1.18 1.07 0.96 0.86 0.76 0.68 0.60 0.53 0.45 0.44 0.41 0.08 0.42 0.45 0.45 0.58 0.67 0.77 0.89 1.02 1.16 1.30 1.44 1.59 1.73 1.86 1.99 2.11 2.23 2.33 2.42 2.51 2.58 2.64 2.70 2.75 2.79 2.82 2.85 2.87 2.88 2.89 2.90 2.90 2.89 2.89 2.87 2.86 2.84 2.82 2.79 2.76 2.73 2.70 2.67 2.63 2.59 2.55 2.51 2.47 2.43 2.38 2.34 2.30 2.26 2.22 2.18 2.14 2.10 2.07 2.03 2.00 1.97 1.94 1.92 1.90 1.87 1.86 1.84 1.83 1.82 1.81 1.81 1.80 1.80 1.81 1.81 1.82 1.83 1.84 1.86 1.88 1.90 1.92 1.94 1.97 1.99 2.02 2.06 2.09 2.12 2.16 2.19 2.23 2.27 2.31 2.35 2.39 2.43 2.47 2.51 2.55 2.58 2.62 2.65 2.68 2.71 2.73 2.74 2.75 2.76 2.75 2.74 2.71 2.67 2.62 2.55 2.47 2.37 2.26 2.13 1.99 1.84 1.68 1.51 1.35 1.19 1.03 0.89 0.45 0.17 0.17 0.17 0.17 0.17 0.17 0.17 0.45 1.03 1.23 1.46 1.72 2.00 2.31 2.63 2.97 3.33 3.68 4.05 4.41 4.76 5.11 5.44 5.76 6.07 6.35 6.62 6.87 7.10 7.31 7.51 7.69 7.86 8.01 8.16 8.29 8.42 8.54 8.66 8.77 8.87 8.97 9.06 9.15 9.22 9.28 9.33 9.37 9.38 9.38 9.36 9.31 9.25 9.16 9.05 8.91 8.76 8.59 8.40 8.19 7.98 7.75 7.52 7.28 7.05 6.81 6.58 6.36 6.14 5.93 5.74 5.56 5.39 5.24 5.10 4.97 4.86 4.76 4.68 4.61 4.55 4.50 4.46 4.42 4.40 4.38 4.37 4.36 4.35 4.35 4.34 4.34 4.33 4.33 4.32 4.30 4.29 4.27 4.24 4.21 4.17 4.13
1.12 1.15 1.18 1.21 1.24 1.27 1.30 1.33 1.35 1.37 1.39 1.40 1.41 1.42 1.41 1.40 1.38 1.35 1.30 1.25 1.19 1.11 1.03 0.95 0.85 0.76 0.66 0.57 0.45 0.09 0.09 0.09 0.09 0.09 0.09 0.09 0.09 0.09 0.45 0.70 0.84 1.01 1.19 1.39 1.60 1.83 2.07 2.31 2.56 2.82 3.08 3.34 3.60 3.86 4.11 4.37 4.61 4.85 5.09 5.31 5.52 5.72 5.90 6.07 6.22 6.36 6.48 6.57 6.64 6.70 6.73 6.73 6.72 6.68 6.62 6.54 6.44 6.32 6.19 6.04 5.88 5.71 5.53 5.34 5.15 4.96 4.77 4.58 4.39 4.21 4.04 3.88 3.72 3.58 3.45 3.33 3.22 3.13 3.05 2.98 2.92 2.88 2.85 2.83 2.82 2.82 2.83 2.84 2.87 2.90 2.94 2.98 3.03 3.08 3.13 3.19 3.24 3.30 3.35 3.40 3.45 3.49 3.53 3.56 3.59 3.61 3.63 3.63 3.63 3.62 3.60 3.58 3.54 3.50 3.46 3.40 3.34 3.27 3.20 3.13 3.05 2.96 2.88 2.79 2.69 2.60 2.50 2.41 2.31 2.20 2.10 2.00 1.89 1.78 1.68 1.57 1.46 1.35 1.24 1.13 1.03 0.93 0.84 0.76 0.68 0.62 0.57 0.53 0.51 0.45 0.52 0.55 0.61 0.67 0.76 0.86 0.97 1.09 1.22 1.36 1.49 1.63 1.76 1.89 2.01 2.13 2.24 2.34 2.42 2.50 2.57 2.64 2.69 2.73 2.77 2.80 2.83 2.85 2.86 2.87 2.88 2.88 2.87 2.87 2.85 2.84 2.82 2.80 2.77 2.75 2.72 2.68 2.65 2.61 2.57 2.53 2.49 2.45 2.41 2.37 2.33 2.29 2.24 2.20 2.16 2.13 2.09 2.05 2.02 1.99 1.96 1.93 1.91 1.88 1.86 1.85 1.83 1.82 1.81 1.80 1.80 1.80 1.80 1.81 1.81 1.82 1.84 1.85 1.87 1.89 1.91 1.93 1.96 1.99 2.02 2.05 2.08 2.12 2.16 2.19 2.23 2.28 2.32 2.36 2.40 2.45 2.49 2.53 2.57 2.61 2.65 2.69 2.72 2.76 2.78 2.81 2.82 2.84 2.84 2.83 2.82 2.79 2.75 2.70 2.64 2.56 2.46 2.35 2.22 2.09 1.94 1.78 1.62 1.46 1.31 1.16 1.03 0.91 0.45 0.45 0.45 0.17 0.45 0.45 0.45 1.03 1.20 1.40 1.63 1.89 2.18 2.50 2.84 3.19 3.55 3.93 4.30 4.68 5.05 5.41 5.75 6.08 6.39 6.68 6.95 7.19 7.41 7.61 7.79 7.95 8.09 8.22 8.33 8.43 8.52 8.61 8.68 8.75 8.82 8.88 8.94 8.99 9.03 9.07 9.09 9.11 9.10 9.09 9.05 9.00 8.93 8.84 8.73 8.60 8.45 8.28 8.10 7.91 7.71 7.49 7.28 7.06 6.83 6.62 6.40 6.19 5.99 5.80 5.62 5.45 5.30 5.16 5.03 4.92 4.82 4.73 4.66 4.59 4.54 4.50 4.46 4.44 4.42 4.41 4.40 4.40 4.39 4.39 4.39 4.39 4.39 4.39 4.38 4.37 4.36 4.34 4.31 4.28 4.25 4.21
1.11 1.14 1.17 1.21 1.24 1.27 1.30 1.33 1.35 1.38 1.40 1.42 1.43 1.43 1.43 1.42 1.40 1.38 1.34 1.29 1.23 1.16 1.08 1.00 0.91 0.82 0.72 0.64 0.55 0.45 0.09 0.09 0.09 0.09 0.09 0.09 0.09 0.45 0.65 0.78 0.92 1.08 1.26 1.46 1.67 1.89 2.12 2.36 2.60 2.85 3.11 3.36 3.62 3.87 4.12 4.37 4.61 4.85 5.07 5.29 5.50 5.69 5.88 6.04 6.19 6.33 6.44 6.53 6.61 6.66 6.69 6.70 6.68 6.64 6.59 6.51 6.41 6.29 6.16 6.02 5.86 5.69 5.51 5.33 5.14 4.95 4.76 4.57 4.39 4.21 4.04 3.88 3.73 3.58 3.46 3.34 3.24 3.15 3.07 3.00 2.95 2.91 2.89 2.87 2.87 2.87 2.89 2.91 2.94 2.98 3.03 3.08 3.14 3.20 3.26 3.32 3.38 3.44 3.50 3.56 3.61 3.66 3.71 3.75 3.78 3.80 3.82 3.83 3.82 3.82 3.80 3.77 3.73 3.69 3.64 3.58 3.51 3.44 3.36 3.28 3.19 3.10 3.01 2.91 2.81 2.71 2.61 2.50 2.40 2.29 2.18 2.07 1.96 1.86 1.75 1.64 1.53 1.42 1.31 1.21 1.11 1.01 0.92 0.84 0.77 0.71 0.67 0.63 0.61 0.61 0.63 0.66 0.71 0.77 0.86 0.95 1.05 1.17 1.29 1.42 1.55 1.67 1.80 1.92 2.04 2.15 2.25 2.34 2.42 2.50 2.56 2.62 2.67 2.72 2.75 2.79 2.81 2.83 2.84 2.85 2.86 2.86 2.85 2.84 2.83 2.82 2.80 2.78 2.75 2.72 2.69 2.66 2.63 2.59 2.55 2.52 2.48 2.43 2.39 2.35 2.31 2.27 2.23 2.19 2.15 2.11 2.07 2.04 2.00 1.97 1.94 1.92 1.89 1.87 1.85 1.83 1.82 1.81 1.80 1.80 1.79 1.79 1.80 1.80 1.81 1.82 1.84 1.86 1.88 1.90 1.92 1.95 1.98 2.01 2.04 2.08 2.11 2.15 2.19 2.24 2.28 2.32 2.37 2.41 2.46 2.51 2.55 2.60 2.64 2.69 2.73 2.77 2.81 2.84 2.87 2.89 2.91 2.93 2.93 2.93 2.91 2.89 2.85 2.80 2.74 2.66 2.56 2.46 2.34 2.20 2.06 1.91 1.76 1.60 1.46 1.32 1.19 1.08 0.99 0.93 0.90 0.45 0.93 0.99 1.09 1.22 1.39 1.60 1.84 2.11 2.40 2.73 3.07 3.44 3.82 4.20 4.59 4.99 5.37 5.74 6.10 6.44 6.75 7.05 7.31 7.55 7.76 7.94 8.10 8.24 8.35 8.45 8.53 8.59 8.64 8.69 8.72 8.76 8.78 8.81 8.82 8.84 8.85 8.86 8.85 8.84 8.82 8.79 8.74 8.68 8.60 8.51 8.40 8.27 8.13 7.97 7.80 7.62 7.43 7.23 7.03 6.82 6.62 6.41 6.21 6.02 5.84 5.66 5.50 5.34 5.20 5.08 4.96 4.86 4.77 4.69 4.63 4.57 4.53 4.50 4.47 4.45 4.44 4.43 4.43 4.43 4.44 4.44 4.44 4.45 4.45 4.45 4.45 4.44 4.43 4.41 4.39 4.36 4.32 4.28
1.10 1.13 1.17 1.20 1.23 1.27 1.30 1.33 1.36 1.39 1.41 1.43 1.44 1.45 1.45 1.45 1.43 1.41 1.38 1.33 1.28 1.21 1.14 1.06 0.98 0.89 0.80 0.72 0.64 0.57 0.45 0.45 0.45 0.09 0.45 0.45 0.45 0.65 0.75 0.87 1.01 1.17 1.35 1.54 1.74 1.96 2.18 2.41 2.65 2.89 3.14 3.39 3.63 3.88 4.13 4.37 4.60 4.83 5.05 5.26 5.47 5.66 5.83 6.00 6.15 6.28 6.39 6.48 6.55 6.60 6.63 6.64 6.62 6.59 6.53 6.45 6.36 6.24 6.11 5.97 5.81 5.65 5.47 5.29 5.11 4.92 4.73 4.55 4.37 4.19 4.02 3.86 3.72 3.58 3.45 3.34 3.24 3.15 3.08 3.02 2.97 2.94 2.92 2.91 2.91 2.93 2.95 2.98 3.02 3.07 3.12 3.18 3.25 3.32 3.39 3.46 3.53 3.60 3.67 3.73 3.79 3.85 3.90 3.94 3.98 4.01 4.03 4.04 4.04 4.03 4.01 3.98 3.94 3.90 3.84 3.78 3.70 3.62 3.54 3.45 3.35 3.25 3.15 3.05 2.94 2.83 2.72 2.61 2.50 2.38 2.27 2.16 2.04 1.93 1.82 1.71 1.60 1.49 1.39 1.29 1.19 1.10 1.02 0.94 0.87 0.82 0.77 0.74 0.73 0.73 0.74 0.77 0.82 0.88 0.96 1.04 1.14 1.25 1.36 1.48 1.60 1.72 1.84 1.95 2.06 2.16 2.25 2.34 2.42 2.49 2.55 2.61 2.66 2.70 2.73 2.76 2.79 2.80 2.82 2.83 2.83 2.83 2.83 2.82 2.81 2.79 2.77 2.75 2.73 2.70 2.67 2.64 2.60 2.57 2.53 2.49 2.45 2.41 2.37 2.33 2.29 2.25 2.21 2.17 2.13 2.09 2.05 2.02 1.98 1.95 1.92 1.90 1.87 1.85 1.83 1.82 1.80 1.79 1.79 1.78 1.78 1.79 1.79 1.80 1.81 1.82 1.84 1.86 1.88 1.91 1.94 1.97 2.00 2.03 2.07 2.11 2.15 2.19 2.23 2.28 2.33 2.37 2.42 2.47 2.52 2.57 2.62 2.67 2.72 2.77 2.81 2.86 2.90 2.93 2.96 2.99 3.01 3.03 3.03 3.03 3.02 2.99 2.96 2.91 2.85 2.77 2.68 2.58 2.46 2.33 2.20 2.06 1.91 1.76 1.62 1.49 1.37 1.27 1.19 1.14 1.11 1.11 1.14 1.21 1.31 1.45 1.63 1.83 2.08 2.35 2.66 2.99 3.34 3.72 4.11 4.52 4.92 5.33 5.73 6.11 6.48 6.83 7.15 7.44 7.71 7.94 8.14 8.31 8.45 8.56 8.64 8.70 8.75 8.77 8.79 8.79 8.78 8.77 8.76 8.74 8.72 8.70 8.68 8.65 8.62 8.59 8.54 8.49 8.44 8.36 8.28 8.18 8.07 7.95 7.81 7.66 7.50 7.33 7.15 6.96 6.78 6.58 6.39 6.21 6.02 5.85 5.68 5.52 5.37 5.23 5.10 4.99 4.89 4.80 4.72 4.65 4.60 4.55 4.52 4.49 4.47 4.46 4.46 4.46 4.46 4.47 4.47 4.48 4.49 4.50 4.51 4.51 4.51 4.50 4.49 4.48 4.45 4.43 4.39 4.35
1.09 1.13 1.16 1.20 1.23 1.27 1.30 1.34 1.37 1.40 1.42 1.45 1.46 1.48 1.48 1.48 1.47 1.45 1.42 1.38 1.33 1.28 1.21 1.14 1.06 0.98 0.89 0.81 0.74 0.68 0.63 0.59 0.57 0.45 0.59 0.62 0.68 0.76 0.87 0.98 1.12 1.28 1.45 1.63 1.83 2.03 2.25 2.47 2.70 2.93 3.17 3.41 3.65 3.89 4.12 4.35 4.58 4.80 5.02 5.22 5.42 5.61 5.78 5.94 6.08 6.21 6.32 6.41 6.48 6.53 6.56 6.56 6.55 6.51 6.46 6.38 6.29 6.18 6.05 5.91 5.76 5.59 5.42 5.24 5.06 4.88 4.69 4.51 4.33 4.16 4.00 3.84 3.69 3.56 3.44 3.33 3.23 3.15 3.08 3.03 2.99 2.96 2.95 2.94 2.95 2.97 3.01 3.05 3.10 3.15 3.22 3.29 3.36 3.44 3.52 3.60 3.69 3.77 3.84 3.92 3.99 4.05 4.11 4.16 4.20 4.23 4.26 4.27 4.27 4.26 4.24 4.21 4.17 4.12 4.06 3.99 3.91 3.82 3.73 3.63 3.53 3.42 3.31 3.20 3.08 2.96 2.84 2.72 2.60 2.48 2.37 2.25 2.13 2.02 1.90 1.79 1.68 1.57 1.47 1.37 1.28 1.19 1.11 1.04 0.98 0.92 0.88 0.86 0.84 0.84 0.86 0.89 0.93 0.99 1.06 1.14 1.23 1.33 1.44 1.54 1.66 1.77 1.87 1.98 2.08 2.17 2.26 2.34 2.41 2.48 2.54 2.59 2.64 2.68 2.71 2.74 2.76 2.78 2.79 2.80 2.80 2.80 2.80 2.79 2.78 2.76 2.74 2.72 2.70 2.67 2.64 2.61 2.58 2.54 2.51 2.47 2.43 2.39 2.35 2.31 2.27 2.23 2.19 2.14 2.11 2.07 2.03 1.99 1.96 1.93 1.90 1.87 1.85 1.83 1.81 1.79 1.78 1.77 1.77 1.77 1.77 1.77 1.78 1.79 1.81 1.82 1.84 1.87 1.89 1.92 1.95 1.98 2.02 2.06 2.10 2.14 2.18 2.23 2.28 2.33 2.38 2.43 2.48 2.54 2.59 2.65 2.70 2.75 2.81 2.86 2.90 2.95 2.99 3.03 3.07 3.10 3.12 3.13 3.14 3.14 3.13 3.11 3.08 3.03 2.97 2.90 2.81 2.71 2.60 2.48 2.35 2.22 2.08 1.94 1.81 1.69 1.58 1.48 1.41 1.36 1.34 1.35 1.39 1.46 1.57 1.71 1.88 2.10 2.34 2.63 2.94 3.28 3.65 4.04 4.45 4.86 5.28 5.71 6.12 6.52 6.90 7.25 7.58 7.88 8.14 8.36 8.55 8.70 8.82 8.90 8.96 8.99 8.99 8.98 8.95 8.91 8.86 8.80 8.74 8.68 8.62 8.56 8.51 8.45 8.39 8.33 8.27 8.20 8.13 8.05 7.96 7.86 7.75 7.62 7.49 7.35 7.20 7.03 6.87 6.69 6.52 6.34 6.17 6.00 5.83 5.67 5.51 5.37 5.23 5.11 5.00 4.89 4.80 4.73 4.66 4.61 4.56 4.53 4.50 4.48 4.47 4.47 4.47 4.48 4.48 4.50 4.51 4.52 4.54 4.55 4.56 4.57 4.57 4.56 4.56 4.54 4.52 4.49 4.46 4.42
1.09 1.12 1.16 1.20 1.23 1.27 1.31 1.34 1.38 1.41 1.44 1.46 1.48 1.50 1.51 1.51 1.51 1.49 1.47 1.44 1.40 1.35 1.29 1.22 1.15 1.07 1.00 0.92 0.86 0.80 0.75 0.72 0.70 0.70 0.72 0.76 0.82 0.90 0.99 1.11 1.24 1.39 1.55 1.73 1.92 2.11 2.32 2.53 2.75 2.97 3.20 3.43 3.66 3.88 4.11 4.33 4.55 4.77 4.97 5.17 5.36 5.54 5.71 5.86 6.00 6.12 6.23 6.32 6.39 6.43 6.46 6.47 6.46 6.42 6.37 6.30 6.20 6.10 5.97 5.83 5.68 5.52 5.36 5.18 5.00 4.82 4.64 4.46 4.29 4.12 3.95 3.80 3.66 3.53 3.41 3.31 3.21 3.14 3.07 3.03 2.99 2.97 2.96 2.97 2.99 3.02 3.06 3.11 3.17 3.24 3.31 3.40 3.48 3.57 3.67 3.76 3.85 3.94 4.03 4.12 4.20 4.27 4.33 4.39 4.44 4.48 4.50 4.52 4.52 4.51 4.49 4.46 4.42 4.36 4.30 4.22 4.13 4.04 3.94 3.83 3.72 3.60 3.48 3.36 3.23 3.10 2.98 2.85 2.72 2.59 2.47 2.35 2.22 2.11 1.99 1.88 1.77 1.66 1.56 1.46 1.37 1.29 1.21 1.14 1.08 1.03 1.00 0.97 0.96 0.96 0.97 1.00 1.04 1.10 1.16 1.24 1.32 1.41 1.51 1.61 1.71 1.81 1.91 2.00 2.10 2.18 2.26 2.34 2.41 2.47 2.52 2.57 2.61 2.65 2.68 2.71 2.73 2.74 2.76 2.76 2.77 2.77 2.76 2.75 2.74 2.73 2.71 2.69 2.67 2.64 2.61 2.58 2.55 2.51 2.48 2.44 2.40 2.36 2.32 2.28 2.24 2.20 2.16 2.12 2.08 2.04 2.00 1.97 1.93 1.90 1.87 1.85 1.82 1.80 1.78 1.77 1.76 1.75 1.75 1.75 1.75 1.76 1.77 1.78 1.80 1.82 1.84 1.87 1.90 1.93 1.96 2.00 2.04 2.08 2.13 2.17 2.22 2.27 2.33 2.38 2.43 2.49 2.55 2.61 2.67 2.73 2.78 2.84 2.90 2.95 3.00 3.05 3.10 3.14 3.18 3.21 3.24 3.25 3.26 3.27 3.26 3.24 3.21 3.16 3.11 3.04 2.96 2.86 2.76 2.64 2.52 2.39 2.26 2.13 2.01 1.90 1.80 1.71 1.65 1.61 1.59 1.61 1.65 1.73 1.84 1.99 2.17 2.39 2.64 2.93 3.25 3.61 3.99 4.39 4.81 5.24 5.68 6.11 6.54 6.95 7.34 7.71 8.04 8.33 8.59 8.81 8.98 9.12 9.21 9.27 9.29 9.29 9.25 9.20 9.13 9.04 8.95 8.85 8.74 8.64 8.54 8.44 8.35 8.26 8.17 8.09 8.00 7.92 7.83 7.74 7.64 7.54 7.42 7.30 7.17 7.04 6.89 6.74 6.58 6.42 6.26 6.10 5.94 5.78 5.63 5.48 5.34 5.21 5.09 4.98 4.88 4.80 4.72 4.65 4.60 4.55 4.52 4.49 4.48 4.47 4.47 4.47 4.48 4.49 4.51 4.52 4.54 4.56 4.58 4.59 4.61 4.62 4.62 4.62 4.62 4.60 4.58 4.56 4.52 4.48
1.08 1.12 1.16 1.19 1.23 1.27 1.31 1.35 1.39 1.42 1.45 1.48 1.51 1.53 1.54 1.55 1.55 1.54 1.53 1.50 1.46 1.42 1.37 1.31 1.25 1.18 1.11 1.05 0.99 0.93 0.89 0.86 0.85 0.85 0.87 0.91 0.97 1.04 1.14 1.25 1.37 1.51 1.67 1.84 2.01 2.20 2.40 2.60 2.80 3.01 3.23 3.45 3.66 3.88 4.09 4.31 4.52 4.72 4.92 5.11 5.29 5.46 5.63 5.77 5.91 6.03 6.13 6.22 6.28 6.33 6.36 6.36 6.35 6.32 6.26 6.19 6.11 6.00 5.88 5.74 5.60 5.44 5.28 5.10 4.93 4.75 4.57 4.40 4.23 4.06 3.90 3.75 3.61 3.48 3.37 3.27 3.18 3.11 3.05 3.01 2.98 2.97 2.97 2.99 3.01 3.05 3.11 3.17 3.24 3.32 3.41 3.51 3.61 3.71 3.81 3.92 4.03 4.13 4.23 4.33 4.42 4.50 4.58 4.64 4.70 4.74 4.77 4.79 4.79 4.79 4.76 4.73 4.68 4.62 4.55 4.47 4.38 4.28 4.17 4.05 3.93 3.80 3.67 3.53 3.40 3.26 3.12 2.98 2.85 2.71 2.58 2.45 2.32 2.20 2.08 1.97 1.85 1.75 1.65 1.55 1.46 1.38 1.31 1.24 1.19 1.14 1.11 1.08 1.07 1.07 1.09 1.11 1.15 1.20 1.26 1.33 1.40 1.49 1.57 1.66 1.76 1.85 1.94 2.03 2.11 2.19 2.26 2.33 2.40 2.45 2.50 2.55 2.59 2.62 2.65 2.68 2.70 2.71 2.72 2.73 2.73 2.73 2.73 2.72 2.71 2.69 2.68 2.66 2.63 2.61 2.58 2.55 2.52 2.48 2.45 2.41 2.37 2.33 2.29 2.25 2.21 2.17 2.13 2.09 2.05 2.01 1.97 1.94 1.90 1.87 1.84 1.81 1.79 1.77 1.75 1.74 1.73 1.72 1.72 1.72 1.73 1.74 1.75 1.77 1.79 1.81 1.84 1.87 1.90 1.94 1.98 2.02 2.06 2.11 2.16 2.21 2.26 2.32 2.38 2.44 2.50 2.56 2.62 2.68 2.75 2.81 2.87 2.94 3.00 3.06 3.11 3.17 3.21 3.26 3.30 3.33 3.36 3.38 3.40 3.40 3.39 3.37 3.35 3.31 3.25 3.19 3.11 3.02 2.92 2.81 2.70 2.58 2.46 2.34 2.23 2.12 2.03 1.96 1.90 1.87 1.86 1.88 1.93 2.02 2.13 2.29 2.47 2.70 2.96 3.26 3.59 3.96 4.35 4.77 5.20 5.65 6.10 6.55 6.99 7.42 7.82 8.19 8.52 8.82 9.07 9.28 9.44 9.55 9.63 9.66 9.65 9.61 9.53 9.44 9.32 9.19 9.05 8.90 8.76 8.61 8.47 8.33 8.20 8.08 7.96 7.85 7.75 7.64 7.54 7.44 7.33 7.22 7.11 6.99 6.86 6.73 6.59 6.45 6.30 6.16 6.01 5.86 5.71 5.57 5.43 5.29 5.17 5.05 4.95 4.85 4.77 4.69 4.63 4.57 4.53 4.50 4.47 4.46 4.45 4.45 4.45 4.47 4.48 4.50 4.52 4.55 4.57 4.59 4.62 4.64 4.65 4.66 4.67 4.67 4.67 4.66 4.64 4.61 4.58 4.54
1.08 1.11 1.15 1.19 1.24 1.28 1.32 1.36 1.40 1.44 1.47 1.50 1.53 1.56 1.58 1.59 1.60 1.59 1.58 1.56 1.54 1.50 1.46 1.41 1.35 1.29 1.23 1.18 1.12 1.08 1.04 1.02 1.00 1.01 1.03 1.07 1.12 1.20 1.29 1.39 1.51 1.64 1.79 1.95 2.11 2.29 2.47 2.66 2.85 3.05 3.26 3.46 3.66 3.87 4.07 4.27 4.47 4.67 4.86 5.04 5.21 5.38 5.53 5.68 5.80 5.92 6.02 6.10 6.16 6.21 6.24 6.24 6.23 6.20 6.15 6.08 5.99 5.89 5.77 5.64 5.50 5.35 5.19 5.02 4.84 4.67 4.49 4.32 4.15 3.99 3.83 3.69 3.55 3.43 3.32 3.22 3.14 3.07 3.02 2.98 2.96 2.96 2.97 2.99 3.03 3.08 3.15 3.22 3.31 3.40 3.51 3.62 3.73 3.85 3.97 4.09 4.21 4.33 4.44 4.55 4.66 4.75 4.83 4.91 4.97 5.02 5.05 5.08 5.08 5.08 5.06 5.02 4.97 4.91 4.83 4.74 4.64 4.53 4.41 4.28 4.15 4.01 3.87 3.72 3.57 3.42 3.28 3.13 2.98 2.84 2.70 2.56 2.43 2.30 2.18 2.06 1.95 1.84 1.74 1.64 1.56 1.48 1.41 1.34 1.29 1.25 1.21 1.19 1.18 1.18 1.19 1.22 1.25 1.30 1.35 1.41 1.48 1.56 1.63 1.72 1.80 1.88 1.96 2.04 2.12 2.19 2.26 2.32 2.38 2.43 2.48 2.52 2.56 2.59 2.62 2.64 2.66 2.67 2.68 2.69 2.69 2.69 2.69 2.68 2.67 2.66 2.64 2.62 2.60 2.57 2.54 2.51 2.48 2.45 2.41 2.38 2.34 2.30 2.26 2.22 2.18 2.14 2.10 2.06 2.01 1.97 1.94 1.90 1.86 1.83 1.80 1.77 1.75 1.73 1.71 1.70 1.69 1.69 1.69 1.69 1.70 1.71 1.73 1.75 1.78 1.80 1.83 1.87 1.91 1.95 1.99 2.04 2.09 2.14 2.19 2.25 2.31 2.37 2.43 2.50 2.56 2.63 2.70 2.77 2.83 2.90 2.97 3.04 3.10 3.17 3.23 3.29 3.34 3.39 3.43 3.47 3.50 3.52 3.54 3.54 3.54 3.52 3.50 3.46 3.41 3.35 3.27 3.19 3.10 3.00 2.89 2.78 2.66 2.56 2.45 2.36 2.28 2.21 2.16 2.14 2.14 2.17 2.23 2.32 2.44 2.60 2.80 3.03 3.30 3.61 3.96 4.33 4.74 5.17 5.62 6.08 6.55 7.01 7.47 7.90 8.31 8.69 9.02 9.32 9.56 9.76 9.91 10.01 10.05 10.05 10.01 9.94 9.82 9.69 9.52 9.35 9.16 8.97 8.78 8.59 8.41 8.23 8.07 7.91 7.77 7.63 7.50 7.38 7.26 7.15 7.03 6.92 6.80 6.68 6.56 6.43 6.30 6.17 6.03 5.89 5.75 5.61 5.48 5.35 5.22 5.10 4.99 4.89 4.80 4.71 4.64 4.58 4.53 4.49 4.45 4.43 4.42 4.41 4.42 4.42 4.44 4.46 4.48 4.51 4.53 4.56 4.59 4.62 4.65 4.67 4.69 4.71 4.72 4.72 4.72 4.71 4.69 4.67 4.63 4.59
1.07 1.11 1.15 1.20 1.24 1.28 1.32 1.37 1.41 1.45 1.49 1.53 1.56 1.59 1.61 1.63 1.64 1.65 1.64 1.63 1.61 1.59 1.55 1.51 1.46 1.41 1.36 1.31 1.27 1.23 1.20 1.18 1.17 1.18 1.20 1.23 1.29 1.36 1.44 1.54 1.65 1.78 1.91 2.06 2.21 2.38 2.55 2.72 2.90 3.09 3.28 3.47 3.66 3.85 4.05 4.24 4.42 4.61 4.79 4.96 5.13 5.28 5.43 5.57 5.69 5.80 5.90 5.97 6.04 6.08 6.10 6.11 6.10 6.07 6.02 5.95 5.87 5.77 5.66 5.53 5.39 5.24 5.08 4.92 4.75 4.58 4.40 4.23 4.07 3.91 3.75 3.61 3.47 3.35 3.25 3.15 3.08 3.01 2.97 2.94 2.93 2.93 2.95 2.98 3.03 3.10 3.18 3.27 3.37 3.48 3.60 3.72 3.86 3.99 4.13 4.27 4.40 4.54 4.67 4.79 4.91 5.01 5.11 5.19 5.26 5.32 5.36 5.39 5.40 5.39 5.37 5.33 5.28 5.21 5.12 5.03 4.92 4.80 4.67 4.53 4.39 4.23 4.08 3.92 3.76 3.60 3.44 3.28 3.13 2.98 2.83 2.68 2.54 2.41 2.28 2.16 2.04 1.93 1.83 1.74 1.65 1.57 1.50 1.44 1.39 1.35 1.32 1.29 1.28 1.28 1.29 1.31 1.35 1.39 1.43 1.49 1.55 1.62 1.69 1.76 1.84 1.91 1.99 2.06 2.13 2.19 2.25 2.31 2.36 2.41 2.46 2.49 2.53 2.56 2.58 2.60 2.62 2.63 2.64 2.65 2.65 2.65 2.65 2.64 2.63 2.62 2.60 2.58 2.56 2.53 2.51 2.48 2.45 2.41 2.38 2.34 2.31 2.27 2.23 2.19 2.14 2.10 2.06 2.02 1.98 1.94 1.90 1.86 1.82 1.79 1.76 1.73 1.70 1.68 1.67 1.66 1.65 1.65 1.65 1.66 1.67 1.68 1.70 1.73 1.76 1.79 1.83 1.87 1.91 1.95 2.00 2.06 2.11 2.17 2.23 2.29 2.35 2.42 2.49 2.56 2.63 2.70 2.78 2.85 2.93 3.00 3.08 3.15 3.22 3.29 3.35 3.41 3.47 3.52 3.57 3.61 3.64 3.67 3.69 3.70 3.69 3.68 3.66 3.62 3.58 3.52 3.45 3.37 3.28 3.19 3.09 2.98 2.88 2.78 2.68 2.60 2.53 2.47 2.43 2.42 2.43 2.46 2.53 2.63 2.76 2.93 3.14 3.38 3.66 3.98 4.34 4.73 5.15 5.59 6.06 6.53 7.01 7.49 7.96 8.40 8.82 9.20 9.54 9.83 10.07 10.26 10.39 10.47 10.49 10.46 10.39 10.27 10.12 9.94 9.74 9.52 9.28 9.05 8.81 8.58 8.36 8.14 7.94 7.75 7.58 7.42 7.27 7.13 7.00 6.87 6.75 6.63 6.51 6.39 6.26 6.14 6.01 5.89 5.76 5.63 5.50 5.37 5.25 5.13 5.01 4.91 4.81 4.72 4.64 4.57 4.51 4.46 4.42 4.39 4.37 4.36 4.36 4.36 4.37 4.39 4.41 4.44 4.47 4.51 4.54 4.57 4.61 4.64 4.67 4.70 4.72 4.74 4.76 4.76 4.76 4.75 4.74 4.71 4.68 4.64
1.07 1.11 1.15 1.20 1.24 1.29 1.33 1.38 1.42 1.47 1.51 1.55 1.59 1.62 1.65 1.68 1.69 1.70 1.71 1.70 1.69 1.67 1.65 1.61 1.58 1.54 1.49 1.45 1.41 1.38 1.36 1.34 1.34 1.35 1.37 1.40 1.46 1.52 1.60 1.69 1.79 1.91 2.04 2.17 2.31 2.46 2.62 2.78 2.95 3.12 3.30 3.48 3.66 3.84 4.01 4.19 4.37 4.54 4.71 4.88 5.03 5.18 5.32 5.45 5.57 5.67 5.76 5.84 5.90 5.94 5.96 5.97 5.96 5.93 5.88 5.82 5.74 5.64 5.53 5.41 5.27 5.13 4.97 4.81 4.64 4.47 4.30 4.13 3.97 3.81 3.66 3.51 3.38 3.26 3.16 3.07 3.00 2.94 2.90 2.88 2.87 2.89 2.92 2.96 3.02 3.10 3.19 3.30 3.42 3.55 3.68 3.83 3.98 4.13 4.29 4.45 4.60 4.75 4.90 5.04 5.17 5.29 5.40 5.49 5.57 5.63 5.68 5.71 5.73 5.72 5.70 5.66 5.60 5.53 5.44 5.33 5.22 5.09 4.95 4.80 4.64 4.47 4.31 4.14 3.96 3.79 3.62 3.45 3.28 3.12 2.96 2.81 2.66 2.52 2.39 2.26 2.14 2.03 1.93 1.83 1.74 1.66 1.60 1.54 1.48 1.44 1.41 1.39 1.38 1.38 1.39 1.40 1.43 1.47 1.51 1.56 1.61 1.67 1.74 1.80 1.87 1.94 2.00 2.07 2.13 2.19 2.24 2.30 2.34 2.39 2.43 2.46 2.49 2.52 2.55 2.57 2.58 2.59 2.60 2.61 2.61 2.61 2.60 2.60 2.59 2.57 2.56 2.54 2.52 2.49 2.47 2.44 2.41 2.38 2.34 2.31 2.27 2.23 2.19 2.15 2.11 2.06 2.02 1.98 1.93 1.89 1.85 1.81 1.77 1.74 1.70 1.68 1.65 1.63 1.61 1.60 1.60 1.60 1.60 1.61 1.63 1.65 1.67 1.70 1.73 1.77 1.81 1.86 1.91 1.96 2.02 2.07 2.13 2.20 2.26 2.33 2.40 2.48 2.55 2.63 2.71 2.78 2.86 2.95 3.03 3.11 3.19 3.26 3.34 3.41 3.48 3.55 3.61 3.67 3.72 3.76 3.80 3.83 3.85 3.86 3.86 3.85 3.83 3.79 3.75 3.70 3.63 3.56 3.48 3.39 3.29 3.20 3.10 3.01 2.92 2.85 2.78 2.74 2.71 2.70 2.72 2.76 2.84 2.95 3.09 3.27 3.48 3.74 4.03 4.37 4.73 5.14 5.57 6.03 6.51 7.00 7.49 7.98 8.46 8.91 9.34 9.72 10.06 10.35 10.58 10.76 10.87 10.93 10.93 10.87 10.76 10.61 10.42 10.20 9.95 9.69 9.41 9.13 8.85 8.58 8.31 8.06 7.83 7.61 7.41 7.22 7.05 6.89 6.74 6.60 6.47 6.35 6.22 6.10 5.98 5.86 5.73 5.61 5.49 5.37 5.25 5.13 5.01 4.91 4.80 4.71 4.62 4.54 4.48 4.42 4.37 4.33 4.30 4.29 4.28 4.28 4.29 4.30 4.32 4.35 4.38 4.42 4.46 4.50 4.54 4.58 4.62 4.66 4.69 4.72 4.75 4.77 4.79 4.80 4.80 4.79 4.78 4.75 4.72 4.68
1.06 1.11 1.15 1.20 1.25 1.29 1.34 1.39 1.44 1.49 1.53 1.58 1.62 1.66 1.69 1.72 1.74 1.76 1.77 1.78 1.77 1.76 1.74 1.72 1.69 1.66 1.63 1.60 1.57 1.54 1.52 1.51 1.51 1.52 1.54 1.58 1.62 1.68 1.76 1.84 1.94 2.04 2.16 2.28 2.41 2.55 2.69 2.84 3.00 3.16 3.32 3.48 3.65 3.81 3.98 4.15 4.31 4.48 4.63 4.79 4.94 5.08 5.21 5.33 5.44 5.54 5.63 5.70 5.76 5.80 5.82 5.82 5.81 5.79 5.74 5.68 5.60 5.51 5.40 5.28 5.15 5.01 4.85 4.69 4.53 4.36 4.19 4.03 3.86 3.70 3.55 3.41 3.28 3.16 3.06 2.97 2.90 2.85 2.81 2.80 2.80 2.82 2.86 2.92 3.00 3.09 3.20 3.32 3.46 3.60 3.76 3.93 4.10 4.27 4.45 4.63 4.81 4.98 5.14 5.30 5.44 5.58 5.70 5.80 5.89 5.97 6.02 6.06 6.07 6.07 6.05 6.01 5.94 5.87 5.77 5.66 5.53 5.39 5.24 5.08 4.91 4.73 4.55 4.36 4.18 3.99 3.81 3.62 3.44 3.27 3.10 2.94 2.78 2.64 2.50 2.36 2.24 2.12 2.02 1.92 1.83 1.75 1.68 1.62 1.57 1.53 1.50 1.48 1.47 1.46 1.47 1.48 1.51 1.54 1.58 1.62 1.67 1.72 1.78 1.83 1.89 1.95 2.01 2.07 2.13 2.18 2.23 2.28 2.32 2.36 2.40 2.43 2.46 2.48 2.51 2.52 2.54 2.55 2.56 2.56 2.57 2.56 2.56 2.55 2.54 2.53 2.51 2.50 2.47 2.45 2.43 2.40 2.37 2.34 2.30 2.27 2.23 2.19 2.15 2.11 2.07 2.02 1.98 1.93 1.89 1.84 1.80 1.76 1.72 1.68 1.65 1.62 1.59 1.57 1.55 1.54 1.54 1.54 1.55 1.56 1.58 1.60 1.63 1.67 1.71 1.75 1.80 1.85 1.91 1.96 2.03 2.09 2.16 2.23 2.30 2.38 2.45 2.53 2.62 2.70 2.78 2.87 2.96 3.04 3.13 3.22 3.30 3.39 3.47 3.55 3.62 3.70 3.76 3.82 3.88 3.92 3.96 4.00 4.02 4.03 4.03 4.02 4.01 3.98 3.94 3.88 3.82 3.75 3.68 3.59 3.50 3.41 3.33 3.24 3.16 3.10 3.04 3.00 2.98 2.98 3.01 3.07 3.15 3.27 3.42 3.61 3.84 4.10 4.41 4.76 5.14 5.56 6.01 6.48 6.97 7.47 7.98 8.48 8.97 9.43 9.86 10.25 10.58 10.87 11.09 11.25 11.35 11.39 11.36 11.28 11.14 10.95 10.72 10.46 10.17 9.86 9.54 9.21 8.89 8.58 8.28 7.99 7.72 7.47 7.24 7.03 6.84 6.66 6.50 6.35 6.21 6.08 5.95 5.83 5.70 5.58 5.46 5.35 5.23 5.11 5.00 4.89 4.78 4.68 4.59 4.50 4.43 4.36 4.30 4.26 4.22 4.19 4.18 4.17 4.18 4.19 4.21 4.23 4.27 4.30 4.34 4.39 4.43 4.48 4.53 4.58 4.62 4.66 4.70 4.74 4.77 4.80 4.81 4.82 4.83 4.82 4.81 4.78 4.75 4.71
1.06 1.11 1.15 1.20 1.25 1.30 1.35 1.40 1.45 1.50 1.55 1.60 1.65 1.69 1.73 1.76 1.79 1.82 1.84 1.85 1.85 1.85 1.84 1.83 1.81 1.79 1.76 1.74 1.72 1.70 1.68 1.68 1.68 1.69 1.71 1.75 1.79 1.85 1.91 1.99 2.08 2.17 2.28 2.39 2.51 2.63 2.76 2.90 3.04 3.18 3.33 3.48 3.64 3.79 3.94 4.10 4.25 4.40 4.55 4.70 4.84 4.97 5.09 5.21 5.31 5.41 5.49 5.56 5.61 5.65 5.67 5.67 5.66 5.64 5.59 5.53 5.46 5.37 5.27 5.15 5.02 4.88 4.73 4.57 4.41 4.24 4.08 3.91 3.74 3.58 3.43 3.29 3.16 3.04 2.94 2.86 2.79 2.74 2.71 2.70 2.71 2.74 2.79 2.86 2.95 3.06 3.19 3.33 3.48 3.65 3.83 4.02 4.21 4.41 4.61 4.81 5.01 5.20 5.39 5.56 5.73 5.88 6.01 6.13 6.23 6.31 6.38 6.42 6.44 6.44 6.41 6.37 6.30 6.22 6.12 6.00 5.86 5.71 5.54 5.37 5.19 5.00 4.80 4.60 4.40 4.20 4.00 3.81 3.62 3.43 3.25 3.08 2.91 2.76 2.61 2.47 2.34 2.22 2.11 2.01 1.92 1.84 1.77 1.71 1.66 1.62 1.58 1.56 1.55 1.54 1.54 1.56 1.57 1.60 1.63 1.67 1.71 1.76 1.81 1.86 1.91 1.96 2.02 2.07 2.12 2.17 2.21 2.25 2.29 2.33 2.36 2.39 2.42 2.44 2.46 2.48 2.50 2.51 2.51 2.52 2.52 2.52 2.51 2.51 2.50 2.48 2.47 2.45 2.43 2.41 2.38 2.36 2.33 2.30 2.26 2.23 2.19 2.15 2.11 2.07 2.02 1.98 1.93 1.88 1.84 1.79 1.75 1.70 1.66 1.62 1.58 1.55 1.52 1.50 1.49 1.47 1.47 1.47 1.48 1.50 1.52 1.55 1.59 1.63 1.67 1.72 1.78 1.84 1.90 1.96 2.03 2.11 2.18 2.26 2.34 2.42 2.51 2.59 2.68 2.77 2.87 2.96 3.05 3.15 3.24 3.34 3.43 3.52 3.61 3.69 3.77 3.85 3.92 3.98 4.04 4.09 4.14 4.17 4.20 4.21 4.22 4.21 4.19 4.16 4.13 4.08 4.02 3.95 3.88 3.80 3.72 3.64 3.55 3.48 3.41 3.35 3.30 3.27 3.26 3.27 3.30 3.37 3.46 3.59 3.75 3.95 4.19 4.47 4.79 5.15 5.55 5.98 6.44 6.93 7.44 7.95 8.47 8.98 9.48 9.95 10.38 10.77 11.10 11.38 11.59 11.74 11.82 11.84 11.78 11.67 11.50 11.27 11.01 10.70 10.37 10.02 9.66 9.30 8.93 8.58 8.24 7.92 7.62 7.34 7.09 6.86 6.64 6.45 6.27 6.11 5.96 5.82 5.69 5.56 5.44 5.32 5.20 5.09 4.97 4.86 4.75 4.65 4.55 4.45 4.37 4.29 4.22 4.17 4.12 4.08 4.06 4.04 4.04 4.05 4.06 4.08 4.12 4.15 4.20 4.24 4.29 4.35 4.40 4.46 4.51 4.56 4.62 4.66 4.71 4.75 4.78 4.81 4.83 4.84 4.85 4.84 4.83 4.81 4.78 4.73
1.06 1.11 1.15 1.20 1.26 1.31 1.36 1.42 1.47 1.52 1.58 1.63 1.68 1.73 1.77 1.81 1.85 1.88 1.90 1.92 1.93 1.94 1.94 1.93 1.92 1.91 1.89 1.88 1.86 1.85 1.84 1.84 1.85 1.86 1.88 1.91 1.95 2.00 2.06 2.13 2.21 2.30 2.39 2.49 2.60 2.71 2.83 2.95 3.08 3.21 3.34 3.48 3.62 3.76 3.91 4.05 4.19 4.33 4.47 4.61 4.73 4.86 4.98 5.08 5.18 5.27 5.35 5.41 5.46 5.50 5.52 5.52 5.51 5.49 5.44 5.39 5.31 5.23 5.13 5.01 4.89 4.75 4.60 4.45 4.28 4.12 3.95 3.78 3.62 3.46 3.30 3.16 3.03 2.91 2.81 2.72 2.66 2.61 2.58 2.58 2.60 2.64 2.70 2.78 2.89 3.01 3.16 3.32 3.49 3.69 3.89 4.10 4.32 4.55 4.77 5.00 5.22 5.43 5.64 5.84 6.02 6.19 6.34 6.47 6.58 6.67 6.74 6.79 6.82 6.82 6.79 6.75 6.68 6.59 6.48 6.35 6.20 6.04 5.86 5.68 5.48 5.27 5.06 4.85 4.63 4.42 4.21 4.00 3.79 3.59 3.40 3.22 3.04 2.88 2.72 2.58 2.44 2.32 2.20 2.10 2.01 1.92 1.85 1.79 1.74 1.69 1.66 1.63 1.62 1.61 1.61 1.62 1.63 1.65 1.68 1.71 1.75 1.79 1.83 1.88 1.92 1.97 2.02 2.06 2.11 2.15 2.19 2.23 2.26 2.30 2.33 2.36 2.38 2.40 2.42 2.44 2.45 2.46 2.47 2.47 2.47 2.47 2.47 2.46 2.45 2.44 2.42 2.40 2.39 2.36 2.34 2.31 2.28 2.25 2.22 2.18 2.15 2.11 2.07 2.02 1.98 1.93 1.88 1.83 1.78 1.73 1.69 1.64 1.59 1.55 1.51 1.48 1.45 1.42 1.41 1.40 1.40 1.40 1.41 1.43 1.46 1.49 1.53 1.58 1.63 1.69 1.75 1.82 1.89 1.96 2.04 2.12 2.20 2.29 2.38 2.47 2.56 2.66 2.75 2.85 2.95 3.05 3.15 3.26 3.36 3.46 3.56 3.65 3.75 3.84 3.93 4.01 4.08 4.15 4.22 4.27 4.32 4.35 4.38 4.40 4.41 4.40 4.39 4.36 4.32 4.28 4.22 4.16 4.09 4.02 3.94 3.86 3.78 3.71 3.65 3.59 3.55 3.53 3.53 3.55 3.59 3.66 3.77 3.91 4.08 4.30 4.55 4.84 5.17 5.55 5.96 6.40 6.88 7.38 7.90 8.43 8.96 9.48 9.98 10.45 10.89 11.28 11.61 11.88 12.08 12.22 12.28 12.27 12.19 12.05 11.84 11.58 11.28 10.94 10.57 10.18 9.78 9.38 8.98 8.59 8.21 7.86 7.53 7.23 6.95 6.69 6.46 6.25 6.06 5.89 5.73 5.58 5.45 5.32 5.19 5.07 4.95 4.84 4.72 4.61 4.51 4.41 4.31 4.22 4.14 4.07 4.01 3.96 3.93 3.90 3.89 3.88 3.89 3.91 3.93 3.97 4.01 4.06 4.11 4.17 4.23 4.30 4.36 4.42 4.48 4.54 4.60 4.65 4.70 4.75 4.78 4.81 4.84 4.85 4.86 4.86 4.84 4.82 4.79 4.75
1.06 1.11 1.16 1.21 1.26 1.32 1.37 1.43 1.49 1.54 1.60 1.65 1.71 1.76 1.81 1.85 1.90 1.93 1.96 1.99 2.01 2.02 2.03 2.03 2.03 2.03 2.02 2.01 2.01 2.00 2.00 2.00 2.01 2.02 2.04 2.07 2.11 2.15 2.21 2.27 2.34 2.42 2.50 2.59 2.68 2.78 2.89 3.00 3.11 3.23 3.35 3.48 3.61 3.74 3.87 4.00 4.13 4.26 4.39 4.51 4.63 4.75 4.86 4.96 5.05 5.13 5.20 5.26 5.31 5.34 5.36 5.37 5.36 5.33 5.29 5.24 5.17 5.09 4.99 4.88 4.75 4.62 4.47 4.32 4.16 3.99 3.82 3.65 3.48 3.32 3.16 3.02 2.88 2.76 2.66 2.57 2.51 2.46 2.44 2.44 2.46 2.51 2.59 2.68 2.80 2.94 3.10 3.29 3.49 3.70 3.93 4.17 4.42 4.67 4.92 5.18 5.42 5.66 5.89 6.11 6.32 6.50 6.67 6.82 6.94 7.05 7.12 7.18 7.21 7.21 7.19 7.14 7.07 6.97 6.85 6.72 6.56 6.38 6.20 5.99 5.78 5.56 5.34 5.11 4.88 4.65 4.42 4.19 3.98 3.76 3.56 3.37 3.18 3.01 2.84 2.69 2.55 2.42 2.30 2.19 2.09 2.00 1.93 1.86 1.81 1.76 1.73 1.70 1.68 1.67 1.67 1.67 1.68 1.70 1.72 1.75 1.78 1.81 1.85 1.89 1.93 1.97 2.01 2.05 2.09 2.13 2.17 2.20 2.23 2.26 2.29 2.32 2.34 2.36 2.38 2.39 2.40 2.41 2.42 2.42 2.42 2.42 2.42 2.41 2.40 2.39 2.37 2.36 2.34 2.32 2.29 2.27 2.24 2.21 2.18 2.14 2.10 2.06 2.02 1.98 1.93 1.88 1.83 1.78 1.73 1.67 1.62 1.57 1.52 1.48 1.43 1.40 1.37 1.34 1.32 1.31 1.31 1.32 1.33 1.36 1.39 1.43 1.47 1.53 1.59 1.65 1.72 1.80 1.88 1.96 2.04 2.13 2.23 2.32 2.42 2.52 2.62 2.72 2.83 2.93 3.04 3.15 3.26 3.37 3.48 3.59 3.69 3.80 3.90 3.99 4.09 4.17 4.26 4.33 4.40 4.46 4.50 4.54 4.57 4.59 4.60 4.60 4.59 4.56 4.53 4.48 4.43 4.37 4.30 4.23 4.16 4.08 4.01 3.94 3.89 3.84 3.80 3.79 3.79 3.82 3.87 3.96 4.07 4.22 4.41 4.63 4.90 5.20 5.55 5.94 6.36 6.82 7.31 7.83 8.36 8.90 9.44 9.97 10.47 10.95 11.38 11.77 12.10 12.36 12.55 12.67 12.71 12.68 12.57 12.40 12.17 11.88 11.54 11.16 10.75 10.32 9.89 9.45 9.01 8.59 8.18 7.80 7.44 7.11 6.81 6.54 6.29 6.06 5.86 5.68 5.51 5.36 5.21 5.08 4.95 4.83 4.71 4.59 4.48 4.37 4.27 4.17 4.08 3.99 3.92 3.85 3.80 3.75 3.72 3.70 3.70 3.71 3.72 3.75 3.79 3.84 3.90 3.96 4.02 4.09 4.16 4.24 4.31 4.38 4.45 4.52 4.58 4.64 4.69 4.74 4.78 4.81 4.84 4.85 4.86 4.86 4.85 4.83 4.79 4.75
1.05 1.11 1.16 1.21 1.27 1.32 1.38 1.44 1.50 1.56 1.62 1.68 1.74 1.79 1.85 1.90 1.95 1.99 2.03 2.06 2.08 2.11 2.12 2.13 2.14 2.14 2.14 2.14 2.14 2.14 2.14 2.15 2.16 2.17 2.20 2.22 2.26 2.30 2.35 2.40 2.46 2.53 2.60 2.68 2.77 2.85 2.95 3.05 3.15 3.25 3.36 3.48 3.59 3.71 3.83 3.95 4.07 4.19 4.31 4.42 4.53 4.64 4.74 4.84 4.92 5.00 5.07 5.12 5.16 5.20 5.21 5.22 5.21 5.19 5.15 5.09 5.03 4.95 4.85 4.74 4.62 4.49 4.34 4.19 4.03 3.86 3.69 3.52 3.35 3.18 3.02 2.87 2.73 2.61 2.50 2.41 2.34 2.30 2.28 2.28 2.31 2.37 2.45 2.56 2.69 2.85 3.03 3.24 3.46 3.70 3.96 4.23 4.51 4.79 5.07 5.35 5.63 5.89 6.15 6.39 6.62 6.82 7.01 7.17 7.31 7.43 7.51 7.57 7.61 7.61 7.59 7.54 7.46 7.36 7.24 7.09 6.92 6.74 6.54 6.32 6.09 5.86 5.62 5.37 5.13 4.88 4.64 4.40 4.16 3.94 3.72 3.52 3.32 3.13 2.96 2.80 2.65 2.51 2.39 2.27 2.17 2.08 2.00 1.93 1.87 1.83 1.79 1.76 1.74 1.72 1.72 1.72 1.72 1.74 1.75 1.78 1.80 1.83 1.86 1.90 1.93 1.97 2.00 2.04 2.07 2.11 2.14 2.17 2.20 2.23 2.25 2.28 2.30 2.32 2.33 2.35 2.36 2.36 2.37 2.37 2.37 2.37 2.37 2.36 2.35 2.34 2.33 2.31 2.29 2.27 2.25 2.22 2.19 2.16 2.13 2.10 2.06 2.02 1.97 1.93 1.88 1.83 1.78 1.72 1.66 1.61 1.55 1.50 1.44 1.39 1.35 1.31 1.28 1.25 1.23 1.22 1.22 1.23 1.25 1.27 1.31 1.35 1.41 1.47 1.53 1.61 1.69 1.77 1.86 1.95 2.05 2.14 2.25 2.35 2.46 2.56 2.68 2.79 2.90 3.02 3.13 3.25 3.37 3.49 3.60 3.72 3.83 3.94 4.05 4.15 4.25 4.35 4.43 4.51 4.58 4.65 4.70 4.74 4.77 4.79 4.81 4.80 4.79 4.77 4.74 4.69 4.64 4.58 4.52 4.45 4.38 4.30 4.24 4.17 4.12 4.08 4.05 4.04 4.05 4.08 4.15 4.24 4.36 4.52 4.72 4.96 5.24 5.56 5.92 6.32 6.76 7.23 7.74 8.27 8.81 9.36 9.90 10.44 10.95 11.43 11.86 12.24 12.56 12.81 12.99 13.09 13.11 13.06 12.93 12.73 12.47 12.14 11.77 11.36 10.92 10.45 9.98 9.51 9.04 8.59 8.15 7.74 7.36 7.01 6.68 6.39 6.12 5.89 5.67 5.48 5.30 5.14 4.99 4.86 4.72 4.60 4.48 4.36 4.24 4.13 4.03 3.93 3.84 3.75 3.68 3.62 3.57 3.53 3.51 3.50 3.50 3.52 3.55 3.59 3.64 3.70 3.76 3.84 3.92 4.00 4.08 4.16 4.25 4.33 4.40 4.48 4.55 4.61 4.67 4.72 4.76 4.80 4.82 4.84 4.85 4.85 4.84 4.82 4.79 4.75
1.05 1.11 1.16 1.21 1.27 1.33 1.39 1.45 1.52 1.58 1.64 1.71 1.77 1.83 1.89 1.94 1.99 2.04 2.08 2.12 2.16 2.19 2.21 2.23 2.24 2.25 2.26 2.27 2.27 2.28 2.28 2.29 2.30 2.32 2.34 2.37 2.40 2.43 2.48 2.52 2.58 2.64 2.70 2.77 2.84 2.92 3.00 3.09 3.18 3.27 3.37 3.47 3.58 3.68 3.79 3.90 4.01 4.12 4.23 4.34 4.44 4.54 4.63 4.72 4.80 4.87 4.93 4.98 5.02 5.05 5.07 5.07 5.06 5.04 5.00 4.95 4.89 4.81 4.72 4.61 4.49 4.36 4.21 4.06 3.90 3.73 3.56 3.38 3.21 3.03 2.87 2.71 2.57 2.44 2.33 2.23 2.16 2.12 2.10 2.10 2.14 2.20 2.29 2.41 2.56 2.74 2.94 3.17 3.42 3.69 3.97 4.27 4.58 4.89 5.21 5.52 5.82 6.12 6.40 6.67 6.92 7.15 7.35 7.53 7.68 7.81 7.91 7.97 8.01 8.02 8.00 7.95 7.87 7.76 7.63 7.47 7.29 7.10 6.88 6.65 6.41 6.16 5.90 5.64 5.38 5.12 4.86 4.60 4.36 4.12 3.89 3.67 3.46 3.26 3.08 2.91 2.75 2.61 2.47 2.36 2.25 2.15 2.07 2.00 1.94 1.88 1.84 1.81 1.78 1.77 1.76 1.75 1.76 1.76 1.78 1.80 1.82 1.84 1.87 1.90 1.93 1.96 1.99 2.02 2.05 2.08 2.11 2.14 2.17 2.19 2.22 2.24 2.26 2.27 2.29 2.30 2.31 2.32 2.32 2.32 2.33 2.32 2.32 2.31 2.30 2.29 2.28 2.26 2.24 2.22 2.20 2.18 2.15 2.12 2.09 2.05 2.01 1.97 1.93 1.88 1.83 1.77 1.72 1.66 1.60 1.54 1.48 1.42 1.36 1.31 1.26 1.22 1.18 1.15 1.13 1.12 1.12 1.13 1.15 1.18 1.22 1.27 1.33 1.40 1.47 1.56 1.64 1.74 1.84 1.94 2.04 2.15 2.27 2.38 2.50 2.61 2.73 2.86 2.98 3.10 3.23 3.35 3.48 3.61 3.73 3.85 3.98 4.09 4.21 4.32 4.42 4.52 4.62 4.70 4.78 4.84 4.90 4.94 4.98 5.00 5.01 5.01 5.00 4.98 4.95 4.90 4.85 4.79 4.73 4.66 4.59 4.52 4.46 4.40 4.35 4.31 4.29 4.28 4.30 4.34 4.41 4.51 4.64 4.82 5.02 5.27 5.57 5.90 6.27 6.69 7.14 7.63 8.15 8.69 9.24 9.80 10.35 10.89 11.40 11.88 12.31 12.69 13.00 13.24 13.40 13.49 13.49 13.41 13.26 13.03 12.73 12.38 11.98 11.53 11.06 10.57 10.06 9.56 9.06 8.58 8.12 7.68 7.28 6.90 6.56 6.25 5.97 5.72 5.50 5.29 5.11 4.94 4.79 4.64 4.51 4.38 4.25 4.13 4.01 3.90 3.79 3.69 3.60 3.51 3.44 3.38 3.33 3.30 3.28 3.27 3.29 3.31 3.35 3.40 3.47 3.54 3.62 3.71 3.80 3.89 3.99 4.08 4.17 4.26 4.35 4.43 4.51 4.57 4.64 4.69 4.74 4.78 4.80 4.82 4.83 4.83 4.82 4.80 4.77 4.73
1.05 1.10 1.16 1.22 1.28 1.34 1.40 1.47 1.53 1.60 1.67 1.73 1.80 1.86 1.92 1.98 2.04 2.09 2.14 2.19 2.23 2.26 2.29 2.32 2.34 2.36 2.37 2.38 2.39 2.40 2.41 2.43 2.44 2.46 2.48 2.50 2.53 2.56 2.60 2.64 2.68 2.73 2.79 2.85 2.91 2.98 3.05 3.13 3.21 3.29 3.38 3.47 3.56 3.66 3.76 3.86 3.96 4.06 4.16 4.25 4.35 4.44 4.52 4.60 4.68 4.74 4.80 4.85 4.89 4.91 4.93 4.93 4.92 4.90 4.87 4.82 4.75 4.68 4.59 4.48 4.36 4.23 4.09 3.94 3.77 3.60 3.43 3.25 3.06 2.89 2.71 2.55 2.40 2.26 2.14 2.05 1.97 1.92 1.90 1.91 1.95 2.02 2.12 2.25 2.41 2.61 2.83 3.08 3.36 3.66 3.97 4.30 4.64 4.99 5.33 5.68 6.02 6.34 6.65 6.95 7.22 7.47 7.69 7.89 8.06 8.20 8.30 8.38 8.42 8.43 8.41 8.36 8.27 8.16 8.02 7.86 7.67 7.46 7.23 6.99 6.73 6.47 6.19 5.92 5.64 5.36 5.08 4.81 4.55 4.30 4.05 3.82 3.60 3.39 3.20 3.02 2.85 2.70 2.56 2.44 2.32 2.22 2.14 2.06 1.99 1.94 1.89 1.85 1.83 1.81 1.79 1.79 1.78 1.79 1.80 1.81 1.83 1.85 1.87 1.90 1.92 1.95 1.98 2.00 2.03 2.06 2.08 2.11 2.13 2.16 2.18 2.20 2.21 2.23 2.24 2.25 2.26 2.27 2.27 2.28 2.28 2.27 2.27 2.26 2.25 2.24 2.23 2.21 2.20 2.18 2.16 2.13 2.10 2.07 2.04 2.01 1.97 1.92 1.88 1.83 1.78 1.72 1.66 1.60 1.54 1.47 1.41 1.34 1.28 1.22 1.17 1.12 1.08 1.05 1.03 1.02 1.02 1.03 1.05 1.08 1.13 1.19 1.25 1.33 1.41 1.50 1.60 1.70 1.81 1.93 2.04 2.16 2.28 2.41 2.54 2.66 2.79 2.93 3.06 3.19 3.33 3.46 3.60 3.73 3.86 3.99 4.12 4.25 4.37 4.49 4.60 4.71 4.80 4.89 4.97 5.04 5.10 5.15 5.19 5.21 5.22 5.22 5.21 5.19 5.16 5.12 5.07 5.01 4.94 4.88 4.81 4.74 4.68 4.62 4.57 4.54 4.52 4.52 4.54 4.59 4.66 4.77 4.91 5.10 5.32 5.58 5.88 6.23 6.62 7.05 7.52 8.02 8.54 9.09 9.65 10.22 10.78 11.32 11.83 12.31 12.74 13.10 13.40 13.63 13.78 13.85 13.83 13.73 13.55 13.29 12.97 12.59 12.16 11.68 11.18 10.66 10.12 9.59 9.07 8.56 8.08 7.62 7.20 6.80 6.45 6.12 5.83 5.57 5.33 5.12 4.93 4.75 4.59 4.44 4.30 4.17 4.04 3.91 3.79 3.67 3.56 3.45 3.35 3.27 3.19 3.13 3.08 3.05 3.04 3.04 3.06 3.09 3.14 3.21 3.28 3.37 3.46 3.56 3.67 3.77 3.88 3.99 4.09 4.19 4.28 4.37 4.45 4.53 4.60 4.65 4.70 4.74 4.77 4.80 4.81 4.81 4.80 4.78 4.75 4.71
1.05 1.10 1.16 1.22 1.28 1.35 1.41 1.48 1.55 1.62 1.69 1.75 1.82 1.89 1.96 2.02 2.08 2.14 2.20 2.25 2.29 2.33 2.37 2.40 2.43 2.45 2.47 2.49 2.51 2.52 2.54 2.55 2.57 2.58 2.60 2.62 2.65 2.68 2.71 2.74 2.78 2.83 2.87 2.93 2.98 3.04 3.10 3.17 3.24 3.31 3.39 3.47 3.55 3.64 3.73 3.81 3.91 4.00 4.09 4.17 4.26 4.34 4.42 4.50 4.56 4.63 4.68 4.72 4.76 4.78 4.80 4.80 4.79 4.77 4.74 4.69 4.63 4.55 4.46 4.36 4.25 4.12 3.97 3.82 3.65 3.48 3.30 3.11 2.93 2.74 2.56 2.39 2.23 2.09 1.96 1.85 1.77 1.72 1.70 1.70 1.74 1.82 1.93 2.07 2.25 2.46 2.71 2.98 3.28 3.61 3.96 4.32 4.69 5.07 5.45 5.83 6.20 6.56 6.90 7.22 7.51 7.79 8.03 8.25 8.43 8.58 8.70 8.78 8.83 8.84 8.82 8.77 8.68 8.56 8.42 8.24 8.04 7.82 7.58 7.33 7.05 6.77 6.48 6.19 5.90 5.60 5.31 5.02 4.75 4.48 4.22 3.98 3.74 3.52 3.32 3.13 2.95 2.79 2.65 2.52 2.40 2.29 2.20 2.12 2.05 1.99 1.94 1.90 1.86 1.84 1.82 1.81 1.81 1.81 1.81 1.82 1.83 1.85 1.87 1.89 1.91 1.94 1.96 1.98 2.01 2.03 2.05 2.08 2.10 2.12 2.14 2.15 2.17 2.18 2.20 2.21 2.21 2.22 2.22 2.23 2.23 2.22 2.22 2.21 2.20 2.19 2.18 2.17 2.15 2.13 2.11 2.08 2.06 2.03 2.00 1.96 1.92 1.88 1.83 1.78 1.72 1.67 1.60 1.54 1.47 1.40 1.33 1.26 1.20 1.13 1.07 1.02 0.98 0.94 0.92 0.91 0.91 0.92 0.94 0.98 1.03 1.09 1.17 1.25 1.34 1.44 1.55 1.67 1.79 1.91 2.04 2.17 2.30 2.44 2.57 2.71 2.85 3.00 3.14 3.28 3.43 3.57 3.71 3.86 4.00 4.14 4.27 4.41 4.54 4.66 4.78 4.89 4.99 5.09 5.17 5.24 5.31 5.36 5.40 5.42 5.44 5.44 5.43 5.41 5.37 5.33 5.28 5.22 5.16 5.09 5.02 4.95 4.89 4.83 4.79 4.75 4.74 4.74 4.77 4.82 4.90 5.02 5.17 5.36 5.59 5.87 6.18 6.54 6.95 7.39 7.87 8.38 8.92 9.48 10.05 10.62 11.18 11.72 12.24 12.71 13.13 13.49 13.78 13.99 14.12 14.17 14.13 14.01 13.80 13.53 13.18 12.77 12.31 11.81 11.28 10.73 10.17 9.61 9.06 8.54 8.03 7.56 7.11 6.71 6.33 6.00 5.69 5.42 5.18 4.96 4.76 4.58 4.41 4.25 4.11 3.97 3.83 3.70 3.57 3.44 3.33 3.21 3.11 3.02 2.94 2.88 2.83 2.80 2.79 2.80 2.82 2.86 2.92 3.00 3.09 3.19 3.29 3.41 3.53 3.65 3.77 3.88 4.00 4.11 4.21 4.31 4.40 4.48 4.55 4.61 4.66 4.70 4.74 4.76 4.77 4.77 4.76 4.74 4.72 4.68
1.05 1.10 1.16 1.22 1.29 1.35 1.42 1.49 1.56 1.63 1.70 1.78 1.85 1.92 1.99 2.06 2.12 2.19 2.25 2.30 2.35 2.40 2.44 2.48 2.51 2.54 2.57 2.59 2.61 2.63 2.65 2.66 2.68 2.70 2.72 2.74 2.76 2.78 2.81 2.84 2.88 2.91 2.95 3.00 3.04 3.09 3.15 3.20 3.26 3.33 3.40 3.47 3.54 3.62 3.70 3.78 3.86 3.94 4.02 4.10 4.18 4.26 4.33 4.40 4.46 4.52 4.57 4.61 4.64 4.66 4.67 4.68 4.67 4.65 4.61 4.57 4.51 4.44 4.35 4.25 4.14 4.01 3.86 3.71 3.54 3.36 3.18 2.99 2.79 2.60 2.41 2.23 2.06 1.91 1.77 1.66 1.57 1.51 1.49 1.49 1.53 1.61 1.73 1.88 2.08 2.31 2.57 2.87 3.20 3.55 3.93 4.32 4.73 5.15 5.56 5.97 6.37 6.76 7.13 7.48 7.80 8.10 8.36 8.60 8.79 8.96 9.09 9.18 9.23 9.25 9.23 9.17 9.08 8.96 8.81 8.63 8.42 8.18 7.93 7.66 7.37 7.08 6.77 6.46 6.15 5.84 5.54 5.23 4.94 4.66 4.39 4.13 3.88 3.65 3.44 3.24 3.05 2.89 2.73 2.59 2.47 2.36 2.26 2.17 2.10 2.03 1.98 1.93 1.90 1.87 1.85 1.83 1.82 1.82 1.82 1.83 1.84 1.85 1.87 1.88 1.90 1.92 1.94 1.96 1.98 2.00 2.02 2.04 2.06 2.08 2.10 2.11 2.13 2.14 2.15 2.16 2.17 2.17 2.18 2.18 2.18 2.17 2.17 2.16 2.16 2.15 2.13 2.12 2.10 2.08 2.06 2.04 2.01 1.98 1.95 1.91 1.87 1.83 1.78 1.73 1.67 1.61 1.55 1.48 1.41 1.33 1.26 1.18 1.11 1.04 0.98 0.92 0.88 0.84 0.81 0.80 0.80 0.81 0.84 0.88 0.93 1.00 1.08 1.17 1.27 1.38 1.50 1.63 1.76 1.89 2.03 2.17 2.32 2.47 2.61 2.76 2.92 3.07 3.22 3.37 3.53 3.68 3.83 3.98 4.13 4.28 4.43 4.57 4.70 4.83 4.96 5.08 5.18 5.28 5.37 5.45 5.51 5.57 5.61 5.64 5.65 5.65 5.64 5.62 5.59 5.54 5.49 5.43 5.37 5.30 5.23 5.16 5.10 5.04 4.99 4.96 4.95 4.95 4.99 5.04 5.13 5.26 5.42 5.62 5.86 6.14 6.47 6.84 7.26 7.71 8.20 8.72 9.27 9.84 10.41 10.99 11.55 12.10 12.61 13.07 13.49 13.84 14.11 14.31 14.43 14.45 14.40 14.25 14.02 13.72 13.35 12.91 12.43 11.90 11.35 10.77 10.19 9.61 9.05 8.50 7.98 7.49 7.03 6.61 6.23 5.88 5.57 5.28 5.03 4.81 4.60 4.41 4.24 4.08 3.92 3.77 3.63 3.49 3.36 3.22 3.10 2.98 2.87 2.77 2.69 2.62 2.57 2.54 2.53 2.54 2.57 2.62 2.69 2.78 2.88 2.99 3.12 3.24 3.38 3.51 3.64 3.77 3.90 4.02 4.13 4.23 4.33 4.41 4.49 4.56 4.61 4.65 4.69 4.71 4.73 4.73 4.72 4.70 4.67 4.63
1.05 1.10 1.16 1.23 1.29 1.36 1.43 1.50 1.57 1.65 1.72 1.80 1.87 1.95 2.02 2.09 2.16 2.23 2.29 2.35 2.41 2.46 2.51 2.55 2.59 2.62 2.65 2.68 2.71 2.73 2.75 2.77 2.79 2.80 2.82 2.84 2.86 2.88 2.91 2.93 2.96 2.99 3.03 3.06 3.10 3.14 3.19 3.24 3.29 3.35 3.41 3.47 3.54 3.60 3.67 3.75 3.82 3.89 3.97 4.04 4.11 4.18 4.25 4.31 4.37 4.42 4.46 4.50 4.53 4.55 4.56 4.56 4.55 4.54 4.50 4.46 4.40 4.33 4.25 4.15 4.03 3.91 3.76 3.61 3.44 3.26 3.07 2.87 2.67 2.47 2.27 2.08 1.90 1.74 1.59 1.47 1.37 1.31 1.28 1.28 1.32 1.40 1.53 1.69 1.89 2.14 2.43 2.75 3.10 3.49 3.89 4.32 4.76 5.21 5.66 6.10 6.54 6.96 7.36 7.74 8.08 8.40 8.69 8.94 9.15 9.33 9.46 9.56 9.62 9.64 9.62 9.57 9.48 9.35 9.19 9.00 8.78 8.54 8.27 7.99 7.69 7.38 7.06 6.73 6.41 6.08 5.76 5.44 5.13 4.84 4.55 4.28 4.02 3.78 3.56 3.35 3.15 2.98 2.81 2.67 2.54 2.42 2.31 2.22 2.14 2.07 2.02 1.97 1.93 1.89 1.87 1.85 1.84 1.83 1.83 1.83 1.84 1.85 1.86 1.87 1.89 1.90 1.92 1.94 1.96 1.98 1.99 2.01 2.03 2.04 2.06 2.07 2.08 2.10 2.11 2.11 2.12 2.13 2.13 2.13 2.13 2.13 2.12 2.12 2.11 2.10 2.09 2.07 2.06 2.04 2.02 1.99 1.97 1.94 1.91 1.87 1.83 1.78 1.74 1.68 1.62 1.56 1.49 1.42 1.34 1.26 1.18 1.11 1.03 0.96 0.89 0.83 0.77 0.73 0.70 0.69 0.69 0.70 0.73 0.77 0.83 0.91 0.99 1.09 1.20 1.32 1.45 1.59 1.73 1.88 2.03 2.18 2.34 2.50 2.66 2.82 2.98 3.14 3.30 3.47 3.63 3.79 3.95 4.11 4.27 4.43 4.58 4.73 4.87 5.01 5.14 5.26 5.38 5.48 5.57 5.65 5.72 5.78 5.82 5.85 5.86 5.87 5.86 5.83 5.80 5.75 5.70 5.64 5.57 5.50 5.43 5.36 5.30 5.24 5.19 5.16 5.15 5.16 5.19 5.25 5.35 5.48 5.65 5.85 6.11 6.40 6.74 7.12 7.55 8.01 8.51 9.05 9.60 10.18 10.76 11.33 11.90 12.44 12.95 13.41 13.81 14.15 14.41 14.60 14.69 14.70 14.62 14.45 14.20 13.88 13.48 13.02 12.51 11.97 11.39 10.80 10.20 9.60 9.02 8.46 7.92 7.42 6.95 6.52 6.12 5.77 5.45 5.16 4.90 4.66 4.45 4.26 4.08 3.91 3.75 3.59 3.44 3.29 3.15 3.01 2.87 2.75 2.63 2.52 2.43 2.36 2.31 2.27 2.27 2.28 2.32 2.38 2.46 2.55 2.67 2.79 2.93 3.07 3.22 3.37 3.51 3.65 3.79 3.92 4.04 4.15 4.26 4.35 4.43 4.49 4.55 4.60 4.63 4.66 4.67 4.67 4.67 4.65 4.62 4.58
1.04 1.10 1.16 1.23 1.30 1.36 1.44 1.51 1.58 1.66 1.74 1.82 1.89 1.97 2.05 2.12 2.20 2.27 2.33 2.40 2.46 2.51 2.57 2.61 2.66 2.70 2.73 2.76 2.79 2.82 2.84 2.86 2.88 2.90 2.92 2.93 2.95 2.97 2.99 3.02 3.04 3.06 3.09 3.12 3.16 3.19 3.23 3.27 3.32 3.37 3.42 3.47 3.53 3.59 3.66 3.72 3.79 3.85 3.92 3.98 4.05 4.11 4.17 4.23 4.28 4.33 4.37 4.40 4.43 4.45 4.46 4.46 4.45 4.43 4.40 4.36 4.31 4.24 4.15 4.06 3.94 3.82 3.67 3.52 3.34 3.16 2.97 2.76 2.56 2.35 2.14 1.94 1.75 1.57 1.42 1.29 1.18 1.11 1.07 0.45 1.11 1.20 1.33 1.50 1.72 1.98 2.28 2.62 3.00 3.42 3.85 4.31 4.79 5.27 5.75 6.23 6.70 7.15 7.58 7.98 8.35 8.69 9.00 9.27 9.49 9.68 9.83 9.94 10.00 10.03 10.01 9.95 9.86 9.73 9.56 9.36 9.13 8.88 8.60 8.31 7.99 7.67 7.33 6.99 6.65 6.31 5.97 5.64 5.32 5.01 4.71 4.43 4.16 3.91 3.67 3.45 3.25 3.06 2.89 2.74 2.60 2.48 2.37 2.27 2.19 2.11 2.05 2.00 1.95 1.92 1.89 1.87 1.85 1.84 1.84 1.84 1.84 1.84 1.85 1.86 1.87 1.89 1.90 1.92 1.93 1.95 1.96 1.98 1.99 2.01 2.02 2.03 2.04 2.05 2.06 2.07 2.07 2.08 2.08 2.08 2.08 2.08 2.07 2.07 2.06 2.05 2.04 2.03 2.01 1.99 1.97 1.95 1.92 1.90 1.86 1.83 1.79 1.74 1.69 1.63 1.57 1.51 1.44 1.36 1.28 1.20 1.12 1.03 0.95 0.87 0.80 0.73 0.68 0.63 0.60 0.58 0.58 0.60 0.63 0.67 0.74 0.81 0.91 1.01 1.13 1.26 1.40 1.55 1.70 1.86 2.02 2.19 2.36 2.53 2.70 2.87 3.04 3.22 3.39 3.56 3.73 3.90 4.07 4.24 4.41 4.57 4.73 4.89 5.04 5.18 5.32 5.45 5.57 5.68 5.77 5.86 5.93 5.99 6.03 6.06 6.08 6.08 6.07 6.04 6.01 5.96 5.90 5.84 5.77 5.70 5.62 5.55 5.49 5.43 5.38 5.35 5.34 5.35 5.39 5.45 5.55 5.69 5.86 6.08 6.34 6.64 6.99 7.38 7.82 8.29 8.80 9.34 9.91 10.49 11.07 11.65 12.22 12.75 13.25 13.71 14.10 14.43 14.67 14.84 14.92 14.91 14.81 14.62 14.35 14.00 13.58 13.10 12.57 12.01 11.41 10.80 10.19 9.57 8.98 8.40 7.86 7.34 6.87 6.43 6.02 5.66 5.33 5.04 4.77 4.53 4.32 4.12 3.93 3.75 3.59 3.42 3.26 3.11 2.95 2.80 2.66 2.52 2.39 2.28 2.18 2.10 2.04 2.01 2.00 2.02 2.06 2.12 2.21 2.32 2.45 2.59 2.74 2.89 3.05 3.22 3.38 3.53 3.68 3.82 3.95 4.07 4.18 4.27 4.36 4.43 4.49 4.53 4.57 4.60 4.61 4.61 4.61 4.59 4.56 4.52
1.04 1.10 1.16 1.23 1.30 1.37 1.44 1.52 1.59 1.67 1.75 1.83 1.91 1.99 2.07 2.15 2.23 2.30 2.37 2.44 2.50 2.56 2.62 2.67 2.72 2.76 2.80 2.84 2.87 2.90 2.92 2.94 2.96 2.98 3.00 3.02 3.04 3.05 3.07 3.09 3.11 3.13 3.16 3.18 3.21 3.24 3.27 3.31 3.35 3.39 3.43 3.48 3.53 3.59 3.64 3.70 3.76 3.82 3.88 3.94 4.00 4.05 4.11 4.16 4.21 4.25 4.29 4.32 4.34 4.36 4.37 4.37 4.36 4.34 4.32 4.28 4.22 4.16 4.07 3.98 3.87 3.74 3.60 3.44 3.26 3.08 2.88 2.67 2.46 2.24 2.02 1.81 1.61 1.43 1.26 1.12 0.45 0.45 0.45 0.14 0.45 0.45 0.45 1.32 1.55 1.82 2.14 2.51 2.91 3.35 3.82 4.31 4.81 5.32 5.84 6.35 6.85 7.33 7.78 8.21 8.61 8.97 9.29 9.58 9.82 10.02 10.18 10.29 10.36 10.39 10.37 10.32 10.22 10.08 9.91 9.71 9.47 9.21 8.92 8.61 8.28 7.95 7.60 7.24 6.89 6.53 6.18 5.84 5.50 5.18 4.87 4.57 4.29 4.03 3.78 3.55 3.34 3.15 2.97 2.81 2.67 2.54 2.42 2.32 2.23 2.15 2.08 2.03 1.98 1.94 1.91 1.88 1.86 1.85 1.84 1.84 1.84 1.84 1.84 1.85 1.86 1.87 1.88 1.89 1.91 1.92 1.93 1.95 1.96 1.97 1.98 1.99 2.00 2.01 2.02 2.03 2.03 2.03 2.04 2.04 2.03 2.03 2.03 2.02 2.01 2.00 1.99 1.98 1.97 1.95 1.93 1.91 1.88 1.85 1.82 1.78 1.74 1.70 1.65 1.59 1.53 1.46 1.39 1.31 1.22 1.14 1.05 0.96 0.88 0.79 0.72 0.65 0.59 0.54 0.50 0.48 0.45 0.50 0.53 0.58 0.64 0.73 0.83 0.94 1.07 1.21 1.35 1.51 1.68 1.85 2.02 2.20 2.38 2.56 2.74 2.92 3.11 3.29 3.47 3.66 3.84 4.02 4.20 4.37 4.55 4.72 4.89 5.05 5.21 5.36 5.50 5.63 5.76 5.87 5.97 6.06 6.13 6.19 6.24 6.27 6.28 6.29 6.27 6.25 6.21 6.16 6.10 6.04 5.96 5.89 5.81 5.74 5.67 5.61 5.56 5.53 5.52 5.53 5.57 5.64 5.74 5.88 6.06 6.28 6.55 6.86 7.22 7.62 8.07 8.55 9.07 9.62 10.19 10.77 11.35 11.93 12.50 13.03 13.53 13.97 14.35 14.66 14.90 15.05 15.11 15.08 14.96 14.75 14.45 14.09 13.65 13.15 12.60 12.02 11.41 10.78 10.15 9.53 8.93 8.34 7.79 7.26 6.78 6.33 5.93 5.56 5.23 4.93 4.66 4.41 4.19 3.98 3.79 3.61 3.44 3.26 3.10 2.93 2.76 2.60 2.45 2.30 2.16 2.04 1.93 1.84 1.78 1.75 1.74 1.75 1.80 1.87 1.97 2.09 2.23 2.38 2.54 2.71 2.89 3.06 3.24 3.40 3.56 3.71 3.85 3.98 4.09 4.19 4.28 4.35 4.42 4.47 4.50 4.53 4.54 4.55 4.54 4.52 4.49 4.45
1.04 1.10 1.16 1.23 1.30 1.37 1.45 1.52 1.60 1.68 1.76 1.85 1.93 2.01 2.09 2.17 2.25 2.33 2.40 2.47 2.54 2.61 2.67 2.72 2.77 2.82 2.86 2.90 2.93 2.97 2.99 3.02 3.04 3.06 3.08 3.10 3.11 3.13 3.14 3.16 3.18 3.19 3.21 3.24 3.26 3.28 3.31 3.34 3.38 3.41 3.45 3.49 3.54 3.59 3.64 3.69 3.74 3.79 3.85 3.90 3.95 4.00 4.05 4.10 4.14 4.18 4.22 4.24 4.27 4.28 4.29 4.29 4.29 4.27 4.24 4.20 4.15 4.09 4.01 3.91 3.80 3.68 3.53 3.37 3.20 3.01 2.81 2.59 2.37 2.15 1.92 1.70 1.49 1.30 1.12 0.45 0.14 0.14 0.14 0.14 0.14 0.14 0.14 0.45 1.39 1.68 2.02 2.40 2.83 3.29 3.78 4.30 4.84 5.38 5.92 6.46 6.99 7.50 7.98 8.43 8.85 9.23 9.57 9.87 10.13 10.34 10.51 10.63 10.70 10.73 10.72 10.66 10.56 10.42 10.24 10.03 9.79 9.52 9.22 8.90 8.56 8.21 7.85 7.48 7.11 6.75 6.38 6.02 5.68 5.34 5.02 4.71 4.42 4.15 3.89 3.65 3.43 3.23 3.05 2.88 2.73 2.59 2.47 2.36 2.27 2.19 2.12 2.05 2.00 1.96 1.92 1.90 1.87 1.86 1.84 1.84 1.83 1.83 1.83 1.84 1.84 1.85 1.86 1.87 1.88 1.89 1.90 1.92 1.93 1.94 1.95 1.96 1.96 1.97 1.98 1.98 1.99 1.99 1.99 1.99 1.99 1.99 1.98 1.98 1.97 1.96 1.95 1.94 1.92 1.91 1.89 1.87 1.84 1.81 1.78 1.75 1.70 1.66 1.61 1.55 1.49 1.42 1.34 1.26 1.17 1.08 0.99 0.90 0.81 0.72 0.64 0.57 0.50 0.45 0.42 0.39 0.07 0.41 0.44 0.45 0.56 0.65 0.75 0.87 1.01 1.16 1.31 1.48 1.66 1.84 2.02 2.21 2.40 2.60 2.79 2.98 3.18 3.37 3.56 3.75 3.94 4.13 4.32 4.50 4.69 4.86 5.04 5.21 5.37 5.53 5.68 5.82 5.94 6.06 6.16 6.25 6.33 6.39 6.44 6.47 6.49 6.49 6.47 6.45 6.41 6.36 6.29 6.22 6.15 6.07 5.99 5.92 5.85 5.78 5.73 5.70 5.69 5.70 5.74 5.81 5.92 6.06 6.24 6.47 6.75 7.07 7.43 7.84 8.29 8.78 9.31 9.86 10.44 11.02 11.61 12.19 12.75 13.27 13.76 14.19 14.56 14.86 15.08 15.21 15.25 15.20 15.07 14.84 14.53 14.14 13.68 13.17 12.61 12.01 11.38 10.75 10.11 9.48 8.86 8.27 7.71 7.18 6.69 6.24 5.83 5.46 5.12 4.82 4.55 4.30 4.07 3.86 3.67 3.48 3.30 3.12 2.94 2.76 2.59 2.41 2.25 2.09 1.94 1.81 1.69 1.60 1.53 1.49 1.48 1.50 1.55 1.63 1.73 1.86 2.01 2.17 2.35 2.54 2.73 2.91 3.10 3.28 3.45 3.61 3.75 3.89 4.00 4.11 4.20 4.28 4.34 4.39 4.43 4.45 4.47 4.47 4.46 4.45 4.42 4.38
1.03 1.09 1.16 1.23 1.30 1.37 1.45 1.53 1.61 1.69 1.77 1.86 1.94 2.03 2.11 2.19 2.27 2.35 2.43 2.51 2.58 2.64 2.71 2.76 2.82 2.87 2.91 2.96 2.99 3.03 3.06 3.08 3.11 3.13 3.15 3.16 3.18 3.19 3.21 3.22 3.24 3.25 3.27 3.29 3.31 3.33 3.35 3.38 3.41 3.44 3.47 3.51 3.55 3.59 3.63 3.68 3.73 3.77 3.82 3.87 3.92 3.96 4.01 4.05 4.09 4.13 4.16 4.18 4.20 4.22 4.23 4.23 4.22 4.20 4.18 4.14 4.09 4.03 3.95 3.86 3.75 3.63 3.48 3.32 3.15 2.96 2.75 2.53 2.31 2.08 1.85 1.62 1.40 1.19 0.45 0.14 0.14 0.14 0.14 0.14 0.14 0.14 0.14 0.14 0.45 1.57 1.92 2.32 2.77 3.25 3.77 4.31 4.87 5.44 6.01 6.57 7.12 7.66 8.16 8.63 9.07 9.47 9.83 10.14 10.41 10.63 10.81 10.93 11.01 11.05 11.03 10.98 10.88 10.73 10.55 10.33 10.08 9.80 9.50 9.17 8.82 8.46 8.09 7.71 7.33 6.95 6.57 6.20 5.84 5.49 5.16 4.84 4.54 4.26 3.99 3.75 3.52 3.31 3.12 2.94 2.79 2.64 2.52 2.41 2.31 2.22 2.15 2.08 2.03 1.98 1.94 1.91 1.88 1.86 1.85 1.84 1.83 1.83 1.83 1.83 1.83 1.84 1.84 1.85 1.86 1.87 1.88 1.89 1.90 1.90 1.91 1.92 1.93 1.93 1.94 1.94 1.95 1.95 1.95 1.95 1.95 1.94 1.94 1.93 1.93 1.92 1.91 1.89 1.88 1.86 1.85 1.83 1.80 1.77 1.74 1.71 1.67 1.62 1.57 1.51 1.45 1.38 1.30 1.22 1.13 1.04 0.94 0.85 0.75 0.66 0.58 0.50 0.43 0.07 0.07 0.07 0.07 0.07 0.07 0.07 0.45 0.58 0.69 0.82 0.96 1.11 1.28 1.46 1.64 1.83 2.03 2.23 2.43 2.64 2.84 3.04 3.25 3.45 3.65 3.85 4.05 4.25 4.44 4.63 4.82 5.01 5.19 5.36 5.53 5.70 5.85 5.99 6.12 6.24 6.35 6.44 6.52 6.59 6.63 6.67 6.68 6.68 6.67 6.64 6.60 6.54 6.48 6.41 6.33 6.25 6.16 6.08 6.01 5.95 5.89 5.86 5.85 5.86 5.90 5.97 6.08 6.22 6.41 6.64 6.92 7.25 7.62 8.04 8.50 8.99 9.52 10.08 10.66 11.24 11.83 12.41 12.96 13.48 13.96 14.38 14.74 15.02 15.22 15.34 15.36 15.30 15.14 14.89 14.56 14.16 13.69 13.16 12.58 11.97 11.34 10.69 10.05 9.41 8.79 8.19 7.63 7.10 6.61 6.16 5.74 5.37 5.03 4.72 4.45 4.20 3.97 3.75 3.55 3.36 3.17 2.98 2.79 2.61 2.42 2.24 2.06 1.89 1.73 1.59 1.46 1.36 1.29 1.25 1.23 1.26 1.31 1.39 1.50 1.64 1.80 1.98 2.17 2.37 2.57 2.77 2.97 3.16 3.33 3.50 3.65 3.79 3.92 4.02 4.12 4.20 4.26 4.31 4.35 4.38 4.39 4.39 4.38 4.37 4.34 4.30
1.03 1.09 1.16 1.22 1.30 1.37 1.45 1.53 1.61 1.69 1.78 1.86 1.95 2.04 2.12 2.21 2.29 2.37 2.45 2.53 2.60 2.67 2.74 2.80 2.86 2.91 2.96 3.00 3.04 3.08 3.11 3.14 3.16 3.19 3.21 3.22 3.24 3.25 3.27 3.28 3.29 3.31 3.32 3.33 3.35 3.37 3.39 3.41 3.44 3.47 3.50 3.53 3.56 3.60 3.64 3.68 3.72 3.76 3.81 3.85 3.89 3.94 3.98 4.01 4.05 4.08 4.11 4.14 4.15 4.17 4.18 4.18 4.17 4.15 4.13 4.09 4.05 3.98 3.91 3.82 3.71 3.59 3.45 3.29 3.12 2.92 2.71 2.49 2.27 2.03 1.79 1.56 1.33 1.12 0.45 0.14 0.14 0.14 0.14 0.14 0.14 0.14 0.14 0.14 0.45 1.48 1.85 2.26 2.73 3.23 3.77 4.33 4.91 5.50 6.10 6.68 7.26 7.81 8.33 8.82 9.28 9.69 10.06 10.39 10.67 10.90 11.08 11.21 11.30 11.33 11.32 11.26 11.16 11.02 10.83 10.61 10.35 10.06 9.75 9.41 9.05 8.68 8.30 7.91 7.52 7.13 6.74 6.36 5.99 5.64 5.29 4.97 4.66 4.36 4.09 3.84 3.60 3.38 3.19 3.01 2.84 2.70 2.56 2.45 2.34 2.25 2.17 2.11 2.05 2.00 1.95 1.92 1.89 1.87 1.85 1.84 1.83 1.82 1.82 1.82 1.82 1.82 1.83 1.83 1.84 1.84 1.85 1.86 1.87 1.87 1.88 1.89 1.89 1.90 1.90 1.90 1.91 1.91 1.91 1.91 1.90 1.90 1.90 1.89 1.88 1.88 1.87 1.85 1.84 1.82 1.81 1.79 1.76 1.74 1.71 1.67 1.63 1.59 1.53 1.48 1.41 1.34 1.26 1.18 1.09 1.00 0.90 0.80 0.71 0.61 0.53 0.45 0.07 0.07 0.07 0.07 0.07 0.07 0.07 0.07 0.07 0.45 0.64 0.77 0.92 1.08 1.26 1.44 1.64 1.84 2.05 2.26 2.47 2.68 2.89 3.11 3.32 3.53 3.74 3.95 4.15 4.36 4.56 4.76 4.96 5.15 5.34 5.52 5.69 5.86 6.02 6.16 6.30 6.42 6.53 6.63 6.71 6.77 6.82 6.85 6.87 6.87 6.85 6.82 6.78 6.72 6.65 6.58 6.49 6.41 6.32 6.24 6.16 6.10 6.04 6.00 5.99 6.00 6.04 6.11 6.22 6.37 6.56 6.80 7.08 7.41 7.79 8.21 8.67 9.17 9.71 10.27 10.85 11.43 12.02 12.59 13.14 13.65 14.12 14.53 14.88 15.14 15.33 15.43 15.44 15.35 15.18 14.91 14.57 14.15 13.66 13.12 12.53 11.92 11.27 10.62 9.97 9.33 8.71 8.11 7.54 7.01 6.52 6.07 5.66 5.28 4.94 4.64 4.36 4.11 3.87 3.65 3.45 3.25 3.05 2.86 2.66 2.47 2.27 2.08 1.89 1.71 1.54 1.39 1.26 1.15 1.07 1.02 0.45 1.03 1.09 1.17 1.29 1.44 1.61 1.80 2.00 2.21 2.42 2.63 2.84 3.04 3.22 3.40 3.56 3.70 3.83 3.94 4.03 4.11 4.18 4.23 4.27 4.29 4.31 4.31 4.30 4.28 4.25 4.22
1.02 1.08 1.15 1.22 1.29 1.37 1.45 1.53 1.61 1.70 1.78 1.87 1.96 2.05 2.13 2.22 2.31 2.39 2.47 2.55 2.63 2.70 2.77 2.83 2.89 2.95 3.00 3.04 3.09 3.12 3.16 3.19 3.21 3.24 3.26 3.27 3.29 3.30 3.32 3.33 3.34 3.35 3.37 3.38 3.40 3.41 3.43 3.45 3.47 3.49 3.52 3.55 3.58 3.61 3.65 3.69 3.72 3.76 3.80 3.84 3.88 3.92 3.95 3.99 4.02 4.05 4.08 4.10 4.12 4.13 4.14 4.14 4.13 4.12 4.09 4.06 4.01 3.95 3.88 3.79 3.69 3.57 3.43 3.27 3.10 2.91 2.70 2.48 2.25 2.01 1.77 1.53 1.30 1.08 0.45 0.14 0.14 0.14 0.14 0.14 0.14 0.14 0.14 0.14 0.45 1.44 1.82 2.24 2.72 3.23 3.79 4.37 4.97 5.58 6.19 6.79 7.38 7.95 8.49 9.00 9.47 9.89 10.27 10.61 10.90 11.13 11.32 11.46 11.55 11.59 11.57 11.52 11.41 11.27 11.08 10.85 10.59 10.29 9.97 9.63 9.26 8.88 8.49 8.10 7.70 7.30 6.90 6.51 6.13 5.77 5.41 5.08 4.76 4.46 4.18 3.92 3.68 3.45 3.25 3.06 2.90 2.74 2.61 2.49 2.38 2.29 2.20 2.13 2.07 2.02 1.97 1.93 1.90 1.87 1.85 1.84 1.83 1.82 1.81 1.81 1.81 1.81 1.81 1.81 1.82 1.82 1.83 1.83 1.84 1.84 1.85 1.85 1.86 1.86 1.86 1.87 1.87 1.87 1.87 1.87 1.86 1.86 1.86 1.85 1.84 1.84 1.83 1.81 1.80 1.79 1.77 1.75 1.73 1.70 1.67 1.64 1.60 1.56 1.50 1.45 1.38 1.31 1.23 1.15 1.06 0.97 0.87 0.77 0.67 0.58 0.49 0.41 0.07 0.07 0.07 0.07 0.07 0.07 0.07 0.07 0.07 0.45 0.60 0.74 0.89 1.06 1.25 1.44 1.65 1.86 2.07 2.29 2.51 2.73 2.95 3.18 3.40 3.62 3.83 4.05 4.26 4.47 4.68 4.89 5.09 5.29 5.48 5.66 5.84 6.01 6.18 6.33 6.47 6.59 6.71 6.80 6.88 6.95 7.00 7.03 7.04 7.04 7.02 6.99 6.94 6.88 6.81 6.74 6.65 6.56 6.47 6.38 6.30 6.23 6.18 6.14 6.12 6.13 6.17 6.24 6.35 6.50 6.69 6.93 7.22 7.55 7.93 8.36 8.82 9.33 9.86 10.42 11.00 11.59 12.17 12.74 13.28 13.78 14.24 14.64 14.97 15.23 15.40 15.48 15.47 15.37 15.18 14.90 14.54 14.11 13.61 13.06 12.47 11.84 11.19 10.54 9.88 9.24 8.62 8.02 7.45 6.93 6.43 5.98 5.57 5.20 4.86 4.55 4.28 4.02 3.79 3.57 3.36 3.15 2.95 2.75 2.55 2.35 2.14 1.94 1.74 1.55 1.37 1.21 1.07 0.45 0.45 0.45 0.04 0.45 0.45 0.45 1.10 1.26 1.43 1.63 1.84 2.06 2.28 2.51 2.72 2.93 3.12 3.30 3.46 3.61 3.74 3.85 3.95 4.03 4.10 4.15 4.18 4.21 4.22 4.22 4.21 4.19 4.16 4.13
1.01 1.08 1.14 1.21 1.29 1.36 1.44 1.53 1.61 1.70 1.78 1.87 1.96 2.05 2.14 2.23 2.32 2.40 2.48 2.57 2.64 2.72 2.79 2.85 2.92 2.97 3.03 3.08 3.12 3.16 3.20 3.23 3.26 3.28 3.30 3.32 3.34 3.35 3.36 3.38 3.39 3.40 3.41 3.42 3.44 3.45 3.47 3.49 3.50 3.53 3.55 3.58 3.60 3.63 3.67 3.70 3.73 3.77 3.80 3.84 3.87 3.91 3.94 3.97 4.00 4.03 4.06 4.08 4.09 4.11 4.11 4.11 4.11 4.09 4.07 4.04 3.99 3.94 3.87 3.78 3.68 3.56 3.43 3.27 3.10 2.91 2.70 2.48 2.25 2.01 1.77 1.53 1.29 0.45 0.14 0.14 0.14 0.14 0.14 0.14 0.14 0.14 0.14 0.14 0.14 0.45 1.82 2.26 2.74 3.27 3.84 4.43 5.04 5.66 6.28 6.90 7.50 8.08 8.64 9.15 9.63 10.07 10.46 10.80 11.09 11.34 11.53 11.67 11.76 11.80 11.79 11.73 11.63 11.48 11.29 11.06 10.79 10.49 10.17 9.82 9.45 9.06 8.66 8.26 7.85 7.44 7.04 6.64 6.26 5.88 5.52 5.18 4.86 4.55 4.26 4.00 3.75 3.52 3.31 3.12 2.95 2.79 2.65 2.53 2.42 2.32 2.23 2.16 2.09 2.03 1.99 1.94 1.91 1.88 1.86 1.84 1.82 1.81 1.81 1.80 1.80 1.79 1.79 1.80 1.80 1.80 1.80 1.81 1.81 1.82 1.82 1.82 1.83 1.83 1.83 1.83 1.83 1.83 1.83 1.83 1.83 1.82 1.82 1.81 1.81 1.80 1.79 1.78 1.76 1.75 1.73 1.72 1.69 1.67 1.64 1.61 1.57 1.53 1.48 1.42 1.36 1.29 1.21 1.13 1.04 0.95 0.85 0.75 0.65 0.56 0.46 0.38 0.07 0.07 0.07 0.07 0.07 0.07 0.07 0.07 0.07 0.45 0.58 0.73 0.89 1.06 1.25 1.45 1.66 1.88 2.11 2.33 2.56 2.79 3.02 3.25 3.48 3.70 3.93 4.15 4.37 4.59 4.80 5.01 5.22 5.42 5.62 5.81 5.99 6.16 6.33 6.48 6.63 6.75 6.87 6.97 7.05 7.12 7.16 7.20 7.21 7.21 7.19 7.15 7.10 7.04 6.96 6.88 6.79 6.70 6.61 6.52 6.43 6.36 6.30 6.26 6.23 6.24 6.28 6.35 6.46 6.61 6.80 7.05 7.33 7.67 8.05 8.48 8.95 9.45 9.99 10.55 11.13 11.71 12.28 12.85 13.38 13.88 14.32 14.71 15.03 15.27 15.42 15.49 15.47 15.35 15.15 14.85 14.48 14.04 13.53 12.98 12.38 11.74 11.10 10.44 9.78 9.14 8.52 7.93 7.36 6.84 6.35 5.90 5.49 5.12 4.78 4.48 4.20 3.95 3.71 3.49 3.28 3.07 2.87 2.66 2.45 2.24 2.03 1.82 1.61 1.42 1.23 1.06 0.45 0.04 0.04 0.04 0.04 0.04 0.04 0.04 0.45 1.10 1.28 1.49 1.71 1.93 2.16 2.39 2.62 2.83 3.03 3.21 3.38 3.53 3.66 3.77 3.87 3.95 4.01 4.06 4.10 4.12 4.13 4.13 4.12 4.10 4.07 4.04
1.00 1.07 1.14 1.21 1.28 1.36 1.44 1.52 1.60 1.69 1.78 1.87 1.96 2.05 2.14 2.23 2.32 2.41 2.49 2.57 2.65 2.73 2.80 2.87 2.94 3.00 3.05 3.10 3.15 3.19 3.23 3.26 3.29 3.32 3.34 3.36 3.38 3.39 3.41 3.42 3.43 3.44 3.45 3.46 3.48 3.49 3.51 3.52 3.54 3.56 3.58 3.61 3.63 3.66 3.69 3.72 3.75 3.78 3.81 3.85 3.88 3.91 3.94 3.97 4.00 4.02 4.05 4.07 4.08 4.09 4.10 4.10 4.09 4.08 4.06 4.03 3.99 3.93 3.87 3.79 3.69 3.57 3.44 3.29 3.12 2.93 2.73 2.51 2.28 2.04 1.80 1.56 1.33 1.11 0.45 0.14 0.14 0.14 0.14 0.14 0.14 0.14 0.14 0.14 0.45 1.49 1.88 2.32 2.81 3.34 3.91 4.51 5.13 5.76 6.39 7.01 7.62 8.21 8.77 9.29 9.78 10.22 10.61 10.96 11.26 11.50 11.70 11.84 11.94 11.98 11.97 11.91 11.81 11.66 11.46 11.23 10.96 10.66 10.33 9.98 9.60 9.21 8.81 8.40 7.98 7.57 7.16 6.76 6.37 5.99 5.62 5.27 4.94 4.63 4.34 4.07 3.81 3.58 3.37 3.17 3.00 2.84 2.69 2.56 2.45 2.35 2.26 2.18 2.11 2.05 2.00 1.96 1.92 1.89 1.86 1.84 1.83 1.81 1.80 1.79 1.79 1.78 1.78 1.78 1.78 1.78 1.78 1.79 1.79 1.79 1.79 1.79 1.80 1.80 1.80 1.80 1.80 1.80 1.80 1.79 1.79 1.79 1.78 1.78 1.77 1.76 1.75 1.74 1.73 1.72 1.70 1.68 1.66 1.64 1.61 1.58 1.55 1.50 1.46 1.40 1.34 1.27 1.20 1.12 1.03 0.94 0.84 0.74 0.64 0.55 0.45 0.07 0.07 0.07 0.07 0.07 0.07 0.07 0.07 0.07 0.07 0.07 0.45 0.73 0.90 1.08 1.27 1.48 1.70 1.92 2.15 2.39 2.62 2.86 3.10 3.33 3.57 3.80 4.03 4.25 4.48 4.70 4.92 5.13 5.34 5.55 5.75 5.94 6.13 6.31 6.47 6.63 6.77 6.90 7.02 7.12 7.20 7.27 7.32 7.35 7.36 7.36 7.33 7.30 7.24 7.18 7.10 7.02 6.92 6.83 6.73 6.64 6.55 6.47 6.40 6.36 6.34 6.34 6.38 6.44 6.55 6.70 6.90 7.14 7.43 7.76 8.15 8.57 9.04 9.55 10.08 10.64 11.21 11.79 12.36 12.92 13.44 13.93 14.37 14.74 15.04 15.27 15.41 15.47 15.43 15.30 15.08 14.78 14.40 13.95 13.43 12.87 12.27 11.63 10.98 10.33 9.68 9.04 8.42 7.83 7.27 6.75 6.27 5.82 5.42 5.05 4.72 4.41 4.14 3.88 3.65 3.43 3.21 3.00 2.79 2.58 2.37 2.16 1.94 1.72 1.51 1.30 1.11 0.45 0.04 0.04 0.04 0.04 0.04 0.04 0.04 0.04 0.04 0.45 1.16 1.37 1.60 1.83 2.06 2.30 2.53 2.74 2.94 3.13 3.30 3.45 3.58 3.69 3.79 3.87 3.93 3.98 4.01 4.03 4.04 4.04 4.03 4.01 3.98 3.95
0.99 1.06 1.13 1.20 1.27 1.35 1.43 1.51 1.60 1.68 1.77 1.86 1.96 2.05 2.14 2.23 2.32 2.41 2.49 2.58 2.66 2.74 2.81 2.88 2.95 3.01 3.07 3.12 3.17 3.21 3.25 3.29 3.32 3.35 3.37 3.39 3.41 3.43 3.44 3.46 3.47 3.48 3.49 3.50 3.52 3.53 3.54 3.56 3.58 3.60 3.62 3.64 3.66 3.69 3.71 3.74 3.77 3.80 3.83 3.86 3.89 3.92 3.95 3.98 4.00 4.03 4.05 4.07 4.08 4.09 4.10 4.10 4.09 4.08 4.06 4.03 3.99 3.94 3.88 3.80 3.71 3.60 3.47 3.32 3.16 2.97 2.77 2.56 2.33 2.10 1.86 1.62 1.39 1.17 0.45 0.14 0.14 0.14 0.14 0.14 0.14 0.14 0.14 0.14 0.45 1.58 1.97 2.42 2.91 3.45 4.02 4.62 5.24 5.87 6.50 7.13 7.74 8.33 8.89 9.41 9.90 10.34 10.74 11.09 11.39 11.64 11.83 11.98 12.07 12.11 12.10 12.05 11.94 11.79 11.60 11.36 11.09 10.79 10.46 10.10 9.72 9.33 8.92 8.51 8.09 7.67 7.26 6.85 6.46 6.07 5.71 5.35 5.02 4.70 4.41 4.13 3.87 3.64 3.42 3.22 3.04 2.88 2.73 2.60 2.48 2.38 2.29 2.20 2.13 2.07 2.02 1.97 1.93 1.90 1.87 1.85 1.83 1.81 1.80 1.79 1.78 1.77 1.77 1.77 1.77 1.77 1.76 1.77 1.77 1.77 1.77 1.77 1.77 1.77 1.77 1.77 1.77 1.77 1.76 1.76 1.76 1.75 1.75 1.74 1.73 1.73 1.72 1.71 1.70 1.69 1.67 1.65 1.63 1.61 1.59 1.56 1.52 1.48 1.44 1.38 1.33 1.26 1.19 1.11 1.02 0.93 0.84 0.74 0.65 0.55 0.47 0.38 0.07 0.07 0.07 0.07 0.07 0.07 0.07 0.07 0.07 0.45 0.61 0.76 0.92 1.11 1.31 1.52 1.75 1.98 2.21 2.45 2.70 2.94 3.18 3.42 3.66 3.89 4.13 4.36 4.59 4.81 5.03 5.25 5.46 5.67 5.88 6.07 6.26 6.44 6.61 6.77 6.91 7.04 7.16 7.26 7.34 7.41 7.46 7.49 7.50 7.49 7.47 7.43 7.37 7.30 7.22 7.13 7.04 6.94 6.84 6.74 6.65 6.57 6.50 6.45 6.42 6.42 6.46 6.52 6.63 6.78 6.97 7.21 7.50 7.83 8.22 8.64 9.11 9.61 10.14 10.70 11.27 11.84 12.40 12.95 13.47 13.94 14.37 14.73 15.02 15.23 15.36 15.40 15.35 15.21 14.98 14.67 14.28 13.83 13.31 12.74 12.14 11.51 10.86 10.21 9.56 8.92 8.31 7.73 7.18 6.66 6.18 5.75 5.35 4.98 4.65 4.35 4.08 3.83 3.60 3.37 3.16 2.95 2.74 2.53 2.31 2.09 1.87 1.65 1.43 1.22 1.02 0.45 0.04 0.04 0.04 0.04 0.04 0.04 0.04 0.04 0.04 0.45 1.07 1.28 1.51 1.75 1.99 2.22 2.45 2.67 2.87 3.06 3.23 3.38 3.51 3.62 3.71 3.79 3.85 3.89 3.92 3.94 3.95 3.95 3.94 3.92 3.89 3.85
0.98 1.05 1.12 1.19 1.26 1.34 1.42 1.50 1.59 1.68 1.76 1.86 1.95 2.04 2.13 2.22 2.31 2.40 2.49 2.58 2.66 2.74 2.81 2.88 2.95 3.02 3.08 3.13 3.18 3.23 3.27 3.30 3.34 3.37 3.39 3.42 3.44 3.46 3.47 3.49 3.50 3.51 3.53 3.54 3.55 3.57 3.58 3.60 3.61 3.63 3.65 3.67 3.70 3.72 3.75 3.77 3.80 3.83 3.86 3.89 3.91 3.94 3.97 3.99 4.02 4.04 4.06 4.08 4.09 4.10 4.11 4.11 4.10 4.09 4.08 4.05 4.01 3.96 3.90 3.83 3.74 3.63 3.51 3.37 3.21 3.03 2.84 2.63 2.41 2.18 1.95 1.72 1.49 1.28 0.45 0.14 0.14 0.14 0.14 0.14 0.14 0.14 0.14 0.14 0.45 1.73 2.12 2.56 3.05 3.58 4.15 4.75 5.36 5.99 6.62 7.24 7.85 8.43 8.99 9.51 9.99 10.44 10.83 11.18 11.48 11.73 11.92 12.07 12.16 12.21 12.20 12.14 12.04 11.89 11.69 11.46 11.19 10.88 10.55 10.19 9.81 9.42 9.01 8.59 8.17 7.76 7.34 6.93 6.53 6.15 5.77 5.42 5.08 4.76 4.46 4.19 3.93 3.69 3.47 3.27 3.08 2.92 2.77 2.63 2.51 2.41 2.31 2.23 2.15 2.09 2.03 1.99 1.94 1.91 1.88 1.85 1.83 1.81 1.80 1.79 1.78 1.77 1.76 1.76 1.75 1.75 1.75 1.75 1.75 1.75 1.74 1.74 1.74 1.74 1.74 1.74 1.74 1.74 1.73 1.73 1.73 1.72 1.72 1.71 1.70 1.70 1.69 1.68 1.67 1.66 1.64 1.63 1.61 1.59 1.56 1.54 1.50 1.47 1.42 1.37 1.32 1.26 1.19 1.11 1.03 0.94 0.85 0.76 0.67 0.58 0.49 0.41 0.07 0.07 0.07 0.07 0.07 0.07 0.07 0.07 0.07 0.45 0.65 0.80 0.97 1.16 1.37 1.59 1.81 2.05 2.29 2.53 2.78 3.03 3.27 3.52 3.76 4.00 4.23 4.47 4.70 4.92 5.15 5.37 5.58 5.79 6.00 6.19 6.38 6.56 6.73 6.89 7.04 7.17 7.29 7.39 7.47 7.53 7.58 7.61 7.62 7.61 7.58 7.54 7.48 7.41 7.33 7.24 7.14 7.03 6.93 6.83 6.73 6.65 6.58 6.52 6.49 6.49 6.52 6.58 6.69 6.83 7.02 7.26 7.55 7.88 8.26 8.68 9.15 9.64 10.17 10.72 11.28 11.85 12.40 12.94 13.45 13.91 14.32 14.67 14.95 15.16 15.27 15.30 15.24 15.09 14.85 14.53 14.14 13.68 13.16 12.59 11.99 11.36 10.72 10.07 9.43 8.81 8.20 7.62 7.08 6.57 6.10 5.67 5.28 4.92 4.60 4.30 4.03 3.78 3.55 3.33 3.12 2.91 2.70 2.48 2.27 2.05 1.83 1.60 1.38 1.17 0.97 0.45 0.04 0.04 0.04 0.04 0.04 0.04 0.04 0.04 0.04 0.45 1.01 1.22 1.45 1.69 1.93 2.17 2.40 2.61 2.81 3.00 3.16 3.31 3.44 3.55 3.64 3.71 3.77 3.81 3.84 3.86 3.86 3.86 3.85 3.82 3.80 3.76
0.97 1.04 1.10 1.17 1.25 1.33 1.41 1.49 1.58 1.66 1.75 1.84 1.94 2.03 2.12 2.21 2.30 2.39 2.48 2.57 2.65 2.73 2.81 2.88 2.95 3.02 3.08 3.13 3.19 3.23 3.28 3.32 3.35 3.38 3.41 3.44 3.46 3.48 3.50 3.52 3.53 3.55 3.56 3.57 3.59 3.60 3.62 3.64 3.65 3.67 3.69 3.71 3.74 3.76 3.78 3.81 3.84 3.86 3.89 3.92 3.94 3.97 4.00 4.02 4.04 4.06 4.08 4.10 4.11 4.12 4.13 4.13 4.13 4.12 4.10 4.08 4.04 4.00 3.94 3.87 3.78 3.68 3.57 3.43 3.28 3.11 2.92 2.72 2.51 2.29 2.07 1.84 1.63 1.42 1.24 0.45 0.14 0.14 0.14 0.14 0.14 0.14 0.14 0.45 1.58 1.91 2.30 2.74 3.22 3.75 4.31 4.90 5.50 6.12 6.74 7.35 7.95 8.52 9.07 9.59 10.07 10.50 10.89 11.24 11.53 11.78 11.98 12.12 12.21 12.26 12.25 12.19 12.09 11.94 11.74 11.51 11.24 10.94 10.61 10.25 9.87 9.47 9.07 8.65 8.23 7.81 7.40 6.99 6.59 6.20 5.83 5.47 5.13 4.81 4.51 4.23 3.97 3.73 3.51 3.31 3.12 2.95 2.80 2.67 2.54 2.43 2.34 2.25 2.18 2.11 2.05 2.00 1.96 1.92 1.89 1.86 1.84 1.82 1.80 1.78 1.77 1.76 1.75 1.75 1.74 1.74 1.73 1.73 1.73 1.73 1.72 1.72 1.72 1.72 1.72 1.71 1.71 1.71 1.70 1.70 1.70 1.69 1.69 1.68 1.67 1.67 1.66 1.65 1.64 1.63 1.62 1.60 1.58 1.57 1.54 1.52 1.49 1.45 1.41 1.37 1.31 1.26 1.19 1.12 1.04 0.96 0.88 0.79 0.70 0.61 0.53 0.45 0.07 0.07 0.07 0.07 0.07 0.07 0.07 0.07 0.07 0.45 0.72 0.87 1.05 1.24 1.45 1.67 1.90 2.14 2.38 2.63 2.88 3.13 3.37 3.62 3.86 4.10 4.34 4.58 4.81 5.04 5.26 5.48 5.70 5.91 6.11 6.31 6.50 6.68 6.85 7.01 7.15 7.28 7.40 7.50 7.58 7.64 7.69 7.71 7.72 7.71 7.68 7.64 7.58 7.50 7.42 7.32 7.22 7.11 7.01 6.90 6.80 6.71 6.64 6.58 6.55 6.54 6.57 6.63 6.73 6.87 7.06 7.29 7.57 7.90 8.28 8.69 9.15 9.64 10.17 10.71 11.26 11.82 12.36 12.89 13.39 13.84 14.24 14.58 14.85 15.04 15.14 15.16 15.09 14.93 14.69 14.37 13.97 13.51 12.99 12.43 11.83 11.21 10.57 9.93 9.30 8.68 8.09 7.52 6.98 6.49 6.03 5.60 5.22 4.87 4.55 4.26 3.99 3.75 3.52 3.30 3.09 2.88 2.67 2.46 2.25 2.03 1.80 1.58 1.36 1.15 0.45 0.04 0.04 0.04 0.04 0.04 0.04 0.04 0.04 0.04 0.04 0.04 0.45 1.20 1.43 1.66 1.90 2.13 2.36 2.57 2.77 2.95 3.11 3.25 3.38 3.48 3.57 3.64 3.69 3.73 3.76 3.77 3.77 3.77 3.75 3.73 3.70 3.67
0.96 1.02 1.09 1.16 1.24 1.31 1.39 1.47 1.56 1.65 1.74 1.83 1.92 2.01 2.10 2.20 2.29 2.38 2.47 2.56 2.64 2.72 2.80 2.87 2.94 3.01 3.07 3.13 3.19 3.24 3.28 3.32 3.36 3.40 3.43 3.45 3.48 3.50 3.52 3.54 3.56 3.58 3.59 3.61 3.62 3.64 3.66 3.67 3.69 3.71 3.73 3.75 3.78 3.80 3.83 3.85 3.88 3.90 3.93 3.96 3.98 4.01 4.03 4.06 4.08 4.10 4.12 4.13 4.15 4.15 4.16 4.16 4.16 4.15 4.14 4.11 4.08 4.04 3.99 3.92 3.84 3.75 3.63 3.51 3.36 3.20 3.02 2.83 2.63 2.42 2.21 2.00 1.79 1.60 1.42 1.27 0.45 0.45 0.45 0.14 0.45 0.45 0.45 1.54 1.82 2.14 2.52 2.95 3.43 3.94 4.49 5.06 5.65 6.26 6.86 7.46 8.04 8.60 9.14 9.64 10.11 10.54 10.92 11.26 11.55 11.80 11.99 12.13 12.22 12.26 12.26 12.20 12.10 11.95 11.76 11.52 11.26 10.96 10.63 10.27 9.89 9.50 9.10 8.68 8.26 7.85 7.43 7.02 6.63 6.24 5.87 5.51 5.17 4.85 4.55 4.27 4.01 3.77 3.55 3.34 3.16 2.99 2.83 2.70 2.57 2.46 2.36 2.28 2.20 2.13 2.07 2.02 1.97 1.93 1.90 1.87 1.84 1.82 1.80 1.79 1.77 1.76 1.75 1.74 1.73 1.73 1.72 1.72 1.71 1.71 1.71 1.70 1.70 1.70 1.69 1.69 1.69 1.68 1.68 1.67 1.67 1.66 1.66 1.65 1.65 1.64 1.63 1.62 1.61 1.60 1.59 1.58 1.56 1.55 1.52 1.50 1.47 1.44 1.40 1.36 1.31 1.26 1.20 1.13 1.06 0.99 0.91 0.83 0.74 0.66 0.58 0.51 0.45 0.07 0.07 0.07 0.07 0.07 0.07 0.07 0.45 0.67 0.81 0.96 1.14 1.33 1.54 1.77 2.00 2.24 2.49 2.74 2.99 3.24 3.49 3.73 3.98 4.22 4.46 4.69 4.92 5.15 5.37 5.59 5.81 6.02 6.22 6.42 6.61 6.79 6.95 7.11 7.25 7.38 7.50 7.59 7.67 7.74 7.78 7.80 7.81 7.80 7.77 7.72 7.66 7.58 7.49 7.39 7.29 7.18 7.06 6.96 6.85 6.76 6.68 6.62 6.58 6.57 6.60 6.65 6.75 6.89 7.07 7.30 7.57 7.90 8.27 8.68 9.13 9.61 10.13 10.66 11.20 11.75 12.28 12.80 13.28 13.72 14.11 14.44 14.70 14.88 14.97 14.98 14.91 14.74 14.50 14.17 13.78 13.32 12.80 12.24 11.65 11.04 10.41 9.78 9.16 8.55 7.97 7.41 6.89 6.40 5.95 5.53 5.16 4.81 4.50 4.22 3.96 3.72 3.50 3.28 3.08 2.87 2.66 2.46 2.24 2.03 1.81 1.59 1.37 1.16 0.96 0.45 0.04 0.04 0.04 0.04 0.04 0.04 0.04 0.04 0.04 0.45 0.99 1.20 1.43 1.66 1.89 2.12 2.34 2.55 2.74 2.91 3.07 3.20 3.32 3.42 3.50 3.57 3.62 3.65 3.68 3.69 3.69 3.68 3.67 3.64 3.61 3.57
0.95 1.01 1.08 1.15 1.22 1.30 1.38 1.46 1.54 1.63 1.72 1.81 1.90 1.99 2.09 2.18 2.27 2.36 2.45 2.54 2.62 2.70 2.78 2.86 2.93 3.00 3.06 3.12 3.18 3.23 3.28 3.32 3.36 3.40 3.43 3.46 3.49 3.52 3.54 3.56 3.58 3.60 3.62 3.64 3.66 3.67 3.69 3.71 3.73 3.75 3.78 3.80 3.82 3.85 3.87 3.90 3.92 3.95 3.98 4.00 4.03 4.05 4.08 4.10 4.12 4.14 4.16 4.17 4.19 4.20 4.20 4.20 4.20 4.19 4.18 4.16 4.13 4.09 4.04 3.98 3.91 3.82 3.71 3.59 3.46 3.31 3.14 2.96 2.77 2.58 2.38 2.18 1.98 1.80 1.64 1.50 1.39 1.31 1.28 0.45 1.34 1.44 1.60 1.81 2.08 2.40 2.77 3.19 3.65 4.15 4.68 5.24 5.81 6.39 6.98 7.56 8.12 8.67 9.19 9.68 10.13 10.55 10.92 11.25 11.53 11.77 11.96 12.10 12.19 12.23 12.22 12.16 12.06 11.91 11.73 11.50 11.23 10.94 10.61 10.26 9.88 9.50 9.09 8.68 8.27 7.86 7.45 7.04 6.65 6.26 5.89 5.54 5.20 4.88 4.58 4.30 4.04 3.80 3.58 3.37 3.19 3.02 2.86 2.73 2.60 2.49 2.39 2.30 2.22 2.15 2.09 2.04 1.99 1.95 1.91 1.88 1.85 1.83 1.81 1.79 1.77 1.76 1.75 1.74 1.73 1.72 1.71 1.71 1.70 1.70 1.69 1.69 1.68 1.68 1.67 1.67 1.66 1.66 1.65 1.65 1.64 1.64 1.63 1.63 1.62 1.61 1.61 1.60 1.59 1.58 1.57 1.56 1.54 1.53 1.51 1.49 1.46 1.43 1.40 1.36 1.32 1.27 1.22 1.16 1.09 1.02 0.95 0.87 0.80 0.72 0.65 0.59 0.53 0.45 0.45 0.43 0.07 0.45 0.45 0.45 0.67 0.78 0.92 1.08 1.26 1.45 1.66 1.89 2.12 2.36 2.61 2.86 3.11 3.36 3.61 3.85 4.10 4.34 4.58 4.81 5.04 5.26 5.49 5.70 5.92 6.12 6.32 6.52 6.70 6.88 7.05 7.20 7.34 7.47 7.58 7.67 7.75 7.81 7.85 7.87 7.88 7.86 7.83 7.78 7.71 7.63 7.54 7.44 7.33 7.22 7.11 6.99 6.89 6.79 6.71 6.65 6.61 6.59 6.61 6.66 6.75 6.88 7.06 7.28 7.55 7.87 8.23 8.63 9.07 9.55 10.05 10.57 11.11 11.64 12.16 12.67 13.14 13.57 13.95 14.26 14.51 14.68 14.76 14.77 14.69 14.52 14.27 13.95 13.55 13.10 12.59 12.04 11.46 10.85 10.24 9.62 9.01 8.42 7.84 7.30 6.79 6.31 5.87 5.47 5.10 4.77 4.46 4.19 3.94 3.70 3.48 3.27 3.07 2.87 2.67 2.47 2.26 2.05 1.83 1.62 1.40 1.20 1.00 0.45 0.04 0.04 0.04 0.04 0.04 0.04 0.04 0.04 0.04 0.45 1.03 1.24 1.46 1.68 1.90 2.12 2.34 2.53 2.72 2.89 3.03 3.16 3.27 3.37 3.44 3.50 3.55 3.58 3.60 3.61 3.61 3.60 3.58 3.55 3.52 3.49
0.93 0.99 1.06 1.13 1.20 1.28 1.36 1.44 1.52 1.61 1.70 1.79 1.88 1.97 2.06 2.15 2.25 2.34 2.43 2.51 2.60 2.68 2.76 2.84 2.91 2.98 3.05 3.11 3.17 3.22 3.27 3.32 3.36 3.40 3.44 3.47 3.50 3.53 3.55 3.58 3.60 3.62 3.64 3.67 3.69 3.71 3.73 3.75 3.77 3.80 3.82 3.84 3.87 3.90 3.92 3.95 3.97 4.00 4.03 4.05 4.08 4.10 4.13 4.15 4.17 4.19 4.21 4.22 4.24 4.25 4.25 4.26 4.25 4.25 4.23 4.22 4.19 4.15 4.11 4.05 3.98 3.90 3.80 3.69 3.57 3.43 3.27 3.10 2.93 2.75 2.56 2.38 2.20 2.03 1.88 1.75 1.65 1.59 1.56 1.57 1.63 1.74 1.90 2.11 2.37 2.68 3.04 3.45 3.89 4.38 4.89 5.42 5.97 6.53 7.09 7.65 8.19 8.71 9.21 9.68 10.12 10.52 10.88 11.20 11.48 11.71 11.89 12.03 12.11 12.15 12.14 12.09 11.99 11.84 11.66 11.43 11.17 10.88 10.56 10.21 9.84 9.46 9.06 8.66 8.25 7.84 7.44 7.04 6.65 6.27 5.90 5.55 5.22 4.90 4.61 4.33 4.07 3.83 3.61 3.40 3.22 3.05 2.89 2.75 2.63 2.52 2.41 2.32 2.24 2.17 2.11 2.05 2.01 1.96 1.92 1.89 1.86 1.84 1.81 1.79 1.78 1.76 1.75 1.73 1.72 1.71 1.71 1.70 1.69 1.68 1.68 1.67 1.67 1.66 1.66 1.65 1.64 1.64 1.63 1.63 1.62 1.62 1.61 1.60 1.60 1.59 1.58 1.58 1.57 1.56 1.55 1.54 1.53 1.51 1.50 1.48 1.46 1.43 1.40 1.37 1.33 1.29 1.24 1.18 1.13 1.06 1.00 0.93 0.86 0.80 0.73 0.67 0.62 0.58 0.56 0.55 0.45 0.58 0.63 0.70 0.79 0.91 1.05 1.21 1.39 1.59 1.80 2.03 2.26 2.50 2.75 3.00 3.25 3.50 3.74 3.99 4.23 4.47 4.70 4.93 5.16 5.38 5.60 5.81 6.02 6.22 6.42 6.61 6.79 6.97 7.13 7.28 7.42 7.54 7.65 7.74 7.81 7.87 7.91 7.93 7.93 7.91 7.87 7.82 7.75 7.67 7.58 7.47 7.36 7.25 7.13 7.02 6.91 6.81 6.72 6.65 6.61 6.59 6.60 6.65 6.74 6.86 7.03 7.25 7.51 7.81 8.17 8.56 8.99 9.45 9.95 10.45 10.97 11.49 12.00 12.49 12.95 13.37 13.74 14.04 14.28 14.44 14.52 14.52 14.43 14.27 14.02 13.70 13.31 12.86 12.36 11.82 11.25 10.66 10.05 9.45 8.86 8.28 7.72 7.19 6.69 6.23 5.80 5.41 5.05 4.73 4.43 4.16 3.92 3.69 3.48 3.28 3.08 2.88 2.69 2.49 2.29 2.09 1.88 1.67 1.46 1.26 1.08 0.45 0.04 0.04 0.04 0.04 0.04 0.04 0.04 0.04 0.04 0.45 1.11 1.30 1.51 1.72 1.94 2.15 2.35 2.54 2.71 2.87 3.01 3.13 3.23 3.32 3.39 3.44 3.48 3.51 3.52 3.53 3.52 3.51 3.49 3.47 3.44 3.40
0.92 0.98 1.04 1.11 1.18 1.26 1.34 1.42 1.50 1.59 1.67 1.76 1.85 1.94 2.04 2.13 2.22 2.31 2.40 2.49 2.57 2.66 2.74 2.81 2.89 2.96 3.03 3.09 3.15 3.21 3.26 3.31 3.35 3.39 3.43 3.47 3.50 3.53 3.56 3.59 3.62 3.64 3.67 3.69 3.72 3.74 3.76 3.79 3.81 3.84 3.87 3.89 3.92 3.95 3.97 4.00 4.03 4.06 4.08 4.11 4.14 4.16 4.19 4.21 4.23 4.25 4.27 4.28 4.29 4.30 4.31 4.31 4.31 4.31 4.30 4.28 4.26 4.22 4.18 4.13 4.07 3.99 3.90 3.80 3.68 3.55 3.41 3.26 3.10 2.93 2.76 2.59 2.43 2.28 2.14 2.03 1.94 1.89 1.87 1.89 1.95 2.06 2.22 2.43 2.68 2.98 3.33 3.72 4.15 4.61 5.09 5.60 6.13 6.66 7.19 7.72 8.24 8.74 9.22 9.67 10.09 10.47 10.82 11.13 11.39 11.61 11.79 11.92 12.00 12.04 12.03 11.97 11.87 11.73 11.55 11.33 11.07 10.79 10.47 10.13 9.77 9.40 9.01 8.61 8.21 7.81 7.41 7.02 6.63 6.26 5.90 5.55 5.22 4.91 4.62 4.34 4.09 3.85 3.63 3.43 3.24 3.07 2.92 2.78 2.65 2.54 2.44 2.35 2.27 2.20 2.13 2.07 2.02 1.98 1.94 1.90 1.87 1.85 1.82 1.80 1.78 1.76 1.75 1.73 1.72 1.71 1.70 1.69 1.68 1.67 1.67 1.66 1.65 1.65 1.64 1.63 1.63 1.62 1.62 1.61 1.60 1.60 1.59 1.58 1.58 1.57 1.56 1.56 1.55 1.54 1.53 1.52 1.51 1.50 1.49 1.47 1.45 1.43 1.40 1.37 1.34 1.30 1.26 1.22 1.17 1.11 1.05 0.99 0.94 0.88 0.82 0.77 0.73 0.70 0.68 0.67 0.69 0.72 0.77 0.85 0.95 1.07 1.21 1.37 1.55 1.75 1.96 2.19 2.42 2.66 2.90 3.15 3.40 3.64 3.89 4.13 4.37 4.60 4.83 5.06 5.28 5.50 5.71 5.92 6.12 6.32 6.51 6.70 6.88 7.04 7.20 7.35 7.48 7.60 7.70 7.79 7.86 7.91 7.95 7.96 7.96 7.94 7.90 7.84 7.77 7.69 7.59 7.49 7.37 7.26 7.14 7.02 6.91 6.81 6.72 6.65 6.60 6.57 6.58 6.62 6.70 6.82 6.98 7.19 7.44 7.74 8.08 8.46 8.88 9.33 9.81 10.30 10.81 11.31 11.81 12.29 12.73 13.13 13.49 13.78 14.01 14.16 14.24 14.23 14.15 13.98 13.74 13.42 13.04 12.60 12.11 11.58 11.03 10.45 9.86 9.28 8.70 8.14 7.59 7.08 6.60 6.15 5.73 5.35 5.00 4.69 4.40 4.14 3.91 3.69 3.48 3.29 3.10 2.91 2.72 2.53 2.34 2.14 1.94 1.74 1.55 1.36 1.18 1.01 0.45 0.04 0.04 0.04 0.04 0.04 0.04 0.04 0.45 1.03 1.20 1.39 1.58 1.79 1.99 2.19 2.38 2.55 2.72 2.86 2.99 3.10 3.20 3.28 3.34 3.39 3.42 3.44 3.45 3.45 3.45 3.43 3.41 3.39 3.35 3.32
0.90 0.96 1.02 1.09 1.16 1.24 1.31 1.39 1.48 1.56 1.65 1.73 1.82 1.91 2.01 2.10 2.19 2.28 2.37 2.46 2.54 2.62 2.71 2.78 2.86 2.93 3.00 3.07 3.13 3.19 3.24 3.29 3.34 3.38 3.43 3.46 3.50 3.54 3.57 3.60 3.63 3.66 3.69 3.72 3.74 3.77 3.80 3.83 3.86 3.88 3.91 3.94 3.97 4.00 4.03 4.06 4.09 4.12 4.15 4.17 4.20 4.23 4.25 4.27 4.30 4.31 4.33 4.35 4.36 4.37 4.38 4.38 4.38 4.37 4.37 4.35 4.33 4.30 4.26 4.21 4.16 4.09 4.01 3.91 3.81 3.69 3.56 3.42 3.28 3.12 2.97 2.82 2.67 2.54 2.42 2.32 2.24 2.20 2.19 2.22 2.29 2.40 2.55 2.76 3.00 3.29 3.62 3.99 4.40 4.83 5.30 5.78 6.27 6.78 7.28 7.78 8.27 8.74 9.20 9.63 10.02 10.39 10.72 11.02 11.27 11.48 11.65 11.77 11.85 11.89 11.87 11.82 11.72 11.58 11.41 11.19 10.94 10.66 10.35 10.02 9.67 9.30 8.92 8.54 8.15 7.75 7.36 6.98 6.60 6.23 5.88 5.54 5.22 4.91 4.62 4.35 4.10 3.87 3.65 3.45 3.26 3.10 2.94 2.81 2.68 2.57 2.47 2.37 2.29 2.22 2.15 2.10 2.04 2.00 1.96 1.92 1.89 1.86 1.83 1.81 1.79 1.77 1.75 1.74 1.72 1.71 1.70 1.69 1.68 1.67 1.66 1.65 1.64 1.63 1.63 1.62 1.61 1.61 1.60 1.59 1.59 1.58 1.57 1.57 1.56 1.55 1.55 1.54 1.53 1.52 1.52 1.51 1.50 1.49 1.48 1.46 1.45 1.43 1.41 1.38 1.36 1.33 1.29 1.25 1.21 1.16 1.12 1.07 1.02 0.97 0.92 0.88 0.85 0.83 0.81 0.82 0.84 0.88 0.93 1.01 1.11 1.24 1.38 1.55 1.73 1.93 2.14 2.36 2.59 2.83 3.08 3.32 3.56 3.81 4.04 4.28 4.51 4.74 4.97 5.19 5.40 5.61 5.82 6.02 6.22 6.41 6.60 6.78 6.95 7.11 7.26 7.40 7.53 7.64 7.74 7.82 7.89 7.93 7.97 7.98 7.97 7.95 7.91 7.85 7.78 7.69 7.59 7.48 7.37 7.25 7.13 7.01 6.89 6.79 6.70 6.62 6.57 6.54 6.54 6.58 6.65 6.76 6.92 7.11 7.36 7.64 7.97 8.34 8.74 9.18 9.64 10.12 10.61 11.10 11.58 12.04 12.47 12.86 13.20 13.49 13.71 13.85 13.92 13.92 13.83 13.67 13.43 13.12 12.75 12.32 11.85 11.33 10.79 10.23 9.67 9.10 8.54 7.99 7.47 6.97 6.50 6.07 5.66 5.30 4.96 4.66 4.38 4.13 3.90 3.69 3.49 3.31 3.12 2.95 2.77 2.58 2.40 2.21 2.02 1.84 1.65 1.47 1.30 1.15 1.01 0.45 0.45 0.45 0.04 0.45 0.45 0.45 1.03 1.16 1.32 1.50 1.68 1.87 2.06 2.24 2.42 2.58 2.73 2.87 2.98 3.08 3.17 3.24 3.29 3.33 3.36 3.38 3.39 3.38 3.37 3.36 3.33 3.31 3.27 3.23
0.88 0.94 1.01 1.07 1.14 1.21 1.29 1.37 1.45 1.53 1.62 1.70 1.79 1.88 1.97 2.06 2.15 2.24 2.33 2.42 2.51 2.59 2.67 2.75 2.83 2.90 2.97 3.04 3.10 3.16 3.22 3.27 3.32 3.37 3.41 3.46 3.50 3.53 3.57 3.61 3.64 3.67 3.71 3.74 3.77 3.80 3.83 3.87 3.90 3.93 3.96 3.99 4.03 4.06 4.09 4.12 4.15 4.18 4.21 4.24 4.27 4.30 4.32 4.34 4.37 4.39 4.40 4.42 4.43 4.44 4.45 4.45 4.45 4.45 4.44 4.43 4.41 4.38 4.35 4.30 4.25 4.19 4.12 4.03 3.94 3.83 3.72 3.59 3.46 3.32 3.19 3.05 2.92 2.80 2.70 2.62 2.55 2.52 2.52 2.56 2.63 2.74 2.89 3.09 3.32 3.60 3.91 4.26 4.65 5.06 5.49 5.94 6.41 6.88 7.35 7.82 8.28 8.73 9.16 9.56 9.94 10.28 10.60 10.88 11.12 11.32 11.48 11.59 11.67 11.70 11.69 11.63 11.54 11.40 11.23 11.02 10.78 10.51 10.21 9.89 9.54 9.19 8.82 8.44 8.06 7.68 7.30 6.92 6.55 6.20 5.85 5.52 5.20 4.90 4.62 4.36 4.11 3.88 3.66 3.46 3.28 3.12 2.97 2.83 2.70 2.59 2.49 2.40 2.32 2.24 2.18 2.12 2.06 2.02 1.97 1.94 1.90 1.87 1.84 1.82 1.80 1.78 1.76 1.74 1.72 1.71 1.70 1.68 1.67 1.66 1.65 1.64 1.63 1.62 1.62 1.61 1.60 1.59 1.59 1.58 1.57 1.56 1.56 1.55 1.54 1.54 1.53 1.52 1.52 1.51 1.50 1.50 1.49 1.48 1.47 1.46 1.45 1.43 1.42 1.40 1.38 1.35 1.32 1.29 1.26 1.22 1.18 1.14 1.10 1.07 1.03 1.00 0.98 0.96 0.96 0.97 1.00 1.05 1.11 1.20 1.30 1.43 1.58 1.74 1.92 2.12 2.34 2.56 2.79 3.02 3.26 3.50 3.74 3.98 4.21 4.44 4.67 4.89 5.11 5.32 5.53 5.74 5.94 6.13 6.32 6.50 6.68 6.85 7.02 7.17 7.31 7.44 7.56 7.67 7.76 7.84 7.90 7.94 7.97 7.98 7.97 7.94 7.89 7.83 7.76 7.67 7.57 7.46 7.34 7.22 7.10 6.98 6.86 6.75 6.66 6.58 6.52 6.49 6.49 6.52 6.58 6.69 6.83 7.02 7.25 7.52 7.84 8.19 8.58 9.00 9.45 9.91 10.38 10.86 11.32 11.76 12.18 12.56 12.89 13.16 13.37 13.51 13.58 13.57 13.49 13.33 13.10 12.80 12.44 12.03 11.57 11.07 10.55 10.01 9.46 8.91 8.37 7.84 7.34 6.86 6.41 5.99 5.60 5.25 4.92 4.63 4.36 4.12 3.90 3.70 3.51 3.33 3.16 2.99 2.82 2.65 2.47 2.30 2.12 1.94 1.77 1.60 1.44 1.30 1.18 1.07 1.00 0.95 0.45 0.96 1.00 1.08 1.19 1.31 1.46 1.62 1.79 1.96 2.14 2.31 2.47 2.62 2.75 2.87 2.98 3.07 3.14 3.20 3.25 3.28 3.31 3.32 3.32 3.32 3.30 3.28 3.26 3.23 3.20 3.16
0.87 0.92 0.99 1.05 1.12 1.19 1.26 1.34 1.42 1.50 1.59 1.67 1.76 1.85 1.94 2.03 2.12 2.20 2.29 2.38 2.47 2.55 2.63 2.71 2.79 2.86 2.93 3.00 3.07 3.13 3.19 3.24 3.30 3.35 3.40 3.44 3.49 3.53 3.57 3.61 3.65 3.69 3.72 3.76 3.80 3.83 3.87 3.90 3.94 3.98 4.01 4.05 4.08 4.12 4.15 4.19 4.22 4.25 4.29 4.32 4.34 4.37 4.40 4.42 4.44 4.46 4.48 4.50 4.51 4.52 4.53 4.53 4.53 4.53 4.52 4.51 4.49 4.47 4.44 4.40 4.35 4.30 4.23 4.16 4.07 3.98 3.87 3.76 3.65 3.53 3.41 3.29 3.17 3.07 2.98 2.91 2.87 2.84 2.85 2.89 2.96 3.08 3.22 3.41 3.64 3.90 4.19 4.52 4.88 5.27 5.67 6.09 6.53 6.97 7.41 7.85 8.28 8.69 9.09 9.47 9.83 10.15 10.45 10.71 10.94 11.12 11.28 11.39 11.46 11.48 11.47 11.42 11.33 11.19 11.03 10.82 10.59 10.33 10.04 9.72 9.39 9.05 8.69 8.32 7.95 7.58 7.21 6.85 6.49 6.15 5.81 5.49 5.18 4.89 4.61 4.35 4.11 3.88 3.67 3.48 3.30 3.14 2.99 2.85 2.73 2.62 2.52 2.42 2.34 2.27 2.20 2.14 2.09 2.04 1.99 1.95 1.92 1.89 1.86 1.83 1.81 1.79 1.77 1.75 1.73 1.71 1.70 1.69 1.67 1.66 1.65 1.64 1.63 1.62 1.61 1.60 1.59 1.58 1.57 1.57 1.56 1.55 1.54 1.54 1.53 1.52 1.52 1.51 1.50 1.50 1.49 1.49 1.48 1.47 1.47 1.46 1.45 1.44 1.43 1.41 1.40 1.38 1.36 1.33 1.31 1.28 1.25 1.22 1.20 1.17 1.14 1.13 1.11 1.11 1.12 1.14 1.18 1.23 1.30 1.39 1.51 1.64 1.79 1.95 2.14 2.34 2.55 2.77 3.00 3.23 3.47 3.70 3.94 4.17 4.40 4.62 4.84 5.05 5.26 5.47 5.67 5.86 6.05 6.24 6.42 6.59 6.76 6.92 7.08 7.22 7.35 7.48 7.59 7.69 7.77 7.84 7.90 7.93 7.95 7.96 7.94 7.91 7.86 7.80 7.72 7.63 7.53 7.42 7.30 7.18 7.05 6.93 6.81 6.70 6.61 6.53 6.47 6.43 6.42 6.44 6.50 6.60 6.73 6.91 7.13 7.39 7.69 8.03 8.40 8.80 9.23 9.68 10.13 10.59 11.03 11.46 11.86 12.23 12.54 12.81 13.01 13.15 13.21 13.21 13.13 12.97 12.75 12.46 12.12 11.72 11.28 10.80 10.30 9.78 9.25 8.73 8.20 7.70 7.21 6.75 6.32 5.91 5.54 5.20 4.89 4.61 4.35 4.12 3.91 3.72 3.54 3.36 3.20 3.04 2.88 2.72 2.56 2.39 2.23 2.06 1.90 1.75 1.60 1.47 1.35 1.26 1.19 1.15 1.13 1.15 1.19 1.26 1.36 1.48 1.61 1.76 1.91 2.07 2.23 2.38 2.52 2.66 2.78 2.89 2.98 3.06 3.12 3.18 3.21 3.24 3.26 3.26 3.26 3.25 3.24 3.22 3.19 3.16 3.12 3.08
0.85 0.90 0.96 1.03 1.09 1.16 1.24 1.31 1.39 1.47 1.55 1.64 1.72 1.81 1.90 1.99 2.08 2.16 2.25 2.34 2.42 2.51 2.59 2.67 2.75 2.82 2.89 2.96 3.03 3.10 3.16 3.22 3.27 3.33 3.38 3.43 3.48 3.52 3.57 3.61 3.65 3.70 3.74 3.78 3.82 3.86 3.90 3.94 3.98 4.02 4.06 4.10 4.14 4.18 4.22 4.26 4.29 4.33 4.36 4.39 4.42 4.45 4.48 4.50 4.53 4.55 4.56 4.58 4.59 4.60 4.61 4.61 4.62 4.61 4.61 4.60 4.58 4.56 4.53 4.50 4.46 4.41 4.35 4.28 4.21 4.12 4.03 3.94 3.83 3.73 3.62 3.52 3.42 3.34 3.26 3.21 3.17 3.16 3.17 3.22 3.29 3.40 3.55 3.72 3.94 4.18 4.46 4.77 5.10 5.46 5.83 6.23 6.63 7.04 7.45 7.85 8.25 8.64 9.01 9.36 9.69 10.00 10.27 10.52 10.73 10.91 11.05 11.15 11.22 11.24 11.23 11.18 11.09 10.96 10.80 10.60 10.37 10.12 9.84 9.54 9.22 8.89 8.54 8.19 7.83 7.47 7.12 6.77 6.42 6.08 5.76 5.45 5.15 4.86 4.59 4.34 4.10 3.88 3.68 3.49 3.32 3.16 3.01 2.87 2.75 2.64 2.54 2.45 2.37 2.29 2.23 2.16 2.11 2.06 2.02 1.97 1.94 1.90 1.87 1.85 1.82 1.80 1.78 1.76 1.74 1.72 1.70 1.69 1.67 1.66 1.65 1.64 1.62 1.61 1.60 1.59 1.58 1.57 1.56 1.56 1.55 1.54 1.53 1.52 1.52 1.51 1.51 1.50 1.49 1.49 1.48 1.48 1.47 1.47 1.46 1.46 1.45 1.44 1.44 1.43 1.42 1.41 1.39 1.38 1.36 1.34 1.33 1.31 1.29 1.28 1.26 1.26 1.26 1.27 1.29 1.32 1.36 1.43 1.51 1.61 1.72 1.86 2.01 2.18 2.37 2.57 2.78 3.00 3.22 3.45 3.68 3.91 4.14 4.37 4.59 4.81 5.02 5.22 5.42 5.62 5.81 5.99 6.17 6.35 6.52 6.68 6.84 6.99 7.13 7.26 7.39 7.50 7.60 7.69 7.77 7.83 7.88 7.91 7.92 7.92 7.90 7.87 7.82 7.75 7.67 7.58 7.47 7.36 7.24 7.12 6.99 6.87 6.75 6.64 6.54 6.46 6.39 6.35 6.34 6.36 6.41 6.49 6.62 6.78 6.99 7.24 7.52 7.84 8.20 8.59 9.00 9.42 9.86 10.29 10.72 11.13 11.52 11.87 12.17 12.43 12.63 12.76 12.82 12.82 12.74 12.60 12.39 12.11 11.78 11.41 10.98 10.53 10.05 9.55 9.04 8.54 8.04 7.56 7.09 6.65 6.23 5.84 5.49 5.16 4.86 4.59 4.34 4.12 3.92 3.74 3.57 3.40 3.25 3.10 2.95 2.80 2.65 2.50 2.34 2.19 2.04 1.90 1.77 1.65 1.54 1.46 1.39 1.35 1.34 1.36 1.39 1.46 1.54 1.65 1.77 1.90 2.04 2.18 2.32 2.46 2.58 2.70 2.81 2.90 2.98 3.05 3.11 3.15 3.18 3.20 3.21 3.21 3.20 3.19 3.17 3.15 3.12 3.09 3.05 3.01
0.83 0.88 0.94 1.01 1.07 1.14 1.21 1.28 1.36 1.44 1.52 1.60 1.69 1.77 1.86 1.94 2.03 2.12 2.21 2.29 2.38 2.46 2.54 2.62 2.70 2.78 2.85 2.92 2.99 3.06 3.12 3.18 3.24 3.30 3.36 3.41 3.46 3.51 3.56 3.61 3.66 3.70 3.75 3.80 3.84 3.89 3.93 3.98 4.02 4.07 4.11 4.16 4.20 4.25 4.29 4.33 4.37 4.41 4.44 4.48 4.51 4.54 4.57 4.59 4.62 4.64 4.65 4.67 4.68 4.69 4.70 4.70 4.70 4.70 4.70 4.69 4.67 4.65 4.63 4.60 4.56 4.52 4.47 4.41 4.34 4.27 4.19 4.11 4.02 3.93 3.84 3.75 3.67 3.60 3.54 3.49 3.47 3.46 3.48 3.53 3.61 3.71 3.85 4.02 4.22 4.45 4.71 4.99 5.30 5.63 5.98 6.34 6.71 7.09 7.46 7.84 8.21 8.56 8.91 9.23 9.54 9.82 10.08 10.31 10.51 10.67 10.80 10.90 10.96 10.98 10.96 10.91 10.82 10.70 10.54 10.36 10.14 9.89 9.63 9.34 9.03 8.71 8.38 8.04 7.70 7.35 7.01 6.67 6.34 6.01 5.70 5.40 5.11 4.83 4.57 4.33 4.10 3.88 3.68 3.50 3.33 3.17 3.03 2.90 2.78 2.67 2.57 2.48 2.39 2.32 2.25 2.19 2.13 2.08 2.04 2.00 1.96 1.92 1.89 1.86 1.84 1.81 1.79 1.77 1.75 1.73 1.71 1.69 1.68 1.66 1.65 1.64 1.62 1.61 1.60 1.59 1.58 1.57 1.56 1.55 1.54 1.53 1.52 1.52 1.51 1.50 1.50 1.49 1.49 1.48 1.48 1.47 1.47 1.47 1.46 1.46 1.46 1.45 1.45 1.45 1.44 1.44 1.43 1.42 1.42 1.41 1.40 1.39 1.39 1.39 1.39 1.39 1.41 1.43 1.46 1.50 1.56 1.63 1.72 1.83 1.95 2.09 2.25 2.43 2.61 2.81 3.02 3.24 3.46 3.69 3.92 4.14 4.36 4.58 4.80 5.00 5.21 5.40 5.59 5.78 5.96 6.13 6.30 6.46 6.62 6.77 6.91 7.05 7.18 7.30 7.41 7.52 7.61 7.69 7.75 7.81 7.85 7.87 7.88 7.87 7.85 7.81 7.75 7.68 7.60 7.51 7.40 7.29 7.17 7.04 6.92 6.79 6.67 6.56 6.46 6.38 6.31 6.26 6.25 6.26 6.30 6.38 6.49 6.65 6.84 7.07 7.34 7.65 7.99 8.35 8.74 9.15 9.57 9.98 10.39 10.79 11.16 11.49 11.79 12.03 12.22 12.35 12.42 12.42 12.35 12.21 12.02 11.76 11.45 11.09 10.68 10.25 9.79 9.32 8.84 8.36 7.88 7.42 6.97 6.55 6.15 5.78 5.44 5.12 4.84 4.58 4.34 4.13 3.94 3.76 3.60 3.45 3.30 3.16 3.02 2.88 2.74 2.60 2.46 2.33 2.19 2.06 1.94 1.83 1.74 1.66 1.60 1.57 1.55 1.57 1.60 1.66 1.73 1.83 1.93 2.05 2.17 2.29 2.42 2.54 2.65 2.75 2.84 2.92 2.99 3.05 3.09 3.12 3.15 3.16 3.17 3.16 3.15 3.14 3.11 3.09 3.06 3.03 2.99 2.95
0.81 0.86 0.92 0.98 1.04 1.11 1.18 1.25 1.33 1.40 1.48 1.56 1.65 1.73 1.82 1.90 1.99 2.07 2.16 2.24 2.33 2.41 2.49 2.58 2.65 2.73 2.81 2.88 2.95 3.02 3.08 3.15 3.21 3.27 3.33 3.39 3.44 3.50 3.55 3.61 3.66 3.71 3.76 3.81 3.86 3.92 3.97 4.02 4.07 4.12 4.17 4.22 4.27 4.31 4.36 4.41 4.45 4.49 4.53 4.56 4.60 4.63 4.66 4.69 4.71 4.73 4.75 4.76 4.77 4.78 4.79 4.79 4.80 4.79 4.79 4.78 4.77 4.75 4.73 4.70 4.67 4.63 4.58 4.53 4.47 4.41 4.34 4.27 4.20 4.12 4.04 3.97 3.90 3.84 3.80 3.76 3.75 3.75 3.78 3.83 3.90 4.01 4.14 4.30 4.48 4.70 4.94 5.20 5.48 5.78 6.10 6.43 6.77 7.12 7.46 7.80 8.14 8.47 8.79 9.09 9.37 9.63 9.87 10.08 10.27 10.42 10.54 10.63 10.68 10.70 10.68 10.63 10.54 10.43 10.27 10.09 9.89 9.65 9.40 9.12 8.83 8.52 8.20 7.88 7.55 7.22 6.89 6.56 6.24 5.93 5.63 5.34 5.06 4.80 4.55 4.31 4.09 3.88 3.69 3.51 3.34 3.19 3.05 2.92 2.80 2.69 2.59 2.50 2.42 2.35 2.28 2.22 2.16 2.11 2.06 2.02 1.98 1.94 1.91 1.88 1.85 1.83 1.80 1.78 1.76 1.74 1.72 1.70 1.68 1.67 1.65 1.64 1.62 1.61 1.60 1.59 1.57 1.56 1.55 1.54 1.53 1.53 1.52 1.51 1.50 1.50 1.49 1.48 1.48 1.48 1.47 1.47 1.47 1.47 1.46 1.46 1.46 1.46 1.46 1.47 1.47 1.47 1.47 1.47 1.47 1.47 1.48 1.48 1.49 1.50 1.51 1.53 1.56 1.59 1.64 1.69 1.76 1.85 1.95 2.06 2.19 2.34 2.50 2.68 2.87 3.07 3.28 3.50 3.72 3.94 4.16 4.38 4.60 4.81 5.01 5.21 5.41 5.59 5.77 5.94 6.11 6.27 6.43 6.58 6.72 6.86 6.99 7.11 7.23 7.34 7.44 7.53 7.60 7.67 7.73 7.77 7.80 7.82 7.82 7.80 7.77 7.73 7.67 7.60 7.52 7.42 7.31 7.20 7.08 6.95 6.83 6.70 6.58 6.47 6.37 6.28 6.21 6.16 6.14 6.15 6.18 6.25 6.36 6.50 6.68 6.90 7.15 7.44 7.76 8.11 8.48 8.87 9.26 9.66 10.05 10.43 10.79 11.11 11.39 11.63 11.81 11.94 12.01 12.01 11.95 11.83 11.64 11.40 11.10 10.77 10.39 9.98 9.54 9.09 8.64 8.18 7.73 7.28 6.86 6.46 6.08 5.72 5.39 5.09 4.82 4.57 4.35 4.15 3.96 3.79 3.64 3.49 3.36 3.23 3.10 2.97 2.84 2.71 2.59 2.46 2.34 2.22 2.12 2.02 1.93 1.86 1.81 1.78 1.77 1.78 1.81 1.85 1.92 2.00 2.09 2.20 2.30 2.41 2.51 2.62 2.71 2.80 2.88 2.94 3.00 3.04 3.08 3.10 3.12 3.13 3.12 3.12 3.10 3.08 3.06 3.03 3.00 2.96 2.93 2.89
0.79 0.84 0.90 0.96 1.02 1.08 1.15 1.22 1.29 1.37 1.45 1.53 1.61 1.69 1.77 1.86 1.94 2.03 2.11 2.19 2.28 2.36 2.44 2.52 2.60 2.68 2.76 2.83 2.90 2.97 3.04 3.11 3.18 3.24 3.30 3.36 3.42 3.48 3.54 3.60 3.66 3.71 3.77 3.83 3.89 3.94 4.00 4.06 4.11 4.17 4.23 4.28 4.34 4.39 4.44 4.49 4.53 4.58 4.62 4.66 4.69 4.73 4.76 4.78 4.81 4.83 4.85 4.86 4.87 4.88 4.89 4.89 4.89 4.89 4.88 4.87 4.86 4.85 4.83 4.80 4.77 4.74 4.70 4.65 4.61 4.55 4.49 4.43 4.37 4.30 4.24 4.18 4.13 4.08 4.04 4.02 4.01 4.02 4.05 4.10 4.18 4.28 4.40 4.55 4.72 4.92 5.14 5.38 5.64 5.91 6.20 6.51 6.81 7.13 7.44 7.76 8.07 8.37 8.66 8.93 9.19 9.43 9.65 9.84 10.01 10.15 10.26 10.34 10.39 10.40 10.38 10.33 10.25 10.14 9.99 9.82 9.62 9.40 9.15 8.89 8.61 8.32 8.01 7.71 7.39 7.08 6.76 6.45 6.15 5.85 5.56 5.28 5.01 4.76 4.52 4.29 4.07 3.87 3.69 3.51 3.35 3.20 3.06 2.94 2.82 2.72 2.62 2.53 2.45 2.37 2.31 2.25 2.19 2.14 2.09 2.05 2.00 1.97 1.93 1.90 1.87 1.84 1.82 1.79 1.77 1.75 1.73 1.71 1.69 1.67 1.66 1.64 1.63 1.61 1.60 1.59 1.57 1.56 1.55 1.54 1.53 1.52 1.51 1.50 1.50 1.49 1.48 1.48 1.47 1.47 1.47 1.47 1.47 1.47 1.47 1.47 1.47 1.48 1.48 1.49 1.49 1.50 1.51 1.52 1.53 1.54 1.55 1.57 1.59 1.61 1.64 1.67 1.71 1.76 1.82 1.89 1.97 2.07 2.18 2.30 2.44 2.60 2.77 2.95 3.14 3.35 3.56 3.77 3.99 4.21 4.42 4.64 4.85 5.05 5.25 5.44 5.62 5.79 5.96 6.12 6.27 6.42 6.56 6.70 6.82 6.95 7.06 7.17 7.27 7.37 7.45 7.53 7.59 7.65 7.69 7.73 7.75 7.75 7.74 7.72 7.69 7.64 7.58 7.50 7.42 7.32 7.21 7.10 6.98 6.85 6.73 6.60 6.48 6.37 6.27 6.18 6.11 6.05 6.03 6.03 6.06 6.12 6.21 6.34 6.51 6.72 6.95 7.23 7.53 7.86 8.21 8.58 8.95 9.33 9.71 10.07 10.41 10.72 10.99 11.22 11.40 11.53 11.59 11.60 11.55 11.44 11.27 11.04 10.77 10.45 10.10 9.71 9.30 8.88 8.45 8.01 7.58 7.16 6.76 6.37 6.01 5.67 5.36 5.07 4.81 4.57 4.36 4.17 3.99 3.83 3.68 3.55 3.42 3.29 3.17 3.06 2.94 2.83 2.71 2.60 2.49 2.38 2.29 2.20 2.12 2.06 2.02 1.99 1.97 1.98 2.01 2.05 2.10 2.17 2.25 2.34 2.43 2.52 2.61 2.69 2.77 2.85 2.91 2.96 3.01 3.04 3.07 3.08 3.09 3.09 3.09 3.07 3.06 3.03 3.01 2.98 2.94 2.91 2.87 2.83
0.77 0.82 0.88 0.93 0.99 1.06 1.12 1.19 1.26 1.33 1.41 1.49 1.56 1.65 1.73 1.81 1.89 1.98 2.06 2.14 2.23 2.31 2.39 2.47 2.55 2.63 2.71 2.78 2.86 2.93 3.00 3.07 3.14 3.21 3.27 3.34 3.40 3.47 3.53 3.59 3.66 3.72 3.78 3.85 3.91 3.97 4.04 4.10 4.16 4.23 4.29 4.35 4.41 4.46 4.52 4.57 4.62 4.67 4.72 4.76 4.80 4.83 4.86 4.89 4.91 4.94 4.95 4.97 4.98 4.99 4.99 4.99 4.99 4.99 4.98 4.97 4.96 4.94 4.93 4.90 4.88 4.85 4.81 4.77 4.73 4.69 4.64 4.58 4.53 4.48 4.43 4.38 4.34 4.30 4.27 4.26 4.26 4.27 4.31 4.36 4.43 4.52 4.64 4.78 4.94 5.12 5.32 5.54 5.77 6.02 6.29 6.56 6.84 7.12 7.41 7.69 7.97 8.25 8.51 8.76 9.00 9.22 9.42 9.60 9.75 9.88 9.98 10.05 10.09 10.10 10.08 10.03 9.95 9.84 9.70 9.54 9.35 9.13 8.90 8.65 8.39 8.11 7.82 7.53 7.23 6.93 6.63 6.33 6.04 5.76 5.48 5.21 4.96 4.72 4.48 4.26 4.06 3.87 3.68 3.52 3.36 3.22 3.08 2.96 2.85 2.74 2.65 2.56 2.48 2.40 2.34 2.27 2.22 2.17 2.12 2.07 2.03 1.99 1.96 1.92 1.89 1.86 1.84 1.81 1.79 1.76 1.74 1.72 1.70 1.68 1.66 1.65 1.63 1.62 1.60 1.59 1.57 1.56 1.55 1.54 1.53 1.52 1.51 1.50 1.49 1.49 1.48 1.48 1.47 1.47 1.47 1.47 1.47 1.47 1.47 1.48 1.48 1.49 1.50 1.51 1.52 1.53 1.55 1.57 1.59 1.61 1.63 1.66 1.69 1.73 1.77 1.81 1.87 1.93 2.00 2.09 2.18 2.29 2.41 2.55 2.70 2.86 3.04 3.23 3.42 3.63 3.84 4.05 4.27 4.49 4.70 4.91 5.11 5.30 5.49 5.67 5.84 6.01 6.16 6.31 6.45 6.58 6.70 6.82 6.93 7.04 7.14 7.23 7.32 7.39 7.46 7.52 7.58 7.62 7.65 7.67 7.68 7.68 7.66 7.63 7.59 7.54 7.47 7.39 7.30 7.20 7.10 6.98 6.86 6.74 6.61 6.49 6.37 6.26 6.15 6.06 5.99 5.94 5.91 5.90 5.92 5.98 6.06 6.19 6.34 6.53 6.75 7.01 7.29 7.60 7.94 8.28 8.64 9.00 9.36 9.70 10.03 10.33 10.59 10.81 10.99 11.12 11.19 11.20 11.16 11.06 10.90 10.70 10.45 10.15 9.82 9.46 9.07 8.68 8.27 7.86 7.45 7.05 6.67 6.31 5.96 5.64 5.34 5.06 4.81 4.58 4.38 4.19 4.02 3.87 3.73 3.60 3.48 3.36 3.25 3.15 3.04 2.93 2.83 2.73 2.63 2.54 2.45 2.38 2.31 2.25 2.21 2.19 2.17 2.18 2.20 2.23 2.28 2.34 2.40 2.47 2.55 2.62 2.70 2.77 2.83 2.89 2.94 2.98 3.02 3.04 3.06 3.06 3.07 3.06 3.05 3.03 3.01 2.99 2.96 2.93 2.89 2.85 2.81 2.77
0.75 0.80 0.86 0.91 0.97 1.03 1.09 1.16 1.23 1.30 1.37 1.45 1.52 1.60 1.68 1.76 1.84 1.93 2.01 2.09 2.17 2.26 2.34 2.42 2.50 2.58 2.65 2.73 2.81 2.88 2.95 3.03 3.10 3.17 3.24 3.31 3.38 3.45 3.52 3.58 3.65 3.72 3.79 3.86 3.93 4.00 4.07 4.14 4.21 4.28 4.35 4.42 4.48 4.55 4.61 4.67 4.72 4.77 4.82 4.87 4.91 4.94 4.98 5.00 5.03 5.05 5.06 5.08 5.09 5.09 5.10 5.10 5.09 5.09 5.08 5.07 5.06 5.04 5.03 5.00 4.98 4.95 4.92 4.89 4.85 4.81 4.77 4.73 4.69 4.64 4.60 4.56 4.53 4.50 4.48 4.48 4.48 4.50 4.54 4.59 4.66 4.75 4.85 4.98 5.13 5.29 5.47 5.67 5.89 6.11 6.35 6.60 6.85 7.10 7.36 7.62 7.87 8.12 8.36 8.59 8.80 9.00 9.18 9.34 9.48 9.60 9.69 9.75 9.78 9.79 9.77 9.72 9.64 9.53 9.40 9.25 9.07 8.86 8.64 8.41 8.16 7.89 7.62 7.34 7.06 6.77 6.49 6.21 5.93 5.66 5.40 5.15 4.90 4.67 4.45 4.24 4.04 3.86 3.68 3.52 3.37 3.23 3.10 2.98 2.87 2.77 2.67 2.59 2.51 2.43 2.37 2.31 2.25 2.19 2.15 2.10 2.06 2.02 1.98 1.95 1.91 1.88 1.86 1.83 1.80 1.78 1.76 1.73 1.71 1.69 1.67 1.66 1.64 1.62 1.61 1.59 1.58 1.56 1.55 1.54 1.53 1.52 1.51 1.50 1.49 1.49 1.48 1.48 1.47 1.47 1.47 1.47 1.47 1.47 1.48 1.48 1.49 1.50 1.52 1.53 1.55 1.57 1.59 1.61 1.64 1.67 1.71 1.75 1.79 1.84 1.89 1.96 2.03 2.10 2.19 2.29 2.40 2.52 2.65 2.80 2.96 3.13 3.32 3.51 3.71 3.92 4.13 4.35 4.56 4.78 4.98 5.19 5.38 5.57 5.75 5.92 6.08 6.23 6.37 6.51 6.63 6.75 6.85 6.96 7.05 7.14 7.22 7.29 7.36 7.42 7.47 7.52 7.55 7.58 7.60 7.61 7.61 7.59 7.57 7.53 7.48 7.42 7.35 7.27 7.18 7.08 6.97 6.86 6.73 6.61 6.49 6.37 6.25 6.13 6.03 5.94 5.87 5.81 5.78 5.77 5.79 5.83 5.91 6.02 6.17 6.34 6.55 6.79 7.06 7.35 7.66 7.99 8.33 8.68 9.02 9.34 9.66 9.94 10.20 10.42 10.59 10.72 10.79 10.81 10.78 10.70 10.56 10.37 10.14 9.87 9.56 9.22 8.86 8.49 8.11 7.72 7.34 6.96 6.60 6.25 5.92 5.61 5.33 5.06 4.82 4.60 4.40 4.23 4.06 3.92 3.78 3.66 3.54 3.44 3.33 3.23 3.14 3.04 2.95 2.86 2.77 2.69 2.61 2.55 2.49 2.44 2.40 2.37 2.36 2.36 2.38 2.41 2.44 2.49 2.54 2.60 2.66 2.72 2.78 2.84 2.89 2.93 2.97 3.00 3.02 3.04 3.05 3.05 3.04 3.03 3.02 2.99 2.97 2.94 2.91 2.88 2.84 2.80 2.76 2.72
0.74 0.78 0.83 0.89 0.94 1.00 1.06 1.13 1.19 1.26 1.33 1.41 1.48 1.56 1.64 1.72 1.80 1.88 1.96 2.04 2.12 2.20 2.28 2.36 2.44 2.52 2.60 2.68 2.76 2.83 2.91 2.98 3.06 3.13 3.21 3.28 3.35 3.43 3.50 3.58 3.65 3.73 3.80 3.88 3.96 4.04 4.11 4.19 4.27 4.35 4.42 4.50 4.57 4.64 4.71 4.77 4.83 4.89 4.94 4.98 5.03 5.06 5.10 5.13 5.15 5.17 5.18 5.19 5.20 5.21 5.21 5.20 5.20 5.19 5.18 5.17 5.16 5.14 5.13 5.11 5.08 5.06 5.03 5.00 4.97 4.94 4.90 4.87 4.83 4.79 4.76 4.73 4.71 4.69 4.68 4.68 4.69 4.71 4.74 4.79 4.86 4.94 5.04 5.16 5.29 5.44 5.61 5.79 5.98 6.18 6.40 6.62 6.84 7.07 7.31 7.54 7.77 7.99 8.20 8.41 8.60 8.78 8.94 9.09 9.21 9.32 9.39 9.45 9.48 9.48 9.46 9.41 9.33 9.23 9.10 8.96 8.78 8.59 8.39 8.16 7.92 7.68 7.42 7.16 6.89 6.62 6.35 6.09 5.82 5.57 5.32 5.08 4.85 4.63 4.42 4.21 4.03 3.85 3.68 3.53 3.38 3.24 3.12 3.00 2.89 2.79 2.70 2.62 2.54 2.47 2.40 2.34 2.28 2.23 2.18 2.13 2.09 2.05 2.01 1.97 1.94 1.91 1.88 1.85 1.82 1.80 1.77 1.75 1.73 1.71 1.69 1.67 1.65 1.63 1.61 1.60 1.58 1.57 1.56 1.54 1.53 1.52 1.51 1.50 1.49 1.49 1.48 1.48 1.47 1.47 1.47 1.47 1.47 1.48 1.48 1.49 1.50 1.52 1.53 1.55 1.58 1.60 1.63 1.66 1.70 1.74 1.79 1.84 1.89 1.95 2.02 2.10 2.18 2.27 2.38 2.49 2.61 2.75 2.90 3.06 3.23 3.41 3.60 3.80 4.01 4.22 4.44 4.65 4.87 5.08 5.28 5.48 5.67 5.85 6.02 6.18 6.33 6.47 6.60 6.72 6.82 6.92 7.01 7.10 7.17 7.24 7.30 7.36 7.41 7.45 7.48 7.51 7.53 7.54 7.54 7.54 7.52 7.50 7.47 7.42 7.37 7.30 7.22 7.14 7.05 6.94 6.83 6.72 6.60 6.48 6.35 6.23 6.12 6.01 5.91 5.82 5.74 5.69 5.65 5.64 5.65 5.69 5.76 5.86 5.99 6.16 6.35 6.58 6.83 7.10 7.40 7.71 8.03 8.36 8.68 9.00 9.30 9.57 9.82 10.03 10.21 10.34 10.42 10.45 10.43 10.35 10.23 10.06 9.85 9.60 9.32 9.01 8.68 8.33 7.97 7.60 7.24 6.89 6.54 6.21 5.90 5.60 5.33 5.08 4.84 4.63 4.44 4.27 4.11 3.97 3.84 3.72 3.61 3.51 3.41 3.32 3.23 3.15 3.06 2.98 2.90 2.83 2.76 2.70 2.65 2.61 2.57 2.55 2.54 2.54 2.55 2.57 2.59 2.63 2.67 2.72 2.76 2.81 2.86 2.90 2.94 2.97 3.00 3.02 3.03 3.04 3.04 3.03 3.02 3.00 2.98 2.96 2.93 2.90 2.87 2.83 2.79 2.76 2.71 2.67
0.72 0.76 0.81 0.86 0.92 0.97 1.03 1.10 1.16 1.23 1.30 1.37 1.44 1.51 1.59 1.67 1.75 1.83 1.91 1.99 2.07 2.15 2.23 2.31 2.39 2.47 2.55 2.63 2.71 2.78 2.86 2.94 3.02 3.10 3.17 3.25 3.33 3.41 3.49 3.57 3.65 3.73 3.82 3.90 3.99 4.07 4.16 4.24 4.33 4.42 4.50 4.58 4.66 4.74 4.81 4.88 4.95 5.01 5.06 5.11 5.16 5.20 5.23 5.26 5.28 5.30 5.31 5.32 5.32 5.32 5.32 5.32 5.31 5.30 5.29 5.28 5.26 5.24 5.23 5.21 5.18 5.16 5.14 5.11 5.08 5.05 5.02 4.99 4.96 4.94 4.91 4.89 4.87 4.86 4.85 4.86 4.87 4.89 4.93 4.98 5.04 5.12 5.21 5.32 5.44 5.58 5.72 5.88 6.06 6.24 6.43 6.63 6.83 7.04 7.24 7.45 7.65 7.85 8.05 8.23 8.40 8.56 8.71 8.84 8.95 9.04 9.11 9.15 9.18 9.17 9.15 9.10 9.03 8.93 8.81 8.67 8.51 8.33 8.13 7.92 7.69 7.46 7.22 6.97 6.72 6.47 6.21 5.96 5.72 5.47 5.24 5.01 4.79 4.58 4.38 4.19 4.01 3.84 3.68 3.53 3.39 3.26 3.14 3.03 2.92 2.82 2.73 2.65 2.57 2.50 2.43 2.37 2.31 2.26 2.21 2.16 2.12 2.08 2.04 2.00 1.96 1.93 1.90 1.87 1.84 1.82 1.79 1.77 1.74 1.72 1.70 1.68 1.66 1.64 1.62 1.61 1.59 1.58 1.56 1.55 1.54 1.52 1.51 1.50 1.50 1.49 1.48 1.48 1.48 1.47 1.47 1.48 1.48 1.49 1.49 1.50 1.52 1.54 1.56 1.58 1.61 1.64 1.67 1.71 1.76 1.81 1.86 1.92 1.99 2.07 2.15 2.24 2.34 2.44 2.56 2.69 2.83 2.98 3.14 3.31 3.50 3.69 3.89 4.10 4.31 4.53 4.75 4.97 5.18 5.39 5.59 5.79 5.97 6.15 6.31 6.46 6.60 6.72 6.83 6.94 7.03 7.11 7.18 7.25 7.30 7.35 7.39 7.43 7.45 7.48 7.49 7.50 7.50 7.50 7.48 7.46 7.44 7.40 7.36 7.30 7.24 7.17 7.09 7.00 6.90 6.80 6.69 6.57 6.46 6.34 6.21 6.10 5.98 5.87 5.77 5.68 5.61 5.55 5.52 5.50 5.51 5.54 5.61 5.70 5.82 5.97 6.16 6.37 6.60 6.86 7.14 7.44 7.75 8.06 8.37 8.67 8.96 9.23 9.47 9.68 9.85 9.98 10.07 10.11 10.10 10.04 9.94 9.79 9.60 9.37 9.11 8.82 8.52 8.19 7.85 7.51 7.17 6.84 6.51 6.19 5.89 5.61 5.35 5.10 4.88 4.67 4.49 4.32 4.16 4.02 3.90 3.78 3.68 3.58 3.49 3.41 3.32 3.24 3.17 3.10 3.03 2.96 2.90 2.85 2.80 2.76 2.73 2.71 2.70 2.69 2.70 2.71 2.73 2.76 2.79 2.82 2.86 2.89 2.92 2.95 2.98 3.00 3.02 3.03 3.03 3.03 3.03 3.01 3.00 2.98 2.95 2.93 2.90 2.86 2.83 2.79 2.75 2.71 2.67 2.63
0.70 0.74 0.79 0.84 0.89 0.95 1.00 1.06 1.13 1.19 1.26 1.33 1.40 1.47 1.55 1.62 1.70 1.78 1.85 1.93 2.01 2.09 2.17 2.25 2.33 2.41 2.49 2.57 2.65 2.73 2.82 2.90 2.98 3.06 3.14 3.22 3.30 3.39 3.47 3.56 3.65 3.74 3.83 3.92 4.02 4.11 4.21 4.30 4.40 4.49 4.58 4.68 4.76 4.85 4.93 5.00 5.08 5.14 5.20 5.25 5.30 5.34 5.37 5.40 5.42 5.44 5.45 5.45 5.45 5.45 5.44 5.44 5.42 5.41 5.40 5.38 5.36 5.34 5.32 5.30 5.28 5.26 5.24 5.21 5.19 5.16 5.14 5.11 5.09 5.07 5.05 5.03 5.02 5.01 5.01 5.02 5.03 5.06 5.10 5.14 5.20 5.27 5.36 5.46 5.57 5.69 5.82 5.97 6.12 6.28 6.45 6.63 6.81 6.99 7.17 7.36 7.54 7.72 7.89 8.05 8.21 8.35 8.48 8.59 8.69 8.77 8.82 8.86 8.88 8.88 8.85 8.80 8.73 8.63 8.52 8.38 8.23 8.06 7.88 7.68 7.47 7.25 7.02 6.79 6.55 6.32 6.08 5.84 5.61 5.38 5.16 4.94 4.74 4.54 4.35 4.17 3.99 3.83 3.68 3.54 3.40 3.28 3.16 3.05 2.95 2.85 2.76 2.68 2.61 2.53 2.47 2.41 2.35 2.29 2.24 2.19 2.15 2.11 2.07 2.03 1.99 1.96 1.93 1.89 1.86 1.84 1.81 1.78 1.76 1.74 1.71 1.69 1.67 1.65 1.63 1.62 1.60 1.58 1.57 1.55 1.54 1.53 1.52 1.51 1.50 1.49 1.49 1.48 1.48 1.48 1.48 1.48 1.49 1.49 1.50 1.52 1.53 1.55 1.58 1.60 1.64 1.67 1.71 1.76 1.81 1.87 1.94 2.01 2.09 2.18 2.27 2.37 2.49 2.61 2.74 2.89 3.04 3.21 3.38 3.57 3.77 3.97 4.18 4.40 4.62 4.84 5.07 5.29 5.51 5.72 5.92 6.11 6.29 6.45 6.61 6.75 6.87 6.99 7.09 7.17 7.25 7.31 7.36 7.41 7.44 7.47 7.49 7.50 7.51 7.51 7.50 7.49 7.47 7.45 7.42 7.39 7.35 7.30 7.24 7.18 7.11 7.03 6.95 6.85 6.75 6.65 6.54 6.42 6.31 6.19 6.07 5.95 5.84 5.73 5.64 5.55 5.48 5.42 5.38 5.36 5.37 5.40 5.46 5.54 5.66 5.80 5.97 6.17 6.39 6.64 6.90 7.19 7.48 7.78 8.07 8.36 8.64 8.90 9.14 9.35 9.52 9.66 9.75 9.80 9.80 9.76 9.67 9.55 9.38 9.17 8.94 8.67 8.39 8.08 7.77 7.45 7.13 6.81 6.50 6.20 5.91 5.64 5.38 5.14 4.92 4.72 4.54 4.37 4.22 4.09 3.97 3.85 3.75 3.66 3.57 3.49 3.41 3.34 3.27 3.20 3.14 3.08 3.03 2.98 2.94 2.90 2.87 2.85 2.84 2.83 2.83 2.84 2.85 2.87 2.89 2.92 2.94 2.96 2.98 3.00 3.02 3.03 3.04 3.04 3.04 3.03 3.01 3.00 2.98 2.95 2.92 2.89 2.86 2.83 2.79 2.75 2.71 2.67 2.63 2.58
0.68 0.72 0.77 0.82 0.87 0.92 0.98 1.03 1.10 1.16 1.22 1.29 1.36 1.43 1.50 1.57 1.65 1.73 1.80 1.88 1.96 2.04 2.12 2.20 2.28 2.36 2.44 2.52 2.60 2.69 2.77 2.85 2.93 3.02 3.11 3.19 3.28 3.37 3.46 3.56 3.65 3.75 3.85 3.95 4.05 4.16 4.26 4.37 4.47 4.58 4.68 4.78 4.88 4.97 5.06 5.14 5.22 5.29 5.35 5.41 5.46 5.50 5.53 5.56 5.57 5.59 5.59 5.59 5.59 5.58 5.57 5.56 5.54 5.53 5.51 5.49 5.47 5.44 5.42 5.40 5.38 5.36 5.33 5.31 5.29 5.26 5.24 5.22 5.20 5.19 5.17 5.16 5.15 5.15 5.15 5.16 5.18 5.21 5.24 5.29 5.34 5.41 5.49 5.58 5.67 5.78 5.90 6.03 6.17 6.31 6.46 6.62 6.78 6.94 7.10 7.27 7.43 7.58 7.74 7.88 8.02 8.14 8.25 8.35 8.44 8.50 8.55 8.58 8.59 8.58 8.56 8.51 8.44 8.35 8.24 8.11 7.97 7.81 7.63 7.45 7.25 7.04 6.83 6.61 6.39 6.17 5.95 5.72 5.51 5.29 5.08 4.88 4.68 4.50 4.32 4.14 3.98 3.83 3.68 3.54 3.41 3.29 3.18 3.07 2.98 2.88 2.80 2.72 2.64 2.57 2.50 2.44 2.38 2.33 2.28 2.23 2.18 2.14 2.10 2.06 2.02 1.99 1.95 1.92 1.89 1.86 1.83 1.80 1.78 1.75 1.73 1.71 1.69 1.67 1.65 1.63 1.61 1.59 1.58 1.56 1.55 1.54 1.53 1.52 1.51 1.50 1.49 1.49 1.49 1.49 1.49 1.49 1.50 1.50 1.52 1.53 1.55 1.57 1.60 1.63 1.67 1.71 1.76 1.81 1.87 1.94 2.01 2.09 2.19 2.28 2.39 2.51 2.64 2.78 2.93 3.08 3.25 3.43 3.63 3.83 4.04 4.25 4.48 4.70 4.93 5.16 5.39 5.62 5.84 6.05 6.25 6.44 6.61 6.77 6.92 7.05 7.16 7.26 7.35 7.42 7.48 7.52 7.55 7.58 7.59 7.59 7.59 7.58 7.56 7.54 7.51 7.48 7.45 7.41 7.36 7.31 7.25 7.19 7.12 7.05 6.97 6.89 6.80 6.70 6.60 6.49 6.38 6.27 6.15 6.04 5.92 5.81 5.70 5.59 5.50 5.41 5.34 5.29 5.25 5.23 5.23 5.26 5.31 5.39 5.50 5.63 5.79 5.98 6.19 6.43 6.68 6.95 7.23 7.52 7.80 8.09 8.36 8.61 8.85 9.05 9.23 9.37 9.47 9.53 9.55 9.52 9.45 9.34 9.19 9.01 8.80 8.55 8.29 8.01 7.72 7.41 7.11 6.81 6.51 6.22 5.94 5.68 5.43 5.20 4.99 4.79 4.61 4.44 4.29 4.16 4.04 3.93 3.82 3.73 3.65 3.57 3.50 3.43 3.36 3.30 3.25 3.19 3.15 3.10 3.06 3.03 3.00 2.98 2.97 2.96 2.95 2.96 2.96 2.97 2.98 3.00 3.01 3.03 3.04 3.05 3.05 3.05 3.05 3.05 3.04 3.02 3.00 2.98 2.96 2.93 2.90 2.86 2.83 2.79 2.75 2.71 2.67 2.63 2.59 2.54
0.67 0.71 0.75 0.80 0.85 0.90 0.95 1.01 1.06 1.12 1.19 1.25 1.32 1.39 1.46 1.53 1.60 1.68 1.75 1.83 1.91 1.99 2.06 2.14 2.22 2.31 2.39 2.47 2.55 2.64 2.72 2.81 2.89 2.98 3.07 3.16 3.26 3.35 3.45 3.55 3.66 3.76 3.87 3.98 4.09 4.21 4.32 4.44 4.56 4.67 4.79 4.90 5.01 5.11 5.21 5.30 5.38 5.46 5.52 5.58 5.63 5.67 5.70 5.73 5.74 5.75 5.75 5.75 5.74 5.73 5.71 5.69 5.67 5.64 5.62 5.60 5.57 5.55 5.52 5.50 5.47 5.45 5.43 5.40 5.38 5.36 5.34 5.32 5.31 5.29 5.28 5.28 5.27 5.27 5.28 5.29 5.31 5.34 5.37 5.42 5.47 5.53 5.60 5.68 5.77 5.87 5.97 6.09 6.21 6.34 6.47 6.61 6.75 6.89 7.03 7.18 7.32 7.46 7.59 7.71 7.83 7.94 8.04 8.12 8.20 8.25 8.29 8.31 8.32 8.31 8.28 8.23 8.16 8.07 7.97 7.85 7.71 7.56 7.40 7.22 7.04 6.85 6.65 6.44 6.24 6.03 5.82 5.61 5.41 5.21 5.01 4.82 4.64 4.46 4.29 4.13 3.97 3.82 3.68 3.55 3.43 3.31 3.20 3.10 3.00 2.91 2.83 2.75 2.68 2.61 2.54 2.48 2.42 2.37 2.31 2.26 2.22 2.17 2.13 2.09 2.05 2.02 1.98 1.95 1.91 1.88 1.85 1.83 1.80 1.77 1.75 1.72 1.70 1.68 1.66 1.64 1.62 1.61 1.59 1.57 1.56 1.55 1.53 1.52 1.52 1.51 1.50 1.50 1.49 1.49 1.50 1.50 1.51 1.52 1.53 1.55 1.57 1.59 1.62 1.66 1.70 1.74 1.80 1.86 1.93 2.00 2.09 2.18 2.28 2.39 2.51 2.64 2.79 2.94 3.10 3.28 3.46 3.66 3.87 4.08 4.31 4.54 4.77 5.01 5.25 5.49 5.73 5.96 6.18 6.39 6.59 6.78 6.95 7.11 7.24 7.37 7.47 7.56 7.63 7.68 7.72 7.74 7.75 7.75 7.74 7.73 7.70 7.67 7.63 7.58 7.53 7.48 7.42 7.36 7.30 7.23 7.16 7.08 7.00 6.92 6.83 6.74 6.65 6.55 6.44 6.33 6.22 6.11 5.99 5.88 5.77 5.66 5.55 5.45 5.36 5.28 5.21 5.15 5.12 5.10 5.10 5.13 5.17 5.25 5.35 5.48 5.63 5.81 6.01 6.24 6.48 6.74 7.01 7.28 7.56 7.84 8.10 8.36 8.59 8.80 8.98 9.12 9.23 9.30 9.33 9.32 9.27 9.18 9.05 8.89 8.70 8.48 8.23 7.97 7.70 7.41 7.12 6.84 6.55 6.27 6.00 5.74 5.50 5.27 5.06 4.86 4.68 4.52 4.37 4.23 4.11 4.00 3.90 3.81 3.73 3.65 3.58 3.51 3.45 3.40 3.34 3.30 3.25 3.21 3.17 3.14 3.12 3.10 3.08 3.07 3.06 3.06 3.06 3.06 3.06 3.07 3.07 3.08 3.08 3.08 3.08 3.07 3.06 3.05 3.04 3.02 2.99 2.97 2.94 2.91 2.87 2.84 2.80 2.76 2.72 2.68 2.64 2.59 2.55 2.51
0.65 0.69 0.73 0.78 0.82 0.87 0.92 0.98 1.03 1.09 1.15 1.22 1.28 1.35 1.41 1.48 1.56 1.63 1.70 1.78 1.86 1.93 2.01 2.09 2.17 2.25 2.34 2.42 2.50 2.59 2.68 2.76 2.85 2.95 3.04 3.14 3.24 3.34 3.44 3.55 3.66 3.78 3.90 4.02 4.14 4.27 4.40 4.53 4.65 4.78 4.91 5.03 5.15 5.26 5.37 5.47 5.56 5.64 5.71 5.78 5.83 5.87 5.90 5.92 5.93 5.93 5.93 5.92 5.90 5.88 5.85 5.83 5.80 5.77 5.74 5.71 5.68 5.65 5.62 5.59 5.56 5.54 5.51 5.49 5.47 5.45 5.43 5.42 5.40 5.39 5.39 5.38 5.38 5.38 5.39 5.41 5.43 5.45 5.49 5.53 5.58 5.63 5.70 5.77 5.85 5.94 6.03 6.13 6.24 6.35 6.47 6.59 6.72 6.84 6.97 7.09 7.21 7.33 7.45 7.56 7.66 7.75 7.84 7.91 7.97 8.01 8.05 8.06 8.06 8.04 8.01 7.96 7.89 7.81 7.71 7.60 7.47 7.33 7.17 7.01 6.84 6.66 6.47 6.28 6.09 5.89 5.70 5.51 5.32 5.13 4.94 4.76 4.59 4.42 4.26 4.11 3.96 3.82 3.69 3.56 3.45 3.33 3.23 3.13 3.04 2.95 2.87 2.79 2.71 2.64 2.58 2.52 2.46 2.40 2.35 2.30 2.25 2.21 2.16 2.12 2.08 2.05 2.01 1.97 1.94 1.91 1.88 1.85 1.82 1.79 1.77 1.74 1.72 1.70 1.68 1.66 1.64 1.62 1.60 1.59 1.57 1.56 1.54 1.53 1.52 1.52 1.51 1.51 1.50 1.50 1.51 1.51 1.52 1.53 1.54 1.56 1.58 1.61 1.65 1.68 1.73 1.78 1.84 1.91 1.98 2.06 2.16 2.26 2.37 2.50 2.63 2.77 2.93 3.10 3.28 3.47 3.67 3.88 4.10 4.33 4.57 4.82 5.07 5.32 5.57 5.82 6.06 6.30 6.53 6.74 6.94 7.13 7.30 7.45 7.58 7.69 7.79 7.86 7.92 7.95 7.97 7.98 7.97 7.94 7.91 7.87 7.82 7.76 7.69 7.62 7.55 7.48 7.40 7.32 7.23 7.15 7.06 6.97 6.88 6.79 6.69 6.60 6.49 6.39 6.28 6.17 6.06 5.95 5.84 5.72 5.61 5.51 5.40 5.31 5.22 5.14 5.07 5.02 4.99 4.97 4.97 5.00 5.04 5.12 5.21 5.33 5.48 5.65 5.85 6.07 6.30 6.55 6.81 7.08 7.35 7.62 7.89 8.14 8.37 8.58 8.77 8.92 9.04 9.12 9.17 9.17 9.14 9.07 8.96 8.81 8.64 8.44 8.22 7.97 7.71 7.44 7.17 6.89 6.62 6.35 6.08 5.83 5.59 5.36 5.15 4.95 4.77 4.61 4.45 4.32 4.19 4.08 3.98 3.89 3.80 3.73 3.66 3.59 3.54 3.48 3.43 3.39 3.34 3.31 3.27 3.24 3.22 3.19 3.18 3.16 3.15 3.14 3.14 3.13 3.13 3.13 3.13 3.12 3.12 3.11 3.10 3.09 3.07 3.05 3.03 3.01 2.98 2.95 2.92 2.88 2.85 2.81 2.77 2.73 2.69 2.65 2.60 2.56 2.51 2.47
0.64 0.67 0.71 0.76 0.80 0.85 0.90 0.95 1.00 1.06 1.12 1.18 1.24 1.31 1.37 1.44 1.51 1.58 1.66 1.73 1.81 1.88 1.96 2.04 2.12 2.20 2.28 2.37 2.45 2.54 2.63 2.72 2.82 2.91 3.01 3.11 3.22 3.33 3.44 3.55 3.67 3.80 3.93 4.06 4.20 4.34 4.48 4.62 4.76 4.91 5.05 5.18 5.31 5.44 5.56 5.67 5.77 5.85 5.93 5.99 6.04 6.08 6.11 6.13 6.13 6.13 6.12 6.10 6.07 6.04 6.01 5.97 5.94 5.90 5.86 5.82 5.78 5.75 5.72 5.68 5.65 5.63 5.60 5.58 5.56 5.54 5.52 5.51 5.49 5.48 5.48 5.48 5.48 5.48 5.49 5.51 5.53 5.55 5.59 5.63 5.67 5.72 5.78 5.85 5.92 6.00 6.08 6.17 6.27 6.37 6.47 6.58 6.68 6.79 6.90 7.01 7.12 7.22 7.32 7.41 7.50 7.58 7.65 7.71 7.76 7.79 7.81 7.82 7.82 7.80 7.76 7.71 7.64 7.56 7.47 7.36 7.24 7.11 6.96 6.81 6.65 6.48 6.31 6.13 5.95 5.77 5.59 5.41 5.23 5.05 4.88 4.71 4.55 4.39 4.24 4.10 3.96 3.82 3.70 3.58 3.47 3.36 3.26 3.16 3.07 2.98 2.90 2.83 2.75 2.68 2.62 2.56 2.50 2.44 2.39 2.34 2.29 2.24 2.20 2.16 2.12 2.08 2.04 2.00 1.97 1.94 1.90 1.87 1.84 1.82 1.79 1.76 1.74 1.72 1.69 1.67 1.65 1.63 1.62 1.60 1.58 1.57 1.56 1.55 1.54 1.53 1.52 1.52 1.51 1.51 1.52 1.52 1.53 1.54 1.56 1.58 1.60 1.63 1.67 1.71 1.76 1.82 1.88 1.95 2.04 2.13 2.23 2.34 2.46 2.60 2.74 2.90 3.07 3.25 3.45 3.65 3.87 4.10 4.34 4.58 4.84 5.10 5.36 5.62 5.89 6.15 6.40 6.64 6.88 7.10 7.30 7.49 7.66 7.80 7.93 8.03 8.12 8.18 8.22 8.24 8.24 8.22 8.19 8.15 8.09 8.02 7.94 7.86 7.77 7.67 7.58 7.48 7.38 7.28 7.17 7.07 6.97 6.87 6.76 6.66 6.55 6.45 6.34 6.23 6.12 6.01 5.90 5.79 5.68 5.57 5.46 5.35 5.26 5.16 5.08 5.01 4.94 4.89 4.86 4.85 4.85 4.87 4.92 4.99 5.09 5.20 5.35 5.52 5.70 5.92 6.14 6.39 6.65 6.91 7.18 7.45 7.71 7.96 8.20 8.41 8.60 8.76 8.89 8.99 9.05 9.07 9.05 9.00 8.91 8.78 8.63 8.45 8.24 8.01 7.77 7.51 7.25 6.98 6.71 6.44 6.19 5.94 5.70 5.47 5.26 5.06 4.87 4.70 4.55 4.41 4.28 4.16 4.06 3.97 3.88 3.80 3.73 3.67 3.61 3.56 3.51 3.47 3.43 3.39 3.36 3.33 3.30 3.28 3.26 3.24 3.23 3.22 3.21 3.20 3.19 3.18 3.17 3.16 3.15 3.14 3.12 3.10 3.08 3.06 3.03 3.00 2.97 2.94 2.90 2.86 2.83 2.79 2.74 2.70 2.66 2.62 2.57 2.53 2.48 2.44
0.62 0.66 0.70 0.74 0.78 0.83 0.87 0.92 0.98 1.03 1.09 1.15 1.21 1.27 1.33 1.40 1.47 1.54 1.61 1.68 1.76 1.83 1.91 1.99 2.07 2.15 2.24 2.32 2.41 2.50 2.59 2.68 2.78 2.88 2.98 3.09 3.20 3.32 3.44 3.56 3.69 3.83 3.97 4.11 4.26 4.42 4.57 4.73 4.89 5.05 5.20 5.35 5.50 5.64 5.77 5.89 5.99 6.09 6.17 6.24 6.29 6.33 6.35 6.36 6.36 6.35 6.33 6.30 6.26 6.22 6.18 6.13 6.08 6.03 5.98 5.94 5.89 5.85 5.81 5.78 5.74 5.71 5.68 5.66 5.64 5.62 5.60 5.58 5.57 5.57 5.56 5.56 5.56 5.57 5.58 5.60 5.62 5.65 5.68 5.71 5.76 5.80 5.86 5.92 5.98 6.05 6.13 6.21 6.29 6.38 6.47 6.56 6.66 6.75 6.84 6.94 7.03 7.12 7.20 7.28 7.35 7.42 7.47 7.52 7.56 7.59 7.60 7.60 7.59 7.57 7.53 7.48 7.41 7.34 7.24 7.14 7.03 6.90 6.77 6.62 6.47 6.32 6.16 5.99 5.82 5.66 5.49 5.32 5.15 4.99 4.83 4.67 4.52 4.37 4.22 4.09 3.96 3.83 3.71 3.60 3.49 3.38 3.28 3.19 3.10 3.02 2.94 2.86 2.79 2.73 2.66 2.60 2.54 2.48 2.43 2.38 2.33 2.28 2.24 2.19 2.15 2.11 2.07 2.04 2.00 1.97 1.93 1.90 1.87 1.84 1.81 1.79 1.76 1.74 1.71 1.69 1.67 1.65 1.63 1.61 1.60 1.58 1.57 1.56 1.55 1.54 1.53 1.53 1.53 1.53 1.53 1.54 1.54 1.56 1.58 1.60 1.62 1.66 1.69 1.74 1.79 1.85 1.92 2.00 2.09 2.19 2.30 2.42 2.55 2.70 2.85 3.03 3.21 3.41 3.62 3.84 4.07 4.31 4.57 4.83 5.10 5.37 5.65 5.93 6.20 6.48 6.74 6.99 7.23 7.46 7.67 7.86 8.02 8.17 8.29 8.39 8.46 8.51 8.53 8.53 8.52 8.48 8.42 8.36 8.27 8.18 8.08 7.97 7.85 7.73 7.61 7.49 7.36 7.24 7.12 7.00 6.88 6.76 6.64 6.53 6.41 6.30 6.19 6.07 5.96 5.85 5.74 5.63 5.52 5.41 5.31 5.21 5.11 5.02 4.94 4.87 4.82 4.77 4.74 4.73 4.74 4.76 4.81 4.88 4.97 5.09 5.23 5.39 5.58 5.79 6.01 6.25 6.51 6.77 7.04 7.31 7.57 7.82 8.06 8.28 8.48 8.66 8.80 8.90 8.98 9.01 9.01 8.98 8.90 8.80 8.66 8.49 8.30 8.09 7.85 7.61 7.35 7.09 6.83 6.57 6.31 6.06 5.82 5.59 5.38 5.17 4.98 4.81 4.65 4.50 4.37 4.25 4.14 4.05 3.96 3.88 3.81 3.74 3.69 3.63 3.59 3.54 3.50 3.47 3.43 3.41 3.38 3.35 3.33 3.31 3.30 3.28 3.27 3.25 3.24 3.22 3.21 3.19 3.17 3.15 3.13 3.11 3.08 3.06 3.03 2.99 2.96 2.92 2.88 2.84 2.80 2.76 2.72 2.68 2.63 2.59 2.54 2.50 2.45 2.40
0.61 0.64 0.68 0.72 0.76 0.81 0.85 0.90 0.95 1.00 1.06 1.11 1.17 1.23 1.30 1.36 1.43 1.50 1.57 1.64 1.71 1.79 1.86 1.94 2.02 2.10 2.19 2.27 2.36 2.45 2.55 2.64 2.74 2.85 2.96 3.07 3.19 3.31 3.44 3.57 3.71 3.86 4.01 4.17 4.34 4.51 4.68 4.86 5.03 5.21 5.38 5.55 5.71 5.86 6.01 6.14 6.25 6.35 6.44 6.51 6.56 6.60 6.62 6.62 6.61 6.59 6.56 6.51 6.47 6.41 6.35 6.30 6.23 6.17 6.12 6.06 6.01 5.96 5.91 5.87 5.83 5.79 5.76 5.73 5.71 5.69 5.67 5.66 5.65 5.64 5.64 5.64 5.64 5.65 5.66 5.68 5.70 5.73 5.76 5.79 5.83 5.88 5.93 5.98 6.04 6.10 6.17 6.24 6.31 6.39 6.47 6.55 6.63 6.71 6.79 6.87 6.95 7.02 7.09 7.16 7.22 7.27 7.32 7.35 7.38 7.40 7.40 7.40 7.38 7.36 7.32 7.26 7.20 7.12 7.04 6.94 6.83 6.71 6.59 6.45 6.31 6.17 6.02 5.86 5.71 5.55 5.39 5.24 5.08 4.93 4.78 4.63 4.49 4.35 4.21 4.08 3.96 3.84 3.72 3.61 3.51 3.41 3.32 3.23 3.14 3.06 2.98 2.91 2.84 2.77 2.70 2.64 2.58 2.53 2.47 2.42 2.37 2.32 2.28 2.23 2.19 2.15 2.11 2.07 2.03 2.00 1.96 1.93 1.90 1.87 1.84 1.81 1.78 1.76 1.73 1.71 1.69 1.67 1.65 1.63 1.61 1.60 1.58 1.57 1.56 1.55 1.55 1.54 1.54 1.54 1.54 1.55 1.56 1.57 1.59 1.62 1.64 1.68 1.72 1.77 1.82 1.89 1.96 2.05 2.14 2.25 2.36 2.49 2.64 2.79 2.96 3.15 3.34 3.55 3.78 4.01 4.26 4.52 4.79 5.07 5.36 5.65 5.94 6.23 6.52 6.80 7.08 7.34 7.59 7.83 8.04 8.23 8.40 8.54 8.66 8.74 8.81 8.84 8.85 8.84 8.80 8.75 8.67 8.57 8.47 8.35 8.22 8.08 7.94 7.79 7.65 7.50 7.35 7.21 7.06 6.93 6.79 6.66 6.53 6.40 6.28 6.15 6.04 5.92 5.80 5.69 5.58 5.47 5.36 5.25 5.15 5.06 4.97 4.89 4.81 4.75 4.69 4.65 4.63 4.62 4.63 4.66 4.71 4.78 4.87 4.99 5.13 5.29 5.48 5.68 5.91 6.15 6.40 6.66 6.93 7.20 7.47 7.73 7.97 8.20 8.41 8.59 8.75 8.87 8.96 9.01 9.02 9.00 8.95 8.86 8.73 8.58 8.40 8.20 7.98 7.74 7.49 7.24 6.98 6.72 6.46 6.21 5.96 5.73 5.51 5.30 5.10 4.92 4.76 4.61 4.47 4.34 4.23 4.13 4.04 3.95 3.88 3.81 3.76 3.70 3.65 3.61 3.57 3.53 3.50 3.47 3.44 3.42 3.40 3.37 3.35 3.33 3.31 3.30 3.28 3.26 3.24 3.22 3.19 3.17 3.14 3.12 3.09 3.05 3.02 2.98 2.95 2.91 2.87 2.83 2.78 2.74 2.70 2.65 2.60 2.56 2.51 2.47 2.42 2.37
0.60 0.63 0.67 0.70 0.74 0.79 0.83 0.88 0.93 0.98 1.03 1.08 1.14 1.20 1.26 1.32 1.39 1.46 1.53 1.60 1.67 1.74 1.82 1.90 1.98 2.06 2.14 2.23 2.32 2.41 2.51 2.61 2.71 2.82 2.93 3.05 3.17 3.31 3.44 3.59 3.74 3.90 4.07 4.24 4.43 4.61 4.80 5.00 5.19 5.39 5.58 5.77 5.95 6.12 6.27 6.42 6.54 6.65 6.74 6.81 6.86 6.90 6.91 6.91 6.89 6.85 6.81 6.75 6.69 6.62 6.55 6.47 6.40 6.32 6.25 6.19 6.12 6.06 6.01 5.96 5.91 5.87 5.84 5.81 5.78 5.76 5.74 5.73 5.72 5.71 5.71 5.71 5.71 5.72 5.73 5.75 5.77 5.80 5.83 5.86 5.90 5.94 5.99 6.04 6.09 6.15 6.21 6.27 6.33 6.40 6.47 6.54 6.61 6.68 6.74 6.81 6.88 6.94 7.00 7.05 7.10 7.14 7.17 7.20 7.22 7.23 7.23 7.22 7.20 7.16 7.12 7.07 7.01 6.93 6.85 6.76 6.65 6.54 6.42 6.30 6.17 6.03 5.89 5.75 5.60 5.46 5.31 5.16 5.02 4.88 4.73 4.60 4.46 4.33 4.20 4.08 3.96 3.85 3.74 3.64 3.54 3.44 3.35 3.26 3.18 3.10 3.02 2.95 2.88 2.81 2.75 2.69 2.63 2.57 2.51 2.46 2.41 2.36 2.31 2.27 2.22 2.18 2.14 2.10 2.06 2.03 1.99 1.96 1.92 1.89 1.86 1.83 1.80 1.78 1.75 1.73 1.71 1.68 1.66 1.65 1.63 1.61 1.60 1.59 1.58 1.57 1.56 1.56 1.55 1.55 1.56 1.57 1.58 1.59 1.61 1.64 1.67 1.70 1.75 1.80 1.86 1.93 2.00 2.09 2.19 2.31 2.43 2.57 2.72 2.89 3.07 3.26 3.47 3.69 3.93 4.18 4.45 4.72 5.01 5.31 5.61 5.91 6.22 6.53 6.83 7.13 7.42 7.69 7.95 8.19 8.41 8.61 8.78 8.92 9.03 9.11 9.17 9.19 9.19 9.16 9.10 9.02 8.92 8.80 8.67 8.52 8.37 8.20 8.03 7.86 7.69 7.51 7.34 7.18 7.02 6.86 6.70 6.56 6.41 6.28 6.14 6.01 5.89 5.76 5.65 5.53 5.42 5.31 5.20 5.10 5.01 4.92 4.83 4.75 4.68 4.62 4.58 4.54 4.52 4.52 4.53 4.56 4.61 4.69 4.78 4.90 5.04 5.21 5.39 5.60 5.83 6.07 6.32 6.59 6.86 7.13 7.40 7.67 7.92 8.16 8.38 8.58 8.74 8.88 8.98 9.05 9.08 9.07 9.03 8.96 8.85 8.71 8.54 8.35 8.13 7.90 7.66 7.41 7.15 6.89 6.63 6.37 6.12 5.88 5.65 5.44 5.23 5.05 4.87 4.71 4.57 4.44 4.32 4.21 4.11 4.03 3.95 3.88 3.82 3.77 3.72 3.67 3.63 3.59 3.56 3.53 3.50 3.47 3.45 3.42 3.40 3.38 3.36 3.33 3.31 3.29 3.26 3.24 3.21 3.18 3.15 3.12 3.09 3.05 3.01 2.98 2.94 2.89 2.85 2.81 2.76 2.72 2.67 2.63 2.58 2.53 2.49 2.44 2.39 2.34
0.58 0.62 0.65 0.69 0.73 0.77 0.81 0.86 0.90 0.95 1.00 1.06 1.11 1.17 1.23 1.29 1.35 1.42 1.49 1.56 1.63 1.70 1.78 1.85 1.93 2.01 2.10 2.19 2.28 2.37 2.47 2.57 2.68 2.79 2.91 3.04 3.17 3.31 3.45 3.61 3.78 3.95 4.13 4.33 4.52 4.73 4.94 5.16 5.37 5.59 5.80 6.01 6.21 6.40 6.57 6.73 6.86 6.98 7.08 7.15 7.20 7.23 7.24 7.22 7.19 7.14 7.08 7.01 6.93 6.85 6.76 6.66 6.57 6.48 6.40 6.32 6.24 6.17 6.11 6.05 6.00 5.95 5.91 5.88 5.85 5.82 5.80 5.79 5.78 5.77 5.77 5.77 5.78 5.78 5.80 5.82 5.84 5.86 5.89 5.92 5.96 6.00 6.04 6.09 6.13 6.19 6.24 6.30 6.35 6.41 6.47 6.53 6.59 6.65 6.71 6.76 6.81 6.86 6.91 6.95 6.99 7.02 7.04 7.06 7.07 7.07 7.07 7.05 7.03 6.99 6.95 6.89 6.83 6.76 6.68 6.59 6.49 6.39 6.28 6.16 6.04 5.91 5.78 5.65 5.51 5.37 5.24 5.10 4.97 4.83 4.70 4.57 4.44 4.32 4.20 4.09 3.97 3.87 3.76 3.66 3.57 3.47 3.38 3.30 3.22 3.14 3.06 2.99 2.92 2.86 2.79 2.73 2.67 2.61 2.56 2.50 2.45 2.40 2.35 2.31 2.26 2.22 2.18 2.14 2.10 2.06 2.02 1.99 1.95 1.92 1.89 1.86 1.83 1.80 1.77 1.75 1.73 1.70 1.68 1.66 1.65 1.63 1.62 1.60 1.59 1.58 1.58 1.57 1.57 1.57 1.57 1.58 1.59 1.61 1.63 1.66 1.69 1.73 1.77 1.83 1.89 1.96 2.04 2.14 2.24 2.36 2.49 2.64 2.80 2.98 3.17 3.37 3.59 3.83 4.08 4.35 4.63 4.92 5.22 5.53 5.85 6.17 6.50 6.82 7.14 7.45 7.76 8.04 8.31 8.56 8.79 8.99 9.16 9.30 9.41 9.48 9.53 9.54 9.52 9.48 9.40 9.30 9.18 9.04 8.88 8.70 8.52 8.33 8.13 7.93 7.73 7.54 7.34 7.15 6.97 6.79 6.62 6.46 6.30 6.15 6.01 5.87 5.74 5.62 5.49 5.38 5.27 5.16 5.05 4.96 4.86 4.78 4.70 4.62 4.56 4.51 4.46 4.43 4.42 4.42 4.44 4.47 4.53 4.61 4.71 4.83 4.97 5.14 5.33 5.54 5.77 6.01 6.27 6.54 6.82 7.10 7.38 7.65 7.91 8.16 8.39 8.60 8.78 8.93 9.05 9.13 9.18 9.19 9.16 9.10 9.00 8.87 8.71 8.53 8.32 8.09 7.85 7.60 7.34 7.07 6.81 6.55 6.29 6.05 5.81 5.58 5.37 5.18 4.99 4.82 4.67 4.53 4.41 4.29 4.19 4.10 4.02 3.95 3.88 3.83 3.77 3.73 3.69 3.65 3.61 3.58 3.55 3.52 3.49 3.47 3.44 3.42 3.39 3.36 3.34 3.31 3.28 3.25 3.22 3.19 3.16 3.12 3.09 3.05 3.01 2.97 2.92 2.88 2.84 2.79 2.74 2.70 2.65 2.60 2.56 2.51 2.46 2.41 2.36 2.32
0.57 0.61 0.64 0.67 0.71 0.75 0.79 0.84 0.88 0.93 0.98 1.03 1.08 1.14 1.20 1.26 1.32 1.38 1.45 1.52 1.59 1.66 1.73 1.81 1.89 1.97 2.06 2.15 2.24 2.33 2.44 2.54 2.65 2.77 2.89 3.02 3.16 3.31 3.47 3.64 3.82 4.01 4.21 4.42 4.64 4.86 5.10 5.34 5.58 5.82 6.05 6.28 6.50 6.71 6.90 7.07 7.22 7.35 7.45 7.52 7.57 7.60 7.59 7.57 7.53 7.46 7.38 7.29 7.19 7.09 6.98 6.87 6.76 6.65 6.55 6.45 6.36 6.28 6.21 6.14 6.08 6.03 5.98 5.94 5.91 5.88 5.86 5.84 5.83 5.83 5.82 5.83 5.83 5.84 5.85 5.87 5.89 5.92 5.95 5.98 6.01 6.05 6.09 6.13 6.18 6.22 6.27 6.32 6.37 6.42 6.47 6.53 6.58 6.62 6.67 6.72 6.76 6.80 6.84 6.87 6.89 6.92 6.93 6.94 6.94 6.94 6.92 6.90 6.88 6.84 6.79 6.74 6.68 6.61 6.53 6.44 6.35 6.25 6.15 6.04 5.92 5.80 5.68 5.56 5.43 5.30 5.18 5.05 4.92 4.80 4.67 4.55 4.43 4.32 4.20 4.09 3.99 3.89 3.79 3.69 3.60 3.51 3.42 3.34 3.26 3.18 3.11 3.04 2.97 2.90 2.84 2.78 2.72 2.66 2.60 2.55 2.49 2.44 2.39 2.35 2.30 2.26 2.21 2.17 2.13 2.09 2.05 2.02 1.98 1.95 1.91 1.88 1.85 1.83 1.80 1.77 1.75 1.73 1.70 1.68 1.67 1.65 1.63 1.62 1.61 1.60 1.59 1.59 1.59 1.59 1.59 1.60 1.61 1.63 1.65 1.68 1.71 1.75 1.80 1.85 1.92 2.00 2.08 2.18 2.29 2.42 2.55 2.71 2.88 3.06 3.26 3.48 3.71 3.96 4.22 4.50 4.80 5.11 5.42 5.75 6.09 6.43 6.77 7.11 7.44 7.77 8.09 8.39 8.67 8.92 9.16 9.36 9.54 9.68 9.78 9.86 9.89 9.90 9.87 9.80 9.71 9.59 9.44 9.27 9.09 8.89 8.68 8.46 8.23 8.01 7.78 7.56 7.34 7.13 6.93 6.73 6.54 6.37 6.20 6.04 5.88 5.74 5.60 5.47 5.35 5.23 5.12 5.01 4.91 4.81 4.72 4.64 4.57 4.50 4.44 4.39 4.36 4.33 4.32 4.33 4.35 4.40 4.46 4.54 4.64 4.77 4.92 5.09 5.28 5.50 5.73 5.98 6.25 6.52 6.81 7.09 7.38 7.67 7.94 8.20 8.44 8.66 8.86 9.02 9.16 9.25 9.31 9.34 9.32 9.27 9.19 9.07 8.92 8.74 8.53 8.31 8.07 7.81 7.55 7.28 7.01 6.74 6.48 6.22 5.97 5.74 5.52 5.31 5.12 4.94 4.78 4.63 4.50 4.38 4.27 4.17 4.09 4.01 3.94 3.88 3.83 3.78 3.74 3.70 3.66 3.62 3.59 3.56 3.53 3.50 3.48 3.45 3.42 3.39 3.36 3.33 3.30 3.27 3.23 3.20 3.16 3.12 3.08 3.04 3.00 2.96 2.91 2.87 2.82 2.77 2.73 2.68 2.63 2.58 2.53 2.48 2.44 2.39 2.34 2.29
0.56 0.60 0.63 0.66 0.70 0.74 0.78 0.82 0.86 0.91 0.96 1.01 1.06 1.11 1.17 1.23 1.29 1.35 1.41 1.48 1.55 1.62 1.70 1.77 1.85 1.93 2.02 2.11 2.20 2.30 2.40 2.51 2.63 2.75 2.88 3.02 3.16 3.32 3.49 3.67 3.87 4.07 4.29 4.52 4.76 5.01 5.27 5.53 5.80 6.07 6.33 6.58 6.83 7.06 7.26 7.45 7.61 7.75 7.86 7.93 7.98 8.00 7.99 7.95 7.89 7.81 7.71 7.60 7.48 7.35 7.21 7.08 6.95 6.83 6.70 6.59 6.49 6.39 6.30 6.23 6.16 6.10 6.05 6.00 5.97 5.94 5.91 5.90 5.88 5.88 5.87 5.87 5.88 5.89 5.90 5.92 5.94 5.97 6.00 6.03 6.06 6.09 6.13 6.17 6.21 6.26 6.30 6.35 6.39 6.44 6.48 6.52 6.57 6.61 6.65 6.68 6.72 6.75 6.77 6.80 6.81 6.83 6.83 6.83 6.83 6.82 6.80 6.78 6.74 6.70 6.66 6.60 6.54 6.47 6.39 6.31 6.22 6.13 6.03 5.93 5.82 5.71 5.59 5.48 5.36 5.24 5.12 5.00 4.89 4.77 4.65 4.54 4.43 4.32 4.21 4.11 4.01 3.91 3.81 3.72 3.63 3.54 3.46 3.38 3.30 3.23 3.15 3.08 3.01 2.95 2.88 2.82 2.76 2.70 2.65 2.59 2.54 2.49 2.44 2.39 2.34 2.29 2.25 2.21 2.16 2.12 2.08 2.05 2.01 1.98 1.94 1.91 1.88 1.85 1.82 1.80 1.77 1.75 1.72 1.70 1.68 1.67 1.65 1.64 1.63 1.62 1.61 1.61 1.60 1.60 1.61 1.62 1.63 1.65 1.67 1.70 1.73 1.77 1.82 1.88 1.95 2.03 2.12 2.22 2.34 2.47 2.61 2.77 2.95 3.14 3.35 3.58 3.82 4.08 4.36 4.65 4.96 5.28 5.62 5.96 6.31 6.67 7.03 7.38 7.74 8.08 8.41 8.72 9.01 9.28 9.52 9.74 9.91 10.06 10.16 10.23 10.26 10.25 10.21 10.13 10.02 9.87 9.71 9.51 9.30 9.08 8.84 8.59 8.34 8.09 7.84 7.59 7.35 7.11 6.89 6.68 6.47 6.28 6.10 5.92 5.76 5.61 5.47 5.33 5.20 5.08 4.97 4.87 4.77 4.68 4.59 4.51 4.44 4.38 4.33 4.29 4.26 4.24 4.24 4.25 4.28 4.33 4.39 4.48 4.59 4.72 4.88 5.06 5.26 5.47 5.71 5.97 6.24 6.53 6.82 7.12 7.42 7.71 8.00 8.27 8.53 8.76 8.97 9.15 9.30 9.41 9.48 9.52 9.52 9.48 9.40 9.29 9.14 8.97 8.77 8.54 8.30 8.04 7.77 7.50 7.22 6.94 6.67 6.40 6.14 5.90 5.67 5.45 5.24 5.06 4.89 4.73 4.59 4.46 4.34 4.24 4.15 4.07 4.00 3.94 3.88 3.83 3.78 3.74 3.70 3.66 3.63 3.60 3.57 3.54 3.51 3.47 3.44 3.41 3.38 3.35 3.31 3.28 3.24 3.20 3.16 3.12 3.08 3.04 2.99 2.95 2.90 2.85 2.81 2.76 2.71 2.66 2.61 2.56 2.51 2.46 2.41 2.36 2.31 2.27
0.56 0.59 0.62 0.65 0.68 0.72 0.76 0.80 0.84 0.89 0.93 0.98 1.03 1.09 1.14 1.20 1.26 1.32 1.38 1.45 1.52 1.59 1.66 1.74 1.82 1.90 1.98 2.07 2.17 2.27 2.37 2.49 2.60 2.73 2.87 3.01 3.17 3.34 3.52 3.72 3.93 4.15 4.39 4.64 4.90 5.18 5.46 5.75 6.05 6.34 6.63 6.91 7.18 7.43 7.66 7.87 8.04 8.19 8.30 8.38 8.42 8.43 8.41 8.36 8.28 8.18 8.06 7.92 7.78 7.62 7.47 7.31 7.16 7.01 6.87 6.74 6.62 6.50 6.40 6.32 6.24 6.17 6.11 6.06 6.02 5.99 5.96 5.94 5.93 5.92 5.92 5.92 5.92 5.93 5.95 5.97 5.99 6.01 6.04 6.07 6.10 6.14 6.17 6.21 6.25 6.29 6.33 6.37 6.41 6.45 6.49 6.52 6.56 6.59 6.62 6.65 6.68 6.70 6.72 6.73 6.74 6.75 6.75 6.74 6.73 6.72 6.69 6.66 6.63 6.58 6.54 6.48 6.42 6.35 6.28 6.20 6.11 6.02 5.93 5.83 5.73 5.63 5.52 5.41 5.30 5.19 5.08 4.97 4.86 4.75 4.64 4.53 4.43 4.33 4.22 4.13 4.03 3.93 3.84 3.75 3.67 3.58 3.50 3.42 3.35 3.27 3.20 3.13 3.06 3.00 2.93 2.87 2.81 2.75 2.69 2.64 2.58 2.53 2.48 2.43 2.38 2.33 2.29 2.24 2.20 2.16 2.12 2.08 2.04 2.01 1.97 1.94 1.91 1.88 1.85 1.82 1.79 1.77 1.75 1.72 1.70 1.69 1.67 1.66 1.65 1.64 1.63 1.62 1.62 1.62 1.63 1.64 1.65 1.67 1.69 1.72 1.76 1.80 1.85 1.91 1.98 2.06 2.16 2.26 2.38 2.52 2.67 2.83 3.02 3.22 3.43 3.67 3.92 4.20 4.49 4.79 5.11 5.45 5.80 6.16 6.53 6.90 7.27 7.65 8.02 8.37 8.72 9.05 9.35 9.63 9.88 10.10 10.28 10.43 10.53 10.60 10.62 10.60 10.55 10.45 10.32 10.16 9.97 9.75 9.52 9.27 9.00 8.73 8.45 8.17 7.89 7.62 7.36 7.10 6.86 6.62 6.40 6.19 6.00 5.81 5.64 5.48 5.33 5.20 5.07 4.95 4.83 4.73 4.63 4.54 4.46 4.39 4.32 4.27 4.22 4.19 4.16 4.15 4.16 4.17 4.21 4.27 4.34 4.43 4.55 4.69 4.85 5.03 5.24 5.47 5.71 5.98 6.26 6.55 6.86 7.17 7.48 7.78 8.08 8.37 8.64 8.89 9.11 9.30 9.46 9.59 9.68 9.73 9.73 9.70 9.63 9.53 9.39 9.22 9.01 8.79 8.54 8.28 8.01 7.72 7.44 7.15 6.86 6.59 6.32 6.06 5.82 5.59 5.37 5.18 4.99 4.83 4.68 4.54 4.42 4.31 4.22 4.13 4.05 3.99 3.93 3.87 3.82 3.78 3.74 3.70 3.66 3.63 3.60 3.56 3.53 3.50 3.46 3.43 3.40 3.36 3.32 3.29 3.25 3.21 3.16 3.12 3.08 3.03 2.99 2.94 2.89 2.84 2.79 2.74 2.69 2.64 2.59 2.54 2.49 2.44 2.39 2.34 2.29 2.24
0.55 0.58 0.61 0.64 0.67 0.71 0.75 0.79 0.83 0.87 0.91 0.96 1.01 1.06 1.12 1.17 1.23 1.29 1.35 1.42 1.48 1.55 1.63 1.70 1.78 1.86 1.95 2.04 2.14 2.24 2.35 2.46 2.58 2.72 2.86 3.01 3.18 3.36 3.55 3.76 3.99 4.23 4.49 4.77 5.06 5.36 5.67 5.99 6.32 6.64 6.96 7.27 7.56 7.84 8.09 8.31 8.50 8.66 8.78 8.85 8.89 8.90 8.86 8.79 8.70 8.57 8.43 8.27 8.10 7.92 7.73 7.55 7.37 7.20 7.04 6.88 6.75 6.62 6.50 6.40 6.31 6.24 6.17 6.12 6.07 6.03 6.00 5.98 5.97 5.96 5.95 5.96 5.96 5.97 5.99 6.00 6.03 6.05 6.08 6.11 6.14 6.17 6.21 6.24 6.28 6.32 6.35 6.39 6.43 6.46 6.49 6.53 6.56 6.58 6.61 6.63 6.65 6.66 6.68 6.68 6.69 6.68 6.68 6.67 6.65 6.63 6.60 6.57 6.53 6.48 6.43 6.38 6.32 6.25 6.18 6.10 6.02 5.94 5.85 5.75 5.66 5.56 5.46 5.36 5.26 5.15 5.05 4.95 4.84 4.74 4.64 4.53 4.44 4.34 4.24 4.15 4.05 3.96 3.88 3.79 3.71 3.63 3.55 3.47 3.39 3.32 3.25 3.18 3.11 3.04 2.98 2.92 2.86 2.80 2.74 2.68 2.63 2.57 2.52 2.47 2.42 2.37 2.33 2.28 2.24 2.19 2.15 2.11 2.07 2.04 2.00 1.97 1.93 1.90 1.87 1.84 1.82 1.79 1.77 1.75 1.73 1.71 1.69 1.68 1.66 1.65 1.65 1.64 1.64 1.64 1.65 1.65 1.67 1.69 1.71 1.74 1.78 1.82 1.88 1.94 2.01 2.10 2.19 2.30 2.42 2.56 2.72 2.89 3.08 3.29 3.51 3.76 4.02 4.30 4.60 4.92 5.26 5.61 5.97 6.34 6.73 7.12 7.51 7.90 8.28 8.66 9.02 9.36 9.68 9.97 10.23 10.45 10.64 10.79 10.89 10.96 10.97 10.95 10.88 10.77 10.62 10.44 10.23 9.99 9.73 9.45 9.16 8.86 8.56 8.25 7.95 7.65 7.36 7.09 6.82 6.57 6.33 6.11 5.90 5.71 5.53 5.36 5.21 5.07 4.94 4.81 4.70 4.60 4.50 4.42 4.34 4.27 4.21 4.16 4.12 4.09 4.07 4.07 4.08 4.11 4.15 4.21 4.29 4.40 4.52 4.67 4.83 5.03 5.24 5.47 5.73 6.00 6.30 6.60 6.91 7.23 7.55 7.87 8.19 8.49 8.77 9.04 9.27 9.48 9.65 9.79 9.89 9.95 9.97 9.95 9.89 9.78 9.65 9.48 9.27 9.05 8.80 8.53 8.25 7.95 7.66 7.36 7.06 6.77 6.49 6.22 5.97 5.73 5.50 5.29 5.10 4.93 4.77 4.62 4.49 4.38 4.28 4.19 4.11 4.03 3.97 3.91 3.86 3.81 3.77 3.73 3.69 3.66 3.62 3.59 3.55 3.52 3.48 3.45 3.41 3.37 3.33 3.29 3.25 3.21 3.16 3.12 3.07 3.03 2.98 2.93 2.88 2.83 2.78 2.73 2.68 2.63 2.57 2.52 2.47 2.42 2.37 2.32 2.27 2.22
0.54 0.57 0.60 0.63 0.66 0.70 0.73 0.77 0.81 0.85 0.90 0.94 0.99 1.04 1.09 1.15 1.20 1.26 1.32 1.39 1.45 1.52 1.60 1.67 1.75 1.83 1.92 2.01 2.11 2.21 2.32 2.44 2.57 2.71 2.85 3.02 3.19 3.38 3.59 3.82 4.06 4.33 4.61 4.91 5.22 5.55 5.90 6.25 6.60 6.96 7.31 7.65 7.97 8.28 8.55 8.79 9.00 9.16 9.28 9.36 9.40 9.39 9.34 9.26 9.14 8.99 8.82 8.63 8.43 8.22 8.01 7.80 7.59 7.40 7.21 7.04 6.88 6.73 6.60 6.49 6.39 6.30 6.23 6.17 6.12 6.07 6.04 6.02 6.00 5.99 5.99 5.99 5.99 6.00 6.02 6.04 6.06 6.08 6.11 6.14 6.17 6.20 6.24 6.27 6.31 6.34 6.38 6.41 6.44 6.47 6.50 6.53 6.56 6.58 6.60 6.61 6.63 6.63 6.64 6.64 6.64 6.63 6.62 6.60 6.58 6.55 6.52 6.48 6.44 6.40 6.35 6.29 6.23 6.16 6.09 6.02 5.94 5.86 5.78 5.69 5.60 5.51 5.41 5.32 5.22 5.12 5.03 4.93 4.83 4.73 4.64 4.54 4.45 4.35 4.26 4.17 4.08 4.00 3.91 3.83 3.75 3.67 3.59 3.51 3.44 3.37 3.30 3.23 3.16 3.09 3.03 2.97 2.91 2.84 2.79 2.73 2.67 2.62 2.56 2.51 2.46 2.41 2.36 2.32 2.27 2.23 2.19 2.14 2.10 2.07 2.03 1.99 1.96 1.93 1.90 1.87 1.84 1.81 1.79 1.77 1.75 1.73 1.71 1.70 1.68 1.67 1.67 1.66 1.66 1.66 1.67 1.67 1.69 1.71 1.73 1.76 1.80 1.85 1.90 1.97 2.04 2.13 2.22 2.34 2.46 2.61 2.77 2.94 3.14 3.35 3.58 3.83 4.11 4.40 4.71 5.04 5.39 5.75 6.13 6.51 6.91 7.32 7.72 8.13 8.53 8.92 9.30 9.65 9.98 10.29 10.56 10.79 10.99 11.14 11.24 11.30 11.31 11.28 11.20 11.08 10.91 10.71 10.48 10.22 9.93 9.63 9.31 8.99 8.66 8.33 8.00 7.68 7.37 7.07 6.79 6.52 6.27 6.03 5.81 5.61 5.42 5.25 5.09 4.94 4.81 4.69 4.58 4.47 4.38 4.30 4.23 4.16 4.11 4.06 4.03 4.00 3.99 4.00 4.01 4.05 4.10 4.17 4.25 4.36 4.49 4.65 4.82 5.02 5.25 5.49 5.76 6.04 6.34 6.66 6.98 7.31 7.65 7.98 8.31 8.62 8.92 9.20 9.45 9.67 9.86 10.01 10.12 10.19 10.22 10.20 10.14 10.05 9.91 9.74 9.54 9.31 9.05 8.78 8.49 8.19 7.88 7.57 7.26 6.96 6.67 6.39 6.12 5.86 5.63 5.41 5.21 5.02 4.85 4.70 4.57 4.44 4.34 4.24 4.15 4.08 4.01 3.95 3.90 3.85 3.80 3.76 3.72 3.68 3.64 3.61 3.57 3.53 3.50 3.46 3.42 3.38 3.34 3.30 3.25 3.21 3.16 3.12 3.07 3.02 2.97 2.92 2.87 2.82 2.77 2.71 2.66 2.61 2.56 2.50 2.45 2.40 2.35 2.30 2.25 2.20
0.54 0.56 0.59 0.62 0.65 0.69 0.72 0.76 0.80 0.84 0.88 0.93 0.97 1.02 1.07 1.13 1.18 1.24 1.30 1.36 1.43 1.50 1.57 1.64 1.72 1.80 1.89 1.98 2.08 2.19 2.30 2.42 2.55 2.70 2.85 3.02 3.21 3.41 3.64 3.88 4.14 4.43 4.73 5.06 5.40 5.76 6.14 6.52 6.91 7.30 7.68 8.06 8.41 8.74 9.04 9.30 9.52 9.69 9.82 9.90 9.93 9.91 9.85 9.75 9.61 9.43 9.23 9.01 8.78 8.54 8.30 8.06 7.82 7.60 7.39 7.19 7.01 6.85 6.70 6.57 6.46 6.36 6.28 6.21 6.16 6.11 6.07 6.05 6.03 6.02 6.01 6.01 6.02 6.03 6.04 6.06 6.08 6.11 6.14 6.17 6.20 6.23 6.26 6.30 6.33 6.36 6.40 6.43 6.46 6.49 6.51 6.53 6.56 6.57 6.59 6.60 6.61 6.61 6.61 6.61 6.60 6.58 6.57 6.55 6.52 6.49 6.46 6.42 6.37 6.33 6.27 6.22 6.16 6.09 6.02 5.95 5.88 5.80 5.72 5.64 5.55 5.46 5.38 5.29 5.19 5.10 5.01 4.92 4.83 4.73 4.64 4.55 4.46 4.37 4.29 4.20 4.12 4.03 3.95 3.87 3.79 3.71 3.64 3.56 3.49 3.42 3.35 3.28 3.21 3.14 3.08 3.02 2.95 2.89 2.83 2.78 2.72 2.66 2.61 2.55 2.50 2.45 2.40 2.36 2.31 2.26 2.22 2.18 2.14 2.10 2.06 2.02 1.99 1.95 1.92 1.89 1.86 1.84 1.81 1.79 1.77 1.75 1.73 1.71 1.70 1.69 1.68 1.68 1.68 1.68 1.68 1.69 1.71 1.73 1.75 1.78 1.82 1.87 1.93 1.99 2.07 2.15 2.26 2.37 2.50 2.65 2.81 2.99 3.19 3.41 3.64 3.90 4.18 4.48 4.80 5.14 5.50 5.88 6.27 6.67 7.08 7.50 7.92 8.34 8.76 9.17 9.56 9.93 10.27 10.59 10.87 11.11 11.31 11.46 11.57 11.63 11.63 11.59 11.50 11.37 11.19 10.97 10.72 10.44 10.13 9.80 9.46 9.11 8.76 8.40 8.05 7.71 7.38 7.06 6.76 6.47 6.21 5.96 5.73 5.51 5.32 5.14 4.97 4.83 4.69 4.57 4.46 4.35 4.27 4.19 4.12 4.06 4.01 3.97 3.94 3.92 3.92 3.93 3.95 3.99 4.05 4.12 4.22 4.34 4.48 4.64 4.82 5.03 5.26 5.52 5.79 6.09 6.40 6.72 7.06 7.41 7.75 8.10 8.44 8.77 9.08 9.37 9.64 9.87 10.07 10.23 10.35 10.43 10.47 10.46 10.40 10.31 10.18 10.00 9.80 9.56 9.30 9.02 8.72 8.41 8.09 7.77 7.46 7.14 6.84 6.54 6.26 6.00 5.75 5.52 5.31 5.11 4.94 4.78 4.63 4.51 4.39 4.29 4.20 4.12 4.05 3.99 3.93 3.88 3.83 3.79 3.74 3.70 3.66 3.63 3.59 3.55 3.51 3.47 3.43 3.39 3.34 3.30 3.26 3.21 3.16 3.11 3.06 3.01 2.96 2.91 2.86 2.81 2.75 2.70 2.65 2.59 2.54 2.49 2.43 2.38 2.33 2.28 2.23 2.18
0.53 0.56 0.59 0.61 0.65 0.68 0.71 0.75 0.79 0.83 0.87 0.91 0.96 1.00 1.05 1.11 1.16 1.22 1.28 1.34 1.40 1.47 1.54 1.62 1.69 1.78 1.86 1.96 2.06 2.17 2.28 2.41 2.54 2.69 2.86 3.04 3.23 3.45 3.69 3.95 4.23 4.53 4.86 5.22 5.59 5.98 6.39 6.81 7.23 7.66 8.07 8.48 8.86 9.22 9.54 9.83 10.06 10.25 10.38 10.46 10.48 10.46 10.38 10.25 10.09 9.89 9.66 9.41 9.14 8.87 8.59 8.32 8.05 7.80 7.56 7.34 7.14 6.96 6.80 6.65 6.53 6.42 6.33 6.25 6.19 6.14 6.10 6.07 6.05 6.04 6.03 6.03 6.04 6.05 6.06 6.08 6.11 6.13 6.16 6.19 6.22 6.25 6.28 6.32 6.35 6.38 6.41 6.44 6.47 6.50 6.52 6.54 6.56 6.57 6.58 6.59 6.59 6.59 6.59 6.58 6.56 6.55 6.53 6.50 6.47 6.44 6.40 6.36 6.32 6.27 6.21 6.16 6.10 6.03 5.97 5.90 5.83 5.75 5.67 5.60 5.52 5.43 5.35 5.26 5.18 5.09 5.00 4.92 4.83 4.74 4.66 4.57 4.48 4.40 4.32 4.23 4.15 4.07 3.99 3.91 3.84 3.76 3.68 3.61 3.54 3.47 3.40 3.33 3.26 3.19 3.13 3.07 3.00 2.94 2.88 2.82 2.76 2.71 2.65 2.60 2.54 2.49 2.44 2.39 2.35 2.30 2.25 2.21 2.17 2.13 2.09 2.05 2.01 1.98 1.95 1.91 1.88 1.86 1.83 1.81 1.79 1.77 1.75 1.73 1.72 1.71 1.70 1.70 1.70 1.70 1.70 1.71 1.73 1.75 1.77 1.81 1.84 1.89 1.95 2.02 2.09 2.18 2.28 2.40 2.53 2.68 2.85 3.03 3.23 3.46 3.70 3.96 4.25 4.56 4.89 5.23 5.60 5.99 6.39 6.80 7.23 7.66 8.10 8.54 8.97 9.39 9.79 10.18 10.53 10.86 11.15 11.40 11.61 11.77 11.87 11.93 11.93 11.89 11.79 11.64 11.45 11.21 10.94 10.64 10.31 9.96 9.60 9.22 8.84 8.47 8.09 7.73 7.38 7.05 6.73 6.43 6.15 5.88 5.64 5.42 5.22 5.03 4.86 4.71 4.58 4.45 4.34 4.24 4.16 4.08 4.01 3.96 3.91 3.88 3.86 3.85 3.85 3.86 3.89 3.94 4.01 4.09 4.19 4.32 4.46 4.63 4.83 5.04 5.28 5.55 5.83 6.14 6.46 6.80 7.15 7.50 7.86 8.22 8.57 8.92 9.24 9.54 9.82 10.07 10.28 10.45 10.58 10.67 10.71 10.71 10.66 10.57 10.43 10.26 10.05 9.81 9.54 9.25 8.95 8.63 8.30 7.97 7.64 7.31 7.00 6.69 6.40 6.12 5.86 5.62 5.40 5.20 5.01 4.85 4.70 4.56 4.44 4.34 4.24 4.16 4.09 4.02 3.96 3.91 3.86 3.81 3.76 3.72 3.68 3.64 3.60 3.56 3.52 3.48 3.44 3.39 3.35 3.30 3.26 3.21 3.16 3.11 3.06 3.01 2.96 2.90 2.85 2.80 2.74 2.69 2.63 2.58 2.52 2.47 2.42 2.36 2.31 2.26 2.21 2.15
0.53 0.55 0.58 0.61 0.64 0.67 0.70 0.74 0.77 0.81 0.85 0.90 0.94 0.99 1.04 1.09 1.14 1.20 1.26 1.32 1.38 1.45 1.52 1.59 1.67 1.75 1.84 1.94 2.04 2.15 2.26 2.39 2.53 2.69 2.86 3.05 3.26 3.49 3.74 4.02 4.32 4.65 5.00 5.38 5.79 6.21 6.65 7.11 7.57 8.03 8.48 8.92 9.34 9.72 10.07 10.37 10.62 10.82 10.96 11.04 11.05 11.01 10.92 10.77 10.58 10.35 10.09 9.80 9.50 9.20 8.89 8.58 8.29 8.00 7.74 7.49 7.27 7.07 6.89 6.73 6.59 6.47 6.37 6.29 6.22 6.17 6.12 6.09 6.07 6.06 6.05 6.05 6.05 6.06 6.08 6.10 6.12 6.15 6.17 6.20 6.24 6.27 6.30 6.33 6.36 6.40 6.43 6.45 6.48 6.50 6.53 6.54 6.56 6.57 6.58 6.58 6.58 6.58 6.57 6.55 6.54 6.52 6.49 6.47 6.43 6.40 6.36 6.31 6.27 6.22 6.17 6.11 6.05 5.99 5.92 5.86 5.79 5.71 5.64 5.57 5.49 5.41 5.33 5.25 5.17 5.09 5.00 4.92 4.84 4.76 4.67 4.59 4.51 4.43 4.35 4.27 4.19 4.11 4.03 3.96 3.88 3.81 3.73 3.66 3.59 3.52 3.45 3.38 3.31 3.25 3.18 3.12 3.05 2.99 2.93 2.87 2.81 2.75 2.70 2.64 2.59 2.53 2.48 2.43 2.38 2.33 2.29 2.24 2.20 2.16 2.11 2.08 2.04 2.00 1.97 1.94 1.91 1.88 1.85 1.83 1.80 1.78 1.77 1.75 1.74 1.73 1.72 1.72 1.71 1.72 1.72 1.73 1.75 1.77 1.79 1.83 1.87 1.91 1.97 2.04 2.12 2.21 2.31 2.43 2.56 2.71 2.88 3.07 3.27 3.50 3.75 4.02 4.31 4.62 4.96 5.31 5.69 6.08 6.49 6.92 7.36 7.80 8.25 8.70 9.15 9.58 10.00 10.40 10.77 11.11 11.41 11.66 11.88 12.04 12.15 12.20 12.21 12.15 12.04 11.89 11.68 11.43 11.14 10.82 10.47 10.10 9.72 9.32 8.92 8.52 8.13 7.75 7.38 7.03 6.69 6.38 6.08 5.81 5.56 5.33 5.12 4.93 4.76 4.61 4.47 4.34 4.23 4.14 4.05 3.98 3.92 3.87 3.83 3.80 3.78 3.77 3.78 3.80 3.84 3.90 3.97 4.06 4.17 4.30 4.45 4.63 4.83 5.06 5.31 5.58 5.87 6.19 6.52 6.87 7.23 7.60 7.97 8.34 8.71 9.06 9.40 9.71 10.00 10.26 10.48 10.66 10.80 10.89 10.94 10.94 10.90 10.81 10.67 10.50 10.29 10.04 9.77 9.47 9.16 8.83 8.49 8.15 7.81 7.47 7.15 6.83 6.53 6.24 5.97 5.72 5.49 5.28 5.09 4.91 4.76 4.62 4.49 4.38 4.28 4.20 4.12 4.05 3.99 3.93 3.88 3.83 3.78 3.74 3.70 3.66 3.61 3.57 3.53 3.49 3.44 3.40 3.35 3.31 3.26 3.21 3.16 3.11 3.05 3.00 2.95 2.89 2.84 2.78 2.73 2.67 2.62 2.56 2.51 2.45 2.40 2.34 2.29 2.24 2.19 2.13
0.52 0.55 0.57 0.60 0.63 0.66 0.69 0.73 0.76 0.80 0.84 0.88 0.93 0.97 1.02 1.07 1.12 1.18 1.24 1.30 1.36 1.43 1.50 1.57 1.65 1.73 1.82 1.91 2.02 2.13 2.25 2.38 2.53 2.69 2.87 3.07 3.29 3.53 3.80 4.09 4.41 4.77 5.15 5.56 5.99 6.45 6.92 7.41 7.91 8.41 8.90 9.37 9.82 10.23 10.61 10.93 11.19 11.40 11.54 11.62 11.63 11.58 11.46 11.29 11.07 10.82 10.52 10.21 9.87 9.53 9.18 8.84 8.52 8.20 7.91 7.64 7.40 7.17 6.98 6.80 6.65 6.52 6.41 6.32 6.25 6.19 6.14 6.11 6.08 6.07 6.06 6.06 6.06 6.07 6.09 6.11 6.13 6.16 6.18 6.21 6.25 6.28 6.31 6.34 6.38 6.41 6.44 6.46 6.49 6.51 6.53 6.55 6.56 6.57 6.57 6.57 6.57 6.56 6.55 6.54 6.52 6.49 6.47 6.44 6.40 6.36 6.32 6.28 6.23 6.18 6.13 6.07 6.01 5.95 5.89 5.82 5.76 5.69 5.62 5.54 5.47 5.40 5.32 5.24 5.17 5.09 5.01 4.93 4.85 4.78 4.70 4.62 4.54 4.46 4.38 4.31 4.23 4.15 4.08 4.00 3.93 3.86 3.78 3.71 3.64 3.57 3.50 3.43 3.36 3.30 3.23 3.17 3.10 3.04 2.98 2.92 2.86 2.80 2.74 2.68 2.63 2.57 2.52 2.47 2.42 2.37 2.32 2.27 2.23 2.18 2.14 2.10 2.06 2.03 1.99 1.96 1.92 1.90 1.87 1.84 1.82 1.80 1.78 1.77 1.75 1.74 1.74 1.73 1.73 1.73 1.74 1.75 1.77 1.79 1.81 1.85 1.89 1.94 1.99 2.06 2.14 2.23 2.33 2.45 2.59 2.74 2.91 3.10 3.30 3.53 3.78 4.06 4.35 4.67 5.01 5.37 5.76 6.16 6.58 7.02 7.46 7.92 8.38 8.84 9.30 9.75 10.18 10.59 10.97 11.32 11.63 11.89 12.11 12.28 12.39 12.45 12.44 12.38 12.27 12.10 11.88 11.62 11.32 10.98 10.61 10.22 9.82 9.40 8.98 8.56 8.15 7.75 7.37 7.00 6.65 6.32 6.02 5.74 5.48 5.24 5.03 4.83 4.66 4.50 4.36 4.24 4.13 4.04 3.95 3.88 3.83 3.78 3.74 3.72 3.71 3.71 3.72 3.75 3.79 3.85 3.93 4.03 4.15 4.28 4.45 4.63 4.84 5.07 5.33 5.61 5.91 6.24 6.58 6.94 7.31 7.69 8.07 8.45 8.83 9.19 9.54 9.87 10.17 10.43 10.67 10.86 11.00 11.10 11.16 11.16 11.12 11.03 10.89 10.72 10.50 10.25 9.98 9.67 9.35 9.01 8.67 8.32 7.97 7.62 7.28 6.96 6.64 6.35 6.07 5.81 5.57 5.35 5.15 4.97 4.81 4.67 4.54 4.42 4.32 4.23 4.15 4.08 4.01 3.95 3.90 3.85 3.80 3.76 3.71 3.67 3.62 3.58 3.54 3.49 3.45 3.40 3.35 3.31 3.26 3.21 3.15 3.10 3.05 2.99 2.94 2.88 2.83 2.77 2.72 2.66 2.60 2.55 2.49 2.44 2.38 2.33 2.27 2.22 2.17 2.11
0.52 0.54 0.57 0.60 0.63 0.66 0.69 0.72 0.76 0.79 0.83 0.87 0.92 0.96 1.01 1.06 1.11 1.16 1.22 1.28 1.34 1.41 1.48 1.55 1.63 1.71 1.80 1.90 2.00 2.11 2.24 2.37 2.53 2.69 2.88 3.09 3.32 3.57 3.86 4.17 4.51 4.89 5.30 5.73 6.20 6.69 7.20 7.73 8.26 8.79 9.32 9.83 10.31 10.75 11.15 11.49 11.77 11.99 12.13 12.20 12.21 12.14 12.01 11.81 11.57 11.28 10.95 10.60 10.23 9.85 9.47 9.10 8.74 8.40 8.08 7.78 7.51 7.27 7.06 6.87 6.71 6.57 6.45 6.35 6.27 6.20 6.15 6.12 6.09 6.07 6.06 6.06 6.07 6.08 6.09 6.11 6.13 6.16 6.19 6.22 6.25 6.28 6.32 6.35 6.38 6.41 6.44 6.47 6.49 6.51 6.53 6.55 6.56 6.56 6.57 6.57 6.56 6.55 6.54 6.52 6.50 6.47 6.44 6.41 6.38 6.34 6.29 6.25 6.20 6.15 6.10 6.04 5.98 5.93 5.86 5.80 5.74 5.67 5.60 5.53 5.46 5.39 5.32 5.25 5.17 5.10 5.02 4.95 4.87 4.80 4.72 4.65 4.57 4.50 4.42 4.35 4.27 4.20 4.12 4.05 3.98 3.90 3.83 3.76 3.69 3.62 3.55 3.48 3.42 3.35 3.28 3.22 3.15 3.09 3.02 2.96 2.90 2.84 2.78 2.73 2.67 2.61 2.56 2.51 2.45 2.40 2.35 2.30 2.26 2.21 2.17 2.12 2.08 2.05 2.01 1.97 1.94 1.91 1.88 1.86 1.83 1.81 1.80 1.78 1.77 1.76 1.75 1.75 1.75 1.75 1.76 1.77 1.78 1.81 1.83 1.87 1.91 1.96 2.01 2.08 2.16 2.25 2.36 2.47 2.61 2.76 2.93 3.12 3.33 3.56 3.81 4.09 4.39 4.71 5.05 5.42 5.81 6.22 6.64 7.09 7.54 8.01 8.48 8.95 9.42 9.88 10.32 10.74 11.13 11.49 11.81 12.08 12.31 12.48 12.59 12.65 12.64 12.58 12.46 12.28 12.05 11.78 11.46 11.11 10.73 10.32 9.90 9.46 9.03 8.59 8.16 7.75 7.35 6.97 6.61 6.27 5.95 5.66 5.40 5.16 4.94 4.74 4.56 4.40 4.27 4.14 4.04 3.94 3.86 3.80 3.74 3.70 3.67 3.65 3.64 3.65 3.67 3.70 3.75 3.82 3.90 4.00 4.13 4.27 4.44 4.63 4.85 5.09 5.35 5.64 5.95 6.28 6.63 7.00 7.38 7.77 8.16 8.55 8.94 9.31 9.67 10.01 10.32 10.59 10.83 11.03 11.18 11.29 11.34 11.35 11.31 11.22 11.09 10.91 10.69 10.44 10.16 9.85 9.52 9.17 8.82 8.46 8.10 7.75 7.40 7.07 6.74 6.44 6.16 5.89 5.64 5.42 5.21 5.03 4.86 4.71 4.58 4.46 4.35 4.26 4.18 4.10 4.03 3.97 3.92 3.86 3.82 3.77 3.72 3.68 3.63 3.59 3.54 3.50 3.45 3.40 3.36 3.31 3.26 3.20 3.15 3.10 3.04 2.99 2.93 2.88 2.82 2.76 2.70 2.65 2.59 2.53 2.48 2.42 2.36 2.31 2.25 2.20 2.15 2.09
0.52 0.54 0.57 0.59 0.62 0.65 0.68 0.71 0.75 0.78 0.82 0.86 0.90 0.95 0.99 1.04 1.09 1.15 1.20 1.26 1.33 1.39 1.46 1.53 1.61 1.69 1.78 1.88 1.99 2.10 2.23 2.37 2.52 2.70 2.89 3.11 3.35 3.62 3.92 4.25 4.62 5.01 5.45 5.91 6.41 6.93 7.48 8.04 8.61 9.18 9.74 10.28 10.79 11.26 11.68 12.04 12.34 12.56 12.71 12.78 12.78 12.69 12.54 12.33 12.05 11.73 11.37 10.99 10.58 10.17 9.75 9.35 8.96 8.59 8.24 7.92 7.63 7.36 7.13 6.93 6.75 6.60 6.47 6.37 6.28 6.21 6.16 6.12 6.09 6.07 6.06 6.06 6.06 6.07 6.09 6.11 6.13 6.16 6.19 6.22 6.25 6.28 6.32 6.35 6.38 6.41 6.44 6.47 6.49 6.51 6.53 6.54 6.55 6.56 6.56 6.56 6.55 6.54 6.53 6.51 6.48 6.46 6.43 6.39 6.36 6.32 6.27 6.23 6.18 6.13 6.08 6.02 5.96 5.91 5.85 5.79 5.72 5.66 5.59 5.53 5.46 5.39 5.32 5.25 5.18 5.11 5.04 4.97 4.90 4.83 4.75 4.68 4.61 4.53 4.46 4.39 4.32 4.24 4.17 4.10 4.03 3.96 3.88 3.81 3.74 3.67 3.60 3.53 3.47 3.40 3.33 3.27 3.20 3.14 3.07 3.01 2.95 2.89 2.83 2.77 2.71 2.65 2.60 2.54 2.49 2.43 2.38 2.33 2.28 2.24 2.19 2.15 2.10 2.06 2.02 1.99 1.96 1.92 1.90 1.87 1.85 1.82 1.81 1.79 1.78 1.77 1.76 1.76 1.76 1.77 1.77 1.78 1.80 1.82 1.85 1.88 1.92 1.97 2.03 2.10 2.18 2.27 2.37 2.49 2.63 2.78 2.95 3.14 3.35 3.58 3.83 4.11 4.41 4.73 5.08 5.45 5.84 6.25 6.69 7.14 7.60 8.07 8.55 9.03 9.51 9.97 10.43 10.86 11.26 11.62 11.95 12.23 12.46 12.63 12.75 12.81 12.80 12.73 12.61 12.42 12.19 11.90 11.57 11.21 10.81 10.39 9.95 9.50 9.05 8.60 8.16 7.73 7.32 6.92 6.55 6.21 5.88 5.59 5.32 5.07 4.85 4.65 4.47 4.31 4.17 4.05 3.94 3.85 3.78 3.71 3.66 3.62 3.60 3.58 3.58 3.59 3.62 3.65 3.71 3.78 3.87 3.98 4.11 4.26 4.43 4.63 4.85 5.10 5.37 5.66 5.98 6.32 6.68 7.05 7.44 7.84 8.24 8.64 9.03 9.41 9.78 10.12 10.44 10.72 10.97 11.17 11.33 11.44 11.50 11.51 11.47 11.38 11.25 11.07 10.85 10.59 10.31 9.99 9.66 9.31 8.95 8.58 8.22 7.85 7.50 7.16 6.83 6.52 6.23 5.96 5.70 5.47 5.26 5.07 4.90 4.75 4.61 4.49 4.38 4.29 4.20 4.12 4.05 3.99 3.93 3.88 3.83 3.78 3.73 3.69 3.64 3.59 3.55 3.50 3.45 3.40 3.36 3.30 3.25 3.20 3.15 3.09 3.04 2.98 2.92 2.87 2.81 2.75 2.69 2.63 2.58 2.52 2.46 2.40 2.35 2.29 2.24 2.18 2.13 2.07
0.51 0.54 0.56 0.59 0.61 0.64 0.67 0.70 0.74 0.77 0.81 0.85 0.89 0.94 0.98 1.03 1.08 1.14 1.19 1.25 1.31 1.38 1.44 1.52 1.59 1.68 1.77 1.87 1.97 2.09 2.22 2.36 2.52 2.70 2.91 3.13 3.38 3.67 3.98 4.33 4.72 5.14 5.60 6.09 6.62 7.18 7.76 8.35 8.96 9.56 10.16 10.73 11.27 11.77 12.21 12.59 12.90 13.13 13.28 13.34 13.33 13.23 13.06 12.82 12.52 12.17 11.78 11.36 10.92 10.47 10.02 9.58 9.16 8.76 8.38 8.04 7.73 7.45 7.20 6.98 6.79 6.63 6.49 6.38 6.29 6.22 6.16 6.11 6.08 6.06 6.05 6.05 6.05 6.06 6.08 6.10 6.12 6.15 6.18 6.21 6.24 6.28 6.31 6.34 6.38 6.41 6.44 6.46 6.49 6.51 6.52 6.54 6.55 6.55 6.55 6.55 6.54 6.53 6.51 6.49 6.47 6.44 6.41 6.38 6.34 6.30 6.26 6.21 6.16 6.11 6.06 6.01 5.95 5.89 5.84 5.78 5.72 5.65 5.59 5.53 5.46 5.40 5.33 5.27 5.20 5.13 5.06 4.99 4.92 4.86 4.79 4.72 4.64 4.57 4.50 4.43 4.36 4.29 4.22 4.15 4.08 4.01 3.94 3.86 3.79 3.72 3.66 3.59 3.52 3.45 3.38 3.32 3.25 3.18 3.12 3.06 2.99 2.93 2.87 2.81 2.75 2.69 2.63 2.58 2.52 2.47 2.41 2.36 2.31 2.26 2.21 2.16 2.12 2.08 2.04 2.00 1.96 1.93 1.90 1.88 1.85 1.83 1.81 1.80 1.79 1.78 1.77 1.77 1.77 1.78 1.79 1.80 1.82 1.84 1.87 1.90 1.94 1.99 2.05 2.12 2.20 2.29 2.39 2.51 2.64 2.79 2.96 3.15 3.36 3.59 3.84 4.12 4.42 4.74 5.09 5.46 5.85 6.27 6.71 7.16 7.63 8.11 8.59 9.08 9.56 10.03 10.49 10.93 11.34 11.71 12.04 12.33 12.56 12.74 12.86 12.92 12.91 12.84 12.71 12.52 12.28 11.98 11.64 11.27 10.86 10.42 9.97 9.51 9.05 8.59 8.14 7.70 7.27 6.87 6.49 6.14 5.81 5.51 5.23 4.98 4.76 4.56 4.38 4.22 4.08 3.96 3.86 3.77 3.70 3.64 3.59 3.55 3.53 3.52 3.52 3.54 3.57 3.61 3.67 3.75 3.84 3.95 4.09 4.24 4.42 4.62 4.85 5.10 5.38 5.68 6.00 6.35 6.71 7.09 7.48 7.89 8.29 8.70 9.10 9.49 9.86 10.21 10.53 10.82 11.07 11.28 11.44 11.55 11.62 11.63 11.59 11.51 11.37 11.19 10.97 10.71 10.42 10.11 9.77 9.41 9.05 8.68 8.31 7.94 7.58 7.23 6.90 6.58 6.29 6.01 5.75 5.52 5.31 5.11 4.94 4.78 4.64 4.52 4.41 4.31 4.22 4.14 4.07 4.01 3.95 3.89 3.84 3.79 3.74 3.69 3.65 3.60 3.55 3.50 3.45 3.40 3.35 3.30 3.25 3.20 3.14 3.08 3.03 2.97 2.91 2.85 2.80 2.74 2.68 2.62 2.56 2.50 2.44 2.39 2.33 2.27 2.22 2.16 2.11 2.06
0.51 0.53 0.56 0.58 0.61 0.64 0.67 0.70 0.73 0.77 0.80 0.84 0.88 0.93 0.97 1.02 1.07 1.12 1.18 1.24 1.30 1.36 1.43 1.50 1.58 1.66 1.76 1.85 1.96 2.08 2.21 2.36 2.53 2.71 2.92 3.16 3.42 3.72 4.05 4.41 4.82 5.27 5.75 6.27 6.83 7.42 8.03 8.66 9.30 9.93 10.56 11.16 11.73 12.25 12.72 13.11 13.43 13.67 13.82 13.88 13.85 13.74 13.55 13.29 12.96 12.58 12.16 11.70 11.23 10.75 10.27 9.80 9.35 8.92 8.52 8.15 7.82 7.52 7.25 7.02 6.82 6.65 6.51 6.39 6.29 6.21 6.15 6.10 6.07 6.05 6.04 6.04 6.04 6.05 6.07 6.09 6.11 6.14 6.17 6.20 6.23 6.27 6.30 6.33 6.37 6.40 6.43 6.45 6.48 6.50 6.51 6.53 6.54 6.54 6.54 6.54 6.53 6.52 6.50 6.48 6.46 6.43 6.40 6.36 6.33 6.29 6.24 6.20 6.15 6.10 6.05 6.00 5.94 5.89 5.83 5.77 5.71 5.66 5.60 5.53 5.47 5.41 5.35 5.28 5.22 5.15 5.09 5.02 4.96 4.89 4.82 4.75 4.68 4.62 4.55 4.48 4.41 4.34 4.27 4.20 4.13 4.06 3.99 3.92 3.85 3.78 3.71 3.64 3.57 3.50 3.43 3.37 3.30 3.23 3.17 3.10 3.04 2.98 2.91 2.85 2.79 2.73 2.67 2.61 2.55 2.50 2.44 2.38 2.33 2.28 2.23 2.18 2.13 2.09 2.04 2.00 1.97 1.93 1.90 1.88 1.85 1.83 1.81 1.80 1.79 1.78 1.78 1.78 1.78 1.79 1.80 1.81 1.83 1.85 1.88 1.92 1.96 2.01 2.06 2.13 2.21 2.30 2.40 2.52 2.65 2.80 2.97 3.15 3.36 3.59 3.84 4.12 4.41 4.74 5.08 5.46 5.85 6.27 6.70 7.16 7.63 8.11 8.60 9.09 9.58 10.05 10.52 10.96 11.37 11.75 12.09 12.38 12.62 12.80 12.92 12.97 12.97 12.90 12.76 12.57 12.32 12.02 11.67 11.29 10.87 10.43 9.97 9.50 9.03 8.56 8.09 7.65 7.22 6.81 6.42 6.06 5.73 5.42 5.15 4.89 4.67 4.47 4.29 4.13 4.00 3.88 3.78 3.69 3.62 3.56 3.52 3.49 3.47 3.46 3.47 3.49 3.52 3.57 3.63 3.71 3.81 3.93 4.07 4.23 4.41 4.61 4.85 5.10 5.38 5.69 6.01 6.36 6.73 7.11 7.51 7.92 8.33 8.74 9.14 9.54 9.91 10.27 10.59 10.88 11.14 11.35 11.51 11.63 11.70 11.71 11.68 11.59 11.46 11.28 11.06 10.80 10.51 10.19 9.85 9.49 9.12 8.75 8.37 8.00 7.64 7.29 6.95 6.63 6.33 6.05 5.79 5.55 5.34 5.14 4.96 4.80 4.66 4.54 4.42 4.32 4.23 4.15 4.08 4.02 3.96 3.90 3.85 3.80 3.75 3.70 3.65 3.60 3.55 3.50 3.45 3.40 3.35 3.30 3.24 3.19 3.13 3.08 3.02 2.96 2.90 2.84 2.78 2.72 2.66 2.61 2.55 2.49 2.43 2.37 2.31 2.26 2.20 2.14 2.09 2.04
0.51 0.53 0.55 0.57 0.60 0.63 0.66 0.69 0.72 0.76 0.79 0.83 0.87 0.92 0.96 1.01 1.06 1.11 1.17 1.22 1.29 1.35 1.42 1.49 1.57 1.65 1.74 1.84 1.95 2.07 2.21 2.36 2.53 2.72 2.94 3.18 3.46 3.77 4.11 4.50 4.92 5.39 5.90 6.44 7.03 7.65 8.29 8.95 9.62 10.29 10.95 11.58 12.17 12.72 13.20 13.61 13.94 14.18 14.33 14.38 14.35 14.22 14.01 13.72 13.37 12.96 12.51 12.02 11.52 11.00 10.49 9.99 9.51 9.06 8.63 8.24 7.89 7.58 7.30 7.05 6.84 6.66 6.51 6.39 6.28 6.20 6.14 6.09 6.05 6.03 6.02 6.02 6.02 6.03 6.05 6.07 6.09 6.12 6.15 6.18 6.21 6.25 6.28 6.32 6.35 6.38 6.41 6.44 6.46 6.48 6.50 6.51 6.52 6.53 6.53 6.52 6.52 6.50 6.49 6.47 6.44 6.42 6.38 6.35 6.31 6.27 6.23 6.19 6.14 6.09 6.04 5.99 5.94 5.89 5.83 5.77 5.72 5.66 5.60 5.54 5.49 5.43 5.36 5.30 5.24 5.18 5.12 5.05 4.99 4.92 4.86 4.79 4.72 4.66 4.59 4.52 4.45 4.39 4.32 4.25 4.18 4.11 4.04 3.97 3.90 3.83 3.76 3.69 3.62 3.55 3.48 3.42 3.35 3.28 3.21 3.15 3.08 3.02 2.95 2.89 2.83 2.77 2.70 2.64 2.58 2.52 2.46 2.41 2.35 2.29 2.24 2.19 2.14 2.09 2.05 2.00 1.96 1.93 1.90 1.87 1.85 1.83 1.81 1.80 1.79 1.78 1.78 1.78 1.78 1.79 1.80 1.82 1.84 1.86 1.89 1.93 1.97 2.02 2.08 2.15 2.22 2.31 2.41 2.53 2.66 2.81 2.97 3.15 3.36 3.58 3.83 4.10 4.40 4.72 5.06 5.43 5.83 6.24 6.68 7.13 7.60 8.08 8.57 9.06 9.55 10.03 10.50 10.94 11.36 11.74 12.08 12.38 12.62 12.80 12.92 12.98 12.97 12.90 12.76 12.57 12.31 12.01 11.66 11.27 10.84 10.39 9.93 9.45 8.97 8.50 8.03 7.58 7.14 6.73 6.34 5.98 5.64 5.34 5.06 4.81 4.58 4.38 4.20 4.05 3.91 3.80 3.70 3.62 3.55 3.50 3.46 3.43 3.41 3.41 3.42 3.44 3.48 3.53 3.60 3.68 3.78 3.90 4.04 4.21 4.39 4.60 4.83 5.09 5.37 5.68 6.01 6.36 6.73 7.12 7.52 7.93 8.34 8.75 9.16 9.55 9.93 10.29 10.62 10.91 11.17 11.38 11.55 11.67 11.73 11.75 11.72 11.63 11.50 11.32 11.10 10.84 10.55 10.23 9.89 9.53 9.16 8.78 8.41 8.04 7.67 7.32 6.98 6.66 6.36 6.08 5.82 5.58 5.36 5.16 4.98 4.82 4.68 4.55 4.44 4.34 4.25 4.17 4.09 4.03 3.96 3.91 3.85 3.80 3.75 3.70 3.65 3.60 3.55 3.50 3.45 3.40 3.35 3.29 3.24 3.18 3.13 3.07 3.01 2.95 2.89 2.83 2.77 2.71 2.65 2.59 2.53 2.47 2.41 2.35 2.30 2.24 2.18 2.13 2.07 2.02
0.50 0.52 0.54 0.57 0.59 0.62 0.65 0.68 0.71 0.75 0.78 0.82 0.86 0.91 0.95 1.00 1.05 1.10 1.16 1.21 1.27 1.34 1.41 1.48 1.56 1.64 1.73 1.83 1.94 2.07 2.21 2.36 2.53 2.73 2.96 3.21 3.49 3.81 4.17 4.57 5.02 5.51 6.04 6.61 7.22 7.87 8.54 9.23 9.93 10.63 11.31 11.97 12.59 13.15 13.65 14.07 14.41 14.65 14.80 14.85 14.80 14.66 14.43 14.12 13.74 13.30 12.82 12.30 11.77 11.23 10.69 10.16 9.65 9.18 8.73 8.32 7.95 7.62 7.33 7.07 6.85 6.66 6.51 6.38 6.27 6.18 6.12 6.07 6.03 6.01 5.99 5.99 5.99 6.00 6.02 6.04 6.07 6.09 6.12 6.16 6.19 6.23 6.26 6.29 6.33 6.36 6.39 6.42 6.44 6.46 6.48 6.49 6.50 6.51 6.51 6.51 6.50 6.49 6.47 6.45 6.43 6.40 6.37 6.34 6.30 6.26 6.22 6.18 6.13 6.09 6.04 5.99 5.94 5.89 5.83 5.78 5.73 5.67 5.61 5.56 5.50 5.44 5.39 5.33 5.27 5.21 5.15 5.08 5.02 4.96 4.90 4.83 4.77 4.70 4.64 4.57 4.50 4.43 4.37 4.30 4.23 4.16 4.09 4.02 3.95 3.88 3.81 3.74 3.67 3.60 3.53 3.46 3.40 3.33 3.26 3.19 3.13 3.06 3.00 2.93 2.87 2.80 2.74 2.67 2.61 2.55 2.49 2.42 2.36 2.30 2.25 2.19 2.14 2.09 2.04 1.99 1.95 1.92 1.88 1.86 1.83 1.81 1.80 1.78 1.78 1.77 1.77 1.78 1.78 1.79 1.81 1.83 1.85 1.87 1.91 1.94 1.98 2.03 2.09 2.16 2.23 2.32 2.42 2.53 2.66 2.81 2.97 3.15 3.35 3.57 3.82 4.08 4.37 4.69 5.03 5.39 5.78 6.19 6.63 7.08 7.54 8.02 8.51 9.00 9.49 9.97 10.44 10.88 11.30 11.68 12.03 12.32 12.56 12.74 12.87 12.92 12.92 12.84 12.71 12.51 12.25 11.95 11.59 11.20 10.77 10.32 9.85 9.37 8.89 8.41 7.94 7.49 7.05 6.64 6.25 5.88 5.55 5.24 4.96 4.71 4.49 4.29 4.12 3.97 3.83 3.72 3.63 3.55 3.48 3.43 3.40 3.37 3.36 3.36 3.37 3.40 3.44 3.49 3.56 3.65 3.75 3.88 4.02 4.18 4.37 4.58 4.82 5.07 5.36 5.67 5.99 6.35 6.72 7.10 7.50 7.91 8.32 8.74 9.14 9.54 9.92 10.27 10.60 10.90 11.15 11.37 11.54 11.66 11.73 11.75 11.71 11.63 11.50 11.32 11.10 10.84 10.55 10.23 9.89 9.54 9.17 8.79 8.42 8.05 7.68 7.33 6.99 6.67 6.37 6.09 5.83 5.59 5.37 5.17 4.99 4.83 4.69 4.56 4.45 4.34 4.25 4.17 4.10 4.03 3.97 3.91 3.86 3.80 3.75 3.70 3.65 3.60 3.55 3.50 3.45 3.40 3.34 3.29 3.23 3.18 3.12 3.06 3.00 2.94 2.88 2.82 2.76 2.70 2.64 2.58 2.52 2.46 2.40 2.34 2.28 2.22 2.16 2.11 2.05 2.00
0.50 0.52 0.54 0.56 0.58 0.61 0.64 0.67 0.70 0.74 0.77 0.81 0.85 0.90 0.94 0.99 1.04 1.09 1.15 1.20 1.27 1.33 1.40 1.47 1.55 1.63 1.73 1.83 1.94 2.06 2.20 2.36 2.54 2.74 2.97 3.23 3.53 3.86 4.23 4.65 5.11 5.62 6.17 6.77 7.40 8.08 8.77 9.49 10.22 10.94 11.65 12.33 12.97 13.55 14.06 14.49 14.83 15.08 15.22 15.27 15.21 15.05 14.80 14.47 14.06 13.60 13.09 12.55 11.99 11.42 10.85 10.30 9.77 9.27 8.81 8.38 7.99 7.65 7.35 7.08 6.85 6.66 6.49 6.36 6.25 6.16 6.09 6.04 6.00 5.98 5.96 5.96 5.96 5.97 5.99 6.01 6.03 6.06 6.09 6.13 6.16 6.20 6.23 6.27 6.30 6.33 6.36 6.39 6.42 6.44 6.46 6.47 6.48 6.49 6.49 6.49 6.48 6.47 6.45 6.44 6.41 6.39 6.36 6.33 6.29 6.25 6.21 6.17 6.13 6.08 6.04 5.99 5.94 5.89 5.84 5.79 5.73 5.68 5.63 5.57 5.52 5.46 5.41 5.35 5.29 5.24 5.18 5.12 5.06 5.00 4.93 4.87 4.81 4.74 4.68 4.61 4.55 4.48 4.41 4.35 4.28 4.21 4.14 4.07 4.00 3.93 3.86 3.79 3.72 3.65 3.58 3.51 3.44 3.38 3.31 3.24 3.17 3.10 3.04 2.97 2.90 2.84 2.77 2.70 2.64 2.57 2.50 2.44 2.37 2.31 2.25 2.19 2.13 2.08 2.02 1.98 1.93 1.90 1.86 1.83 1.81 1.79 1.77 1.76 1.76 1.76 1.76 1.77 1.78 1.79 1.81 1.83 1.85 1.88 1.91 1.95 1.99 2.04 2.10 2.17 2.24 2.33 2.43 2.54 2.66 2.80 2.96 3.14 3.33 3.55 3.79 4.05 4.34 4.65 4.98 5.34 5.72 6.13 6.55 7.00 7.46 7.94 8.42 8.91 9.39 9.87 10.33 10.78 11.19 11.57 11.91 12.21 12.45 12.63 12.75 12.81 12.81 12.73 12.60 12.40 12.14 11.84 11.48 11.09 10.66 10.21 9.74 9.26 8.78 8.30 7.83 7.38 6.94 6.53 6.14 5.78 5.45 5.14 4.87 4.62 4.40 4.20 4.03 3.88 3.76 3.65 3.56 3.48 3.42 3.37 3.34 3.32 3.31 3.31 3.33 3.36 3.40 3.46 3.53 3.62 3.72 3.85 3.99 4.16 4.35 4.56 4.79 5.05 5.33 5.64 5.97 6.32 6.68 7.07 7.46 7.87 8.28 8.69 9.10 9.49 9.87 10.22 10.55 10.84 11.10 11.31 11.48 11.60 11.67 11.69 11.66 11.58 11.45 11.28 11.06 10.80 10.52 10.20 9.86 9.51 9.14 8.77 8.40 8.03 7.67 7.32 6.98 6.66 6.36 6.08 5.83 5.59 5.37 5.17 4.99 4.83 4.69 4.56 4.45 4.35 4.26 4.18 4.10 4.03 3.97 3.91 3.86 3.80 3.75 3.70 3.65 3.60 3.55 3.50 3.44 3.39 3.34 3.28 3.22 3.17 3.11 3.05 2.99 2.93 2.87 2.81 2.74 2.68 2.62 2.56 2.50 2.44 2.38 2.32 2.26 2.20 2.15 2.09 2.03 1.98
0.49 0.51 0.53 0.55 0.57 0.60 0.63 0.66 0.69 0.73 0.76 0.80 0.84 0.89 0.93 0.98 1.03 1.08 1.14 1.20 1.26 1.32 1.39 1.46 1.54 1.62 1.72 1.82 1.93 2.06 2.20 2.36 2.55 2.75 2.99 3.26 3.56 3.91 4.29 4.72 5.20 5.73 6.30 6.92 7.58 8.27 8.99 9.73 10.49 11.23 11.96 12.66 13.31 13.91 14.43 14.87 15.21 15.46 15.60 15.63 15.56 15.38 15.12 14.76 14.34 13.85 13.32 12.75 12.16 11.57 10.98 10.41 9.86 9.34 8.86 8.42 8.02 7.66 7.35 7.08 6.84 6.64 6.47 6.33 6.22 6.13 6.06 6.01 5.97 5.94 5.93 5.92 5.93 5.94 5.95 5.97 6.00 6.03 6.06 6.09 6.13 6.16 6.20 6.23 6.27 6.30 6.33 6.36 6.39 6.41 6.43 6.44 6.45 6.46 6.46 6.46 6.46 6.45 6.43 6.42 6.40 6.37 6.34 6.31 6.28 6.24 6.20 6.16 6.12 6.08 6.03 5.99 5.94 5.89 5.85 5.80 5.75 5.70 5.64 5.59 5.54 5.49 5.43 5.38 5.32 5.27 5.21 5.15 5.09 5.03 4.97 4.91 4.85 4.79 4.73 4.66 4.60 4.53 4.46 4.40 4.33 4.26 4.19 4.12 4.05 3.98 3.91 3.84 3.77 3.70 3.63 3.56 3.49 3.42 3.35 3.28 3.21 3.15 3.08 3.01 2.94 2.87 2.80 2.73 2.66 2.59 2.52 2.45 2.38 2.31 2.24 2.18 2.12 2.06 2.00 1.95 1.90 1.86 1.83 1.80 1.77 1.75 1.74 1.73 1.73 1.73 1.74 1.75 1.76 1.78 1.80 1.83 1.85 1.88 1.92 1.96 2.00 2.05 2.11 2.17 2.25 2.33 2.43 2.54 2.66 2.80 2.95 3.12 3.31 3.52 3.76 4.01 4.29 4.59 4.92 5.27 5.64 6.04 6.46 6.90 7.35 7.82 8.29 8.77 9.25 9.73 10.18 10.62 11.04 11.41 11.75 12.04 12.28 12.46 12.59 12.64 12.64 12.56 12.43 12.23 11.98 11.68 11.32 10.93 10.51 10.06 9.60 9.12 8.64 8.17 7.70 7.25 6.82 6.41 6.03 5.67 5.34 5.04 4.77 4.53 4.31 4.12 3.95 3.81 3.68 3.58 3.49 3.42 3.36 3.32 3.29 3.27 3.26 3.27 3.29 3.32 3.37 3.42 3.50 3.59 3.69 3.82 3.96 4.13 4.32 4.52 4.76 5.01 5.29 5.60 5.92 6.27 6.63 7.01 7.41 7.81 8.21 8.62 9.02 9.41 9.78 10.14 10.46 10.75 11.01 11.22 11.39 11.51 11.58 11.60 11.57 11.49 11.36 11.19 10.98 10.73 10.44 10.13 9.80 9.45 9.09 8.72 8.35 7.99 7.63 7.29 6.95 6.64 6.34 6.07 5.81 5.57 5.36 5.16 4.99 4.83 4.69 4.56 4.45 4.35 4.26 4.17 4.10 4.03 3.97 3.91 3.85 3.80 3.75 3.70 3.65 3.59 3.54 3.49 3.44 3.38 3.33 3.27 3.21 3.16 3.10 3.04 2.98 2.92 2.85 2.79 2.73 2.67 2.61 2.54 2.48 2.42 2.36 2.30 2.24 2.18 2.13 2.07 2.01 1.96
0.48 0.50 0.52 0.54 0.56 0.59 0.61 0.64 0.68 0.71 0.75 0.79 0.83 0.87 0.92 0.97 1.02 1.07 1.13 1.19 1.25 1.31 1.38 1.45 1.53 1.62 1.71 1.81 1.93 2.06 2.20 2.37 2.55 2.77 3.01 3.28 3.60 3.95 4.35 4.79 5.29 5.83 6.42 7.05 7.73 8.45 9.19 9.95 10.73 11.49 12.24 12.95 13.62 14.23 14.75 15.20 15.54 15.78 15.92 15.94 15.85 15.67 15.38 15.01 14.56 14.05 13.50 12.91 12.30 11.68 11.07 10.48 9.92 9.38 8.89 8.44 8.03 7.66 7.34 7.06 6.82 6.61 6.44 6.30 6.19 6.09 6.02 5.97 5.93 5.90 5.89 5.88 5.88 5.89 5.91 5.93 5.96 5.99 6.02 6.05 6.09 6.12 6.16 6.19 6.23 6.26 6.29 6.32 6.35 6.37 6.39 6.41 6.42 6.43 6.44 6.44 6.43 6.42 6.41 6.40 6.38 6.35 6.33 6.30 6.27 6.23 6.20 6.16 6.12 6.08 6.03 5.99 5.94 5.90 5.85 5.81 5.76 5.71 5.66 5.61 5.56 5.51 5.46 5.41 5.35 5.30 5.24 5.19 5.13 5.07 5.01 4.95 4.89 4.83 4.77 4.71 4.64 4.58 4.51 4.44 4.38 4.31 4.24 4.17 4.10 4.03 3.96 3.89 3.82 3.75 3.68 3.61 3.54 3.47 3.40 3.33 3.26 3.19 3.11 3.04 2.97 2.90 2.83 2.75 2.68 2.60 2.53 2.45 2.38 2.30 2.23 2.16 2.09 2.03 1.97 1.91 1.86 1.82 1.78 1.75 1.73 1.71 1.70 1.69 1.69 1.70 1.71 1.73 1.74 1.77 1.79 1.82 1.85 1.88 1.92 1.96 2.01 2.06 2.12 2.18 2.25 2.34 2.43 2.53 2.65 2.79 2.93 3.10 3.29 3.49 3.72 3.96 4.23 4.53 4.84 5.19 5.55 5.94 6.35 6.77 7.22 7.67 8.14 8.61 9.08 9.54 9.99 10.43 10.83 11.20 11.54 11.82 12.06 12.24 12.36 12.42 12.41 12.34 12.21 12.01 11.77 11.46 11.12 10.73 10.31 9.87 9.41 8.94 8.47 8.00 7.54 7.10 6.68 6.27 5.90 5.55 5.22 4.93 4.66 4.43 4.22 4.03 3.87 3.73 3.61 3.51 3.42 3.36 3.30 3.26 3.24 3.22 3.22 3.23 3.25 3.28 3.33 3.39 3.47 3.56 3.66 3.79 3.93 4.09 4.28 4.49 4.72 4.97 5.25 5.54 5.87 6.21 6.56 6.94 7.33 7.72 8.12 8.52 8.92 9.30 9.67 10.01 10.33 10.62 10.87 11.08 11.25 11.37 11.44 11.46 11.43 11.36 11.23 11.06 10.86 10.61 10.33 10.03 9.70 9.36 9.00 8.64 8.28 7.92 7.57 7.23 6.91 6.60 6.31 6.04 5.78 5.55 5.34 5.15 4.97 4.82 4.68 4.55 4.44 4.34 4.25 4.17 4.10 4.03 3.97 3.91 3.85 3.80 3.74 3.69 3.64 3.59 3.54 3.48 3.43 3.37 3.32 3.26 3.20 3.14 3.08 3.02 2.96 2.90 2.84 2.78 2.71 2.65 2.59 2.53 2.47 2.40 2.34 2.28 2.22 2.17 2.11 2.05 2.00 1.94
0.47 0.48 0.50 0.52 0.55 0.57 0.60 0.63 0.66 0.70 0.73 0.77 0.82 0.86 0.91 0.96 1.01 1.06 1.12 1.18 1.24 1.30 1.37 1.45 1.53 1.61 1.71 1.81 1.93 2.06 2.20 2.37 2.56 2.78 3.03 3.31 3.63 3.99 4.40 4.86 5.36 5.92 6.53 7.18 7.87 8.61 9.37 10.15 10.94 11.72 12.48 13.21 13.88 14.50 15.03 15.47 15.82 16.05 16.18 16.19 16.09 15.89 15.59 15.20 14.73 14.20 13.63 13.02 12.39 11.76 11.13 10.53 9.95 9.40 8.90 8.43 8.02 7.64 7.32 7.03 6.79 6.58 6.40 6.26 6.14 6.05 5.98 5.92 5.88 5.86 5.84 5.84 5.84 5.85 5.86 5.89 5.91 5.94 5.97 6.01 6.04 6.08 6.11 6.15 6.19 6.22 6.25 6.28 6.31 6.33 6.36 6.37 6.39 6.40 6.40 6.40 6.40 6.39 6.38 6.37 6.35 6.33 6.31 6.28 6.25 6.22 6.19 6.15 6.11 6.07 6.03 5.99 5.95 5.91 5.86 5.82 5.77 5.72 5.68 5.63 5.58 5.53 5.48 5.43 5.38 5.33 5.28 5.22 5.17 5.11 5.05 5.00 4.94 4.88 4.81 4.75 4.69 4.62 4.56 4.49 4.43 4.36 4.29 4.22 4.15 4.08 4.01 3.94 3.87 3.80 3.73 3.66 3.59 3.51 3.44 3.37 3.30 3.23 3.15 3.08 3.00 2.93 2.85 2.77 2.69 2.61 2.53 2.45 2.37 2.29 2.21 2.13 2.06 1.99 1.92 1.86 1.81 1.76 1.72 1.69 1.67 1.65 1.64 1.64 1.65 1.66 1.67 1.69 1.72 1.74 1.77 1.81 1.84 1.88 1.92 1.96 2.01 2.06 2.12 2.19 2.26 2.34 2.43 2.53 2.64 2.77 2.92 3.08 3.25 3.45 3.67 3.91 4.17 4.45 4.76 5.09 5.44 5.82 6.21 6.63 7.06 7.50 7.96 8.42 8.87 9.33 9.77 10.19 10.58 10.95 11.27 11.56 11.79 11.96 12.08 12.14 12.13 12.06 11.93 11.74 11.50 11.20 10.86 10.49 10.08 9.64 9.19 8.73 8.27 7.81 7.37 6.93 6.52 6.12 5.76 5.41 5.10 4.81 4.56 4.33 4.12 3.94 3.79 3.65 3.54 3.44 3.36 3.30 3.25 3.21 3.19 3.18 3.18 3.19 3.21 3.25 3.30 3.36 3.43 3.52 3.63 3.75 3.89 4.06 4.24 4.44 4.67 4.92 5.19 5.48 5.79 6.13 6.48 6.85 7.23 7.61 8.00 8.40 8.78 9.16 9.52 9.86 10.17 10.46 10.70 10.91 11.07 11.19 11.26 11.29 11.26 11.19 11.07 10.90 10.70 10.46 10.19 9.89 9.57 9.24 8.89 8.54 8.19 7.84 7.50 7.16 6.85 6.54 6.26 5.99 5.75 5.52 5.31 5.12 4.95 4.80 4.66 4.54 4.43 4.33 4.24 4.16 4.09 4.02 3.96 3.90 3.84 3.79 3.74 3.68 3.63 3.58 3.53 3.47 3.42 3.36 3.31 3.25 3.19 3.13 3.07 3.01 2.95 2.89 2.82 2.76 2.70 2.64 2.57 2.51 2.45 2.39 2.33 2.26 2.21 2.15 2.09 2.03 1.98 1.92
0.45 0.47 0.49 0.51 0.53 0.55 0.58 0.61 0.64 0.68 0.72 0.76 0.80 0.85 0.89 0.94 1.00 1.05 1.11 1.17 1.23 1.30 1.37 1.44 1.52 1.61 1.70 1.81 1.92 2.06 2.20 2.37 2.57 2.79 3.04 3.33 3.66 4.03 4.45 4.92 5.43 6.00 6.62 7.29 8.00 8.75 9.52 10.32 11.12 11.91 12.69 13.42 14.10 14.72 15.25 15.70 16.03 16.26 16.38 16.38 16.27 16.05 15.73 15.33 14.84 14.30 13.71 13.08 12.44 11.79 11.15 10.54 9.95 9.39 8.88 8.41 7.98 7.61 7.28 6.99 6.74 6.53 6.36 6.21 6.09 6.00 5.93 5.87 5.83 5.81 5.79 5.79 5.79 5.80 5.81 5.84 5.86 5.89 5.92 5.96 5.99 6.03 6.06 6.10 6.14 6.17 6.21 6.24 6.27 6.29 6.31 6.33 6.35 6.36 6.37 6.37 6.37 6.36 6.35 6.34 6.33 6.31 6.29 6.26 6.23 6.21 6.17 6.14 6.10 6.07 6.03 5.99 5.95 5.91 5.87 5.83 5.78 5.74 5.69 5.65 5.60 5.56 5.51 5.46 5.41 5.36 5.31 5.26 5.20 5.15 5.09 5.04 4.98 4.92 4.86 4.80 4.73 4.67 4.61 4.54 4.47 4.41 4.34 4.27 4.20 4.13 4.06 3.99 3.92 3.85 3.78 3.70 3.63 3.56 3.49 3.41 3.34 3.27 3.19 3.11 3.03 2.95 2.87 2.79 2.71 2.62 2.53 2.44 2.36 2.27 2.18 2.10 2.01 1.94 1.87 1.80 1.74 1.69 1.65 1.62 1.60 1.58 1.58 1.58 1.59 1.60 1.62 1.65 1.68 1.71 1.75 1.79 1.83 1.87 1.92 1.96 2.01 2.07 2.13 2.19 2.26 2.34 2.43 2.53 2.64 2.76 2.90 3.05 3.22 3.41 3.62 3.85 4.10 4.37 4.66 4.98 5.32 5.68 6.06 6.46 6.88 7.31 7.75 8.19 8.64 9.07 9.50 9.91 10.29 10.65 10.97 11.24 11.46 11.64 11.75 11.81 11.80 11.73 11.61 11.42 11.19 10.90 10.57 10.20 9.80 9.38 8.94 8.50 8.05 7.60 7.17 6.75 6.34 5.96 5.60 5.27 4.97 4.69 4.44 4.22 4.03 3.85 3.70 3.58 3.47 3.38 3.30 3.24 3.20 3.17 3.15 3.14 3.14 3.15 3.18 3.22 3.26 3.33 3.40 3.49 3.59 3.72 3.86 4.01 4.19 4.39 4.61 4.86 5.12 5.41 5.71 6.04 6.38 6.74 7.11 7.48 7.87 8.25 8.62 8.99 9.34 9.68 9.98 10.26 10.50 10.70 10.87 10.98 11.05 11.08 11.05 10.98 10.87 10.71 10.51 10.28 10.02 9.73 9.42 9.09 8.76 8.42 8.07 7.73 7.40 7.08 6.77 6.47 6.20 5.94 5.70 5.48 5.27 5.09 4.92 4.78 4.64 4.52 4.41 4.32 4.23 4.15 4.08 4.01 3.95 3.89 3.83 3.78 3.73 3.67 3.62 3.57 3.51 3.46 3.41 3.35 3.29 3.23 3.18 3.12 3.06 2.99 2.93 2.87 2.81 2.74 2.68 2.62 2.55 2.49 2.43 2.37 2.31 2.25 2.19 2.13 2.07 2.01 1.96 1.90
0.44 0.45 0.47 0.49 0.51 0.53 0.56 0.59 0.62 0.66 0.70 0.74 0.78 0.83 0.88 0.93 0.98 1.04 1.10 1.16 1.22 1.29 1.36 1.44 1.52 1.60 1.70 1.80 1.92 2.06 2.21 2.38 2.58 2.80 3.06 3.35 3.69 4.06 4.49 4.97 5.50 6.08 6.71 7.39 8.11 8.87 9.66 10.46 11.27 12.07 12.85 13.59 14.28 14.89 15.42 15.86 16.20 16.42 16.52 16.51 16.39 16.15 15.82 15.40 14.90 14.34 13.74 13.10 12.44 11.79 11.14 10.51 9.91 9.35 8.84 8.36 7.94 7.56 7.22 6.93 6.69 6.48 6.30 6.16 6.04 5.94 5.87 5.82 5.78 5.75 5.74 5.73 5.73 5.74 5.76 5.78 5.81 5.83 5.87 5.90 5.94 5.97 6.01 6.05 6.09 6.12 6.15 6.19 6.22 6.24 6.27 6.29 6.30 6.32 6.32 6.33 6.33 6.33 6.32 6.31 6.30 6.28 6.26 6.24 6.22 6.19 6.16 6.13 6.10 6.06 6.03 5.99 5.95 5.92 5.88 5.84 5.80 5.75 5.71 5.67 5.62 5.58 5.53 5.49 5.44 5.39 5.34 5.29 5.24 5.19 5.13 5.08 5.02 4.96 4.90 4.84 4.78 4.72 4.65 4.59 4.52 4.45 4.39 4.32 4.25 4.18 4.11 4.04 3.97 3.90 3.82 3.75 3.68 3.60 3.53 3.46 3.38 3.30 3.23 3.15 3.06 2.98 2.89 2.81 2.71 2.62 2.53 2.43 2.33 2.24 2.14 2.05 1.96 1.88 1.80 1.73 1.66 1.61 1.57 1.53 1.51 1.50 1.49 1.50 1.52 1.54 1.57 1.60 1.64 1.68 1.72 1.77 1.81 1.86 1.91 1.96 2.01 2.07 2.13 2.19 2.26 2.34 2.42 2.52 2.62 2.74 2.87 3.02 3.18 3.36 3.56 3.78 4.02 4.28 4.56 4.86 5.19 5.53 5.90 6.28 6.68 7.09 7.52 7.94 8.37 8.79 9.20 9.60 9.97 10.31 10.62 10.88 11.10 11.26 11.38 11.43 11.42 11.36 11.24 11.06 10.83 10.55 10.24 9.88 9.50 9.09 8.66 8.23 7.80 7.37 6.95 6.54 6.15 5.79 5.44 5.13 4.83 4.57 4.33 4.12 3.93 3.76 3.62 3.50 3.40 3.31 3.24 3.19 3.15 3.12 3.10 3.10 3.10 3.12 3.14 3.18 3.23 3.29 3.37 3.46 3.56 3.68 3.81 3.97 4.14 4.34 4.55 4.79 5.04 5.32 5.62 5.93 6.27 6.61 6.97 7.34 7.71 8.08 8.45 8.80 9.15 9.47 9.77 10.04 10.27 10.47 10.63 10.74 10.81 10.84 10.82 10.75 10.64 10.49 10.30 10.07 9.82 9.54 9.24 8.93 8.60 8.27 7.94 7.61 7.29 6.98 6.68 6.39 6.12 5.87 5.64 5.42 5.23 5.05 4.89 4.74 4.61 4.50 4.39 4.30 4.21 4.13 4.06 4.00 3.93 3.88 3.82 3.77 3.71 3.66 3.61 3.55 3.50 3.45 3.39 3.33 3.28 3.22 3.16 3.10 3.04 2.98 2.91 2.85 2.79 2.73 2.66 2.60 2.54 2.47 2.41 2.35 2.29 2.23 2.17 2.11 2.05 1.99 1.94 1.88
0.42 0.43 0.45 0.46 0.48 0.51 0.53 0.56 0.60 0.63 0.67 0.72 0.76 0.81 0.86 0.92 0.97 1.03 1.09 1.15 1.22 1.28 1.36 1.43 1.51 1.60 1.70 1.80 1.92 2.06 2.21 2.38 2.58 2.81 3.07 3.37 3.71 4.09 4.53 5.01 5.55 6.14 6.78 7.47 8.20 8.97 9.76 10.58 11.39 12.20 12.98 13.72 14.40 15.02 15.54 15.98 16.30 16.51 16.60 16.58 16.44 16.20 15.85 15.41 14.90 14.33 13.72 13.07 12.41 11.74 11.09 10.46 9.86 9.29 8.77 8.30 7.87 7.49 7.16 6.87 6.62 6.41 6.24 6.09 5.98 5.88 5.81 5.76 5.72 5.69 5.68 5.67 5.67 5.68 5.70 5.72 5.75 5.78 5.81 5.84 5.88 5.92 5.95 5.99 6.03 6.06 6.10 6.13 6.16 6.19 6.22 6.24 6.25 6.27 6.28 6.29 6.29 6.29 6.29 6.28 6.27 6.25 6.24 6.22 6.20 6.17 6.15 6.12 6.09 6.06 6.02 5.99 5.95 5.92 5.88 5.84 5.81 5.77 5.73 5.69 5.64 5.60 5.56 5.51 5.47 5.42 5.37 5.32 5.27 5.22 5.17 5.11 5.06 5.00 4.94 4.88 4.82 4.76 4.70 4.63 4.57 4.50 4.43 4.37 4.30 4.23 4.16 4.09 4.02 3.94 3.87 3.80 3.72 3.65 3.57 3.50 3.42 3.34 3.26 3.18 3.09 3.00 2.91 2.82 2.72 2.62 2.52 2.41 2.31 2.20 2.10 2.00 1.90 1.81 1.72 1.64 1.57 1.52 1.47 1.44 1.41 1.40 1.40 1.41 1.43 1.46 1.50 1.54 1.59 1.63 1.68 1.74 1.79 1.84 1.90 1.95 2.01 2.07 2.13 2.19 2.26 2.34 2.42 2.51 2.61 2.72 2.85 2.99 3.14 3.31 3.50 3.71 3.93 4.18 4.45 4.74 5.05 5.37 5.72 6.09 6.47 6.86 7.27 7.67 8.08 8.48 8.88 9.26 9.61 9.94 10.23 10.48 10.69 10.85 10.96 11.01 11.01 10.95 10.83 10.66 10.44 10.17 9.87 9.53 9.16 8.77 8.36 7.95 7.53 7.12 6.71 6.33 5.95 5.60 5.27 4.97 4.69 4.44 4.21 4.01 3.83 3.68 3.54 3.43 3.33 3.25 3.19 3.14 3.10 3.08 3.06 3.06 3.07 3.08 3.11 3.15 3.20 3.26 3.33 3.42 3.52 3.64 3.77 3.92 4.09 4.28 4.49 4.71 4.96 5.23 5.52 5.82 6.14 6.48 6.82 7.18 7.54 7.89 8.25 8.59 8.93 9.24 9.53 9.79 10.02 10.21 10.37 10.48 10.55 10.58 10.56 10.49 10.39 10.24 10.06 9.85 9.60 9.34 9.05 8.75 8.43 8.11 7.79 7.47 7.16 6.86 6.57 6.30 6.04 5.80 5.57 5.37 5.18 5.00 4.85 4.71 4.58 4.47 4.37 4.27 4.19 4.11 4.04 3.98 3.92 3.86 3.80 3.75 3.70 3.64 3.59 3.54 3.48 3.43 3.37 3.32 3.26 3.20 3.14 3.08 3.02 2.96 2.90 2.83 2.77 2.71 2.64 2.58 2.52 2.45 2.39 2.33 2.27 2.21 2.15 2.09 2.03 1.97 1.92 1.86
0.40 0.41 0.42 0.44 0.45 0.48 0.50 0.53 0.57 0.60 0.65 0.69 0.74 0.79 0.84 0.90 0.96 1.02 1.08 1.14 1.21 1.28 1.35 1.43 1.51 1.60 1.69 1.80 1.92 2.06 2.21 2.39 2.59 2.82 3.08 3.39 3.73 4.12 4.56 5.05 5.59 6.19 6.84 7.53 8.27 9.04 9.84 10.66 11.48 12.29 13.07 13.81 14.49 15.09 15.61 16.03 16.35 16.55 16.63 16.59 16.44 16.18 15.82 15.38 14.86 14.28 13.65 13.00 12.33 11.66 11.00 10.37 9.77 9.21 8.69 8.21 7.79 7.41 7.08 6.79 6.55 6.34 6.17 6.02 5.91 5.82 5.74 5.69 5.65 5.63 5.61 5.61 5.61 5.62 5.64 5.66 5.69 5.71 5.75 5.78 5.82 5.85 5.89 5.93 5.97 6.01 6.04 6.07 6.11 6.13 6.16 6.18 6.20 6.22 6.23 6.24 6.25 6.25 6.25 6.24 6.23 6.22 6.21 6.19 6.17 6.15 6.13 6.10 6.08 6.05 6.02 5.99 5.95 5.92 5.89 5.85 5.82 5.78 5.74 5.70 5.66 5.62 5.58 5.54 5.49 5.45 5.40 5.36 5.31 5.26 5.20 5.15 5.10 5.04 4.98 4.93 4.87 4.80 4.74 4.68 4.61 4.55 4.48 4.41 4.35 4.28 4.21 4.13 4.06 3.99 3.92 3.85 3.77 3.70 3.62 3.54 3.46 3.38 3.30 3.21 3.12 3.03 2.93 2.83 2.72 2.62 2.51 2.39 2.28 2.16 2.05 1.94 1.83 1.73 1.63 1.55 1.47 1.41 1.36 1.33 1.30 1.29 1.30 1.32 1.34 1.38 1.42 1.47 1.53 1.58 1.64 1.70 1.77 1.83 1.89 1.95 2.01 2.07 2.13 2.19 2.26 2.34 2.42 2.50 2.60 2.71 2.82 2.95 3.10 3.26 3.44 3.63 3.85 4.08 4.33 4.60 4.90 5.21 5.54 5.88 6.24 6.62 7.00 7.39 7.77 8.16 8.53 8.89 9.23 9.54 9.82 10.06 10.26 10.41 10.51 10.56 10.55 10.50 10.38 10.22 10.01 9.76 9.47 9.14 8.79 8.42 8.03 7.64 7.24 6.85 6.47 6.10 5.74 5.41 5.10 4.81 4.55 4.31 4.09 3.90 3.73 3.59 3.46 3.36 3.27 3.19 3.13 3.09 3.06 3.03 3.02 3.02 3.03 3.05 3.08 3.12 3.17 3.23 3.30 3.39 3.48 3.60 3.73 3.87 4.03 4.21 4.41 4.63 4.87 5.13 5.41 5.70 6.01 6.33 6.66 7.00 7.35 7.70 8.04 8.37 8.69 9.00 9.28 9.53 9.75 9.94 10.09 10.20 10.27 10.30 10.28 10.23 10.13 9.99 9.81 9.61 9.38 9.12 8.84 8.55 8.25 7.94 7.63 7.33 7.03 6.74 6.46 6.20 5.95 5.72 5.50 5.30 5.12 4.95 4.80 4.67 4.55 4.44 4.34 4.25 4.16 4.09 4.02 3.96 3.90 3.84 3.79 3.73 3.68 3.63 3.57 3.52 3.47 3.41 3.36 3.30 3.24 3.18 3.12 3.06 3.00 2.94 2.88 2.81 2.75 2.69 2.62 2.56 2.49 2.43 2.37 2.31 2.25 2.18 2.13 2.07 2.01 1.95 1.90 1.84
0.37 0.38 0.39 0.41 0.42 0.45 0.47 0.50 0.54 0.58 0.62 0.66 0.71 0.77 0.82 0.88 0.94 1.00 1.07 1.13 1.20 1.27 1.34 1.42 1.50 1.59 1.69 1.80 1.92 2.06 2.21 2.39 2.59 2.83 3.09 3.40 3.75 4.14 4.58 5.08 5.63 6.23 6.88 7.58 8.32 9.10 9.90 10.72 11.53 12.34 13.12 13.85 14.52 15.12 15.63 16.04 16.34 16.53 16.59 16.55 16.38 16.11 15.74 15.29 14.76 14.17 13.54 12.88 12.21 11.54 10.89 10.26 9.66 9.10 8.58 8.11 7.69 7.32 6.99 6.70 6.46 6.26 6.09 5.95 5.83 5.74 5.67 5.62 5.58 5.56 5.55 5.54 5.55 5.56 5.57 5.59 5.62 5.65 5.68 5.72 5.75 5.79 5.83 5.87 5.91 5.94 5.98 6.01 6.05 6.08 6.10 6.13 6.15 6.17 6.18 6.19 6.20 6.20 6.21 6.20 6.20 6.19 6.18 6.16 6.15 6.13 6.11 6.09 6.06 6.04 6.01 5.98 5.95 5.92 5.89 5.86 5.82 5.79 5.75 5.72 5.68 5.64 5.60 5.56 5.52 5.48 5.43 5.39 5.34 5.29 5.24 5.19 5.13 5.08 5.02 4.97 4.91 4.85 4.79 4.72 4.66 4.59 4.53 4.46 4.39 4.32 4.25 4.18 4.11 4.04 3.97 3.89 3.82 3.74 3.66 3.58 3.50 3.42 3.33 3.24 3.15 3.05 2.95 2.84 2.73 2.61 2.49 2.37 2.24 2.12 1.99 1.87 1.75 1.64 1.53 1.44 1.36 1.29 1.24 1.21 1.18 1.18 1.19 1.21 1.24 1.29 1.34 1.40 1.46 1.53 1.60 1.67 1.74 1.80 1.87 1.94 2.00 2.06 2.13 2.19 2.26 2.33 2.41 2.50 2.59 2.69 2.80 2.92 3.06 3.21 3.37 3.56 3.76 3.98 4.21 4.47 4.74 5.03 5.34 5.67 6.01 6.36 6.72 7.08 7.45 7.81 8.16 8.50 8.82 9.11 9.38 9.61 9.79 9.94 10.03 10.08 10.07 10.02 9.91 9.76 9.56 9.32 9.04 8.74 8.40 8.05 7.69 7.31 6.94 6.57 6.21 5.86 5.53 5.21 4.92 4.65 4.40 4.17 3.97 3.79 3.64 3.50 3.38 3.28 3.20 3.13 3.08 3.04 3.01 2.99 2.99 2.99 3.00 3.02 3.05 3.09 3.14 3.20 3.27 3.35 3.45 3.55 3.68 3.82 3.97 4.15 4.34 4.55 4.78 5.03 5.29 5.57 5.87 6.18 6.50 6.83 7.16 7.49 7.82 8.14 8.45 8.74 9.02 9.26 9.48 9.66 9.81 9.92 9.99 10.02 10.00 9.95 9.85 9.72 9.56 9.36 9.14 8.89 8.63 8.35 8.06 7.77 7.47 7.18 6.89 6.61 6.35 6.09 5.85 5.63 5.42 5.23 5.06 4.90 4.75 4.62 4.50 4.40 4.30 4.22 4.14 4.06 4.00 3.93 3.87 3.82 3.76 3.71 3.66 3.60 3.55 3.50 3.44 3.39 3.33 3.28 3.22 3.16 3.10 3.04 2.98 2.92 2.85 2.79 2.73 2.66 2.60 2.54 2.47 2.41 2.35 2.29 2.22 2.16 2.10 2.05 1.99 1.93 1.88 1.82
0.35 0.35 0.36 0.37 0.39 0.41 0.44 0.47 0.50 0.54 0.59 0.64 0.69 0.74 0.80 0.86 0.92 0.99 1.06 1.12 1.19 1.26 1.34 1.42 1.50 1.59 1.69 1.80 1.92 2.06 2.21 2.39 2.60 2.83 3.10 3.41 3.76 4.16 4.60 5.10 5.65 6.25 6.91 7.61 8.35 9.13 9.93 10.74 11.56 12.36 13.12 13.85 14.51 15.10 15.59 15.99 16.28 16.45 16.51 16.44 16.27 15.99 15.61 15.15 14.61 14.02 13.39 12.73 12.06 11.40 10.74 10.12 9.52 8.97 8.46 7.99 7.58 7.21 6.89 6.61 6.37 6.17 6.00 5.87 5.76 5.67 5.60 5.55 5.51 5.49 5.48 5.47 5.48 5.49 5.51 5.53 5.55 5.58 5.61 5.65 5.69 5.72 5.76 5.80 5.84 5.88 5.91 5.95 5.98 6.01 6.04 6.07 6.09 6.11 6.13 6.14 6.15 6.16 6.16 6.16 6.16 6.15 6.14 6.13 6.12 6.10 6.09 6.07 6.05 6.02 6.00 5.97 5.95 5.92 5.89 5.86 5.83 5.80 5.77 5.73 5.70 5.66 5.62 5.58 5.54 5.50 5.46 5.41 5.37 5.32 5.27 5.22 5.17 5.12 5.06 5.01 4.95 4.89 4.83 4.77 4.70 4.64 4.57 4.51 4.44 4.37 4.30 4.23 4.16 4.09 4.01 3.94 3.86 3.79 3.71 3.63 3.54 3.46 3.37 3.27 3.17 3.07 2.96 2.85 2.73 2.60 2.47 2.34 2.20 2.07 1.93 1.79 1.67 1.54 1.43 1.33 1.24 1.17 1.12 1.08 1.06 1.05 1.07 1.09 1.14 1.19 1.25 1.32 1.39 1.47 1.55 1.63 1.71 1.78 1.86 1.93 1.99 2.06 2.13 2.19 2.26 2.33 2.41 2.49 2.58 2.67 2.77 2.89 3.02 3.16 3.31 3.48 3.67 3.87 4.09 4.33 4.59 4.86 5.15 5.45 5.77 6.10 6.43 6.77 7.11 7.45 7.78 8.10 8.40 8.67 8.92 9.13 9.31 9.44 9.53 9.58 9.57 9.52 9.42 9.28 9.09 8.86 8.60 8.32 8.00 7.67 7.33 6.98 6.63 6.28 5.94 5.61 5.30 5.01 4.73 4.48 4.25 4.04 3.85 3.68 3.54 3.41 3.31 3.21 3.14 3.08 3.03 3.00 2.97 2.96 2.95 2.96 2.97 2.99 3.02 3.06 3.11 3.17 3.23 3.31 3.41 3.51 3.63 3.76 3.91 4.08 4.26 4.46 4.68 4.92 5.17 5.44 5.72 6.02 6.33 6.64 6.96 7.28 7.60 7.91 8.21 8.49 8.75 8.99 9.20 9.38 9.52 9.63 9.70 9.73 9.72 9.67 9.58 9.46 9.30 9.11 8.90 8.67 8.41 8.15 7.87 7.59 7.30 7.02 6.75 6.48 6.23 5.98 5.75 5.54 5.34 5.16 4.99 4.84 4.70 4.57 4.46 4.36 4.27 4.18 4.10 4.03 3.97 3.91 3.85 3.79 3.74 3.69 3.63 3.58 3.53 3.47 3.42 3.37 3.31 3.25 3.20 3.14 3.08 3.02 2.96 2.89 2.83 2.77 2.70 2.64 2.58 2.51 2.45 2.39 2.32 2.26 2.20 2.14 2.08 2.02 1.97 1.91 1.86 1.80
0.32 0.32 0.33 0.34 0.35 0.37 0.40 0.43 0.47 0.51 0.55 0.61 0.66 0.72 0.78 0.84 0.91 0.97 1.04 1.11 1.18 1.26 1.33 1.41 1.50 1.59 1.69 1.80 1.92 2.06 2.21 2.39 2.60 2.83 3.10 3.41 3.77 4.16 4.61 5.11 5.66 6.26 6.92 7.62 8.36 9.13 9.93 10.74 11.54 12.33 13.09 13.80 14.45 15.03 15.51 15.89 16.16 16.32 16.36 16.29 16.10 15.81 15.43 14.96 14.42 13.83 13.20 12.54 11.88 11.22 10.57 9.95 9.37 8.82 8.32 7.86 7.45 7.09 6.78 6.50 6.27 6.08 5.91 5.78 5.67 5.59 5.52 5.47 5.44 5.42 5.40 5.40 5.41 5.42 5.43 5.46 5.48 5.51 5.54 5.58 5.62 5.65 5.69 5.73 5.77 5.81 5.85 5.88 5.92 5.95 5.98 6.01 6.03 6.05 6.07 6.09 6.10 6.11 6.11 6.12 6.12 6.11 6.11 6.10 6.09 6.08 6.06 6.05 6.03 6.01 5.99 5.97 5.94 5.92 5.89 5.86 5.83 5.81 5.77 5.74 5.71 5.68 5.64 5.60 5.57 5.53 5.48 5.44 5.40 5.35 5.31 5.26 5.21 5.15 5.10 5.05 4.99 4.93 4.87 4.81 4.75 4.69 4.62 4.56 4.49 4.42 4.35 4.28 4.21 4.14 4.06 3.99 3.91 3.83 3.75 3.67 3.59 3.50 3.40 3.31 3.20 3.09 2.98 2.86 2.73 2.59 2.45 2.31 2.16 2.01 1.87 1.72 1.58 1.45 1.32 1.22 1.12 1.04 0.99 0.95 0.93 0.92 0.94 0.98 1.02 1.09 1.16 1.24 1.32 1.41 1.50 1.59 1.67 1.76 1.84 1.92 1.99 2.06 2.13 2.20 2.26 2.33 2.41 2.48 2.56 2.65 2.75 2.86 2.98 3.11 3.25 3.41 3.58 3.77 3.97 4.19 4.43 4.68 4.95 5.23 5.52 5.83 6.14 6.46 6.77 7.09 7.40 7.69 7.97 8.22 8.45 8.65 8.81 8.94 9.02 9.06 9.06 9.01 8.92 8.78 8.61 8.40 8.15 7.88 7.59 7.28 6.96 6.64 6.31 5.99 5.67 5.37 5.08 4.80 4.55 4.31 4.10 3.90 3.73 3.58 3.44 3.33 3.23 3.15 3.08 3.02 2.98 2.95 2.93 2.92 2.92 2.92 2.94 2.96 2.99 3.03 3.08 3.13 3.20 3.28 3.37 3.47 3.58 3.71 3.85 4.01 4.19 4.38 4.59 4.81 5.05 5.31 5.58 5.86 6.16 6.46 6.76 7.07 7.37 7.67 7.96 8.23 8.49 8.72 8.93 9.10 9.24 9.35 9.42 9.45 9.44 9.40 9.32 9.20 9.05 8.87 8.67 8.44 8.20 7.95 7.68 7.41 7.14 6.87 6.61 6.35 6.11 5.87 5.65 5.45 5.26 5.08 4.92 4.78 4.64 4.52 4.41 4.32 4.23 4.14 4.07 4.00 3.94 3.88 3.82 3.76 3.71 3.66 3.60 3.55 3.50 3.45 3.39 3.34 3.28 3.23 3.17 3.11 3.05 2.99 2.93 2.87 2.81 2.74 2.68 2.62 2.55 2.49 2.43 2.36 2.30 2.24 2.18 2.12 2.06 2.00 1.94 1.89 1.83 1.78
0.29 0.29 0.29 0.30 0.32 0.34 0.36 0.39 0.43 0.47 0.52 0.57 0.63 0.69 0.76 0.82 0.89 0.96 1.03 1.10 1.18 1.25 1.33 1.41 1.50 1.59 1.69 1.80 1.92 2.06 2.21 2.39 2.60 2.83 3.10 3.41 3.77 4.16 4.61 5.11 5.66 6.26 6.91 7.61 8.34 9.11 9.90 10.70 11.50 12.27 13.02 13.72 14.35 14.91 15.37 15.74 16.00 16.14 16.17 16.09 15.89 15.59 15.20 14.73 14.19 13.60 12.97 12.32 11.67 11.01 10.38 9.77 9.19 8.65 8.16 7.72 7.32 6.96 6.66 6.39 6.17 5.98 5.82 5.69 5.59 5.50 5.44 5.39 5.36 5.34 5.33 5.33 5.33 5.35 5.36 5.38 5.41 5.44 5.47 5.51 5.54 5.58 5.62 5.66 5.70 5.74 5.78 5.82 5.85 5.88 5.92 5.94 5.97 5.99 6.01 6.03 6.05 6.06 6.07 6.07 6.07 6.07 6.07 6.07 6.06 6.05 6.04 6.02 6.01 5.99 5.97 5.95 5.93 5.91 5.89 5.86 5.84 5.81 5.78 5.75 5.72 5.69 5.66 5.62 5.59 5.55 5.51 5.47 5.43 5.38 5.34 5.29 5.24 5.19 5.14 5.08 5.03 4.97 4.91 4.86 4.79 4.73 4.67 4.60 4.54 4.47 4.40 4.33 4.26 4.19 4.11 4.04 3.96 3.88 3.80 3.72 3.63 3.54 3.44 3.34 3.23 3.12 3.00 2.87 2.73 2.59 2.44 2.28 2.12 1.96 1.80 1.65 1.49 1.35 1.22 1.10 1.00 0.92 0.85 0.81 0.79 0.80 0.82 0.86 0.91 0.98 1.07 1.16 1.25 1.35 1.45 1.55 1.64 1.74 1.82 1.91 1.98 2.06 2.13 2.20 2.27 2.33 2.40 2.48 2.56 2.64 2.73 2.83 2.94 3.06 3.19 3.33 3.49 3.66 3.85 4.05 4.27 4.50 4.75 5.01 5.28 5.56 5.85 6.14 6.43 6.72 7.01 7.28 7.53 7.77 7.98 8.16 8.31 8.43 8.50 8.54 8.54 8.49 8.40 8.28 8.12 7.92 7.70 7.45 7.18 6.89 6.59 6.29 5.99 5.69 5.40 5.12 4.85 4.60 4.36 4.15 3.95 3.77 3.61 3.47 3.35 3.24 3.16 3.08 3.02 2.97 2.94 2.91 2.89 2.88 2.88 2.89 2.91 2.93 2.96 3.00 3.05 3.10 3.17 3.24 3.33 3.42 3.53 3.65 3.79 3.94 4.11 4.29 4.49 4.70 4.93 5.18 5.44 5.71 5.99 6.28 6.57 6.87 7.16 7.45 7.73 7.99 8.24 8.46 8.66 8.83 8.97 9.08 9.15 9.18 9.18 9.14 9.06 8.95 8.81 8.64 8.45 8.23 8.00 7.76 7.50 7.24 6.98 6.72 6.47 6.23 5.99 5.77 5.56 5.36 5.18 5.01 4.85 4.71 4.59 4.47 4.37 4.27 4.18 4.10 4.03 3.96 3.90 3.84 3.79 3.73 3.68 3.63 3.57 3.52 3.47 3.42 3.36 3.31 3.25 3.20 3.14 3.08 3.02 2.96 2.90 2.84 2.78 2.72 2.65 2.59 2.53 2.46 2.40 2.34 2.28 2.22 2.15 2.09 2.04 1.98 1.92 1.87 1.81 1.76
0.26 0.25 0.26 0.27 0.28 0.30 0.32 0.35 0.39 0.44 0.49 0.54 0.60 0.67 0.73 0.80 0.87 0.95 1.02 1.09 1.17 1.25 1.33 1.41 1.49 1.59 1.69 1.80 1.92 2.06 2.21 2.39 2.60 2.83 3.10 3.41 3.76 4.16 4.60 5.10 5.64 6.24 6.89 7.58 8.31 9.06 9.84 10.63 11.41 12.18 12.91 13.59 14.20 14.74 15.19 15.54 15.78 15.91 15.93 15.83 15.63 15.33 14.93 14.46 13.92 13.34 12.72 12.07 11.43 10.78 10.16 9.56 9.00 8.47 7.99 7.56 7.17 6.83 6.53 6.27 6.05 5.87 5.72 5.60 5.50 5.42 5.36 5.31 5.28 5.26 5.25 5.25 5.26 5.27 5.29 5.31 5.34 5.37 5.40 5.44 5.47 5.51 5.55 5.59 5.63 5.67 5.71 5.75 5.78 5.82 5.85 5.88 5.91 5.93 5.95 5.97 5.99 6.01 6.02 6.02 6.03 6.03 6.03 6.03 6.03 6.02 6.01 6.00 5.99 5.97 5.96 5.94 5.92 5.90 5.88 5.86 5.84 5.81 5.79 5.76 5.73 5.70 5.67 5.64 5.60 5.57 5.53 5.49 5.45 5.41 5.37 5.32 5.27 5.23 5.17 5.12 5.07 5.01 4.96 4.90 4.84 4.78 4.72 4.65 4.59 4.52 4.45 4.38 4.31 4.24 4.17 4.09 4.01 3.93 3.85 3.77 3.68 3.58 3.48 3.38 3.26 3.14 3.02 2.88 2.74 2.58 2.42 2.26 2.09 1.92 1.74 1.57 1.41 1.26 1.12 0.99 0.88 0.79 0.73 0.69 0.45 0.67 0.70 0.74 0.81 0.89 0.98 1.08 1.18 1.29 1.40 1.51 1.62 1.72 1.81 1.90 1.98 2.06 2.13 2.20 2.27 2.34 2.41 2.48 2.55 2.63 2.71 2.80 2.90 3.01 3.13 3.26 3.41 3.56 3.74 3.92 4.12 4.33 4.56 4.79 5.04 5.30 5.56 5.83 6.09 6.36 6.62 6.87 7.10 7.32 7.51 7.68 7.81 7.92 7.99 8.02 8.01 7.97 7.89 7.78 7.63 7.45 7.24 7.01 6.76 6.50 6.23 5.95 5.67 5.40 5.13 4.87 4.63 4.40 4.18 3.98 3.80 3.64 3.50 3.37 3.26 3.16 3.08 3.02 2.96 2.92 2.89 2.87 2.85 2.85 2.85 2.86 2.88 2.90 2.94 2.97 3.02 3.07 3.13 3.21 3.29 3.38 3.48 3.60 3.73 3.87 4.03 4.20 4.39 4.60 4.82 5.05 5.30 5.56 5.82 6.10 6.38 6.67 6.95 7.23 7.50 7.76 8.00 8.22 8.42 8.59 8.73 8.83 8.90 8.94 8.94 8.90 8.83 8.73 8.59 8.43 8.25 8.04 7.82 7.58 7.34 7.09 6.83 6.59 6.34 6.11 5.88 5.66 5.46 5.27 5.10 4.93 4.79 4.65 4.53 4.42 4.31 4.22 4.14 4.06 3.99 3.92 3.86 3.80 3.75 3.69 3.64 3.59 3.54 3.49 3.44 3.38 3.33 3.28 3.22 3.17 3.11 3.05 2.99 2.93 2.87 2.81 2.75 2.69 2.63 2.56 2.50 2.44 2.37 2.31 2.25 2.19 2.13 2.07 2.01 1.95 1.90 1.84 1.79 1.74
0.23 0.22 0.22 0.23 0.24 0.26 0.28 0.32 0.35 0.40 0.45 0.51 0.57 0.64 0.71 0.78 0.86 0.93 1.01 1.09 1.16 1.24 1.32 1.41 1.49 1.58 1.69 1.79 1.92 2.05 2.21 2.39 2.59 2.83 3.09 3.40 3.75 4.14 4.58 5.07 5.62 6.21 6.84 7.52 8.24 8.99 9.75 10.53 11.29 12.04 12.75 13.41 14.01 14.53 14.96 15.29 15.52 15.64 15.64 15.53 15.32 15.02 14.62 14.15 13.62 13.04 12.43 11.80 11.16 10.53 9.92 9.34 8.79 8.28 7.81 7.39 7.02 6.68 6.40 6.15 5.94 5.76 5.62 5.50 5.40 5.33 5.27 5.23 5.20 5.18 5.17 5.17 5.18 5.20 5.21 5.24 5.26 5.29 5.33 5.36 5.40 5.44 5.48 5.52 5.56 5.60 5.64 5.68 5.71 5.75 5.78 5.81 5.84 5.87 5.89 5.92 5.93 5.95 5.96 5.98 5.98 5.99 5.99 5.99 5.99 5.99 5.98 5.97 5.97 5.95 5.94 5.93 5.91 5.90 5.88 5.86 5.84 5.81 5.79 5.77 5.74 5.71 5.68 5.65 5.62 5.59 5.55 5.51 5.48 5.44 5.39 5.35 5.31 5.26 5.21 5.16 5.11 5.05 5.00 4.94 4.88 4.82 4.76 4.70 4.64 4.57 4.50 4.43 4.36 4.29 4.22 4.14 4.07 3.99 3.90 3.82 3.72 3.63 3.53 3.42 3.30 3.17 3.04 2.90 2.74 2.58 2.41 2.24 2.06 1.87 1.69 1.51 1.34 1.17 1.02 0.89 0.77 0.45 0.45 0.45 0.14 0.45 0.45 0.45 0.71 0.79 0.89 1.00 1.12 1.24 1.36 1.48 1.59 1.70 1.80 1.89 1.98 2.06 2.14 2.21 2.28 2.34 2.41 2.48 2.54 2.62 2.69 2.78 2.87 2.97 3.08 3.20 3.33 3.47 3.62 3.79 3.97 4.16 4.37 4.58 4.81 5.04 5.28 5.52 5.76 6.00 6.24 6.46 6.68 6.87 7.05 7.20 7.32 7.42 7.48 7.51 7.50 7.46 7.39 7.28 7.14 6.98 6.79 6.58 6.35 6.11 5.86 5.61 5.36 5.11 4.86 4.63 4.41 4.20 4.00 3.82 3.66 3.51 3.38 3.27 3.17 3.08 3.01 2.96 2.91 2.87 2.85 2.83 2.82 2.82 2.82 2.83 2.85 2.88 2.91 2.95 2.99 3.04 3.10 3.17 3.25 3.34 3.44 3.55 3.67 3.81 3.96 4.12 4.30 4.49 4.70 4.93 5.16 5.41 5.67 5.94 6.21 6.49 6.76 7.03 7.30 7.55 7.78 8.00 8.20 8.36 8.50 8.61 8.68 8.72 8.73 8.69 8.63 8.53 8.40 8.25 8.07 7.87 7.65 7.42 7.19 6.94 6.70 6.46 6.22 5.99 5.77 5.57 5.37 5.19 5.02 4.86 4.72 4.59 4.47 4.36 4.26 4.17 4.09 4.01 3.94 3.88 3.82 3.76 3.71 3.65 3.60 3.55 3.50 3.45 3.40 3.35 3.29 3.24 3.19 3.13 3.08 3.02 2.96 2.90 2.84 2.78 2.72 2.66 2.60 2.53 2.47 2.41 2.35 2.29 2.22 2.16 2.10 2.05 1.99 1.93 1.87 1.82 1.77 1.71
0.20 0.19 0.19 0.19 0.20 0.22 0.25 0.28 0.32 0.37 0.42 0.48 0.55 0.62 0.69 0.76 0.84 0.92 1.00 1.08 1.16 1.24 1.32 1.40 1.49 1.58 1.68 1.79 1.92 2.05 2.21 2.38 2.58 2.82 3.08 3.38 3.73 4.12 4.55 5.04 5.57 6.15 6.78 7.45 8.15 8.88 9.63 10.39 11.14 11.86 12.55 13.19 13.77 14.27 14.68 15.00 15.21 15.31 15.30 15.19 14.97 14.66 14.27 13.81 13.28 12.71 12.11 11.49 10.87 10.26 9.67 9.10 8.57 8.07 7.62 7.22 6.85 6.54 6.26 6.02 5.82 5.65 5.51 5.40 5.31 5.24 5.18 5.14 5.12 5.10 5.10 5.10 5.10 5.12 5.14 5.16 5.19 5.22 5.25 5.29 5.32 5.36 5.40 5.44 5.48 5.52 5.56 5.60 5.64 5.68 5.71 5.75 5.78 5.81 5.83 5.86 5.88 5.90 5.91 5.93 5.94 5.94 5.95 5.95 5.95 5.95 5.95 5.95 5.94 5.93 5.92 5.91 5.90 5.88 5.87 5.85 5.83 5.81 5.79 5.77 5.75 5.72 5.69 5.67 5.64 5.60 5.57 5.54 5.50 5.46 5.42 5.38 5.34 5.29 5.25 5.20 5.15 5.10 5.04 4.99 4.93 4.87 4.81 4.75 4.69 4.62 4.56 4.49 4.42 4.35 4.28 4.20 4.12 4.04 3.96 3.87 3.78 3.68 3.57 3.46 3.34 3.21 3.07 2.92 2.76 2.59 2.41 2.22 2.03 1.84 1.65 1.45 1.27 1.10 0.94 0.80 0.45 0.14 0.14 0.14 0.14 0.14 0.14 0.14 0.45 0.71 0.82 0.94 1.07 1.19 1.32 1.45 1.57 1.69 1.79 1.89 1.99 2.07 2.15 2.22 2.29 2.35 2.42 2.48 2.54 2.61 2.68 2.75 2.84 2.93 3.03 3.13 3.25 3.38 3.52 3.67 3.83 4.00 4.19 4.38 4.58 4.79 5.01 5.22 5.44 5.66 5.87 6.07 6.26 6.44 6.60 6.73 6.84 6.93 6.98 7.01 7.00 6.96 6.89 6.80 6.67 6.52 6.35 6.16 5.95 5.74 5.51 5.28 5.05 4.83 4.61 4.39 4.19 4.00 3.83 3.67 3.52 3.39 3.27 3.17 3.08 3.01 2.95 2.90 2.86 2.83 2.80 2.79 2.78 2.79 2.79 2.81 2.83 2.85 2.88 2.92 2.96 3.01 3.07 3.14 3.21 3.29 3.39 3.49 3.61 3.74 3.88 4.04 4.21 4.40 4.60 4.81 5.04 5.28 5.53 5.79 6.05 6.32 6.59 6.85 7.11 7.36 7.59 7.81 8.00 8.17 8.31 8.42 8.50 8.54 8.55 8.52 8.46 8.36 8.24 8.09 7.92 7.72 7.51 7.29 7.06 6.82 6.58 6.35 6.12 5.90 5.68 5.48 5.29 5.11 4.94 4.79 4.65 4.52 4.41 4.30 4.21 4.12 4.04 3.96 3.89 3.83 3.77 3.71 3.66 3.61 3.55 3.50 3.45 3.40 3.35 3.30 3.25 3.20 3.15 3.09 3.04 2.98 2.93 2.87 2.81 2.75 2.69 2.63 2.57 2.50 2.44 2.38 2.32 2.26 2.20 2.14 2.08 2.02 1.96 1.91 1.85 1.80 1.74 1.69
0.17 0.16 0.16 0.06 0.17 0.19 0.21 0.24 0.29 0.33 0.39 0.45 0.52 0.59 0.67 0.75 0.83 0.91 0.99 1.07 1.15 1.24 1.32 1.40 1.49 1.58 1.68 1.79 1.91 2.05 2.20 2.38 2.57 2.80 3.06 3.36 3.70 4.08 4.51 4.99 5.51 6.08 6.70 7.35 8.04 8.75 9.48 10.22 10.94 11.65 12.31 12.93 13.49 13.97 14.36 14.66 14.85 14.94 14.92 14.80 14.58 14.28 13.89 13.43 12.91 12.35 11.77 11.17 10.56 9.97 9.40 8.85 8.33 7.86 7.42 7.03 6.69 6.38 6.12 5.89 5.70 5.54 5.40 5.30 5.21 5.14 5.09 5.06 5.03 5.02 5.02 5.02 5.03 5.04 5.06 5.08 5.11 5.14 5.18 5.21 5.25 5.29 5.33 5.37 5.41 5.45 5.49 5.53 5.57 5.61 5.65 5.68 5.71 5.74 5.77 5.80 5.82 5.84 5.86 5.87 5.89 5.90 5.91 5.91 5.92 5.92 5.92 5.92 5.91 5.91 5.90 5.89 5.88 5.87 5.86 5.84 5.83 5.81 5.79 5.77 5.75 5.73 5.70 5.68 5.65 5.62 5.59 5.56 5.52 5.49 5.45 5.41 5.37 5.33 5.28 5.23 5.19 5.14 5.09 5.03 4.98 4.92 4.86 4.80 4.74 4.68 4.61 4.55 4.48 4.41 4.34 4.26 4.18 4.10 4.02 3.93 3.83 3.73 3.62 3.51 3.38 3.25 3.10 2.95 2.78 2.60 2.42 2.22 2.02 1.82 1.61 1.41 1.22 1.04 0.87 0.45 0.14 0.14 0.14 0.14 0.14 0.14 0.14 0.14 0.14 0.45 0.76 0.89 1.02 1.16 1.30 1.43 1.56 1.68 1.79 1.90 1.99 2.08 2.16 2.23 2.30 2.36 2.42 2.48 2.54 2.60 2.67 2.74 2.81 2.89 2.98 3.08 3.18 3.29 3.42 3.55 3.70 3.85 4.02 4.19 4.37 4.55 4.75 4.94 5.13 5.33 5.52 5.70 5.87 6.02 6.16 6.28 6.38 6.46 6.50 6.52 6.52 6.48 6.42 6.33 6.22 6.08 5.93 5.76 5.57 5.37 5.17 4.97 4.76 4.56 4.36 4.17 3.99 3.82 3.66 3.52 3.39 3.27 3.17 3.08 3.00 2.94 2.88 2.84 2.81 2.78 2.76 2.75 2.75 2.76 2.76 2.78 2.80 2.83 2.86 2.89 2.94 2.98 3.04 3.10 3.17 3.25 3.34 3.44 3.56 3.68 3.82 3.97 4.13 4.31 4.50 4.71 4.92 5.16 5.40 5.65 5.91 6.17 6.44 6.70 6.95 7.20 7.43 7.65 7.84 8.01 8.15 8.27 8.35 8.39 8.40 8.38 8.32 8.23 8.11 7.97 7.80 7.61 7.40 7.18 6.95 6.72 6.49 6.26 6.03 5.81 5.60 5.40 5.21 5.04 4.87 4.72 4.59 4.46 4.35 4.24 4.15 4.06 3.98 3.91 3.84 3.78 3.72 3.66 3.61 3.55 3.50 3.45 3.40 3.36 3.31 3.26 3.21 3.16 3.11 3.05 3.00 2.94 2.89 2.83 2.77 2.71 2.65 2.59 2.53 2.47 2.41 2.35 2.29 2.23 2.17 2.11 2.05 1.99 1.94 1.88 1.83 1.77 1.72 1.67
0.06 0.06 0.06 0.06 0.06 0.06 0.06 0.21 0.26 0.31 0.36 0.43 0.50 0.58 0.65 0.74 0.82 0.90 0.99 1.07 1.15 1.24 1.32 1.40 1.49 1.59 1.68 1.79 1.91 2.04 2.19 2.37 2.56 2.79 3.04 3.34 3.67 4.04 4.46 4.92 5.44 5.99 6.59 7.23 7.90 8.59 9.30 10.01 10.71 11.39 12.04 12.63 13.16 13.62 13.99 14.27 14.45 14.53 14.50 14.38 14.16 13.85 13.47 13.02 12.51 11.97 11.40 10.82 10.24 9.66 9.11 8.58 8.09 7.63 7.22 6.84 6.51 6.22 5.97 5.75 5.57 5.42 5.29 5.19 5.11 5.05 5.00 4.97 4.95 4.94 4.93 4.94 4.95 4.96 4.98 5.01 5.04 5.07 5.10 5.14 5.17 5.21 5.25 5.30 5.34 5.38 5.42 5.46 5.50 5.54 5.58 5.61 5.65 5.68 5.71 5.74 5.76 5.78 5.80 5.82 5.84 5.85 5.86 5.87 5.88 5.88 5.89 5.89 5.89 5.88 5.88 5.87 5.86 5.86 5.85 5.83 5.82 5.81 5.79 5.77 5.75 5.73 5.71 5.69 5.66 5.63 5.60 5.57 5.54 5.51 5.47 5.44 5.40 5.36 5.32 5.27 5.23 5.18 5.13 5.08 5.03 4.97 4.92 4.86 4.80 4.74 4.67 4.61 4.54 4.47 4.40 4.32 4.25 4.16 4.08 3.99 3.89 3.79 3.68 3.56 3.43 3.29 3.14 2.98 2.81 2.62 2.43 2.23 2.02 1.81 1.60 1.39 1.19 1.00 0.82 0.45 0.14 0.14 0.14 0.14 0.14 0.14 0.14 0.14 0.14 0.45 0.72 0.85 0.99 1.14 1.28 1.42 1.56 1.68 1.80 1.91 2.01 2.10 2.18 2.25 2.32 2.38 2.44 2.49 2.55 2.60 2.66 2.72 2.79 2.86 2.94 3.02 3.12 3.22 3.33 3.45 3.57 3.71 3.85 4.01 4.17 4.33 4.50 4.67 4.84 5.01 5.18 5.34 5.49 5.63 5.75 5.86 5.94 6.01 6.05 6.06 6.06 6.02 5.97 5.89 5.78 5.66 5.52 5.37 5.20 5.03 4.85 4.66 4.48 4.30 4.12 3.95 3.79 3.64 3.50 3.38 3.26 3.16 3.07 2.99 2.92 2.87 2.82 2.79 2.76 2.74 2.73 2.72 2.72 2.73 2.74 2.75 2.77 2.80 2.83 2.87 2.91 2.96 3.01 3.07 3.14 3.22 3.30 3.40 3.50 3.62 3.75 3.89 4.05 4.22 4.41 4.61 4.82 5.05 5.28 5.53 5.79 6.05 6.31 6.57 6.82 7.07 7.30 7.52 7.72 7.89 8.04 8.15 8.24 8.29 8.30 8.28 8.23 8.14 8.03 7.88 7.72 7.53 7.32 7.10 6.88 6.65 6.41 6.18 5.96 5.74 5.53 5.33 5.15 4.97 4.81 4.66 4.53 4.40 4.29 4.18 4.09 4.00 3.92 3.85 3.78 3.72 3.66 3.60 3.55 3.50 3.45 3.40 3.35 3.30 3.25 3.20 3.16 3.11 3.06 3.01 2.95 2.90 2.85 2.79 2.74 2.68 2.62 2.56 2.50 2.44 2.38 2.32 2.26 2.20 2.14 2.08 2.02 1.97 1.91 1.86 1.80 1.75 1.70 1.65
0.06 0.06 0.06 0.06 0.06 0.06 0.06 0.06 0.23 0.28 0.34 0.41 0.48 0.56 0.64 0.73 0.81 0.90 0.98 1.07 1.15 1.24 1.32 1.41 1.49 1.59 1.68 1.79 1.91 2.04 2.19 2.35 2.55 2.77 3.02 3.30 3.62 3.99 4.40 4.85 5.34 5.88 6.47 7.08 7.73 8.40 9.08 9.77 10.45 11.10 11.72 12.28 12.79 13.23 13.58 13.84 14.01 14.07 14.04 13.91 13.69 13.39 13.02 12.58 12.09 11.57 11.02 10.46 9.90 9.35 8.81 8.31 7.84 7.40 7.01 6.65 6.33 6.06 5.82 5.61 5.44 5.30 5.18 5.09 5.01 4.96 4.91 4.88 4.86 4.85 4.85 4.86 4.87 4.89 4.91 4.93 4.96 4.99 5.03 5.06 5.10 5.14 5.18 5.22 5.26 5.31 5.35 5.39 5.43 5.47 5.51 5.55 5.58 5.61 5.65 5.68 5.70 5.73 5.75 5.77 5.79 5.80 5.82 5.83 5.84 5.84 5.85 5.85 5.86 5.86 5.85 5.85 5.85 5.84 5.83 5.82 5.81 5.80 5.78 5.77 5.75 5.73 5.71 5.69 5.67 5.65 5.62 5.59 5.56 5.53 5.50 5.46 5.43 5.39 5.35 5.31 5.27 5.22 5.18 5.13 5.08 5.02 4.97 4.91 4.86 4.80 4.73 4.67 4.60 4.54 4.47 4.39 4.31 4.23 4.15 4.06 3.96 3.85 3.74 3.62 3.49 3.35 3.19 3.03 2.85 2.66 2.46 2.25 2.04 1.82 1.60 1.38 1.17 0.98 0.80 0.45 0.14 0.14 0.14 0.14 0.14 0.14 0.14 0.14 0.14 0.45 0.70 0.84 0.98 1.13 1.28 1.43 1.56 1.70 1.82 1.93 2.03 2.12 2.20 2.27 2.34 2.40 2.45 2.50 2.56 2.61 2.66 2.71 2.77 2.84 2.90 2.98 3.06 3.15 3.24 3.35 3.46 3.58 3.70 3.84 3.98 4.12 4.27 4.42 4.57 4.72 4.87 5.00 5.14 5.26 5.36 5.45 5.53 5.58 5.62 5.63 5.62 5.59 5.54 5.47 5.38 5.27 5.14 5.01 4.86 4.70 4.54 4.38 4.22 4.06 3.90 3.75 3.61 3.48 3.36 3.24 3.14 3.05 2.98 2.91 2.85 2.80 2.76 2.73 2.71 2.70 2.69 2.69 2.69 2.70 2.71 2.73 2.75 2.78 2.81 2.84 2.88 2.93 2.98 3.04 3.11 3.18 3.26 3.35 3.45 3.57 3.69 3.83 3.98 4.15 4.33 4.52 4.73 4.95 5.19 5.43 5.68 5.94 6.20 6.46 6.72 6.97 7.21 7.43 7.63 7.81 7.96 8.08 8.17 8.22 8.24 8.23 8.18 8.09 7.98 7.84 7.67 7.48 7.27 7.06 6.83 6.60 6.36 6.13 5.90 5.68 5.47 5.27 5.09 4.91 4.75 4.60 4.47 4.34 4.23 4.12 4.03 3.94 3.86 3.79 3.72 3.65 3.59 3.54 3.48 3.43 3.38 3.33 3.28 3.24 3.19 3.15 3.10 3.05 3.00 2.96 2.91 2.86 2.80 2.75 2.69 2.64 2.58 2.52 2.47 2.41 2.35 2.29 2.23 2.17 2.11 2.05 2.00 1.94 1.88 1.83 1.78 1.72 1.67 1.62
0.06 0.06 0.06 0.06 0.06 0.06 0.06 0.06 0.22 0.27 0.33 0.40 0.47 0.55 0.64 0.72 0.81 0.90 0.98 1.07 1.16 1.24 1.32 1.41 1.50 1.59 1.69 1.79 1.90 2.03 2.18 2.34 2.53 2.74 2.98 3.26 3.57 3.93 4.32 4.76 5.24 5.76 6.32 6.91 7.54 8.18 8.84 9.50 10.14 10.77 11.36 11.90 12.38 12.79 13.13 13.37 13.52 13.58 13.54 13.41 13.20 12.90 12.54 12.11 11.64 11.14 10.61 10.08 9.54 9.01 8.51 8.03 7.58 7.16 6.79 6.45 6.15 5.89 5.67 5.47 5.31 5.18 5.07 4.98 4.91 4.86 4.82 4.79 4.78 4.77 4.77 4.78 4.79 4.81 4.83 4.86 4.88 4.92 4.95 4.99 5.03 5.07 5.11 5.15 5.19 5.23 5.28 5.32 5.36 5.40 5.44 5.48 5.52 5.55 5.58 5.61 5.64 5.67 5.69 5.72 5.74 5.76 5.77 5.78 5.80 5.81 5.81 5.82 5.82 5.83 5.83 5.83 5.82 5.82 5.82 5.81 5.80 5.79 5.78 5.77 5.75 5.74 5.72 5.70 5.68 5.66 5.63 5.61 5.58 5.55 5.52 5.49 5.46 5.42 5.39 5.35 5.31 5.27 5.22 5.18 5.13 5.08 5.03 4.97 4.92 4.86 4.80 4.74 4.67 4.61 4.54 4.46 4.39 4.30 4.22 4.13 4.03 3.92 3.81 3.69 3.55 3.41 3.25 3.08 2.90 2.70 2.50 2.29 2.07 1.84 1.62 1.40 1.18 0.98 0.45 0.14 0.14 0.14 0.14 0.14 0.14 0.14 0.14 0.14 0.14 0.14 0.45 0.84 0.99 1.14 1.29 1.44 1.58 1.72 1.84 1.95 2.05 2.15 2.23 2.30 2.36 2.42 2.47 2.52 2.57 2.61 2.66 2.71 2.76 2.81 2.87 2.94 3.01 3.09 3.17 3.26 3.35 3.46 3.57 3.68 3.80 3.93 4.06 4.19 4.32 4.45 4.57 4.69 4.81 4.91 5.00 5.08 5.14 5.19 5.22 5.23 5.22 5.19 5.14 5.08 5.00 4.90 4.79 4.67 4.54 4.40 4.26 4.11 3.97 3.83 3.69 3.56 3.44 3.32 3.22 3.12 3.03 2.96 2.89 2.83 2.78 2.74 2.71 2.69 2.67 2.66 2.65 2.65 2.66 2.67 2.68 2.70 2.73 2.75 2.78 2.82 2.86 2.90 2.95 3.01 3.07 3.14 3.22 3.31 3.41 3.52 3.64 3.77 3.92 4.08 4.26 4.45 4.65 4.87 5.11 5.35 5.60 5.86 6.13 6.39 6.65 6.91 7.15 7.38 7.58 7.77 7.93 8.05 8.15 8.21 8.23 8.22 8.17 8.09 7.97 7.83 7.66 7.47 7.26 7.04 6.81 6.57 6.33 6.10 5.87 5.64 5.43 5.23 5.04 4.86 4.70 4.55 4.41 4.28 4.17 4.06 3.96 3.88 3.79 3.72 3.65 3.58 3.52 3.46 3.41 3.35 3.31 3.26 3.21 3.17 3.12 3.08 3.04 2.99 2.95 2.90 2.85 2.80 2.75 2.70 2.65 2.60 2.54 2.49 2.43 2.37 2.31 2.25 2.20 2.14 2.08 2.02 1.97 1.91 1.86 1.80 1.75 1.70 1.65 1.60
0.06 0.06 0.06 0.06 0.06 0.06 0.06 0.06 0.21 0.26 0.32 0.39 0.47 0.55 0.64 0.72 0.81 0.90 0.99 1.08 1.16 1.25 1.33 1.42 1.50 1.59 1.69 1.79 1.90 2.03 2.17 2.32 2.51 2.71 2.95 3.21 3.52 3.86 4.24 4.66 5.12 5.62 6.16 6.73 7.32 7.94 8.57 9.19 9.81 10.41 10.97 11.48 11.94 12.32 12.64 12.86 13.00 13.05 13.01 12.88 12.67 12.38 12.03 11.63 11.18 10.69 10.19 9.68 9.17 8.67 8.19 7.74 7.31 6.92 6.57 6.25 5.97 5.72 5.51 5.33 5.18 5.06 4.96 4.88 4.81 4.76 4.73 4.71 4.69 4.69 4.69 4.70 4.71 4.73 4.75 4.78 4.81 4.84 4.88 4.91 4.95 4.99 5.04 5.08 5.12 5.16 5.21 5.25 5.29 5.33 5.37 5.41 5.45 5.49 5.52 5.55 5.58 5.61 5.64 5.66 5.69 5.71 5.72 5.74 5.75 5.77 5.78 5.79 5.79 5.80 5.80 5.80 5.80 5.80 5.80 5.79 5.79 5.78 5.77 5.76 5.75 5.73 5.72 5.70 5.69 5.67 5.65 5.62 5.60 5.58 5.55 5.52 5.49 5.46 5.42 5.39 5.35 5.31 5.27 5.23 5.18 5.14 5.09 5.04 4.98 4.93 4.87 4.81 4.75 4.68 4.61 4.54 4.46 4.38 4.30 4.21 4.11 4.00 3.88 3.76 3.62 3.48 3.32 3.14 2.96 2.76 2.55 2.34 2.11 1.89 1.66 1.43 1.22 1.01 0.83 0.45 0.14 0.14 0.14 0.14 0.14 0.14 0.14 0.14 0.14 0.45 0.72 0.87 1.02 1.17 1.32 1.47 1.62 1.75 1.87 1.99 2.09 2.18 2.26 2.33 2.39 2.45 2.49 2.54 2.58 2.62 2.67 2.71 2.75 2.80 2.85 2.91 2.97 3.03 3.10 3.18 3.26 3.35 3.44 3.54 3.65 3.75 3.86 3.97 4.09 4.20 4.30 4.41 4.50 4.59 4.67 4.73 4.79 4.83 4.85 4.85 4.84 4.82 4.77 4.72 4.64 4.56 4.46 4.35 4.24 4.12 3.99 3.87 3.74 3.62 3.50 3.39 3.28 3.18 3.09 3.00 2.93 2.86 2.81 2.76 2.72 2.68 2.66 2.64 2.63 2.62 2.62 2.62 2.63 2.64 2.66 2.68 2.70 2.73 2.76 2.80 2.83 2.88 2.93 2.98 3.04 3.11 3.19 3.27 3.37 3.47 3.59 3.72 3.86 4.02 4.20 4.39 4.59 4.81 5.04 5.29 5.54 5.81 6.07 6.34 6.61 6.87 7.12 7.36 7.58 7.77 7.93 8.07 8.17 8.23 8.26 8.25 8.20 8.12 8.01 7.86 7.69 7.49 7.28 7.05 6.82 6.57 6.33 6.09 5.85 5.62 5.40 5.20 5.00 4.82 4.65 4.50 4.36 4.23 4.11 4.00 3.90 3.80 3.72 3.64 3.57 3.50 3.44 3.38 3.32 3.27 3.22 3.17 3.13 3.09 3.05 3.00 2.96 2.92 2.88 2.84 2.79 2.75 2.70 2.65 2.60 2.55 2.50 2.45 2.39 2.33 2.28 2.22 2.16 2.11 2.05 1.99 1.94 1.88 1.83 1.78 1.72 1.67 1.62 1.58
0.06 0.06 0.06 0.06 0.06 0.06 0.06 0.06 0.06 0.26 0.32 0.39 0.47 0.56 0.64 0.73 0.82 0.91 1.00 1.08 1.17 1.25 1.34 1.42 1.51 1.60 1.69 1.79 1.90 2.02 2.15 2.31 2.48 2.68 2.90 3.16 3.45 3.78 4.14 4.54 4.98 5.46 5.97 6.52 7.09 7.67 8.27 8.86 9.45 10.01 10.54 11.03 11.46 11.82 12.11 12.32 12.45 12.49 12.45 12.32 12.12 11.84 11.51 11.12 10.69 10.24 9.76 9.28 8.79 8.32 7.87 7.44 7.04 6.68 6.34 6.05 5.78 5.56 5.36 5.19 5.05 4.94 4.84 4.77 4.71 4.67 4.64 4.62 4.61 4.61 4.61 4.62 4.63 4.65 4.68 4.71 4.74 4.77 4.80 4.84 4.88 4.92 4.96 5.01 5.05 5.09 5.14 5.18 5.22 5.27 5.31 5.35 5.39 5.42 5.46 5.49 5.53 5.56 5.58 5.61 5.64 5.66 5.68 5.70 5.71 5.73 5.74 5.75 5.76 5.77 5.77 5.78 5.78 5.78 5.78 5.78 5.77 5.77 5.76 5.75 5.74 5.73 5.72 5.71 5.69 5.68 5.66 5.64 5.62 5.60 5.57 5.55 5.52 5.49 5.46 5.43 5.40 5.36 5.32 5.28 5.24 5.20 5.15 5.10 5.05 5.00 4.95 4.89 4.83 4.76 4.69 4.62 4.55 4.47 4.38 4.29 4.19 4.08 3.97 3.84 3.71 3.56 3.40 3.22 3.03 2.84 2.63 2.41 2.18 1.95 1.72 1.50 1.28 1.07 0.88 0.45 0.14 0.14 0.14 0.14 0.14 0.14 0.14 0.14 0.14 0.45 0.77 0.91 1.06 1.22 1.37 1.52 1.66 1.79 1.92 2.03 2.13 2.22 2.30 2.36 2.42 2.48 2.52 2.56 2.60 2.64 2.68 2.71 2.75 2.79 2.83 2.88 2.93 2.99 3.05 3.11 3.18 3.25 3.33 3.42 3.50 3.60 3.69 3.78 3.88 3.97 4.06 4.15 4.23 4.30 4.37 4.42 4.46 4.49 4.51 4.51 4.50 4.48 4.44 4.39 4.32 4.24 4.16 4.06 3.96 3.86 3.75 3.64 3.53 3.43 3.32 3.22 3.13 3.05 2.97 2.90 2.83 2.78 2.73 2.69 2.66 2.63 2.61 2.60 2.59 2.59 2.59 2.59 2.60 2.62 2.64 2.66 2.68 2.71 2.74 2.77 2.81 2.85 2.90 2.95 3.01 3.08 3.15 3.23 3.33 3.43 3.55 3.67 3.82 3.97 4.15 4.34 4.54 4.76 5.00 5.24 5.50 5.77 6.05 6.32 6.60 6.87 7.13 7.38 7.60 7.81 7.98 8.12 8.23 8.30 8.33 8.32 8.28 8.20 8.08 7.93 7.75 7.55 7.33 7.09 6.85 6.60 6.35 6.10 5.85 5.61 5.39 5.17 4.97 4.79 4.61 4.45 4.30 4.17 4.04 3.93 3.83 3.73 3.64 3.56 3.48 3.41 3.34 3.28 3.23 3.18 3.13 3.08 3.04 3.00 2.96 2.92 2.88 2.85 2.81 2.77 2.73 2.69 2.65 2.60 2.55 2.51 2.46 2.40 2.35 2.30 2.24 2.19 2.13 2.07 2.02 1.96 1.91 1.85 1.80 1.75 1.70 1.65 1.60 1.55
0.06 0.06 0.06 0.06 0.06 0.06 0.06 0.06 0.21 0.27 0.33 0.40 0.48 0.57 0.65 0.74 0.83 0.92 1.01 1.10 1.18 1.27 1.35 1.43 1.52 1.60 1.69 1.79 1.89 2.01 2.14 2.29 2.45 2.64 2.86 3.10 3.38 3.69 4.04 4.42 4.84 5.29 5.78 6.29 6.83 7.38 7.95 8.51 9.06 9.59 10.09 10.54 10.95 11.29 11.56 11.75 11.87 11.91 11.86 11.74 11.54 11.28 10.97 10.60 10.20 9.76 9.32 8.86 8.41 7.97 7.54 7.14 6.77 6.43 6.12 5.84 5.60 5.39 5.20 5.05 4.92 4.82 4.73 4.66 4.61 4.57 4.55 4.53 4.52 4.52 4.53 4.54 4.56 4.58 4.60 4.63 4.66 4.70 4.73 4.77 4.81 4.85 4.89 4.94 4.98 5.03 5.07 5.11 5.16 5.20 5.24 5.28 5.32 5.36 5.40 5.44 5.47 5.50 5.53 5.56 5.58 5.61 5.63 5.65 5.67 5.69 5.70 5.71 5.72 5.73 5.74 5.75 5.75 5.76 5.76 5.76 5.76 5.75 5.75 5.74 5.74 5.73 5.72 5.71 5.70 5.68 5.67 5.65 5.64 5.62 5.60 5.58 5.55 5.53 5.50 5.47 5.44 5.41 5.38 5.34 5.30 5.26 5.22 5.18 5.13 5.08 5.03 4.97 4.91 4.85 4.78 4.71 4.64 4.56 4.47 4.38 4.28 4.18 4.06 3.93 3.80 3.65 3.48 3.31 3.12 2.92 2.71 2.49 2.27 2.04 1.81 1.58 1.36 1.16 0.97 0.45 0.14 0.14 0.14 0.14 0.14 0.14 0.14 0.14 0.14 0.45 0.84 0.98 1.13 1.28 1.43 1.58 1.72 1.85 1.97 2.08 2.18 2.26 2.34 2.40 2.46 2.51 2.55 2.59 2.63 2.66 2.69 2.72 2.75 2.79 2.82 2.86 2.90 2.95 3.00 3.05 3.11 3.17 3.24 3.31 3.38 3.45 3.53 3.61 3.69 3.77 3.84 3.91 3.98 4.04 4.09 4.14 4.17 4.19 4.21 4.21 4.19 4.17 4.13 4.09 4.03 3.96 3.89 3.80 3.72 3.62 3.53 3.44 3.34 3.25 3.16 3.08 3.00 2.93 2.86 2.80 2.75 2.70 2.66 2.63 2.60 2.58 2.57 2.56 2.55 2.55 2.56 2.57 2.58 2.59 2.61 2.63 2.66 2.69 2.72 2.75 2.79 2.83 2.88 2.93 2.98 3.05 3.12 3.20 3.29 3.39 3.51 3.63 3.78 3.93 4.11 4.30 4.50 4.73 4.97 5.22 5.48 5.76 6.04 6.33 6.62 6.90 7.17 7.43 7.67 7.88 8.06 8.21 8.33 8.40 8.44 8.44 8.39 8.31 8.19 8.03 7.85 7.64 7.41 7.16 6.91 6.65 6.38 6.12 5.87 5.62 5.38 5.16 4.95 4.76 4.57 4.41 4.25 4.11 3.98 3.86 3.75 3.65 3.55 3.46 3.38 3.31 3.24 3.18 3.12 3.07 3.02 2.98 2.94 2.90 2.86 2.83 2.80 2.76 2.73 2.70 2.66 2.62 2.59 2.54 2.50 2.46 2.41 2.36 2.31 2.26 2.20 2.15 2.09 2.04 1.99 1.93 1.88 1.82 1.77 1.72 1.67 1.62 1.57 1.53
0.06 0.06 0.06 0.06 0.06 0.06 0.06 0.06 0.23 0.28 0.35 0.42 0.50 0.58 0.67 0.76 0.85 0.94 1.03 1.11 1.20 1.28 1.36 1.44 1.52 1.61 1.70 1.79 1.89 2.00 2.13 2.27 2.43 2.61 2.81 3.04 3.30 3.60 3.92 4.29 4.68 5.11 5.57 6.05 6.56 7.08 7.61 8.13 8.65 9.15 9.61 10.04 10.41 10.73 10.98 11.16 11.27 11.30 11.26 11.14 10.95 10.71 10.41 10.07 9.69 9.28 8.87 8.44 8.02 7.61 7.22 6.84 6.50 6.18 5.89 5.64 5.41 5.22 5.05 4.91 4.79 4.70 4.62 4.56 4.51 4.48 4.46 4.44 4.44 4.44 4.45 4.46 4.48 4.50 4.53 4.56 4.59 4.62 4.66 4.70 4.74 4.78 4.83 4.87 4.91 4.96 5.00 5.05 5.09 5.14 5.18 5.22 5.26 5.30 5.34 5.38 5.41 5.44 5.48 5.51 5.53 5.56 5.58 5.61 5.63 5.64 5.66 5.68 5.69 5.70 5.71 5.72 5.73 5.73 5.73 5.74 5.74 5.74 5.74 5.73 5.73 5.73 5.72 5.71 5.70 5.69 5.68 5.67 5.65 5.64 5.62 5.61 5.59 5.57 5.54 5.52 5.49 5.47 5.44 5.40 5.37 5.33 5.29 5.25 5.21 5.16 5.11 5.06 5.00 4.94 4.88 4.81 4.74 4.66 4.57 4.48 4.38 4.28 4.16 4.03 3.90 3.75 3.58 3.41 3.22 3.02 2.81 2.60 2.37 2.14 1.91 1.69 1.47 1.27 1.08 0.92 0.45 0.14 0.14 0.14 0.14 0.14 0.14 0.14 0.45 0.82 0.94 1.08 1.22 1.37 1.51 1.65 1.79 1.91 2.03 2.14 2.23 2.31 2.39 2.45 2.50 2.55 2.59 2.62 2.65 2.68 2.71 2.73 2.76 2.79 2.82 2.85 2.88 2.92 2.96 3.00 3.05 3.10 3.15 3.21 3.27 3.33 3.39 3.46 3.52 3.59 3.65 3.70 3.76 3.81 3.85 3.88 3.91 3.93 3.93 3.93 3.92 3.89 3.86 3.82 3.77 3.71 3.64 3.57 3.49 3.41 3.33 3.25 3.17 3.09 3.02 2.95 2.88 2.82 2.76 2.71 2.67 2.63 2.60 2.57 2.55 2.53 2.52 2.52 2.52 2.52 2.53 2.54 2.55 2.57 2.59 2.61 2.64 2.66 2.69 2.73 2.76 2.81 2.85 2.90 2.96 3.02 3.09 3.17 3.26 3.36 3.47 3.60 3.74 3.90 4.07 4.27 4.48 4.70 4.95 5.21 5.48 5.77 6.06 6.36 6.66 6.95 7.24 7.51 7.76 7.98 8.18 8.34 8.46 8.54 8.58 8.58 8.53 8.45 8.32 8.16 7.97 7.75 7.51 7.26 6.99 6.71 6.44 6.16 5.90 5.64 5.39 5.16 4.94 4.73 4.54 4.36 4.20 4.05 3.91 3.78 3.67 3.56 3.46 3.36 3.28 3.20 3.13 3.06 3.00 2.95 2.90 2.86 2.82 2.79 2.75 2.73 2.70 2.67 2.64 2.62 2.59 2.55 2.52 2.48 2.45 2.40 2.36 2.31 2.26 2.21 2.16 2.11 2.06 2.01 1.95 1.90 1.85 1.79 1.74 1.69 1.64 1.60 1.55 1.50
0.06 0.06 0.06 0.06 0.06 0.06 0.06 0.06 0.25 0.31 0.38 0.45 0.53 0.61 0.70 0.78 0.87 0.96 1.05 1.13 1.22 1.30 1.38 1.46 1.54 1.62 1.70 1.79 1.89 1.99 2.11 2.25 2.40 2.57 2.76 2.98 3.22 3.50 3.81 4.15 4.52 4.92 5.35 5.80 6.27 6.76 7.25 7.74 8.23 8.69 9.12 9.52 9.87 10.16 10.39 10.56 10.65 10.68 10.64 10.53 10.35 10.13 9.85 9.53 9.18 8.80 8.41 8.02 7.63 7.25 6.89 6.54 6.22 5.93 5.67 5.44 5.23 5.05 4.90 4.77 4.66 4.58 4.51 4.45 4.41 4.39 4.37 4.36 4.36 4.36 4.37 4.39 4.41 4.43 4.46 4.49 4.52 4.55 4.59 4.63 4.67 4.71 4.76 4.80 4.85 4.89 4.94 4.98 5.03 5.07 5.12 5.16 5.20 5.24 5.28 5.32 5.36 5.39 5.42 5.45 5.48 5.51 5.54 5.56 5.58 5.60 5.62 5.64 5.65 5.67 5.68 5.69 5.70 5.70 5.71 5.72 5.72 5.72 5.72 5.72 5.72 5.72 5.72 5.71 5.71 5.70 5.69 5.68 5.67 5.66 5.65 5.64 5.62 5.60 5.59 5.57 5.55 5.52 5.50 5.47 5.44 5.41 5.37 5.34 5.29 5.25 5.20 5.15 5.10 5.04 4.98 4.91 4.84 4.76 4.68 4.59 4.49 4.39 4.27 4.14 4.01 3.86 3.70 3.52 3.34 3.14 2.93 2.71 2.49 2.27 2.04 1.82 1.61 1.41 1.22 1.06 0.92 0.45 0.45 0.45 0.14 0.45 0.45 0.45 0.84 0.94 1.06 1.19 1.33 1.47 1.60 1.74 1.87 1.99 2.10 2.20 2.29 2.37 2.44 2.50 2.55 2.59 2.63 2.66 2.68 2.71 2.73 2.75 2.77 2.80 2.82 2.84 2.87 2.90 2.93 2.96 3.00 3.04 3.08 3.13 3.18 3.23 3.28 3.33 3.38 3.43 3.48 3.52 3.56 3.60 3.63 3.66 3.68 3.69 3.69 3.69 3.67 3.65 3.62 3.58 3.53 3.48 3.42 3.36 3.29 3.23 3.16 3.09 3.02 2.95 2.89 2.83 2.77 2.72 2.67 2.63 2.59 2.56 2.54 2.52 2.50 2.49 2.49 2.48 2.49 2.49 2.50 2.51 2.53 2.55 2.57 2.59 2.61 2.64 2.67 2.71 2.74 2.78 2.83 2.88 2.93 2.99 3.06 3.14 3.23 3.33 3.44 3.57 3.71 3.87 4.05 4.25 4.46 4.69 4.94 5.21 5.50 5.79 6.10 6.41 6.72 7.03 7.33 7.61 7.87 8.11 8.32 8.49 8.62 8.70 8.75 8.75 8.70 8.61 8.48 8.32 8.12 7.89 7.64 7.37 7.09 6.80 6.51 6.22 5.94 5.67 5.41 5.16 4.93 4.71 4.51 4.32 4.15 3.99 3.84 3.70 3.58 3.46 3.35 3.25 3.16 3.08 3.00 2.93 2.87 2.82 2.77 2.73 2.69 2.66 2.64 2.61 2.59 2.57 2.55 2.53 2.50 2.48 2.45 2.42 2.39 2.35 2.31 2.26 2.22 2.17 2.12 2.07 2.02 1.97 1.92 1.87 1.82 1.76 1.71 1.66 1.62 1.57 1.52 1.48
0.06 0.06 0.06 0.06 0.06 0.06 0.06 0.24 0.29 0.34 0.41 0.48 0.56 0.64 0.73 0.81 0.90 0.99 1.07 1.16 1.24 1.32 1.39 1.47 1.55 1.63 1.71 1.79 1.88 1.99 2.10 2.22 2.36 2.52 2.71 2.91 3.14 3.40 3.69 4.00 4.35 4.72 5.12 5.54 5.98 6.43 6.89 7.34 7.79 8.22 8.62 8.98 9.30 9.58 9.79 9.94 10.03 10.05 10.01 9.91 9.75 9.54 9.28 8.99 8.66 8.32 7.96 7.60 7.24 6.89 6.56 6.25 5.95 5.69 5.45 5.23 5.05 4.89 4.75 4.63 4.54 4.46 4.40 4.35 4.32 4.29 4.28 4.27 4.27 4.28 4.29 4.31 4.33 4.36 4.39 4.42 4.45 4.49 4.52 4.56 4.60 4.65 4.69 4.74 4.78 4.83 4.87 4.92 4.97 5.01 5.05 5.10 5.14 5.18 5.22 5.26 5.30 5.33 5.37 5.40 5.43 5.46 5.49 5.51 5.54 5.56 5.58 5.60 5.61 5.63 5.64 5.66 5.67 5.68 5.69 5.69 5.70 5.70 5.71 5.71 5.71 5.71 5.71 5.71 5.71 5.71 5.70 5.70 5.69 5.68 5.68 5.67 5.66 5.65 5.63 5.62 5.60 5.58 5.56 5.54 5.51 5.49 5.46 5.42 5.39 5.35 5.30 5.26 5.20 5.15 5.09 5.02 4.95 4.88 4.80 4.71 4.61 4.50 4.39 4.26 4.13 3.98 3.82 3.65 3.46 3.27 3.06 2.85 2.63 2.41 2.19 1.97 1.77 1.57 1.39 1.23 1.09 0.98 0.90 0.85 0.45 0.82 0.86 0.91 0.99 1.09 1.20 1.32 1.45 1.58 1.71 1.84 1.96 2.07 2.18 2.27 2.36 2.43 2.50 2.55 2.60 2.63 2.67 2.69 2.72 2.74 2.76 2.77 2.79 2.81 2.82 2.84 2.86 2.89 2.91 2.94 2.96 2.99 3.03 3.06 3.10 3.14 3.18 3.21 3.25 3.29 3.33 3.36 3.39 3.42 3.45 3.46 3.48 3.48 3.48 3.47 3.46 3.44 3.41 3.37 3.33 3.28 3.23 3.18 3.12 3.06 3.00 2.94 2.88 2.83 2.77 2.72 2.67 2.63 2.59 2.56 2.53 2.50 2.49 2.47 2.46 2.45 2.45 2.45 2.46 2.46 2.48 2.49 2.51 2.52 2.54 2.57 2.59 2.62 2.65 2.68 2.72 2.76 2.80 2.85 2.91 2.97 3.04 3.12 3.21 3.31 3.42 3.55 3.69 3.85 4.03 4.23 4.45 4.69 4.95 5.23 5.52 5.83 6.14 6.47 6.79 7.12 7.43 7.73 8.01 8.26 8.47 8.65 8.79 8.89 8.94 8.94 8.89 8.80 8.66 8.49 8.28 8.04 7.77 7.49 7.19 6.89 6.59 6.28 5.99 5.70 5.43 5.16 4.92 4.69 4.47 4.28 4.09 3.92 3.76 3.62 3.48 3.35 3.24 3.13 3.03 2.94 2.86 2.79 2.72 2.67 2.62 2.58 2.55 2.53 2.51 2.49 2.47 2.46 2.45 2.43 2.42 2.40 2.38 2.35 2.32 2.29 2.25 2.21 2.17 2.13 2.08 2.03 1.98 1.94 1.88 1.83 1.78 1.73 1.69 1.64 1.59 1.54 1.50 1.45
0.19 0.18 0.18 0.06 0.20 0.22 0.24 0.28 0.33 0.39 0.45 0.52 0.60 0.68 0.77 0.85 0.94 1.02 1.10 1.18 1.26 1.34 1.41 1.49 1.56 1.64 1.71 1.80 1.88 1.98 2.08 2.20 2.33 2.48 2.65 2.84 3.06 3.30 3.56 3.85 4.17 4.52 4.89 5.28 5.68 6.10 6.52 6.94 7.35 7.74 8.11 8.45 8.74 8.99 9.18 9.32 9.41 9.43 9.39 9.29 9.15 8.95 8.72 8.45 8.15 7.84 7.51 7.18 6.86 6.54 6.24 5.95 5.69 5.45 5.23 5.04 4.87 4.72 4.60 4.50 4.41 4.34 4.29 4.25 4.22 4.20 4.19 4.19 4.19 4.20 4.22 4.24 4.26 4.29 4.32 4.35 4.38 4.42 4.46 4.50 4.54 4.58 4.63 4.67 4.72 4.76 4.81 4.86 4.90 4.95 4.99 5.04 5.08 5.12 5.17 5.21 5.24 5.28 5.32 5.35 5.38 5.41 5.44 5.47 5.49 5.52 5.54 5.56 5.58 5.59 5.61 5.62 5.64 5.65 5.66 5.67 5.68 5.68 5.69 5.70 5.70 5.70 5.71 5.71 5.71 5.71 5.71 5.71 5.71 5.71 5.71 5.70 5.70 5.69 5.68 5.67 5.66 5.65 5.63 5.61 5.59 5.57 5.55 5.52 5.48 5.45 5.41 5.37 5.32 5.26 5.21 5.14 5.08 5.00 4.92 4.83 4.74 4.63 4.52 4.39 4.26 4.11 3.95 3.78 3.60 3.41 3.21 3.00 2.79 2.57 2.36 2.14 1.94 1.75 1.58 1.42 1.29 1.18 1.10 1.04 1.01 1.01 1.04 1.09 1.16 1.25 1.35 1.46 1.58 1.71 1.83 1.95 2.06 2.17 2.26 2.35 2.43 2.50 2.56 2.61 2.65 2.68 2.71 2.74 2.76 2.77 2.79 2.80 2.81 2.82 2.84 2.85 2.86 2.88 2.90 2.92 2.94 2.96 2.98 3.01 3.04 3.06 3.09 3.12 3.15 3.18 3.20 3.23 3.25 3.27 3.28 3.30 3.30 3.30 3.30 3.29 3.27 3.25 3.22 3.19 3.15 3.11 3.07 3.02 2.97 2.92 2.87 2.81 2.76 2.72 2.67 2.63 2.59 2.55 2.52 2.49 2.47 2.45 2.44 2.43 2.42 2.42 2.42 2.42 2.43 2.44 2.45 2.47 2.48 2.50 2.52 2.55 2.57 2.60 2.63 2.66 2.70 2.74 2.78 2.83 2.89 2.95 3.01 3.09 3.18 3.28 3.40 3.53 3.67 3.84 4.02 4.22 4.45 4.70 4.96 5.25 5.55 5.87 6.20 6.54 6.88 7.22 7.55 7.86 8.15 8.41 8.64 8.83 8.98 9.08 9.13 9.13 9.09 8.99 8.85 8.67 8.45 8.20 7.92 7.62 7.31 6.99 6.67 6.35 6.04 5.74 5.45 5.17 4.91 4.67 4.44 4.23 4.03 3.85 3.68 3.52 3.37 3.24 3.11 3.00 2.89 2.79 2.71 2.63 2.57 2.51 2.46 2.43 2.40 2.38 2.36 2.35 2.35 2.34 2.34 2.33 2.32 2.31 2.30 2.28 2.26 2.23 2.20 2.16 2.12 2.08 2.04 1.99 1.95 1.90 1.85 1.80 1.75 1.70 1.66 1.61 1.56 1.52 1.47 1.43
0.23 0.23 0.22 0.23 0.24 0.26 0.29 0.33 0.38 0.44 0.50 0.57 0.65 0.73 0.81 0.89 0.97 1.06 1.14 1.21 1.29 1.36 1.44 1.51 1.58 1.65 1.72 1.80 1.88 1.97 2.07 2.18 2.30 2.44 2.60 2.77 2.97 3.19 3.44 3.71 4.00 4.32 4.65 5.01 5.38 5.76 6.15 6.53 6.91 7.27 7.60 7.91 8.18 8.41 8.58 8.71 8.79 8.81 8.77 8.69 8.55 8.38 8.16 7.92 7.65 7.37 7.07 6.78 6.48 6.20 5.92 5.67 5.43 5.21 5.02 4.85 4.69 4.57 4.46 4.36 4.29 4.23 4.19 4.15 4.13 4.11 4.11 4.11 4.12 4.13 4.14 4.16 4.19 4.22 4.25 4.28 4.31 4.35 4.39 4.43 4.48 4.52 4.56 4.61 4.66 4.70 4.75 4.80 4.84 4.89 4.94 4.98 5.02 5.07 5.11 5.15 5.19 5.23 5.26 5.30 5.33 5.36 5.39 5.42 5.45 5.47 5.49 5.52 5.54 5.56 5.57 5.59 5.61 5.62 5.63 5.64 5.65 5.66 5.67 5.68 5.69 5.70 5.70 5.71 5.71 5.72 5.72 5.73 5.73 5.73 5.74 5.74 5.74 5.73 5.73 5.73 5.72 5.72 5.71 5.69 5.68 5.66 5.64 5.62 5.59 5.56 5.52 5.48 5.44 5.39 5.33 5.27 5.21 5.13 5.05 4.97 4.87 4.77 4.65 4.53 4.40 4.25 4.10 3.93 3.75 3.56 3.37 3.16 2.96 2.75 2.54 2.33 2.14 1.95 1.78 1.63 1.50 1.39 1.31 1.26 1.23 1.22 1.24 1.29 1.35 1.43 1.52 1.62 1.73 1.84 1.96 2.06 2.17 2.27 2.35 2.43 2.51 2.57 2.62 2.67 2.70 2.73 2.76 2.78 2.80 2.81 2.82 2.83 2.84 2.85 2.86 2.86 2.87 2.88 2.89 2.91 2.92 2.93 2.95 2.97 2.99 3.00 3.02 3.04 3.06 3.08 3.10 3.12 3.13 3.14 3.15 3.15 3.15 3.15 3.14 3.13 3.11 3.09 3.06 3.03 3.00 2.96 2.92 2.88 2.84 2.79 2.75 2.70 2.66 2.62 2.58 2.55 2.52 2.49 2.46 2.44 2.42 2.41 2.40 2.39 2.39 2.39 2.39 2.39 2.40 2.41 2.43 2.44 2.46 2.48 2.50 2.53 2.55 2.58 2.61 2.64 2.68 2.72 2.76 2.81 2.86 2.92 2.99 3.07 3.16 3.26 3.38 3.51 3.66 3.82 4.01 4.22 4.45 4.71 4.98 5.28 5.59 5.92 6.27 6.62 6.97 7.32 7.67 7.99 8.30 8.57 8.81 9.01 9.17 9.28 9.33 9.33 9.29 9.19 9.04 8.85 8.62 8.35 8.06 7.75 7.43 7.09 6.76 6.42 6.09 5.77 5.47 5.18 4.90 4.65 4.40 4.18 3.97 3.77 3.59 3.42 3.26 3.11 2.98 2.85 2.74 2.63 2.54 2.46 2.39 2.34 2.29 2.26 2.24 2.22 2.21 2.21 2.21 2.22 2.22 2.22 2.22 2.22 2.22 2.20 2.19 2.17 2.14 2.11 2.08 2.04 2.00 1.95 1.91 1.86 1.82 1.77 1.72 1.67 1.63 1.58 1.53 1.49 1.45 1.40
0.28 0.27 0.27 0.28 0.30 0.32 0.35 0.39 0.44 0.49 0.56 0.63 0.70 0.78 0.86 0.94 1.02 1.10 1.17 1.25 1.32 1.39 1.46 1.53 1.59 1.66 1.73 1.80 1.88 1.96 2.06 2.16 2.27 2.40 2.54 2.71 2.89 3.09 3.31 3.56 3.83 4.12 4.42 4.75 5.09 5.43 5.78 6.13 6.47 6.80 7.10 7.38 7.63 7.83 7.99 8.11 8.18 8.20 8.17 8.09 7.97 7.81 7.62 7.41 7.17 6.91 6.65 6.38 6.12 5.86 5.62 5.39 5.18 4.98 4.81 4.66 4.53 4.41 4.32 4.24 4.17 4.12 4.08 4.06 4.04 4.03 4.03 4.03 4.04 4.05 4.07 4.09 4.12 4.15 4.18 4.21 4.25 4.29 4.33 4.37 4.41 4.46 4.50 4.55 4.60 4.64 4.69 4.74 4.78 4.83 4.88 4.92 4.97 5.01 5.05 5.09 5.13 5.17 5.21 5.25 5.28 5.31 5.34 5.37 5.40 5.43 5.45 5.48 5.50 5.52 5.54 5.56 5.57 5.59 5.60 5.62 5.63 5.64 5.65 5.67 5.68 5.69 5.70 5.71 5.72 5.73 5.73 5.74 5.75 5.76 5.77 5.77 5.78 5.78 5.79 5.79 5.79 5.79 5.78 5.78 5.77 5.76 5.74 5.72 5.70 5.67 5.64 5.61 5.57 5.52 5.47 5.41 5.34 5.27 5.20 5.11 5.01 4.91 4.80 4.68 4.55 4.40 4.25 4.08 3.91 3.73 3.54 3.34 3.14 2.93 2.73 2.53 2.34 2.16 2.00 1.85 1.73 1.62 1.54 1.48 1.45 1.44 1.46 1.49 1.55 1.62 1.70 1.79 1.89 1.99 2.09 2.19 2.28 2.37 2.45 2.52 2.59 2.64 2.69 2.73 2.76 2.79 2.81 2.83 2.84 2.85 2.86 2.87 2.87 2.87 2.88 2.88 2.89 2.89 2.90 2.90 2.91 2.92 2.93 2.94 2.95 2.96 2.97 2.98 2.99 3.01 3.02 3.02 3.03 3.03 3.04 3.04 3.03 3.02 3.01 3.00 2.98 2.96 2.93 2.90 2.87 2.84 2.80 2.76 2.73 2.69 2.65 2.61 2.58 2.54 2.51 2.48 2.45 2.43 2.41 2.39 2.38 2.37 2.36 2.35 2.35 2.36 2.36 2.37 2.38 2.39 2.41 2.42 2.44 2.46 2.48 2.51 2.53 2.56 2.59 2.62 2.66 2.70 2.74 2.79 2.84 2.90 2.97 3.05 3.14 3.24 3.36 3.49 3.64 3.81 4.00 4.22 4.46 4.72 5.00 5.31 5.63 5.97 6.33 6.69 7.06 7.43 7.78 8.12 8.44 8.73 8.98 9.19 9.35 9.46 9.52 9.53 9.48 9.37 9.22 9.02 8.78 8.51 8.21 7.88 7.54 7.19 6.84 6.49 6.14 5.81 5.49 5.18 4.89 4.62 4.36 4.12 3.90 3.69 3.49 3.31 3.14 2.98 2.83 2.70 2.57 2.46 2.37 2.28 2.21 2.15 2.11 2.08 2.06 2.05 2.05 2.06 2.07 2.08 2.10 2.11 2.12 2.13 2.13 2.13 2.12 2.10 2.08 2.06 2.03 1.99 1.95 1.91 1.87 1.83 1.78 1.73 1.69 1.64 1.60 1.55 1.51 1.46 1.42 1.38
0.32 0.32 0.33 0.34 0.35 0.38 0.41 0.45 0.50 0.55 0.62 0.68 0.76 0.83 0.91 0.98 1.06 1.14 1.21 1.28 1.35 1.42 1.49 1.55 1.61 1.68 1.74 1.81 1.88 1.96 2.04 2.14 2.24 2.36 2.49 2.64 2.81 2.99 3.19 3.42 3.66 3.92 4.20 4.49 4.80 5.11 5.43 5.74 6.05 6.34 6.62 6.87 7.09 7.28 7.42 7.53 7.59 7.61 7.58 7.52 7.41 7.27 7.10 6.91 6.70 6.47 6.24 6.00 5.77 5.54 5.32 5.12 4.93 4.76 4.61 4.48 4.36 4.26 4.18 4.11 4.06 4.01 3.98 3.96 3.95 3.94 3.94 3.95 3.96 3.98 4.00 4.02 4.05 4.08 4.11 4.15 4.19 4.22 4.27 4.31 4.35 4.40 4.44 4.49 4.54 4.58 4.63 4.68 4.73 4.77 4.82 4.87 4.91 4.96 5.00 5.04 5.08 5.12 5.16 5.19 5.23 5.26 5.30 5.33 5.35 5.38 5.41 5.43 5.46 5.48 5.50 5.52 5.54 5.56 5.57 5.59 5.60 5.62 5.63 5.65 5.66 5.68 5.69 5.71 5.72 5.73 5.75 5.76 5.77 5.79 5.80 5.81 5.82 5.83 5.84 5.85 5.86 5.87 5.87 5.87 5.87 5.86 5.85 5.84 5.82 5.80 5.77 5.74 5.70 5.66 5.61 5.55 5.49 5.42 5.35 5.26 5.17 5.07 4.96 4.83 4.70 4.56 4.41 4.25 4.08 3.90 3.71 3.52 3.33 3.13 2.93 2.74 2.56 2.39 2.23 2.09 1.96 1.86 1.78 1.72 1.69 1.67 1.68 1.71 1.75 1.81 1.88 1.96 2.05 2.14 2.23 2.31 2.40 2.47 2.55 2.61 2.67 2.72 2.76 2.79 2.82 2.85 2.86 2.88 2.89 2.90 2.90 2.90 2.91 2.91 2.91 2.91 2.91 2.91 2.91 2.91 2.91 2.92 2.92 2.92 2.93 2.93 2.93 2.94 2.94 2.95 2.95 2.95 2.95 2.95 2.95 2.94 2.93 2.92 2.91 2.89 2.87 2.85 2.82 2.79 2.76 2.73 2.70 2.67 2.63 2.60 2.57 2.53 2.50 2.47 2.44 2.42 2.40 2.38 2.36 2.35 2.34 2.33 2.32 2.32 2.32 2.33 2.34 2.34 2.36 2.37 2.38 2.40 2.42 2.44 2.46 2.49 2.51 2.54 2.57 2.60 2.64 2.68 2.72 2.77 2.82 2.88 2.95 3.03 3.12 3.22 3.34 3.47 3.63 3.80 4.00 4.22 4.46 4.73 5.02 5.33 5.67 6.02 6.39 6.76 7.14 7.52 7.89 8.24 8.57 8.87 9.13 9.35 9.52 9.64 9.70 9.70 9.65 9.54 9.39 9.18 8.93 8.65 8.33 8.00 7.64 7.28 6.91 6.55 6.19 5.84 5.50 5.18 4.88 4.59 4.32 4.06 3.83 3.60 3.39 3.20 3.01 2.84 2.68 2.54 2.40 2.28 2.18 2.09 2.02 1.96 1.92 1.89 1.88 1.88 1.88 1.90 1.92 1.94 1.97 1.99 2.01 2.03 2.04 2.05 2.04 2.04 2.02 2.00 1.97 1.94 1.91 1.87 1.83 1.79 1.75 1.70 1.66 1.61 1.57 1.52 1.48 1.44 1.40 1.35
0.37 0.38 0.38 0.40 0.42 0.44 0.48 0.52 0.57 0.62 0.68 0.75 0.82 0.89 0.96 1.04 1.11 1.18 1.25 1.32 1.39 1.45 1.51 1.57 1.63 1.69 1.75 1.81 1.88 1.95 2.03 2.12 2.21 2.32 2.44 2.58 2.73 2.89 3.08 3.28 3.50 3.73 3.98 4.25 4.52 4.80 5.08 5.37 5.64 5.91 6.15 6.38 6.58 6.74 6.87 6.97 7.03 7.04 7.02 6.97 6.87 6.75 6.60 6.43 6.25 6.05 5.84 5.63 5.43 5.23 5.04 4.86 4.70 4.55 4.42 4.30 4.20 4.12 4.05 3.99 3.94 3.91 3.89 3.87 3.86 3.86 3.86 3.87 3.89 3.91 3.93 3.96 3.98 4.02 4.05 4.08 4.12 4.16 4.20 4.25 4.29 4.34 4.38 4.43 4.48 4.53 4.57 4.62 4.67 4.72 4.76 4.81 4.86 4.90 4.94 4.99 5.03 5.07 5.11 5.14 5.18 5.21 5.25 5.28 5.31 5.34 5.36 5.39 5.41 5.44 5.46 5.48 5.50 5.52 5.54 5.56 5.58 5.60 5.61 5.63 5.65 5.67 5.68 5.70 5.72 5.74 5.76 5.78 5.80 5.82 5.83 5.85 5.87 5.89 5.91 5.92 5.94 5.95 5.96 5.96 5.97 5.97 5.97 5.96 5.95 5.93 5.91 5.88 5.85 5.81 5.76 5.71 5.65 5.58 5.51 5.42 5.33 5.23 5.12 5.00 4.87 4.73 4.58 4.43 4.26 4.08 3.90 3.71 3.53 3.33 3.15 2.96 2.78 2.62 2.46 2.33 2.21 2.10 2.02 1.96 1.93 1.91 1.91 1.93 1.96 2.01 2.07 2.14 2.21 2.29 2.37 2.44 2.51 2.58 2.65 2.70 2.75 2.79 2.83 2.86 2.89 2.91 2.92 2.93 2.94 2.94 2.95 2.95 2.95 2.94 2.94 2.94 2.94 2.93 2.93 2.93 2.92 2.92 2.92 2.92 2.91 2.91 2.91 2.91 2.91 2.90 2.90 2.90 2.89 2.88 2.88 2.86 2.85 2.84 2.82 2.80 2.78 2.76 2.73 2.71 2.68 2.65 2.62 2.59 2.56 2.53 2.50 2.47 2.44 2.41 2.39 2.37 2.35 2.34 2.32 2.31 2.30 2.30 2.30 2.30 2.30 2.30 2.31 2.32 2.33 2.35 2.36 2.38 2.40 2.42 2.44 2.47 2.49 2.52 2.55 2.58 2.62 2.66 2.70 2.75 2.80 2.86 2.93 3.01 3.10 3.20 3.32 3.46 3.61 3.79 3.99 4.21 4.46 4.73 5.03 5.35 5.70 6.06 6.44 6.82 7.21 7.60 7.98 8.35 8.69 8.99 9.26 9.49 9.66 9.79 9.85 9.85 9.80 9.69 9.53 9.32 9.06 8.77 8.44 8.10 7.73 7.35 6.97 6.59 6.22 5.86 5.51 5.17 4.85 4.55 4.27 4.00 3.75 3.51 3.29 3.08 2.88 2.70 2.53 2.37 2.23 2.10 1.99 1.90 1.82 1.76 1.72 1.70 1.69 1.70 1.71 1.74 1.77 1.80 1.84 1.87 1.90 1.93 1.95 1.96 1.97 1.97 1.96 1.94 1.92 1.90 1.87 1.83 1.79 1.75 1.71 1.67 1.62 1.58 1.54 1.49 1.45 1.41 1.37 1.33
0.42 0.43 0.44 0.46 0.48 0.51 0.55 0.59 0.63 0.69 0.75 0.81 0.88 0.95 1.02 1.09 1.16 1.23 1.29 1.36 1.42 1.48 1.54 1.60 1.65 1.71 1.76 1.82 1.88 1.95 2.02 2.10 2.19 2.28 2.39 2.51 2.65 2.80 2.96 3.14 3.34 3.55 3.78 4.01 4.25 4.51 4.76 5.01 5.25 5.49 5.71 5.91 6.09 6.23 6.35 6.44 6.49 6.51 6.49 6.44 6.36 6.26 6.13 5.98 5.82 5.65 5.47 5.29 5.11 4.94 4.78 4.62 4.48 4.35 4.24 4.14 4.05 3.98 3.92 3.87 3.84 3.81 3.79 3.78 3.78 3.78 3.79 3.80 3.82 3.84 3.86 3.89 3.92 3.95 3.99 4.02 4.06 4.10 4.14 4.19 4.23 4.28 4.33 4.37 4.42 4.47 4.52 4.57 4.61 4.66 4.71 4.76 4.80 4.85 4.89 4.93 4.97 5.02 5.05 5.09 5.13 5.16 5.20 5.23 5.26 5.29 5.32 5.35 5.37 5.40 5.42 5.44 5.47 5.49 5.51 5.53 5.55 5.57 5.59 5.61 5.63 5.66 5.68 5.70 5.72 5.75 5.77 5.80 5.82 5.85 5.87 5.90 5.92 5.95 5.97 5.99 6.01 6.03 6.05 6.06 6.08 6.08 6.09 6.09 6.08 6.07 6.05 6.03 6.00 5.97 5.92 5.87 5.82 5.75 5.68 5.59 5.50 5.40 5.29 5.18 5.05 4.91 4.76 4.61 4.44 4.27 4.10 3.91 3.73 3.54 3.36 3.18 3.01 2.85 2.70 2.57 2.45 2.35 2.27 2.21 2.16 2.14 2.14 2.15 2.17 2.21 2.26 2.31 2.38 2.44 2.51 2.57 2.63 2.69 2.75 2.79 2.84 2.87 2.91 2.93 2.95 2.97 2.98 2.99 2.99 3.00 3.00 2.99 2.99 2.99 2.98 2.98 2.97 2.96 2.96 2.95 2.94 2.94 2.93 2.92 2.91 2.91 2.90 2.89 2.89 2.88 2.87 2.86 2.85 2.84 2.82 2.81 2.79 2.77 2.76 2.73 2.71 2.69 2.66 2.64 2.61 2.58 2.55 2.52 2.50 2.47 2.44 2.41 2.39 2.37 2.35 2.33 2.31 2.30 2.29 2.28 2.27 2.27 2.27 2.27 2.28 2.28 2.29 2.30 2.31 2.33 2.34 2.36 2.38 2.40 2.43 2.45 2.47 2.50 2.53 2.56 2.60 2.64 2.68 2.73 2.78 2.84 2.91 2.99 3.08 3.18 3.31 3.44 3.60 3.78 3.98 4.21 4.46 4.74 5.04 5.37 5.72 6.09 6.47 6.87 7.27 7.66 8.05 8.43 8.77 9.09 9.37 9.60 9.78 9.90 9.97 9.97 9.92 9.81 9.64 9.43 9.16 8.86 8.53 8.17 7.80 7.41 7.02 6.63 6.24 5.87 5.50 5.16 4.82 4.51 4.21 3.93 3.66 3.41 3.18 2.95 2.74 2.55 2.36 2.20 2.04 1.91 1.79 1.69 1.62 1.56 1.52 1.50 1.50 1.51 1.54 1.57 1.61 1.66 1.71 1.75 1.79 1.83 1.86 1.88 1.90 1.90 1.90 1.89 1.87 1.85 1.82 1.79 1.75 1.72 1.68 1.64 1.59 1.55 1.51 1.47 1.43 1.38 1.35 1.31
0.48 0.49 0.50 0.52 0.55 0.58 0.62 0.66 0.71 0.76 0.82 0.88 0.94 1.01 1.08 1.14 1.21 1.28 1.34 1.40 1.46 1.51 1.57 1.62 1.67 1.72 1.78 1.83 1.89 1.95 2.01 2.08 2.16 2.25 2.35 2.46 2.58 2.71 2.86 3.02 3.19 3.38 3.58 3.79 4.00 4.23 4.45 4.67 4.89 5.10 5.29 5.47 5.63 5.76 5.86 5.94 5.99 6.01 5.99 5.95 5.89 5.80 5.69 5.56 5.42 5.27 5.12 4.97 4.81 4.66 4.52 4.39 4.27 4.16 4.07 3.98 3.91 3.85 3.80 3.76 3.73 3.71 3.70 3.69 3.70 3.70 3.71 3.73 3.75 3.77 3.80 3.82 3.86 3.89 3.92 3.96 4.00 4.04 4.09 4.13 4.18 4.22 4.27 4.32 4.36 4.41 4.46 4.51 4.56 4.61 4.65 4.70 4.75 4.79 4.84 4.88 4.92 4.96 5.00 5.04 5.08 5.11 5.15 5.18 5.21 5.24 5.27 5.30 5.33 5.35 5.38 5.40 5.43 5.45 5.48 5.50 5.52 5.55 5.57 5.59 5.62 5.64 5.67 5.70 5.73 5.75 5.78 5.81 5.85 5.88 5.91 5.94 5.97 6.01 6.04 6.07 6.10 6.12 6.15 6.17 6.19 6.20 6.22 6.22 6.22 6.22 6.21 6.19 6.16 6.13 6.09 6.05 5.99 5.93 5.85 5.77 5.68 5.58 5.48 5.36 5.23 5.09 4.95 4.80 4.63 4.47 4.29 4.12 3.94 3.76 3.58 3.41 3.24 3.09 2.94 2.81 2.69 2.59 2.51 2.45 2.40 2.37 2.36 2.36 2.38 2.41 2.44 2.49 2.54 2.59 2.64 2.70 2.75 2.80 2.85 2.89 2.92 2.95 2.98 3.00 3.02 3.03 3.04 3.05 3.05 3.05 3.05 3.05 3.04 3.03 3.03 3.02 3.01 3.00 2.99 2.98 2.97 2.96 2.95 2.94 2.93 2.91 2.90 2.89 2.88 2.86 2.85 2.84 2.82 2.81 2.79 2.77 2.75 2.73 2.71 2.69 2.66 2.64 2.61 2.58 2.56 2.53 2.50 2.47 2.45 2.42 2.40 2.37 2.35 2.33 2.31 2.30 2.28 2.27 2.26 2.26 2.25 2.25 2.25 2.25 2.26 2.26 2.27 2.28 2.30 2.31 2.33 2.34 2.36 2.38 2.41 2.43 2.46 2.48 2.51 2.54 2.58 2.62 2.66 2.71 2.76 2.82 2.89 2.97 3.06 3.17 3.29 3.43 3.58 3.76 3.97 4.20 4.45 4.73 5.04 5.37 5.73 6.10 6.49 6.89 7.30 7.70 8.10 8.48 8.83 9.15 9.43 9.67 9.85 9.98 10.05 10.06 10.00 9.89 9.72 9.50 9.23 8.93 8.59 8.22 7.84 7.44 7.04 6.64 6.25 5.86 5.49 5.13 4.79 4.46 4.15 3.86 3.58 3.31 3.06 2.83 2.61 2.40 2.20 2.02 1.86 1.72 1.60 1.49 1.41 1.36 1.32 1.30 1.31 1.33 1.36 1.41 1.46 1.52 1.58 1.63 1.69 1.73 1.77 1.80 1.82 1.84 1.84 1.83 1.82 1.80 1.78 1.75 1.72 1.68 1.64 1.60 1.56 1.52 1.48 1.44 1.40 1.36 1.32 1.28
0.53 0.55 0.56 0.59 0.61 0.65 0.69 0.73 0.78 0.83 0.89 0.95 1.01 1.07 1.13 1.20 1.26 1.32 1.38 1.44 1.49 1.55 1.60 1.64 1.69 1.74 1.79 1.84 1.89 1.94 2.00 2.07 2.14 2.22 2.31 2.40 2.51 2.63 2.76 2.90 3.06 3.22 3.40 3.58 3.77 3.97 4.16 4.36 4.55 4.73 4.90 5.06 5.20 5.32 5.41 5.48 5.52 5.54 5.53 5.50 5.44 5.37 5.28 5.17 5.05 4.92 4.79 4.66 4.53 4.41 4.29 4.18 4.08 3.98 3.90 3.83 3.77 3.73 3.69 3.66 3.63 3.62 3.61 3.61 3.62 3.63 3.64 3.66 3.68 3.70 3.73 3.76 3.79 3.83 3.86 3.90 3.94 3.99 4.03 4.07 4.12 4.17 4.21 4.26 4.31 4.36 4.41 4.46 4.50 4.55 4.60 4.65 4.69 4.74 4.78 4.83 4.87 4.91 4.95 4.99 5.03 5.06 5.10 5.13 5.16 5.20 5.23 5.26 5.28 5.31 5.34 5.36 5.39 5.42 5.44 5.47 5.49 5.52 5.55 5.57 5.60 5.63 5.66 5.70 5.73 5.76 5.80 5.83 5.87 5.91 5.95 5.99 6.03 6.07 6.11 6.15 6.18 6.22 6.25 6.28 6.31 6.33 6.35 6.36 6.37 6.37 6.37 6.35 6.33 6.31 6.27 6.23 6.17 6.11 6.04 5.96 5.87 5.77 5.66 5.55 5.42 5.29 5.14 4.99 4.83 4.67 4.50 4.32 4.15 3.97 3.80 3.63 3.47 3.32 3.18 3.05 2.93 2.83 2.75 2.68 2.63 2.60 2.58 2.57 2.58 2.60 2.62 2.66 2.69 2.74 2.78 2.82 2.87 2.91 2.95 2.98 3.01 3.04 3.06 3.08 3.09 3.10 3.11 3.11 3.11 3.11 3.11 3.10 3.10 3.09 3.08 3.07 3.06 3.04 3.03 3.02 3.01 2.99 2.98 2.96 2.95 2.93 2.92 2.90 2.88 2.87 2.85 2.83 2.81 2.79 2.77 2.75 2.73 2.70 2.68 2.65 2.63 2.60 2.57 2.55 2.52 2.49 2.47 2.44 2.41 2.39 2.37 2.34 2.32 2.30 2.29 2.27 2.26 2.25 2.24 2.24 2.23 2.23 2.23 2.23 2.24 2.25 2.26 2.27 2.28 2.29 2.31 2.33 2.35 2.37 2.39 2.41 2.44 2.47 2.49 2.53 2.56 2.60 2.64 2.69 2.74 2.80 2.87 2.95 3.04 3.15 3.27 3.41 3.56 3.75 3.95 4.18 4.44 4.72 5.03 5.36 5.72 6.10 6.49 6.90 7.31 7.71 8.11 8.50 8.85 9.18 9.46 9.70 9.89 10.02 10.09 10.09 10.04 9.93 9.76 9.54 9.27 8.96 8.61 8.24 7.86 7.46 7.05 6.64 6.24 5.84 5.46 5.09 4.74 4.40 4.08 3.78 3.49 3.21 2.95 2.70 2.47 2.25 2.04 1.85 1.68 1.53 1.40 1.30 1.22 1.16 1.12 1.11 1.12 1.15 1.19 1.25 1.31 1.38 1.45 1.52 1.58 1.64 1.68 1.72 1.75 1.77 1.78 1.78 1.77 1.76 1.74 1.71 1.68 1.64 1.61 1.57 1.53 1.49 1.45 1.41 1.37 1.33 1.30 1.26
0.58 0.60 0.62 0.65 0.68 0.72 0.75 0.80 0.85 0.90 0.95 1.01 1.07 1.13 1.19 1.25 1.31 1.37 1.43 1.48 1.53 1.58 1.62 1.67 1.71 1.76 1.80 1.85 1.89 1.94 2.00 2.06 2.12 2.19 2.27 2.35 2.45 2.56 2.67 2.80 2.93 3.08 3.23 3.39 3.56 3.73 3.90 4.07 4.24 4.40 4.55 4.68 4.81 4.91 4.99 5.05 5.09 5.11 5.11 5.08 5.04 4.97 4.90 4.81 4.71 4.60 4.49 4.38 4.28 4.17 4.07 3.98 3.89 3.82 3.75 3.69 3.65 3.61 3.58 3.56 3.54 3.53 3.53 3.53 3.54 3.55 3.57 3.59 3.61 3.64 3.67 3.70 3.73 3.77 3.81 3.85 3.89 3.93 3.97 4.02 4.06 4.11 4.16 4.21 4.26 4.30 4.35 4.40 4.45 4.50 4.55 4.59 4.64 4.69 4.73 4.77 4.82 4.86 4.90 4.94 4.98 5.01 5.05 5.08 5.12 5.15 5.18 5.21 5.24 5.27 5.30 5.32 5.35 5.38 5.41 5.43 5.46 5.49 5.52 5.55 5.59 5.62 5.66 5.69 5.73 5.77 5.81 5.85 5.90 5.94 5.99 6.04 6.09 6.13 6.18 6.23 6.27 6.32 6.36 6.40 6.43 6.46 6.49 6.51 6.52 6.53 6.53 6.53 6.51 6.49 6.45 6.41 6.36 6.30 6.23 6.15 6.07 5.97 5.86 5.74 5.62 5.48 5.34 5.19 5.03 4.87 4.70 4.53 4.36 4.19 4.02 3.85 3.70 3.55 3.41 3.28 3.17 3.07 2.98 2.91 2.85 2.81 2.79 2.77 2.77 2.78 2.79 2.82 2.85 2.88 2.91 2.95 2.98 3.01 3.04 3.07 3.10 3.12 3.14 3.15 3.16 3.17 3.17 3.18 3.18 3.17 3.17 3.16 3.15 3.15 3.13 3.12 3.11 3.10 3.08 3.07 3.05 3.03 3.02 3.00 2.98 2.96 2.94 2.92 2.90 2.88 2.86 2.84 2.81 2.79 2.77 2.74 2.72 2.69 2.66 2.64 2.61 2.58 2.55 2.53 2.50 2.47 2.44 2.42 2.39 2.37 2.34 2.32 2.30 2.29 2.27 2.26 2.24 2.23 2.23 2.22 2.22 2.22 2.22 2.22 2.23 2.23 2.24 2.25 2.27 2.28 2.30 2.31 2.33 2.35 2.37 2.40 2.42 2.45 2.48 2.51 2.54 2.58 2.62 2.67 2.72 2.78 2.85 2.93 3.02 3.12 3.25 3.38 3.54 3.72 3.93 4.16 4.41 4.70 5.01 5.34 5.70 6.08 6.47 6.88 7.29 7.69 8.09 8.48 8.84 9.16 9.45 9.69 9.88 10.01 10.08 10.08 10.03 9.92 9.75 9.53 9.26 8.95 8.60 8.23 7.84 7.44 7.03 6.62 6.21 5.81 5.43 5.05 4.69 4.34 4.02 3.70 3.40 3.11 2.84 2.58 2.34 2.10 1.89 1.69 1.51 1.35 1.22 1.11 1.03 0.97 0.94 0.93 0.95 0.98 1.03 1.10 1.17 1.25 1.33 1.41 1.48 1.54 1.60 1.65 1.68 1.71 1.72 1.73 1.72 1.71 1.69 1.67 1.64 1.61 1.57 1.54 1.50 1.46 1.42 1.38 1.35 1.31 1.27 1.24
0.63 0.66 0.68 0.71 0.74 0.78 0.82 0.87 0.91 0.97 1.02 1.08 1.13 1.19 1.25 1.31 1.36 1.42 1.47 1.52 1.56 1.61 1.65 1.69 1.73 1.77 1.81 1.86 1.90 1.94 1.99 2.04 2.10 2.16 2.23 2.31 2.39 2.49 2.59 2.70 2.82 2.94 3.08 3.22 3.36 3.51 3.66 3.81 3.95 4.09 4.22 4.34 4.45 4.54 4.61 4.67 4.70 4.72 4.72 4.70 4.67 4.62 4.55 4.48 4.40 4.31 4.22 4.13 4.04 3.95 3.87 3.79 3.73 3.66 3.61 3.56 3.53 3.50 3.47 3.46 3.45 3.45 3.45 3.46 3.47 3.48 3.50 3.52 3.55 3.58 3.61 3.64 3.67 3.71 3.75 3.79 3.83 3.87 3.92 3.96 4.01 4.06 4.10 4.15 4.20 4.25 4.30 4.35 4.40 4.45 4.49 4.54 4.59 4.63 4.68 4.72 4.76 4.81 4.85 4.89 4.92 4.96 5.00 5.03 5.07 5.10 5.13 5.16 5.19 5.22 5.25 5.28 5.31 5.34 5.37 5.40 5.43 5.46 5.50 5.53 5.57 5.61 5.65 5.69 5.73 5.78 5.83 5.87 5.93 5.98 6.03 6.09 6.14 6.20 6.26 6.31 6.37 6.42 6.47 6.52 6.56 6.60 6.63 6.66 6.68 6.70 6.71 6.70 6.69 6.67 6.65 6.61 6.56 6.50 6.43 6.36 6.27 6.17 6.06 5.95 5.82 5.68 5.54 5.39 5.23 5.07 4.91 4.74 4.57 4.40 4.23 4.07 3.92 3.77 3.63 3.50 3.39 3.29 3.20 3.13 3.07 3.02 2.99 2.96 2.95 2.95 2.96 2.97 2.99 3.01 3.04 3.06 3.09 3.12 3.14 3.16 3.18 3.20 3.21 3.23 3.24 3.24 3.24 3.25 3.24 3.24 3.24 3.23 3.22 3.21 3.20 3.18 3.17 3.16 3.14 3.12 3.10 3.08 3.06 3.04 3.02 3.00 2.98 2.95 2.93 2.91 2.88 2.86 2.83 2.80 2.78 2.75 2.72 2.69 2.66 2.63 2.60 2.58 2.55 2.52 2.49 2.46 2.43 2.41 2.38 2.36 2.33 2.31 2.29 2.27 2.26 2.24 2.23 2.22 2.22 2.21 2.21 2.21 2.21 2.21 2.21 2.22 2.23 2.24 2.25 2.27 2.28 2.30 2.32 2.34 2.36 2.38 2.40 2.43 2.46 2.49 2.52 2.56 2.60 2.65 2.70 2.76 2.83 2.91 3.00 3.10 3.22 3.36 3.52 3.70 3.90 4.13 4.38 4.66 4.97 5.30 5.66 6.03 6.43 6.83 7.24 7.64 8.04 8.42 8.78 9.10 9.39 9.63 9.82 9.95 10.02 10.03 9.97 9.86 9.70 9.48 9.21 8.90 8.56 8.19 7.80 7.40 6.99 6.58 6.17 5.77 5.38 5.00 4.63 4.28 3.94 3.62 3.31 3.02 2.74 2.47 2.21 1.97 1.75 1.54 1.35 1.19 1.05 0.94 0.85 0.80 0.45 0.76 0.78 0.83 0.88 0.96 1.04 1.13 1.22 1.30 1.39 1.46 1.52 1.58 1.62 1.65 1.67 1.68 1.68 1.67 1.65 1.63 1.61 1.57 1.54 1.51 1.47 1.43 1.40 1.36 1.32 1.28 1.25 1.21
0.68 0.71 0.74 0.77 0.81 0.84 0.89 0.93 0.98 1.03 1.08 1.14 1.19 1.25 1.30 1.36 1.41 1.46 1.51 1.56 1.60 1.64 1.68 1.72 1.76 1.79 1.83 1.87 1.90 1.94 1.99 2.03 2.09 2.14 2.20 2.27 2.34 2.42 2.51 2.61 2.71 2.82 2.94 3.06 3.19 3.31 3.44 3.57 3.70 3.82 3.93 4.03 4.13 4.20 4.27 4.32 4.35 4.37 4.37 4.36 4.33 4.29 4.24 4.18 4.11 4.04 3.97 3.90 3.82 3.75 3.69 3.63 3.57 3.52 3.48 3.44 3.42 3.39 3.38 3.37 3.36 3.37 3.37 3.38 3.40 3.41 3.44 3.46 3.49 3.51 3.55 3.58 3.62 3.65 3.69 3.73 3.78 3.82 3.86 3.91 3.96 4.00 4.05 4.10 4.15 4.20 4.25 4.30 4.35 4.39 4.44 4.49 4.54 4.58 4.63 4.67 4.71 4.75 4.79 4.83 4.87 4.91 4.95 4.98 5.01 5.05 5.08 5.11 5.14 5.18 5.21 5.24 5.27 5.30 5.33 5.37 5.40 5.44 5.47 5.51 5.55 5.59 5.64 5.68 5.73 5.79 5.84 5.90 5.95 6.01 6.08 6.14 6.21 6.27 6.34 6.40 6.46 6.53 6.59 6.64 6.69 6.74 6.78 6.82 6.85 6.87 6.88 6.89 6.88 6.87 6.84 6.81 6.76 6.71 6.64 6.56 6.48 6.38 6.27 6.15 6.02 5.89 5.75 5.59 5.44 5.28 5.11 4.94 4.78 4.61 4.44 4.28 4.13 3.98 3.85 3.72 3.60 3.50 3.41 3.33 3.27 3.21 3.17 3.14 3.13 3.12 3.11 3.12 3.13 3.14 3.16 3.18 3.20 3.22 3.24 3.25 3.27 3.28 3.30 3.31 3.31 3.32 3.32 3.32 3.32 3.31 3.31 3.30 3.29 3.28 3.27 3.25 3.24 3.22 3.20 3.18 3.16 3.14 3.12 3.10 3.07 3.05 3.02 3.00 2.97 2.94 2.92 2.89 2.86 2.83 2.80 2.77 2.74 2.71 2.68 2.64 2.61 2.58 2.55 2.52 2.49 2.46 2.43 2.41 2.38 2.35 2.33 2.31 2.29 2.27 2.25 2.24 2.23 2.22 2.21 2.20 2.20 2.20 2.20 2.20 2.21 2.21 2.22 2.23 2.24 2.25 2.27 2.29 2.30 2.32 2.34 2.36 2.39 2.41 2.44 2.47 2.51 2.54 2.58 2.63 2.68 2.74 2.81 2.89 2.97 3.08 3.20 3.33 3.49 3.67 3.87 4.09 4.34 4.62 4.92 5.25 5.60 5.97 6.36 6.76 7.16 7.56 7.95 8.33 8.68 9.00 9.29 9.52 9.71 9.84 9.91 9.92 9.87 9.76 9.60 9.38 9.12 8.81 8.48 8.11 7.73 7.33 6.92 6.51 6.11 5.71 5.32 4.94 4.57 4.22 3.87 3.55 3.23 2.93 2.64 2.36 2.10 1.85 1.61 1.40 1.21 1.04 0.90 0.45 0.45 0.45 0.14 0.45 0.45 0.45 0.75 0.83 0.92 1.02 1.12 1.21 1.30 1.38 1.45 1.51 1.56 1.59 1.62 1.63 1.63 1.63 1.61 1.60 1.57 1.54 1.51 1.48 1.44 1.40 1.37 1.33 1.30 1.26 1.22 1.19
0.73 0.76 0.79 0.82 0.86 0.90 0.95 0.99 1.04 1.09 1.14 1.20 1.25 1.30 1.36 1.41 1.46 1.50 1.55 1.59 1.63 1.67 1.71 1.74 1.78 1.81 1.84 1.88 1.91 1.95 1.98 2.03 2.07 2.12 2.17 2.23 2.30 2.37 2.45 2.53 2.62 2.71 2.81 2.92 3.03 3.14 3.25 3.36 3.47 3.57 3.67 3.76 3.84 3.91 3.96 4.01 4.04 4.06 4.06 4.05 4.03 4.00 3.96 3.91 3.86 3.80 3.74 3.69 3.63 3.57 3.52 3.47 3.43 3.39 3.36 3.33 3.31 3.30 3.29 3.28 3.28 3.29 3.30 3.31 3.33 3.35 3.37 3.40 3.43 3.46 3.49 3.52 3.56 3.60 3.64 3.68 3.72 3.77 3.81 3.86 3.90 3.95 4.00 4.05 4.10 4.15 4.20 4.24 4.29 4.34 4.39 4.44 4.48 4.53 4.57 4.62 4.66 4.70 4.74 4.78 4.82 4.86 4.89 4.93 4.96 5.00 5.03 5.06 5.10 5.13 5.16 5.19 5.23 5.26 5.29 5.33 5.37 5.40 5.44 5.49 5.53 5.58 5.63 5.68 5.74 5.79 5.85 5.92 5.98 6.05 6.12 6.19 6.27 6.34 6.42 6.49 6.56 6.63 6.70 6.77 6.83 6.89 6.94 6.98 7.02 7.05 7.07 7.08 7.08 7.07 7.05 7.02 6.97 6.92 6.85 6.78 6.69 6.59 6.48 6.36 6.23 6.10 5.95 5.80 5.64 5.48 5.32 5.15 4.98 4.81 4.65 4.49 4.34 4.19 4.05 3.92 3.80 3.70 3.61 3.52 3.45 3.40 3.35 3.31 3.29 3.27 3.26 3.26 3.26 3.27 3.28 3.29 3.30 3.32 3.33 3.35 3.36 3.37 3.38 3.39 3.39 3.40 3.40 3.40 3.40 3.39 3.39 3.38 3.37 3.36 3.34 3.33 3.31 3.30 3.28 3.26 3.24 3.21 3.19 3.16 3.14 3.11 3.08 3.05 3.02 2.99 2.96 2.93 2.90 2.87 2.84 2.80 2.77 2.74 2.70 2.67 2.64 2.60 2.57 2.54 2.51 2.47 2.44 2.42 2.39 2.36 2.34 2.31 2.29 2.27 2.26 2.24 2.23 2.22 2.21 2.20 2.20 2.20 2.19 2.20 2.20 2.21 2.21 2.22 2.23 2.24 2.26 2.27 2.29 2.31 2.33 2.35 2.37 2.40 2.43 2.46 2.49 2.53 2.57 2.61 2.66 2.72 2.79 2.86 2.95 3.05 3.17 3.30 3.46 3.63 3.83 4.05 4.29 4.57 4.86 5.18 5.53 5.89 6.27 6.66 7.05 7.45 7.83 8.20 8.55 8.86 9.14 9.37 9.55 9.68 9.75 9.76 9.72 9.61 9.45 9.24 8.99 8.69 8.36 8.00 7.63 7.24 6.84 6.43 6.03 5.64 5.25 4.87 4.51 4.15 3.81 3.48 3.16 2.85 2.55 2.27 2.00 1.74 1.50 1.28 1.08 0.91 0.45 0.14 0.14 0.14 0.14 0.14 0.14 0.14 0.45 0.73 0.82 0.93 1.03 1.13 1.23 1.31 1.39 1.45 1.51 1.54 1.57 1.59 1.59 1.59 1.58 1.56 1.54 1.51 1.48 1.45 1.41 1.38 1.34 1.31 1.27 1.24 1.20 1.17
0.77 0.80 0.84 0.88 0.92 0.96 1.00 1.05 1.10 1.15 1.20 1.25 1.30 1.36 1.41 1.45 1.50 1.54 1.59 1.63 1.66 1.70 1.73 1.76 1.79 1.82 1.85 1.88 1.92 1.95 1.98 2.02 2.06 2.10 2.15 2.20 2.26 2.32 2.39 2.46 2.54 2.62 2.70 2.79 2.89 2.98 3.08 3.17 3.26 3.35 3.44 3.51 3.58 3.64 3.69 3.73 3.76 3.78 3.78 3.78 3.76 3.74 3.71 3.67 3.63 3.59 3.54 3.50 3.45 3.41 3.37 3.33 3.30 3.27 3.25 3.23 3.21 3.21 3.20 3.20 3.21 3.22 3.23 3.24 3.26 3.29 3.31 3.34 3.37 3.40 3.43 3.47 3.50 3.54 3.58 3.63 3.67 3.71 3.76 3.80 3.85 3.90 3.95 4.00 4.05 4.09 4.14 4.19 4.24 4.29 4.34 4.38 4.43 4.48 4.52 4.56 4.61 4.65 4.69 4.73 4.77 4.80 4.84 4.88 4.91 4.95 4.98 5.01 5.05 5.08 5.11 5.15 5.18 5.22 5.25 5.29 5.33 5.37 5.42 5.46 5.51 5.56 5.62 5.68 5.74 5.80 5.87 5.94 6.01 6.09 6.17 6.25 6.33 6.41 6.50 6.58 6.66 6.74 6.82 6.90 6.97 7.03 7.09 7.15 7.19 7.23 7.25 7.27 7.28 7.27 7.25 7.23 7.19 7.13 7.07 6.99 6.90 6.81 6.70 6.57 6.45 6.31 6.16 6.01 5.85 5.68 5.52 5.35 5.18 5.01 4.85 4.69 4.53 4.38 4.25 4.12 4.00 3.89 3.79 3.70 3.63 3.57 3.51 3.47 3.44 3.41 3.40 3.39 3.38 3.38 3.39 3.40 3.41 3.42 3.43 3.44 3.45 3.46 3.46 3.47 3.48 3.48 3.48 3.48 3.48 3.48 3.47 3.46 3.45 3.44 3.43 3.41 3.40 3.38 3.36 3.34 3.32 3.29 3.27 3.24 3.21 3.18 3.15 3.12 3.09 3.06 3.02 2.99 2.95 2.92 2.88 2.85 2.81 2.78 2.74 2.70 2.67 2.63 2.60 2.56 2.53 2.50 2.47 2.44 2.41 2.38 2.35 2.33 2.31 2.29 2.27 2.25 2.24 2.22 2.21 2.21 2.20 2.20 2.19 2.19 2.20 2.20 2.21 2.21 2.22 2.24 2.25 2.26 2.28 2.30 2.32 2.34 2.36 2.38 2.41 2.44 2.47 2.51 2.55 2.59 2.64 2.70 2.77 2.84 2.93 3.03 3.14 3.27 3.42 3.59 3.78 4.00 4.24 4.50 4.79 5.10 5.44 5.79 6.16 6.54 6.92 7.30 7.68 8.04 8.37 8.68 8.95 9.18 9.35 9.48 9.55 9.56 9.52 9.42 9.27 9.06 8.82 8.53 8.21 7.86 7.50 7.12 6.73 6.34 5.94 5.56 5.17 4.80 4.44 4.09 3.74 3.41 3.09 2.78 2.48 2.19 1.91 1.65 1.41 1.18 0.98 0.45 0.14 0.14 0.14 0.14 0.14 0.14 0.14 0.14 0.14 0.45 0.74 0.85 0.96 1.06 1.16 1.26 1.34 1.40 1.46 1.50 1.53 1.55 1.55 1.55 1.54 1.53 1.50 1.48 1.45 1.42 1.38 1.35 1.32 1.28 1.25 1.21 1.18 1.15
0.81 0.84 0.88 0.92 0.97 1.01 1.06 1.10 1.15 1.20 1.25 1.30 1.35 1.40 1.45 1.50 1.54 1.58 1.62 1.66 1.69 1.73 1.76 1.78 1.81 1.84 1.87 1.89 1.92 1.95 1.98 2.01 2.05 2.09 2.13 2.17 2.22 2.28 2.33 2.40 2.46 2.53 2.61 2.68 2.76 2.84 2.93 3.01 3.09 3.16 3.23 3.30 3.36 3.41 3.45 3.49 3.52 3.53 3.54 3.54 3.53 3.51 3.49 3.46 3.43 3.40 3.36 3.33 3.29 3.26 3.23 3.20 3.18 3.16 3.14 3.13 3.12 3.12 3.12 3.13 3.13 3.15 3.16 3.18 3.20 3.22 3.25 3.28 3.31 3.34 3.38 3.41 3.45 3.49 3.53 3.57 3.62 3.66 3.71 3.75 3.80 3.85 3.90 3.95 3.99 4.04 4.09 4.14 4.19 4.24 4.28 4.33 4.38 4.42 4.47 4.51 4.55 4.59 4.63 4.67 4.71 4.75 4.79 4.82 4.86 4.89 4.93 4.96 5.00 5.03 5.06 5.10 5.14 5.17 5.21 5.25 5.30 5.34 5.39 5.44 5.49 5.55 5.61 5.67 5.74 5.81 5.88 5.96 6.04 6.12 6.21 6.30 6.39 6.48 6.58 6.67 6.76 6.85 6.94 7.03 7.11 7.18 7.25 7.31 7.37 7.41 7.44 7.47 7.48 7.48 7.46 7.44 7.40 7.35 7.29 7.21 7.12 7.02 6.91 6.79 6.66 6.52 6.37 6.21 6.05 5.89 5.72 5.55 5.38 5.21 5.04 4.88 4.72 4.57 4.43 4.30 4.17 4.06 3.96 3.87 3.79 3.72 3.67 3.62 3.58 3.55 3.53 3.51 3.50 3.50 3.50 3.50 3.50 3.51 3.52 3.53 3.54 3.55 3.55 3.56 3.57 3.57 3.57 3.57 3.57 3.57 3.56 3.56 3.55 3.54 3.52 3.51 3.49 3.47 3.45 3.43 3.41 3.38 3.35 3.32 3.30 3.26 3.23 3.20 3.17 3.13 3.09 3.06 3.02 2.98 2.95 2.91 2.87 2.83 2.79 2.75 2.72 2.68 2.64 2.60 2.57 2.53 2.50 2.47 2.43 2.40 2.38 2.35 2.33 2.30 2.28 2.26 2.25 2.23 2.22 2.21 2.21 2.20 2.20 2.20 2.20 2.20 2.20 2.21 2.22 2.23 2.24 2.25 2.27 2.29 2.30 2.32 2.35 2.37 2.40 2.43 2.46 2.49 2.53 2.57 2.62 2.68 2.74 2.82 2.90 3.00 3.11 3.24 3.38 3.55 3.73 3.94 4.17 4.43 4.71 5.01 5.33 5.67 6.03 6.39 6.76 7.13 7.49 7.84 8.17 8.46 8.72 8.94 9.12 9.24 9.31 9.32 9.28 9.19 9.04 8.85 8.61 8.34 8.03 7.70 7.35 6.98 6.61 6.23 5.84 5.47 5.09 4.73 4.37 4.02 3.69 3.36 3.03 2.72 2.42 2.13 1.85 1.59 1.34 1.11 0.91 0.45 0.14 0.14 0.14 0.14 0.14 0.14 0.14 0.14 0.14 0.45 0.68 0.79 0.90 1.01 1.12 1.21 1.29 1.36 1.42 1.46 1.49 1.51 1.52 1.52 1.51 1.49 1.47 1.45 1.42 1.39 1.36 1.32 1.29 1.26 1.22 1.19 1.16 1.13
0.84 0.88 0.92 0.96 1.01 1.06 1.10 1.15 1.20 1.25 1.30 1.35 1.40 1.45 1.49 1.54 1.58 1.62 1.65 1.69 1.72 1.75 1.78 1.80 1.83 1.85 1.88 1.90 1.93 1.95 1.98 2.01 2.04 2.07 2.11 2.15 2.19 2.24 2.29 2.34 2.40 2.46 2.52 2.59 2.65 2.72 2.79 2.86 2.93 2.99 3.06 3.11 3.16 3.21 3.25 3.28 3.30 3.32 3.33 3.33 3.32 3.31 3.30 3.28 3.25 3.23 3.20 3.18 3.15 3.13 3.11 3.09 3.07 3.06 3.05 3.04 3.04 3.04 3.05 3.05 3.07 3.08 3.10 3.12 3.14 3.16 3.19 3.22 3.25 3.29 3.32 3.36 3.40 3.44 3.48 3.52 3.56 3.61 3.66 3.70 3.75 3.80 3.85 3.89 3.94 3.99 4.04 4.09 4.14 4.18 4.23 4.28 4.32 4.37 4.41 4.46 4.50 4.54 4.58 4.62 4.66 4.70 4.73 4.77 4.80 4.84 4.87 4.91 4.94 4.98 5.02 5.05 5.09 5.13 5.17 5.21 5.26 5.31 5.36 5.41 5.47 5.53 5.59 5.66 5.74 5.81 5.89 5.98 6.07 6.16 6.26 6.35 6.45 6.56 6.66 6.76 6.87 6.97 7.06 7.16 7.25 7.33 7.41 7.48 7.54 7.59 7.63 7.66 7.68 7.68 7.67 7.65 7.62 7.57 7.51 7.43 7.34 7.24 7.13 7.00 6.87 6.73 6.58 6.42 6.25 6.08 5.91 5.74 5.57 5.39 5.23 5.06 4.90 4.75 4.60 4.47 4.34 4.23 4.12 4.03 3.94 3.87 3.81 3.75 3.71 3.68 3.65 3.63 3.61 3.61 3.60 3.60 3.60 3.61 3.61 3.62 3.63 3.64 3.65 3.65 3.66 3.66 3.67 3.67 3.67 3.67 3.66 3.66 3.65 3.64 3.62 3.61 3.59 3.57 3.55 3.53 3.51 3.48 3.45 3.42 3.39 3.36 3.33 3.29 3.25 3.22 3.18 3.14 3.10 3.06 3.02 2.98 2.94 2.90 2.86 2.81 2.77 2.73 2.69 2.65 2.61 2.58 2.54 2.50 2.47 2.44 2.41 2.38 2.35 2.33 2.30 2.28 2.27 2.25 2.24 2.22 2.22 2.21 2.20 2.20 2.20 2.20 2.20 2.21 2.22 2.22 2.24 2.25 2.26 2.28 2.29 2.31 2.33 2.36 2.38 2.41 2.44 2.48 2.51 2.56 2.60 2.66 2.72 2.79 2.87 2.97 3.08 3.20 3.34 3.50 3.68 3.88 4.10 4.35 4.61 4.90 5.21 5.54 5.88 6.23 6.59 6.94 7.29 7.62 7.93 8.22 8.47 8.68 8.85 8.96 9.03 9.05 9.01 8.92 8.79 8.60 8.38 8.12 7.83 7.51 7.18 6.83 6.47 6.10 5.74 5.37 5.01 4.66 4.31 3.97 3.63 3.31 2.99 2.68 2.38 2.09 1.81 1.54 1.29 1.07 0.86 0.45 0.14 0.14 0.14 0.14 0.14 0.14 0.14 0.14 0.14 0.45 0.64 0.75 0.87 0.98 1.08 1.17 1.26 1.33 1.38 1.43 1.46 1.48 1.49 1.49 1.48 1.47 1.45 1.42 1.39 1.36 1.33 1.30 1.27 1.23 1.20 1.17 1.14 1.10
0.87 0.91 0.96 1.00 1.05 1.10 1.15 1.20 1.25 1.30 1.34 1.39 1.44 1.49 1.53 1.57 1.61 1.65 1.68 1.71 1.74 1.77 1.80 1.82 1.84 1.87 1.89 1.91 1.93 1.95 1.98 2.00 2.03 2.06 2.09 2.12 2.16 2.20 2.24 2.29 2.34 2.39 2.45 2.50 2.56 2.62 2.68 2.74 2.79 2.85 2.90 2.95 2.99 3.03 3.07 3.10 3.12 3.13 3.14 3.15 3.14 3.14 3.13 3.11 3.10 3.08 3.06 3.04 3.03 3.01 2.99 2.98 2.97 2.96 2.96 2.96 2.96 2.97 2.97 2.99 3.00 3.02 3.04 3.06 3.08 3.11 3.14 3.17 3.20 3.23 3.27 3.31 3.35 3.39 3.43 3.47 3.51 3.56 3.61 3.65 3.70 3.75 3.80 3.84 3.89 3.94 3.99 4.04 4.08 4.13 4.18 4.23 4.27 4.32 4.36 4.40 4.44 4.48 4.52 4.56 4.60 4.64 4.68 4.71 4.75 4.78 4.82 4.86 4.89 4.93 4.96 5.00 5.04 5.08 5.13 5.17 5.22 5.27 5.32 5.38 5.44 5.51 5.58 5.65 5.73 5.82 5.90 6.00 6.09 6.19 6.30 6.41 6.52 6.63 6.74 6.85 6.97 7.08 7.18 7.29 7.39 7.48 7.57 7.65 7.72 7.77 7.82 7.86 7.88 7.89 7.89 7.87 7.83 7.79 7.72 7.65 7.56 7.46 7.34 7.22 7.08 6.93 6.78 6.62 6.45 6.28 6.10 5.93 5.75 5.57 5.40 5.23 5.07 4.92 4.77 4.63 4.50 4.38 4.27 4.17 4.08 4.01 3.94 3.88 3.83 3.79 3.76 3.74 3.72 3.71 3.70 3.70 3.70 3.70 3.71 3.72 3.72 3.73 3.74 3.75 3.76 3.76 3.77 3.77 3.77 3.77 3.77 3.76 3.76 3.75 3.74 3.72 3.71 3.69 3.67 3.64 3.62 3.59 3.56 3.53 3.50 3.47 3.43 3.39 3.36 3.32 3.28 3.24 3.19 3.15 3.11 3.06 3.02 2.98 2.93 2.89 2.84 2.80 2.76 2.71 2.67 2.63 2.59 2.55 2.52 2.48 2.45 2.42 2.39 2.36 2.33 2.31 2.29 2.27 2.26 2.24 2.23 2.22 2.21 2.21 2.21 2.21 2.21 2.21 2.22 2.22 2.23 2.24 2.26 2.27 2.29 2.30 2.32 2.35 2.37 2.40 2.43 2.46 2.50 2.54 2.59 2.64 2.70 2.77 2.85 2.94 3.04 3.16 3.30 3.45 3.62 3.81 4.03 4.26 4.52 4.79 5.09 5.40 5.72 6.05 6.39 6.73 7.06 7.38 7.67 7.94 8.18 8.39 8.55 8.66 8.73 8.74 8.71 8.63 8.50 8.33 8.12 7.88 7.61 7.31 6.99 6.66 6.32 5.97 5.62 5.27 4.93 4.58 4.25 3.92 3.59 3.27 2.96 2.65 2.36 2.07 1.79 1.52 1.28 1.05 0.45 0.14 0.14 0.14 0.14 0.14 0.14 0.14 0.14 0.14 0.14 0.14 0.45 0.73 0.85 0.96 1.06 1.15 1.23 1.30 1.36 1.40 1.43 1.45 1.46 1.46 1.45 1.44 1.42 1.39 1.37 1.34 1.31 1.27 1.24 1.21 1.18 1.15 1.11 1.08
0.90 0.94 0.99 1.04 1.08 1.13 1.18 1.23 1.28 1.33 1.38 1.43 1.48 1.52 1.56 1.60 1.64 1.68 1.71 1.74 1.77 1.79 1.81 1.84 1.86 1.88 1.90 1.91 1.93 1.95 1.97 2.00 2.02 2.05 2.07 2.10 2.13 2.17 2.21 2.25 2.29 2.33 2.38 2.43 2.48 2.53 2.58 2.63 2.68 2.72 2.77 2.81 2.85 2.88 2.91 2.94 2.96 2.97 2.98 2.99 2.99 2.99 2.98 2.97 2.96 2.95 2.94 2.93 2.91 2.90 2.90 2.89 2.88 2.88 2.88 2.88 2.89 2.90 2.91 2.92 2.94 2.96 2.98 3.00 3.03 3.05 3.08 3.11 3.15 3.18 3.22 3.25 3.29 3.33 3.38 3.42 3.46 3.51 3.55 3.60 3.65 3.70 3.74 3.79 3.84 3.89 3.94 3.99 4.03 4.08 4.13 4.17 4.22 4.26 4.30 4.35 4.39 4.43 4.47 4.51 4.55 4.58 4.62 4.66 4.69 4.73 4.76 4.80 4.84 4.87 4.91 4.95 4.99 5.04 5.08 5.13 5.18 5.23 5.29 5.35 5.42 5.49 5.56 5.64 5.73 5.82 5.91 6.01 6.12 6.23 6.34 6.46 6.57 6.70 6.82 6.94 7.06 7.18 7.30 7.42 7.53 7.63 7.72 7.81 7.89 7.95 8.01 8.05 8.08 8.09 8.09 8.08 8.05 8.00 7.94 7.87 7.78 7.67 7.56 7.43 7.29 7.14 6.98 6.82 6.64 6.47 6.29 6.11 5.93 5.75 5.57 5.40 5.23 5.07 4.92 4.78 4.65 4.52 4.41 4.31 4.21 4.13 4.06 4.00 3.95 3.90 3.87 3.84 3.82 3.81 3.80 3.80 3.80 3.80 3.81 3.81 3.82 3.83 3.84 3.85 3.86 3.87 3.88 3.88 3.89 3.89 3.89 3.88 3.88 3.87 3.86 3.85 3.83 3.81 3.79 3.77 3.74 3.72 3.69 3.65 3.62 3.59 3.55 3.51 3.47 3.43 3.39 3.34 3.30 3.25 3.21 3.16 3.11 3.07 3.02 2.97 2.93 2.88 2.83 2.79 2.74 2.70 2.65 2.61 2.57 2.53 2.50 2.46 2.43 2.40 2.37 2.34 2.32 2.30 2.28 2.26 2.25 2.24 2.23 2.22 2.22 2.21 2.21 2.21 2.22 2.22 2.23 2.24 2.25 2.26 2.28 2.30 2.32 2.34 2.36 2.39 2.41 2.45 2.48 2.52 2.57 2.62 2.68 2.75 2.82 2.91 3.01 3.12 3.25 3.40 3.56 3.74 3.95 4.17 4.41 4.67 4.95 5.24 5.55 5.87 6.19 6.50 6.81 7.11 7.40 7.65 7.88 8.07 8.22 8.34 8.40 8.42 8.39 8.32 8.20 8.04 7.85 7.62 7.37 7.09 6.79 6.48 6.16 5.83 5.50 5.17 4.84 4.52 4.19 3.87 3.56 3.25 2.94 2.64 2.35 2.07 1.79 1.53 1.28 1.06 0.85 0.45 0.14 0.14 0.14 0.14 0.14 0.14 0.14 0.14 0.14 0.45 0.63 0.73 0.84 0.95 1.05 1.14 1.22 1.29 1.34 1.38 1.41 1.43 1.44 1.44 1.43 1.41 1.39 1.37 1.34 1.31 1.28 1.25 1.22 1.19 1.16 1.12 1.09 1.07
0.92 0.97 1.01 1.06 1.11 1.16 1.21 1.27 1.32 1.37 1.41 1.46 1.51 1.55 1.59 1.63 1.67 1.70 1.73 1.76 1.78 1.81 1.83 1.85 1.87 1.88 1.90 1.92 1.94 1.95 1.97 1.99 2.01 2.03 2.06 2.08 2.11 2.14 2.17 2.21 2.24 2.28 2.32 2.36 2.41 2.45 2.49 2.53 2.58 2.62 2.66 2.69 2.72 2.75 2.78 2.80 2.82 2.83 2.85 2.85 2.86 2.86 2.85 2.85 2.84 2.84 2.83 2.82 2.82 2.81 2.81 2.80 2.80 2.80 2.81 2.81 2.82 2.83 2.85 2.86 2.88 2.90 2.92 2.94 2.97 3.00 3.03 3.06 3.09 3.13 3.17 3.20 3.24 3.28 3.33 3.37 3.41 3.46 3.51 3.55 3.60 3.65 3.69 3.74 3.79 3.84 3.89 3.93 3.98 4.03 4.07 4.12 4.16 4.21 4.25 4.29 4.33 4.37 4.41 4.45 4.49 4.53 4.56 4.60 4.64 4.67 4.71 4.74 4.78 4.82 4.86 4.90 4.94 4.99 5.03 5.08 5.14 5.19 5.26 5.32 5.39 5.47 5.55 5.63 5.72 5.82 5.92 6.03 6.14 6.26 6.38 6.50 6.63 6.76 6.89 7.03 7.16 7.29 7.42 7.54 7.66 7.77 7.88 7.97 8.06 8.13 8.19 8.24 8.28 8.29 8.30 8.29 8.26 8.21 8.15 8.08 7.99 7.88 7.77 7.63 7.49 7.34 7.18 7.01 6.83 6.65 6.47 6.28 6.10 5.91 5.73 5.56 5.39 5.22 5.07 4.92 4.78 4.65 4.54 4.43 4.33 4.25 4.17 4.11 4.06 4.01 3.97 3.94 3.92 3.91 3.90 3.89 3.90 3.90 3.91 3.92 3.93 3.94 3.95 3.96 3.97 3.98 3.99 4.00 4.01 4.01 4.01 4.01 4.01 4.00 3.99 3.98 3.97 3.95 3.93 3.91 3.88 3.85 3.82 3.79 3.76 3.72 3.68 3.64 3.60 3.56 3.51 3.47 3.42 3.37 3.32 3.27 3.22 3.17 3.12 3.07 3.02 2.97 2.92 2.87 2.82 2.77 2.73 2.68 2.64 2.59 2.55 2.52 2.48 2.45 2.41 2.38 2.36 2.33 2.31 2.29 2.27 2.26 2.25 2.24 2.23 2.22 2.22 2.22 2.22 2.23 2.23 2.24 2.25 2.26 2.27 2.29 2.31 2.33 2.35 2.38 2.40 2.43 2.47 2.51 2.55 2.60 2.66 2.72 2.80 2.88 2.98 3.08 3.21 3.34 3.50 3.67 3.86 4.07 4.30 4.55 4.81 5.09 5.37 5.67 5.97 6.27 6.56 6.84 7.11 7.35 7.56 7.74 7.89 8.00 8.06 8.08 8.06 7.99 7.89 7.74 7.56 7.35 7.12 6.86 6.58 6.30 6.00 5.69 5.38 5.07 4.76 4.45 4.14 3.84 3.54 3.24 2.94 2.65 2.36 2.08 1.81 1.56 1.31 1.09 0.89 0.45 0.14 0.14 0.14 0.14 0.14 0.14 0.14 0.14 0.14 0.45 0.65 0.75 0.86 0.96 1.05 1.14 1.21 1.28 1.33 1.37 1.39 1.41 1.42 1.41 1.40 1.39 1.37 1.34 1.32 1.29 1.26 1.23 1.20 1.17 1.13 1.10 1.07 1.05
0.94 0.99 1.04 1.09 1.14 1.19 1.24 1.29 1.34 1.39 1.44 1.49 1.53 1.58 1.62 1.65 1.69 1.72 1.75 1.78 1.80 1.82 1.84 1.86 1.88 1.89 1.91 1.92 1.94 1.95 1.97 1.98 2.00 2.02 2.04 2.07 2.09 2.12 2.14 2.17 2.21 2.24 2.27 2.31 2.34 2.38 2.42 2.45 2.49 2.52 2.56 2.59 2.62 2.64 2.67 2.69 2.70 2.72 2.73 2.73 2.74 2.74 2.74 2.74 2.74 2.74 2.73 2.73 2.73 2.72 2.72 2.73 2.73 2.73 2.74 2.75 2.76 2.77 2.79 2.80 2.82 2.84 2.87 2.89 2.92 2.95 2.98 3.01 3.04 3.08 3.12 3.15 3.19 3.24 3.28 3.32 3.36 3.41 3.46 3.50 3.55 3.60 3.64 3.69 3.74 3.79 3.83 3.88 3.93 3.97 4.02 4.06 4.11 4.15 4.19 4.23 4.28 4.32 4.35 4.39 4.43 4.47 4.50 4.54 4.58 4.61 4.65 4.69 4.72 4.76 4.80 4.85 4.89 4.94 4.98 5.04 5.09 5.15 5.22 5.29 5.36 5.44 5.53 5.62 5.71 5.82 5.92 6.04 6.16 6.28 6.41 6.55 6.68 6.82 6.97 7.11 7.25 7.39 7.53 7.66 7.79 7.91 8.02 8.13 8.22 8.30 8.37 8.43 8.47 8.49 8.50 8.49 8.46 8.42 8.36 8.29 8.19 8.09 7.97 7.83 7.69 7.53 7.37 7.19 7.01 6.83 6.64 6.45 6.26 6.07 5.89 5.71 5.53 5.36 5.20 5.05 4.91 4.78 4.66 4.55 4.45 4.36 4.28 4.21 4.16 4.11 4.07 4.04 4.02 4.01 4.00 3.99 3.99 4.00 4.01 4.02 4.03 4.05 4.06 4.08 4.09 4.11 4.12 4.13 4.14 4.15 4.15 4.15 4.15 4.15 4.14 4.13 4.12 4.10 4.08 4.06 4.03 4.00 3.97 3.94 3.90 3.87 3.83 3.79 3.74 3.70 3.65 3.60 3.55 3.50 3.45 3.40 3.34 3.29 3.24 3.18 3.13 3.07 3.02 2.97 2.91 2.86 2.81 2.76 2.71 2.67 2.62 2.58 2.54 2.50 2.46 2.43 2.40 2.37 2.35 2.32 2.30 2.28 2.27 2.26 2.25 2.24 2.23 2.23 2.23 2.23 2.23 2.24 2.25 2.26 2.27 2.29 2.30 2.32 2.34 2.37 2.39 2.42 2.46 2.49 2.54 2.59 2.64 2.70 2.77 2.85 2.94 3.05 3.16 3.29 3.44 3.60 3.78 3.98 4.19 4.42 4.67 4.93 5.19 5.47 5.75 6.03 6.30 6.56 6.81 7.04 7.24 7.41 7.55 7.65 7.71 7.73 7.72 7.66 7.57 7.44 7.27 7.08 6.87 6.63 6.38 6.11 5.83 5.55 5.26 4.97 4.68 4.39 4.10 3.81 3.52 3.24 2.95 2.67 2.39 2.12 1.86 1.61 1.37 1.15 0.95 0.45 0.14 0.14 0.14 0.14 0.14 0.14 0.14 0.14 0.14 0.45 0.69 0.79 0.89 0.98 1.07 1.15 1.22 1.27 1.32 1.36 1.38 1.39 1.40 1.39 1.38 1.37 1.35 1.32 1.29 1.27 1.24 1.21 1.17 1.14 1.11 1.08 1.06 1.03
0.95 1.00 1.05 1.11 1.16 1.21 1.26 1.31 1.37 1.42 1.46 1.51 1.55 1.60 1.64 1.67 1.71 1.74 1.76 1.79 1.81 1.83 1.85 1.87 1.88 1.89 1.91 1.92 1.93 1.95 1.96 1.98 1.99 2.01 2.03 2.05 2.07 2.09 2.12 2.14 2.17 2.20 2.23 2.26 2.29 2.32 2.35 2.38 2.42 2.45 2.47 2.50 2.53 2.55 2.57 2.59 2.60 2.61 2.62 2.63 2.64 2.64 2.65 2.65 2.65 2.65 2.65 2.65 2.65 2.65 2.65 2.66 2.66 2.67 2.68 2.69 2.70 2.71 2.73 2.75 2.77 2.79 2.81 2.84 2.87 2.90 2.93 2.96 2.99 3.03 3.07 3.11 3.15 3.19 3.23 3.27 3.32 3.36 3.41 3.45 3.50 3.55 3.59 3.64 3.69 3.73 3.78 3.83 3.87 3.92 3.96 4.01 4.05 4.09 4.14 4.18 4.22 4.26 4.30 4.33 4.37 4.41 4.44 4.48 4.52 4.55 4.59 4.63 4.67 4.71 4.75 4.79 4.84 4.88 4.93 4.99 5.05 5.11 5.18 5.25 5.33 5.41 5.50 5.60 5.70 5.81 5.93 6.05 6.17 6.31 6.44 6.59 6.73 6.88 7.03 7.18 7.34 7.49 7.63 7.78 7.91 8.04 8.17 8.28 8.38 8.47 8.54 8.60 8.65 8.68 8.69 8.68 8.66 8.62 8.56 8.49 8.39 8.29 8.16 8.03 7.88 7.72 7.55 7.37 7.19 7.00 6.80 6.61 6.41 6.22 6.03 5.85 5.67 5.49 5.33 5.17 5.03 4.89 4.77 4.66 4.55 4.46 4.38 4.31 4.26 4.21 4.17 4.14 4.12 4.10 4.09 4.09 4.10 4.10 4.12 4.13 4.15 4.16 4.18 4.20 4.22 4.24 4.26 4.27 4.28 4.29 4.30 4.31 4.31 4.31 4.30 4.29 4.28 4.26 4.24 4.22 4.20 4.17 4.14 4.11 4.07 4.03 3.99 3.95 3.90 3.85 3.80 3.75 3.70 3.65 3.59 3.54 3.48 3.42 3.37 3.31 3.25 3.19 3.13 3.07 3.02 2.96 2.90 2.85 2.80 2.75 2.70 2.65 2.60 2.56 2.52 2.48 2.45 2.42 2.39 2.36 2.34 2.31 2.30 2.28 2.27 2.26 2.25 2.24 2.24 2.24 2.24 2.24 2.25 2.26 2.27 2.28 2.30 2.32 2.34 2.36 2.38 2.41 2.45 2.48 2.52 2.57 2.62 2.68 2.75 2.82 2.91 3.01 3.12 3.24 3.38 3.53 3.70 3.88 4.08 4.30 4.52 4.77 5.01 5.27 5.53 5.79 6.04 6.29 6.52 6.73 6.92 7.08 7.21 7.30 7.36 7.39 7.37 7.33 7.24 7.13 6.98 6.81 6.62 6.40 6.17 5.93 5.67 5.41 5.15 4.88 4.61 4.34 4.06 3.79 3.52 3.24 2.97 2.70 2.44 2.17 1.92 1.68 1.45 1.23 1.04 0.87 0.45 0.14 0.14 0.14 0.14 0.14 0.14 0.14 0.45 0.66 0.75 0.84 0.93 1.01 1.09 1.17 1.23 1.28 1.32 1.35 1.37 1.38 1.38 1.38 1.36 1.35 1.32 1.30 1.27 1.24 1.21 1.18 1.15 1.12 1.09 1.07 1.04 1.01
0.97 1.02 1.07 1.12 1.17 1.23 1.28 1.33 1.38 1.43 1.48 1.53 1.57 1.61 1.65 1.69 1.72 1.75 1.77 1.80 1.82 1.84 1.85 1.87 1.88 1.90 1.91 1.92 1.93 1.94 1.96 1.97 1.98 2.00 2.01 2.03 2.05 2.07 2.09 2.11 2.14 2.16 2.19 2.22 2.24 2.27 2.30 2.32 2.35 2.38 2.40 2.42 2.45 2.47 2.48 2.50 2.51 2.53 2.54 2.55 2.55 2.56 2.56 2.56 2.57 2.57 2.57 2.57 2.58 2.58 2.59 2.59 2.60 2.61 2.62 2.63 2.64 2.66 2.68 2.70 2.72 2.74 2.76 2.79 2.82 2.85 2.88 2.91 2.95 2.98 3.02 3.06 3.10 3.14 3.18 3.22 3.27 3.31 3.36 3.40 3.45 3.49 3.54 3.59 3.64 3.68 3.73 3.77 3.82 3.86 3.91 3.95 4.00 4.04 4.08 4.12 4.16 4.20 4.24 4.27 4.31 4.35 4.38 4.42 4.46 4.49 4.53 4.57 4.61 4.65 4.69 4.73 4.78 4.83 4.88 4.94 5.00 5.07 5.14 5.21 5.30 5.38 5.48 5.58 5.69 5.80 5.92 6.05 6.19 6.33 6.47 6.62 6.78 6.93 7.09 7.25 7.41 7.57 7.73 7.88 8.03 8.17 8.30 8.42 8.53 8.62 8.71 8.77 8.82 8.86 8.87 8.87 8.85 8.81 8.75 8.67 8.58 8.47 8.35 8.21 8.06 7.90 7.72 7.54 7.35 7.16 6.96 6.76 6.56 6.36 6.17 5.98 5.79 5.62 5.45 5.29 5.14 5.00 4.87 4.76 4.65 4.56 4.48 4.41 4.35 4.30 4.26 4.23 4.21 4.20 4.19 4.19 4.20 4.21 4.23 4.25 4.27 4.29 4.31 4.34 4.36 4.38 4.40 4.42 4.44 4.45 4.46 4.47 4.48 4.48 4.47 4.47 4.46 4.44 4.43 4.40 4.38 4.35 4.32 4.29 4.25 4.21 4.17 4.12 4.07 4.03 3.97 3.92 3.87 3.81 3.75 3.69 3.63 3.57 3.51 3.45 3.38 3.32 3.26 3.19 3.13 3.07 3.01 2.95 2.89 2.84 2.78 2.73 2.68 2.63 2.59 2.54 2.51 2.47 2.43 2.40 2.38 2.35 2.33 2.31 2.29 2.28 2.27 2.26 2.25 2.25 2.25 2.25 2.26 2.26 2.27 2.28 2.30 2.31 2.33 2.35 2.38 2.40 2.44 2.47 2.51 2.55 2.60 2.66 2.73 2.80 2.88 2.97 3.08 3.19 3.32 3.46 3.62 3.79 3.98 4.17 4.39 4.61 4.84 5.08 5.31 5.55 5.79 6.01 6.23 6.42 6.60 6.75 6.87 6.96 7.02 7.05 7.04 7.00 6.93 6.83 6.70 6.54 6.37 6.18 5.97 5.75 5.52 5.28 5.04 4.79 4.54 4.29 4.03 3.78 3.52 3.26 3.01 2.75 2.49 2.24 2.00 1.77 1.54 1.34 1.15 0.99 0.85 0.45 0.45 0.45 0.14 0.45 0.45 0.45 0.68 0.74 0.82 0.90 0.98 1.06 1.13 1.19 1.25 1.29 1.32 1.35 1.36 1.37 1.37 1.36 1.35 1.33 1.30 1.28 1.25 1.22 1.19 1.16 1.13 1.10 1.08 1.05 1.02 0.99
0.97 1.02 1.08 1.13 1.18 1.24 1.29 1.34 1.39 1.44 1.49 1.54 1.58 1.62 1.66 1.69 1.73 1.75 1.78 1.80 1.82 1.84 1.86 1.87 1.88 1.89 1.90 1.92 1.93 1.94 1.95 1.96 1.97 1.98 2.00 2.01 2.03 2.05 2.07 2.09 2.11 2.13 2.15 2.18 2.20 2.22 2.25 2.27 2.30 2.32 2.34 2.36 2.38 2.40 2.41 2.43 2.44 2.45 2.46 2.47 2.48 2.48 2.49 2.49 2.50 2.50 2.50 2.51 2.51 2.52 2.52 2.53 2.54 2.55 2.56 2.58 2.59 2.61 2.63 2.65 2.67 2.69 2.71 2.74 2.77 2.80 2.83 2.86 2.90 2.93 2.97 3.01 3.05 3.09 3.13 3.17 3.22 3.26 3.31 3.35 3.40 3.44 3.49 3.54 3.58 3.63 3.67 3.72 3.76 3.81 3.85 3.90 3.94 3.98 4.02 4.06 4.10 4.14 4.18 4.21 4.25 4.29 4.32 4.36 4.39 4.43 4.47 4.51 4.55 4.59 4.63 4.67 4.72 4.77 4.83 4.89 4.95 5.02 5.09 5.17 5.26 5.35 5.45 5.56 5.67 5.79 5.92 6.05 6.19 6.34 6.49 6.65 6.81 6.98 7.15 7.32 7.49 7.65 7.82 7.98 8.14 8.28 8.42 8.55 8.67 8.77 8.86 8.93 8.98 9.02 9.04 9.04 9.02 8.98 8.93 8.85 8.76 8.65 8.52 8.38 8.23 8.06 7.88 7.70 7.50 7.31 7.10 6.90 6.69 6.49 6.29 6.10 5.91 5.73 5.56 5.39 5.24 5.10 4.97 4.85 4.74 4.65 4.57 4.50 4.44 4.39 4.35 4.32 4.31 4.30 4.29 4.30 4.31 4.32 4.34 4.37 4.39 4.42 4.45 4.48 4.51 4.54 4.56 4.59 4.61 4.62 4.64 4.65 4.66 4.66 4.66 4.66 4.65 4.64 4.62 4.60 4.58 4.55 4.52 4.48 4.45 4.40 4.36 4.31 4.27 4.21 4.16 4.10 4.05 3.99 3.93 3.86 3.80 3.73 3.67 3.60 3.53 3.46 3.40 3.33 3.26 3.19 3.13 3.06 3.00 2.94 2.88 2.82 2.76 2.71 2.66 2.61 2.57 2.53 2.49 2.45 2.42 2.39 2.37 2.34 2.32 2.31 2.29 2.28 2.27 2.26 2.26 2.26 2.26 2.27 2.27 2.28 2.30 2.31 2.33 2.35 2.37 2.40 2.43 2.46 2.50 2.54 2.59 2.64 2.70 2.77 2.85 2.94 3.03 3.14 3.26 3.40 3.54 3.70 3.87 4.06 4.25 4.46 4.67 4.89 5.11 5.33 5.54 5.75 5.95 6.13 6.29 6.43 6.54 6.63 6.69 6.72 6.72 6.68 6.62 6.54 6.42 6.29 6.13 5.96 5.78 5.58 5.37 5.16 4.94 4.71 4.48 4.25 4.01 3.78 3.54 3.29 3.05 2.81 2.56 2.33 2.09 1.87 1.65 1.46 1.28 1.12 0.98 0.87 0.79 0.73 0.45 0.69 0.70 0.73 0.78 0.84 0.90 0.97 1.04 1.11 1.17 1.22 1.27 1.30 1.33 1.35 1.36 1.36 1.36 1.35 1.33 1.31 1.29 1.26 1.23 1.20 1.17 1.14 1.12 1.09 1.06 1.03 1.00 0.98
0.98 1.03 1.08 1.14 1.19 1.24 1.30 1.35 1.40 1.45 1.50 1.54 1.59 1.63 1.66 1.70 1.73 1.76 1.78 1.80 1.82 1.84 1.85 1.87 1.88 1.89 1.90 1.91 1.92 1.93 1.94 1.95 1.96 1.97 1.98 2.00 2.01 2.03 2.04 2.06 2.08 2.10 2.12 2.14 2.16 2.18 2.20 2.23 2.25 2.27 2.28 2.30 2.32 2.33 2.35 2.36 2.37 2.38 2.39 2.40 2.41 2.42 2.42 2.43 2.43 2.44 2.44 2.45 2.45 2.46 2.47 2.48 2.49 2.50 2.51 2.53 2.54 2.56 2.58 2.60 2.62 2.64 2.67 2.69 2.72 2.75 2.78 2.82 2.85 2.89 2.92 2.96 3.00 3.04 3.08 3.13 3.17 3.21 3.26 3.30 3.35 3.39 3.44 3.48 3.53 3.58 3.62 3.67 3.71 3.75 3.80 3.84 3.88 3.92 3.96 4.00 4.04 4.08 4.11 4.15 4.19 4.22 4.26 4.29 4.33 4.37 4.40 4.44 4.48 4.52 4.57 4.61 4.66 4.72 4.77 4.83 4.90 4.97 5.05 5.13 5.22 5.31 5.42 5.53 5.65 5.77 5.91 6.05 6.19 6.35 6.51 6.67 6.84 7.02 7.19 7.37 7.55 7.73 7.90 8.07 8.23 8.39 8.53 8.67 8.79 8.90 9.00 9.07 9.13 9.18 9.20 9.20 9.18 9.15 9.09 9.02 8.92 8.81 8.69 8.54 8.38 8.21 8.03 7.84 7.65 7.44 7.24 7.03 6.82 6.61 6.41 6.21 6.02 5.83 5.66 5.49 5.33 5.19 5.06 4.94 4.83 4.74 4.65 4.58 4.52 4.48 4.44 4.42 4.40 4.39 4.40 4.41 4.42 4.44 4.47 4.50 4.53 4.56 4.60 4.63 4.67 4.70 4.73 4.76 4.79 4.81 4.83 4.85 4.86 4.86 4.87 4.87 4.86 4.85 4.83 4.81 4.79 4.76 4.73 4.70 4.66 4.62 4.57 4.52 4.47 4.42 4.36 4.31 4.24 4.18 4.12 4.05 3.98 3.91 3.84 3.77 3.70 3.62 3.55 3.47 3.40 3.33 3.26 3.19 3.12 3.05 2.98 2.92 2.86 2.80 2.74 2.69 2.64 2.59 2.55 2.51 2.47 2.44 2.41 2.38 2.36 2.34 2.32 2.30 2.29 2.28 2.28 2.27 2.27 2.28 2.28 2.29 2.30 2.31 2.33 2.35 2.37 2.39 2.42 2.45 2.49 2.53 2.58 2.63 2.69 2.75 2.82 2.91 3.00 3.10 3.21 3.33 3.47 3.62 3.77 3.94 4.12 4.31 4.51 4.71 4.91 5.11 5.31 5.50 5.68 5.85 6.00 6.13 6.23 6.32 6.37 6.40 6.41 6.38 6.33 6.26 6.16 6.05 5.91 5.76 5.60 5.42 5.23 5.04 4.84 4.64 4.43 4.22 4.00 3.78 3.56 3.33 3.10 2.87 2.64 2.42 2.20 1.98 1.78 1.59 1.42 1.26 1.13 1.02 0.94 0.88 0.84 0.83 0.83 0.86 0.89 0.94 0.99 1.05 1.11 1.16 1.21 1.26 1.29 1.32 1.34 1.35 1.36 1.36 1.35 1.33 1.32 1.29 1.27 1.24 1.21 1.18 1.16 1.13 1.10 1.07 1.04 1.01 0.99 0.96
0.98 1.03 1.09 1.14 1.19 1.25 1.30 1.35 1.40 1.45 1.50 1.55 1.59 1.63 1.66 1.70 1.73 1.75 1.78 1.80 1.82 1.83 1.85 1.86 1.87 1.88 1.89 1.90 1.91 1.92 1.92 1.93 1.94 1.95 1.97 1.98 1.99 2.01 2.02 2.04 2.06 2.07 2.09 2.11 2.13 2.15 2.17 2.18 2.20 2.22 2.24 2.25 2.27 2.28 2.29 2.31 2.32 2.33 2.34 2.34 2.35 2.36 2.36 2.37 2.38 2.38 2.39 2.39 2.40 2.41 2.42 2.43 2.44 2.45 2.46 2.48 2.49 2.51 2.53 2.55 2.57 2.60 2.62 2.65 2.68 2.71 2.74 2.77 2.80 2.84 2.88 2.91 2.95 2.99 3.04 3.08 3.12 3.16 3.21 3.25 3.30 3.34 3.39 3.43 3.48 3.52 3.57 3.61 3.65 3.70 3.74 3.78 3.82 3.86 3.90 3.94 3.98 4.02 4.05 4.09 4.12 4.16 4.19 4.23 4.27 4.30 4.34 4.38 4.42 4.46 4.51 4.55 4.60 4.66 4.71 4.78 4.84 4.92 5.00 5.08 5.17 5.27 5.38 5.50 5.62 5.75 5.89 6.03 6.19 6.35 6.52 6.69 6.87 7.05 7.23 7.42 7.60 7.79 7.97 8.15 8.32 8.48 8.63 8.78 8.91 9.02 9.12 9.20 9.27 9.31 9.34 9.35 9.33 9.30 9.24 9.17 9.07 8.96 8.83 8.69 8.53 8.35 8.17 7.98 7.78 7.57 7.36 7.14 6.93 6.72 6.51 6.31 6.11 5.93 5.75 5.58 5.42 5.28 5.14 5.02 4.91 4.82 4.74 4.67 4.61 4.56 4.53 4.51 4.50 4.50 4.50 4.52 4.54 4.56 4.60 4.63 4.67 4.71 4.75 4.79 4.84 4.88 4.91 4.95 4.98 5.01 5.04 5.06 5.07 5.08 5.09 5.09 5.09 5.08 5.06 5.05 5.02 5.00 4.97 4.93 4.89 4.85 4.80 4.75 4.70 4.64 4.59 4.52 4.46 4.39 4.32 4.25 4.18 4.11 4.03 3.95 3.87 3.80 3.72 3.64 3.56 3.48 3.40 3.32 3.25 3.17 3.10 3.03 2.96 2.90 2.84 2.78 2.72 2.67 2.62 2.57 2.53 2.49 2.46 2.42 2.40 2.37 2.35 2.33 2.32 2.30 2.30 2.29 2.29 2.29 2.29 2.29 2.30 2.31 2.33 2.34 2.36 2.39 2.42 2.45 2.48 2.52 2.56 2.61 2.67 2.73 2.80 2.88 2.96 3.06 3.16 3.28 3.40 3.54 3.68 3.84 4.00 4.18 4.36 4.54 4.72 4.91 5.09 5.26 5.43 5.58 5.72 5.84 5.94 6.02 6.08 6.11 6.12 6.10 6.07 6.00 5.92 5.82 5.70 5.57 5.43 5.27 5.11 4.94 4.76 4.57 4.39 4.19 3.99 3.79 3.58 3.37 3.16 2.94 2.73 2.52 2.31 2.10 1.91 1.73 1.56 1.42 1.29 1.18 1.10 1.03 0.99 0.97 0.97 0.99 1.01 1.05 1.09 1.13 1.18 1.22 1.26 1.29 1.32 1.34 1.35 1.36 1.36 1.35 1.34 1.32 1.30 1.28 1.25 1.22 1.20 1.17 1.14 1.11 1.08 1.05 1.02 1.00 0.97 0.94
0.98 1.03 1.08 1.14 1.19 1.25 1.30 1.35 1.40 1.45 1.50 1.54 1.58 1.62 1.66 1.69 1.72 1.75 1.77 1.79 1.81 1.82 1.84 1.85 1.86 1.87 1.88 1.89 1.89 1.90 1.91 1.92 1.93 1.94 1.95 1.96 1.97 1.99 2.00 2.01 2.03 2.05 2.06 2.08 2.10 2.11 2.13 2.15 2.16 2.18 2.19 2.21 2.22 2.23 2.25 2.26 2.27 2.28 2.28 2.29 2.30 2.31 2.31 2.32 2.32 2.33 2.34 2.34 2.35 2.36 2.37 2.38 2.39 2.40 2.42 2.43 2.45 2.46 2.48 2.50 2.53 2.55 2.58 2.60 2.63 2.66 2.69 2.72 2.76 2.79 2.83 2.87 2.91 2.95 2.99 3.03 3.07 3.11 3.16 3.20 3.25 3.29 3.33 3.38 3.42 3.47 3.51 3.55 3.60 3.64 3.68 3.72 3.76 3.80 3.84 3.88 3.92 3.95 3.99 4.02 4.06 4.09 4.13 4.17 4.20 4.24 4.27 4.31 4.35 4.40 4.44 4.49 4.54 4.59 4.65 4.72 4.79 4.86 4.94 5.03 5.13 5.23 5.34 5.46 5.59 5.72 5.87 6.02 6.18 6.34 6.52 6.70 6.88 7.07 7.26 7.45 7.65 7.84 8.03 8.21 8.39 8.56 8.72 8.87 9.00 9.12 9.23 9.32 9.39 9.44 9.46 9.47 9.46 9.43 9.37 9.30 9.21 9.09 8.96 8.82 8.65 8.48 8.29 8.09 7.89 7.68 7.47 7.25 7.03 6.82 6.61 6.40 6.20 6.01 5.83 5.66 5.50 5.35 5.22 5.10 4.99 4.89 4.81 4.75 4.69 4.65 4.62 4.60 4.60 4.60 4.61 4.63 4.66 4.69 4.73 4.77 4.82 4.87 4.92 4.97 5.02 5.06 5.11 5.15 5.19 5.23 5.26 5.28 5.30 5.32 5.33 5.33 5.33 5.32 5.31 5.30 5.27 5.25 5.22 5.18 5.14 5.10 5.05 5.00 4.94 4.89 4.82 4.76 4.69 4.62 4.55 4.47 4.40 4.32 4.24 4.15 4.07 3.98 3.90 3.81 3.73 3.64 3.56 3.47 3.39 3.31 3.23 3.15 3.08 3.00 2.94 2.87 2.81 2.75 2.69 2.64 2.60 2.55 2.51 2.47 2.44 2.41 2.39 2.36 2.34 2.33 2.32 2.31 2.30 2.30 2.30 2.30 2.31 2.32 2.33 2.35 2.36 2.39 2.41 2.44 2.47 2.51 2.55 2.60 2.65 2.71 2.78 2.85 2.93 3.02 3.12 3.22 3.34 3.46 3.60 3.74 3.89 4.05 4.22 4.38 4.55 4.72 4.89 5.05 5.20 5.34 5.47 5.58 5.68 5.75 5.81 5.84 5.86 5.85 5.82 5.77 5.70 5.62 5.52 5.40 5.28 5.14 5.00 4.84 4.69 4.52 4.35 4.17 3.99 3.81 3.62 3.42 3.22 3.02 2.82 2.62 2.42 2.23 2.05 1.88 1.72 1.57 1.45 1.35 1.26 1.20 1.15 1.12 1.11 1.12 1.13 1.16 1.19 1.22 1.25 1.28 1.31 1.33 1.35 1.36 1.37 1.37 1.36 1.35 1.33 1.31 1.29 1.26 1.24 1.21 1.18 1.15 1.12 1.09 1.06 1.03 1.01 0.98 0.95 0.93
0.97 1.03 1.08 1.13 1.19 1.24 1.29 1.34 1.39 1.44 1.49 1.53 1.57 1.61 1.65 1.68 1.71 1.74 1.76 1.78 1.80 1.81 1.83 1.84 1.85 1.86 1.86 1.87 1.88 1.89 1.89 1.90 1.91 1.92 1.93 1.94 1.95 1.96 1.98 1.99 2.01 2.02 2.04 2.05 2.07 2.08 2.10 2.11 2.13 2.14 2.15 2.17 2.18 2.19 2.20 2.21 2.22 2.23 2.24 2.24 2.25 2.26 2.26 2.27 2.28 2.28 2.29 2.30 2.31 2.31 2.32 2.33 2.35 2.36 2.37 2.39 2.40 2.42 2.44 2.46 2.48 2.51 2.53 2.56 2.59 2.62 2.65 2.68 2.71 2.75 2.78 2.82 2.86 2.90 2.94 2.98 3.02 3.06 3.11 3.15 3.19 3.24 3.28 3.33 3.37 3.41 3.46 3.50 3.54 3.58 3.62 3.66 3.70 3.74 3.78 3.82 3.85 3.89 3.92 3.96 3.99 4.03 4.06 4.10 4.13 4.17 4.21 4.25 4.29 4.33 4.38 4.42 4.48 4.53 4.59 4.66 4.73 4.81 4.89 4.98 5.08 5.18 5.30 5.42 5.55 5.69 5.84 6.00 6.16 6.33 6.51 6.69 6.89 7.08 7.28 7.48 7.68 7.87 8.07 8.26 8.44 8.62 8.79 8.94 9.08 9.21 9.32 9.41 9.48 9.54 9.57 9.58 9.57 9.54 9.49 9.41 9.32 9.21 9.07 8.93 8.76 8.59 8.40 8.20 7.99 7.78 7.56 7.34 7.12 6.90 6.69 6.48 6.28 6.09 5.90 5.73 5.57 5.42 5.29 5.17 5.06 4.97 4.89 4.82 4.77 4.74 4.71 4.70 4.70 4.71 4.72 4.75 4.79 4.83 4.88 4.93 4.98 5.04 5.10 5.15 5.21 5.27 5.32 5.37 5.42 5.46 5.49 5.52 5.55 5.57 5.58 5.59 5.59 5.59 5.58 5.56 5.54 5.52 5.49 5.45 5.41 5.37 5.32 5.26 5.21 5.15 5.08 5.01 4.94 4.87 4.79 4.71 4.63 4.54 4.46 4.37 4.28 4.19 4.10 4.00 3.91 3.82 3.72 3.63 3.54 3.45 3.37 3.28 3.20 3.12 3.05 2.97 2.90 2.84 2.78 2.72 2.67 2.62 2.57 2.53 2.49 2.46 2.43 2.40 2.38 2.36 2.34 2.33 2.32 2.32 2.31 2.31 2.32 2.33 2.34 2.35 2.37 2.39 2.41 2.44 2.47 2.50 2.54 2.59 2.64 2.69 2.76 2.83 2.90 2.98 3.08 3.17 3.28 3.40 3.52 3.65 3.79 3.94 4.09 4.24 4.40 4.55 4.70 4.85 4.99 5.12 5.24 5.35 5.44 5.51 5.56 5.60 5.62 5.61 5.59 5.56 5.50 5.43 5.35 5.25 5.14 5.02 4.90 4.76 4.62 4.48 4.32 4.16 4.00 3.83 3.65 3.47 3.29 3.10 2.92 2.73 2.54 2.36 2.19 2.02 1.87 1.74 1.61 1.51 1.42 1.36 1.31 1.27 1.26 1.25 1.25 1.27 1.28 1.30 1.32 1.34 1.36 1.37 1.38 1.38 1.38 1.37 1.36 1.35 1.33 1.30 1.28 1.25 1.22 1.19 1.16 1.13 1.10 1.07 1.05 1.02 0.99 0.96 0.94 0.92
0.97 1.02 1.07 1.12 1.18 1.23 1.28 1.33 1.38 1.43 1.48 1.52 1.56 1.60 1.63 1.67 1.70 1.72 1.74 1.76 1.78 1.80 1.81 1.82 1.83 1.84 1.85 1.85 1.86 1.87 1.88 1.88 1.89 1.90 1.91 1.92 1.93 1.94 1.96 1.97 1.98 2.00 2.01 2.02 2.04 2.05 2.07 2.08 2.09 2.11 2.12 2.13 2.14 2.15 2.16 2.17 2.18 2.19 2.19 2.20 2.21 2.21 2.22 2.23 2.23 2.24 2.25 2.25 2.26 2.27 2.28 2.29 2.30 2.32 2.33 2.34 2.36 2.38 2.40 2.42 2.44 2.46 2.49 2.51 2.54 2.57 2.60 2.63 2.67 2.70 2.74 2.77 2.81 2.85 2.89 2.93 2.97 3.01 3.06 3.10 3.14 3.19 3.23 3.27 3.31 3.36 3.40 3.44 3.48 3.52 3.56 3.60 3.64 3.68 3.72 3.75 3.79 3.82 3.86 3.89 3.93 3.96 4.00 4.03 4.07 4.10 4.14 4.18 4.22 4.26 4.31 4.36 4.41 4.47 4.53 4.59 4.67 4.75 4.83 4.92 5.02 5.13 5.25 5.38 5.51 5.65 5.81 5.97 6.13 6.31 6.49 6.68 6.88 7.08 7.28 7.49 7.69 7.90 8.10 8.30 8.49 8.67 8.84 9.00 9.15 9.28 9.39 9.49 9.56 9.62 9.66 9.67 9.66 9.63 9.58 9.51 9.41 9.30 9.17 9.02 8.85 8.68 8.48 8.28 8.07 7.86 7.64 7.42 7.19 6.98 6.76 6.55 6.35 6.15 5.97 5.79 5.63 5.49 5.35 5.23 5.13 5.04 4.96 4.90 4.85 4.82 4.80 4.79 4.80 4.81 4.84 4.88 4.92 4.97 5.03 5.09 5.15 5.22 5.29 5.35 5.42 5.48 5.55 5.60 5.66 5.70 5.75 5.78 5.81 5.84 5.86 5.87 5.87 5.87 5.86 5.85 5.83 5.81 5.77 5.74 5.70 5.65 5.60 5.55 5.49 5.42 5.36 5.29 5.21 5.13 5.05 4.97 4.88 4.79 4.70 4.60 4.51 4.41 4.31 4.21 4.11 4.01 3.91 3.81 3.71 3.61 3.52 3.43 3.34 3.25 3.17 3.09 3.01 2.94 2.87 2.80 2.74 2.69 2.64 2.59 2.55 2.51 2.47 2.44 2.41 2.39 2.37 2.36 2.34 2.33 2.33 2.33 2.33 2.33 2.34 2.35 2.37 2.39 2.41 2.44 2.47 2.50 2.54 2.58 2.63 2.68 2.74 2.80 2.88 2.95 3.04 3.13 3.23 3.34 3.45 3.58 3.70 3.84 3.97 4.12 4.26 4.40 4.54 4.67 4.80 4.92 5.03 5.13 5.22 5.29 5.34 5.38 5.40 5.41 5.39 5.37 5.32 5.27 5.20 5.12 5.02 4.92 4.81 4.70 4.57 4.44 4.30 4.16 4.01 3.85 3.69 3.53 3.36 3.19 3.01 2.83 2.66 2.49 2.33 2.17 2.03 1.89 1.78 1.67 1.59 1.52 1.46 1.42 1.39 1.38 1.37 1.37 1.38 1.38 1.39 1.40 1.41 1.41 1.41 1.40 1.39 1.38 1.36 1.34 1.32 1.29 1.27 1.24 1.21 1.18 1.15 1.12 1.09 1.06 1.03 1.00 0.98 0.95 0.93 0.90
0.96 1.01 1.06 1.11 1.17 1.22 1.27 1.32 1.37 1.42 1.46 1.50 1.54 1.58 1.62 1.65 1.68 1.70 1.72 1.74 1.76 1.78 1.79 1.80 1.81 1.82 1.83 1.83 1.84 1.85 1.85 1.86 1.87 1.88 1.89 1.90 1.91 1.92 1.93 1.94 1.96 1.97 1.98 2.00 2.01 2.02 2.04 2.05 2.06 2.07 2.08 2.09 2.10 2.11 2.12 2.13 2.14 2.15 2.15 2.16 2.17 2.17 2.18 2.19 2.19 2.20 2.21 2.21 2.22 2.23 2.24 2.25 2.26 2.27 2.29 2.30 2.32 2.34 2.36 2.38 2.40 2.42 2.45 2.47 2.50 2.53 2.56 2.59 2.62 2.66 2.69 2.73 2.77 2.80 2.84 2.88 2.92 2.96 3.01 3.05 3.09 3.13 3.17 3.22 3.26 3.30 3.34 3.38 3.42 3.46 3.50 3.54 3.58 3.62 3.65 3.69 3.72 3.76 3.79 3.83 3.86 3.89 3.93 3.96 4.00 4.03 4.07 4.11 4.15 4.19 4.24 4.29 4.34 4.40 4.46 4.53 4.60 4.68 4.77 4.86 4.97 5.08 5.20 5.33 5.46 5.61 5.76 5.93 6.10 6.28 6.47 6.66 6.86 7.07 7.28 7.49 7.70 7.91 8.11 8.32 8.51 8.70 8.87 9.04 9.19 9.33 9.44 9.54 9.62 9.68 9.72 9.74 9.73 9.70 9.65 9.58 9.49 9.37 9.24 9.09 8.93 8.75 8.55 8.35 8.14 7.92 7.70 7.48 7.25 7.03 6.82 6.60 6.40 6.21 6.02 5.85 5.69 5.54 5.41 5.29 5.19 5.10 5.03 4.97 4.93 4.90 4.89 4.89 4.90 4.93 4.96 5.01 5.06 5.12 5.19 5.26 5.33 5.41 5.49 5.56 5.64 5.71 5.78 5.85 5.91 5.97 6.02 6.06 6.10 6.13 6.15 6.16 6.17 6.17 6.17 6.16 6.14 6.11 6.08 6.05 6.00 5.96 5.91 5.85 5.79 5.72 5.65 5.58 5.50 5.42 5.33 5.24 5.15 5.05 4.95 4.85 4.75 4.64 4.54 4.43 4.32 4.21 4.10 4.00 3.89 3.78 3.68 3.58 3.48 3.39 3.29 3.21 3.12 3.04 2.97 2.90 2.83 2.77 2.71 2.65 2.61 2.56 2.52 2.49 2.45 2.43 2.40 2.38 2.37 2.36 2.35 2.34 2.34 2.35 2.35 2.36 2.38 2.39 2.41 2.44 2.46 2.50 2.53 2.57 2.62 2.67 2.73 2.79 2.85 2.93 3.01 3.09 3.19 3.29 3.39 3.51 3.62 3.75 3.87 4.00 4.13 4.26 4.39 4.52 4.64 4.75 4.85 4.95 5.03 5.09 5.15 5.19 5.21 5.22 5.22 5.20 5.17 5.13 5.07 5.00 4.92 4.84 4.74 4.64 4.53 4.41 4.29 4.16 4.03 3.89 3.74 3.59 3.43 3.27 3.10 2.94 2.78 2.62 2.46 2.31 2.17 2.05 1.93 1.83 1.74 1.67 1.61 1.56 1.53 1.50 1.48 1.47 1.47 1.46 1.46 1.46 1.45 1.45 1.44 1.42 1.41 1.39 1.37 1.34 1.31 1.29 1.26 1.23 1.19 1.16 1.13 1.10 1.07 1.04 1.02 0.99 0.96 0.94 0.91 0.89
0.95 1.00 1.05 1.10 1.15 1.20 1.25 1.30 1.35 1.40 1.44 1.48 1.52 1.56 1.59 1.63 1.65 1.68 1.70 1.72 1.74 1.75 1.77 1.78 1.79 1.80 1.80 1.81 1.82 1.82 1.83 1.84 1.85 1.86 1.87 1.88 1.89 1.90 1.91 1.92 1.93 1.94 1.96 1.97 1.98 1.99 2.01 2.02 2.03 2.04 2.05 2.06 2.07 2.08 2.09 2.10 2.10 2.11 2.12 2.12 2.13 2.14 2.14 2.15 2.15 2.16 2.17 2.17 2.18 2.19 2.20 2.21 2.22 2.23 2.25 2.26 2.28 2.30 2.31 2.33 2.36 2.38 2.40 2.43 2.46 2.48 2.51 2.55 2.58 2.61 2.65 2.68 2.72 2.76 2.79 2.83 2.87 2.91 2.96 3.00 3.04 3.08 3.12 3.16 3.20 3.24 3.28 3.32 3.36 3.40 3.44 3.48 3.52 3.55 3.59 3.62 3.66 3.69 3.73 3.76 3.79 3.83 3.86 3.89 3.93 3.96 4.00 4.04 4.08 4.12 4.17 4.22 4.27 4.33 4.39 4.46 4.54 4.62 4.71 4.80 4.91 5.02 5.14 5.27 5.41 5.56 5.72 5.88 6.06 6.24 6.44 6.63 6.84 7.05 7.26 7.47 7.69 7.90 8.11 8.32 8.52 8.71 8.89 9.06 9.21 9.35 9.47 9.58 9.66 9.72 9.76 9.78 9.78 9.75 9.70 9.63 9.54 9.42 9.29 9.14 8.98 8.80 8.60 8.40 8.19 7.97 7.75 7.52 7.30 7.08 6.86 6.65 6.44 6.25 6.06 5.89 5.73 5.59 5.46 5.34 5.24 5.16 5.09 5.04 5.01 4.99 4.98 4.99 5.01 5.04 5.09 5.14 5.21 5.28 5.36 5.44 5.52 5.61 5.70 5.79 5.88 5.96 6.04 6.12 6.19 6.25 6.31 6.36 6.40 6.43 6.46 6.48 6.49 6.50 6.49 6.48 6.46 6.44 6.41 6.37 6.33 6.28 6.23 6.17 6.11 6.04 5.96 5.89 5.80 5.72 5.63 5.53 5.43 5.33 5.23 5.12 5.01 4.89 4.78 4.66 4.55 4.43 4.31 4.20 4.08 3.97 3.85 3.74 3.64 3.53 3.43 3.34 3.24 3.16 3.07 2.99 2.92 2.85 2.79 2.73 2.67 2.62 2.58 2.53 2.50 2.47 2.44 2.42 2.40 2.38 2.37 2.36 2.36 2.36 2.36 2.37 2.38 2.40 2.42 2.44 2.46 2.50 2.53 2.57 2.61 2.66 2.71 2.77 2.84 2.91 2.98 3.06 3.15 3.24 3.34 3.45 3.56 3.67 3.79 3.91 4.03 4.15 4.26 4.38 4.49 4.60 4.69 4.78 4.86 4.93 4.98 5.02 5.05 5.07 5.07 5.06 5.04 5.00 4.96 4.90 4.84 4.77 4.69 4.60 4.50 4.40 4.29 4.17 4.05 3.92 3.78 3.64 3.50 3.35 3.20 3.04 2.89 2.74 2.59 2.45 2.32 2.19 2.08 1.98 1.89 1.81 1.75 1.69 1.65 1.62 1.59 1.57 1.55 1.53 1.52 1.51 1.49 1.48 1.46 1.44 1.42 1.39 1.37 1.34 1.31 1.28 1.25 1.21 1.18 1.15 1.12 1.09 1.06 1.03 1.00 0.97 0.95 0.92 0.90 0.88
0.93 0.98 1.03 1.08 1.13 1.18 1.23 1.28 1.33 1.38 1.42 1.46 1.50 1.54 1.57 1.60 1.63 1.65 1.67 1.69 1.71 1.73 1.74 1.75 1.76 1.77 1.78 1.79 1.79 1.80 1.81 1.82 1.82 1.83 1.84 1.85 1.86 1.87 1.88 1.89 1.91 1.92 1.93 1.94 1.95 1.97 1.98 1.99 2.00 2.01 2.02 2.03 2.04 2.05 2.05 2.06 2.07 2.08 2.08 2.09 2.09 2.10 2.10 2.11 2.12 2.12 2.13 2.14 2.14 2.15 2.16 2.17 2.18 2.20 2.21 2.22 2.24 2.26 2.27 2.29 2.32 2.34 2.36 2.39 2.41 2.44 2.47 2.50 2.53 2.57 2.60 2.64 2.67 2.71 2.75 2.78 2.82 2.86 2.90 2.94 2.98 3.02 3.07 3.11 3.15 3.19 3.23 3.27 3.30 3.34 3.38 3.42 3.45 3.49 3.52 3.56 3.59 3.62 3.66 3.69 3.72 3.76 3.79 3.82 3.86 3.89 3.93 3.97 4.01 4.05 4.10 4.15 4.20 4.26 4.32 4.39 4.47 4.55 4.64 4.74 4.84 4.96 5.08 5.21 5.35 5.50 5.66 5.83 6.01 6.20 6.39 6.59 6.80 7.01 7.23 7.45 7.66 7.88 8.10 8.30 8.51 8.70 8.89 9.06 9.22 9.36 9.48 9.59 9.68 9.74 9.78 9.80 9.80 9.78 9.73 9.66 9.57 9.45 9.32 9.17 9.01 8.83 8.63 8.43 8.22 8.00 7.78 7.55 7.33 7.11 6.89 6.68 6.47 6.28 6.10 5.93 5.77 5.63 5.50 5.39 5.29 5.22 5.15 5.11 5.08 5.07 5.07 5.09 5.12 5.16 5.22 5.28 5.36 5.44 5.53 5.63 5.73 5.83 5.93 6.03 6.13 6.22 6.31 6.40 6.48 6.55 6.61 6.67 6.72 6.76 6.79 6.81 6.83 6.83 6.83 6.82 6.81 6.78 6.75 6.72 6.67 6.62 6.57 6.51 6.44 6.37 6.29 6.21 6.12 6.03 5.94 5.84 5.73 5.63 5.51 5.40 5.28 5.16 5.04 4.91 4.79 4.66 4.54 4.41 4.28 4.16 4.04 3.92 3.80 3.69 3.58 3.48 3.37 3.28 3.19 3.10 3.02 2.94 2.87 2.80 2.74 2.69 2.63 2.59 2.55 2.51 2.48 2.45 2.43 2.41 2.40 2.39 2.38 2.38 2.38 2.38 2.39 2.40 2.42 2.44 2.47 2.50 2.53 2.57 2.61 2.65 2.70 2.76 2.82 2.89 2.96 3.03 3.12 3.20 3.30 3.39 3.50 3.60 3.71 3.82 3.93 4.04 4.16 4.26 4.37 4.47 4.56 4.64 4.72 4.78 4.84 4.88 4.91 4.93 4.94 4.94 4.93 4.90 4.87 4.82 4.77 4.71 4.64 4.56 4.48 4.39 4.29 4.18 4.07 3.95 3.83 3.70 3.57 3.43 3.28 3.14 3.00 2.85 2.71 2.58 2.45 2.33 2.22 2.12 2.03 1.95 1.88 1.82 1.76 1.72 1.68 1.65 1.63 1.60 1.58 1.55 1.53 1.51 1.48 1.45 1.43 1.40 1.37 1.33 1.30 1.27 1.23 1.20 1.17 1.14 1.10 1.07 1.04 1.02 0.99 0.96 0.93 0.91 0.89 0.86
0.92 0.97 1.02 1.07 1.11 1.16 1.21 1.26 1.31 1.35 1.39 1.43 1.47 1.51 1.54 1.57 1.60 1.62 1.64 1.66 1.68 1.70 1.71 1.72 1.73 1.74 1.75 1.76 1.77 1.77 1.78 1.79 1.80 1.81 1.82 1.83 1.84 1.85 1.86 1.87 1.88 1.89 1.90 1.92 1.93 1.94 1.95 1.96 1.97 1.98 1.99 2.00 2.01 2.02 2.02 2.03 2.04 2.04 2.05 2.05 2.06 2.06 2.07 2.07 2.08 2.09 2.09 2.10 2.11 2.12 2.12 2.13 2.15 2.16 2.17 2.18 2.20 2.22 2.23 2.25 2.27 2.30 2.32 2.34 2.37 2.40 2.43 2.46 2.49 2.52 2.55 2.59 2.62 2.66 2.70 2.74 2.77 2.81 2.85 2.89 2.93 2.97 3.01 3.05 3.09 3.13 3.17 3.21 3.24 3.28 3.32 3.35 3.39 3.42 3.46 3.49 3.52 3.56 3.59 3.62 3.65 3.69 3.72 3.75 3.78 3.82 3.86 3.89 3.93 3.98 4.02 4.07 4.13 4.19 4.25 4.32 4.40 4.48 4.57 4.67 4.77 4.89 5.01 5.14 5.29 5.44 5.60 5.77 5.95 6.14 6.34 6.54 6.75 6.97 7.18 7.40 7.62 7.84 8.06 8.27 8.48 8.68 8.86 9.04 9.20 9.34 9.47 9.58 9.67 9.73 9.78 9.80 9.80 9.78 9.73 9.66 9.57 9.46 9.33 9.18 9.01 8.83 8.64 8.44 8.23 8.01 7.79 7.57 7.34 7.12 6.90 6.70 6.49 6.30 6.12 5.95 5.80 5.66 5.54 5.43 5.34 5.27 5.21 5.18 5.15 5.15 5.16 5.19 5.23 5.29 5.35 5.43 5.52 5.62 5.72 5.83 5.94 6.05 6.17 6.28 6.39 6.50 6.60 6.69 6.78 6.86 6.94 7.00 7.06 7.10 7.14 7.16 7.18 7.19 7.19 7.18 7.17 7.15 7.12 7.08 7.03 6.98 6.93 6.86 6.79 6.72 6.64 6.55 6.46 6.37 6.27 6.16 6.05 5.94 5.82 5.70 5.57 5.44 5.31 5.18 5.04 4.91 4.77 4.64 4.50 4.37 4.24 4.11 3.98 3.86 3.74 3.62 3.51 3.41 3.31 3.21 3.12 3.04 2.96 2.89 2.82 2.76 2.70 2.65 2.60 2.56 2.52 2.49 2.46 2.44 2.42 2.41 2.40 2.39 2.39 2.40 2.40 2.41 2.43 2.45 2.47 2.50 2.53 2.56 2.60 2.65 2.70 2.75 2.81 2.87 2.94 3.01 3.09 3.17 3.26 3.35 3.45 3.54 3.65 3.75 3.85 3.96 4.06 4.16 4.26 4.35 4.44 4.52 4.60 4.66 4.72 4.76 4.80 4.82 4.84 4.84 4.84 4.82 4.79 4.76 4.72 4.67 4.61 4.54 4.47 4.39 4.30 4.20 4.10 3.99 3.88 3.76 3.63 3.50 3.37 3.23 3.10 2.96 2.83 2.70 2.57 2.46 2.35 2.24 2.15 2.07 1.99 1.93 1.87 1.82 1.77 1.73 1.69 1.66 1.63 1.60 1.56 1.53 1.50 1.47 1.43 1.40 1.37 1.33 1.29 1.26 1.22 1.19 1.16 1.12 1.09 1.06 1.03 1.00 0.97 0.95 0.92 0.90 0.87 0.85
0.90 0.95 1.00 1.04 1.09 1.14 1.19 1.23 1.28 1.32 1.36 1.40 1.44 1.48 1.51 1.54 1.57 1.59 1.61 1.63 1.65 1.66 1.68 1.69 1.70 1.71 1.72 1.73 1.74 1.75 1.75 1.76 1.77 1.78 1.79 1.80 1.81 1.82 1.83 1.84 1.85 1.87 1.88 1.89 1.90 1.91 1.92 1.93 1.94 1.95 1.96 1.97 1.98 1.98 1.99 2.00 2.00 2.01 2.01 2.02 2.02 2.03 2.03 2.04 2.05 2.05 2.06 2.06 2.07 2.08 2.09 2.10 2.11 2.12 2.13 2.15 2.16 2.18 2.20 2.21 2.23 2.26 2.28 2.30 2.33 2.36 2.38 2.41 2.44 2.48 2.51 2.54 2.58 2.61 2.65 2.69 2.72 2.76 2.80 2.84 2.88 2.92 2.95 2.99 3.03 3.07 3.11 3.15 3.18 3.22 3.25 3.29 3.32 3.36 3.39 3.42 3.46 3.49 3.52 3.55 3.58 3.61 3.65 3.68 3.71 3.75 3.78 3.82 3.86 3.90 3.95 4.00 4.05 4.11 4.18 4.25 4.32 4.40 4.49 4.59 4.70 4.82 4.94 5.07 5.22 5.37 5.53 5.71 5.89 6.08 6.28 6.48 6.69 6.91 7.13 7.35 7.57 7.79 8.01 8.22 8.43 8.63 8.82 9.00 9.16 9.30 9.43 9.54 9.63 9.70 9.75 9.77 9.77 9.75 9.71 9.64 9.55 9.44 9.31 9.16 9.00 8.82 8.63 8.43 8.22 8.00 7.78 7.56 7.34 7.12 6.91 6.70 6.50 6.31 6.13 5.97 5.82 5.68 5.57 5.47 5.38 5.32 5.27 5.24 5.23 5.23 5.25 5.29 5.35 5.41 5.49 5.59 5.69 5.80 5.92 6.04 6.16 6.29 6.42 6.55 6.67 6.79 6.90 7.01 7.11 7.20 7.28 7.35 7.41 7.46 7.50 7.53 7.56 7.57 7.57 7.56 7.55 7.53 7.49 7.46 7.41 7.36 7.30 7.23 7.16 7.09 7.00 6.91 6.82 6.72 6.61 6.50 6.38 6.26 6.14 6.01 5.87 5.74 5.60 5.45 5.31 5.17 5.02 4.87 4.73 4.59 4.44 4.30 4.17 4.03 3.91 3.78 3.66 3.55 3.44 3.33 3.23 3.14 3.06 2.97 2.90 2.83 2.77 2.71 2.66 2.61 2.57 2.53 2.50 2.47 2.45 2.44 2.42 2.41 2.41 2.41 2.42 2.42 2.44 2.45 2.48 2.50 2.53 2.56 2.60 2.64 2.69 2.74 2.80 2.86 2.92 2.99 3.07 3.14 3.23 3.31 3.40 3.50 3.59 3.69 3.79 3.89 3.98 4.08 4.17 4.26 4.35 4.42 4.50 4.56 4.62 4.66 4.70 4.73 4.75 4.76 4.76 4.75 4.74 4.71 4.68 4.63 4.58 4.53 4.46 4.39 4.31 4.22 4.13 4.03 3.92 3.81 3.69 3.57 3.45 3.32 3.19 3.06 2.93 2.81 2.69 2.57 2.46 2.36 2.26 2.18 2.10 2.03 1.96 1.90 1.85 1.80 1.76 1.71 1.67 1.63 1.59 1.55 1.52 1.48 1.44 1.40 1.36 1.33 1.29 1.25 1.21 1.18 1.14 1.11 1.08 1.05 1.02 0.99 0.96 0.94 0.91 0.89 0.86 0.84
0.89 0.93 0.98 1.02 1.07 1.11 1.16 1.21 1.25 1.29 1.33 1.37 1.41 1.44 1.47 1.50 1.53 1.55 1.58 1.60 1.61 1.63 1.64 1.66 1.67 1.68 1.69 1.70 1.71 1.72 1.72 1.73 1.74 1.75 1.76 1.77 1.78 1.79 1.80 1.82 1.83 1.84 1.85 1.86 1.87 1.88 1.89 1.90 1.91 1.92 1.93 1.94 1.95 1.95 1.96 1.97 1.97 1.98 1.98 1.99 1.99 2.00 2.00 2.01 2.01 2.02 2.02 2.03 2.04 2.04 2.05 2.06 2.07 2.08 2.10 2.11 2.12 2.14 2.16 2.17 2.19 2.22 2.24 2.26 2.29 2.31 2.34 2.37 2.40 2.43 2.46 2.50 2.53 2.56 2.60 2.64 2.67 2.71 2.75 2.78 2.82 2.86 2.90 2.94 2.97 3.01 3.05 3.08 3.12 3.16 3.19 3.23 3.26 3.29 3.32 3.36 3.39 3.42 3.45 3.48 3.51 3.54 3.57 3.61 3.64 3.67 3.71 3.75 3.79 3.83 3.87 3.92 3.98 4.04 4.10 4.17 4.25 4.33 4.42 4.52 4.62 4.74 4.86 5.00 5.14 5.30 5.46 5.63 5.81 6.00 6.20 6.41 6.62 6.84 7.06 7.28 7.50 7.72 7.94 8.16 8.37 8.57 8.76 8.93 9.10 9.24 9.37 9.49 9.58 9.65 9.70 9.72 9.72 9.70 9.66 9.59 9.51 9.40 9.27 9.13 8.96 8.79 8.60 8.40 8.19 7.98 7.76 7.54 7.32 7.10 6.89 6.69 6.49 6.31 6.13 5.98 5.83 5.70 5.59 5.49 5.42 5.36 5.32 5.30 5.30 5.31 5.35 5.40 5.46 5.55 5.64 5.75 5.86 5.99 6.12 6.26 6.40 6.54 6.68 6.83 6.96 7.09 7.22 7.34 7.45 7.55 7.64 7.72 7.78 7.84 7.89 7.92 7.95 7.96 7.96 7.96 7.94 7.92 7.89 7.85 7.80 7.75 7.69 7.62 7.55 7.47 7.38 7.29 7.19 7.08 6.97 6.85 6.73 6.60 6.47 6.33 6.19 6.05 5.90 5.75 5.59 5.44 5.28 5.12 4.97 4.81 4.66 4.51 4.36 4.22 4.08 3.95 3.82 3.69 3.57 3.46 3.35 3.25 3.16 3.07 2.99 2.91 2.84 2.78 2.72 2.67 2.62 2.58 2.54 2.51 2.49 2.46 2.45 2.44 2.43 2.43 2.43 2.44 2.45 2.46 2.48 2.51 2.53 2.57 2.60 2.64 2.69 2.74 2.79 2.85 2.91 2.98 3.05 3.12 3.20 3.28 3.37 3.46 3.55 3.64 3.73 3.83 3.92 4.01 4.10 4.19 4.27 4.34 4.41 4.48 4.54 4.58 4.63 4.66 4.68 4.70 4.70 4.70 4.69 4.67 4.65 4.61 4.57 4.52 4.46 4.40 4.33 4.25 4.16 4.07 3.97 3.86 3.75 3.64 3.52 3.40 3.27 3.15 3.03 2.91 2.79 2.67 2.57 2.46 2.37 2.28 2.19 2.12 2.04 1.98 1.92 1.86 1.81 1.76 1.71 1.66 1.62 1.57 1.53 1.49 1.44 1.40 1.36 1.32 1.28 1.24 1.20 1.17 1.13 1.10 1.07 1.04 1.01 0.98 0.95 0.92 0.90 0.87 0.85 0.83
0.87 0.91 0.95 1.00 1.04 1.09 1.13 1.18 1.22 1.26 1.30 1.34 1.37 1.41 1.44 1.47 1.49 1.52 1.54 1.56 1.58 1.59 1.61 1.62 1.63 1.65 1.66 1.67 1.67 1.68 1.69 1.70 1.71 1.72 1.73 1.74 1.75 1.77 1.78 1.79 1.80 1.81 1.82 1.83 1.84 1.86 1.87 1.88 1.88 1.89 1.90 1.91 1.92 1.92 1.93 1.94 1.94 1.95 1.95 1.95 1.96 1.96 1.97 1.97 1.98 1.98 1.99 1.99 2.00 2.01 2.02 2.03 2.04 2.05 2.06 2.07 2.09 2.10 2.12 2.14 2.16 2.18 2.20 2.22 2.25 2.27 2.30 2.33 2.36 2.39 2.42 2.45 2.48 2.52 2.55 2.59 2.62 2.66 2.69 2.73 2.77 2.80 2.84 2.88 2.92 2.95 2.99 3.02 3.06 3.09 3.13 3.16 3.19 3.23 3.26 3.29 3.32 3.35 3.38 3.41 3.44 3.47 3.50 3.53 3.57 3.60 3.63 3.67 3.71 3.75 3.80 3.85 3.90 3.96 4.02 4.09 4.17 4.25 4.34 4.44 4.54 4.66 4.78 4.92 5.06 5.21 5.38 5.55 5.73 5.92 6.12 6.32 6.54 6.75 6.97 7.19 7.42 7.64 7.86 8.07 8.28 8.48 8.67 8.85 9.01 9.16 9.29 9.40 9.50 9.57 9.62 9.64 9.65 9.63 9.59 9.52 9.44 9.33 9.21 9.06 8.90 8.73 8.54 8.35 8.14 7.93 7.72 7.50 7.29 7.07 6.87 6.67 6.47 6.29 6.13 5.97 5.83 5.71 5.60 5.52 5.45 5.40 5.37 5.36 5.37 5.40 5.44 5.50 5.58 5.68 5.79 5.91 6.04 6.19 6.33 6.49 6.65 6.80 6.96 7.12 7.27 7.42 7.55 7.68 7.80 7.91 8.01 8.10 8.17 8.23 8.29 8.32 8.35 8.37 8.37 8.37 8.35 8.33 8.30 8.26 8.21 8.15 8.09 8.02 7.95 7.86 7.77 7.67 7.57 7.46 7.34 7.22 7.09 6.96 6.82 6.67 6.52 6.37 6.21 6.05 5.88 5.72 5.55 5.38 5.22 5.05 4.89 4.73 4.57 4.41 4.26 4.12 3.98 3.84 3.72 3.59 3.48 3.37 3.26 3.17 3.08 2.99 2.92 2.85 2.78 2.72 2.67 2.63 2.58 2.55 2.52 2.50 2.48 2.46 2.45 2.45 2.45 2.45 2.46 2.47 2.49 2.51 2.54 2.57 2.60 2.64 2.68 2.73 2.78 2.84 2.90 2.96 3.03 3.10 3.18 3.26 3.34 3.43 3.51 3.60 3.69 3.78 3.87 3.96 4.04 4.12 4.20 4.28 4.35 4.41 4.47 4.52 4.56 4.60 4.63 4.65 4.66 4.66 4.66 4.65 4.63 4.60 4.56 4.52 4.47 4.41 4.35 4.27 4.19 4.11 4.01 3.91 3.81 3.70 3.59 3.47 3.35 3.23 3.11 2.99 2.88 2.77 2.66 2.55 2.45 2.36 2.27 2.19 2.12 2.04 1.98 1.91 1.85 1.80 1.74 1.69 1.64 1.59 1.54 1.49 1.45 1.40 1.36 1.32 1.27 1.23 1.20 1.16 1.12 1.09 1.06 1.02 0.99 0.97 0.94 0.91 0.89 0.86 0.84 0.82
0.85 0.89 0.93 0.97 1.02 1.06 1.10 1.14 1.19 1.23 1.26 1.30 1.34 1.37 1.40 1.43 1.46 1.48 1.50 1.52 1.54 1.56 1.57 1.59 1.60 1.61 1.62 1.63 1.64 1.65 1.66 1.67 1.68 1.69 1.70 1.71 1.73 1.74 1.75 1.76 1.77 1.78 1.79 1.81 1.82 1.83 1.84 1.85 1.86 1.86 1.87 1.88 1.89 1.89 1.90 1.90 1.91 1.91 1.92 1.92 1.93 1.93 1.94 1.94 1.94 1.95 1.95 1.96 1.97 1.97 1.98 1.99 2.00 2.01 2.02 2.03 2.05 2.06 2.08 2.10 2.12 2.14 2.16 2.18 2.20 2.23 2.25 2.28 2.31 2.34 2.37 2.40 2.43 2.47 2.50 2.54 2.57 2.61 2.64 2.68 2.71 2.75 2.78 2.82 2.86 2.89 2.93 2.96 3.00 3.03 3.06 3.10 3.13 3.16 3.19 3.22 3.25 3.28 3.31 3.34 3.37 3.40 3.43 3.46 3.49 3.53 3.56 3.60 3.64 3.68 3.72 3.77 3.82 3.88 3.94 4.01 4.09 4.17 4.26 4.36 4.46 4.58 4.70 4.83 4.98 5.13 5.29 5.46 5.64 5.83 6.03 6.23 6.44 6.66 6.87 7.10 7.32 7.54 7.76 7.97 8.18 8.38 8.57 8.75 8.91 9.06 9.19 9.30 9.39 9.47 9.52 9.54 9.55 9.53 9.49 9.43 9.35 9.24 9.12 8.98 8.82 8.65 8.47 8.28 8.08 7.87 7.66 7.45 7.24 7.03 6.83 6.63 6.44 6.27 6.11 5.96 5.83 5.71 5.61 5.53 5.47 5.43 5.41 5.42 5.44 5.48 5.54 5.61 5.71 5.82 5.94 6.08 6.23 6.39 6.56 6.73 6.90 7.08 7.25 7.43 7.59 7.75 7.90 8.05 8.18 8.30 8.40 8.50 8.58 8.64 8.70 8.74 8.77 8.79 8.80 8.79 8.78 8.75 8.72 8.68 8.63 8.57 8.51 8.43 8.36 8.27 8.17 8.07 7.97 7.85 7.73 7.60 7.46 7.32 7.17 7.02 6.86 6.70 6.53 6.36 6.19 6.01 5.83 5.66 5.48 5.30 5.13 4.95 4.78 4.62 4.46 4.30 4.15 4.00 3.86 3.73 3.61 3.49 3.38 3.27 3.17 3.08 3.00 2.92 2.85 2.79 2.73 2.68 2.63 2.59 2.56 2.53 2.51 2.49 2.47 2.47 2.46 2.47 2.47 2.48 2.50 2.52 2.54 2.57 2.61 2.64 2.68 2.73 2.78 2.83 2.89 2.95 3.02 3.09 3.16 3.24 3.32 3.40 3.48 3.57 3.65 3.74 3.83 3.91 3.99 4.08 4.15 4.23 4.30 4.36 4.42 4.47 4.52 4.56 4.59 4.61 4.63 4.64 4.64 4.63 4.62 4.59 4.56 4.53 4.48 4.43 4.37 4.30 4.23 4.14 4.06 3.96 3.86 3.76 3.65 3.54 3.42 3.31 3.19 3.07 2.96 2.85 2.74 2.63 2.53 2.44 2.34 2.26 2.18 2.10 2.03 1.96 1.89 1.83 1.77 1.71 1.65 1.60 1.55 1.50 1.45 1.40 1.35 1.31 1.27 1.23 1.19 1.15 1.11 1.08 1.04 1.01 0.98 0.95 0.93 0.90 0.88 0.85 0.83 0.81
0.83 0.87 0.91 0.95 0.99 1.03 1.07 1.11 1.15 1.19 1.23 1.26 1.30 1.33 1.36 1.39 1.42 1.44 1.46 1.48 1.50 1.52 1.53 1.55 1.56 1.57 1.59 1.60 1.61 1.62 1.63 1.64 1.65 1.66 1.67 1.69 1.70 1.71 1.72 1.73 1.74 1.76 1.77 1.78 1.79 1.80 1.81 1.82 1.83 1.83 1.84 1.85 1.86 1.86 1.87 1.87 1.88 1.88 1.89 1.89 1.90 1.90 1.90 1.91 1.91 1.92 1.92 1.93 1.93 1.94 1.95 1.96 1.96 1.97 1.99 2.00 2.01 2.03 2.04 2.06 2.08 2.10 2.12 2.14 2.16 2.19 2.21 2.24 2.27 2.29 2.32 2.36 2.39 2.42 2.45 2.48 2.52 2.55 2.59 2.62 2.66 2.69 2.73 2.76 2.80 2.83 2.87 2.90 2.93 2.97 3.00 3.03 3.06 3.09 3.12 3.15 3.18 3.21 3.24 3.27 3.30 3.33 3.36 3.39 3.42 3.45 3.48 3.52 3.56 3.60 3.64 3.69 3.74 3.80 3.86 3.93 4.00 4.09 4.17 4.27 4.37 4.49 4.61 4.74 4.88 5.03 5.19 5.36 5.54 5.73 5.92 6.13 6.34 6.55 6.76 6.98 7.20 7.42 7.64 7.85 8.06 8.26 8.45 8.62 8.78 8.93 9.06 9.18 9.27 9.34 9.39 9.42 9.43 9.41 9.37 9.31 9.23 9.13 9.01 8.88 8.72 8.56 8.38 8.19 7.99 7.79 7.58 7.38 7.17 6.97 6.77 6.58 6.40 6.23 6.08 5.94 5.81 5.70 5.61 5.54 5.49 5.47 5.46 5.47 5.50 5.56 5.63 5.72 5.83 5.96 6.10 6.26 6.43 6.61 6.79 6.98 7.17 7.37 7.56 7.75 7.93 8.10 8.27 8.42 8.56 8.69 8.81 8.91 9.00 9.07 9.13 9.17 9.20 9.22 9.23 9.23 9.21 9.19 9.15 9.11 9.06 9.00 8.93 8.86 8.77 8.68 8.59 8.48 8.37 8.25 8.12 7.99 7.85 7.70 7.54 7.38 7.21 7.04 6.86 6.68 6.50 6.31 6.12 5.94 5.75 5.56 5.37 5.19 5.00 4.83 4.65 4.49 4.33 4.17 4.02 3.88 3.74 3.61 3.49 3.38 3.27 3.17 3.08 3.00 2.92 2.85 2.79 2.73 2.68 2.63 2.60 2.56 2.54 2.52 2.50 2.49 2.48 2.48 2.49 2.50 2.51 2.53 2.55 2.58 2.61 2.64 2.68 2.73 2.78 2.83 2.89 2.95 3.01 3.08 3.15 3.22 3.30 3.38 3.46 3.54 3.62 3.71 3.79 3.88 3.96 4.04 4.11 4.19 4.26 4.32 4.38 4.43 4.48 4.52 4.56 4.58 4.61 4.62 4.62 4.62 4.61 4.59 4.57 4.54 4.49 4.45 4.39 4.33 4.26 4.18 4.10 4.01 3.91 3.81 3.70 3.60 3.48 3.37 3.26 3.14 3.03 2.92 2.81 2.70 2.60 2.50 2.41 2.31 2.23 2.15 2.07 1.99 1.92 1.85 1.79 1.73 1.67 1.61 1.55 1.50 1.45 1.40 1.35 1.30 1.26 1.22 1.18 1.14 1.10 1.07 1.03 1.00 0.97 0.94 0.92 0.89 0.87 0.84 0.82 0.80
0.80 0.84 0.88 0.92 0.96 1.00 1.04 1.08 1.12 1.16 1.19 1.23 1.26 1.29 1.32 1.35 1.38 1.40 1.42 1.44 1.46 1.48 1.49 1.51 1.52 1.54 1.55 1.56 1.57 1.58 1.60 1.61 1.62 1.63 1.64 1.65 1.67 1.68 1.69 1.70 1.71 1.73 1.74 1.75 1.76 1.77 1.78 1.79 1.80 1.81 1.81 1.82 1.83 1.83 1.84 1.84 1.85 1.85 1.86 1.86 1.86 1.87 1.87 1.87 1.88 1.88 1.89 1.89 1.90 1.91 1.91 1.92 1.93 1.94 1.95 1.96 1.97 1.99 2.00 2.02 2.04 2.06 2.08 2.10 2.12 2.14 2.17 2.19 2.22 2.25 2.28 2.31 2.34 2.37 2.40 2.43 2.47 2.50 2.53 2.57 2.60 2.64 2.67 2.70 2.74 2.77 2.80 2.84 2.87 2.90 2.93 2.96 3.00 3.03 3.05 3.08 3.11 3.14 3.17 3.20 3.23 3.25 3.28 3.31 3.34 3.38 3.41 3.44 3.48 3.52 3.57 3.61 3.66 3.72 3.78 3.85 3.92 4.00 4.09 4.18 4.29 4.40 4.52 4.65 4.79 4.94 5.09 5.26 5.44 5.62 5.81 6.01 6.22 6.43 6.64 6.86 7.08 7.29 7.51 7.72 7.92 8.12 8.30 8.48 8.64 8.79 8.92 9.03 9.12 9.19 9.24 9.27 9.28 9.27 9.23 9.17 9.10 9.00 8.88 8.75 8.60 8.44 8.26 8.08 7.89 7.69 7.49 7.29 7.09 6.89 6.70 6.52 6.35 6.19 6.04 5.90 5.79 5.69 5.61 5.55 5.51 5.49 5.50 5.52 5.57 5.64 5.72 5.83 5.96 6.11 6.27 6.44 6.63 6.83 7.03 7.24 7.45 7.66 7.87 8.08 8.28 8.47 8.65 8.81 8.97 9.10 9.23 9.34 9.43 9.51 9.57 9.62 9.65 9.67 9.68 9.67 9.66 9.63 9.60 9.55 9.50 9.44 9.37 9.29 9.20 9.11 9.01 8.90 8.78 8.66 8.52 8.38 8.24 8.08 7.92 7.75 7.57 7.39 7.21 7.02 6.82 6.62 6.42 6.22 6.02 5.82 5.62 5.43 5.23 5.04 4.86 4.68 4.51 4.34 4.18 4.03 3.88 3.74 3.61 3.49 3.38 3.27 3.17 3.08 2.99 2.92 2.85 2.78 2.73 2.68 2.64 2.60 2.57 2.54 2.53 2.51 2.50 2.50 2.50 2.51 2.52 2.54 2.56 2.58 2.61 2.65 2.69 2.73 2.78 2.83 2.88 2.94 3.00 3.07 3.14 3.21 3.28 3.36 3.44 3.52 3.60 3.68 3.77 3.85 3.93 4.01 4.08 4.15 4.22 4.29 4.35 4.41 4.46 4.50 4.54 4.57 4.59 4.61 4.62 4.62 4.61 4.60 4.58 4.55 4.51 4.47 4.41 4.35 4.29 4.21 4.13 4.05 3.95 3.86 3.75 3.65 3.54 3.43 3.31 3.20 3.09 2.98 2.87 2.76 2.65 2.55 2.46 2.36 2.27 2.19 2.10 2.02 1.95 1.88 1.81 1.74 1.68 1.61 1.55 1.50 1.44 1.39 1.34 1.30 1.25 1.21 1.17 1.13 1.09 1.06 1.02 0.99 0.96 0.93 0.91 0.88 0.86 0.83 0.81 0.79
0.78 0.82 0.86 0.90 0.93 0.97 1.01 1.05 1.08 1.12 1.16 1.19 1.22 1.25 1.28 1.31 1.33 1.36 1.38 1.40 1.42 1.44 1.45 1.47 1.49 1.50 1.51 1.53 1.54 1.55 1.56 1.57 1.59 1.60 1.61 1.62 1.64 1.65 1.66 1.67 1.69 1.70 1.71 1.72 1.73 1.74 1.75 1.76 1.77 1.78 1.78 1.79 1.80 1.80 1.81 1.81 1.82 1.82 1.82 1.83 1.83 1.83 1.84 1.84 1.85 1.85 1.85 1.86 1.87 1.87 1.88 1.89 1.89 1.90 1.91 1.93 1.94 1.95 1.97 1.98 2.00 2.02 2.04 2.06 2.08 2.10 2.13 2.15 2.18 2.20 2.23 2.26 2.29 2.32 2.35 2.38 2.42 2.45 2.48 2.51 2.55 2.58 2.61 2.65 2.68 2.71 2.74 2.78 2.81 2.84 2.87 2.90 2.93 2.96 2.99 3.02 3.04 3.07 3.10 3.13 3.15 3.18 3.21 3.24 3.27 3.30 3.33 3.37 3.41 3.45 3.49 3.53 3.58 3.64 3.70 3.77 3.84 3.91 4.00 4.09 4.19 4.30 4.42 4.55 4.69 4.83 4.99 5.15 5.33 5.51 5.70 5.89 6.09 6.30 6.51 6.72 6.94 7.15 7.36 7.57 7.77 7.96 8.15 8.32 8.48 8.62 8.75 8.86 8.95 9.03 9.08 9.11 9.12 9.10 9.07 9.02 8.94 8.85 8.73 8.60 8.46 8.30 8.13 7.96 7.77 7.58 7.38 7.19 7.00 6.81 6.62 6.45 6.28 6.13 5.99 5.86 5.76 5.67 5.60 5.55 5.52 5.51 5.53 5.57 5.63 5.71 5.82 5.95 6.09 6.25 6.43 6.63 6.84 7.05 7.28 7.51 7.74 7.97 8.20 8.42 8.64 8.84 9.04 9.21 9.38 9.53 9.66 9.78 9.87 9.95 10.02 10.07 10.10 10.12 10.13 10.12 10.11 10.08 10.04 10.00 9.94 9.88 9.80 9.72 9.63 9.54 9.43 9.32 9.20 9.07 8.93 8.79 8.63 8.47 8.30 8.12 7.94 7.75 7.55 7.35 7.15 6.94 6.73 6.52 6.30 6.09 5.88 5.67 5.47 5.27 5.07 4.88 4.69 4.52 4.34 4.18 4.02 3.88 3.74 3.61 3.48 3.37 3.26 3.16 3.07 2.99 2.91 2.84 2.78 2.73 2.68 2.64 2.60 2.57 2.55 2.54 2.52 2.52 2.52 2.52 2.53 2.55 2.57 2.59 2.62 2.65 2.69 2.73 2.78 2.83 2.88 2.94 3.00 3.06 3.13 3.20 3.27 3.35 3.43 3.50 3.58 3.66 3.75 3.83 3.90 3.98 4.06 4.13 4.20 4.27 4.33 4.38 4.44 4.48 4.52 4.55 4.58 4.60 4.61 4.62 4.62 4.61 4.59 4.56 4.53 4.49 4.44 4.38 4.32 4.25 4.17 4.08 3.99 3.90 3.80 3.69 3.59 3.48 3.36 3.25 3.14 3.03 2.92 2.81 2.70 2.60 2.50 2.40 2.31 2.22 2.13 2.05 1.97 1.89 1.82 1.75 1.68 1.62 1.56 1.50 1.44 1.39 1.34 1.29 1.24 1.20 1.16 1.12 1.08 1.05 1.01 0.98 0.95 0.92 0.90 0.87 0.85 0.82 0.80 0.78
0.76 0.80 0.83 0.87 0.91 0.94 0.98 1.01 1.05 1.08 1.12 1.15 1.18 1.21 1.24 1.27 1.29 1.32 1.34 1.36 1.38 1.40 1.42 1.43 1.45 1.46 1.48 1.49 1.50 1.52 1.53 1.54 1.55 1.57 1.58 1.59 1.61 1.62 1.63 1.64 1.66 1.67 1.68 1.69 1.70 1.71 1.72 1.73 1.74 1.75 1.75 1.76 1.77 1.77 1.78 1.78 1.79 1.79 1.79 1.80 1.80 1.80 1.81 1.81 1.81 1.82 1.82 1.83 1.83 1.84 1.84 1.85 1.86 1.87 1.88 1.89 1.90 1.91 1.93 1.94 1.96 1.98 2.00 2.02 2.04 2.06 2.08 2.11 2.13 2.16 2.19 2.21 2.24 2.27 2.30 2.33 2.36 2.40 2.43 2.46 2.49 2.52 2.56 2.59 2.62 2.65 2.68 2.71 2.74 2.77 2.80 2.83 2.86 2.89 2.92 2.95 2.97 3.00 3.03 3.06 3.08 3.11 3.14 3.17 3.20 3.23 3.26 3.29 3.33 3.37 3.41 3.46 3.50 3.56 3.62 3.68 3.75 3.83 3.91 4.00 4.10 4.21 4.32 4.45 4.58 4.73 4.88 5.04 5.21 5.39 5.57 5.76 5.96 6.16 6.37 6.58 6.79 7.00 7.20 7.41 7.60 7.79 7.97 8.14 8.30 8.44 8.57 8.68 8.77 8.84 8.89 8.92 8.93 8.92 8.89 8.84 8.76 8.67 8.57 8.44 8.30 8.15 7.99 7.81 7.63 7.45 7.26 7.08 6.89 6.71 6.53 6.36 6.21 6.06 5.93 5.82 5.72 5.64 5.58 5.54 5.52 5.53 5.56 5.61 5.69 5.79 5.91 6.06 6.22 6.40 6.60 6.82 7.05 7.29 7.53 7.78 8.04 8.29 8.54 8.78 9.01 9.23 9.44 9.63 9.80 9.96 10.10 10.22 10.33 10.41 10.48 10.53 10.56 10.58 10.59 10.58 10.56 10.53 10.49 10.44 10.39 10.32 10.24 10.16 10.07 9.97 9.86 9.75 9.62 9.49 9.34 9.19 9.03 8.86 8.69 8.50 8.31 8.11 7.91 7.70 7.48 7.26 7.04 6.82 6.59 6.37 6.14 5.92 5.71 5.49 5.28 5.08 4.88 4.69 4.51 4.34 4.17 4.01 3.86 3.72 3.59 3.47 3.35 3.25 3.15 3.06 2.98 2.90 2.83 2.78 2.72 2.68 2.64 2.61 2.58 2.56 2.55 2.54 2.53 2.54 2.54 2.56 2.57 2.60 2.62 2.65 2.69 2.73 2.78 2.82 2.88 2.93 2.99 3.06 3.12 3.19 3.26 3.34 3.41 3.49 3.57 3.65 3.73 3.81 3.89 3.96 4.04 4.11 4.18 4.25 4.31 4.37 4.42 4.47 4.51 4.55 4.58 4.60 4.61 4.62 4.62 4.61 4.60 4.58 4.55 4.51 4.46 4.41 4.34 4.28 4.20 4.12 4.03 3.93 3.84 3.73 3.63 3.52 3.41 3.29 3.18 3.07 2.96 2.85 2.74 2.63 2.53 2.43 2.33 2.24 2.15 2.07 1.98 1.90 1.83 1.75 1.69 1.62 1.56 1.49 1.44 1.38 1.33 1.28 1.23 1.19 1.15 1.11 1.07 1.04 1.00 0.97 0.94 0.91 0.89 0.86 0.84 0.82 0.79 0.77
0.74 0.77 0.81 0.84 0.88 0.91 0.95 0.98 1.02 1.05 1.08 1.11 1.14 1.17 1.20 1.23 1.25 1.28 1.30 1.32 1.34 1.36 1.38 1.39 1.41 1.42 1.44 1.45 1.47 1.48 1.49 1.51 1.52 1.53 1.55 1.56 1.57 1.59 1.60 1.61 1.63 1.64 1.65 1.66 1.67 1.68 1.69 1.70 1.71 1.72 1.72 1.73 1.74 1.74 1.75 1.75 1.75 1.76 1.76 1.76 1.77 1.77 1.77 1.78 1.78 1.78 1.79 1.79 1.80 1.80 1.81 1.82 1.82 1.83 1.84 1.85 1.86 1.88 1.89 1.91 1.92 1.94 1.96 1.98 2.00 2.02 2.04 2.06 2.09 2.11 2.14 2.17 2.19 2.22 2.25 2.28 2.31 2.34 2.37 2.40 2.44 2.47 2.50 2.53 2.56 2.59 2.62 2.65 2.68 2.71 2.74 2.77 2.80 2.82 2.85 2.88 2.91 2.93 2.96 2.99 3.01 3.04 3.07 3.10 3.12 3.15 3.19 3.22 3.25 3.29 3.33 3.38 3.42 3.48 3.53 3.60 3.67 3.74 3.82 3.91 4.01 4.11 4.22 4.35 4.48 4.61 4.76 4.92 5.08 5.26 5.44 5.63 5.82 6.02 6.22 6.42 6.63 6.83 7.03 7.23 7.42 7.61 7.78 7.95 8.10 8.24 8.37 8.47 8.56 8.63 8.68 8.72 8.73 8.72 8.69 8.64 8.57 8.48 8.38 8.26 8.13 7.98 7.82 7.66 7.48 7.31 7.13 6.95 6.77 6.60 6.43 6.27 6.12 5.99 5.86 5.76 5.67 5.60 5.55 5.53 5.52 5.54 5.59 5.66 5.75 5.87 6.01 6.17 6.35 6.56 6.78 7.01 7.26 7.53 7.79 8.07 8.34 8.61 8.88 9.14 9.39 9.62 9.85 10.05 10.24 10.40 10.55 10.68 10.79 10.87 10.94 10.99 11.03 11.05 11.05 11.04 11.02 10.99 10.95 10.89 10.83 10.76 10.68 10.60 10.50 10.40 10.29 10.17 10.04 9.90 9.76 9.60 9.43 9.26 9.08 8.88 8.68 8.48 8.26 8.04 7.82 7.59 7.35 7.12 6.88 6.65 6.41 6.18 5.95 5.72 5.50 5.29 5.08 4.88 4.68 4.50 4.32 4.15 3.99 3.84 3.70 3.57 3.45 3.33 3.23 3.13 3.04 2.96 2.89 2.82 2.77 2.72 2.67 2.64 2.61 2.58 2.57 2.56 2.55 2.55 2.56 2.57 2.58 2.60 2.63 2.66 2.69 2.73 2.78 2.82 2.87 2.93 2.99 3.05 3.12 3.18 3.25 3.33 3.40 3.48 3.56 3.64 3.71 3.79 3.87 3.95 4.02 4.10 4.17 4.23 4.30 4.36 4.41 4.46 4.51 4.54 4.57 4.60 4.62 4.63 4.63 4.62 4.61 4.59 4.56 4.53 4.48 4.43 4.37 4.30 4.23 4.15 4.06 3.97 3.87 3.77 3.66 3.55 3.44 3.33 3.22 3.10 2.99 2.88 2.77 2.66 2.56 2.46 2.36 2.26 2.17 2.08 1.99 1.91 1.83 1.76 1.69 1.62 1.55 1.49 1.43 1.38 1.32 1.27 1.23 1.18 1.14 1.10 1.06 1.03 0.99 0.96 0.93 0.90 0.88 0.85 0.83 0.81 0.79 0.77
0.72 0.75 0.78 0.82 0.85 0.88 0.92 0.95 0.98 1.01 1.05 1.08 1.11 1.13 1.16 1.19 1.21 1.24 1.26 1.28 1.30 1.32 1.34 1.35 1.37 1.39 1.40 1.42 1.43 1.45 1.46 1.47 1.49 1.50 1.52 1.53 1.54 1.56 1.57 1.58 1.59 1.61 1.62 1.63 1.64 1.65 1.66 1.67 1.68 1.69 1.69 1.70 1.70 1.71 1.71 1.72 1.72 1.73 1.73 1.73 1.74 1.74 1.74 1.75 1.75 1.75 1.76 1.76 1.76 1.77 1.78 1.78 1.79 1.80 1.81 1.82 1.83 1.84 1.85 1.87 1.88 1.90 1.92 1.94 1.96 1.98 2.00 2.02 2.04 2.07 2.09 2.12 2.15 2.17 2.20 2.23 2.26 2.29 2.32 2.35 2.38 2.41 2.44 2.47 2.50 2.53 2.56 2.59 2.62 2.65 2.68 2.70 2.73 2.76 2.79 2.81 2.84 2.86 2.89 2.92 2.94 2.97 3.00 3.02 3.05 3.08 3.11 3.14 3.18 3.22 3.26 3.30 3.35 3.40 3.45 3.51 3.58 3.65 3.73 3.82 3.91 4.01 4.12 4.24 4.37 4.50 4.64 4.80 4.96 5.12 5.30 5.48 5.67 5.86 6.06 6.25 6.45 6.65 6.85 7.04 7.23 7.41 7.58 7.74 7.89 8.03 8.15 8.25 8.34 8.41 8.46 8.49 8.51 8.50 8.47 8.42 8.36 8.28 8.18 8.06 7.94 7.80 7.65 7.49 7.32 7.15 6.98 6.81 6.64 6.47 6.32 6.17 6.03 5.90 5.79 5.69 5.62 5.56 5.52 5.51 5.52 5.55 5.61 5.70 5.81 5.94 6.10 6.28 6.48 6.71 6.95 7.21 7.48 7.77 8.06 8.35 8.65 8.94 9.23 9.51 9.77 10.03 10.26 10.48 10.68 10.85 11.01 11.14 11.25 11.34 11.41 11.46 11.49 11.51 11.51 11.50 11.48 11.44 11.40 11.34 11.28 11.20 11.12 11.03 10.94 10.83 10.72 10.59 10.46 10.32 10.17 10.01 9.83 9.65 9.46 9.26 9.06 8.84 8.62 8.39 8.15 7.91 7.67 7.42 7.17 6.93 6.68 6.43 6.19 5.95 5.72 5.49 5.27 5.06 4.86 4.66 4.47 4.29 4.13 3.97 3.82 3.67 3.54 3.42 3.31 3.20 3.11 3.02 2.95 2.88 2.81 2.76 2.71 2.67 2.64 2.61 2.59 2.58 2.57 2.56 2.57 2.58 2.59 2.61 2.63 2.66 2.70 2.73 2.78 2.82 2.87 2.93 2.98 3.05 3.11 3.18 3.25 3.32 3.39 3.47 3.55 3.62 3.70 3.78 3.86 3.94 4.01 4.08 4.16 4.22 4.29 4.35 4.40 4.46 4.50 4.54 4.57 4.60 4.62 4.63 4.64 4.63 4.62 4.60 4.58 4.54 4.50 4.45 4.39 4.32 4.25 4.17 4.09 3.99 3.90 3.80 3.69 3.58 3.47 3.36 3.25 3.13 3.02 2.91 2.79 2.69 2.58 2.47 2.37 2.28 2.18 2.09 2.00 1.92 1.84 1.76 1.69 1.62 1.55 1.49 1.43 1.37 1.32 1.27 1.22 1.17 1.13 1.09 1.05 1.02 0.98 0.95 0.92 0.90 0.87 0.84 0.82 0.80 0.78 0.76
0.70 0.73 0.76 0.79 0.82 0.86 0.89 0.92 0.95 0.98 1.01 1.04 1.07 1.10 1.12 1.15 1.17 1.20 1.22 1.24 1.26 1.28 1.30 1.32 1.33 1.35 1.37 1.38 1.40 1.41 1.43 1.44 1.46 1.47 1.48 1.50 1.51 1.53 1.54 1.55 1.56 1.58 1.59 1.60 1.61 1.62 1.63 1.64 1.65 1.65 1.66 1.67 1.67 1.68 1.68 1.69 1.69 1.70 1.70 1.70 1.70 1.71 1.71 1.71 1.72 1.72 1.72 1.73 1.73 1.74 1.74 1.75 1.76 1.76 1.77 1.78 1.79 1.80 1.82 1.83 1.84 1.86 1.88 1.90 1.91 1.93 1.96 1.98 2.00 2.02 2.05 2.07 2.10 2.13 2.15 2.18 2.21 2.24 2.27 2.29 2.32 2.35 2.38 2.41 2.44 2.47 2.50 2.53 2.56 2.58 2.61 2.64 2.67 2.69 2.72 2.74 2.77 2.80 2.82 2.85 2.87 2.90 2.93 2.95 2.98 3.01 3.04 3.07 3.10 3.14 3.18 3.22 3.27 3.32 3.37 3.43 3.49 3.56 3.64 3.72 3.81 3.91 4.02 4.13 4.25 4.38 4.52 4.67 4.82 4.99 5.16 5.33 5.51 5.70 5.89 6.08 6.27 6.47 6.66 6.84 7.03 7.20 7.37 7.52 7.67 7.80 7.92 8.02 8.11 8.18 8.23 8.26 8.27 8.27 8.24 8.20 8.14 8.06 7.96 7.85 7.73 7.60 7.45 7.30 7.15 6.98 6.82 6.66 6.50 6.34 6.19 6.05 5.92 5.81 5.71 5.62 5.56 5.51 5.49 5.49 5.51 5.56 5.63 5.73 5.86 6.01 6.19 6.39 6.62 6.86 7.13 7.41 7.70 8.01 8.32 8.64 8.96 9.28 9.58 9.88 10.17 10.43 10.68 10.91 11.12 11.30 11.46 11.60 11.72 11.81 11.88 11.93 11.96 11.97 11.97 11.96 11.93 11.89 11.84 11.78 11.71 11.64 11.55 11.46 11.36 11.25 11.13 11.01 10.87 10.73 10.57 10.41 10.23 10.04 9.85 9.64 9.43 9.20 8.97 8.73 8.49 8.24 7.98 7.72 7.47 7.21 6.95 6.69 6.44 6.19 5.94 5.70 5.47 5.25 5.03 4.82 4.63 4.44 4.26 4.09 3.93 3.78 3.64 3.51 3.39 3.28 3.18 3.09 3.00 2.93 2.86 2.80 2.75 2.70 2.67 2.64 2.61 2.60 2.58 2.58 2.58 2.59 2.60 2.62 2.64 2.67 2.70 2.73 2.78 2.82 2.87 2.92 2.98 3.04 3.10 3.17 3.24 3.31 3.38 3.46 3.54 3.61 3.69 3.77 3.85 3.92 4.00 4.07 4.15 4.21 4.28 4.34 4.40 4.45 4.50 4.54 4.57 4.60 4.62 4.64 4.64 4.64 4.63 4.61 4.59 4.56 4.51 4.46 4.41 4.34 4.27 4.19 4.11 4.02 3.92 3.82 3.71 3.61 3.49 3.38 3.27 3.15 3.04 2.93 2.81 2.70 2.59 2.49 2.39 2.29 2.19 2.10 2.01 1.92 1.84 1.76 1.68 1.61 1.54 1.48 1.42 1.36 1.31 1.26 1.21 1.16 1.12 1.08 1.04 1.01 0.98 0.94 0.91 0.89 0.86 0.84 0.81 0.79 0.77 0.75
0.68 0.71 0.74 0.77 0.80 0.83 0.86 0.89 0.92 0.95 0.98 1.01 1.03 1.06 1.09 1.11 1.14 1.16 1.18 1.20 1.22 1.24 1.26 1.28 1.30 1.31 1.33 1.35 1.36 1.38 1.39 1.41 1.42 1.44 1.45 1.47 1.48 1.49 1.51 1.52 1.53 1.55 1.56 1.57 1.58 1.59 1.60 1.61 1.62 1.62 1.63 1.64 1.64 1.65 1.65 1.66 1.66 1.66 1.67 1.67 1.67 1.68 1.68 1.68 1.68 1.69 1.69 1.69 1.70 1.70 1.71 1.71 1.72 1.73 1.74 1.75 1.76 1.77 1.78 1.79 1.81 1.82 1.84 1.86 1.87 1.89 1.91 1.93 1.96 1.98 2.00 2.03 2.05 2.08 2.10 2.13 2.16 2.18 2.21 2.24 2.27 2.30 2.33 2.35 2.38 2.41 2.44 2.47 2.49 2.52 2.55 2.57 2.60 2.63 2.65 2.68 2.70 2.73 2.75 2.78 2.81 2.83 2.86 2.88 2.91 2.94 2.97 3.00 3.03 3.07 3.10 3.15 3.19 3.24 3.29 3.34 3.41 3.47 3.55 3.63 3.71 3.81 3.91 4.02 4.14 4.26 4.40 4.54 4.69 4.85 5.01 5.18 5.35 5.53 5.72 5.90 6.09 6.27 6.46 6.64 6.81 6.98 7.14 7.29 7.44 7.56 7.68 7.78 7.86 7.93 7.98 8.01 8.02 8.02 8.00 7.96 7.90 7.82 7.73 7.63 7.52 7.39 7.25 7.11 6.96 6.81 6.65 6.50 6.35 6.20 6.06 5.93 5.81 5.71 5.62 5.55 5.49 5.46 5.45 5.46 5.50 5.56 5.65 5.77 5.91 6.08 6.28 6.50 6.74 7.01 7.30 7.61 7.92 8.25 8.59 8.93 9.27 9.61 9.94 10.25 10.56 10.84 11.10 11.34 11.56 11.75 11.92 12.06 12.18 12.27 12.34 12.39 12.42 12.43 12.42 12.40 12.37 12.33 12.27 12.21 12.14 12.06 11.97 11.88 11.78 11.66 11.54 11.42 11.28 11.13 10.97 10.80 10.62 10.43 10.23 10.02 9.79 9.56 9.32 9.07 8.82 8.56 8.29 8.03 7.76 7.49 7.21 6.95 6.68 6.42 6.16 5.91 5.67 5.43 5.21 4.99 4.78 4.58 4.39 4.21 4.04 3.88 3.74 3.60 3.47 3.35 3.25 3.15 3.06 2.98 2.90 2.84 2.78 2.74 2.69 2.66 2.63 2.61 2.60 2.59 2.59 2.60 2.61 2.62 2.64 2.67 2.70 2.73 2.77 2.82 2.87 2.92 2.97 3.03 3.10 3.16 3.23 3.30 3.37 3.45 3.53 3.60 3.68 3.76 3.84 3.91 3.99 4.06 4.13 4.20 4.27 4.33 4.39 4.44 4.49 4.53 4.57 4.60 4.62 4.64 4.65 4.65 4.64 4.62 4.60 4.57 4.53 4.48 4.42 4.36 4.29 4.21 4.12 4.03 3.94 3.84 3.73 3.62 3.51 3.40 3.28 3.17 3.05 2.94 2.83 2.71 2.60 2.50 2.39 2.29 2.19 2.10 2.01 1.92 1.84 1.76 1.68 1.61 1.54 1.47 1.41 1.36 1.30 1.25 1.20 1.16 1.11 1.07 1.03 1.00 0.97 0.94 0.91 0.88 0.85 0.83 0.80 0.78 0.76 0.74
0.66 0.69 0.72 0.74 0.77 0.80 0.83 0.86 0.89 0.92 0.94 0.97 1.00 1.02 1.05 1.07 1.10 1.12 1.14 1.16 1.18 1.20 1.22 1.24 1.26 1.28 1.29 1.31 1.33 1.34 1.36 1.37 1.39 1.41 1.42 1.43 1.45 1.46 1.48 1.49 1.50 1.52 1.53 1.54 1.55 1.56 1.57 1.58 1.59 1.59 1.60 1.61 1.61 1.62 1.62 1.63 1.63 1.63 1.64 1.64 1.64 1.64 1.65 1.65 1.65 1.65 1.66 1.66 1.67 1.67 1.67 1.68 1.69 1.69 1.70 1.71 1.72 1.73 1.74 1.76 1.77 1.78 1.80 1.82 1.83 1.85 1.87 1.89 1.91 1.93 1.96 1.98 2.00 2.03 2.05 2.08 2.11 2.13 2.16 2.19 2.21 2.24 2.27 2.30 2.32 2.35 2.38 2.40 2.43 2.46 2.48 2.51 2.54 2.56 2.59 2.61 2.64 2.66 2.69 2.71 2.74 2.76 2.79 2.81 2.84 2.87 2.90 2.93 2.96 2.99 3.03 3.07 3.11 3.16 3.21 3.26 3.32 3.39 3.46 3.53 3.62 3.71 3.80 3.91 4.02 4.14 4.27 4.41 4.55 4.70 4.86 5.02 5.19 5.36 5.54 5.71 5.89 6.07 6.25 6.42 6.59 6.75 6.91 7.06 7.19 7.32 7.43 7.52 7.61 7.67 7.72 7.75 7.77 7.76 7.74 7.70 7.65 7.58 7.50 7.40 7.29 7.17 7.04 6.91 6.77 6.62 6.48 6.33 6.19 6.06 5.93 5.81 5.70 5.60 5.52 5.46 5.42 5.40 5.40 5.43 5.48 5.56 5.66 5.79 5.95 6.14 6.36 6.60 6.87 7.16 7.47 7.80 8.14 8.50 8.86 9.22 9.58 9.94 10.29 10.63 10.95 11.24 11.52 11.77 12.00 12.20 12.37 12.51 12.63 12.72 12.79 12.84 12.86 12.87 12.86 12.84 12.80 12.75 12.70 12.63 12.55 12.47 12.38 12.28 12.18 12.06 11.94 11.81 11.67 11.52 11.36 11.18 11.00 10.81 10.60 10.38 10.15 9.91 9.67 9.41 9.15 8.88 8.60 8.32 8.04 7.76 7.48 7.20 6.92 6.65 6.38 6.12 5.86 5.62 5.38 5.15 4.93 4.72 4.52 4.33 4.16 3.99 3.83 3.69 3.55 3.43 3.31 3.21 3.11 3.03 2.95 2.88 2.82 2.77 2.72 2.69 2.66 2.63 2.62 2.61 2.60 2.60 2.61 2.63 2.65 2.67 2.70 2.73 2.77 2.82 2.86 2.91 2.97 3.03 3.09 3.15 3.22 3.29 3.36 3.44 3.51 3.59 3.67 3.75 3.82 3.90 3.98 4.05 4.12 4.19 4.26 4.32 4.38 4.44 4.48 4.53 4.57 4.60 4.62 4.64 4.65 4.65 4.64 4.63 4.60 4.57 4.53 4.48 4.43 4.37 4.30 4.22 4.13 4.04 3.95 3.85 3.74 3.63 3.52 3.41 3.30 3.18 3.06 2.95 2.83 2.72 2.61 2.50 2.40 2.29 2.19 2.10 2.01 1.92 1.83 1.75 1.68 1.60 1.53 1.47 1.41 1.35 1.29 1.24 1.19 1.15 1.10 1.06 1.03 0.99 0.96 0.93 0.90 0.87 0.84 0.82 0.80 0.78 0.76 0.74
0.64 0.67 0.69 0.72 0.75 0.78 0.80 0.83 0.86 0.89 0.91 0.94 0.97 0.99 1.02 1.04 1.06 1.09 1.11 1.13 1.15 1.17 1.19 1.21 1.22 1.24 1.26 1.28 1.29 1.31 1.33 1.34 1.36 1.37 1.39 1.40 1.42 1.43 1.45 1.46 1.47 1.48 1.50 1.51 1.52 1.53 1.54 1.55 1.55 1.56 1.57 1.58 1.58 1.59 1.59 1.59 1.60 1.60 1.60 1.61 1.61 1.61 1.61 1.62 1.62 1.62 1.63 1.63 1.63 1.64 1.64 1.65 1.65 1.66 1.67 1.68 1.68 1.69 1.71 1.72 1.73 1.74 1.76 1.78 1.79 1.81 1.83 1.85 1.87 1.89 1.91 1.93 1.96 1.98 2.00 2.03 2.05 2.08 2.11 2.13 2.16 2.19 2.21 2.24 2.26 2.29 2.32 2.34 2.37 2.40 2.42 2.45 2.47 2.50 2.52 2.55 2.57 2.60 2.62 2.65 2.67 2.70 2.72 2.75 2.77 2.80 2.83 2.86 2.89 2.92 2.96 3.00 3.04 3.08 3.13 3.18 3.24 3.30 3.37 3.44 3.52 3.61 3.70 3.80 3.91 4.02 4.14 4.27 4.41 4.55 4.70 4.86 5.02 5.19 5.35 5.52 5.70 5.87 6.04 6.20 6.36 6.52 6.67 6.81 6.94 7.06 7.17 7.26 7.34 7.40 7.45 7.48 7.50 7.50 7.48 7.44 7.39 7.33 7.25 7.16 7.06 6.94 6.82 6.70 6.56 6.43 6.29 6.16 6.03 5.90 5.78 5.67 5.58 5.49 5.42 5.37 5.34 5.34 5.35 5.39 5.45 5.55 5.67 5.82 5.99 6.20 6.44 6.70 6.99 7.30 7.64 7.99 8.36 8.73 9.12 9.51 9.89 10.27 10.64 10.99 11.33 11.64 11.93 12.19 12.43 12.63 12.81 12.96 13.08 13.17 13.23 13.28 13.30 13.30 13.29 13.26 13.22 13.16 13.10 13.03 12.95 12.87 12.77 12.67 12.56 12.45 12.33 12.19 12.05 11.90 11.73 11.56 11.37 11.17 10.96 10.74 10.50 10.26 10.00 9.74 9.47 9.19 8.90 8.62 8.32 8.03 7.74 7.45 7.16 6.88 6.60 6.32 6.06 5.80 5.55 5.31 5.08 4.86 4.65 4.45 4.27 4.09 3.93 3.78 3.63 3.50 3.38 3.27 3.17 3.08 2.99 2.92 2.86 2.80 2.75 2.71 2.68 2.65 2.63 2.62 2.61 2.61 2.62 2.63 2.65 2.67 2.70 2.73 2.77 2.81 2.86 2.91 2.96 3.02 3.08 3.15 3.21 3.28 3.35 3.43 3.50 3.58 3.66 3.73 3.81 3.89 3.96 4.04 4.11 4.18 4.25 4.31 4.37 4.43 4.48 4.52 4.56 4.59 4.62 4.63 4.64 4.65 4.64 4.63 4.60 4.57 4.54 4.49 4.43 4.37 4.30 4.22 4.14 4.05 3.95 3.85 3.75 3.64 3.53 3.42 3.30 3.19 3.07 2.95 2.84 2.72 2.61 2.50 2.40 2.29 2.19 2.10 2.00 1.91 1.83 1.75 1.67 1.60 1.53 1.46 1.40 1.34 1.28 1.23 1.18 1.14 1.09 1.05 1.02 0.98 0.95 0.92 0.89 0.86 0.84 0.81 0.79 0.77 0.75 0.73
0.63 0.65 0.67 0.70 0.73 0.75 0.78 0.80 0.83 0.86 0.88 0.91 0.93 0.96 0.98 1.01 1.03 1.05 1.07 1.09 1.11 1.13 1.15 1.17 1.19 1.21 1.23 1.24 1.26 1.28 1.29 1.31 1.33 1.34 1.36 1.37 1.39 1.40 1.41 1.43 1.44 1.45 1.47 1.48 1.49 1.50 1.51 1.52 1.52 1.53 1.54 1.54 1.55 1.55 1.56 1.56 1.57 1.57 1.57 1.58 1.58 1.58 1.58 1.58 1.59 1.59 1.59 1.60 1.60 1.60 1.61 1.61 1.62 1.63 1.63 1.64 1.65 1.66 1.67 1.68 1.69 1.71 1.72 1.74 1.75 1.77 1.79 1.81 1.82 1.84 1.87 1.89 1.91 1.93 1.96 1.98 2.00 2.03 2.05 2.08 2.10 2.13 2.16 2.18 2.21 2.23 2.26 2.28 2.31 2.34 2.36 2.39 2.41 2.44 2.46 2.49 2.51 2.53 2.56 2.58 2.61 2.63 2.66 2.68 2.71 2.74 2.76 2.79 2.82 2.85 2.89 2.92 2.96 3.01 3.05 3.10 3.16 3.21 3.28 3.35 3.42 3.51 3.59 3.69 3.79 3.90 4.02 4.14 4.27 4.41 4.55 4.70 4.85 5.01 5.17 5.33 5.49 5.66 5.82 5.98 6.13 6.28 6.43 6.56 6.69 6.80 6.90 6.99 7.07 7.13 7.18 7.21 7.22 7.22 7.21 7.18 7.13 7.07 7.00 6.91 6.82 6.71 6.60 6.48 6.36 6.23 6.11 5.98 5.86 5.74 5.64 5.54 5.45 5.38 5.32 5.28 5.26 5.27 5.29 5.35 5.42 5.53 5.67 5.83 6.03 6.26 6.51 6.79 7.10 7.44 7.80 8.17 8.56 8.96 9.37 9.78 10.19 10.59 10.98 11.35 11.70 12.03 12.33 12.60 12.85 13.06 13.24 13.38 13.50 13.59 13.66 13.70 13.71 13.71 13.69 13.66 13.61 13.55 13.48 13.41 13.33 13.24 13.14 13.04 12.93 12.82 12.69 12.56 12.41 12.26 12.09 11.91 11.72 11.52 11.30 11.08 10.84 10.59 10.33 10.06 9.78 9.49 9.20 8.90 8.60 8.30 7.99 7.69 7.39 7.10 6.81 6.52 6.25 5.98 5.72 5.47 5.23 5.00 4.78 4.57 4.38 4.19 4.02 3.86 3.71 3.57 3.45 3.33 3.22 3.12 3.04 2.96 2.89 2.83 2.78 2.73 2.70 2.67 2.64 2.63 2.62 2.62 2.62 2.63 2.65 2.67 2.70 2.73 2.76 2.81 2.85 2.90 2.95 3.01 3.07 3.13 3.20 3.27 3.34 3.41 3.49 3.56 3.64 3.72 3.80 3.87 3.95 4.02 4.10 4.17 4.23 4.30 4.36 4.41 4.46 4.51 4.55 4.58 4.61 4.63 4.64 4.64 4.64 4.62 4.60 4.57 4.53 4.49 4.43 4.37 4.30 4.22 4.14 4.05 3.96 3.86 3.75 3.64 3.53 3.42 3.30 3.19 3.07 2.95 2.84 2.72 2.61 2.50 2.39 2.29 2.19 2.09 2.00 1.91 1.82 1.74 1.66 1.59 1.52 1.45 1.39 1.33 1.27 1.22 1.17 1.13 1.09 1.05 1.01 0.97 0.94 0.91 0.88 0.85 0.83 0.81 0.78 0.76 0.74 0.72
0.61 0.63 0.66 0.68 0.70 0.73 0.75 0.78 0.80 0.83 0.85 0.88 0.90 0.93 0.95 0.97 1.00 1.02 1.04 1.06 1.08 1.10 1.12 1.14 1.16 1.18 1.19 1.21 1.23 1.24 1.26 1.28 1.29 1.31 1.33 1.34 1.36 1.37 1.38 1.40 1.41 1.42 1.43 1.45 1.46 1.47 1.48 1.48 1.49 1.50 1.51 1.51 1.52 1.52 1.53 1.53 1.54 1.54 1.54 1.54 1.55 1.55 1.55 1.55 1.56 1.56 1.56 1.56 1.57 1.57 1.57 1.58 1.59 1.59 1.60 1.61 1.61 1.62 1.63 1.64 1.66 1.67 1.68 1.70 1.71 1.73 1.75 1.76 1.78 1.80 1.82 1.84 1.86 1.89 1.91 1.93 1.95 1.98 2.00 2.03 2.05 2.08 2.10 2.13 2.15 2.18 2.20 2.23 2.25 2.28 2.30 2.33 2.35 2.38 2.40 2.42 2.45 2.47 2.50 2.52 2.55 2.57 2.59 2.62 2.65 2.67 2.70 2.73 2.76 2.79 2.82 2.85 2.89 2.93 2.98 3.02 3.07 3.13 3.19 3.26 3.33 3.41 3.49 3.58 3.68 3.78 3.89 4.01 4.13 4.26 4.39 4.54 4.68 4.83 4.98 5.14 5.29 5.45 5.60 5.75 5.90 6.04 6.18 6.31 6.43 6.53 6.63 6.72 6.79 6.85 6.90 6.93 6.94 6.95 6.93 6.90 6.86 6.81 6.74 6.66 6.57 6.48 6.37 6.26 6.15 6.03 5.91 5.80 5.69 5.58 5.48 5.40 5.32 5.26 5.21 5.19 5.18 5.19 5.23 5.30 5.39 5.51 5.66 5.85 6.06 6.30 6.58 6.88 7.21 7.57 7.95 8.34 8.76 9.18 9.61 10.04 10.47 10.89 11.30 11.69 12.06 12.40 12.71 12.99 13.24 13.46 13.64 13.79 13.91 14.00 14.06 14.09 14.10 14.10 14.07 14.03 13.98 13.92 13.84 13.77 13.68 13.59 13.49 13.39 13.28 13.16 13.03 12.90 12.75 12.60 12.43 12.25 12.06 11.85 11.63 11.40 11.16 10.90 10.64 10.36 10.07 9.78 9.48 9.17 8.86 8.55 8.24 7.93 7.62 7.31 7.01 6.72 6.43 6.15 5.88 5.62 5.37 5.13 4.91 4.69 4.49 4.29 4.11 3.95 3.79 3.64 3.51 3.39 3.27 3.17 3.08 3.00 2.92 2.86 2.80 2.75 2.71 2.68 2.66 2.64 2.63 2.62 2.63 2.63 2.65 2.67 2.69 2.72 2.76 2.80 2.84 2.89 2.94 3.00 3.06 3.12 3.19 3.26 3.33 3.40 3.47 3.55 3.63 3.70 3.78 3.86 3.93 4.01 4.08 4.15 4.22 4.28 4.34 4.40 4.45 4.49 4.53 4.57 4.59 4.61 4.62 4.63 4.62 4.61 4.59 4.56 4.53 4.48 4.43 4.36 4.30 4.22 4.14 4.05 3.95 3.85 3.75 3.64 3.53 3.42 3.30 3.18 3.07 2.95 2.83 2.72 2.61 2.50 2.39 2.28 2.18 2.08 1.99 1.90 1.81 1.73 1.65 1.58 1.51 1.44 1.38 1.32 1.27 1.21 1.17 1.12 1.08 1.04 1.00 0.97 0.93 0.90 0.87 0.85 0.82 0.80 0.78 0.75 0.73 0.72
0.59 0.61 0.64 0.66 0.68 0.71 0.73 0.76 0.78 0.80 0.83 0.85 0.87 0.90 0.92 0.94 0.96 0.99 1.01 1.03 1.05 1.07 1.09 1.11 1.12 1.14 1.16 1.18 1.20 1.21 1.23 1.25 1.26 1.28 1.29 1.31 1.32 1.34 1.35 1.37 1.38 1.39 1.40 1.41 1.43 1.44 1.44 1.45 1.46 1.47 1.48 1.48 1.49 1.49 1.50 1.50 1.50 1.51 1.51 1.51 1.51 1.52 1.52 1.52 1.52 1.53 1.53 1.53 1.53 1.54 1.54 1.55 1.55 1.56 1.56 1.57 1.58 1.59 1.60 1.61 1.62 1.63 1.64 1.66 1.67 1.69 1.70 1.72 1.74 1.76 1.78 1.80 1.82 1.84 1.86 1.88 1.90 1.93 1.95 1.97 2.00 2.02 2.05 2.07 2.09 2.12 2.14 2.17 2.19 2.22 2.24 2.27 2.29 2.32 2.34 2.36 2.39 2.41 2.44 2.46 2.48 2.51 2.53 2.56 2.58 2.61 2.64 2.66 2.69 2.72 2.75 2.79 2.82 2.86 2.90 2.95 3.00 3.05 3.11 3.17 3.23 3.31 3.39 3.47 3.56 3.66 3.76 3.87 3.99 4.11 4.24 4.37 4.51 4.65 4.79 4.94 5.09 5.23 5.38 5.52 5.66 5.80 5.93 6.05 6.16 6.27 6.36 6.44 6.51 6.57 6.61 6.65 6.66 6.66 6.65 6.63 6.59 6.54 6.48 6.41 6.32 6.24 6.14 6.04 5.93 5.83 5.72 5.61 5.51 5.42 5.33 5.25 5.19 5.14 5.10 5.08 5.09 5.12 5.17 5.25 5.35 5.49 5.65 5.85 6.08 6.34 6.64 6.96 7.31 7.69 8.08 8.50 8.94 9.39 9.84 10.29 10.74 11.18 11.61 12.01 12.39 12.75 13.07 13.36 13.62 13.84 14.02 14.17 14.29 14.37 14.43 14.46 14.47 14.45 14.42 14.38 14.32 14.25 14.18 14.09 14.01 13.91 13.81 13.71 13.60 13.48 13.35 13.22 13.07 12.92 12.75 12.57 12.37 12.17 11.95 11.71 11.47 11.21 10.93 10.65 10.36 10.06 9.75 9.44 9.12 8.80 8.47 8.15 7.83 7.52 7.21 6.90 6.61 6.32 6.04 5.77 5.51 5.26 5.03 4.80 4.59 4.39 4.20 4.03 3.86 3.71 3.57 3.44 3.32 3.22 3.12 3.03 2.95 2.88 2.82 2.77 2.73 2.69 2.67 2.65 2.63 2.63 2.63 2.63 2.65 2.66 2.69 2.72 2.75 2.79 2.83 2.88 2.93 2.99 3.05 3.11 3.17 3.24 3.31 3.38 3.46 3.53 3.61 3.68 3.76 3.84 3.91 3.99 4.06 4.13 4.20 4.26 4.32 4.38 4.43 4.47 4.51 4.55 4.58 4.60 4.61 4.61 4.61 4.60 4.58 4.55 4.51 4.47 4.41 4.35 4.28 4.21 4.13 4.04 3.94 3.84 3.74 3.63 3.52 3.41 3.29 3.18 3.06 2.94 2.83 2.71 2.60 2.49 2.38 2.27 2.17 2.07 1.98 1.89 1.80 1.72 1.64 1.57 1.50 1.43 1.37 1.31 1.26 1.20 1.16 1.11 1.07 1.03 0.99 0.96 0.92 0.89 0.87 0.84 0.81 0.79 0.77 0.75 0.73 0.71
0.58 0.60 0.62 0.64 0.66 0.69 0.71 0.73 0.76 0.78 0.80 0.82 0.85 0.87 0.89 0.91 0.93 0.96 0.98 1.00 1.02 1.04 1.06 1.07 1.09 1.11 1.13 1.15 1.16 1.18 1.20 1.21 1.23 1.25 1.26 1.28 1.29 1.31 1.32 1.33 1.35 1.36 1.37 1.38 1.39 1.40 1.41 1.42 1.43 1.44 1.44 1.45 1.46 1.46 1.47 1.47 1.47 1.48 1.48 1.48 1.48 1.49 1.49 1.49 1.49 1.49 1.50 1.50 1.50 1.51 1.51 1.51 1.52 1.52 1.53 1.54 1.54 1.55 1.56 1.57 1.58 1.59 1.61 1.62 1.63 1.65 1.66 1.68 1.70 1.71 1.73 1.75 1.77 1.79 1.81 1.83 1.86 1.88 1.90 1.92 1.94 1.97 1.99 2.02 2.04 2.06 2.09 2.11 2.14 2.16 2.18 2.21 2.23 2.26 2.28 2.30 2.33 2.35 2.38 2.40 2.43 2.45 2.48 2.50 2.53 2.55 2.58 2.60 2.63 2.66 2.69 2.72 2.76 2.79 2.83 2.87 2.92 2.97 3.02 3.08 3.14 3.21 3.29 3.36 3.45 3.54 3.64 3.74 3.85 3.97 4.09 4.21 4.34 4.47 4.61 4.74 4.88 5.02 5.16 5.29 5.43 5.55 5.68 5.79 5.90 6.00 6.09 6.17 6.23 6.29 6.33 6.36 6.38 6.38 6.37 6.35 6.32 6.27 6.22 6.15 6.08 5.99 5.91 5.81 5.72 5.62 5.52 5.43 5.34 5.25 5.17 5.11 5.05 5.01 4.99 4.98 5.00 5.04 5.10 5.19 5.31 5.46 5.64 5.85 6.10 6.37 6.68 7.02 7.39 7.79 8.21 8.65 9.11 9.57 10.05 10.52 10.99 11.45 11.89 12.31 12.70 13.07 13.40 13.70 13.96 14.19 14.37 14.52 14.64 14.72 14.77 14.80 14.80 14.78 14.74 14.69 14.63 14.56 14.48 14.39 14.30 14.20 14.10 14.00 13.89 13.77 13.64 13.51 13.36 13.21 13.04 12.86 12.67 12.46 12.24 12.00 11.75 11.49 11.21 10.93 10.63 10.32 10.01 9.68 9.36 9.03 8.70 8.37 8.04 7.72 7.40 7.08 6.78 6.48 6.19 5.91 5.64 5.39 5.14 4.91 4.69 4.48 4.29 4.10 3.93 3.77 3.63 3.49 3.37 3.26 3.15 3.06 2.98 2.91 2.84 2.79 2.74 2.70 2.67 2.65 2.64 2.63 2.63 2.63 2.64 2.66 2.68 2.71 2.74 2.78 2.82 2.87 2.92 2.97 3.03 3.09 3.15 3.22 3.29 3.36 3.44 3.51 3.59 3.66 3.74 3.81 3.89 3.96 4.03 4.10 4.17 4.24 4.30 4.35 4.40 4.45 4.49 4.53 4.55 4.57 4.59 4.59 4.59 4.58 4.56 4.53 4.49 4.45 4.40 4.34 4.27 4.19 4.11 4.02 3.93 3.83 3.73 3.62 3.51 3.39 3.28 3.16 3.05 2.93 2.81 2.70 2.59 2.48 2.37 2.26 2.16 2.06 1.97 1.88 1.79 1.71 1.63 1.56 1.49 1.42 1.36 1.30 1.25 1.19 1.15 1.10 1.06 1.02 0.98 0.95 0.92 0.89 0.86 0.83 0.81 0.78 0.76 0.74 0.72 0.70
0.56 0.58 0.60 0.62 0.65 0.67 0.69 0.71 0.73 0.76 0.78 0.80 0.82 0.84 0.86 0.89 0.91 0.93 0.95 0.97 0.99 1.01 1.03 1.04 1.06 1.08 1.10 1.12 1.13 1.15 1.17 1.18 1.20 1.22 1.23 1.25 1.26 1.28 1.29 1.30 1.32 1.33 1.34 1.35 1.36 1.37 1.38 1.39 1.40 1.41 1.41 1.42 1.43 1.43 1.43 1.44 1.44 1.44 1.45 1.45 1.45 1.45 1.46 1.46 1.46 1.46 1.46 1.47 1.47 1.47 1.48 1.48 1.49 1.49 1.50 1.50 1.51 1.52 1.53 1.54 1.55 1.56 1.57 1.58 1.59 1.61 1.62 1.64 1.66 1.67 1.69 1.71 1.73 1.75 1.77 1.79 1.81 1.83 1.85 1.87 1.89 1.92 1.94 1.96 1.98 2.01 2.03 2.05 2.08 2.10 2.13 2.15 2.17 2.20 2.22 2.25 2.27 2.30 2.32 2.35 2.37 2.39 2.42 2.44 2.47 2.49 2.52 2.55 2.57 2.60 2.63 2.66 2.69 2.73 2.76 2.80 2.85 2.89 2.94 3.00 3.05 3.12 3.19 3.26 3.34 3.42 3.52 3.61 3.71 3.82 3.93 4.05 4.17 4.30 4.42 4.55 4.68 4.81 4.94 5.07 5.19 5.31 5.43 5.54 5.64 5.73 5.82 5.89 5.95 6.01 6.05 6.08 6.09 6.10 6.09 6.07 6.05 6.00 5.95 5.90 5.83 5.75 5.67 5.59 5.50 5.41 5.33 5.24 5.16 5.08 5.02 4.96 4.91 4.88 4.87 4.88 4.90 4.95 5.03 5.13 5.26 5.42 5.61 5.84 6.10 6.39 6.72 7.08 7.46 7.88 8.32 8.78 9.25 9.74 10.23 10.72 11.21 11.68 12.14 12.57 12.98 13.36 13.70 14.01 14.27 14.50 14.68 14.83 14.95 15.03 15.07 15.09 15.09 15.07 15.02 14.97 14.90 14.83 14.74 14.65 14.56 14.46 14.36 14.26 14.15 14.03 13.91 13.77 13.63 13.48 13.31 13.13 12.94 12.73 12.51 12.27 12.02 11.75 11.47 11.18 10.88 10.57 10.25 9.92 9.59 9.25 8.91 8.57 8.24 7.90 7.58 7.25 6.94 6.63 6.33 6.05 5.77 5.50 5.25 5.01 4.78 4.57 4.37 4.18 4.00 3.83 3.68 3.54 3.41 3.29 3.19 3.09 3.00 2.93 2.86 2.80 2.75 2.71 2.68 2.65 2.64 2.62 2.62 2.62 2.63 2.65 2.67 2.69 2.73 2.76 2.80 2.85 2.90 2.95 3.01 3.07 3.13 3.20 3.27 3.34 3.41 3.49 3.56 3.64 3.71 3.79 3.86 3.93 4.01 4.08 4.14 4.21 4.27 4.32 4.38 4.42 4.46 4.50 4.52 4.54 4.56 4.56 4.56 4.55 4.53 4.50 4.47 4.42 4.37 4.31 4.25 4.17 4.09 4.00 3.91 3.81 3.71 3.60 3.49 3.38 3.26 3.15 3.03 2.91 2.80 2.68 2.57 2.46 2.35 2.25 2.15 2.05 1.96 1.87 1.78 1.70 1.62 1.55 1.48 1.41 1.35 1.29 1.24 1.18 1.14 1.09 1.05 1.01 0.97 0.94 0.91 0.88 0.85 0.82 0.80 0.78 0.75 0.73 0.71 0.70
0.55 0.57 0.59 0.61 0.63 0.65 0.67 0.69 0.71 0.73 0.75 0.78 0.80 0.82 0.84 0.86 0.88 0.90 0.92 0.94 0.96 0.98 1.00 1.02 1.03 1.05 1.07 1.09 1.10 1.12 1.14 1.15 1.17 1.18 1.20 1.22 1.23 1.24 1.26 1.27 1.29 1.30 1.31 1.32 1.33 1.34 1.35 1.36 1.37 1.38 1.38 1.39 1.39 1.40 1.40 1.41 1.41 1.41 1.42 1.42 1.42 1.42 1.43 1.43 1.43 1.43 1.43 1.44 1.44 1.44 1.44 1.45 1.45 1.46 1.46 1.47 1.48 1.48 1.49 1.50 1.51 1.52 1.53 1.54 1.56 1.57 1.58 1.60 1.61 1.63 1.65 1.66 1.68 1.70 1.72 1.74 1.76 1.78 1.80 1.82 1.84 1.86 1.89 1.91 1.93 1.95 1.98 2.00 2.02 2.05 2.07 2.09 2.12 2.14 2.17 2.19 2.22 2.24 2.27 2.29 2.31 2.34 2.36 2.39 2.41 2.44 2.46 2.49 2.52 2.54 2.57 2.60 2.63 2.66 2.70 2.74 2.77 2.82 2.86 2.91 2.97 3.03 3.09 3.16 3.23 3.31 3.40 3.48 3.58 3.68 3.78 3.89 4.00 4.12 4.24 4.36 4.48 4.60 4.72 4.84 4.96 5.07 5.18 5.28 5.38 5.46 5.54 5.61 5.68 5.73 5.77 5.79 5.81 5.82 5.81 5.80 5.77 5.74 5.69 5.64 5.58 5.51 5.44 5.37 5.29 5.21 5.13 5.05 4.98 4.92 4.86 4.81 4.78 4.76 4.75 4.77 4.80 4.86 4.95 5.06 5.20 5.38 5.58 5.82 6.10 6.40 6.74 7.12 7.52 7.95 8.41 8.88 9.38 9.88 10.39 10.90 11.40 11.89 12.36 12.81 13.22 13.61 13.96 14.27 14.54 14.77 14.96 15.10 15.21 15.29 15.33 15.35 15.34 15.31 15.27 15.21 15.13 15.06 14.97 14.88 14.79 14.69 14.59 14.48 14.37 14.26 14.14 14.01 13.87 13.71 13.55 13.37 13.18 12.97 12.75 12.51 12.26 11.99 11.71 11.42 11.11 10.79 10.47 10.14 9.80 9.45 9.11 8.76 8.42 8.08 7.74 7.41 7.09 6.77 6.47 6.17 5.89 5.62 5.35 5.11 4.87 4.65 4.44 4.24 4.06 3.89 3.73 3.59 3.45 3.33 3.22 3.12 3.03 2.95 2.87 2.81 2.76 2.72 2.68 2.65 2.63 2.62 2.61 2.61 2.62 2.63 2.65 2.68 2.71 2.74 2.78 2.83 2.88 2.93 2.99 3.05 3.11 3.18 3.24 3.31 3.39 3.46 3.53 3.61 3.68 3.76 3.83 3.90 3.98 4.04 4.11 4.17 4.23 4.29 4.34 4.39 4.43 4.46 4.49 4.51 4.52 4.53 4.53 4.52 4.50 4.47 4.44 4.39 4.34 4.28 4.22 4.14 4.06 3.97 3.88 3.78 3.68 3.58 3.47 3.35 3.24 3.12 3.01 2.89 2.78 2.67 2.55 2.44 2.34 2.23 2.13 2.03 1.94 1.85 1.77 1.68 1.61 1.53 1.46 1.40 1.34 1.28 1.22 1.17 1.13 1.08 1.04 1.00 0.97 0.93 0.90 0.87 0.84 0.82 0.79 0.77 0.75 0.73 0.71 0.69
0.54 0.56 0.57 0.59 0.61 0.63 0.65 0.67 0.69 0.71 0.73 0.75 0.77 0.79 0.81 0.83 0.85 0.87 0.89 0.91 0.93 0.95 0.97 0.99 1.00 1.02 1.04 1.06 1.07 1.09 1.11 1.12 1.14 1.15 1.17 1.18 1.20 1.21 1.23 1.24 1.25 1.27 1.28 1.29 1.30 1.31 1.32 1.33 1.34 1.35 1.35 1.36 1.36 1.37 1.37 1.38 1.38 1.38 1.39 1.39 1.39 1.39 1.39 1.40 1.40 1.40 1.40 1.40 1.41 1.41 1.41 1.42 1.42 1.43 1.43 1.44 1.44 1.45 1.46 1.47 1.48 1.48 1.50 1.51 1.52 1.53 1.54 1.56 1.57 1.59 1.60 1.62 1.64 1.66 1.67 1.69 1.71 1.73 1.75 1.77 1.79 1.81 1.83 1.86 1.88 1.90 1.92 1.95 1.97 1.99 2.02 2.04 2.06 2.09 2.11 2.14 2.16 2.19 2.21 2.24 2.26 2.29 2.31 2.34 2.36 2.39 2.41 2.44 2.46 2.49 2.52 2.54 2.57 2.60 2.64 2.67 2.71 2.75 2.79 2.84 2.88 2.94 3.00 3.06 3.13 3.20 3.28 3.36 3.45 3.54 3.64 3.74 3.84 3.95 4.06 4.17 4.28 4.40 4.51 4.62 4.73 4.83 4.94 5.03 5.12 5.20 5.28 5.34 5.40 5.45 5.49 5.52 5.53 5.54 5.54 5.53 5.51 5.48 5.44 5.39 5.34 5.28 5.21 5.15 5.08 5.01 4.94 4.87 4.81 4.75 4.70 4.67 4.64 4.63 4.63 4.66 4.70 4.77 4.87 4.99 5.14 5.33 5.54 5.79 6.08 6.40 6.75 7.14 7.56 8.00 8.47 8.97 9.47 9.99 10.52 11.04 11.55 12.06 12.54 13.00 13.43 13.82 14.17 14.49 14.76 14.99 15.18 15.33 15.44 15.51 15.55 15.56 15.55 15.51 15.46 15.40 15.33 15.24 15.16 15.07 14.97 14.87 14.77 14.67 14.57 14.45 14.33 14.21 14.07 13.92 13.76 13.58 13.39 13.19 12.97 12.73 12.48 12.21 11.93 11.63 11.32 11.00 10.67 10.33 9.99 9.64 9.29 8.94 8.59 8.24 7.90 7.56 7.23 6.91 6.59 6.29 6.00 5.72 5.45 5.20 4.95 4.72 4.51 4.31 4.12 3.94 3.78 3.63 3.49 3.36 3.24 3.14 3.04 2.96 2.88 2.82 2.76 2.72 2.68 2.65 2.62 2.61 2.60 2.60 2.60 2.62 2.63 2.66 2.69 2.72 2.76 2.80 2.85 2.91 2.96 3.02 3.08 3.15 3.22 3.29 3.36 3.43 3.50 3.58 3.65 3.72 3.80 3.87 3.94 4.01 4.07 4.14 4.20 4.25 4.30 4.35 4.39 4.42 4.45 4.47 4.48 4.49 4.49 4.48 4.46 4.43 4.40 4.36 4.31 4.25 4.18 4.11 4.03 3.94 3.85 3.75 3.65 3.55 3.44 3.33 3.21 3.10 2.98 2.87 2.76 2.64 2.53 2.42 2.32 2.21 2.11 2.02 1.92 1.83 1.75 1.67 1.59 1.52 1.45 1.39 1.32 1.27 1.21 1.16 1.12 1.07 1.03 0.99 0.96 0.92 0.89 0.86 0.83 0.81 0.78 0.76 0.74 0.72 0.70 0.68
0.53 0.54 0.56 0.58 0.60 0.62 0.64 0.65 0.67 0.69 0.71 0.73 0.75 0.77 0.79 0.81 0.83 0.85 0.87 0.89 0.91 0.92 0.94 0.96 0.98 0.99 1.01 1.03 1.04 1.06 1.07 1.09 1.11 1.12 1.14 1.15 1.17 1.18 1.19 1.21 1.22 1.23 1.25 1.26 1.27 1.28 1.29 1.30 1.31 1.31 1.32 1.33 1.33 1.34 1.34 1.35 1.35 1.35 1.36 1.36 1.36 1.36 1.36 1.37 1.37 1.37 1.37 1.37 1.38 1.38 1.38 1.39 1.39 1.39 1.40 1.40 1.41 1.42 1.42 1.43 1.44 1.45 1.46 1.47 1.48 1.49 1.51 1.52 1.53 1.55 1.56 1.58 1.60 1.61 1.63 1.65 1.67 1.68 1.70 1.72 1.74 1.76 1.78 1.81 1.83 1.85 1.87 1.89 1.92 1.94 1.96 1.99 2.01 2.04 2.06 2.09 2.11 2.14 2.16 2.19 2.21 2.24 2.26 2.29 2.31 2.34 2.36 2.39 2.41 2.44 2.46 2.49 2.52 2.55 2.58 2.61 2.64 2.68 2.72 2.76 2.80 2.85 2.91 2.96 3.03 3.09 3.16 3.24 3.32 3.41 3.49 3.59 3.68 3.78 3.88 3.99 4.09 4.20 4.30 4.40 4.50 4.60 4.70 4.78 4.87 4.94 5.01 5.08 5.13 5.17 5.21 5.24 5.26 5.27 5.27 5.26 5.24 5.22 5.18 5.14 5.10 5.04 4.99 4.93 4.87 4.81 4.75 4.69 4.63 4.59 4.55 4.52 4.50 4.50 4.52 4.55 4.60 4.68 4.78 4.92 5.08 5.27 5.50 5.76 6.05 6.38 6.75 7.14 7.57 8.03 8.52 9.02 9.54 10.07 10.61 11.14 11.67 12.19 12.68 13.14 13.58 13.98 14.34 14.66 14.93 15.16 15.35 15.50 15.60 15.67 15.71 15.72 15.70 15.67 15.61 15.55 15.47 15.39 15.30 15.21 15.12 15.02 14.92 14.82 14.72 14.61 14.50 14.37 14.24 14.10 13.94 13.77 13.58 13.38 13.16 12.92 12.67 12.40 12.12 11.82 11.51 11.19 10.86 10.51 10.17 9.81 9.46 9.10 8.74 8.39 8.04 7.70 7.36 7.03 6.71 6.40 6.10 5.81 5.54 5.28 5.03 4.79 4.57 4.36 4.17 3.99 3.82 3.66 3.52 3.38 3.26 3.15 3.06 2.97 2.89 2.82 2.76 2.71 2.67 2.63 2.61 2.59 2.58 2.58 2.58 2.59 2.61 2.63 2.66 2.69 2.73 2.78 2.82 2.88 2.93 2.99 3.05 3.12 3.18 3.25 3.32 3.39 3.47 3.54 3.61 3.69 3.76 3.83 3.90 3.97 4.03 4.10 4.15 4.21 4.26 4.30 4.34 4.38 4.41 4.43 4.44 4.45 4.44 4.43 4.42 4.39 4.36 4.31 4.26 4.21 4.14 4.07 3.99 3.90 3.81 3.72 3.62 3.51 3.40 3.29 3.18 3.07 2.96 2.84 2.73 2.62 2.51 2.40 2.29 2.19 2.09 2.00 1.90 1.82 1.73 1.65 1.58 1.50 1.44 1.37 1.31 1.25 1.20 1.15 1.10 1.06 1.02 0.98 0.95 0.91 0.88 0.85 0.83 0.80 0.78 0.76 0.73 0.71 0.70 0.68
0.52 0.53 0.55 0.57 0.58 0.60 0.62 0.64 0.66 0.68 0.69 0.71 0.73 0.75 0.77 0.79 0.81 0.83 0.84 0.86 0.88 0.90 0.91 0.93 0.95 0.96 0.98 1.00 1.01 1.03 1.04 1.06 1.07 1.09 1.10 1.12 1.13 1.15 1.16 1.18 1.19 1.20 1.21 1.23 1.24 1.25 1.26 1.27 1.28 1.28 1.29 1.30 1.30 1.31 1.31 1.32 1.32 1.32 1.33 1.33 1.33 1.33 1.33 1.34 1.34 1.34 1.34 1.34 1.35 1.35 1.35 1.35 1.36 1.36 1.37 1.37 1.38 1.38 1.39 1.40 1.41 1.41 1.42 1.43 1.44 1.46 1.47 1.48 1.49 1.51 1.52 1.54 1.55 1.57 1.59 1.60 1.62 1.64 1.66 1.68 1.70 1.71 1.74 1.76 1.78 1.80 1.82 1.84 1.87 1.89 1.91 1.94 1.96 1.99 2.01 2.04 2.06 2.09 2.11 2.14 2.16 2.19 2.21 2.24 2.27 2.29 2.31 2.34 2.36 2.39 2.41 2.44 2.46 2.49 2.52 2.55 2.58 2.61 2.65 2.69 2.73 2.77 2.82 2.87 2.93 2.99 3.05 3.12 3.20 3.27 3.36 3.44 3.53 3.62 3.71 3.81 3.90 4.00 4.10 4.19 4.28 4.37 4.46 4.54 4.62 4.69 4.75 4.81 4.86 4.91 4.94 4.97 4.99 5.00 5.00 4.99 4.98 4.96 4.93 4.90 4.86 4.81 4.77 4.72 4.66 4.61 4.56 4.51 4.47 4.43 4.40 4.38 4.37 4.37 4.40 4.44 4.50 4.59 4.70 4.84 5.00 5.21 5.44 5.71 6.01 6.35 6.72 7.13 7.57 8.04 8.53 9.05 9.58 10.12 10.67 11.21 11.75 12.27 12.77 13.24 13.68 14.09 14.45 14.77 15.05 15.28 15.47 15.61 15.72 15.78 15.82 15.82 15.81 15.77 15.71 15.64 15.57 15.48 15.40 15.31 15.22 15.12 15.03 14.94 14.84 14.73 14.62 14.50 14.38 14.24 14.08 13.92 13.73 13.53 13.32 13.09 12.84 12.57 12.29 11.99 11.68 11.35 11.02 10.67 10.32 9.97 9.61 9.24 8.88 8.52 8.17 7.82 7.47 7.14 6.81 6.50 6.19 5.90 5.62 5.35 5.10 4.85 4.63 4.41 4.21 4.03 3.85 3.69 3.54 3.40 3.28 3.17 3.06 2.97 2.89 2.82 2.75 2.70 2.65 2.62 2.59 2.57 2.56 2.55 2.55 2.56 2.58 2.60 2.63 2.66 2.70 2.74 2.79 2.84 2.90 2.96 3.02 3.08 3.15 3.22 3.29 3.36 3.43 3.50 3.57 3.65 3.72 3.79 3.86 3.92 3.99 4.05 4.11 4.16 4.21 4.25 4.29 4.33 4.35 4.37 4.39 4.39 4.39 4.38 4.37 4.34 4.31 4.26 4.21 4.16 4.09 4.02 3.94 3.86 3.77 3.67 3.58 3.47 3.37 3.26 3.15 3.04 2.92 2.81 2.70 2.59 2.48 2.37 2.27 2.17 2.07 1.98 1.88 1.80 1.71 1.63 1.56 1.49 1.42 1.36 1.30 1.24 1.19 1.14 1.09 1.05 1.01 0.97 0.94 0.90 0.87 0.85 0.82 0.79 0.77 0.75 0.73 0.71 0.69 0.67
0.51 0.52 0.54 0.55 0.57 0.59 0.61 0.62 0.64 0.66 0.68 0.69 0.71 0.73 0.75 0.77 0.79 0.80 0.82 0.84 0.85 0.87 0.89 0.90 0.92 0.94 0.95 0.97 0.98 1.00 1.01 1.03 1.04 1.06 1.07 1.08 1.10 1.11 1.13 1.14 1.16 1.17 1.18 1.19 1.21 1.22 1.23 1.24 1.24 1.25 1.26 1.27 1.27 1.28 1.28 1.29 1.29 1.29 1.30 1.30 1.30 1.30 1.30 1.31 1.31 1.31 1.31 1.31 1.31 1.32 1.32 1.32 1.33 1.33 1.33 1.34 1.34 1.35 1.36 1.36 1.37 1.38 1.39 1.40 1.41 1.42 1.43 1.44 1.46 1.47 1.48 1.50 1.51 1.53 1.54 1.56 1.58 1.59 1.61 1.63 1.65 1.67 1.69 1.71 1.73 1.75 1.77 1.79 1.82 1.84 1.86 1.89 1.91 1.94 1.96 1.99 2.01 2.04 2.07 2.09 2.12 2.14 2.17 2.20 2.22 2.25 2.27 2.29 2.32 2.34 2.37 2.39 2.41 2.44 2.47 2.49 2.52 2.55 2.58 2.62 2.65 2.69 2.74 2.78 2.84 2.89 2.95 3.01 3.08 3.15 3.22 3.30 3.38 3.46 3.55 3.63 3.72 3.81 3.90 3.99 4.07 4.15 4.23 4.31 4.38 4.44 4.50 4.55 4.60 4.64 4.68 4.70 4.72 4.73 4.74 4.74 4.73 4.71 4.69 4.66 4.63 4.59 4.55 4.51 4.46 4.42 4.38 4.34 4.30 4.27 4.25 4.24 4.23 4.25 4.28 4.33 4.40 4.49 4.61 4.75 4.93 5.13 5.37 5.65 5.96 6.30 6.69 7.10 7.55 8.02 8.52 9.04 9.58 10.13 10.68 11.24 11.78 12.31 12.81 13.29 13.73 14.14 14.51 14.83 15.10 15.34 15.52 15.67 15.77 15.84 15.87 15.87 15.85 15.81 15.76 15.69 15.61 15.53 15.45 15.36 15.27 15.19 15.10 15.01 14.91 14.82 14.71 14.60 14.48 14.34 14.20 14.03 13.86 13.66 13.45 13.22 12.97 12.71 12.43 12.13 11.82 11.49 11.16 10.81 10.46 10.10 9.74 9.37 9.00 8.64 8.28 7.92 7.58 7.24 6.90 6.58 6.27 5.97 5.69 5.41 5.15 4.91 4.68 4.46 4.25 4.06 3.88 3.71 3.56 3.42 3.29 3.17 3.06 2.97 2.88 2.80 2.74 2.68 2.63 2.59 2.56 2.54 2.53 2.52 2.52 2.53 2.54 2.56 2.59 2.62 2.66 2.70 2.75 2.80 2.86 2.92 2.98 3.04 3.11 3.18 3.25 3.32 3.39 3.46 3.53 3.60 3.67 3.74 3.81 3.87 3.94 4.00 4.05 4.11 4.16 4.20 4.24 4.27 4.30 4.32 4.33 4.34 4.33 4.33 4.31 4.28 4.25 4.21 4.16 4.10 4.04 3.97 3.89 3.81 3.72 3.63 3.53 3.43 3.32 3.22 3.11 3.00 2.89 2.78 2.67 2.56 2.45 2.34 2.24 2.14 2.05 1.95 1.86 1.78 1.69 1.62 1.54 1.47 1.40 1.34 1.28 1.23 1.18 1.13 1.08 1.04 1.00 0.96 0.93 0.90 0.87 0.84 0.81 0.79 0.76 0.74 0.72 0.70 0.68 0.67
0.50 0.51 0.53 0.54 0.56 0.57 0.59 0.61 0.63 0.64 0.66 0.68 0.69 0.71 0.73 0.75 0.76 0.78 0.80 0.81 0.83 0.85 0.86 0.88 0.89 0.91 0.92 0.94 0.95 0.96 0.98 0.99 1.01 1.02 1.04 1.05 1.06 1.08 1.09 1.11 1.12 1.13 1.15 1.16 1.17 1.18 1.19 1.20 1.21 1.22 1.23 1.24 1.24 1.25 1.25 1.26 1.26 1.26 1.27 1.27 1.27 1.27 1.27 1.28 1.28 1.28 1.28 1.28 1.29 1.29 1.29 1.29 1.30 1.30 1.30 1.31 1.31 1.32 1.33 1.33 1.34 1.35 1.36 1.36 1.37 1.38 1.39 1.41 1.42 1.43 1.44 1.46 1.47 1.49 1.50 1.52 1.53 1.55 1.57 1.58 1.60 1.62 1.64 1.66 1.68 1.70 1.72 1.74 1.77 1.79 1.81 1.84 1.86 1.89 1.91 1.94 1.97 1.99 2.02 2.05 2.07 2.10 2.13 2.15 2.18 2.20 2.23 2.25 2.28 2.30 2.32 2.34 2.37 2.39 2.41 2.44 2.47 2.49 2.52 2.55 2.58 2.62 2.66 2.70 2.75 2.79 2.85 2.90 2.96 3.03 3.09 3.16 3.24 3.31 3.39 3.47 3.55 3.63 3.71 3.78 3.86 3.94 4.01 4.08 4.14 4.20 4.25 4.30 4.35 4.38 4.41 4.44 4.46 4.47 4.48 4.48 4.48 4.47 4.45 4.43 4.40 4.37 4.34 4.30 4.27 4.23 4.20 4.17 4.14 4.12 4.10 4.10 4.10 4.12 4.16 4.21 4.29 4.39 4.51 4.66 4.84 5.05 5.30 5.58 5.89 6.24 6.63 7.05 7.50 7.98 8.48 9.01 9.55 10.10 10.66 11.22 11.76 12.29 12.80 13.28 13.73 14.13 14.50 14.82 15.10 15.33 15.52 15.66 15.76 15.83 15.86 15.86 15.84 15.80 15.75 15.68 15.61 15.53 15.45 15.37 15.29 15.20 15.12 15.04 14.95 14.86 14.76 14.66 14.54 14.42 14.27 14.12 13.95 13.76 13.55 13.32 13.08 12.82 12.54 12.24 11.93 11.61 11.27 10.93 10.57 10.21 9.84 9.48 9.11 8.74 8.38 8.02 7.66 7.32 6.98 6.66 6.34 6.04 5.75 5.47 5.20 4.95 4.72 4.49 4.28 4.09 3.90 3.73 3.57 3.43 3.29 3.17 3.06 2.96 2.87 2.79 2.72 2.66 2.60 2.56 2.53 2.50 2.49 2.48 2.48 2.48 2.50 2.52 2.54 2.58 2.61 2.66 2.70 2.76 2.81 2.87 2.93 3.00 3.06 3.13 3.20 3.27 3.34 3.41 3.48 3.55 3.62 3.69 3.76 3.82 3.88 3.94 4.00 4.05 4.10 4.14 4.18 4.21 4.24 4.26 4.27 4.27 4.27 4.26 4.25 4.22 4.19 4.15 4.10 4.04 3.98 3.91 3.84 3.75 3.67 3.58 3.48 3.38 3.28 3.17 3.06 2.96 2.85 2.74 2.63 2.52 2.42 2.31 2.21 2.11 2.02 1.93 1.84 1.75 1.67 1.60 1.52 1.45 1.39 1.33 1.27 1.21 1.16 1.11 1.07 1.03 0.99 0.95 0.92 0.89 0.86 0.83 0.80 0.78 0.76 0.73 0.71 0.69 0.68 0.66
0.49 0.50 0.52 0.53 0.55 0.56 0.58 0.59 0.61 0.63 0.64 0.66 0.68 0.69 0.71 0.73 0.74 0.76 0.78 0.79 0.81 0.82 0.84 0.85 0.86 0.88 0.89 0.90 0.92 0.93 0.94 0.96 0.97 0.99 1.00 1.01 1.03 1.04 1.06 1.07 1.09 1.10 1.11 1.13 1.14 1.15 1.16 1.17 1.18 1.19 1.20 1.21 1.21 1.22 1.22 1.23 1.23 1.23 1.24 1.24 1.24 1.24 1.25 1.25 1.25 1.25 1.25 1.25 1.26 1.26 1.26 1.26 1.27 1.27 1.27 1.28 1.28 1.29 1.29 1.30 1.31 1.31 1.32 1.33 1.34 1.35 1.36 1.37 1.38 1.39 1.40 1.42 1.43 1.45 1.46 1.47 1.49 1.51 1.52 1.54 1.56 1.58 1.59 1.61 1.63 1.65 1.68 1.70 1.72 1.74 1.77 1.79 1.82 1.84 1.87 1.90 1.92 1.95 1.98 2.00 2.03 2.06 2.09 2.11 2.14 2.16 2.19 2.21 2.23 2.26 2.28 2.30 2.32 2.35 2.37 2.39 2.41 2.44 2.46 2.49 2.52 2.55 2.58 2.62 2.66 2.70 2.75 2.80 2.85 2.91 2.97 3.03 3.10 3.16 3.23 3.30 3.38 3.45 3.52 3.59 3.66 3.73 3.79 3.85 3.91 3.96 4.01 4.06 4.09 4.13 4.16 4.18 4.20 4.22 4.23 4.23 4.23 4.23 4.22 4.20 4.18 4.16 4.13 4.11 4.08 4.05 4.03 4.00 3.98 3.97 3.96 3.96 3.97 4.00 4.04 4.10 4.18 4.29 4.41 4.57 4.75 4.97 5.21 5.50 5.81 6.17 6.55 6.97 7.43 7.91 8.41 8.94 9.48 10.04 10.59 11.15 11.70 12.23 12.73 13.21 13.66 14.07 14.43 14.76 15.03 15.26 15.45 15.59 15.69 15.76 15.79 15.80 15.78 15.74 15.69 15.63 15.56 15.48 15.41 15.33 15.26 15.18 15.10 15.03 14.95 14.87 14.78 14.68 14.57 14.45 14.32 14.17 14.00 13.82 13.62 13.40 13.16 12.90 12.62 12.33 12.02 11.70 11.36 11.02 10.66 10.30 9.93 9.56 9.19 8.82 8.46 8.09 7.74 7.39 7.05 6.72 6.40 6.09 5.80 5.51 5.25 4.99 4.75 4.52 4.30 4.10 3.91 3.74 3.58 3.43 3.29 3.16 3.04 2.94 2.84 2.76 2.69 2.62 2.57 2.52 2.48 2.46 2.44 2.43 2.42 2.43 2.44 2.46 2.49 2.52 2.56 2.60 2.65 2.70 2.76 2.82 2.88 2.95 3.01 3.08 3.15 3.22 3.29 3.36 3.43 3.50 3.57 3.64 3.70 3.76 3.83 3.88 3.94 3.99 4.03 4.08 4.11 4.14 4.17 4.19 4.20 4.21 4.20 4.19 4.18 4.15 4.12 4.08 4.03 3.98 3.92 3.85 3.77 3.69 3.61 3.52 3.42 3.33 3.22 3.12 3.02 2.91 2.80 2.70 2.59 2.48 2.38 2.28 2.18 2.08 1.99 1.90 1.81 1.73 1.65 1.57 1.50 1.43 1.37 1.31 1.25 1.20 1.15 1.10 1.06 1.02 0.98 0.94 0.91 0.88 0.85 0.82 0.79 0.77 0.75 0.73 0.71 0.69 0.67 0.65
0.48 0.49 0.51 0.52 0.54 0.55 0.57 0.58 0.60 0.61 0.63 0.64 0.66 0.68 0.69 0.71 0.72 0.74 0.75 0.77 0.78 0.80 0.81 0.82 0.84 0.85 0.86 0.87 0.88 0.90 0.91 0.92 0.93 0.95 0.96 0.98 0.99 1.00 1.02 1.03 1.05 1.06 1.08 1.09 1.10 1.12 1.13 1.14 1.15 1.16 1.17 1.18 1.18 1.19 1.19 1.20 1.20 1.21 1.21 1.21 1.21 1.21 1.22 1.22 1.22 1.22 1.22 1.23 1.23 1.23 1.23 1.23 1.24 1.24 1.24 1.25 1.25 1.26 1.26 1.27 1.27 1.28 1.29 1.30 1.31 1.31 1.32 1.33 1.34 1.36 1.37 1.38 1.39 1.41 1.42 1.43 1.45 1.46 1.48 1.50 1.51 1.53 1.55 1.57 1.59 1.61 1.63 1.65 1.67 1.70 1.72 1.75 1.77 1.80 1.83 1.85 1.88 1.91 1.94 1.96 1.99 2.02 2.05 2.07 2.10 2.12 2.15 2.17 2.20 2.22 2.24 2.26 2.28 2.30 2.32 2.34 2.36 2.38 2.41 2.43 2.45 2.48 2.51 2.54 2.58 2.61 2.66 2.70 2.75 2.80 2.85 2.90 2.96 3.02 3.09 3.15 3.21 3.28 3.34 3.40 3.46 3.52 3.58 3.63 3.68 3.73 3.77 3.81 3.85 3.88 3.91 3.93 3.95 3.97 3.98 3.99 3.99 3.99 3.99 3.98 3.97 3.95 3.94 3.92 3.90 3.88 3.86 3.84 3.83 3.82 3.82 3.83 3.85 3.88 3.93 3.99 4.08 4.18 4.31 4.47 4.66 4.87 5.12 5.40 5.72 6.07 6.46 6.88 7.33 7.81 8.31 8.84 9.38 9.93 10.49 11.04 11.58 12.11 12.62 13.09 13.54 13.94 14.31 14.63 14.90 15.13 15.31 15.46 15.56 15.63 15.66 15.67 15.65 15.62 15.57 15.52 15.45 15.38 15.32 15.25 15.18 15.11 15.05 14.98 14.91 14.83 14.75 14.67 14.57 14.46 14.33 14.19 14.03 13.85 13.66 13.44 13.21 12.95 12.68 12.39 12.09 11.77 11.43 11.09 10.73 10.37 10.00 9.63 9.26 8.89 8.52 8.16 7.80 7.44 7.10 6.77 6.45 6.13 5.84 5.55 5.28 5.02 4.77 4.54 4.32 4.11 3.92 3.74 3.57 3.42 3.27 3.14 3.02 2.91 2.81 2.73 2.65 2.58 2.52 2.47 2.43 2.40 2.38 2.37 2.36 2.37 2.38 2.40 2.43 2.46 2.50 2.54 2.59 2.65 2.70 2.76 2.83 2.89 2.96 3.03 3.10 3.17 3.24 3.31 3.38 3.45 3.51 3.58 3.64 3.70 3.76 3.82 3.87 3.92 3.97 4.01 4.04 4.07 4.10 4.12 4.13 4.13 4.13 4.12 4.10 4.08 4.05 4.01 3.96 3.91 3.85 3.78 3.71 3.63 3.55 3.46 3.36 3.27 3.17 3.07 2.96 2.86 2.76 2.65 2.55 2.44 2.34 2.24 2.14 2.05 1.96 1.87 1.79 1.70 1.63 1.55 1.48 1.41 1.35 1.29 1.24 1.18 1.13 1.09 1.04 1.00 0.97 0.93 0.90 0.87 0.84 0.81 0.79 0.76 0.74 0.72 0.70 0.68 0.66 0.65
0.47 0.48 0.50 0.51 0.52 0.54 0.55 0.57 0.58 0.60 0.61 0.63 0.65 0.66 0.68 0.69 0.71 0.72 0.73 0.75 0.76 0.77 0.78 0.80 0.81 0.82 0.83 0.84 0.85 0.86 0.87 0.88 0.90 0.91 0.92 0.94 0.95 0.96 0.98 0.99 1.01 1.03 1.04 1.06 1.07 1.08 1.10 1.11 1.12 1.13 1.14 1.15 1.15 1.16 1.16 1.17 1.17 1.18 1.18 1.18 1.18 1.19 1.19 1.19 1.19 1.19 1.20 1.20 1.20 1.20 1.20 1.21 1.21 1.21 1.21 1.22 1.22 1.23 1.23 1.24 1.24 1.25 1.26 1.26 1.27 1.28 1.29 1.30 1.31 1.32 1.33 1.34 1.35 1.37 1.38 1.39 1.41 1.42 1.44 1.45 1.47 1.49 1.51 1.53 1.54 1.57 1.59 1.61 1.63 1.65 1.68 1.70 1.73 1.76 1.78 1.81 1.84 1.87 1.90 1.92 1.95 1.98 2.01 2.04 2.06 2.09 2.11 2.14 2.16 2.18 2.20 2.22 2.24 2.26 2.28 2.30 2.31 2.33 2.35 2.37 2.39 2.42 2.44 2.47 2.50 2.53 2.57 2.60 2.65 2.69 2.74 2.78 2.84 2.89 2.94 3.00 3.05 3.11 3.17 3.22 3.27 3.33 3.37 3.42 3.46 3.51 3.54 3.58 3.61 3.64 3.67 3.69 3.71 3.73 3.74 3.75 3.76 3.76 3.77 3.76 3.76 3.75 3.74 3.73 3.72 3.71 3.70 3.69 3.68 3.68 3.69 3.70 3.73 3.76 3.81 3.88 3.97 4.08 4.21 4.37 4.56 4.77 5.02 5.30 5.62 5.97 6.35 6.76 7.21 7.68 8.18 8.70 9.24 9.79 10.34 10.88 11.42 11.94 12.44 12.91 13.35 13.75 14.12 14.43 14.71 14.93 15.12 15.26 15.37 15.43 15.47 15.48 15.47 15.44 15.40 15.35 15.30 15.24 15.18 15.12 15.06 15.00 14.95 14.89 14.83 14.76 14.69 14.62 14.53 14.42 14.31 14.17 14.02 13.85 13.67 13.46 13.23 12.98 12.71 12.43 12.12 11.81 11.47 11.13 10.78 10.42 10.05 9.68 9.31 8.94 8.57 8.20 7.84 7.49 7.14 6.80 6.48 6.16 5.86 5.57 5.30 5.03 4.78 4.55 4.33 4.12 3.92 3.73 3.56 3.40 3.25 3.12 2.99 2.88 2.77 2.68 2.60 2.53 2.46 2.41 2.37 2.33 2.31 2.30 2.29 2.29 2.31 2.33 2.35 2.39 2.43 2.47 2.52 2.58 2.64 2.70 2.77 2.83 2.90 2.97 3.04 3.11 3.18 3.25 3.32 3.39 3.45 3.52 3.58 3.64 3.70 3.75 3.80 3.85 3.89 3.93 3.97 4.00 4.02 4.04 4.05 4.05 4.05 4.04 4.02 4.00 3.97 3.93 3.88 3.83 3.77 3.71 3.64 3.56 3.48 3.39 3.30 3.21 3.11 3.01 2.91 2.81 2.71 2.60 2.50 2.40 2.30 2.20 2.11 2.02 1.93 1.84 1.76 1.68 1.60 1.53 1.46 1.39 1.33 1.27 1.22 1.17 1.12 1.07 1.03 0.99 0.96 0.92 0.89 0.86 0.83 0.80 0.78 0.75 0.73 0.71 0.69 0.67 0.66 0.64
0.46 0.47 0.49 0.50 0.51 0.53 0.54 0.56 0.57 0.59 0.60 0.62 0.63 0.64 0.66 0.67 0.69 0.70 0.71 0.72 0.74 0.75 0.76 0.77 0.78 0.79 0.80 0.81 0.81 0.82 0.83 0.84 0.85 0.87 0.88 0.89 0.91 0.92 0.94 0.95 0.97 0.99 1.00 1.02 1.03 1.05 1.06 1.07 1.09 1.10 1.11 1.11 1.12 1.13 1.14 1.14 1.14 1.15 1.15 1.15 1.16 1.16 1.16 1.16 1.16 1.17 1.17 1.17 1.17 1.17 1.17 1.18 1.18 1.18 1.19 1.19 1.19 1.20 1.20 1.21 1.21 1.22 1.23 1.23 1.24 1.25 1.26 1.27 1.27 1.28 1.30 1.31 1.32 1.33 1.34 1.36 1.37 1.38 1.40 1.41 1.43 1.45 1.46 1.48 1.50 1.52 1.54 1.57 1.59 1.61 1.64 1.66 1.69 1.71 1.74 1.77 1.80 1.83 1.86 1.89 1.92 1.95 1.97 2.00 2.03 2.05 2.08 2.10 2.13 2.15 2.17 2.19 2.20 2.22 2.24 2.25 2.27 2.28 2.30 2.32 2.34 2.36 2.38 2.40 2.42 2.45 2.48 2.51 2.55 2.59 2.63 2.67 2.71 2.76 2.81 2.85 2.90 2.95 3.00 3.05 3.09 3.13 3.18 3.22 3.25 3.29 3.32 3.35 3.38 3.40 3.43 3.45 3.47 3.49 3.51 3.52 3.53 3.54 3.55 3.55 3.56 3.56 3.56 3.55 3.55 3.54 3.54 3.54 3.54 3.54 3.56 3.58 3.61 3.65 3.70 3.77 3.86 3.97 4.11 4.26 4.45 4.66 4.91 5.19 5.50 5.84 6.22 6.63 7.07 7.54 8.03 8.54 9.07 9.60 10.14 10.68 11.21 11.72 12.22 12.68 13.11 13.51 13.87 14.18 14.45 14.68 14.86 15.01 15.11 15.18 15.23 15.24 15.24 15.22 15.18 15.14 15.10 15.05 15.00 14.95 14.90 14.85 14.81 14.76 14.71 14.66 14.60 14.53 14.45 14.36 14.25 14.13 13.99 13.82 13.64 13.44 13.22 12.98 12.71 12.43 12.13 11.82 11.49 11.15 10.80 10.44 10.08 9.71 9.34 8.96 8.59 8.23 7.87 7.51 7.16 6.83 6.50 6.18 5.88 5.59 5.31 5.04 4.79 4.55 4.32 4.11 3.91 3.72 3.54 3.38 3.22 3.08 2.95 2.83 2.72 2.63 2.54 2.46 2.39 2.34 2.29 2.26 2.23 2.21 2.21 2.21 2.22 2.24 2.27 2.30 2.35 2.39 2.45 2.50 2.57 2.63 2.70 2.77 2.84 2.91 2.98 3.05 3.12 3.19 3.26 3.32 3.39 3.45 3.51 3.57 3.63 3.68 3.73 3.78 3.82 3.86 3.89 3.92 3.94 3.96 3.97 3.97 3.97 3.96 3.94 3.92 3.89 3.85 3.80 3.75 3.69 3.63 3.56 3.49 3.41 3.32 3.23 3.14 3.05 2.95 2.85 2.75 2.65 2.55 2.45 2.35 2.26 2.16 2.07 1.98 1.89 1.81 1.73 1.65 1.57 1.50 1.44 1.37 1.31 1.26 1.20 1.15 1.10 1.06 1.02 0.98 0.94 0.91 0.88 0.85 0.82 0.79 0.77 0.75 0.73 0.71 0.69 0.67 0.65 0.64
0.45 0.47 0.48 0.49 0.51 0.52 0.53 0.55 0.56 0.57 0.59 0.60 0.62 0.63 0.64 0.66 0.67 0.68 0.69 0.70 0.71 0.72 0.73 0.74 0.75 0.75 0.76 0.77 0.78 0.78 0.79 0.80 0.81 0.82 0.83 0.85 0.86 0.88 0.89 0.91 0.93 0.95 0.96 0.98 1.00 1.01 1.03 1.04 1.05 1.07 1.08 1.08 1.09 1.10 1.11 1.11 1.12 1.12 1.12 1.13 1.13 1.13 1.13 1.14 1.14 1.14 1.14 1.14 1.14 1.15 1.15 1.15 1.15 1.15 1.16 1.16 1.16 1.17 1.17 1.18 1.18 1.19 1.19 1.20 1.21 1.22 1.22 1.23 1.24 1.25 1.26 1.27 1.28 1.29 1.31 1.32 1.33 1.34 1.36 1.37 1.39 1.41 1.42 1.44 1.46 1.48 1.50 1.52 1.55 1.57 1.59 1.62 1.65 1.67 1.70 1.73 1.76 1.79 1.82 1.85 1.88 1.91 1.94 1.97 1.99 2.02 2.05 2.07 2.09 2.11 2.13 2.15 2.17 2.18 2.20 2.21 2.23 2.24 2.25 2.27 2.28 2.30 2.31 2.33 2.35 2.38 2.40 2.43 2.46 2.49 2.52 2.56 2.60 2.64 2.68 2.72 2.76 2.80 2.84 2.88 2.91 2.95 2.98 3.02 3.05 3.07 3.10 3.12 3.15 3.17 3.19 3.21 3.23 3.25 3.27 3.29 3.31 3.32 3.34 3.35 3.36 3.37 3.37 3.38 3.38 3.39 3.39 3.39 3.40 3.41 3.43 3.46 3.49 3.53 3.59 3.67 3.76 3.87 4.00 4.16 4.34 4.55 4.79 5.07 5.37 5.71 6.08 6.48 6.91 7.36 7.84 8.34 8.86 9.38 9.91 10.44 10.96 11.46 11.94 12.40 12.82 13.21 13.56 13.87 14.14 14.36 14.55 14.69 14.80 14.88 14.93 14.95 14.95 14.94 14.92 14.89 14.85 14.81 14.77 14.74 14.70 14.67 14.63 14.60 14.56 14.52 14.47 14.41 14.34 14.26 14.16 14.05 13.92 13.76 13.59 13.39 13.18 12.94 12.69 12.41 12.12 11.81 11.49 11.15 10.80 10.45 10.08 9.72 9.35 8.98 8.61 8.24 7.88 7.52 7.17 6.84 6.51 6.19 5.88 5.59 5.31 5.04 4.78 4.54 4.31 4.09 3.89 3.69 3.51 3.34 3.19 3.04 2.90 2.78 2.66 2.56 2.47 2.39 2.32 2.25 2.20 2.17 2.14 2.12 2.11 2.11 2.12 2.14 2.17 2.21 2.26 2.31 2.36 2.42 2.49 2.55 2.62 2.69 2.77 2.84 2.91 2.98 3.05 3.12 3.19 3.26 3.32 3.38 3.44 3.50 3.55 3.61 3.65 3.70 3.74 3.78 3.81 3.83 3.85 3.87 3.88 3.88 3.88 3.87 3.85 3.83 3.80 3.76 3.72 3.67 3.61 3.55 3.48 3.41 3.33 3.25 3.16 3.07 2.98 2.89 2.79 2.69 2.60 2.50 2.40 2.31 2.21 2.12 2.03 1.94 1.86 1.77 1.69 1.62 1.55 1.48 1.41 1.35 1.29 1.24 1.18 1.13 1.09 1.04 1.00 0.97 0.93 0.90 0.87 0.84 0.81 0.78 0.76 0.74 0.72 0.70 0.68 0.66 0.64 0.63
0.45 0.46 0.47 0.48 0.50 0.51 0.52 0.54 0.55 0.56 0.58 0.59 0.60 0.61 0.63 0.64 0.65 0.66 0.67 0.68 0.69 0.70 0.70 0.71 0.72 0.72 0.73 0.73 0.74 0.74 0.75 0.76 0.77 0.78 0.79 0.80 0.82 0.83 0.85 0.87 0.88 0.90 0.92 0.94 0.96 0.98 0.99 1.01 1.02 1.03 1.04 1.05 1.06 1.07 1.08 1.08 1.09 1.09 1.10 1.10 1.10 1.11 1.11 1.11 1.11 1.11 1.11 1.12 1.12 1.12 1.12 1.12 1.13 1.13 1.13 1.13 1.14 1.14 1.14 1.15 1.15 1.16 1.17 1.17 1.18 1.18 1.19 1.20 1.21 1.22 1.23 1.24 1.25 1.26 1.27 1.28 1.29 1.31 1.32 1.34 1.35 1.37 1.38 1.40 1.42 1.44 1.46 1.48 1.51 1.53 1.55 1.58 1.61 1.64 1.66 1.69 1.72 1.75 1.78 1.82 1.85 1.88 1.91 1.93 1.96 1.99 2.01 2.04 2.06 2.08 2.10 2.12 2.13 2.15 2.16 2.17 2.18 2.19 2.21 2.22 2.23 2.24 2.25 2.27 2.29 2.30 2.32 2.35 2.37 2.40 2.42 2.46 2.49 2.52 2.55 2.59 2.62 2.65 2.68 2.72 2.74 2.77 2.80 2.82 2.84 2.87 2.89 2.90 2.92 2.94 2.96 2.98 3.00 3.02 3.05 3.07 3.09 3.11 3.13 3.15 3.17 3.18 3.20 3.21 3.22 3.23 3.24 3.26 3.27 3.29 3.31 3.34 3.38 3.43 3.49 3.56 3.65 3.76 3.89 4.05 4.23 4.43 4.67 4.93 5.23 5.56 5.92 6.31 6.72 7.17 7.63 8.12 8.62 9.13 9.65 10.16 10.66 11.15 11.62 12.07 12.48 12.86 13.20 13.51 13.77 14.00 14.18 14.33 14.44 14.52 14.58 14.61 14.62 14.62 14.60 14.59 14.56 14.54 14.51 14.49 14.47 14.44 14.42 14.40 14.38 14.35 14.31 14.26 14.20 14.13 14.05 13.94 13.82 13.67 13.51 13.32 13.11 12.88 12.64 12.37 12.08 11.78 11.46 11.13 10.78 10.43 10.07 9.70 9.34 8.97 8.60 8.23 7.87 7.52 7.17 6.83 6.50 6.18 5.88 5.58 5.30 5.03 4.77 4.52 4.29 4.07 3.86 3.66 3.48 3.30 3.14 2.99 2.84 2.71 2.59 2.48 2.39 2.30 2.22 2.16 2.11 2.06 2.03 2.01 2.00 2.00 2.02 2.04 2.07 2.11 2.15 2.21 2.27 2.33 2.40 2.47 2.54 2.62 2.69 2.77 2.84 2.91 2.98 3.05 3.12 3.19 3.25 3.31 3.37 3.43 3.48 3.53 3.57 3.62 3.66 3.69 3.72 3.75 3.77 3.78 3.79 3.79 3.79 3.78 3.76 3.74 3.71 3.67 3.63 3.58 3.52 3.46 3.40 3.33 3.25 3.17 3.09 3.00 2.91 2.82 2.73 2.63 2.54 2.44 2.35 2.26 2.16 2.07 1.99 1.90 1.82 1.74 1.66 1.59 1.52 1.45 1.39 1.33 1.27 1.22 1.16 1.12 1.07 1.03 0.99 0.95 0.92 0.89 0.86 0.83 0.80 0.78 0.75 0.73 0.71 0.69 0.67 0.65 0.64 0.62
0.44 0.45 0.46 0.48 0.49 0.50 0.51 0.53 0.54 0.55 0.56 0.58 0.59 0.60 0.61 0.62 0.63 0.64 0.65 0.66 0.67 0.67 0.68 0.68 0.68 0.69 0.69 0.69 0.70 0.70 0.70 0.71 0.72 0.73 0.74 0.75 0.77 0.78 0.80 0.82 0.84 0.86 0.88 0.90 0.92 0.94 0.96 0.97 0.99 1.00 1.01 1.02 1.03 1.04 1.05 1.06 1.06 1.07 1.07 1.07 1.08 1.08 1.08 1.08 1.09 1.09 1.09 1.09 1.09 1.09 1.09 1.10 1.10 1.10 1.10 1.11 1.11 1.11 1.12 1.12 1.13 1.13 1.14 1.14 1.15 1.15 1.16 1.17 1.18 1.19 1.19 1.20 1.21 1.22 1.23 1.25 1.26 1.27 1.28 1.30 1.31 1.33 1.35 1.36 1.38 1.40 1.42 1.44 1.47 1.49 1.52 1.54 1.57 1.60 1.63 1.66 1.69 1.72 1.75 1.78 1.81 1.84 1.87 1.90 1.93 1.96 1.98 2.01 2.03 2.05 2.07 2.08 2.10 2.11 2.12 2.13 2.14 2.15 2.16 2.17 2.18 2.19 2.20 2.21 2.22 2.23 2.25 2.27 2.29 2.31 2.33 2.36 2.38 2.41 2.43 2.46 2.49 2.51 2.54 2.56 2.58 2.60 2.62 2.63 2.65 2.66 2.68 2.69 2.70 2.72 2.74 2.76 2.78 2.80 2.82 2.85 2.88 2.90 2.93 2.96 2.98 3.00 3.03 3.05 3.07 3.09 3.10 3.12 3.14 3.17 3.19 3.23 3.27 3.32 3.38 3.46 3.55 3.66 3.79 3.94 4.11 4.31 4.54 4.80 5.08 5.40 5.75 6.12 6.53 6.95 7.40 7.87 8.36 8.85 9.35 9.84 10.33 10.80 11.26 11.69 12.09 12.46 12.80 13.10 13.36 13.58 13.76 13.91 14.03 14.12 14.18 14.22 14.24 14.25 14.25 14.25 14.24 14.22 14.21 14.20 14.19 14.19 14.18 14.17 14.16 14.14 14.12 14.08 14.04 13.98 13.90 13.80 13.69 13.55 13.40 13.22 13.02 12.80 12.56 12.30 12.01 11.72 11.40 11.08 10.74 10.39 10.03 9.67 9.31 8.94 8.58 8.21 7.85 7.50 7.15 6.81 6.49 6.17 5.86 5.56 5.28 5.01 4.74 4.50 4.26 4.03 3.82 3.62 3.43 3.25 3.08 2.92 2.78 2.64 2.51 2.40 2.29 2.20 2.12 2.05 1.99 1.95 1.91 1.89 1.88 1.88 1.90 1.92 1.95 1.99 2.04 2.10 2.17 2.23 2.31 2.38 2.46 2.53 2.61 2.69 2.76 2.84 2.91 2.98 3.05 3.11 3.18 3.24 3.29 3.35 3.40 3.45 3.49 3.53 3.57 3.60 3.63 3.66 3.67 3.69 3.70 3.70 3.69 3.68 3.67 3.64 3.61 3.58 3.54 3.49 3.43 3.37 3.31 3.24 3.17 3.09 3.01 2.92 2.84 2.75 2.66 2.57 2.48 2.38 2.29 2.20 2.11 2.03 1.94 1.86 1.78 1.70 1.63 1.56 1.49 1.42 1.36 1.30 1.25 1.20 1.15 1.10 1.06 1.01 0.98 0.94 0.91 0.87 0.84 0.82 0.79 0.77 0.74 0.72 0.70 0.68 0.66 0.65 0.63 0.62
0.43 0.44 0.46 0.47 0.48 0.49 0.50 0.52 0.53 0.54 0.55 0.56 0.57 0.59 0.60 0.61 0.61 0.62 0.63 0.64 0.64 0.64 0.65 0.65 0.65 0.65 0.65 0.65 0.65 0.65 0.66 0.66 0.67 0.68 0.69 0.70 0.71 0.73 0.75 0.77 0.79 0.81 0.83 0.86 0.88 0.90 0.92 0.94 0.95 0.97 0.98 1.00 1.01 1.02 1.02 1.03 1.04 1.04 1.04 1.05 1.05 1.05 1.06 1.06 1.06 1.06 1.06 1.06 1.07 1.07 1.07 1.07 1.07 1.08 1.08 1.08 1.08 1.09 1.09 1.09 1.10 1.10 1.11 1.11 1.12 1.13 1.13 1.14 1.15 1.15 1.16 1.17 1.18 1.19 1.20 1.21 1.22 1.24 1.25 1.26 1.28 1.29 1.31 1.33 1.34 1.36 1.38 1.41 1.43 1.45 1.48 1.50 1.53 1.56 1.59 1.62 1.65 1.68 1.72 1.75 1.78 1.81 1.84 1.87 1.90 1.93 1.95 1.97 2.00 2.02 2.03 2.05 2.06 2.08 2.09 2.10 2.10 2.11 2.12 2.12 2.13 2.14 2.14 2.15 2.16 2.17 2.18 2.19 2.21 2.22 2.24 2.26 2.28 2.30 2.32 2.34 2.36 2.38 2.39 2.41 2.42 2.43 2.44 2.45 2.46 2.46 2.47 2.48 2.49 2.50 2.52 2.53 2.55 2.58 2.60 2.63 2.67 2.70 2.73 2.77 2.80 2.83 2.86 2.89 2.92 2.94 2.97 2.99 3.02 3.05 3.08 3.12 3.16 3.22 3.28 3.35 3.44 3.55 3.68 3.82 3.99 4.19 4.41 4.65 4.93 5.23 5.57 5.93 6.31 6.72 7.16 7.61 8.07 8.54 9.02 9.50 9.97 10.42 10.86 11.28 11.67 12.03 12.36 12.65 12.90 13.12 13.31 13.46 13.58 13.67 13.74 13.79 13.83 13.85 13.86 13.87 13.88 13.88 13.88 13.89 13.89 13.90 13.91 13.91 13.91 13.91 13.90 13.87 13.84 13.79 13.72 13.64 13.53 13.41 13.26 13.09 12.90 12.69 12.45 12.20 11.93 11.63 11.33 11.01 10.67 10.33 9.98 9.62 9.26 8.90 8.53 8.17 7.82 7.47 7.12 6.78 6.46 6.14 5.83 5.53 5.25 4.97 4.71 4.46 4.22 3.99 3.78 3.57 3.37 3.19 3.01 2.85 2.70 2.55 2.42 2.30 2.19 2.09 2.01 1.93 1.87 1.82 1.79 1.76 1.75 1.75 1.77 1.79 1.83 1.87 1.93 1.99 2.06 2.13 2.20 2.28 2.36 2.45 2.53 2.61 2.68 2.76 2.83 2.90 2.97 3.04 3.10 3.16 3.22 3.27 3.32 3.37 3.41 3.45 3.48 3.51 3.54 3.56 3.58 3.59 3.60 3.60 3.60 3.58 3.57 3.55 3.52 3.48 3.44 3.39 3.34 3.28 3.22 3.15 3.08 3.01 2.93 2.85 2.76 2.68 2.59 2.50 2.41 2.33 2.24 2.15 2.06 1.98 1.90 1.82 1.74 1.67 1.59 1.52 1.46 1.40 1.34 1.28 1.22 1.17 1.13 1.08 1.04 1.00 0.96 0.93 0.89 0.86 0.83 0.81 0.78 0.76 0.73 0.71 0.69 0.67 0.66 0.64 0.62 0.61
0.43 0.44 0.45 0.46 0.47 0.48 0.49 0.51 0.52 0.53 0.54 0.55 0.56 0.57 0.58 0.59 0.60 0.60 0.61 0.61 0.62 0.62 0.62 0.62 0.62 0.61 0.61 0.61 0.61 0.61 0.61 0.61 0.61 0.62 0.63 0.64 0.66 0.68 0.70 0.72 0.74 0.77 0.79 0.81 0.84 0.86 0.88 0.90 0.92 0.94 0.95 0.97 0.98 0.99 1.00 1.00 1.01 1.02 1.02 1.02 1.03 1.03 1.03 1.03 1.04 1.04 1.04 1.04 1.04 1.04 1.04 1.05 1.05 1.05 1.05 1.05 1.06 1.06 1.06 1.07 1.07 1.08 1.08 1.09 1.09 1.10 1.10 1.11 1.12 1.12 1.13 1.14 1.15 1.16 1.17 1.18 1.19 1.20 1.21 1.23 1.24 1.26 1.27 1.29 1.31 1.33 1.35 1.37 1.39 1.42 1.44 1.47 1.50 1.53 1.56 1.59 1.62 1.65 1.68 1.71 1.75 1.78 1.81 1.84 1.87 1.89 1.92 1.94 1.97 1.99 2.00 2.02 2.03 2.04 2.05 2.06 2.07 2.07 2.08 2.08 2.08 2.09 2.09 2.09 2.10 2.11 2.11 2.12 2.13 2.14 2.16 2.17 2.18 2.20 2.21 2.23 2.24 2.25 2.26 2.26 2.27 2.27 2.27 2.27 2.27 2.27 2.27 2.27 2.28 2.29 2.30 2.31 2.33 2.36 2.39 2.42 2.46 2.50 2.54 2.58 2.62 2.66 2.70 2.74 2.77 2.81 2.84 2.87 2.90 2.94 2.97 3.01 3.06 3.12 3.18 3.25 3.34 3.45 3.57 3.71 3.87 4.06 4.27 4.51 4.77 5.06 5.38 5.72 6.09 6.48 6.89 7.32 7.76 8.21 8.67 9.13 9.57 10.01 10.43 10.83 11.21 11.56 11.88 12.16 12.41 12.63 12.81 12.97 13.09 13.20 13.28 13.34 13.38 13.42 13.44 13.47 13.49 13.50 13.52 13.54 13.57 13.59 13.61 13.63 13.64 13.65 13.65 13.64 13.62 13.58 13.52 13.45 13.35 13.24 13.10 12.94 12.76 12.55 12.33 12.08 11.81 11.53 11.23 10.91 10.59 10.25 9.90 9.55 9.19 8.84 8.48 8.12 7.77 7.42 7.08 6.74 6.41 6.10 5.79 5.49 5.21 4.93 4.67 4.42 4.17 3.94 3.72 3.51 3.31 3.12 2.94 2.77 2.61 2.46 2.32 2.20 2.08 1.98 1.88 1.80 1.74 1.69 1.65 1.62 1.61 1.61 1.63 1.65 1.69 1.74 1.80 1.87 1.94 2.02 2.10 2.18 2.27 2.35 2.44 2.52 2.60 2.68 2.76 2.83 2.90 2.96 3.02 3.08 3.14 3.19 3.24 3.28 3.32 3.36 3.39 3.42 3.45 3.47 3.48 3.49 3.50 3.50 3.50 3.48 3.47 3.45 3.42 3.38 3.34 3.30 3.25 3.19 3.13 3.06 3.00 2.92 2.85 2.77 2.69 2.60 2.52 2.43 2.35 2.26 2.18 2.10 2.01 1.93 1.85 1.77 1.70 1.63 1.56 1.49 1.43 1.37 1.31 1.25 1.20 1.15 1.11 1.06 1.02 0.98 0.95 0.91 0.88 0.85 0.82 0.80 0.77 0.75 0.73 0.70 0.69 0.67 0.65 0.63 0.62 0.60
0.42 0.43 0.44 0.45 0.46 0.47 0.49 0.50 0.51 0.52 0.53 0.54 0.55 0.56 0.57 0.57 0.58 0.59 0.59 0.59 0.59 0.59 0.59 0.59 0.58 0.58 0.57 0.57 0.56 0.56 0.56 0.56 0.56 0.57 0.58 0.59 0.60 0.62 0.64 0.67 0.69 0.72 0.74 0.77 0.80 0.82 0.84 0.87 0.89 0.91 0.92 0.94 0.95 0.96 0.97 0.98 0.98 0.99 0.99 1.00 1.00 1.00 1.01 1.01 1.01 1.01 1.01 1.02 1.02 1.02 1.02 1.02 1.02 1.03 1.03 1.03 1.03 1.04 1.04 1.04 1.05 1.05 1.05 1.06 1.06 1.07 1.08 1.08 1.09 1.09 1.10 1.11 1.12 1.13 1.14 1.15 1.16 1.17 1.18 1.19 1.21 1.22 1.24 1.25 1.27 1.29 1.31 1.33 1.36 1.38 1.41 1.43 1.46 1.49 1.52 1.55 1.58 1.62 1.65 1.68 1.71 1.75 1.78 1.81 1.84 1.86 1.89 1.91 1.93 1.95 1.97 1.99 2.00 2.01 2.02 2.02 2.03 2.03 2.03 2.04 2.04 2.04 2.04 2.04 2.04 2.05 2.05 2.06 2.06 2.07 2.08 2.09 2.09 2.10 2.11 2.12 2.12 2.13 2.13 2.13 2.12 2.12 2.11 2.10 2.09 2.08 2.08 2.07 2.07 2.08 2.09 2.10 2.12 2.15 2.18 2.22 2.26 2.30 2.35 2.40 2.45 2.50 2.54 2.59 2.63 2.67 2.71 2.75 2.79 2.83 2.87 2.91 2.96 3.02 3.08 3.16 3.24 3.35 3.46 3.60 3.75 3.93 4.13 4.35 4.60 4.88 5.18 5.50 5.85 6.22 6.61 7.02 7.44 7.87 8.30 8.73 9.16 9.58 9.98 10.37 10.73 11.06 11.37 11.65 11.89 12.11 12.29 12.45 12.58 12.69 12.78 12.85 12.91 12.96 13.00 13.04 13.07 13.11 13.14 13.18 13.21 13.25 13.29 13.32 13.35 13.37 13.38 13.38 13.37 13.34 13.30 13.23 13.15 13.04 12.91 12.76 12.59 12.39 12.18 11.94 11.68 11.40 11.11 10.80 10.48 10.15 9.81 9.46 9.11 8.76 8.40 8.05 7.70 7.36 7.02 6.68 6.36 6.04 5.74 5.44 5.16 4.88 4.62 4.36 4.12 3.88 3.66 3.45 3.24 3.05 2.86 2.68 2.52 2.36 2.22 2.08 1.96 1.85 1.75 1.67 1.60 1.54 1.50 1.47 1.46 1.46 1.48 1.51 1.55 1.60 1.67 1.74 1.82 1.90 1.99 2.08 2.17 2.26 2.35 2.43 2.52 2.60 2.67 2.75 2.82 2.88 2.94 3.00 3.05 3.10 3.15 3.19 3.23 3.27 3.30 3.33 3.35 3.37 3.39 3.40 3.40 3.40 3.39 3.38 3.37 3.34 3.32 3.28 3.24 3.20 3.15 3.09 3.04 2.97 2.91 2.84 2.76 2.69 2.61 2.53 2.45 2.37 2.28 2.20 2.12 2.04 1.96 1.88 1.81 1.73 1.66 1.59 1.52 1.46 1.40 1.34 1.28 1.23 1.18 1.13 1.09 1.04 1.00 0.97 0.93 0.90 0.87 0.84 0.81 0.78 0.76 0.74 0.72 0.70 0.68 0.66 0.64 0.63 0.61 0.60
0.42 0.43 0.44 0.45 0.46 0.47 0.48 0.49 0.50 0.51 0.52 0.53 0.54 0.55 0.55 0.56 0.56 0.57 0.57 0.57 0.57 0.56 0.56 0.55 0.55 0.54 0.53 0.52 0.51 0.51 0.50 0.50 0.51 0.51 0.52 0.53 0.55 0.57 0.59 0.61 0.64 0.67 0.70 0.73 0.75 0.78 0.81 0.83 0.85 0.87 0.89 0.91 0.92 0.93 0.94 0.95 0.96 0.97 0.97 0.97 0.98 0.98 0.98 0.99 0.99 0.99 0.99 0.99 0.99 1.00 1.00 1.00 1.00 1.00 1.00 1.01 1.01 1.01 1.01 1.02 1.02 1.02 1.03 1.03 1.04 1.04 1.05 1.05 1.06 1.07 1.07 1.08 1.09 1.10 1.11 1.12 1.13 1.14 1.15 1.16 1.17 1.19 1.20 1.22 1.24 1.26 1.28 1.30 1.32 1.35 1.37 1.40 1.43 1.46 1.49 1.52 1.55 1.58 1.62 1.65 1.68 1.71 1.74 1.78 1.80 1.83 1.86 1.88 1.90 1.92 1.94 1.95 1.96 1.97 1.98 1.99 1.99 1.99 1.99 1.99 1.99 1.99 1.99 1.99 1.99 1.99 1.99 1.99 1.99 2.00 2.00 2.00 2.01 2.01 2.01 2.01 2.01 2.01 2.00 1.99 1.98 1.97 1.95 1.94 1.92 1.90 1.89 1.88 1.87 1.87 1.88 1.89 1.91 1.94 1.97 2.01 2.06 2.11 2.17 2.22 2.28 2.34 2.39 2.45 2.50 2.55 2.59 2.64 2.68 2.73 2.77 2.82 2.87 2.93 2.99 3.06 3.15 3.25 3.36 3.49 3.63 3.80 3.99 4.20 4.44 4.70 4.98 5.28 5.61 5.96 6.33 6.71 7.11 7.51 7.92 8.33 8.73 9.13 9.51 9.88 10.22 10.55 10.84 11.11 11.35 11.56 11.75 11.91 12.05 12.16 12.26 12.34 12.42 12.48 12.53 12.59 12.64 12.69 12.74 12.79 12.84 12.89 12.94 12.99 13.03 13.07 13.09 13.10 13.10 13.09 13.05 13.00 12.92 12.83 12.71 12.57 12.40 12.21 12.00 11.77 11.52 11.25 10.97 10.67 10.36 10.03 9.70 9.36 9.01 8.66 8.32 7.97 7.62 7.28 6.94 6.62 6.29 5.98 5.68 5.38 5.10 4.82 4.56 4.30 4.05 3.82 3.59 3.37 3.16 2.96 2.77 2.59 2.42 2.26 2.10 1.96 1.83 1.72 1.61 1.53 1.45 1.39 1.35 1.32 1.31 1.31 1.33 1.36 1.40 1.46 1.53 1.61 1.69 1.78 1.87 1.97 2.06 2.16 2.25 2.34 2.43 2.51 2.59 2.67 2.74 2.80 2.86 2.92 2.97 3.02 3.06 3.11 3.14 3.18 3.21 3.23 3.25 3.27 3.29 3.29 3.30 3.30 3.29 3.28 3.26 3.24 3.21 3.18 3.14 3.10 3.05 3.00 2.94 2.88 2.82 2.75 2.68 2.61 2.53 2.45 2.38 2.30 2.22 2.14 2.06 1.98 1.91 1.83 1.76 1.69 1.62 1.55 1.49 1.42 1.36 1.31 1.25 1.20 1.15 1.11 1.07 1.02 0.99 0.95 0.92 0.88 0.85 0.82 0.80 0.77 0.75 0.73 0.71 0.69 0.67 0.65 0.63 0.62 0.60 0.59
0.41 0.42 0.43 0.44 0.45 0.46 0.47 0.48 0.49 0.50 0.51 0.52 0.53 0.53 0.54 0.54 0.55 0.55 0.55 0.55 0.54 0.54 0.53 0.52 0.51 0.50 0.49 0.48 0.47 0.46 0.45 0.45 0.45 0.45 0.46 0.47 0.49 0.51 0.53 0.56 0.59 0.62 0.65 0.68 0.71 0.74 0.77 0.80 0.82 0.84 0.86 0.88 0.89 0.91 0.92 0.93 0.93 0.94 0.95 0.95 0.96 0.96 0.96 0.96 0.96 0.97 0.97 0.97 0.97 0.97 0.97 0.98 0.98 0.98 0.98 0.98 0.99 0.99 0.99 0.99 1.00 1.00 1.00 1.01 1.01 1.02 1.02 1.03 1.03 1.04 1.05 1.05 1.06 1.07 1.08 1.09 1.10 1.11 1.12 1.13 1.14 1.16 1.17 1.19 1.20 1.22 1.24 1.26 1.29 1.31 1.34 1.36 1.39 1.42 1.45 1.48 1.52 1.55 1.58 1.62 1.65 1.68 1.71 1.74 1.77 1.80 1.83 1.85 1.87 1.89 1.91 1.92 1.93 1.94 1.95 1.95 1.95 1.95 1.95 1.95 1.95 1.94 1.94 1.94 1.93 1.93 1.93 1.93 1.93 1.93 1.93 1.93 1.92 1.92 1.92 1.91 1.91 1.90 1.88 1.87 1.85 1.82 1.80 1.78 1.75 1.73 1.71 1.69 1.68 1.67 1.67 1.69 1.71 1.73 1.77 1.82 1.87 1.93 1.99 2.05 2.12 2.18 2.25 2.31 2.37 2.43 2.48 2.53 2.58 2.63 2.68 2.73 2.78 2.84 2.90 2.97 3.05 3.15 3.25 3.38 3.52 3.67 3.85 4.05 4.27 4.51 4.78 5.06 5.37 5.70 6.04 6.40 6.77 7.15 7.53 7.92 8.30 8.67 9.03 9.38 9.71 10.02 10.30 10.56 10.80 11.01 11.19 11.36 11.50 11.62 11.73 11.82 11.91 11.98 12.05 12.12 12.19 12.25 12.32 12.39 12.45 12.52 12.58 12.64 12.70 12.74 12.78 12.81 12.82 12.81 12.79 12.74 12.68 12.59 12.48 12.35 12.19 12.01 11.81 11.59 11.35 11.09 10.81 10.52 10.21 9.89 9.57 9.23 8.90 8.55 8.21 7.87 7.53 7.19 6.86 6.54 6.22 5.91 5.61 5.31 5.03 4.75 4.49 4.23 3.99 3.75 3.52 3.29 3.08 2.88 2.68 2.49 2.31 2.15 1.99 1.84 1.70 1.58 1.47 1.38 1.30 1.24 1.19 1.16 1.15 1.15 1.17 1.21 1.26 1.32 1.39 1.47 1.56 1.66 1.76 1.86 1.96 2.06 2.16 2.25 2.34 2.43 2.51 2.58 2.65 2.72 2.78 2.83 2.89 2.93 2.98 3.02 3.05 3.08 3.11 3.14 3.16 3.17 3.19 3.19 3.20 3.19 3.19 3.17 3.16 3.14 3.11 3.08 3.04 3.00 2.95 2.90 2.85 2.79 2.73 2.66 2.59 2.52 2.45 2.38 2.30 2.23 2.15 2.08 2.00 1.93 1.85 1.78 1.71 1.64 1.58 1.51 1.45 1.39 1.33 1.28 1.23 1.18 1.13 1.09 1.04 1.01 0.97 0.93 0.90 0.87 0.84 0.81 0.79 0.76 0.74 0.72 0.70 0.68 0.66 0.64 0.63 0.61 0.60 0.58
0.40 0.41 0.42 0.43 0.44 0.45 0.46 0.47 0.48 0.49 0.50 0.51 0.51 0.52 0.52 0.53 0.53 0.53 0.53 0.52 0.52 0.51 0.50 0.49 0.48 0.46 0.45 0.43 0.42 0.41 0.40 0.40 0.39 0.40 0.41 0.42 0.43 0.46 0.48 0.51 0.54 0.57 0.60 0.64 0.67 0.70 0.73 0.76 0.79 0.81 0.83 0.85 0.87 0.88 0.89 0.90 0.91 0.92 0.92 0.93 0.93 0.94 0.94 0.94 0.94 0.94 0.95 0.95 0.95 0.95 0.95 0.95 0.96 0.96 0.96 0.96 0.96 0.96 0.97 0.97 0.97 0.98 0.98 0.98 0.99 0.99 1.00 1.00 1.01 1.01 1.02 1.03 1.03 1.04 1.05 1.06 1.07 1.08 1.09 1.10 1.11 1.12 1.14 1.15 1.17 1.19 1.21 1.23 1.25 1.28 1.30 1.33 1.36 1.39 1.42 1.45 1.48 1.52 1.55 1.58 1.61 1.65 1.68 1.71 1.74 1.77 1.79 1.82 1.84 1.86 1.87 1.88 1.90 1.90 1.91 1.91 1.91 1.91 1.91 1.91 1.90 1.90 1.89 1.89 1.88 1.88 1.87 1.87 1.86 1.86 1.86 1.85 1.85 1.84 1.83 1.82 1.81 1.79 1.77 1.74 1.72 1.69 1.66 1.62 1.59 1.56 1.53 1.51 1.49 1.48 1.48 1.49 1.51 1.54 1.58 1.63 1.68 1.75 1.81 1.89 1.96 2.03 2.11 2.18 2.24 2.31 2.37 2.43 2.48 2.53 2.59 2.64 2.69 2.75 2.82 2.89 2.96 3.05 3.15 3.27 3.40 3.55 3.71 3.90 4.10 4.33 4.57 4.84 5.13 5.43 5.75 6.08 6.43 6.78 7.14 7.50 7.86 8.21 8.55 8.88 9.19 9.48 9.76 10.01 10.24 10.44 10.63 10.79 10.94 11.07 11.19 11.29 11.39 11.48 11.56 11.65 11.73 11.81 11.89 11.97 12.05 12.13 12.21 12.28 12.35 12.41 12.46 12.49 12.51 12.52 12.50 12.47 12.41 12.33 12.23 12.11 11.96 11.79 11.60 11.39 11.15 10.90 10.63 10.35 10.05 9.74 9.42 9.10 8.77 8.43 8.09 7.76 7.42 7.09 6.77 6.44 6.13 5.82 5.52 5.23 4.95 4.68 4.41 4.16 3.91 3.67 3.44 3.21 3.00 2.79 2.58 2.39 2.21 2.03 1.87 1.72 1.57 1.45 1.33 1.23 1.15 1.08 1.04 1.00 0.99 1.00 1.02 1.06 1.11 1.18 1.25 1.34 1.44 1.54 1.64 1.75 1.86 1.96 2.06 2.16 2.25 2.34 2.42 2.50 2.57 2.64 2.70 2.75 2.80 2.85 2.89 2.93 2.96 2.99 3.02 3.04 3.06 3.07 3.08 3.09 3.09 3.09 3.08 3.07 3.05 3.03 3.00 2.97 2.94 2.90 2.85 2.80 2.75 2.69 2.63 2.57 2.51 2.44 2.37 2.30 2.23 2.16 2.08 2.01 1.94 1.87 1.80 1.73 1.66 1.60 1.53 1.47 1.41 1.36 1.30 1.25 1.20 1.15 1.11 1.06 1.02 0.99 0.95 0.92 0.88 0.85 0.83 0.80 0.77 0.75 0.73 0.71 0.69 0.67 0.65 0.64 0.62 0.60 0.59 0.58
0.40 0.41 0.42 0.43 0.44 0.44 0.45 0.46 0.47 0.48 0.49 0.50 0.50 0.51 0.51 0.51 0.51 0.51 0.51 0.50 0.50 0.48 0.47 0.46 0.44 0.42 0.41 0.39 0.37 0.36 0.35 0.34 0.34 0.34 0.35 0.36 0.38 0.40 0.43 0.46 0.49 0.52 0.56 0.59 0.63 0.66 0.70 0.73 0.76 0.78 0.80 0.82 0.84 0.86 0.87 0.88 0.89 0.90 0.90 0.91 0.91 0.91 0.92 0.92 0.92 0.92 0.92 0.93 0.93 0.93 0.93 0.93 0.93 0.94 0.94 0.94 0.94 0.94 0.95 0.95 0.95 0.95 0.96 0.96 0.96 0.97 0.97 0.98 0.98 0.99 0.99 1.00 1.01 1.01 1.02 1.03 1.04 1.05 1.06 1.07 1.08 1.09 1.11 1.12 1.14 1.16 1.18 1.20 1.22 1.24 1.27 1.30 1.32 1.35 1.38 1.42 1.45 1.48 1.51 1.55 1.58 1.61 1.65 1.68 1.71 1.73 1.76 1.78 1.80 1.82 1.84 1.85 1.86 1.87 1.87 1.87 1.87 1.87 1.87 1.86 1.86 1.85 1.85 1.84 1.83 1.82 1.82 1.81 1.80 1.80 1.79 1.78 1.77 1.76 1.75 1.73 1.71 1.69 1.66 1.63 1.59 1.56 1.52 1.48 1.44 1.40 1.36 1.33 1.31 1.29 1.29 1.30 1.32 1.35 1.39 1.44 1.50 1.57 1.65 1.73 1.81 1.89 1.97 2.05 2.12 2.20 2.26 2.33 2.39 2.44 2.50 2.56 2.61 2.67 2.73 2.80 2.88 2.96 3.06 3.16 3.29 3.42 3.58 3.75 3.94 4.15 4.37 4.62 4.88 5.16 5.46 5.77 6.09 6.42 6.75 7.09 7.42 7.75 8.07 8.38 8.67 8.95 9.21 9.45 9.67 9.88 10.06 10.23 10.38 10.52 10.64 10.76 10.87 10.97 11.07 11.17 11.26 11.36 11.45 11.55 11.64 11.74 11.83 11.91 11.99 12.06 12.12 12.16 12.19 12.21 12.20 12.18 12.13 12.06 11.97 11.85 11.72 11.55 11.37 11.17 10.94 10.70 10.44 10.16 9.87 9.57 9.26 8.94 8.62 8.29 7.96 7.63 7.31 6.98 6.66 6.34 6.03 5.73 5.44 5.15 4.87 4.60 4.33 4.08 3.83 3.59 3.35 3.13 2.91 2.69 2.49 2.29 2.10 1.92 1.75 1.59 1.45 1.31 1.19 1.09 1.00 0.94 0.88 0.85 0.84 0.85 0.87 0.91 0.97 1.04 1.12 1.21 1.31 1.42 1.53 1.64 1.76 1.87 1.97 2.07 2.17 2.26 2.34 2.42 2.49 2.55 2.61 2.67 2.72 2.76 2.80 2.84 2.87 2.90 2.92 2.94 2.96 2.97 2.98 2.99 2.99 2.98 2.98 2.96 2.95 2.93 2.90 2.87 2.83 2.80 2.75 2.71 2.65 2.60 2.54 2.48 2.42 2.36 2.29 2.22 2.16 2.09 2.02 1.95 1.88 1.81 1.74 1.68 1.61 1.55 1.49 1.43 1.37 1.32 1.27 1.22 1.17 1.13 1.08 1.04 1.00 0.97 0.93 0.90 0.87 0.84 0.81 0.79 0.76 0.74 0.72 0.70 0.68 0.66 0.64 0.63 0.61 0.60 0.58 0.57
0.39 0.40 0.41 0.42 0.43 0.44 0.45 0.46 0.46 0.47 0.48 0.49 0.49 0.50 0.50 0.50 0.50 0.50 0.49 0.48 0.47 0.46 0.44 0.43 0.41 0.39 0.37 0.35 0.33 0.32 0.30 0.29 0.29 0.29 0.30 0.31 0.33 0.35 0.38 0.41 0.44 0.48 0.52 0.55 0.59 0.63 0.66 0.70 0.73 0.75 0.78 0.80 0.82 0.83 0.85 0.86 0.87 0.87 0.88 0.89 0.89 0.89 0.90 0.90 0.90 0.90 0.90 0.91 0.91 0.91 0.91 0.91 0.91 0.91 0.92 0.92 0.92 0.92 0.92 0.93 0.93 0.93 0.93 0.94 0.94 0.95 0.95 0.95 0.96 0.96 0.97 0.97 0.98 0.99 0.99 1.00 1.01 1.02 1.03 1.04 1.05 1.06 1.08 1.09 1.11 1.13 1.15 1.17 1.19 1.21 1.24 1.26 1.29 1.32 1.35 1.38 1.41 1.45 1.48 1.51 1.55 1.58 1.61 1.64 1.67 1.70 1.72 1.75 1.77 1.78 1.80 1.81 1.82 1.83 1.83 1.83 1.83 1.83 1.83 1.82 1.82 1.81 1.80 1.79 1.78 1.77 1.76 1.76 1.75 1.74 1.73 1.71 1.70 1.69 1.67 1.65 1.62 1.59 1.56 1.52 1.48 1.43 1.39 1.34 1.29 1.24 1.20 1.17 1.14 1.12 1.11 1.12 1.14 1.17 1.21 1.27 1.33 1.41 1.49 1.57 1.66 1.75 1.84 1.93 2.01 2.09 2.16 2.23 2.30 2.36 2.42 2.48 2.53 2.59 2.65 2.72 2.79 2.87 2.96 3.06 3.18 3.30 3.44 3.60 3.78 3.97 4.18 4.40 4.65 4.90 5.18 5.46 5.76 6.06 6.37 6.68 6.99 7.29 7.59 7.88 8.16 8.42 8.67 8.90 9.12 9.32 9.50 9.67 9.83 9.97 10.11 10.23 10.35 10.46 10.58 10.69 10.79 10.90 11.01 11.12 11.23 11.33 11.44 11.53 11.62 11.70 11.77 11.82 11.86 11.88 11.89 11.87 11.83 11.77 11.69 11.58 11.45 11.30 11.13 10.93 10.72 10.48 10.23 9.96 9.68 9.39 9.09 8.78 8.46 8.14 7.82 7.50 7.18 6.86 6.54 6.23 5.93 5.63 5.34 5.05 4.78 4.51 4.25 3.99 3.74 3.50 3.27 3.04 2.82 2.60 2.39 2.19 2.00 1.81 1.64 1.47 1.32 1.18 1.06 0.95 0.87 0.79 0.74 0.71 0.70 0.70 0.73 0.77 0.83 0.91 0.99 1.09 1.20 1.31 1.43 1.54 1.66 1.77 1.88 1.99 2.08 2.17 2.26 2.34 2.41 2.47 2.53 2.58 2.63 2.68 2.71 2.75 2.78 2.80 2.83 2.85 2.86 2.87 2.88 2.89 2.89 2.88 2.87 2.86 2.84 2.82 2.80 2.77 2.73 2.70 2.65 2.61 2.56 2.51 2.45 2.40 2.34 2.27 2.21 2.15 2.08 2.02 1.95 1.88 1.82 1.75 1.69 1.63 1.57 1.51 1.45 1.39 1.34 1.29 1.24 1.19 1.14 1.10 1.06 1.02 0.98 0.95 0.91 0.88 0.85 0.82 0.80 0.77 0.75 0.73 0.71 0.69 0.67 0.65 0.63 0.62 0.60 0.59 0.58 0.56
0.39 0.40 0.41 0.41 0.42 0.43 0.44 0.45 0.46 0.46 0.47 0.48 0.48 0.48 0.49 0.49 0.48 0.48 0.47 0.46 0.45 0.44 0.42 0.40 0.38 0.36 0.33 0.31 0.29 0.27 0.26 0.25 0.24 0.24 0.25 0.26 0.28 0.30 0.33 0.36 0.40 0.44 0.48 0.52 0.56 0.59 0.63 0.67 0.70 0.72 0.75 0.77 0.79 0.81 0.82 0.83 0.84 0.85 0.86 0.86 0.87 0.87 0.88 0.88 0.88 0.88 0.88 0.89 0.89 0.89 0.89 0.89 0.89 0.89 0.90 0.90 0.90 0.90 0.90 0.91 0.91 0.91 0.91 0.92 0.92 0.92 0.93 0.93 0.93 0.94 0.94 0.95 0.96 0.96 0.97 0.98 0.98 0.99 1.00 1.01 1.02 1.04 1.05 1.06 1.08 1.10 1.12 1.14 1.16 1.18 1.21 1.23 1.26 1.29 1.32 1.35 1.38 1.41 1.45 1.48 1.51 1.54 1.57 1.60 1.63 1.66 1.69 1.71 1.73 1.75 1.76 1.77 1.78 1.79 1.79 1.79 1.79 1.79 1.78 1.78 1.77 1.76 1.75 1.74 1.73 1.72 1.71 1.70 1.69 1.68 1.67 1.65 1.63 1.62 1.59 1.57 1.54 1.50 1.46 1.42 1.37 1.32 1.26 1.21 1.15 1.10 1.05 1.01 0.98 0.95 0.94 0.95 0.96 1.00 1.04 1.10 1.17 1.25 1.34 1.43 1.53 1.62 1.72 1.81 1.90 1.99 2.07 2.14 2.21 2.28 2.34 2.40 2.46 2.52 2.58 2.64 2.71 2.79 2.87 2.97 3.07 3.19 3.32 3.46 3.62 3.80 3.99 4.19 4.41 4.65 4.90 5.16 5.43 5.71 5.99 6.28 6.56 6.85 7.13 7.40 7.66 7.91 8.14 8.37 8.58 8.77 8.96 9.13 9.28 9.43 9.57 9.71 9.84 9.96 10.09 10.21 10.33 10.45 10.57 10.69 10.81 10.93 11.04 11.14 11.24 11.33 11.41 11.47 11.52 11.55 11.56 11.55 11.52 11.47 11.40 11.30 11.18 11.03 10.87 10.68 10.47 10.25 10.01 9.75 9.48 9.19 8.90 8.60 8.29 7.98 7.67 7.35 7.04 6.72 6.42 6.11 5.81 5.52 5.23 4.95 4.68 4.42 4.16 3.90 3.66 3.42 3.18 2.95 2.73 2.51 2.30 2.09 1.90 1.71 1.53 1.36 1.21 1.07 0.94 0.83 0.74 0.66 0.61 0.58 0.45 0.57 0.60 0.64 0.71 0.78 0.88 0.98 1.09 1.21 1.33 1.45 1.57 1.68 1.79 1.90 2.00 2.09 2.18 2.26 2.33 2.39 2.45 2.50 2.55 2.59 2.63 2.66 2.69 2.71 2.73 2.75 2.76 2.77 2.78 2.78 2.78 2.78 2.77 2.76 2.74 2.72 2.69 2.66 2.63 2.60 2.56 2.51 2.47 2.42 2.36 2.31 2.25 2.19 2.13 2.07 2.01 1.95 1.88 1.82 1.76 1.70 1.64 1.58 1.52 1.46 1.41 1.35 1.30 1.25 1.20 1.16 1.11 1.07 1.03 1.00 0.96 0.93 0.90 0.87 0.84 0.81 0.78 0.76 0.74 0.72 0.70 0.68 0.66 0.64 0.63 0.61 0.60 0.58 0.57 0.56
0.38 0.39 0.40 0.41 0.42 0.43 0.43 0.44 0.45 0.46 0.46 0.47 0.47 0.47 0.48 0.47 0.47 0.47 0.46 0.45 0.43 0.41 0.39 0.37 0.35 0.32 0.30 0.28 0.25 0.23 0.22 0.20 0.20 0.20 0.20 0.21 0.23 0.26 0.29 0.32 0.36 0.40 0.44 0.48 0.52 0.56 0.60 0.64 0.67 0.70 0.73 0.75 0.77 0.79 0.80 0.81 0.82 0.83 0.84 0.84 0.85 0.85 0.86 0.86 0.86 0.86 0.86 0.87 0.87 0.87 0.87 0.87 0.87 0.87 0.88 0.88 0.88 0.88 0.88 0.89 0.89 0.89 0.89 0.90 0.90 0.90 0.90 0.91 0.91 0.92 0.92 0.93 0.93 0.94 0.94 0.95 0.96 0.97 0.98 0.99 1.00 1.01 1.02 1.04 1.05 1.07 1.09 1.11 1.13 1.15 1.17 1.20 1.23 1.25 1.28 1.31 1.35 1.38 1.41 1.44 1.48 1.51 1.54 1.57 1.60 1.62 1.65 1.67 1.69 1.71 1.72 1.73 1.74 1.75 1.75 1.75 1.75 1.75 1.74 1.73 1.73 1.72 1.71 1.70 1.69 1.67 1.66 1.65 1.64 1.62 1.61 1.59 1.57 1.55 1.52 1.49 1.46 1.42 1.37 1.32 1.27 1.21 1.15 1.09 1.03 0.97 0.91 0.87 0.83 0.80 0.79 0.79 0.81 0.84 0.88 0.95 1.02 1.10 1.20 1.30 1.40 1.50 1.61 1.71 1.80 1.90 1.98 2.06 2.13 2.20 2.27 2.33 2.39 2.45 2.51 2.57 2.64 2.71 2.79 2.87 2.97 3.08 3.19 3.33 3.47 3.63 3.80 3.99 4.19 4.41 4.63 4.87 5.12 5.37 5.63 5.89 6.16 6.42 6.68 6.93 7.17 7.41 7.63 7.85 8.05 8.24 8.42 8.59 8.75 8.91 9.05 9.20 9.33 9.47 9.60 9.73 9.87 10.00 10.13 10.26 10.39 10.52 10.64 10.75 10.86 10.96 11.04 11.11 11.17 11.21 11.23 11.23 11.20 11.16 11.09 11.00 10.89 10.75 10.60 10.42 10.22 10.00 9.77 9.52 9.26 8.98 8.70 8.41 8.11 7.81 7.50 7.19 6.89 6.58 6.28 5.98 5.69 5.40 5.12 4.85 4.58 4.32 4.06 3.81 3.57 3.33 3.09 2.86 2.64 2.42 2.21 2.00 1.80 1.61 1.43 1.26 1.10 0.96 0.83 0.72 0.62 0.45 0.45 0.45 0.09 0.45 0.45 0.45 0.60 0.68 0.77 0.88 0.99 1.11 1.23 1.36 1.48 1.60 1.71 1.82 1.92 2.02 2.10 2.18 2.25 2.31 2.37 2.42 2.47 2.50 2.54 2.57 2.60 2.62 2.64 2.66 2.67 2.68 2.68 2.68 2.68 2.68 2.67 2.65 2.64 2.62 2.59 2.56 2.53 2.50 2.46 2.42 2.37 2.32 2.27 2.22 2.17 2.11 2.06 2.00 1.94 1.88 1.82 1.76 1.70 1.64 1.58 1.53 1.47 1.42 1.36 1.31 1.26 1.22 1.17 1.13 1.09 1.05 1.01 0.97 0.94 0.91 0.88 0.85 0.82 0.80 0.77 0.75 0.73 0.71 0.69 0.67 0.65 0.63 0.62 0.60 0.59 0.57 0.56 0.55
0.38 0.39 0.39 0.40 0.41 0.42 0.43 0.43 0.44 0.45 0.45 0.46 0.46 0.46 0.46 0.46 0.46 0.45 0.44 0.43 0.41 0.39 0.37 0.35 0.32 0.30 0.27 0.24 0.22 0.20 0.18 0.17 0.16 0.09 0.16 0.18 0.19 0.22 0.25 0.28 0.32 0.36 0.41 0.45 0.49 0.53 0.57 0.61 0.64 0.67 0.70 0.73 0.75 0.77 0.78 0.79 0.80 0.81 0.82 0.83 0.83 0.83 0.84 0.84 0.84 0.84 0.85 0.85 0.85 0.85 0.85 0.85 0.85 0.86 0.86 0.86 0.86 0.86 0.86 0.87 0.87 0.87 0.87 0.88 0.88 0.88 0.88 0.89 0.89 0.90 0.90 0.90 0.91 0.92 0.92 0.93 0.94 0.94 0.95 0.96 0.97 0.98 1.00 1.01 1.02 1.04 1.06 1.08 1.10 1.12 1.14 1.17 1.19 1.22 1.25 1.28 1.31 1.34 1.37 1.41 1.44 1.47 1.50 1.53 1.56 1.58 1.61 1.63 1.65 1.67 1.68 1.69 1.70 1.70 1.71 1.71 1.71 1.70 1.70 1.69 1.68 1.67 1.66 1.65 1.64 1.63 1.61 1.60 1.58 1.57 1.55 1.53 1.51 1.49 1.46 1.42 1.39 1.34 1.29 1.24 1.18 1.11 1.05 0.98 0.91 0.85 0.79 0.73 0.69 0.66 0.65 0.64 0.66 0.69 0.74 0.80 0.88 0.97 1.07 1.17 1.28 1.39 1.50 1.61 1.71 1.81 1.90 1.98 2.06 2.13 2.20 2.26 2.32 2.38 2.44 2.50 2.56 2.63 2.70 2.78 2.87 2.97 3.08 3.20 3.33 3.47 3.63 3.80 3.98 4.17 4.38 4.60 4.82 5.05 5.29 5.53 5.77 6.01 6.25 6.48 6.71 6.93 7.15 7.35 7.55 7.73 7.91 8.08 8.24 8.40 8.55 8.70 8.84 8.99 9.13 9.27 9.41 9.56 9.70 9.84 9.98 10.11 10.24 10.36 10.48 10.58 10.67 10.75 10.81 10.86 10.88 10.89 10.87 10.84 10.78 10.69 10.59 10.46 10.31 10.14 9.96 9.75 9.52 9.28 9.03 8.76 8.49 8.21 7.92 7.62 7.32 7.03 6.73 6.43 6.14 5.85 5.56 5.28 5.01 4.74 4.47 4.22 3.96 3.72 3.48 3.24 3.01 2.78 2.55 2.34 2.12 1.92 1.72 1.52 1.34 1.17 1.01 0.86 0.73 0.62 0.45 0.09 0.09 0.09 0.09 0.09 0.09 0.09 0.45 0.58 0.68 0.79 0.91 1.03 1.15 1.28 1.40 1.52 1.64 1.75 1.85 1.94 2.03 2.10 2.17 2.24 2.29 2.34 2.38 2.42 2.45 2.48 2.51 2.53 2.55 2.56 2.57 2.58 2.58 2.58 2.58 2.58 2.57 2.55 2.54 2.52 2.49 2.47 2.43 2.40 2.36 2.32 2.28 2.24 2.19 2.14 2.09 2.03 1.98 1.92 1.87 1.81 1.75 1.70 1.64 1.59 1.53 1.48 1.42 1.37 1.32 1.28 1.23 1.18 1.14 1.10 1.06 1.02 0.99 0.95 0.92 0.89 0.86 0.83 0.81 0.78 0.76 0.73 0.71 0.69 0.67 0.66 0.64 0.62 0.61 0.59 0.58 0.57 0.55 0.54
0.37 0.38 0.39 0.40 0.41 0.41 0.42 0.43 0.43 0.44 0.45 0.45 0.45 0.45 0.45 0.45 0.45 0.44 0.43 0.41 0.40 0.38 0.35 0.33 0.30 0.27 0.24 0.22 0.19 0.17 0.09 0.09 0.09 0.09 0.09 0.09 0.09 0.19 0.22 0.25 0.29 0.33 0.38 0.42 0.47 0.51 0.55 0.59 0.62 0.65 0.68 0.71 0.73 0.75 0.76 0.77 0.78 0.79 0.80 0.81 0.81 0.82 0.82 0.82 0.82 0.83 0.83 0.83 0.83 0.83 0.83 0.84 0.84 0.84 0.84 0.84 0.84 0.84 0.85 0.85 0.85 0.85 0.85 0.86 0.86 0.86 0.86 0.87 0.87 0.87 0.88 0.88 0.89 0.89 0.90 0.90 0.91 0.92 0.93 0.94 0.95 0.96 0.97 0.98 1.00 1.01 1.03 1.05 1.07 1.09 1.11 1.14 1.16 1.19 1.22 1.25 1.28 1.31 1.34 1.37 1.40 1.43 1.46 1.49 1.52 1.54 1.57 1.59 1.61 1.62 1.64 1.65 1.66 1.66 1.66 1.66 1.66 1.66 1.65 1.64 1.64 1.63 1.61 1.60 1.59 1.58 1.56 1.55 1.53 1.52 1.50 1.48 1.46 1.43 1.40 1.36 1.32 1.27 1.22 1.16 1.09 1.03 0.95 0.88 0.81 0.74 0.67 0.62 0.57 0.54 0.52 0.45 0.53 0.56 0.61 0.68 0.76 0.85 0.95 1.06 1.18 1.29 1.41 1.52 1.63 1.73 1.82 1.91 1.99 2.07 2.14 2.20 2.26 2.32 2.38 2.43 2.49 2.56 2.62 2.70 2.78 2.87 2.96 3.07 3.19 3.32 3.46 3.61 3.78 3.95 4.14 4.33 4.54 4.75 4.96 5.18 5.40 5.62 5.84 6.06 6.27 6.48 6.68 6.87 7.06 7.24 7.42 7.59 7.75 7.91 8.07 8.22 8.37 8.52 8.67 8.82 8.97 9.12 9.27 9.42 9.56 9.70 9.84 9.97 10.09 10.20 10.30 10.38 10.45 10.50 10.53 10.55 10.54 10.51 10.45 10.38 10.28 10.16 10.02 9.86 9.68 9.48 9.27 9.04 8.79 8.54 8.27 8.00 7.71 7.43 7.14 6.85 6.56 6.27 5.99 5.71 5.43 5.15 4.89 4.62 4.36 4.11 3.86 3.62 3.38 3.15 2.92 2.69 2.47 2.26 2.04 1.84 1.64 1.45 1.26 1.09 0.93 0.79 0.65 0.45 0.09 0.09 0.09 0.09 0.09 0.09 0.09 0.09 0.09 0.45 0.61 0.72 0.83 0.96 1.08 1.21 1.33 1.46 1.57 1.68 1.78 1.87 1.96 2.03 2.10 2.16 2.21 2.26 2.30 2.34 2.37 2.40 2.42 2.44 2.46 2.47 2.48 2.48 2.49 2.49 2.48 2.48 2.47 2.45 2.44 2.42 2.39 2.37 2.34 2.31 2.27 2.23 2.19 2.15 2.10 2.06 2.01 1.96 1.90 1.85 1.80 1.74 1.69 1.64 1.58 1.53 1.48 1.43 1.38 1.33 1.28 1.24 1.19 1.15 1.11 1.07 1.03 1.00 0.96 0.93 0.90 0.87 0.84 0.81 0.79 0.77 0.74 0.72 0.70 0.68 0.66 0.65 0.63 0.61 0.60 0.59 0.57 0.56 0.55 0.54
0.37 0.38 0.38 0.39 0.40 0.41 0.41 0.42 0.43 0.43 0.44 0.44 0.44 0.45 0.44 0.44 0.44 0.43 0.42 0.40 0.38 0.36 0.34 0.31 0.28 0.25 0.22 0.20 0.17 0.09 0.09 0.09 0.09 0.09 0.09 0.09 0.09 0.09 0.19 0.23 0.27 0.31 0.35 0.40 0.44 0.49 0.53 0.57 0.60 0.63 0.66 0.69 0.71 0.73 0.74 0.76 0.77 0.78 0.78 0.79 0.79 0.80 0.80 0.80 0.81 0.81 0.81 0.81 0.81 0.82 0.82 0.82 0.82 0.82 0.82 0.82 0.82 0.83 0.83 0.83 0.83 0.83 0.83 0.84 0.84 0.84 0.84 0.85 0.85 0.85 0.86 0.86 0.87 0.87 0.88 0.88 0.89 0.90 0.90 0.91 0.92 0.93 0.94 0.96 0.97 0.99 1.00 1.02 1.04 1.06 1.08 1.11 1.13 1.16 1.18 1.21 1.24 1.27 1.30 1.33 1.36 1.39 1.42 1.45 1.48 1.50 1.52 1.54 1.56 1.58 1.59 1.60 1.61 1.62 1.62 1.62 1.62 1.61 1.61 1.60 1.59 1.58 1.57 1.56 1.54 1.53 1.52 1.50 1.49 1.47 1.45 1.43 1.40 1.37 1.34 1.30 1.26 1.21 1.15 1.09 1.02 0.95 0.87 0.80 0.72 0.64 0.58 0.52 0.45 0.43 0.41 0.03 0.42 0.45 0.45 0.57 0.65 0.75 0.85 0.96 1.08 1.20 1.32 1.44 1.55 1.66 1.75 1.85 1.93 2.01 2.08 2.14 2.20 2.26 2.32 2.37 2.43 2.49 2.55 2.62 2.69 2.77 2.86 2.96 3.06 3.18 3.31 3.44 3.59 3.75 3.91 4.09 4.27 4.46 4.65 4.85 5.05 5.25 5.46 5.66 5.86 6.05 6.24 6.43 6.61 6.78 6.95 7.12 7.28 7.44 7.60 7.76 7.92 8.07 8.23 8.38 8.54 8.70 8.85 9.01 9.16 9.30 9.45 9.58 9.71 9.82 9.92 10.01 10.09 10.14 10.18 10.20 10.19 10.17 10.12 10.05 9.96 9.85 9.72 9.57 9.40 9.21 9.00 8.78 8.54 8.30 8.04 7.78 7.51 7.23 6.95 6.67 6.39 6.11 5.83 5.56 5.29 5.02 4.76 4.50 4.25 4.01 3.76 3.53 3.29 3.06 2.84 2.62 2.40 2.18 1.97 1.77 1.57 1.38 1.20 1.03 0.87 0.73 0.59 0.45 0.09 0.09 0.09 0.09 0.09 0.09 0.09 0.09 0.09 0.45 0.55 0.66 0.78 0.90 1.03 1.15 1.28 1.40 1.51 1.62 1.72 1.81 1.89 1.96 2.03 2.09 2.14 2.18 2.22 2.26 2.29 2.31 2.33 2.35 2.37 2.38 2.39 2.39 2.39 2.39 2.39 2.38 2.37 2.36 2.34 2.32 2.30 2.27 2.24 2.21 2.18 2.14 2.10 2.06 2.02 1.97 1.93 1.88 1.83 1.78 1.73 1.68 1.63 1.58 1.53 1.48 1.43 1.38 1.33 1.29 1.24 1.20 1.16 1.12 1.08 1.04 1.01 0.97 0.94 0.91 0.88 0.85 0.82 0.80 0.77 0.75 0.73 0.71 0.69 0.67 0.65 0.64 0.62 0.61 0.59 0.58 0.56 0.55 0.54 0.53
0.37 0.37 0.38 0.39 0.39 0.40 0.41 0.42 0.42 0.43 0.43 0.43 0.44 0.44 0.44 0.43 0.43 0.42 0.40 0.39 0.37 0.35 0.32 0.30 0.27 0.24 0.21 0.18 0.15 0.09 0.09 0.09 0.08 0.08 0.08 0.09 0.09 0.09 0.17 0.21 0.25 0.29 0.33 0.38 0.42 0.47 0.51 0.55 0.58 0.62 0.64 0.67 0.69 0.71 0.73 0.74 0.75 0.76 0.77 0.77 0.78 0.78 0.79 0.79 0.79 0.79 0.79 0.80 0.80 0.80 0.80 0.80 0.80 0.80 0.80 0.81 0.81 0.81 0.81 0.81 0.81 0.82 0.82 0.82 0.82 0.82 0.83 0.83 0.83 0.84 0.84 0.84 0.85 0.85 0.86 0.86 0.87 0.87 0.88 0.89 0.90 0.91 0.92 0.93 0.95 0.96 0.98 0.99 1.01 1.03 1.05 1.08 1.10 1.12 1.15 1.18 1.21 1.24 1.27 1.29 1.32 1.35 1.38 1.41 1.43 1.46 1.48 1.50 1.52 1.53 1.55 1.56 1.56 1.57 1.57 1.57 1.57 1.57 1.56 1.55 1.54 1.53 1.52 1.51 1.50 1.49 1.47 1.46 1.44 1.42 1.40 1.38 1.35 1.32 1.29 1.25 1.20 1.15 1.09 1.03 0.96 0.88 0.80 0.72 0.64 0.57 0.49 0.43 0.03 0.03 0.03 0.03 0.03 0.03 0.03 0.45 0.56 0.66 0.77 0.88 1.00 1.13 1.25 1.37 1.48 1.59 1.69 1.79 1.87 1.95 2.02 2.09 2.15 2.21 2.26 2.31 2.37 2.42 2.48 2.54 2.61 2.68 2.76 2.85 2.94 3.05 3.16 3.28 3.41 3.55 3.70 3.86 4.02 4.19 4.37 4.54 4.73 4.91 5.10 5.28 5.47 5.65 5.83 6.00 6.18 6.35 6.51 6.68 6.84 7.00 7.16 7.32 7.48 7.64 7.80 7.96 8.12 8.28 8.44 8.60 8.76 8.91 9.06 9.19 9.32 9.44 9.55 9.64 9.72 9.78 9.82 9.84 9.84 9.83 9.78 9.72 9.64 9.54 9.41 9.27 9.10 8.92 8.73 8.51 8.29 8.05 7.80 7.55 7.29 7.02 6.75 6.48 6.21 5.94 5.67 5.40 5.14 4.88 4.63 4.38 4.14 3.90 3.66 3.43 3.20 2.98 2.76 2.54 2.33 2.12 1.91 1.71 1.52 1.33 1.15 0.98 0.83 0.68 0.55 0.44 0.09 0.09 0.09 0.09 0.09 0.09 0.09 0.09 0.09 0.41 0.51 0.62 0.74 0.86 0.98 1.10 1.23 1.34 1.46 1.56 1.66 1.75 1.83 1.90 1.96 2.02 2.07 2.11 2.15 2.18 2.21 2.23 2.25 2.27 2.28 2.29 2.29 2.30 2.30 2.30 2.29 2.29 2.28 2.26 2.25 2.23 2.20 2.18 2.15 2.12 2.09 2.06 2.02 1.98 1.94 1.90 1.85 1.81 1.76 1.71 1.67 1.62 1.57 1.52 1.47 1.43 1.38 1.34 1.29 1.25 1.20 1.16 1.12 1.09 1.05 1.01 0.98 0.95 0.92 0.89 0.86 0.83 0.81 0.78 0.76 0.74 0.72 0.70 0.68 0.66 0.64 0.63 0.61 0.60 0.58 0.57 0.56 0.54 0.53 0.52
0.36 0.37 0.38 0.38 0.39 0.40 0.40 0.41 0.42 0.42 0.42 0.43 0.43 0.43 0.43 0.42 0.42 0.41 0.40 0.38 0.36 0.34 0.31 0.29 0.26 0.23 0.20 0.17 0.14 0.09 0.09 0.08 0.07 0.07 0.07 0.08 0.09 0.09 0.16 0.19 0.23 0.28 0.32 0.36 0.41 0.45 0.49 0.53 0.57 0.60 0.63 0.65 0.67 0.69 0.71 0.72 0.73 0.74 0.75 0.76 0.76 0.77 0.77 0.77 0.77 0.78 0.78 0.78 0.78 0.78 0.78 0.78 0.79 0.79 0.79 0.79 0.79 0.79 0.79 0.80 0.80 0.80 0.80 0.80 0.80 0.81 0.81 0.81 0.81 0.82 0.82 0.82 0.83 0.83 0.84 0.84 0.85 0.85 0.86 0.87 0.88 0.89 0.90 0.91 0.92 0.93 0.95 0.97 0.98 1.00 1.02 1.05 1.07 1.09 1.12 1.14 1.17 1.20 1.23 1.26 1.28 1.31 1.34 1.37 1.39 1.41 1.44 1.45 1.47 1.49 1.50 1.51 1.52 1.52 1.52 1.52 1.52 1.52 1.51 1.51 1.50 1.49 1.48 1.47 1.45 1.44 1.43 1.41 1.40 1.38 1.36 1.33 1.31 1.28 1.24 1.20 1.15 1.10 1.04 0.97 0.90 0.83 0.75 0.66 0.58 0.50 0.43 0.03 0.03 0.03 0.03 0.03 0.03 0.03 0.03 0.03 0.45 0.59 0.70 0.81 0.94 1.06 1.19 1.31 1.43 1.54 1.64 1.73 1.82 1.90 1.97 2.04 2.10 2.16 2.21 2.26 2.31 2.36 2.41 2.47 2.53 2.60 2.67 2.74 2.83 2.92 3.02 3.13 3.25 3.37 3.50 3.64 3.79 3.94 4.10 4.26 4.43 4.59 4.76 4.93 5.10 5.27 5.44 5.61 5.78 5.94 6.10 6.26 6.42 6.58 6.74 6.90 7.07 7.23 7.39 7.56 7.72 7.88 8.05 8.21 8.37 8.52 8.67 8.81 8.94 9.07 9.18 9.27 9.35 9.41 9.46 9.49 9.49 9.48 9.44 9.39 9.31 9.21 9.10 8.96 8.81 8.63 8.45 8.24 8.03 7.80 7.56 7.32 7.07 6.81 6.55 6.29 6.02 5.76 5.50 5.25 4.99 4.74 4.50 4.26 4.02 3.79 3.56 3.33 3.11 2.89 2.68 2.47 2.26 2.06 1.86 1.66 1.47 1.29 1.12 0.95 0.80 0.66 0.45 0.09 0.09 0.09 0.09 0.09 0.09 0.09 0.09 0.09 0.09 0.09 0.45 0.60 0.71 0.83 0.95 1.07 1.19 1.30 1.41 1.51 1.60 1.69 1.77 1.84 1.90 1.95 2.00 2.04 2.07 2.10 2.13 2.15 2.17 2.18 2.19 2.20 2.21 2.21 2.21 2.21 2.20 2.19 2.18 2.17 2.15 2.14 2.11 2.09 2.06 2.03 2.00 1.97 1.93 1.90 1.86 1.82 1.78 1.73 1.69 1.65 1.60 1.56 1.51 1.47 1.42 1.38 1.33 1.29 1.25 1.21 1.17 1.13 1.09 1.05 1.02 0.99 0.95 0.92 0.89 0.86 0.84 0.81 0.79 0.76 0.74 0.72 0.70 0.68 0.66 0.65 0.63 0.62 0.60 0.59 0.57 0.56 0.55 0.54 0.53 0.51
0.36 0.36 0.37 0.38 0.38 0.39 0.40 0.40 0.41 0.41 0.42 0.42 0.42 0.42 0.42 0.42 0.41 0.40 0.39 0.37 0.35 0.33 0.31 0.28 0.25 0.22 0.19 0.16 0.09 0.09 0.09 0.08 0.07 0.06 0.07 0.08 0.09 0.09 0.09 0.19 0.23 0.27 0.31 0.36 0.40 0.44 0.48 0.52 0.55 0.59 0.61 0.64 0.66 0.68 0.69 0.71 0.72 0.73 0.73 0.74 0.75 0.75 0.75 0.76 0.76 0.76 0.76 0.76 0.77 0.77 0.77 0.77 0.77 0.77 0.77 0.77 0.78 0.78 0.78 0.78 0.78 0.78 0.78 0.79 0.79 0.79 0.79 0.79 0.80 0.80 0.80 0.81 0.81 0.81 0.82 0.82 0.83 0.83 0.84 0.85 0.86 0.86 0.87 0.88 0.90 0.91 0.92 0.94 0.96 0.98 0.99 1.02 1.04 1.06 1.09 1.11 1.14 1.16 1.19 1.22 1.24 1.27 1.30 1.32 1.35 1.37 1.39 1.41 1.43 1.44 1.45 1.46 1.47 1.47 1.48 1.48 1.47 1.47 1.47 1.46 1.45 1.44 1.43 1.42 1.41 1.40 1.38 1.37 1.35 1.33 1.31 1.29 1.27 1.23 1.20 1.16 1.11 1.06 1.00 0.93 0.86 0.78 0.70 0.62 0.53 0.46 0.38 0.03 0.03 0.03 0.03 0.03 0.03 0.03 0.03 0.03 0.43 0.53 0.64 0.76 0.88 1.01 1.14 1.26 1.38 1.49 1.59 1.69 1.78 1.86 1.93 1.99 2.05 2.11 2.16 2.21 2.26 2.30 2.35 2.40 2.46 2.52 2.58 2.65 2.72 2.80 2.89 2.99 3.09 3.20 3.32 3.44 3.57 3.71 3.85 4.00 4.15 4.30 4.46 4.61 4.77 4.93 5.09 5.24 5.40 5.56 5.72 5.87 6.03 6.19 6.35 6.51 6.67 6.84 7.00 7.17 7.33 7.50 7.66 7.83 7.99 8.14 8.29 8.44 8.57 8.69 8.80 8.90 8.98 9.05 9.10 9.13 9.14 9.13 9.10 9.05 8.98 8.89 8.78 8.65 8.50 8.34 8.16 7.97 7.76 7.54 7.31 7.08 6.84 6.59 6.34 6.09 5.84 5.58 5.33 5.09 4.84 4.60 4.36 4.13 3.90 3.67 3.45 3.24 3.02 2.81 2.61 2.40 2.20 2.00 1.81 1.62 1.44 1.26 1.09 0.93 0.78 0.65 0.53 0.42 0.09 0.09 0.09 0.09 0.09 0.09 0.09 0.09 0.09 0.39 0.48 0.59 0.70 0.81 0.93 1.04 1.16 1.27 1.37 1.47 1.56 1.64 1.71 1.78 1.83 1.88 1.93 1.97 2.00 2.03 2.05 2.07 2.09 2.10 2.11 2.12 2.12 2.12 2.12 2.12 2.11 2.10 2.09 2.08 2.06 2.05 2.03 2.00 1.98 1.95 1.92 1.89 1.85 1.82 1.78 1.74 1.70 1.66 1.62 1.58 1.54 1.50 1.45 1.41 1.37 1.33 1.29 1.25 1.21 1.17 1.13 1.09 1.06 1.02 0.99 0.96 0.93 0.90 0.87 0.84 0.82 0.79 0.77 0.75 0.73 0.71 0.69 0.67 0.65 0.64 0.62 0.61 0.59 0.58 0.56 0.55 0.54 0.53 0.52 0.51
0.35 0.36 0.37 0.37 0.38 0.39 0.39 0.40 0.40 0.41 0.41 0.42 0.42 0.42 0.41 0.41 0.40 0.39 0.38 0.37 0.35 0.33 0.30 0.28 0.25 0.22 0.19 0.16 0.14 0.09 0.09 0.08 0.07 0.07 0.07 0.08 0.09 0.09 0.15 0.19 0.22 0.26 0.31 0.35 0.39 0.43 0.47 0.51 0.54 0.58 0.60 0.63 0.65 0.67 0.68 0.69 0.70 0.71 0.72 0.73 0.73 0.73 0.74 0.74 0.74 0.75 0.75 0.75 0.75 0.75 0.75 0.75 0.76 0.76 0.76 0.76 0.76 0.76 0.76 0.76 0.77 0.77 0.77 0.77 0.77 0.77 0.78 0.78 0.78 0.78 0.79 0.79 0.79 0.80 0.80 0.80 0.81 0.81 0.82 0.83 0.83 0.84 0.85 0.86 0.87 0.89 0.90 0.91 0.93 0.95 0.97 0.99 1.01 1.03 1.05 1.08 1.10 1.13 1.15 1.18 1.21 1.23 1.26 1.28 1.30 1.32 1.34 1.36 1.38 1.39 1.40 1.41 1.42 1.42 1.43 1.43 1.43 1.42 1.42 1.41 1.40 1.40 1.39 1.38 1.36 1.35 1.34 1.33 1.31 1.29 1.27 1.25 1.23 1.20 1.16 1.12 1.07 1.02 0.96 0.90 0.82 0.75 0.67 0.58 0.50 0.42 0.35 0.03 0.03 0.03 0.03 0.03 0.03 0.03 0.03 0.03 0.40 0.50 0.61 0.72 0.85 0.97 1.10 1.22 1.34 1.45 1.55 1.65 1.74 1.82 1.89 1.95 2.01 2.06 2.11 2.16 2.20 2.25 2.29 2.34 2.39 2.44 2.50 2.56 2.62 2.70 2.77 2.86 2.95 3.05 3.15 3.26 3.38 3.50 3.63 3.76 3.89 4.03 4.17 4.32 4.46 4.61 4.76 4.91 5.06 5.21 5.36 5.51 5.67 5.82 5.98 6.14 6.30 6.46 6.63 6.79 6.96 7.13 7.29 7.46 7.62 7.77 7.92 8.07 8.20 8.32 8.44 8.54 8.62 8.69 8.74 8.77 8.79 8.78 8.75 8.71 8.65 8.56 8.46 8.34 8.20 8.04 7.87 7.69 7.49 7.28 7.06 6.84 6.61 6.37 6.13 5.89 5.64 5.40 5.16 4.92 4.69 4.45 4.22 4.00 3.78 3.56 3.35 3.14 2.94 2.73 2.53 2.34 2.15 1.96 1.77 1.59 1.41 1.24 1.08 0.93 0.78 0.65 0.54 0.43 0.09 0.09 0.09 0.09 0.09 0.09 0.09 0.09 0.09 0.41 0.49 0.59 0.70 0.80 0.91 1.03 1.13 1.24 1.34 1.43 1.51 1.59 1.66 1.72 1.77 1.82 1.86 1.90 1.93 1.95 1.98 1.99 2.01 2.02 2.03 2.03 2.04 2.04 2.04 2.03 2.03 2.02 2.01 1.99 1.98 1.96 1.94 1.92 1.89 1.87 1.84 1.81 1.78 1.74 1.71 1.67 1.64 1.60 1.56 1.52 1.48 1.44 1.40 1.36 1.32 1.28 1.24 1.20 1.17 1.13 1.09 1.06 1.03 0.99 0.96 0.93 0.90 0.88 0.85 0.82 0.80 0.78 0.75 0.73 0.71 0.69 0.67 0.66 0.64 0.62 0.61 0.60 0.58 0.57 0.56 0.54 0.53 0.52 0.51 0.50
0.35 0.36 0.36 0.37 0.37 0.38 0.39 0.39 0.40 0.40 0.41 0.41 0.41 0.41 0.41 0.41 0.40 0.39 0.38 0.36 0.35 0.33 0.30 0.28 0.25 0.22 0.19 0.17 0.14 0.09 0.09 0.09 0.08 0.07 0.08 0.09 0.09 0.09 0.16 0.19 0.23 0.27 0.31 0.35 0.39 0.43 0.47 0.50 0.54 0.57 0.59 0.62 0.64 0.65 0.67 0.68 0.69 0.70 0.71 0.71 0.72 0.72 0.72 0.73 0.73 0.73 0.73 0.73 0.74 0.74 0.74 0.74 0.74 0.74 0.74 0.74 0.75 0.75 0.75 0.75 0.75 0.75 0.75 0.75 0.76 0.76 0.76 0.76 0.76 0.77 0.77 0.77 0.77 0.78 0.78 0.79 0.79 0.80 0.80 0.81 0.81 0.82 0.83 0.84 0.85 0.86 0.88 0.89 0.90 0.92 0.94 0.96 0.98 1.00 1.02 1.04 1.07 1.09 1.12 1.14 1.17 1.19 1.21 1.24 1.26 1.28 1.30 1.31 1.33 1.34 1.35 1.36 1.37 1.38 1.38 1.38 1.38 1.37 1.37 1.36 1.36 1.35 1.34 1.33 1.32 1.31 1.30 1.29 1.27 1.25 1.24 1.21 1.19 1.16 1.13 1.09 1.04 0.99 0.93 0.87 0.80 0.72 0.64 0.56 0.48 0.41 0.03 0.03 0.03 0.03 0.03 0.03 0.03 0.03 0.03 0.03 0.03 0.45 0.59 0.70 0.82 0.95 1.07 1.19 1.31 1.42 1.52 1.62 1.70 1.78 1.85 1.91 1.97 2.02 2.07 2.11 2.16 2.20 2.24 2.28 2.32 2.37 2.42 2.47 2.53 2.60 2.67 2.74 2.82 2.91 3.00 3.09 3.20 3.31 3.42 3.54 3.66 3.78 3.91 4.04 4.18 4.31 4.45 4.59 4.74 4.88 5.03 5.17 5.32 5.48 5.63 5.79 5.95 6.11 6.27 6.44 6.60 6.77 6.93 7.10 7.26 7.41 7.56 7.70 7.84 7.96 8.07 8.17 8.26 8.33 8.38 8.42 8.43 8.43 8.41 8.37 8.31 8.23 8.13 8.02 7.89 7.74 7.58 7.40 7.22 7.02 6.81 6.59 6.37 6.14 5.91 5.68 5.45 5.22 4.98 4.75 4.53 4.31 4.09 3.87 3.66 3.45 3.25 3.05 2.85 2.66 2.47 2.28 2.09 1.91 1.74 1.56 1.40 1.23 1.08 0.93 0.80 0.67 0.56 0.45 0.09 0.09 0.09 0.09 0.09 0.09 0.09 0.09 0.09 0.43 0.52 0.61 0.71 0.81 0.91 1.02 1.12 1.22 1.31 1.39 1.47 1.55 1.61 1.67 1.72 1.76 1.80 1.83 1.86 1.88 1.90 1.92 1.93 1.94 1.95 1.95 1.95 1.95 1.95 1.95 1.94 1.93 1.92 1.91 1.89 1.88 1.86 1.84 1.81 1.79 1.76 1.73 1.70 1.67 1.64 1.60 1.57 1.53 1.50 1.46 1.42 1.38 1.35 1.31 1.27 1.23 1.20 1.16 1.13 1.09 1.06 1.03 0.99 0.96 0.93 0.91 0.88 0.85 0.83 0.80 0.78 0.76 0.74 0.72 0.70 0.68 0.66 0.64 0.63 0.61 0.60 0.58 0.57 0.56 0.55 0.53 0.52 0.51 0.50 0.49
0.34 0.35 0.36 0.36 0.37 0.38 0.38 0.39 0.39 0.40 0.40 0.40 0.41 0.41 0.40 0.40 0.40 0.39 0.38 0.36 0.35 0.33 0.30 0.28 0.25 0.23 0.20 0.18 0.15 0.09 0.09 0.09 0.09 0.09 0.09 0.09 0.09 0.09 0.17 0.20 0.24 0.27 0.31 0.35 0.39 0.43 0.46 0.50 0.53 0.56 0.58 0.61 0.63 0.64 0.66 0.67 0.68 0.69 0.69 0.70 0.70 0.71 0.71 0.71 0.72 0.72 0.72 0.72 0.72 0.72 0.72 0.73 0.73 0.73 0.73 0.73 0.73 0.73 0.73 0.74 0.74 0.74 0.74 0.74 0.74 0.74 0.74 0.75 0.75 0.75 0.75 0.76 0.76 0.76 0.76 0.77 0.77 0.78 0.78 0.79 0.80 0.80 0.81 0.82 0.83 0.84 0.85 0.87 0.88 0.90 0.91 0.93 0.95 0.97 0.99 1.01 1.03 1.06 1.08 1.10 1.13 1.15 1.17 1.19 1.21 1.23 1.25 1.27 1.28 1.30 1.31 1.31 1.32 1.33 1.33 1.33 1.33 1.33 1.32 1.32 1.31 1.30 1.30 1.29 1.28 1.27 1.26 1.25 1.23 1.22 1.20 1.18 1.16 1.13 1.10 1.06 1.02 0.97 0.91 0.85 0.78 0.71 0.63 0.56 0.48 0.40 0.33 0.03 0.03 0.03 0.03 0.03 0.03 0.03 0.03 0.03 0.38 0.48 0.58 0.70 0.81 0.94 1.06 1.17 1.29 1.40 1.50 1.59 1.67 1.75 1.82 1.88 1.93 1.98 2.03 2.07 2.11 2.15 2.18 2.22 2.26 2.30 2.35 2.40 2.45 2.50 2.56 2.63 2.70 2.78 2.86 2.94 3.03 3.13 3.23 3.34 3.44 3.56 3.68 3.80 3.92 4.05 4.17 4.31 4.44 4.58 4.72 4.86 5.01 5.15 5.31 5.46 5.62 5.77 5.94 6.10 6.26 6.43 6.59 6.75 6.91 7.06 7.21 7.35 7.48 7.61 7.72 7.82 7.90 7.97 8.02 8.06 8.08 8.08 8.06 8.03 7.97 7.90 7.81 7.70 7.58 7.44 7.29 7.12 6.94 6.75 6.55 6.35 6.13 5.92 5.70 5.47 5.25 5.03 4.81 4.59 4.37 4.16 3.95 3.74 3.54 3.34 3.14 2.95 2.77 2.58 2.40 2.22 2.05 1.87 1.71 1.54 1.38 1.23 1.09 0.95 0.82 0.70 0.60 0.51 0.43 0.09 0.09 0.09 0.09 0.09 0.09 0.09 0.41 0.47 0.55 0.63 0.73 0.82 0.92 1.01 1.11 1.20 1.28 1.36 1.44 1.50 1.56 1.62 1.66 1.70 1.74 1.77 1.79 1.81 1.83 1.84 1.86 1.86 1.87 1.87 1.88 1.88 1.87 1.87 1.86 1.85 1.84 1.83 1.81 1.80 1.78 1.76 1.74 1.71 1.69 1.66 1.63 1.60 1.57 1.54 1.50 1.47 1.44 1.40 1.36 1.33 1.29 1.26 1.22 1.19 1.15 1.12 1.09 1.06 1.02 0.99 0.96 0.94 0.91 0.88 0.85 0.83 0.81 0.78 0.76 0.74 0.72 0.70 0.68 0.66 0.65 0.63 0.62 0.60 0.59 0.57 0.56 0.55 0.54 0.53 0.52 0.51 0.50 0.49
0.34 0.35 0.35 0.36 0.37 0.37 0.38 0.38 0.39 0.39 0.40 0.40 0.40 0.40 0.40 0.40 0.39 0.38 0.37 0.36 0.35 0.33 0.31 0.28 0.26 0.24 0.21 0.19 0.17 0.15 0.09 0.09 0.09 0.09 0.09 0.09 0.09 0.16 0.18 0.21 0.25 0.28 0.32 0.36 0.39 0.43 0.46 0.50 0.53 0.55 0.58 0.60 0.62 0.63 0.64 0.66 0.67 0.67 0.68 0.69 0.69 0.69 0.70 0.70 0.70 0.70 0.71 0.71 0.71 0.71 0.71 0.71 0.71 0.72 0.72 0.72 0.72 0.72 0.72 0.72 0.72 0.72 0.73 0.73 0.73 0.73 0.73 0.73 0.73 0.74 0.74 0.74 0.74 0.75 0.75 0.75 0.76 0.76 0.77 0.77 0.78 0.78 0.79 0.80 0.81 0.82 0.83 0.84 0.86 0.87 0.89 0.90 0.92 0.94 0.96 0.98 1.00 1.02 1.04 1.06 1.09 1.11 1.13 1.15 1.17 1.19 1.21 1.22 1.23 1.25 1.26 1.27 1.27 1.28 1.28 1.28 1.28 1.28 1.28 1.27 1.27 1.26 1.25 1.25 1.24 1.23 1.22 1.21 1.20 1.18 1.17 1.15 1.13 1.10 1.07 1.04 0.99 0.95 0.90 0.84 0.77 0.70 0.63 0.56 0.48 0.41 0.35 0.03 0.03 0.03 0.03 0.03 0.03 0.03 0.03 0.03 0.40 0.49 0.59 0.70 0.82 0.93 1.05 1.17 1.28 1.38 1.48 1.57 1.65 1.72 1.79 1.85 1.90 1.95 1.99 2.03 2.07 2.10 2.14 2.17 2.21 2.24 2.28 2.32 2.37 2.42 2.47 2.53 2.59 2.66 2.73 2.80 2.88 2.97 3.06 3.15 3.25 3.35 3.46 3.57 3.68 3.80 3.92 4.04 4.17 4.30 4.43 4.57 4.71 4.85 5.00 5.15 5.30 5.46 5.62 5.78 5.94 6.10 6.26 6.41 6.57 6.72 6.87 7.00 7.13 7.26 7.37 7.46 7.55 7.62 7.67 7.71 7.73 7.73 7.72 7.69 7.64 7.57 7.49 7.39 7.27 7.14 6.99 6.83 6.66 6.48 6.29 6.10 5.90 5.69 5.48 5.27 5.05 4.84 4.63 4.42 4.21 4.01 3.81 3.61 3.42 3.23 3.04 2.86 2.68 2.51 2.33 2.17 2.00 1.84 1.68 1.53 1.38 1.24 1.10 0.97 0.85 0.74 0.64 0.56 0.48 0.43 0.38 0.36 0.09 0.35 0.37 0.41 0.46 0.52 0.59 0.67 0.75 0.84 0.93 1.02 1.10 1.19 1.26 1.34 1.40 1.47 1.52 1.57 1.61 1.65 1.68 1.71 1.73 1.75 1.76 1.77 1.78 1.79 1.80 1.80 1.80 1.80 1.79 1.79 1.78 1.77 1.76 1.75 1.74 1.72 1.70 1.68 1.66 1.64 1.61 1.59 1.56 1.53 1.50 1.47 1.44 1.41 1.38 1.34 1.31 1.28 1.24 1.21 1.18 1.15 1.11 1.08 1.05 1.02 0.99 0.96 0.93 0.91 0.88 0.86 0.83 0.81 0.79 0.76 0.74 0.72 0.70 0.69 0.67 0.65 0.63 0.62 0.60 0.59 0.58 0.56 0.55 0.54 0.53 0.52 0.51 0.50 0.49 0.48
0.34 0.34 0.35 0.36 0.36 0.37 0.37 0.38 0.38 0.39 0.39 0.39 0.40 0.40 0.40 0.39 0.39 0.38 0.37 0.36 0.35 0.33 0.31 0.29 0.27 0.25 0.22 0.20 0.18 0.16 0.15 0.14 0.13 0.09 0.14 0.14 0.16 0.18 0.20 0.23 0.26 0.30 0.33 0.37 0.40 0.43 0.47 0.50 0.52 0.55 0.57 0.59 0.61 0.62 0.63 0.65 0.65 0.66 0.67 0.67 0.68 0.68 0.68 0.69 0.69 0.69 0.69 0.69 0.70 0.70 0.70 0.70 0.70 0.70 0.70 0.70 0.71 0.71 0.71 0.71 0.71 0.71 0.71 0.71 0.71 0.72 0.72 0.72 0.72 0.72 0.72 0.73 0.73 0.73 0.73 0.74 0.74 0.74 0.75 0.75 0.76 0.77 0.77 0.78 0.79 0.80 0.81 0.82 0.83 0.85 0.86 0.88 0.89 0.91 0.93 0.95 0.97 0.99 1.01 1.03 1.05 1.07 1.09 1.11 1.13 1.14 1.16 1.17 1.19 1.20 1.21 1.22 1.22 1.23 1.23 1.23 1.23 1.23 1.23 1.23 1.22 1.22 1.21 1.20 1.20 1.19 1.18 1.17 1.16 1.15 1.13 1.12 1.10 1.07 1.05 1.02 0.98 0.93 0.89 0.83 0.77 0.71 0.64 0.57 0.50 0.43 0.37 0.03 0.03 0.03 0.03 0.03 0.03 0.03 0.03 0.03 0.43 0.52 0.62 0.72 0.83 0.94 1.05 1.16 1.27 1.37 1.46 1.55 1.63 1.70 1.76 1.82 1.87 1.91 1.95 1.99 2.02 2.06 2.09 2.12 2.15 2.18 2.22 2.26 2.30 2.34 2.38 2.43 2.49 2.55 2.61 2.68 2.75 2.82 2.90 2.99 3.07 3.17 3.26 3.36 3.47 3.58 3.69 3.80 3.92 4.05 4.17 4.30 4.44 4.58 4.72 4.86 5.01 5.16 5.31 5.47 5.63 5.78 5.94 6.09 6.24 6.39 6.53 6.67 6.79 6.91 7.02 7.12 7.20 7.27 7.32 7.36 7.39 7.39 7.38 7.35 7.31 7.24 7.17 7.07 6.96 6.84 6.70 6.55 6.39 6.22 6.04 5.85 5.66 5.46 5.26 5.06 4.85 4.65 4.45 4.25 4.05 3.86 3.67 3.48 3.29 3.11 2.94 2.77 2.60 2.43 2.27 2.11 1.96 1.81 1.66 1.51 1.38 1.24 1.12 1.00 0.88 0.78 0.69 0.61 0.54 0.49 0.45 0.43 0.42 0.42 0.44 0.47 0.51 0.57 0.63 0.70 0.78 0.86 0.94 1.02 1.10 1.18 1.25 1.31 1.37 1.43 1.48 1.52 1.56 1.59 1.62 1.64 1.66 1.68 1.69 1.71 1.71 1.72 1.72 1.73 1.73 1.72 1.72 1.71 1.71 1.70 1.69 1.68 1.66 1.65 1.63 1.61 1.59 1.57 1.54 1.52 1.49 1.47 1.44 1.41 1.38 1.35 1.32 1.29 1.26 1.23 1.20 1.17 1.14 1.10 1.07 1.04 1.02 0.99 0.96 0.93 0.91 0.88 0.86 0.83 0.81 0.79 0.77 0.74 0.72 0.71 0.69 0.67 0.65 0.64 0.62 0.61 0.59 0.58 0.57 0.55 0.54 0.53 0.52 0.51 0.50 0.49 0.48 0.47
0.33 0.34 0.35 0.35 0.36 0.36 0.37 0.37 0.38 0.38 0.39 0.39 0.39 0.39 0.39 0.39 0.39 0.38 0.37 0.36 0.35 0.34 0.32 0.30 0.28 0.26 0.24 0.22 0.20 0.19 0.17 0.16 0.16 0.16 0.16 0.17 0.18 0.20 0.23 0.25 0.28 0.31 0.34 0.38 0.41 0.44 0.47 0.50 0.52 0.54 0.56 0.58 0.60 0.61 0.62 0.63 0.64 0.65 0.66 0.66 0.67 0.67 0.67 0.67 0.68 0.68 0.68 0.68 0.68 0.69 0.69 0.69 0.69 0.69 0.69 0.69 0.69 0.69 0.69 0.70 0.70 0.70 0.70 0.70 0.70 0.70 0.70 0.71 0.71 0.71 0.71 0.71 0.71 0.72 0.72 0.72 0.73 0.73 0.73 0.74 0.74 0.75 0.75 0.76 0.77 0.78 0.79 0.80 0.81 0.82 0.84 0.85 0.87 0.88 0.90 0.92 0.93 0.95 0.97 0.99 1.01 1.03 1.05 1.07 1.08 1.10 1.11 1.13 1.14 1.15 1.16 1.17 1.18 1.18 1.18 1.19 1.19 1.19 1.18 1.18 1.18 1.17 1.17 1.16 1.16 1.15 1.14 1.14 1.13 1.12 1.10 1.09 1.07 1.05 1.03 1.00 0.96 0.92 0.88 0.83 0.77 0.72 0.65 0.59 0.53 0.46 0.41 0.36 0.03 0.03 0.03 0.03 0.03 0.03 0.03 0.40 0.47 0.56 0.65 0.75 0.85 0.96 1.07 1.17 1.27 1.37 1.46 1.54 1.61 1.68 1.74 1.79 1.84 1.88 1.92 1.95 1.98 2.01 2.04 2.07 2.10 2.13 2.16 2.19 2.23 2.26 2.30 2.35 2.40 2.45 2.50 2.56 2.62 2.69 2.76 2.83 2.91 3.00 3.08 3.18 3.27 3.37 3.47 3.58 3.69 3.81 3.93 4.05 4.18 4.31 4.45 4.59 4.73 4.88 5.03 5.18 5.33 5.48 5.63 5.78 5.93 6.07 6.21 6.34 6.46 6.58 6.68 6.78 6.86 6.93 6.98 7.02 7.04 7.05 7.04 7.02 6.98 6.92 6.85 6.76 6.65 6.54 6.41 6.26 6.11 5.95 5.78 5.60 5.42 5.23 5.04 4.85 4.66 4.46 4.27 4.08 3.89 3.71 3.52 3.35 3.17 3.00 2.84 2.67 2.52 2.36 2.21 2.06 1.92 1.77 1.64 1.50 1.37 1.25 1.13 1.02 0.92 0.83 0.74 0.67 0.61 0.56 0.52 0.50 0.49 0.49 0.51 0.53 0.57 0.62 0.68 0.74 0.81 0.88 0.96 1.03 1.10 1.17 1.23 1.29 1.34 1.39 1.44 1.48 1.51 1.54 1.56 1.59 1.60 1.62 1.63 1.64 1.65 1.65 1.65 1.65 1.65 1.65 1.65 1.64 1.63 1.63 1.62 1.60 1.59 1.57 1.56 1.54 1.52 1.50 1.48 1.45 1.43 1.40 1.38 1.35 1.32 1.30 1.27 1.24 1.21 1.18 1.15 1.12 1.09 1.06 1.04 1.01 0.98 0.95 0.93 0.90 0.88 0.85 0.83 0.81 0.79 0.77 0.75 0.73 0.71 0.69 0.67 0.66 0.64 0.62 0.61 0.60 0.58 0.57 0.56 0.54 0.53 0.52 0.51 0.50 0.49 0.48 0.47 0.46
0.33 0.34 0.34 0.35 0.35 0.36 0.36 0.37 0.37 0.38 0.38 0.39 0.39 0.39 0.39 0.39 0.39 0.38 0.37 0.36 0.35 0.34 0.33 0.31 0.29 0.27 0.26 0.24 0.22 0.21 0.20 0.19 0.19 0.18 0.19 0.20 0.21 0.23 0.25 0.27 0.30 0.33 0.36 0.39 0.42 0.44 0.47 0.50 0.52 0.54 0.56 0.58 0.59 0.60 0.62 0.63 0.63 0.64 0.65 0.65 0.65 0.66 0.66 0.66 0.67 0.67 0.67 0.67 0.67 0.67 0.67 0.68 0.68 0.68 0.68 0.68 0.68 0.68 0.68 0.68 0.68 0.69 0.69 0.69 0.69 0.69 0.69 0.69 0.69 0.70 0.70 0.70 0.70 0.70 0.70 0.71 0.71 0.71 0.72 0.72 0.73 0.73 0.74 0.74 0.75 0.76 0.77 0.78 0.79 0.80 0.81 0.83 0.84 0.85 0.87 0.89 0.90 0.92 0.94 0.96 0.97 0.99 1.01 1.03 1.04 1.06 1.07 1.08 1.10 1.11 1.12 1.12 1.13 1.13 1.14 1.14 1.14 1.14 1.14 1.14 1.13 1.13 1.13 1.12 1.12 1.11 1.11 1.10 1.09 1.09 1.07 1.06 1.05 1.03 1.01 0.98 0.95 0.92 0.88 0.83 0.78 0.73 0.67 0.62 0.56 0.50 0.45 0.41 0.37 0.34 0.33 0.03 0.34 0.36 0.40 0.46 0.53 0.60 0.69 0.78 0.88 0.98 1.08 1.18 1.28 1.37 1.45 1.53 1.60 1.66 1.72 1.77 1.81 1.85 1.89 1.92 1.95 1.97 2.00 2.03 2.05 2.08 2.10 2.13 2.16 2.20 2.23 2.27 2.31 2.35 2.40 2.45 2.51 2.57 2.63 2.70 2.77 2.84 2.92 3.01 3.09 3.18 3.28 3.38 3.49 3.59 3.71 3.82 3.95 4.07 4.20 4.34 4.47 4.61 4.75 4.90 5.04 5.19 5.34 5.48 5.62 5.76 5.89 6.02 6.14 6.25 6.35 6.44 6.52 6.59 6.65 6.68 6.71 6.72 6.71 6.69 6.65 6.60 6.53 6.45 6.35 6.24 6.12 5.98 5.84 5.69 5.52 5.36 5.18 5.01 4.82 4.64 4.46 4.27 4.09 3.91 3.73 3.56 3.39 3.22 3.05 2.89 2.73 2.58 2.43 2.29 2.15 2.01 1.87 1.74 1.61 1.49 1.37 1.26 1.15 1.05 0.96 0.87 0.79 0.73 0.67 0.62 0.59 0.57 0.56 0.56 0.57 0.60 0.63 0.68 0.73 0.78 0.84 0.91 0.97 1.03 1.10 1.16 1.21 1.27 1.31 1.36 1.40 1.43 1.46 1.49 1.51 1.53 1.54 1.56 1.57 1.57 1.58 1.58 1.59 1.59 1.58 1.58 1.58 1.57 1.56 1.56 1.55 1.53 1.52 1.51 1.49 1.47 1.45 1.43 1.41 1.39 1.37 1.35 1.32 1.30 1.27 1.24 1.22 1.19 1.16 1.13 1.11 1.08 1.05 1.03 1.00 0.97 0.95 0.92 0.90 0.87 0.85 0.83 0.81 0.79 0.76 0.75 0.73 0.71 0.69 0.67 0.66 0.64 0.63 0.61 0.60 0.58 0.57 0.56 0.55 0.53 0.52 0.51 0.50 0.49 0.48 0.47 0.47 0.46
0.33 0.33 0.34 0.34 0.35 0.36 0.36 0.37 0.37 0.38 0.38 0.38 0.39 0.39 0.39 0.39 0.38 0.38 0.37 0.37 0.36 0.35 0.33 0.32 0.31 0.29 0.27 0.26 0.25 0.23 0.22 0.22 0.21 0.21 0.22 0.23 0.24 0.25 0.27 0.29 0.32 0.34 0.37 0.40 0.42 0.45 0.48 0.50 0.52 0.54 0.56 0.57 0.59 0.60 0.61 0.62 0.62 0.63 0.63 0.64 0.64 0.65 0.65 0.65 0.65 0.66 0.66 0.66 0.66 0.66 0.66 0.66 0.67 0.67 0.67 0.67 0.67 0.67 0.67 0.67 0.67 0.67 0.67 0.68 0.68 0.68 0.68 0.68 0.68 0.68 0.68 0.69 0.69 0.69 0.69 0.69 0.70 0.70 0.70 0.71 0.71 0.72 0.72 0.73 0.73 0.74 0.75 0.76 0.77 0.78 0.79 0.80 0.81 0.83 0.84 0.86 0.87 0.89 0.91 0.92 0.94 0.95 0.97 0.99 1.00 1.02 1.03 1.04 1.05 1.06 1.07 1.08 1.08 1.09 1.09 1.09 1.10 1.10 1.10 1.09 1.09 1.09 1.09 1.08 1.08 1.08 1.07 1.07 1.06 1.06 1.05 1.04 1.03 1.01 0.99 0.97 0.94 0.91 0.88 0.84 0.79 0.75 0.70 0.65 0.59 0.55 0.50 0.46 0.43 0.40 0.39 0.39 0.40 0.43 0.47 0.52 0.58 0.66 0.74 0.83 0.92 1.01 1.11 1.20 1.29 1.37 1.45 1.52 1.58 1.64 1.70 1.74 1.78 1.82 1.85 1.88 1.91 1.93 1.96 1.98 2.00 2.03 2.05 2.08 2.10 2.13 2.16 2.19 2.23 2.27 2.31 2.36 2.40 2.46 2.51 2.57 2.63 2.70 2.77 2.85 2.93 3.01 3.10 3.20 3.29 3.39 3.50 3.61 3.73 3.85 3.97 4.10 4.23 4.36 4.50 4.64 4.77 4.91 5.05 5.19 5.33 5.46 5.59 5.71 5.83 5.93 6.03 6.12 6.20 6.26 6.32 6.35 6.38 6.39 6.38 6.37 6.33 6.28 6.22 6.14 6.05 5.95 5.83 5.71 5.57 5.42 5.27 5.11 4.95 4.78 4.61 4.44 4.26 4.09 3.92 3.74 3.58 3.41 3.25 3.09 2.93 2.78 2.63 2.49 2.35 2.22 2.08 1.95 1.83 1.71 1.59 1.48 1.37 1.27 1.17 1.08 0.99 0.91 0.84 0.78 0.73 0.69 0.66 0.64 0.63 0.63 0.64 0.66 0.69 0.73 0.77 0.82 0.87 0.93 0.98 1.04 1.10 1.15 1.20 1.24 1.29 1.32 1.36 1.39 1.41 1.44 1.46 1.47 1.49 1.50 1.51 1.51 1.52 1.52 1.52 1.52 1.52 1.52 1.51 1.50 1.50 1.49 1.48 1.47 1.45 1.44 1.43 1.41 1.39 1.37 1.35 1.33 1.31 1.29 1.27 1.24 1.22 1.19 1.17 1.14 1.12 1.09 1.07 1.04 1.01 0.99 0.96 0.94 0.92 0.89 0.87 0.85 0.83 0.80 0.78 0.76 0.74 0.73 0.71 0.69 0.67 0.66 0.64 0.63 0.61 0.60 0.58 0.57 0.56 0.55 0.54 0.52 0.51 0.50 0.49 0.48 0.48 0.47 0.46 0.45
0.32 0.33 0.33 0.34 0.35 0.35 0.36 0.36 0.37 0.37 0.38 0.38 0.38 0.38 0.38 0.38 0.38 0.38 0.38 0.37 0.36 0.35 0.34 0.33 0.32 0.30 0.29 0.28 0.27 0.26 0.25 0.24 0.24 0.24 0.25 0.25 0.26 0.28 0.30 0.32 0.34 0.36 0.39 0.41 0.43 0.46 0.48 0.50 0.52 0.54 0.55 0.57 0.58 0.59 0.60 0.61 0.61 0.62 0.62 0.63 0.63 0.64 0.64 0.64 0.64 0.64 0.65 0.65 0.65 0.65 0.65 0.65 0.65 0.66 0.66 0.66 0.66 0.66 0.66 0.66 0.66 0.66 0.66 0.66 0.67 0.67 0.67 0.67 0.67 0.67 0.67 0.67 0.67 0.68 0.68 0.68 0.68 0.69 0.69 0.69 0.70 0.70 0.70 0.71 0.72 0.72 0.73 0.74 0.75 0.76 0.77 0.78 0.79 0.80 0.82 0.83 0.84 0.86 0.87 0.89 0.90 0.92 0.93 0.95 0.96 0.97 0.99 1.00 1.01 1.02 1.03 1.03 1.04 1.04 1.05 1.05 1.05 1.05 1.05 1.05 1.05 1.05 1.05 1.05 1.04 1.04 1.04 1.04 1.03 1.03 1.02 1.01 1.00 0.99 0.98 0.96 0.94 0.91 0.88 0.85 0.81 0.77 0.72 0.68 0.63 0.59 0.55 0.52 0.49 0.47 0.46 0.46 0.48 0.50 0.54 0.59 0.65 0.72 0.79 0.87 0.96 1.04 1.13 1.21 1.30 1.37 1.45 1.51 1.57 1.63 1.68 1.72 1.76 1.79 1.82 1.85 1.87 1.90 1.92 1.94 1.96 1.98 2.00 2.02 2.05 2.07 2.10 2.13 2.16 2.19 2.23 2.27 2.31 2.35 2.40 2.46 2.51 2.57 2.64 2.71 2.78 2.86 2.94 3.02 3.12 3.21 3.31 3.41 3.52 3.63 3.75 3.87 4.00 4.12 4.25 4.38 4.52 4.65 4.78 4.92 5.05 5.17 5.29 5.41 5.52 5.63 5.72 5.80 5.88 5.94 5.99 6.03 6.06 6.07 6.06 6.05 6.02 5.97 5.91 5.84 5.75 5.66 5.55 5.43 5.30 5.17 5.02 4.87 4.72 4.56 4.40 4.23 4.07 3.90 3.74 3.58 3.42 3.26 3.11 2.96 2.81 2.67 2.53 2.40 2.27 2.14 2.02 1.90 1.79 1.67 1.57 1.46 1.36 1.27 1.18 1.10 1.02 0.95 0.88 0.83 0.78 0.75 0.72 0.70 0.69 0.69 0.70 0.72 0.74 0.77 0.81 0.85 0.90 0.95 1.00 1.04 1.09 1.14 1.18 1.22 1.26 1.29 1.32 1.35 1.37 1.39 1.40 1.42 1.43 1.44 1.45 1.45 1.46 1.46 1.46 1.46 1.45 1.45 1.45 1.44 1.43 1.42 1.41 1.40 1.39 1.38 1.36 1.35 1.33 1.31 1.29 1.28 1.26 1.23 1.21 1.19 1.17 1.14 1.12 1.10 1.07 1.05 1.03 1.00 0.98 0.95 0.93 0.91 0.89 0.86 0.84 0.82 0.80 0.78 0.76 0.74 0.72 0.71 0.69 0.67 0.66 0.64 0.63 0.61 0.60 0.58 0.57 0.56 0.55 0.54 0.53 0.51 0.50 0.49 0.49 0.48 0.47 0.46 0.45 0.44
0.32 0.33 0.33 0.34 0.34 0.35 0.35 0.36 0.36 0.37 0.37 0.38 0.38 0.38 0.38 0.38 0.38 0.38 0.38 0.37 0.37 0.36 0.35 0.34 0.33 0.32 0.31 0.30 0.29 0.28 0.27 0.27 0.27 0.27 0.27 0.28 0.29 0.30 0.32 0.34 0.36 0.38 0.40 0.42 0.44 0.46 0.48 0.50 0.52 0.54 0.55 0.56 0.57 0.58 0.59 0.60 0.60 0.61 0.61 0.62 0.62 0.63 0.63 0.63 0.63 0.63 0.64 0.64 0.64 0.64 0.64 0.64 0.64 0.64 0.65 0.65 0.65 0.65 0.65 0.65 0.65 0.65 0.65 0.65 0.65 0.66 0.66 0.66 0.66 0.66 0.66 0.66 0.66 0.66 0.67 0.67 0.67 0.67 0.68 0.68 0.68 0.69 0.69 0.69 0.70 0.71 0.71 0.72 0.73 0.74 0.75 0.76 0.77 0.78 0.79 0.80 0.82 0.83 0.84 0.86 0.87 0.88 0.90 0.91 0.92 0.94 0.95 0.96 0.97 0.98 0.98 0.99 1.00 1.00 1.01 1.01 1.01 1.01 1.01 1.01 1.01 1.01 1.01 1.01 1.01 1.01 1.01 1.01 1.00 1.00 1.00 0.99 0.98 0.97 0.96 0.95 0.93 0.91 0.88 0.85 0.82 0.79 0.75 0.71 0.68 0.64 0.61 0.58 0.55 0.54 0.53 0.54 0.55 0.58 0.61 0.66 0.71 0.78 0.84 0.92 1.00 1.08 1.16 1.23 1.31 1.38 1.44 1.51 1.56 1.61 1.66 1.70 1.73 1.76 1.79 1.82 1.84 1.86 1.88 1.90 1.92 1.93 1.95 1.97 1.99 2.01 2.04 2.06 2.09 2.12 2.15 2.18 2.22 2.26 2.30 2.35 2.40 2.46 2.51 2.58 2.64 2.71 2.79 2.87 2.95 3.04 3.13 3.23 3.33 3.44 3.55 3.66 3.78 3.90 4.02 4.15 4.27 4.40 4.52 4.65 4.77 4.89 5.01 5.12 5.23 5.33 5.42 5.50 5.57 5.63 5.68 5.72 5.74 5.75 5.75 5.74 5.71 5.67 5.61 5.54 5.46 5.37 5.27 5.16 5.04 4.91 4.78 4.64 4.49 4.34 4.19 4.03 3.88 3.72 3.57 3.42 3.27 3.12 2.97 2.83 2.70 2.56 2.43 2.31 2.19 2.07 1.96 1.85 1.74 1.64 1.54 1.45 1.36 1.27 1.19 1.11 1.04 0.98 0.92 0.87 0.83 0.80 0.77 0.75 0.74 0.74 0.75 0.77 0.79 0.81 0.85 0.88 0.92 0.96 1.00 1.04 1.09 1.12 1.16 1.20 1.23 1.26 1.28 1.30 1.32 1.34 1.35 1.37 1.37 1.38 1.39 1.39 1.40 1.40 1.40 1.40 1.39 1.39 1.38 1.38 1.37 1.36 1.35 1.34 1.33 1.32 1.30 1.29 1.27 1.26 1.24 1.22 1.20 1.18 1.16 1.14 1.12 1.10 1.08 1.05 1.03 1.01 0.99 0.96 0.94 0.92 0.90 0.88 0.86 0.84 0.81 0.80 0.78 0.76 0.74 0.72 0.70 0.69 0.67 0.66 0.64 0.63 0.61 0.60 0.58 0.57 0.56 0.55 0.54 0.53 0.52 0.51 0.50 0.49 0.48 0.47 0.46 0.45 0.44 0.44
0.32 0.32 0.33 0.33 0.34 0.34 0.35 0.35 0.36 0.36 0.37 0.37 0.37 0.38 0.38 0.38 0.38 0.38 0.38 0.37 0.37 0.36 0.36 0.35 0.34 0.33 0.32 0.32 0.31 0.30 0.30 0.29 0.29 0.29 0.30 0.31 0.32 0.33 0.34 0.36 0.38 0.39 0.41 0.43 0.45 0.47 0.49 0.50 0.52 0.53 0.55 0.56 0.57 0.58 0.58 0.59 0.60 0.60 0.61 0.61 0.61 0.62 0.62 0.62 0.62 0.62 0.63 0.63 0.63 0.63 0.63 0.63 0.63 0.63 0.64 0.64 0.64 0.64 0.64 0.64 0.64 0.64 0.64 0.64 0.64 0.64 0.65 0.65 0.65 0.65 0.65 0.65 0.65 0.65 0.65 0.66 0.66 0.66 0.66 0.66 0.67 0.67 0.68 0.68 0.68 0.69 0.70 0.70 0.71 0.72 0.73 0.73 0.74 0.75 0.77 0.78 0.79 0.80 0.81 0.83 0.84 0.85 0.86 0.88 0.89 0.90 0.91 0.92 0.93 0.94 0.94 0.95 0.96 0.96 0.97 0.97 0.97 0.97 0.97 0.98 0.98 0.98 0.98 0.98 0.98 0.98 0.98 0.98 0.98 0.97 0.97 0.97 0.96 0.96 0.95 0.94 0.92 0.91 0.89 0.86 0.84 0.81 0.78 0.75 0.72 0.69 0.66 0.64 0.62 0.61 0.60 0.61 0.62 0.65 0.68 0.73 0.78 0.83 0.90 0.97 1.04 1.11 1.18 1.25 1.32 1.38 1.44 1.50 1.55 1.60 1.64 1.67 1.71 1.74 1.76 1.78 1.80 1.82 1.84 1.86 1.87 1.89 1.91 1.92 1.94 1.96 1.98 2.00 2.02 2.05 2.08 2.11 2.14 2.17 2.21 2.25 2.30 2.35 2.40 2.46 2.52 2.58 2.65 2.72 2.80 2.88 2.97 3.06 3.15 3.25 3.35 3.46 3.57 3.68 3.80 3.92 4.04 4.16 4.28 4.39 4.51 4.63 4.74 4.84 4.94 5.04 5.12 5.20 5.27 5.33 5.37 5.41 5.43 5.45 5.45 5.43 5.41 5.37 5.32 5.25 5.18 5.10 5.00 4.90 4.78 4.66 4.54 4.40 4.27 4.13 3.98 3.84 3.69 3.55 3.40 3.26 3.12 2.98 2.84 2.71 2.58 2.46 2.33 2.22 2.11 2.00 1.89 1.79 1.69 1.60 1.51 1.42 1.34 1.27 1.19 1.12 1.06 1.00 0.95 0.91 0.87 0.84 0.82 0.80 0.79 0.79 0.80 0.81 0.83 0.85 0.87 0.90 0.94 0.97 1.01 1.04 1.08 1.11 1.14 1.17 1.20 1.22 1.24 1.26 1.28 1.29 1.30 1.31 1.32 1.33 1.33 1.34 1.34 1.34 1.34 1.34 1.33 1.33 1.33 1.32 1.31 1.30 1.29 1.28 1.27 1.26 1.25 1.23 1.22 1.20 1.19 1.17 1.15 1.13 1.11 1.09 1.07 1.05 1.03 1.01 0.99 0.97 0.95 0.93 0.91 0.89 0.87 0.85 0.83 0.81 0.79 0.77 0.75 0.73 0.72 0.70 0.68 0.67 0.65 0.64 0.62 0.61 0.60 0.58 0.57 0.56 0.55 0.54 0.53 0.52 0.51 0.50 0.49 0.48 0.47 0.46 0.45 0.44 0.44 0.43
