0.235070 0.238605 0.239303 0.237323 0.233109 0.227273 0.220468 0.213277 0.206157 0.199427 0.193280 0.187816 0.183063 0.179010 0.175618 0.172836 0.170609 0.168883 0.167606 0.166730 0.166213 0.166016 0.166107 0.166455 0.167035 0.167825 0.168807 0.169969 0.171302 0.172802 0.174469 0.176312 0.178343 0.180583 0.183059 0.185809 0.188879 0.192326 0.196222 0.200655 0.205734 0.211597 0.218415 0.226408 0.235859 0.247138 0.260737 0.277317 0.297782 0.323384 0.355881 0.397764 0.452565 0.525205 0.622147 0.750510 0.913836 1.100567 1.266629 1.339857 1.280278 1.128355 0.956789 0.810284 0.701199 0.627062 0.582268 0.562591 0.566575 0.596339 0.659154 0.771347 0.968224 1.331609 2.078318 3.903166 9.388247 18.533273 9.387148 3.900475 2.073006 1.322027 0.951981 0.745137 0.618538 0.535450 0.477697 0.435541 0.403482 0.378324 0.358195 0.342015 0.329182 0.319392 0.312536 0.308646 0.307870 0.310472 0.316846 0.327534 0.343238 0.364822 0.393243 0.429372 0.473554 0.524790 0.579494 0.630346 0.666683 0.678075 0.660037 0.616998 0.559327 0.497627 0.439154 0.387426 0.343372 0.306564 0.276049 0.250773 0.229771 0.212228 0.197480 0.184996 0.174357 0.165231 0.157356 0.150522 0.144566 0.139354 0.134779 0.130756 0.127215 0.124101 0.121370 0.118984 0.116916 0.115145 0.113653 0.112431 0.111472 0.110774 0.110340 0.110176 0.110294 0.110708 0.111441 0.112516 0.113965 0.115823 0.118128 0.120925 0.124258 0.128166 0.132680 0.137811 0.143535 0.149772 0.156365 0.163057 0.169480 0.175164 0.179585 0.182248 0.182793 0.181088 0.177262 0.171672 0.164809 0.157194 0.149294 0.141473 0.133984 0.126981 0.120538 0.114675 0.109378 0.104611 0.100327 0.096477 0.093011 0.089883 0.087051 0.084475 0.082123 0.079964 0.077971 0.076123 0.074399 0.072783 0.071260 0.069816 0.068442 0.067129 0.065867 0.064652 0.063477 0.062338 0.061231 0.060154
0.270919 0.275342 0.275444 0.271523 0.264390 0.255118 0.244779 0.234260 0.224191 0.214956 0.206742 0.199607 0.193523 0.188418 0.184201 0.180778 0.178055 0.175950 0.174388 0.173302 0.172635 0.172338 0.172365 0.172681 0.173251 0.174049 0.175051 0.176240 0.177602 0.179131 0.180827 0.182694 0.184747 0.187005 0.189499 0.192268 0.195361 0.198840 0.202785 0.207289 0.212473 0.218487 0.225521 0.233820 0.243704 0.255599 0.270081 0.287944 0.310309 0.338788 0.375761 0.424829 0.491579 0.584854 0.718747 0.915007 1.202293 1.596098 2.021818 2.230504 2.035535 1.624034 1.245496 0.975172 0.798390 0.687594 0.622603 0.591649 0.589524 0.616630 0.679863 0.796711 1.007076 1.409140 2.291792 4.828264 18.545438 18.545058 18.546129 4.829113 2.291668 1.406193 0.998550 0.778696 0.646976 0.561575 0.502450 0.459106 0.425754 0.399143 0.377462 0.359739 0.345488 0.334512 0.326792 0.322444 0.321709 0.324979 0.332834 0.346105 0.365948 0.393925 0.432062 0.482779 0.548454 0.630148 0.724785 0.820806 0.895584 0.922416 0.888677 0.806928 0.703806 0.601871 0.512610 0.439019 0.379957 0.332951 0.295484 0.265418 0.241069 0.221150 0.204686 0.190944 0.179368 0.169533 0.161115 0.153861 0.147576 0.142103 0.137321 0.133132 0.129460 0.126241 0.123427 0.120979 0.118866 0.117065 0.115560 0.114340 0.113399 0.112736 0.112357 0.112271 0.112493 0.113044 0.113952 0.115250 0.116982 0.119196 0.121953 0.125319 0.129368 0.134179 0.139824 0.146362 0.153814 0.162135 0.171174 0.180620 0.189968 0.198504 0.205368 0.209698 0.210839 0.208546 0.203061 0.195035 0.185328 0.174795 0.164148 0.153888 0.144320 0.135594 0.127749 0.120759 0.114562 0.109077 0.104223 0.099918 0.096089 0.092669 0.089601 0.086835 0.084325 0.082036 0.079936 0.077995 0.076192 0.074507 0.072921 0.071422 0.069996 0.068634 0.067326 0.066066 0.064848 0.063666 0.062518 0.061399
0.319863 0.325745 0.324719 0.317385 0.305319 0.290488 0.274699 0.259295 0.245100 0.232513 0.221647 0.212445 0.204765 0.198437 0.193285 0.189150 0.185890 0.183383 0.181524 0.180227 0.179415 0.179025 0.179003 0.179301 0.179877 0.180699 0.181735 0.182962 0.184364 0.185929 0.187655 0.189544 0.191609 0.193873 0.196366 0.199129 0.202217 0.205695 0.209647 0.214175 0.219408 0.225505 0.232673 0.241176 0.251365 0.263711 0.278860 0.297720 0.321602 0.352446 0.393226 0.448674 0.526644 0.640829 0.816438 1.102430 1.596738 2.477046 3.848583 4.765646 3.862197 2.504771 1.639614 1.162134 0.895456 0.742728 0.656511 0.613848 0.604523 0.626349 0.684378 0.793746 0.989101 1.351896 2.098745 3.924354 9.410769 18.557680 9.413982 3.930247 2.106160 1.358870 0.992595 0.789289 0.665618 0.584476 0.527411 0.484590 0.450627 0.422622 0.399099 0.379382 0.363224 0.350600 0.341613 0.336468 0.335502 0.339231 0.348437 0.364287 0.388509 0.423632 0.473328 0.542784 0.638863 0.769140 0.937301 1.130625 1.301066 1.370048 1.293902 1.116226 0.915524 0.739763 0.601585 0.497216 0.418984 0.359919 0.314715 0.279569 0.251802 0.229529 0.211408 0.196474 0.184024 0.173538 0.164627 0.156993 0.150412 0.144707 0.139741 0.135406 0.131617 0.128306 0.125420 0.122918 0.120766 0.118942 0.117427 0.116211 0.115291 0.114665 0.114342 0.114335 0.114663 0.115354 0.116441 0.117972 0.120000 0.122595 0.125840 0.129833 0.134691 0.140544 0.147534 0.155800 0.165455 0.176545 0.188979 0.202434 0.216249 0.229346 0.240277 0.247464 0.249642 0.246323 0.237992 0.225910 0.211652 0.196663 0.182017 0.168371 0.156044 0.145124 0.135559 0.127232 0.119997 0.113709 0.108229 0.103437 0.099225 0.095504 0.092196 0.089237 0.086573 0.084156 0.081950 0.079921 0.078042 0.076289 0.074644 0.073090 0.071613 0.070202 0.068848 0.067543 0.066280 0.065055 0.063862 0.062700
0.389567 0.398056 0.394802 0.381126 0.360323 0.336189 0.311826 0.289193 0.269236 0.252212 0.237994 0.226285 0.216738 0.209020 0.202835 0.197931 0.194103 0.191180 0.189024 0.187521 0.186576 0.186111 0.186058 0.186360 0.186966 0.187832 0.188923 0.190207 0.191663 0.193273 0.195032 0.196940 0.199010 0.201264 0.203734 0.206465 0.209513 0.212949 0.216861 0.221358 0.226574 0.232676 0.239882 0.248469 0.258807 0.271397 0.286933 0.306399 0.331236 0.363617 0.406953 0.466841 0.552984 0.683385 0.894457 1.268610 2.022470 3.848542 9.318732 18.433202 9.332070 3.875699 2.064445 1.327013 0.971659 0.782763 0.679311 0.626908 0.610600 0.625490 0.673920 0.766279 0.925750 1.200097 1.686705 2.563316 3.935080 4.851930 3.941717 2.576135 1.704665 1.221308 0.947078 0.782822 0.678392 0.607494 0.555654 0.514762 0.480445 0.450599 0.424435 0.401828 0.382917 0.367917 0.357062 0.350634 0.349029 0.352862 0.363098 0.381247 0.409670 0.452069 0.514316 0.605832 0.741750 0.945510 1.248059 1.666033 2.118231 2.334127 2.110819 1.651129 1.225503 0.915059 0.703067 0.558483 0.457752 0.385618 0.332518 0.292420 0.261438 0.237009 0.217403 0.201419 0.188210 0.177163 0.167829 0.159874 0.153043 0.147142 0.142021 0.137563 0.133676 0.130287 0.127342 0.124794 0.122611 0.120768 0.119247 0.118039 0.117140 0.116552 0.116286 0.116357 0.116790 0.117619 0.118887 0.120651 0.122984 0.125974 0.129733 0.134402 0.140149 0.147180 0.155734 0.166084 0.178507 0.193242 0.210387 0.229736 0.250528 0.271191 0.289243 0.301645 0.305758 0.300518 0.286986 0.267797 0.245987 0.224035 0.203509 0.185165 0.169207 0.155531 0.143894 0.134013 0.125611 0.118443 0.112295 0.106993 0.102389 0.098364 0.094819 0.091672 0.088858 0.086320 0.084014 0.081901 0.079950 0.078134 0.076433 0.074826 0.073300 0.071842 0.070441 0.069090 0.067781 0.066510 0.065272 0.064064
0.494260 0.507900 0.499930 0.473580 0.436407 0.396133 0.358044 0.324704 0.296793 0.274007 0.255661 0.241000 0.229334 0.220088 0.212795 0.207088 0.202679 0.199341 0.196897 0.195204 0.194149 0.193634 0.193579 0.193914 0.194580 0.195523 0.196696 0.198062 0.199590 0.201259 0.203057 0.204984 0.207049 0.209275 0.211696 0.214361 0.217329 0.220676 0.224494 0.228897 0.234022 0.240044 0.247180 0.255717 0.266030 0.278631 0.294229 0.313834 0.338934 0.371785 0.415958 0.477378 0.566467 0.702993 0.928293 1.341263 2.230416 4.764761 18.432310 18.438207 18.445208 4.791008 2.270949 1.397581 1.002585 0.798343 0.687165 0.629409 0.607767 0.615498 0.652354 0.723713 0.841542 1.026269 1.305743 1.694888 2.118348 2.325790 2.129488 1.716927 1.338017 1.067323 0.888535 0.771625 0.693066 0.636863 0.592685 0.554408 0.519090 0.485965 0.455439 0.428295 0.405240 0.386767 0.373203 0.364834 0.362045 0.365476 0.376211 0.396041 0.427912 0.476707 0.550725 0.664627 0.845589 1.146582 1.673752 2.619825 4.098842 5.083780 4.091191 2.604436 1.650450 1.115097 0.805549 0.615547 0.491991 0.407559 0.347418 0.303074 0.269414 0.243231 0.222435 0.205620 0.191815 0.180331 0.170670 0.162464 0.155439 0.149386 0.144144 0.139590 0.135626 0.132177 0.129184 0.126602 0.124395 0.122539 0.121016 0.119817 0.118940 0.118389 0.118176 0.118322 0.118856 0.119818 0.121262 0.123256 0.125890 0.129277 0.133563 0.138935 0.145629 0.153948 0.164271 0.177064 0.192882 0.212328 0.235949 0.263983 0.295882 0.329589 0.360877 0.383571 0.391630 0.382462 0.358655 0.326248 0.291411 0.258370 0.229176 0.204374 0.183722 0.166668 0.152604 0.140971 0.131296 0.123194 0.116356 0.110538 0.105545 0.101224 0.097451 0.094128 0.091174 0.088525 0.086128 0.083939 0.081922 0.080049 0.078295 0.076639 0.075065 0.073560 0.072113 0.070716 0.069360 0.068041 0.066754 0.065497
0.662721 0.687959 0.668897 0.614689 0.544731 0.475452 0.415216 0.366206 0.327591 0.297580 0.274346 0.256350 0.242381 0.231525 0.223094 0.216580 0.211600 0.207865 0.205157 0.203304 0.202168 0.201639 0.201621 0.202031 0.202799 0.203859 0.205154 0.206635 0.208264 0.210011 0.211858 0.213801 0.215849 0.218026 0.220368 0.222926 0.225767 0.228970 0.232632 0.236871 0.241826 0.247672 0.254627 0.262972 0.273078 0.285444 0.300762 0.320014 0.344636 0.376800 0.419913 0.479569 0.565467 0.695608 0.906404 1.280257 2.033791 3.859502 9.329284 18.443284 9.341592 3.884532 2.072397 1.333799 0.976845 0.785673 0.678874 0.621373 0.597013 0.598672 0.624387 0.675782 0.757284 0.874726 1.030828 1.213460 1.378052 1.451961 1.394924 1.247401 1.082013 0.942805 0.840516 0.769744 0.720409 0.682429 0.647756 0.611642 0.572955 0.533207 0.494929 0.460367 0.430968 0.407440 0.390050 0.378921 0.374284 0.376681 0.387192 0.407752 0.441698 0.494792 0.577296 0.708518 0.927777 1.324346 2.133226 4.106100 10.035175 19.920391 10.027299 4.090255 2.109220 1.291883 0.886449 0.657787 0.516478 0.423031 0.357935 0.310685 0.275229 0.247884 0.226306 0.208948 0.194754 0.182983 0.173106 0.164735 0.157580 0.151424 0.146100 0.141479 0.137462 0.133970 0.130944 0.128337 0.126114 0.124250 0.122728 0.121540 0.120684 0.120167 0.120004 0.120219 0.120847 0.121933 0.123540 0.125751 0.128672 0.132442 0.137245 0.143319 0.150981 0.160652 0.172889 0.188435 0.208260 0.233598 0.265905 0.306606 0.356355 0.413399 0.471049 0.516183 0.533304 0.515095 0.468869 0.410121 0.351969 0.301099 0.259260 0.225794 0.199272 0.178233 0.161438 0.147912 0.136906 0.127855 0.120333 0.114015 0.108654 0.104057 0.100076 0.096594 0.093516 0.090770 0.088294 0.086039 0.083966 0.082041 0.080239 0.078538 0.076919 0.075369 0.073875 0.072430 0.071025 0.069656 0.068318 0.067008
0.960091 1.016418 0.966862 0.843172 0.702511 0.579806 0.484257 0.413112 0.360785 0.322205 0.293520 0.271976 0.255648 0.243188 0.233651 0.226367 0.220853 0.216760 0.213826 0.211852 0.210681 0.210184 0.210253 0.210794 0.211719 0.212951 0.214420 0.216064 0.217832 0.219683 0.221593 0.223553 0.225570 0.227670 0.229893 0.232297 0.234953 0.237947 0.241382 0.245378 0.250077 0.255649 0.262308 0.270322 0.280043 0.291937 0.306649 0.325080 0.348532 0.378941 0.419275 0.474257 0.551736 0.665401 0.840453 1.125845 1.619501 2.499089 3.869818 4.785952 3.881402 2.522629 1.655760 1.176029 0.906280 0.749213 0.656660 0.604421 0.580103 0.577528 0.594077 0.629264 0.683624 0.757143 0.846437 0.940606 1.018781 1.056544 1.042683 0.989401 0.921893 0.861246 0.817385 0.790595 0.774738 0.760125 0.737199 0.700921 0.652912 0.599331 0.546818 0.499933 0.460844 0.430099 0.407494 0.392669 0.385457 0.386122 0.395571 0.415674 0.449835 0.504095 0.589448 0.727080 0.961630 1.400253 2.355992 5.097880 19.927224 19.922997 19.919142 5.081615 2.331337 1.366887 0.919107 0.674811 0.526677 0.429865 0.362949 0.314639 0.278527 0.250753 0.228883 0.211317 0.196969 0.185081 0.175113 0.166668 0.159453 0.153247 0.147881 0.143226 0.139179 0.135664 0.132619 0.129998 0.127766 0.125899 0.124380 0.123203 0.122367 0.121881 0.121762 0.122037 0.122746 0.123941 0.125694 0.128099 0.131280 0.135402 0.140684 0.147423 0.156020 0.167030 0.181224 0.199692 0.223982 0.256296 0.299708 0.358259 0.436395 0.536297 0.650605 0.751430 0.793135 0.750367 0.648475 0.533095 0.432111 0.352880 0.293217 0.248673 0.215201 0.189724 0.170035 0.154578 0.142260 0.132301 0.124139 0.117365 0.111673 0.106835 0.102676 0.099060 0.095882 0.093056 0.090517 0.088209 0.086089 0.084122 0.082279 0.080536 0.078875 0.077280 0.075740 0.074245 0.072789 0.071366 0.069973 0.068606
1.557625 1.721383 1.565102 1.236475 0.932433 0.712036 0.563088 0.462973 0.394536 0.346670 0.312421 0.287419 0.268865 0.254928 0.244389 0.236418 0.230439 0.226044 0.222936 0.220893 0.219741 0.219337 0.219561 0.220302 0.221459 0.222939 0.224654 0.226524 0.228483 0.230476 0.232469 0.234446 0.236415 0.238403 0.240457 0.242643 0.245043 0.247750 0.250876 0.254542 0.258891 0.264090 0.270340 0.277890 0.287060 0.298273 0.312095 0.329313 0.351034 0.378860 0.415161 0.463528 0.529538 0.622026 0.755080 0.950436 1.236742 1.629472 2.053993 2.261311 2.064736 1.651288 1.270303 0.996792 0.815706 0.698897 0.625224 0.581320 0.559215 0.554349 0.564246 0.587599 0.623423 0.670042 0.723798 0.777922 0.822862 0.849607 0.854995 0.844474 0.829297 0.820925 0.826822 0.848121 0.877645 0.899249 0.893463 0.850569 0.778536 0.695320 0.616196 0.548869 0.495265 0.454567 0.425196 0.405728 0.395250 0.393515 0.401062 0.419465 0.451818 0.503716 0.585310 0.715827 0.934533 1.330659 2.139181 4.111759 10.040587 19.925594 10.032321 4.095118 2.113944 1.296482 0.890934 0.662167 0.520762 0.427225 0.362045 0.314715 0.279184 0.251768 0.230122 0.212700 0.198444 0.186615 0.176683 0.168259 0.161056 0.154854 0.149488 0.144829 0.140778 0.137258 0.134208 0.131583 0.129350 0.127485 0.125972 0.124805 0.123986 0.123525 0.123441 0.123765 0.124540 0.125825 0.127698 0.130264 0.133664 0.138086 0.143784 0.151106 0.160539 0.172773 0.188809 0.210126 0.238975 0.278853 0.335308 0.417194 0.538187 0.716313 0.961280 1.225933 1.353099 1.224899 0.959209 0.713200 0.534021 0.411964 0.328997 0.271442 0.230439 0.200436 0.177931 0.160667 0.147158 0.136396 0.127684 0.120526 0.114565 0.109535 0.105238 0.101523 0.098270 0.095389 0.092805 0.090460 0.088306 0.086306 0.084429 0.082649 0.080949 0.079310 0.077723 0.076177 0.074666 0.073186 0.071732 0.070303
3.002817 3.727109 3.011142 1.935099 1.246782 0.863055 0.643478 0.510654 0.425904 0.369330 0.330145 0.302187 0.281775 0.266622 0.255261 0.246729 0.240375 0.235750 0.232531 0.230482 0.229417 0.229182 0.229645 0.230679 0.232168 0.233997 0.236055 0.238241 0.240463 0.242651 0.244754 0.246750 0.248646 0.250473 0.252291 0.254178 0.256230 0.258555 0.261271 0.264509 0.268410 0.273133 0.278864 0.285830 0.294311 0.304669 0.317384 0.333102 0.352709 0.377440 0.409039 0.449981 0.503787 0.575369 0.671180 0.798328 0.960343 1.145645 1.310128 1.381574 1.319931 1.165539 0.990914 0.840481 0.726169 0.644839 0.589827 0.555179 0.536542 0.530981 0.536567 0.551929 0.575774 0.606371 0.641069 0.676117 0.707270 0.731389 0.748458 0.762681 0.781853 0.815599 0.873168 0.959661 1.067433 1.163307 1.192306 1.123619 0.987328 0.837922 0.708636 0.608131 0.533702 0.480039 0.442451 0.417574 0.403311 0.398653 0.403597 0.419214 0.447972 0.494429 0.566663 0.679182 0.859055 1.159177 1.685641 2.631130 4.109659 5.094182 4.101235 2.614166 1.659902 1.124299 0.814524 0.624314 0.500566 0.415954 0.355645 0.311142 0.277332 0.251006 0.230074 0.213130 0.199202 0.187601 0.177829 0.169519 0.162396 0.156251 0.150925 0.146294 0.142262 0.138754 0.135714 0.133096 0.130868 0.129008 0.127502 0.126344 0.125537 0.125094 0.125036 0.125396 0.126219 0.127569 0.129530 0.132218 0.135783 0.140433 0.146451 0.154231 0.164329 0.177557 0.195121 0.218878 0.251791 0.298788 0.368476 0.476723 0.654373 0.963157 1.515110 2.376538 2.950677 2.375538 1.513107 0.960145 0.650344 0.471666 0.362375 0.291623 0.243541 0.209514 0.184609 0.165858 0.151397 0.140012 0.130884 0.123447 0.117296 0.112138 0.107755 0.103980 0.100688 0.097778 0.095172 0.092807 0.090634 0.088612 0.086708 0.084898 0.083160 0.081479 0.079843 0.078243 0.076674 0.075129 0.073609 0.072111
7.329088 14.535205 7.338442 3.022266 1.586620 0.998091 0.709180 0.548631 0.451305 0.388437 0.345832 0.315874 0.294207 0.278218 0.266277 0.257340 0.250716 0.245938 0.242677 0.240692 0.239792 0.239818 0.240626 0.242077 0.244030 0.246346 0.248884 0.251508 0.254098 0.256554 0.258806 0.260822 0.262607 0.264206 0.265693 0.267170 0.268754 0.270573 0.272760 0.275454 0.278796 0.282938 0.288050 0.294328 0.302008 0.311388 0.322850 0.336898 0.354196 0.375635 0.402397 0.436039 0.478542 0.532249 0.599469 0.681297 0.775027 0.870140 0.945929 0.977942 0.954700 0.887934 0.802357 0.718942 0.648494 0.594023 0.554760 0.528740 0.513968 0.508791 0.511901 0.522197 0.538582 0.559753 0.584080 0.609712 0.635060 0.659686 0.685362 0.716956 0.763064 0.836785 0.956825 1.146544 1.418658 1.717025 1.852933 1.684687 1.353821 1.049069 0.826970 0.675781 0.573828 0.504752 0.458092 0.427495 0.409254 0.401416 0.403310 0.415390 0.439321 0.478339 0.538001 0.627509 0.761841 0.964330 1.265843 1.682961 2.134441 2.349724 2.125885 1.665731 1.239692 0.928877 0.716547 0.571651 0.470632 0.398230 0.344878 0.304541 0.273333 0.248690 0.228880 0.212701 0.199307 0.188084 0.178584 0.170470 0.163491 0.157452 0.152203 0.147629 0.143638 0.140160 0.137141 0.134539 0.132322 0.130470 0.128971 0.127820 0.127022 0.126589 0.126545 0.126923 0.127774 0.129161 0.131175 0.133935 0.137601 0.142393 0.148612 0.156682 0.167209 0.181086 0.199669 0.225089 0.260856 0.313064 0.393042 0.523727 0.757065 1.229676 2.378404 5.825814 11.571906 5.824852 2.376478 1.226781 0.753193 0.518867 0.387181 0.306184 0.252935 0.216101 0.189582 0.169862 0.154803 0.143041 0.133675 0.126088 0.119845 0.114635 0.110224 0.106439 0.103145 0.100238 0.097635 0.095272 0.093095 0.091064 0.089143 0.087307 0.085535 0.083811 0.082124 0.080466 0.078831 0.077217 0.075621 0.074045
14.536510 14.541781 14.547129 3.750290 1.755177 1.060182 0.741035 0.569617 0.467733 0.402714 0.358967 0.328314 0.306158 0.289787 0.277535 0.268351 0.261557 0.256698 0.253458 0.251608 0.250962 0.251361 0.252651 0.254677 0.257275 0.260268 0.263476 0.266716 0.269822 0.272652 0.275106 0.277140 0.278759 0.280027 0.281049 0.281960 0.282912 0.284063 0.285569 0.287579 0.290240 0.293693 0.298089 0.303592 0.310391 0.318717 0.328857 0.341175 0.356138 0.374339 0.396518 0.423560 0.456444 0.496071 0.542866 0.596020 0.652347 0.705229 0.744973 0.762103 0.752624 0.720757 0.676203 0.628884 0.585656 0.549940 0.522787 0.504006 0.492914 0.488710 0.490614 0.497878 0.509738 0.525377 0.543954 0.564782 0.587718 0.613789 0.646044 0.690706 0.759098 0.871621 1.066688 1.419611 2.065839 3.085559 3.761884 3.059028 2.012902 1.340641 0.962534 0.743939 0.610706 0.525866 0.470531 0.434639 0.412694 0.401757 0.400485 0.408701 0.427256 0.458102 0.504514 0.571409 0.665459 0.794102 0.960929 1.153144 1.322652 1.390835 1.313996 1.135711 0.934465 0.758213 0.619589 0.514807 0.436193 0.376770 0.331230 0.295766 0.267698 0.245138 0.226744 0.211550 0.198852 0.188130 0.178994 0.171149 0.164368 0.158477 0.153339 0.148846 0.144917 0.141484 0.138498 0.135918 0.133718 0.131876 0.130384 0.129237 0.128440 0.128009 0.127966 0.128347 0.129201 0.130596 0.132623 0.135402 0.139097 0.143933 0.150217 0.158382 0.169055 0.183157 0.202096 0.228108 0.264907 0.319047 0.402966 0.542711 0.800631 1.358701 2.954400 11.573762 11.573280 11.572844 2.952561 1.355937 0.796936 0.538075 0.397378 0.312490 0.257363 0.219551 0.192498 0.172481 0.157258 0.145414 0.136015 0.128428 0.122206 0.117027 0.112656 0.108913 0.105661 0.102792 0.100221 0.097882 0.095720 0.093692 0.091763 0.089907 0.088103 0.086335 0.084594 0.082871 0.081164 0.079470 0.077789 0.076124
7.341652 14.549151 7.353841 3.039152 1.604981 1.017857 0.730220 0.570752 0.474266 0.411966 0.369650 0.339723 0.317879 0.301571 0.289248 0.279944 0.273046 0.268149 0.264979 0.263331 0.263036 0.263940 0.265887 0.268701 0.272188 0.276127 0.280278 0.284392 0.288230 0.291588 0.294322 0.296364 0.297729 0.298511 0.298865 0.298983 0.299073 0.299337 0.299964 0.301120 0.302955 0.305604 0.309193 0.313852 0.319723 0.326967 0.335780 0.346404 0.359134 0.374328 0.392399 0.413790 0.438891 0.467891 0.500511 0.535612 0.570779 0.602166 0.625051 0.635353 0.631489 0.615247 0.590913 0.563411 0.536786 0.513647 0.495310 0.482220 0.474321 0.471317 0.472808 0.478356 0.487516 0.499872 0.515133 0.533323 0.555116 0.582379 0.619031 0.672544 0.757061 0.900910 1.167343 1.721291 3.088327 7.218797 14.112977 7.196720 3.044424 1.656134 1.081965 0.796978 0.637055 0.539876 0.478040 0.438179 0.413314 0.399717 0.395493 0.399930 0.413186 0.436166 0.470448 0.518142 0.581410 0.661156 0.754193 0.848880 0.922529 0.948391 0.913806 0.831310 0.727520 0.624980 0.535165 0.461063 0.401525 0.354074 0.316187 0.285723 0.260997 0.240717 0.223910 0.209841 0.197953 0.187821 0.179120 0.171599 0.165061 0.159353 0.154352 0.149964 0.146112 0.142737 0.139792 0.137242 0.135061 0.133232 0.131744 0.130597 0.129796 0.129357 0.129302 0.129667 0.130502 0.131874 0.133872 0.136615 0.140266 0.145043 0.151248 0.159306 0.169824 0.183694 0.202272 0.227691 0.263460 0.315674 0.395662 0.526360 0.759718 1.232353 2.381111 5.828557 11.574692 5.827687 2.379369 1.229737 0.756222 0.521977 0.390381 0.309483 0.256342 0.219625 0.193232 0.173647 0.158729 0.147116 0.137903 0.130472 0.124387 0.119331 0.115071 0.111427 0.108263 0.105470 0.102964 0.100674 0.098546 0.096536 0.094609 0.092738 0.090902 0.089089 0.087287 0.085492 0.083701 0.081915 0.080136 0.078368
3.028123 3.755255 3.042286 1.969326 1.284080 0.903288 0.686377 0.555813 0.472807 0.417388 0.378756 0.350796 0.329931 0.314021 0.301771 0.292390 0.285387 0.280450 0.277364 0.275970 0.276129 0.277700 0.280524 0.284411 0.289128 0.294395 0.299888 0.305257 0.310154 0.314274 0.317397 0.319425 0.320387 0.320437 0.319814 0.318803 0.317699 0.316773 0.316257 0.316342 0.317182 0.318898 0.321592 0.325356 0.330280 0.336460 0.344004 0.353044 0.363734 0.376251 0.390781 0.407491 0.426458 0.447567 0.470363 0.493870 0.516469 0.535964 0.549957 0.556550 0.555069 0.546382 0.532583 0.516254 0.499773 0.484919 0.472811 0.464020 0.458742 0.456943 0.458463 0.463095 0.470636 0.480963 0.494137 0.510592 0.531433 0.558929 0.597370 0.654712 0.746219 0.903656 1.202479 1.861884 3.768574 14.116601 14.106650 14.097839 3.731337 1.806788 1.130544 0.816401 0.645748 0.543757 0.479273 0.437544 0.410967 0.395438 0.388747 0.389814 0.398296 0.414361 0.438495 0.471241 0.512711 0.561739 0.614619 0.663940 0.698974 0.709240 0.690217 0.646302 0.587844 0.525429 0.466299 0.413963 0.369340 0.331999 0.300980 0.275226 0.253769 0.235793 0.220630 0.207751 0.196735 0.187248 0.179030 0.171873 0.165610 0.160110 0.155269 0.151001 0.147240 0.143932 0.141036 0.138520 0.136361 0.134544 0.133060 0.131908 0.131096 0.130638 0.130558 0.130890 0.131682 0.133000 0.134928 0.137583 0.141116 0.145737 0.151728 0.159483 0.169562 0.182775 0.200330 0.224085 0.257001 0.304009 0.373717 0.481993 0.659680 0.968513 1.520526 2.382026 2.956250 2.381209 1.518892 0.966060 0.656405 0.477890 0.368780 0.298228 0.250364 0.216573 0.191923 0.173444 0.159270 0.148186 0.139369 0.132249 0.126418 0.121577 0.117500 0.114016 0.110989 0.108315 0.105905 0.103693 0.101620 0.099644 0.097728 0.095847 0.093981 0.092116 0.090246 0.088366 0.086478 0.084584 0.082690 0.080802
1.596027 1.764239 1.612696 1.288980 0.989866 0.774208 0.629579 0.533123 0.467478 0.421404 0.387917 0.362727 0.343220 0.327827 0.315621 0.306065 0.298848 0.293783 0.290746 0.289636 0.290354 0.292784 0.296773 0.302117 0.308540 0.315687 0.323117 0.330325 0.336787 0.342029 0.345708 0.347669 0.347978 0.346892 0.344802 0.342151 0.339368 0.336822 0.334809 0.333544 0.333179 0.333820 0.335534 0.338370 0.342361 0.347537 0.353923 0.361551 0.370456 0.380674 0.392237 0.405141 0.419313 0.434541 0.450400 0.466175 0.480848 0.493174 0.501904 0.506121 0.505541 0.500644 0.492542 0.482668 0.472438 0.463024 0.455259 0.449653 0.446461 0.445761 0.447529 0.451701 0.458236 0.467193 0.478836 0.493800 0.513346 0.539789 0.577252 0.633125 0.721228 0.869434 1.140530 1.699054 3.070310 7.204487 14.101798 7.188096 3.037807 1.651023 1.077898 0.793523 0.633792 0.536367 0.473804 0.432641 0.405754 0.389179 0.380669 0.378974 0.383454 0.393829 0.409970 0.431659 0.458248 0.488214 0.518684 0.545257 0.562600 0.566093 0.553841 0.527616 0.491912 0.451918 0.411875 0.374458 0.340951 0.311690 0.286486 0.264912 0.246474 0.230692 0.217139 0.205451 0.195323 0.186506 0.178795 0.172023 0.166056 0.160782 0.156114 0.151979 0.148318 0.145084 0.142242 0.139763 0.137628 0.135821 0.134338 0.133177 0.132347 0.131861 0.131742 0.132024 0.132751 0.133986 0.135808 0.138324 0.141675 0.146051 0.151707 0.158993 0.168397 0.180609 0.196629 0.217942 0.246796 0.286690 0.343174 0.425102 0.546152 0.724351 0.969408 1.234169 1.361463 1.233412 0.967893 0.722080 0.543122 0.421311 0.338619 0.281366 0.240695 0.211052 0.188935 0.172087 0.159017 0.148717 0.140483 0.133815 0.128348 0.123809 0.119989 0.116725 0.113889 0.111377 0.109102 0.106997 0.105003 0.103078 0.101184 0.099297 0.097397 0.095474 0.093522 0.091543 0.089538 0.087516 0.085485 0.083454
1.012116 1.074756 1.031993 0.915429 0.781998 0.666314 0.577202 0.511508 0.463289 0.427229 0.399412 0.377219 0.359037 0.343950 0.331491 0.321451 0.313749 0.308356 0.305256 0.304422 0.305806 0.309326 0.314850 0.322171 0.330975 0.340815 0.351087 0.361050 0.369891 0.376842 0.381332 0.383116 0.382327 0.379427 0.375076 0.369985 0.364796 0.360022 0.356028 0.353051 0.351229 0.350632 0.351283 0.353176 0.356284 0.360563 0.365959 0.372405 0.379827 0.388148 0.397279 0.407117 0.417518 0.428266 0.439037 0.449365 0.458650 0.466214 0.471423 0.473843 0.473382 0.470343 0.465365 0.459280 0.452948 0.447127 0.442396 0.439147 0.437606 0.437877 0.439988 0.443950 0.449808 0.457714 0.468020 0.481415 0.499127 0.523251 0.557315 0.607312 0.683752 0.805928 1.011171 1.373935 2.029108 3.056590 3.739402 3.041791 1.999761 1.330558 0.954569 0.737223 0.604398 0.519104 0.462364 0.423944 0.398060 0.381319 0.371681 0.367907 0.369235 0.375159 0.385258 0.399010 0.415587 0.433644 0.451168 0.465542 0.473952 0.474146 0.465220 0.447961 0.424496 0.397504 0.369446 0.342148 0.316725 0.293710 0.273244 0.255231 0.239462 0.225684 0.213640 0.203094 0.193836 0.185683 0.178483 0.172105 0.166442 0.161404 0.156917 0.152921 0.149365 0.146211 0.143425 0.140985 0.138872 0.137075 0.135589 0.134414 0.133558 0.133034 0.132865 0.133080 0.133723 0.134849 0.136532 0.138867 0.141981 0.146041 0.151267 0.157956 0.166512 0.177490 0.191664 0.210124 0.234420 0.266756 0.310205 0.368812 0.447023 0.547022 0.661450 0.762419 0.804296 0.761727 0.660066 0.544948 0.444261 0.365363 0.306072 0.261937 0.228915 0.203928 0.184768 0.169880 0.158165 0.148841 0.141340 0.135244 0.130240 0.126086 0.122595 0.119616 0.117025 0.114722 0.112623 0.110659 0.108771 0.106915 0.105054 0.103162 0.101224 0.099231 0.097182 0.095080 0.092934 0.090756 0.088560 0.086358
0.729049 0.762811 0.753065 0.708785 0.649065 0.589872 0.538978 0.497898 0.465176 0.438577 0.416140 0.396547 0.379123 0.363673 0.350282 0.339145 0.330459 0.324380 0.321005 0.320387 0.322536 0.327422 0.334956 0.344958 0.357101 0.370842 0.385367 0.399575 0.412158 0.421813 0.427537 0.428909 0.426211 0.420306 0.412363 0.403560 0.394871 0.386995 0.380366 0.375213 0.371626 0.369610 0.369120 0.370082 0.372398 0.375946 0.380583 0.386143 0.392441 0.399286 0.406486 0.413860 0.421233 0.428426 0.435234 0.441411 0.446661 0.450674 0.453174 0.454003 0.453175 0.450908 0.447598 0.443747 0.439880 0.436475 0.433910 0.432450 0.432254 0.433395 0.435903 0.439800 0.445156 0.452148 0.461137 0.472768 0.488120 0.508923 0.537905 0.579363 0.640120 0.731009 0.868680 1.075010 1.361864 1.672754 1.818945 1.658896 1.334365 1.034308 0.815454 0.666192 0.564913 0.495239 0.446594 0.412386 0.388499 0.372327 0.362196 0.357000 0.355982 0.358568 0.364236 0.372393 0.382257 0.392767 0.402549 0.410004 0.413556 0.412008 0.404879 0.392537 0.376065 0.356909 0.336521 0.316102 0.296499 0.278224 0.261524 0.246460 0.232981 0.220973 0.210299 0.200813 0.192376 0.184863 0.178160 0.172171 0.166811 0.162010 0.157707 0.153852 0.150404 0.147329 0.144601 0.142198 0.140106 0.138316 0.136824 0.135629 0.134741 0.134170 0.133939 0.134074 0.134615 0.135611 0.137127 0.139248 0.142082 0.145772 0.150501 0.156511 0.164120 0.173749 0.185959 0.201494 0.221325 0.246688 0.279040 0.319810 0.369653 0.426817 0.484617 0.529932 0.547268 0.529310 0.483375 0.424958 0.367182 0.316735 0.275368 0.242425 0.216477 0.196066 0.179953 0.167160 0.156936 0.148711 0.142052 0.136626 0.132170 0.128481 0.125389 0.122758 0.120472 0.118433 0.116556 0.114772 0.113020 0.111253 0.109435 0.107541 0.105556 0.103476 0.101304 0.099050 0.096730 0.094360 0.091961 0.089553
0.575699 0.600547 0.605068 0.592319 0.569477 0.543618 0.519103 0.497375 0.477990 0.459808 0.441864 0.423791 0.405848 0.388700 0.373135 0.359853 0.349375 0.342040 0.338050 0.337521 0.340521 0.347094 0.357237 0.370861 0.387695 0.407154 0.428179 0.449134 0.467859 0.482016 0.489715 0.490177 0.484008 0.472924 0.459094 0.444513 0.430659 0.418438 0.408300 0.400388 0.394671 0.391039 0.389344 0.389422 0.391093 0.394151 0.398354 0.403421 0.409038 0.414878 0.420631 0.426032 0.430885 0.435065 0.438502 0.441154 0.442985 0.443956 0.444039 0.443251 0.441683 0.439513 0.436998 0.434447 0.432173 0.430459 0.429525 0.429513 0.430494 0.432480 0.435453 0.439404 0.444373 0.450511 0.458133 0.467793 0.480376 0.497216 0.520261 0.552292 0.597177 0.659963 0.746185 0.858653 0.988690 1.102925 1.146638 1.089458 0.961931 0.818958 0.694104 0.596254 0.522823 0.468508 0.428491 0.399122 0.377802 0.362717 0.352600 0.346548 0.343886 0.344061 0.346558 0.350817 0.356176 0.361831 0.366838 0.370188 0.370947 0.368427 0.362346 0.352882 0.340614 0.326359 0.310990 0.295291 0.279874 0.265164 0.251413 0.238743 0.227184 0.216705 0.207241 0.198713 0.191033 0.184117 0.177887 0.172270 0.167204 0.162633 0.158511 0.154795 0.151453 0.148457 0.145784 0.143418 0.141345 0.139558 0.138054 0.136835 0.135907 0.135282 0.134979 0.135023 0.135447 0.136295 0.137624 0.139506 0.142032 0.145318 0.149512 0.154803 0.161430 0.169697 0.179984 0.192762 0.208584 0.228058 0.251733 0.279848 0.311858 0.345709 0.377177 0.400088 0.408405 0.399541 0.376086 0.344082 0.309703 0.277178 0.248561 0.224401 0.204458 0.188182 0.174964 0.164245 0.155550 0.148488 0.142743 0.138059 0.134226 0.131073 0.128453 0.126240 0.124324 0.122609 0.121009 0.119451 0.117870 0.116217 0.114454 0.112556 0.110511 0.108319 0.105991 0.103544 0.101003 0.098394 0.095746 0.093084
0.486995 0.509979 0.523279 0.528124 0.527409 0.524073 0.519800 0.514631 0.507423 0.496774 0.481956 0.463402 0.442558 0.421323 0.401481 0.384380 0.370880 0.361458 0.356356 0.355705 0.359619 0.368236 0.381715 0.400184 0.423597 0.451498 0.482667 0.514741 0.544070 0.566218 0.577321 0.575759 0.562938 0.542507 0.518691 0.494929 0.473381 0.455078 0.440299 0.428923 0.420667 0.415217 0.412275 0.411565 0.412817 0.415734 0.419964 0.425085 0.430612 0.436031 0.440857 0.444703 0.447340 0.448712 0.448916 0.448146 0.446628 0.444575 0.442168 0.439561 0.436902 0.434348 0.432072 0.430252 0.429057 0.428626 0.429046 0.430346 0.432493 0.435409 0.438990 0.443148 0.447851 0.453179 0.459372 0.466880 0.476405 0.488947 0.505839 0.528765 0.559687 0.600531 0.652278 0.712995 0.774790 0.822015 0.836144 0.808458 0.747805 0.672848 0.599387 0.535484 0.483264 0.441959 0.409874 0.385277 0.366700 0.352986 0.343244 0.336783 0.333043 0.331542 0.331819 0.333392 0.335724 0.338212 0.340201 0.341031 0.340115 0.337035 0.331607 0.323920 0.314294 0.303206 0.291196 0.278778 0.266384 0.254344 0.242882 0.232131 0.222157 0.212972 0.204558 0.196876 0.189877 0.183507 0.177714 0.172447 0.167658 0.163307 0.159357 0.155775 0.152535 0.149614 0.146993 0.144659 0.142601 0.140814 0.139294 0.138045 0.137071 0.136385 0.136001 0.135943 0.136239 0.136928 0.138055 0.139682 0.141883 0.144750 0.148398 0.152968 0.158632 0.165598 0.174108 0.184435 0.196860 0.211625 0.228830 0.248271 0.269191 0.290021 0.308282 0.320938 0.325355 0.320472 0.307355 0.288642 0.267375 0.246037 0.226201 0.208626 0.193520 0.180783 0.170173 0.161407 0.154207 0.148321 0.143529 0.139644 0.136500 0.133955 0.131880 0.130162 0.128692 0.127375 0.126119 0.124843 0.123480 0.121970 0.120275 0.118368 0.116242 0.113902 0.111370 0.108674 0.105852 0.102941 0.099980 0.097005
0.434129 0.458530 0.479274 0.497132 0.513432 0.529153 0.544014 0.556040 0.561988 0.558741 0.545041 0.522352 0.494206 0.464668 0.437073 0.413571 0.395274 0.382625 0.375744 0.374671 0.379518 0.390545 0.408188 0.433009 0.465543 0.505927 0.553213 0.604328 0.653117 0.690659 0.708223 0.701990 0.675517 0.637271 0.595906 0.557311 0.524298 0.497571 0.476764 0.461133 0.449914 0.442460 0.438264 0.436925 0.438087 0.441366 0.446294 0.452272 0.458573 0.464388 0.468943 0.471635 0.472162 0.470568 0.467199 0.462577 0.457268 0.451774 0.446485 0.441678 0.437543 0.434214 0.431794 0.430363 0.429977 0.430659 0.432380 0.435056 0.438540 0.442629 0.447093 0.451712 0.456331 0.460920 0.465626 0.470807 0.477039 0.485107 0.495952 0.510601 0.529994 0.554671 0.584183 0.616230 0.645860 0.665749 0.668708 0.651670 0.617779 0.574311 0.528694 0.486014 0.448741 0.417531 0.392097 0.371773 0.355826 0.343573 0.334425 0.327878 0.323496 0.320879 0.319640 0.319382 0.319681 0.320086 0.320133 0.319374 0.317426 0.314016 0.309021 0.302479 0.294574 0.285595 0.275882 0.265774 0.255577 0.245539 0.235844 0.226618 0.217934 0.209829 0.202309 0.195363 0.188965 0.183085 0.177688 0.172741 0.168209 0.164062 0.160272 0.156815 0.153670 0.150817 0.148243 0.145937 0.143890 0.142097 0.140557 0.139272 0.138247 0.137493 0.137022 0.136855 0.137015 0.137535 0.138453 0.139818 0.141689 0.144136 0.147247 0.151122 0.155879 0.161653 0.168586 0.176822 0.186476 0.197596 0.210094 0.223652 0.237611 0.250897 0.262066 0.269544 0.272071 0.269163 0.261311 0.249782 0.236155 0.221883 0.208045 0.195304 0.183985 0.174179 0.165840 0.158852 0.153069 0.148341 0.144523 0.141480 0.139086 0.137223 0.135778 0.134644 0.133714 0.132885 0.132058 0.131140 0.130051 0.128724 0.127111 0.125187 0.122947 0.120409 0.117606 0.114583 0.111395 0.108097 0.104742 0.101377
0.402699 0.430483 0.458990 0.489292 0.522561 0.559165 0.597436 0.632577 0.656904 0.662675 0.646648 0.612480 0.568448 0.522991 0.481926 0.448163 0.422637 0.405305 0.395828 0.393949 0.399685 0.413443 0.436084 0.468957 0.513814 0.572440 0.645568 0.730538 0.817676 0.888141 0.919708 0.901798 0.844673 0.770236 0.696993 0.634275 0.584404 0.546325 0.517960 0.497294 0.482728 0.473122 0.467710 0.465972 0.467500 0.471864 0.478489 0.486562 0.494995 0.502494 0.507755 0.509760 0.508048 0.502835 0.494899 0.485314 0.475154 0.465308 0.456399 0.448807 0.442734 0.438266 0.435425 0.434196 0.434533 0.436357 0.439538 0.443877 0.449094 0.454829 0.460666 0.466182 0.471025 0.475003 0.478152 0.480775 0.483415 0.486791 0.491695 0.498857 0.508788 0.521553 0.536474 0.551827 0.564736 0.571616 0.569331 0.556618 0.534753 0.506895 0.476680 0.447071 0.419938 0.396170 0.375994 0.359265 0.345667 0.334829 0.326380 0.319966 0.315258 0.311939 0.309696 0.308209 0.307149 0.306178 0.304959 0.303183 0.300585 0.296982 0.292286 0.286509 0.279761 0.272220 0.264104 0.255644 0.247053 0.238518 0.230184 0.222160 0.214519 0.207304 0.200536 0.194218 0.188341 0.182891 0.177847 0.173186 0.168886 0.164925 0.161282 0.157938 0.154878 0.152087 0.149553 0.147269 0.145226 0.143423 0.141857 0.140531 0.139450 0.138622 0.138059 0.137777 0.137797 0.138144 0.138849 0.139951 0.141496 0.143536 0.146133 0.149358 0.153288 0.158002 0.163577 0.170075 0.177520 0.185870 0.194977 0.204535 0.214041 0.222787 0.229918 0.234575 0.236109 0.234283 0.229344 0.221949 0.212965 0.203258 0.193544 0.184334 0.175941 0.168522 0.162123 0.156723 0.152262 0.148658 0.145822 0.143661 0.142080 0.140982 0.140266 0.139826 0.139553 0.139332 0.139048 0.138588 0.137853 0.136760 0.135249 0.133293 0.130893 0.128081 0.124911 0.121453 0.117784 0.113985 0.110126 0.106272
0.384644 0.417189 0.454502 0.498747 0.552340 0.616823 0.690517 0.764987 0.822960 0.843814 0.817908 0.755365 0.677354 0.601816 0.537985 0.488448 0.452603 0.428912 0.415955 0.412838 0.419339 0.436010 0.464313 0.506834 0.567548 0.651915 0.766048 0.912880 1.081774 1.232832 1.300851 1.249517 1.114771 0.961426 0.828957 0.727559 0.653841 0.601259 0.563970 0.537677 0.519501 0.507651 0.501088 0.499236 0.501734 0.508202 0.518032 0.530176 0.543021 0.554431 0.562084 0.564095 0.559658 0.549328 0.534752 0.518022 0.501062 0.485300 0.471605 0.460403 0.451830 0.445859 0.442390 0.441292 0.442422 0.445610 0.450634 0.457189 0.464846 0.473043 0.481092 0.488253 0.493852 0.497436 0.498907 0.498568 0.497071 0.495271 0.494046 0.494126 0.495944 0.499502 0.504261 0.509073 0.512268 0.511969 0.506645 0.495680 0.479620 0.459936 0.438479 0.416945 0.396583 0.378147 0.361982 0.348152 0.336558 0.327012 0.319287 0.313140 0.308328 0.304606 0.301724 0.299432 0.297474 0.295594 0.293548 0.291111 0.288100 0.284385 0.279901 0.274649 0.268694 0.262151 0.255163 0.247888 0.240478 0.233071 0.225782 0.218701 0.211893 0.205404 0.199258 0.193469 0.188038 0.182960 0.178223 0.173814 0.169719 0.165922 0.162409 0.159165 0.156180 0.153440 0.150940 0.148670 0.146626 0.144806 0.143210 0.141838 0.140695 0.139789 0.139129 0.138729 0.138605 0.138778 0.139272 0.140117 0.141346 0.142999 0.145117 0.147748 0.150938 0.154730 0.159159 0.164239 0.169947 0.176209 0.182872 0.189683 0.196278 0.202192 0.206907 0.209933 0.210917 0.209734 0.206520 0.201642 0.195598 0.188921 0.182087 0.175472 0.169339 0.163853 0.159100 0.155109 0.151871 0.149353 0.147506 0.146271 0.145577 0.145344 0.145478 0.145875 0.146414 0.146961 0.147376 0.147516 0.147247 0.146460 0.145078 0.143067 0.140436 0.137241 0.133565 0.129516 0.125207 0.120750 0.116243 0.111771
0.374880 0.413092 0.460380 0.521036 0.600834 0.706209 0.840574 0.994392 1.130235 1.186547 1.129213 0.992831 0.839481 0.707176 0.606119 0.533629 0.484041 0.452375 0.435162 0.430411 0.437463 0.456981 0.491156 0.544265 0.623717 0.741788 0.917726 1.177053 1.533467 1.919618 2.111292 1.940254 1.574317 1.237236 0.995831 0.835810 0.731019 0.661601 0.614765 0.582707 0.560854 0.546695 0.539004 0.537312 0.541504 0.551479 0.566793 0.586254 0.607535 0.627028 0.640341 0.643640 0.635298 0.616667 0.591316 0.563388 0.536271 0.512105 0.491919 0.476007 0.464264 0.456421 0.452176 0.451249 0.453392 0.458362 0.465874 0.475539 0.486784 0.498790 0.510477 0.520584 0.527875 0.531442 0.530979 0.526895 0.520189 0.512152 0.504039 0.496823 0.491063 0.486852 0.483828 0.481229 0.478018 0.473103 0.465618 0.455177 0.441983 0.426730 0.410376 0.393877 0.378023 0.363356 0.350187 0.338639 0.328705 0.320295 0.313271 0.307466 0.302700 0.298784 0.295525 0.292723 0.290182 0.287709 0.285119 0.282252 0.278975 0.275194 0.270860 0.265972 0.260568 0.254724 0.248538 0.242119 0.235577 0.229016 0.222525 0.216178 0.210030 0.204125 0.198489 0.193138 0.188081 0.183317 0.178843 0.174651 0.170733 0.167078 0.163676 0.160518 0.157594 0.154897 0.152419 0.150157 0.148105 0.146262 0.144629 0.143206 0.141998 0.141010 0.140250 0.139730 0.139462 0.139462 0.139749 0.140345 0.141275 0.142566 0.144245 0.146341 0.148881 0.151883 0.155357 0.159291 0.163643 0.168333 0.173226 0.178124 0.182771 0.186860 0.190068 0.192106 0.192773 0.192002 0.189874 0.186605 0.182500 0.177896 0.173115 0.168432 0.164058 0.160145 0.156791 0.154051 0.151949 0.150485 0.149642 0.149385 0.149668 0.150423 0.151566 0.152985 0.154546 0.156086 0.157423 0.158365 0.158729 0.158357 0.157141 0.155037 0.152069 0.148325 0.143939 0.139075 0.133901 0.128572 0.123224 0.117964
0.369765 0.413928 0.471818 0.551043 0.663802 0.828908 1.071116 1.403906 1.763636 1.937446 1.765727 1.408548 1.079254 0.842011 0.683919 0.580857 0.514710 0.474057 0.452196 0.445569 0.452888 0.474837 0.514341 0.577558 0.676179 0.832438 1.090055 1.536875 2.332511 3.571400 4.402653 3.597196 2.383666 1.612437 1.188411 0.951161 0.811918 0.726054 0.670584 0.633338 0.607936 0.591298 0.582282 0.580841 0.587473 0.602779 0.626973 0.659151 0.696275 0.732248 0.758246 0.765632 0.750613 0.716653 0.672070 0.625394 0.582462 0.546103 0.517078 0.495082 0.479421 0.469359 0.464267 0.463661 0.467187 0.474567 0.485519 0.499643 0.516267 0.534291 0.552065 0.567450 0.578160 0.582383 0.579436 0.570038 0.556015 0.539630 0.522929 0.507371 0.493737 0.482204 0.472491 0.463994 0.455948 0.447581 0.438276 0.427702 0.415856 0.403031 0.389695 0.376371 0.363526 0.351515 0.340567 0.330792 0.322213 0.314784 0.308415 0.302988 0.298367 0.294406 0.290950 0.287846 0.284940 0.282084 0.279140 0.275990 0.272537 0.268712 0.264481 0.259841 0.254817 0.249462 0.243843 0.238040 0.232134 0.226202 0.220315 0.214532 0.208900 0.203458 0.198232 0.193238 0.188487 0.183985 0.179730 0.175720 0.171950 0.168414 0.165105 0.162016 0.159141 0.156474 0.154010 0.151746 0.149679 0.147807 0.146131 0.144652 0.143374 0.142300 0.141438 0.140797 0.140385 0.140216 0.140303 0.140663 0.141311 0.142267 0.143548 0.145170 0.147144 0.149477 0.152161 0.155173 0.158468 0.161970 0.165568 0.169115 0.172429 0.175306 0.177541 0.178958 0.179440 0.178950 0.177542 0.175352 0.172575 0.169433 0.166152 0.162934 0.159948 0.157329 0.155176 0.153558 0.152521 0.152090 0.152274 0.153066 0.154437 0.156340 0.158695 0.161388 0.164260 0.167110 0.169695 0.171746 0.172993 0.173203 0.172212 0.169957 0.166483 0.161938 0.156536 0.150528 0.144165 0.137668 0.131218 0.124951
0.366433 0.415968 0.483749 0.581516 0.730918 0.973968 1.394598 2.144968 3.315226 4.096367 3.319716 2.154376 1.409798 0.996310 0.762275 0.624339 0.541149 0.491835 0.465632 0.457180 0.464455 0.488047 0.531406 0.602223 0.716006 0.905055 1.243194 1.925073 3.573434 8.501493 16.709217 8.534019 3.638125 2.021048 1.368767 1.057392 0.890850 0.793840 0.732870 0.691806 0.662963 0.643238 0.632110 0.630486 0.640041 0.662819 0.700742 0.754558 0.821579 0.892184 0.947746 0.966336 0.937494 0.871262 0.789159 0.709423 0.641335 0.587315 0.546460 0.516839 0.496533 0.483989 0.478082 0.478064 0.483491 0.494127 0.509822 0.530336 0.555081 0.582748 0.610931 0.635981 0.653500 0.659699 0.653056 0.635090 0.609564 0.580802 0.552310 0.526258 0.503594 0.484408 0.468275 0.454507 0.442336 0.431038 0.420031 0.408938 0.397605 0.386078 0.374539 0.363237 0.352419 0.342290 0.332992 0.324598 0.317124 0.310538 0.304774 0.299741 0.295330 0.291425 0.287903 0.284641 0.281518 0.278421 0.275247 0.271905 0.268328 0.264466 0.260295 0.255814 0.251043 0.246020 0.240795 0.235427 0.229977 0.224505 0.219067 0.213710 0.208474 0.203392 0.198488 0.193778 0.189274 0.184982 0.180905 0.177043 0.173393 0.169951 0.166715 0.163679 0.160838 0.158189 0.155729 0.153454 0.151363 0.149455 0.147731 0.146191 0.144838 0.143676 0.142710 0.141947 0.141394 0.141060 0.140955 0.141090 0.141478 0.142127 0.143050 0.144253 0.145740 0.147506 0.149539 0.151811 0.154279 0.156877 0.159519 0.162095 0.164476 0.166527 0.168115 0.169131 0.169504 0.169218 0.168311 0.166874 0.165040 0.162963 0.160806 0.158724 0.156854 0.155316 0.154209 0.153610 0.153584 0.154180 0.155431 0.157358 0.159961 0.163213 0.167049 0.171353 0.175944 0.180565 0.184886 0.188515 0.191043 0.192102 0.191429 0.188927 0.184679 0.178932 0.172040 0.164397 0.156377 0.148296 0.140393 0.132834
0.362594 0.415912 0.490931 0.603066 0.783519 1.102871 1.746547 3.307107 7.985003 15.780426 7.991332 3.320160 1.767129 1.132222 0.823360 0.655659 0.559168 0.503458 0.474119 0.464267 0.471233 0.495404 0.540353 0.614344 0.734453 0.937427 1.311971 2.117477 4.405400 16.709920 16.728816 16.751188 4.487844 2.240634 1.474458 1.136219 0.964205 0.867107 0.806031 0.762958 0.730156 0.705577 0.690268 0.686879 0.699024 0.731254 0.789161 0.878682 1.002481 1.149839 1.281341 1.332789 1.268416 1.123435 0.961490 0.821458 0.713554 0.634702 0.578720 0.540057 0.514585 0.499483 0.492939 0.493897 0.501871 0.516796 0.538892 0.568441 0.605398 0.648682 0.695145 0.738612 0.770199 0.781264 0.768106 0.734412 0.688786 0.640016 0.594107 0.553937 0.520201 0.492418 0.469624 0.450732 0.434723 0.420723 0.408045 0.396203 0.384907 0.374026 0.363555 0.353557 0.344128 0.335355 0.327302 0.319999 0.313440 0.307590 0.302387 0.297754 0.293599 0.289824 0.286327 0.283009 0.279772 0.276528 0.273200 0.269722 0.266045 0.262137 0.257984 0.253588 0.248968 0.244154 0.239187 0.234112 0.228977 0.223830 0.218714 0.213669 0.208727 0.203917 0.199258 0.194766 0.190453 0.186326 0.182387 0.178639 0.175081 0.171711 0.168527 0.165526 0.162705 0.160062 0.157593 0.155298 0.153175 0.151224 0.149445 0.147838 0.146407 0.145154 0.144082 0.143197 0.142505 0.142011 0.141723 0.141648 0.141792 0.142163 0.142766 0.143601 0.144667 0.145956 0.147452 0.149127 0.150944 0.152849 0.154774 0.156640 0.158356 0.159830 0.160976 0.161725 0.162038 0.161906 0.161363 0.160473 0.159332 0.158054 0.156763 0.155582 0.154628 0.154010 0.153828 0.154170 0.155118 0.156745 0.159117 0.162288 0.166297 0.171152 0.176819 0.183194 0.190078 0.197150 0.203952 0.209906 0.214365 0.216718 0.216523 0.213612 0.208140 0.200538 0.191404 0.181372 0.171009 0.160759 0.150931 0.141711
0.356599 0.411263 0.489024 0.606798 0.799980 1.153226 1.913431 4.080789 15.772747 15.776283 15.780472 4.096602 1.938072 1.187836 0.846142 0.666602 0.565159 0.507168 0.476697 0.466219 0.472728 0.496351 0.540327 0.612269 0.727695 0.918982 1.260091 1.945876 3.599359 8.534119 16.750569 8.586617 3.704936 2.105231 1.473080 1.183159 1.036674 0.954686 0.900441 0.856637 0.817371 0.783569 0.759484 0.750597 0.763233 0.805595 0.889828 1.034468 1.264021 1.591368 1.949932 2.119339 1.934282 1.559323 1.214077 0.964338 0.796441 0.685154 0.611407 0.562958 0.532288 0.514864 0.508050 0.510479 0.521711 0.542057 0.572475 0.614422 0.669445 0.738094 0.817586 0.898206 0.961166 0.984378 0.957427 0.890738 0.806376 0.723033 0.650243 0.590495 0.542817 0.505100 0.475153 0.451080 0.431347 0.414764 0.400440 0.387733 0.376209 0.365602 0.355764 0.346631 0.338183 0.330420 0.323339 0.316926 0.311149 0.305958 0.301290 0.297067 0.293205 0.289616 0.286213 0.282909 0.279627 0.276296 0.272859 0.269270 0.265496 0.261520 0.257338 0.252958 0.248401 0.243694 0.238872 0.233973 0.229037 0.224102 0.219204 0.214374 0.209640 0.205023 0.200542 0.196211 0.192039 0.188032 0.184195 0.180529 0.177036 0.173714 0.170562 0.167579 0.164762 0.162110 0.159622 0.157296 0.155132 0.153129 0.151288 0.149610 0.148096 0.146748 0.145570 0.144564 0.143734 0.143086 0.142623 0.142349 0.142270 0.142387 0.142703 0.143215 0.143919 0.144804 0.145854 0.147046 0.148346 0.149713 0.151094 0.152432 0.153662 0.154724 0.155561 0.156130 0.156410 0.156401 0.156130 0.155651 0.155037 0.154376 0.153769 0.153319 0.153131 0.153311 0.153961 0.155183 0.157079 0.159753 0.163309 0.167852 0.173473 0.180245 0.188192 0.197257 0.207247 0.217782 0.228239 0.237742 0.245237 0.249667 0.250231 0.246624 0.239142 0.228574 0.215968 0.202369 0.188641 0.175397 0.163011 0.151663
0.347585 0.400814 0.476055 0.588707 0.769939 1.090281 1.735098 3.296886 7.976042 15.772711 7.984810 3.314755 1.762746 1.128755 0.820693 0.653663 0.557697 0.502330 0.473081 0.462941 0.468991 0.491130 0.531921 0.597400 0.699293 0.859992 1.123501 1.578087 2.383948 3.636304 4.485266 3.702951 2.519232 1.785373 1.406026 1.218124 1.126660 1.077434 1.037986 0.992369 0.939134 0.886125 0.843902 0.822154 0.830156 0.880104 0.993229 1.211343 1.619482 2.373208 3.564329 4.357350 3.545945 2.335446 1.560303 1.127573 0.880439 0.732540 0.640817 0.583263 0.548153 0.529067 0.522554 0.527010 0.542179 0.568989 0.609629 0.667740 0.748483 0.857707 0.998145 1.159072 1.300691 1.358076 1.295209 1.148185 0.981954 0.836247 0.721605 0.634972 0.570034 0.521013 0.483469 0.454179 0.430837 0.411801 0.395897 0.382299 0.370429 0.359898 0.350450 0.341922 0.334210 0.327242 0.320961 0.315313 0.310237 0.305666 0.301525 0.297732 0.294201 0.290848 0.287591 0.284355 0.281073 0.277689 0.274163 0.270463 0.266576 0.262495 0.258230 0.253796 0.249218 0.244525 0.239750 0.234927 0.230090 0.225271 0.220500 0.215802 0.211198 0.206708 0.202346 0.198121 0.194043 0.190117 0.186346 0.182733 0.179277 0.175980 0.172839 0.169856 0.167027 0.164353 0.161833 0.159465 0.157251 0.155188 0.153278 0.151522 0.149921 0.148476 0.147188 0.146061 0.145097 0.144299 0.143669 0.143209 0.142922 0.142808 0.142867 0.143094 0.143483 0.144026 0.144705 0.145501 0.146386 0.147329 0.148290 0.149227 0.150097 0.150857 0.151471 0.151916 0.152180 0.152270 0.152212 0.152050 0.151846 0.151673 0.151618 0.151774 0.152239 0.153120 0.154527 0.156579 0.159404 0.163143 0.167953 0.174004 0.181472 0.190532 0.201322 0.213897 0.228143 0.243664 0.259648 0.274780 0.287288 0.295242 0.297099 0.292258 0.281311 0.265796 0.247631 0.228581 0.209956 0.192559 0.176778 0.162722
0.335500 0.384837 0.453082 0.551945 0.702998 0.948138 1.371165 2.124105 3.296987 4.080706 3.306515 2.143466 1.400977 0.989356 0.756949 0.620387 0.538282 0.489702 0.463762 0.454879 0.460596 0.480676 0.516900 0.573422 0.657734 0.782369 0.967016 1.237853 1.609517 2.015953 2.234706 2.099830 1.781916 1.507572 1.345277 1.278381 1.269977 1.278428 1.265066 1.210252 1.122816 1.028073 0.949443 0.901907 0.896023 0.945830 1.080473 1.369770 2.002453 3.587738 8.393886 16.419863 8.372844 3.544356 1.934028 1.271969 0.947006 0.768030 0.662486 0.598526 0.560694 0.541060 0.535597 0.542630 0.562233 0.596180 0.648379 0.725871 0.840543 1.011246 1.263134 1.609662 1.983625 2.161605 1.976141 1.594900 1.241427 0.982916 0.805725 0.684342 0.599382 0.538266 0.493070 0.458758 0.432055 0.410778 0.393439 0.379011 0.366781 0.356252 0.347079 0.339024 0.331915 0.325626 0.320055 0.315111 0.310705 0.306751 0.303156 0.299829 0.296676 0.293609 0.290546 0.287417 0.284163 0.280740 0.277121 0.273292 0.269253 0.265015 0.260600 0.256034 0.251350 0.246580 0.241759 0.236919 0.232091 0.227302 0.222577 0.217936 0.213397 0.208973 0.204674 0.200509 0.196482 0.192599 0.188862 0.185271 0.181827 0.178531 0.175382 0.172379 0.169523 0.166812 0.164246 0.161825 0.159549 0.157418 0.155432 0.153592 0.151898 0.150352 0.148954 0.147706 0.146609 0.145665 0.144874 0.144239 0.143759 0.143433 0.143259 0.143233 0.143349 0.143597 0.143963 0.144431 0.144979 0.145583 0.146213 0.146840 0.147434 0.147968 0.148419 0.148775 0.149032 0.149203 0.149313 0.149402 0.149524 0.149746 0.150145 0.150810 0.151839 0.153342 0.155441 0.158277 0.162010 0.166829 0.172954 0.180647 0.190207 0.201970 0.216276 0.233418 0.253515 0.276312 0.300881 0.325302 0.346543 0.360893 0.365133 0.357961 0.340672 0.316481 0.289090 0.261526 0.235703 0.212544 0.192298 0.174843
0.320951 0.364761 0.423406 0.504443 0.619929 0.788471 1.034590 1.371537 1.735472 1.913376 1.745532 1.391934 1.065885 0.831529 0.675954 0.575022 0.510585 0.471146 0.449863 0.442909 0.448487 0.466333 0.497540 0.544623 0.611712 0.704632 0.830103 0.991969 1.180921 1.358979 1.463702 1.462725 1.397518 1.340171 1.338220 1.406115 1.528391 1.651204 1.690972 1.600611 1.421839 1.232835 1.083099 0.989379 0.956308 0.993086 1.128790 1.445061 2.192451 4.399740 16.438251 16.424398 16.414755 4.351110 2.115222 1.333525 0.974297 0.782995 0.672533 0.606761 0.568741 0.550015 0.546446 0.556513 0.580734 0.621820 0.685622 0.783418 0.936915 1.189207 1.627411 2.410293 3.631844 4.443967 3.621831 2.390713 1.599017 1.152830 0.893193 0.732552 0.627169 0.554526 0.502367 0.463630 0.434032 0.410856 0.392317 0.377204 0.364683 0.354171 0.345251 0.337626 0.331073 0.325424 0.320538 0.316294 0.312576 0.309273 0.306276 0.303474 0.300761 0.298038 0.295219 0.292231 0.289020 0.285553 0.281816 0.277813 0.273562 0.269093 0.264444 0.259656 0.254771 0.249829 0.244867 0.239920 0.235015 0.230176 0.225423 0.220773 0.216236 0.211823 0.207539 0.203388 0.199375 0.195499 0.191763 0.188166 0.184709 0.181391 0.178212 0.175172 0.172270 0.169507 0.166882 0.164395 0.162047 0.159838 0.157768 0.155836 0.154045 0.152393 0.150882 0.149512 0.148283 0.147197 0.146252 0.145450 0.144788 0.144267 0.143882 0.143629 0.143503 0.143495 0.143594 0.143786 0.144055 0.144382 0.144746 0.145128 0.145507 0.145865 0.146192 0.146481 0.146737 0.146974 0.147218 0.147507 0.147893 0.148437 0.149213 0.150309 0.151827 0.153882 0.156614 0.160186 0.164797 0.170692 0.178173 0.187618 0.199496 0.214383 0.232956 0.255954 0.284044 0.317517 0.355702 0.396089 0.433518 0.460455 0.469525 0.457568 0.427740 0.387409 0.344106 0.302987 0.266557 0.235482 0.209469 0.187847
0.304902 0.342516 0.390941 0.454378 0.538351 0.648944 0.789180 0.949159 1.091149 1.153370 1.101558 0.970225 0.821410 0.693116 0.595546 0.526016 0.478842 0.448982 0.432832 0.428141 0.433773 0.449520 0.475988 0.514537 0.567162 0.636128 0.722939 0.826096 0.937658 1.041388 1.119027 1.166159 1.202795 1.266327 1.399103 1.641839 2.014005 2.434052 2.630443 2.399386 1.942932 1.531677 1.248579 1.081076 1.006125 1.015635 1.126149 1.400560 2.023791 3.602918 8.404978 16.428220 8.379393 3.549771 1.938837 1.276623 0.951928 0.773655 0.669297 0.607092 0.571721 0.555462 0.554609 0.568014 0.596666 0.644067 0.717678 0.832518 1.020153 1.353424 2.025620 3.656915 8.552865 16.713518 8.539339 3.630747 1.988326 1.306723 0.965525 0.770835 0.648961 0.567342 0.509849 0.467748 0.435964 0.411370 0.391955 0.376372 0.363698 0.353284 0.344662 0.337492 0.331516 0.326529 0.322363 0.318867 0.315901 0.313330 0.311018 0.308833 0.306648 0.304346 0.301826 0.299011 0.295849 0.292314 0.288409 0.284158 0.279605 0.274802 0.269810 0.264688 0.259492 0.254271 0.249070 0.243922 0.238854 0.233888 0.229038 0.224314 0.219724 0.215271 0.210956 0.206780 0.202742 0.198841 0.195076 0.191446 0.187950 0.184587 0.181356 0.178259 0.175294 0.172462 0.169763 0.167197 0.164766 0.162468 0.160304 0.158274 0.156379 0.154617 0.152990 0.151496 0.150136 0.148909 0.147814 0.146852 0.146019 0.145315 0.144736 0.144278 0.143935 0.143702 0.143568 0.143523 0.143556 0.143652 0.143798 0.143979 0.144184 0.144403 0.144630 0.144866 0.145121 0.145410 0.145761 0.146212 0.146811 0.147619 0.148710 0.150173 0.152111 0.154654 0.157956 0.162207 0.167649 0.174588 0.183423 0.194675 0.209032 0.227404 0.250979 0.281264 0.320034 0.369032 0.429054 0.497960 0.567589 0.621927 0.642066 0.619078 0.561887 0.489399 0.417623 0.354717 0.302820 0.261130 0.227905 0.201366
0.288364 0.319910 0.358901 0.407340 0.467200 0.539417 0.621672 0.704964 0.771578 0.800592 0.782188 0.726407 0.654399 0.584124 0.524848 0.479186 0.446547 0.425362 0.414114 0.411704 0.417533 0.431489 0.453895 0.485427 0.526951 0.579189 0.642105 0.714012 0.790853 0.866958 0.938783 1.011117 1.102491 1.248869 1.512189 2.004757 2.922298 4.379922 5.352351 4.358337 2.879396 1.941912 1.433881 1.166390 1.039834 1.012929 1.080358 1.270291 1.660481 2.402468 3.585762 4.373523 3.558629 2.345936 1.569620 1.136596 0.889998 0.743493 0.654116 0.600036 0.569792 0.557366 0.559918 0.576815 0.609436 0.661695 0.741703 0.865926 1.070064 1.441336 2.237037 4.504216 16.749318 16.741185 16.730466 4.468232 2.186842 1.380230 1.000923 0.790641 0.660914 0.574735 0.514346 0.470322 0.437249 0.411823 0.391925 0.376141 0.363499 0.353314 0.345087 0.338451 0.333122 0.328874 0.325514 0.322869 0.320773 0.319063 0.317574 0.316143 0.314610 0.312832 0.310685 0.308079 0.304958 0.301308 0.297152 0.292543 0.287555 0.282277 0.276797 0.271199 0.265558 0.259936 0.254383 0.248934 0.243615 0.238444 0.233428 0.228572 0.223875 0.219335 0.214947 0.210707 0.206611 0.202653 0.198830 0.195139 0.191579 0.188147 0.184843 0.181668 0.178621 0.175703 0.172914 0.170255 0.167726 0.165328 0.163061 0.160925 0.158918 0.157041 0.155294 0.153674 0.152182 0.150816 0.149574 0.148456 0.147460 0.146583 0.145823 0.145175 0.144636 0.144200 0.143859 0.143608 0.143436 0.143334 0.143295 0.143308 0.143367 0.143469 0.143613 0.143804 0.144055 0.144384 0.144819 0.145398 0.146169 0.147193 0.148544 0.150313 0.152611 0.155575 0.159378 0.164237 0.170437 0.178350 0.188478 0.201503 0.218375 0.240426 0.269549 0.308433 0.360829 0.431668 0.526376 0.647615 0.786402 0.908709 0.958851 0.905890 0.780761 0.639146 0.515075 0.417525 0.343833 0.288572 0.246809 0.214793
0.272186 0.298286 0.329302 0.366004 0.408751 0.456842 0.507543 0.555180 0.591452 0.608247 0.602147 0.576767 0.540423 0.501631 0.466296 0.437408 0.415959 0.401925 0.394928 0.394590 0.400688 0.413210 0.432345 0.458429 0.491830 0.532758 0.581009 0.635760 0.695722 0.760183 0.831399 0.918347 1.042055 1.245782 1.623253 2.412954 4.368053 10.278209 20.144203 10.266599 4.345995 2.383395 1.592262 1.224731 1.050652 0.988292 1.010447 1.116650 1.321552 1.632645 1.980285 2.142298 1.952303 1.574225 1.227310 0.977166 0.810071 0.700840 0.630554 0.587225 0.563724 0.556092 0.562543 0.583007 0.619118 0.674740 0.757418 0.881902 1.079058 1.420610 2.098514 3.731830 8.625680 16.780567 8.598097 3.680057 2.028195 1.337934 0.989241 0.788318 0.661411 0.575824 0.515280 0.470908 0.437515 0.411884 0.391928 0.376241 0.363848 0.354056 0.346358 0.340375 0.335812 0.332428 0.330014 0.328377 0.327328 0.326672 0.326208 0.325729 0.325031 0.323925 0.322251 0.319895 0.316796 0.312953 0.308417 0.303282 0.297672 0.291720 0.285556 0.279299 0.273046 0.266874 0.260840 0.254981 0.249318 0.243861 0.238612 0.233565 0.228712 0.224041 0.219542 0.215203 0.211015 0.206970 0.203060 0.199282 0.195631 0.192106 0.188706 0.185431 0.182281 0.179257 0.176361 0.173593 0.170954 0.168443 0.166062 0.163809 0.161684 0.159686 0.157814 0.156065 0.154439 0.152933 0.151546 0.150276 0.149121 0.148079 0.147146 0.146321 0.145599 0.144976 0.144449 0.144011 0.143657 0.143382 0.143180 0.143046 0.142979 0.142979 0.143049 0.143197 0.143439 0.143795 0.144293 0.144972 0.145879 0.147077 0.148639 0.150659 0.153255 0.156572 0.160798 0.166177 0.173032 0.181800 0.193081 0.207725 0.226957 0.252588 0.287365 0.335556 0.403934 0.503302 0.650346 0.867065 1.165301 1.487518 1.641936 1.484719 1.159701 0.858663 0.639138 0.489283 0.387099 0.315900 0.264878 0.227265
0.256965 0.278449 0.303085 0.331032 0.362042 0.395124 0.428193 0.457936 0.480294 0.491763 0.490982 0.479486 0.460960 0.439647 0.419062 0.401508 0.388221 0.379725 0.376172 0.377575 0.383945 0.395353 0.411944 0.433919 0.461477 0.494745 0.533735 0.578412 0.629074 0.687280 0.757613 0.850654 0.988525 1.217859 1.648165 2.594375 5.325533 20.129329 20.124720 20.124878 5.318034 2.587022 1.646731 1.231847 1.032573 0.945918 0.932667 0.977573 1.072374 1.200360 1.318679 1.361106 1.290650 1.141798 0.977778 0.837261 0.730411 0.654235 0.602755 0.570757 0.554623 0.552263 0.562916 0.587058 0.626491 0.684730 0.767921 0.886903 1.061920 1.333442 1.785195 2.572938 3.789446 4.587876 3.746459 2.493923 1.681391 1.216551 0.941092 0.767504 0.651793 0.571079 0.512751 0.469441 0.436621 0.411380 0.391780 0.376491 0.364577 0.355364 0.348356 0.343179 0.339537 0.337187 0.335913 0.335507 0.335756 0.336431 0.337283 0.338046 0.338447 0.338230 0.337175 0.335128 0.332014 0.327851 0.322735 0.316826 0.310317 0.303410 0.296297 0.289137 0.282059 0.275157 0.268491 0.262097 0.255989 0.250165 0.244615 0.239322 0.234266 0.229424 0.224777 0.220307 0.215997 0.211834 0.207810 0.203916 0.200148 0.196503 0.192982 0.189583 0.186308 0.183158 0.180135 0.177240 0.174474 0.171838 0.169330 0.166951 0.164699 0.162573 0.160570 0.158688 0.156925 0.155279 0.153746 0.152326 0.151014 0.149810 0.148712 0.147716 0.146821 0.146024 0.145322 0.144712 0.144191 0.143757 0.143407 0.143141 0.142960 0.142866 0.142866 0.142971 0.143197 0.143567 0.144109 0.144862 0.145873 0.147205 0.148933 0.151152 0.153983 0.157579 0.162142 0.167935 0.175313 0.184766 0.196979 0.212948 0.234149 0.262851 0.302669 0.359619 0.444204 0.575786 0.791999 1.168170 1.841003 2.891403 3.591206 2.888615 1.835426 1.159805 0.780846 0.561843 0.427472 0.340096 0.280355 0.237745
0.243050 0.260769 0.280466 0.302039 0.325083 0.348733 0.371572 0.391682 0.406979 0.415812 0.417592 0.413060 0.404025 0.392731 0.381268 0.371242 0.363719 0.359330 0.358427 0.361204 0.367799 0.378340 0.392973 0.411861 0.435178 0.463107 0.495888 0.533983 0.578455 0.631723 0.698889 0.790102 0.925224 1.144668 1.539036 2.344458 4.312816 10.233312 20.106718 10.233724 4.314956 2.351169 1.555097 1.177328 0.984728 0.889981 0.855598 0.862981 0.899173 0.948785 0.989815 0.998306 0.962565 0.891895 0.807396 0.727115 0.660306 0.609514 0.574101 0.552563 0.543606 0.546568 0.561572 0.589632 0.632774 0.694249 0.778848 0.893401 1.047637 1.255474 1.534625 1.891182 2.254784 2.405221 2.182466 1.761712 1.371563 1.081558 0.878550 0.736588 0.635524 0.561993 0.507397 0.466166 0.434619 0.410266 0.391391 0.376783 0.365574 0.357135 0.350996 0.346802 0.344274 0.343177 0.343296 0.344418 0.346310 0.348704 0.351290 0.353720 0.355619 0.356620 0.356404 0.354747 0.351554 0.346868 0.340862 0.333798 0.325982 0.317721 0.309288 0.300902 0.292728 0.284871 0.277396 0.270326 0.263663 0.257388 0.251471 0.245880 0.240576 0.235527 0.230700 0.226067 0.221606 0.217298 0.213130 0.209092 0.205178 0.201386 0.197715 0.194166 0.190741 0.187441 0.184270 0.181228 0.178318 0.175540 0.172892 0.170376 0.167987 0.165725 0.163585 0.161566 0.159663 0.157873 0.156193 0.154621 0.153154 0.151791 0.150528 0.149366 0.148303 0.147337 0.146467 0.145694 0.145015 0.144432 0.143944 0.143553 0.143262 0.143078 0.143009 0.143067 0.143270 0.143641 0.144208 0.145011 0.146097 0.147527 0.149377 0.151743 0.154748 0.158549 0.163354 0.169440 0.177182 0.187105 0.199952 0.216818 0.239357 0.270175 0.313552 0.376928 0.474123 0.633126 0.917322 1.493413 2.894433 7.100230 14.110803 7.097442 2.888859 1.485054 0.906182 0.619207 0.457430 0.357465 0.291325 0.245188
0.230595 0.245317 0.261259 0.278237 0.295857 0.313464 0.330129 0.344725 0.356132 0.363520 0.366619 0.365832 0.362122 0.356753 0.350995 0.345937 0.342402 0.340969 0.342022 0.345823 0.352565 0.362410 0.375515 0.392044 0.412191 0.436202 0.464465 0.497665 0.537111 0.585282 0.646767 0.729872 0.849620 1.033851 1.336361 1.864095 2.810399 4.289940 5.277864 4.293477 2.818568 1.879188 1.362044 1.075358 0.913853 0.825250 0.782587 0.770283 0.776990 0.791719 0.802677 0.799402 0.776969 0.738165 0.690932 0.643644 0.602160 0.569485 0.546710 0.534053 0.531567 0.539582 0.558960 0.591299 0.639110 0.705954 0.796378 0.915280 1.065977 1.246227 1.442547 1.624950 1.744543 1.745559 1.611314 1.394220 1.167464 0.972835 0.819942 0.703871 0.616458 0.550399 0.500098 0.461490 0.431676 0.408586 0.390738 0.377059 0.366769 0.359296 0.354215 0.351205 0.350015 0.350435 0.352269 0.355308 0.359310 0.363966 0.368894 0.373625 0.377629 0.380362 0.381333 0.380196 0.376810 0.371271 0.363878 0.355069 0.345334 0.335136 0.324867 0.314821 0.305197 0.296112 0.287616 0.279714 0.272380 0.265567 0.259221 0.253283 0.247696 0.242407 0.237371 0.232549 0.227909 0.223426 0.219084 0.214871 0.210780 0.206809 0.202958 0.199228 0.195623 0.192147 0.188802 0.185592 0.182518 0.179580 0.176779 0.174112 0.171577 0.169170 0.166887 0.164723 0.162676 0.160739 0.158909 0.157183 0.155559 0.154034 0.152608 0.151279 0.150048 0.148915 0.147881 0.146947 0.146114 0.145385 0.144762 0.144249 0.143851 0.143577 0.143436 0.143441 0.143612 0.143970 0.144546 0.145377 0.146510 0.148005 0.149936 0.152399 0.155516 0.159445 0.164394 0.170643 0.178575 0.188722 0.201851 0.219088 0.242154 0.273776 0.318487 0.384281 0.486337 0.656434 0.970651 1.651032 3.597444 14.114016 14.112625 14.111218 3.591850 1.642646 0.959479 0.642484 0.469618 0.364802 0.296259 0.248810
0.219619 0.231990 0.245105 0.258770 0.272661 0.286306 0.299099 0.310368 0.319482 0.326004 0.329809 0.331135 0.330538 0.328767 0.326619 0.324833 0.324021 0.324660 0.327106 0.331623 0.338421 0.347675 0.359549 0.374217 0.391888 0.412846 0.437528 0.466658 0.501479 0.544120 0.598163 0.669537 0.767922 0.908885 1.116421 1.422073 1.843087 2.298967 2.520108 2.304383 1.854768 1.441757 1.146785 0.953570 0.831461 0.757089 0.714941 0.694424 0.687345 0.686397 0.684833 0.677318 0.661281 0.637510 0.609274 0.580626 0.555031 0.534865 0.521567 0.516044 0.519073 0.531647 0.555265 0.592220 0.645941 0.721331 0.824935 0.964167 1.143605 1.354813 1.560244 1.693128 1.702977 1.599463 1.429298 1.237770 1.056079 0.900109 0.773771 0.674473 0.597421 0.537823 0.491667 0.455839 0.428002 0.406426 0.389835 0.377295 0.368117 0.361797 0.357967 0.356355 0.356757 0.359006 0.362949 0.368408 0.375146 0.382829 0.390984 0.398983 0.406053 0.411350 0.414082 0.413672 0.409899 0.402947 0.393352 0.381860 0.369263 0.356271 0.343439 0.331148 0.319624 0.308973 0.299212 0.290305 0.282179 0.274746 0.267913 0.261589 0.255688 0.250136 0.244868 0.239832 0.234986 0.230300 0.225753 0.221330 0.217027 0.212840 0.208772 0.204826 0.201008 0.197324 0.193777 0.190372 0.187111 0.183995 0.181023 0.178192 0.175498 0.172938 0.170504 0.168191 0.165993 0.163904 0.161920 0.160037 0.158251 0.156561 0.154966 0.153467 0.152066 0.150763 0.149562 0.148466 0.147477 0.146601 0.145842 0.145206 0.144699 0.144331 0.144112 0.144058 0.144187 0.144520 0.145088 0.145926 0.147081 0.148610 0.150585 0.153098 0.156269 0.160250 0.165246 0.171528 0.179469 0.189588 0.202628 0.219679 0.242393 0.273372 0.316896 0.380401 0.477707 0.636802 0.921071 1.497213 2.898265 7.104073 14.114638 7.101252 2.892626 1.488764 0.909819 0.622761 0.460891 0.360823 0.294575 0.248324
0.210063 0.220606 0.231596 0.242864 0.254157 0.265141 0.275423 0.284588 0.292272 0.298233 0.302417 0.304976 0.306251 0.306708 0.306866 0.307232 0.308256 0.310314 0.313711 0.318691 0.325453 0.334172 0.345014 0.358152 0.373799 0.392238 0.413888 0.439400 0.469804 0.506718 0.552643 0.611323 0.688139 0.790264 0.925658 1.098447 1.296380 1.471913 1.546985 1.478357 1.309896 1.120297 0.957728 0.835023 0.748511 0.690438 0.653421 0.631273 0.618734 0.611159 0.604530 0.595838 0.583557 0.567823 0.550087 0.532426 0.516916 0.505286 0.498892 0.498867 0.506364 0.522824 0.550306 0.591915 0.652455 0.739440 0.864629 1.045765 1.305628 1.655481 2.033242 2.235936 2.107060 1.785638 1.464828 1.207338 1.009561 0.857666 0.740512 0.649914 0.579697 0.525140 0.482655 0.449541 0.423780 0.403874 0.388714 0.377483 0.369586 0.364594 0.362205 0.362213 0.364483 0.368923 0.375451 0.383964 0.394275 0.406056 0.418751 0.431521 0.443221 0.452490 0.457976 0.458658 0.454144 0.444797 0.431606 0.415887 0.398953 0.381890 0.365466 0.350146 0.336150 0.323530 0.312229 0.302133 0.293098 0.284973 0.277609 0.270872 0.264639 0.258807 0.253291 0.248020 0.242943 0.238023 0.233234 0.228563 0.224004 0.219558 0.215230 0.211026 0.206955 0.203025 0.199242 0.195613 0.192139 0.188822 0.185661 0.182652 0.179788 0.177064 0.174472 0.172003 0.169649 0.167404 0.165259 0.163212 0.161258 0.159396 0.157626 0.155949 0.154369 0.152890 0.151515 0.150249 0.149100 0.148071 0.147171 0.146406 0.145784 0.145316 0.145014 0.144892 0.144967 0.145263 0.145808 0.146635 0.147789 0.149323 0.151307 0.153829 0.156999 0.160964 0.165915 0.172108 0.179890 0.189743 0.202349 0.218693 0.240248 0.269277 0.309392 0.366605 0.451416 0.583184 0.799543 1.175818 1.848714 2.899137 3.598923 2.896279 1.843003 1.167264 0.788158 0.568986 0.434424 0.346841 0.286880 0.244041
0.201823 0.210951 0.220346 0.229868 0.239325 0.248484 0.257085 0.264868 0.271615 0.277189 0.281569 0.284860 0.287280 0.289136 0.290773 0.292547 0.294789 0.297792 0.301806 0.307044 0.313687 0.321899 0.331838 0.343670 0.357594 0.373867 0.392851 0.415071 0.441302 0.472663 0.510729 0.557607 0.615866 0.688111 0.775681 0.875821 0.977312 1.057878 1.091152 1.064799 0.991601 0.898363 0.807769 0.731381 0.672178 0.628845 0.598528 0.578049 0.564332 0.554556 0.546312 0.537816 0.528122 0.517179 0.505684 0.494787 0.485791 0.479962 0.478484 0.482531 0.493435 0.512938 0.543566 0.589242 0.656378 0.756013 0.908227 1.151680 1.563304 2.282271 3.389333 4.133354 3.430182 2.355805 1.656220 1.249847 1.000069 0.833855 0.716086 0.629114 0.563235 0.512579 0.473311 0.442789 0.419138 0.401003 0.387401 0.377619 0.371148 0.367641 0.366874 0.368725 0.373154 0.380180 0.389850 0.402201 0.417184 0.434563 0.453759 0.473691 0.492658 0.508400 0.518472 0.520923 0.514994 0.501426 0.482153 0.459589 0.435955 0.412901 0.391438 0.372055 0.354878 0.339821 0.326683 0.315218 0.305171 0.296300 0.288383 0.281224 0.274658 0.268544 0.262769 0.257247 0.251914 0.246725 0.241653 0.236686 0.231821 0.227063 0.222421 0.217907 0.213534 0.209314 0.205255 0.201365 0.197649 0.194107 0.190736 0.187532 0.184487 0.181591 0.178833 0.176202 0.173687 0.171278 0.168967 0.166748 0.164617 0.162572 0.160615 0.158749 0.156979 0.155309 0.153748 0.152303 0.150981 0.149790 0.148739 0.147837 0.147092 0.146516 0.146121 0.145921 0.145933 0.146180 0.146687 0.147486 0.148618 0.150135 0.152098 0.154590 0.157713 0.161601 0.166429 0.172427 0.179906 0.189292 0.201177 0.216399 0.236175 0.262309 0.297542 0.346137 0.414860 0.514513 0.661780 0.878657 1.176987 1.499237 1.653628 1.496327 1.171173 0.869951 0.650201 0.500084 0.397607 0.326090 0.274732 0.236767
0.194783 0.202820 0.211015 0.219256 0.227400 0.235284 0.242732 0.249576 0.255685 0.260977 0.265449 0.269175 0.272302 0.275038 0.277622 0.280307 0.283338 0.286943 0.291325 0.296663 0.303116 0.310833 0.319957 0.330638 0.343052 0.357417 0.374022 0.393258 0.415661 0.441941 0.472994 0.509858 0.553524 0.604508 0.662014 0.722689 0.779458 0.821907 0.839837 0.828967 0.793888 0.745089 0.693246 0.645633 0.605703 0.574214 0.550431 0.532940 0.520092 0.510266 0.502040 0.494360 0.486642 0.478817 0.471267 0.464690 0.459965 0.458054 0.459978 0.466875 0.480146 0.501697 0.534367 0.582693 0.654430 0.763841 0.939636 1.246676 1.855565 3.312516 7.648472 14.861323 7.672270 3.356001 1.911795 1.307792 0.998552 0.815169 0.694624 0.609716 0.547204 0.499928 0.463645 0.435656 0.414147 0.397862 0.385918 0.377694 0.372771 0.370884 0.371902 0.375805 0.382681 0.392708 0.406139 0.423262 0.444323 0.469370 0.497998 0.528974 0.559833 0.586737 0.605009 0.610600 0.601879 0.580476 0.550436 0.516419 0.482236 0.450305 0.421794 0.397021 0.375823 0.357818 0.342547 0.329556 0.318427 0.308791 0.300329 0.292771 0.285891 0.279508 0.273477 0.267691 0.262074 0.256575 0.251170 0.245847 0.240611 0.235473 0.230451 0.225564 0.220828 0.216263 0.211879 0.207688 0.203694 0.199898 0.196297 0.192881 0.189642 0.186565 0.183635 0.180837 0.178156 0.175578 0.173093 0.170692 0.168372 0.166131 0.163972 0.161899 0.159920 0.158043 0.156278 0.154635 0.153125 0.151758 0.150543 0.149491 0.148612 0.147917 0.147419 0.147131 0.147069 0.147255 0.147711 0.148468 0.149563 0.151040 0.152959 0.155391 0.158430 0.162192 0.166833 0.172553 0.179620 0.188390 0.199352 0.213176 0.230799 0.253544 0.283295 0.322733 0.375604 0.446834 0.541846 0.663299 0.802214 0.924561 0.974661 0.921580 0.796260 0.654389 0.530004 0.432091 0.357994 0.302295 0.260069 0.227570
0.188823 0.196023 0.203316 0.210614 0.217812 0.224791 0.231432 0.237626 0.243286 0.248367 0.252871 0.256852 0.260414 0.263700 0.266882 0.270143 0.273666 0.277628 0.282194 0.287511 0.293719 0.300944 0.309315 0.318961 0.330031 0.342699 0.357181 0.373751 0.392751 0.414590 0.439719 0.468553 0.501303 0.537685 0.576498 0.615165 0.649552 0.674574 0.685823 0.681588 0.663786 0.637011 0.606512 0.576530 0.549685 0.527121 0.508956 0.494695 0.483546 0.474636 0.467167 0.460534 0.454402 0.448740 0.443797 0.440050 0.438137 0.438821 0.442988 0.451703 0.466346 0.488852 0.522147 0.570974 0.643582 0.755538 0.939346 1.272840 1.983482 3.994317 14.802779 14.811558 14.817221 4.020993 2.018556 1.311755 0.977694 0.789643 0.670720 0.589324 0.530605 0.486819 0.453564 0.428150 0.408842 0.394480 0.384275 0.377697 0.374416 0.374259 0.377194 0.383329 0.392912 0.406339 0.424169 0.447108 0.475956 0.511443 0.553836 0.602219 0.653386 0.700825 0.735068 0.746866 0.732265 0.695242 0.645059 0.591186 0.540122 0.495033 0.456777 0.424996 0.398849 0.377390 0.359735 0.345118 0.332894 0.322528 0.313578 0.305680 0.298539 0.291921 0.285648 0.279588 0.273654 0.267795 0.261988 0.256232 0.250541 0.244938 0.239450 0.234107 0.228934 0.223956 0.219189 0.214646 0.210334 0.206252 0.202395 0.198753 0.195309 0.192044 0.188939 0.185971 0.183120 0.180368 0.177701 0.175107 0.172583 0.170127 0.167743 0.165440 0.163227 0.161118 0.159125 0.157262 0.155542 0.153977 0.152581 0.151363 0.150336 0.149510 0.148896 0.148510 0.148364 0.148478 0.148873 0.149575 0.150618 0.152042 0.153898 0.156248 0.159174 0.162777 0.167187 0.172574 0.179156 0.187221 0.197149 0.209445 0.224784 0.244062 0.268454 0.299460 0.338847 0.388350 0.448763 0.517944 0.587732 0.642116 0.662194 0.639042 0.581595 0.508767 0.436577 0.373195 0.320768 0.278507 0.244679 0.217515
0.183836 0.190397 0.197015 0.203620 0.210133 0.216467 0.222539 0.228274 0.233616 0.238537 0.243040 0.247167 0.250991 0.254616 0.258165 0.261773 0.265581 0.269727 0.274341 0.279549 0.285466 0.292203 0.299869 0.308575 0.318439 0.329595 0.342197 0.356424 0.372477 0.390565 0.410871 0.433481 0.458270 0.484737 0.511818 0.537748 0.560128 0.576338 0.584292 0.583225 0.574029 0.558905 0.540566 0.521468 0.503383 0.487325 0.473676 0.462376 0.453113 0.445464 0.439017 0.433452 0.428607 0.424497 0.421321 0.419440 0.419351 0.421680 0.427193 0.436859 0.451966 0.474339 0.506742 0.553617 0.622602 0.727827 0.897879 1.197575 1.797652 3.244773 7.570771 14.774877 7.579849 3.261678 1.820163 1.222954 0.923336 0.750879 0.641262 0.566434 0.512753 0.472980 0.442988 0.420274 0.403251 0.390880 0.382478 0.377611 0.376038 0.377685 0.382632 0.391127 0.403614 0.420771 0.443576 0.473372 0.511915 0.561312 0.623640 0.699809 0.787067 0.875139 0.943931 0.969747 0.941414 0.870156 0.779714 0.690207 0.611912 0.547556 0.496171 0.455594 0.423598 0.398273 0.378090 0.361848 0.348608 0.337626 0.328310 0.320186 0.312876 0.306086 0.299597 0.293254 0.286963 0.280673 0.274374 0.268080 0.261821 0.255638 0.249574 0.243671 0.237966 0.232490 0.227267 0.222312 0.217634 0.213231 0.209095 0.205209 0.201552 0.198097 0.194817 0.191681 0.188660 0.185731 0.182872 0.180073 0.177325 0.174629 0.171992 0.169427 0.166947 0.164571 0.162317 0.160202 0.158244 0.156457 0.154856 0.153453 0.152260 0.151287 0.150546 0.150049 0.149809 0.149841 0.150166 0.150805 0.151787 0.153146 0.154927 0.157182 0.159979 0.163403 0.167559 0.172585 0.178651 0.185978 0.194847 0.205616 0.218736 0.234767 0.254372 0.278278 0.307142 0.341248 0.379919 0.420645 0.458266 0.485251 0.494232 0.482058 0.451896 0.411126 0.367292 0.325565 0.288463 0.256666 0.229893 0.207487
0.179724 0.185805 0.191924 0.198025 0.204046 0.209923 0.215595 0.221010 0.226127 0.230928 0.235417 0.239624 0.243602 0.247427 0.251188 0.254989 0.258937 0.263141 0.267707 0.272739 0.278334 0.284586 0.291588 0.299432 0.308210 0.318023 0.328975 0.341176 0.354731 0.369725 0.386194 0.404071 0.423117 0.442842 0.462424 0.480697 0.496243 0.507637 0.513811 0.514387 0.509811 0.501213 0.490062 0.477799 0.465583 0.454190 0.444031 0.435232 0.427728 0.421360 0.415948 0.411356 0.407535 0.404544 0.402564 0.401890 0.402929 0.406202 0.412369 0.422280 0.437073 0.458354 0.488510 0.531275 0.592804 0.683807 0.824021 1.051866 1.444366 2.141469 3.225770 3.949245 3.231678 2.152547 1.459279 1.068920 0.841426 0.699895 0.606168 0.540837 0.493521 0.458374 0.431935 0.412069 0.397415 0.387091 0.380536 0.377417 0.377590 0.381077 0.388076 0.398989 0.414476 0.435551 0.463721 0.501206 0.551231 0.618362 0.708656 0.828807 0.982068 1.157130 1.311318 1.374856 1.309009 1.152605 0.975507 0.820444 0.698752 0.607164 0.538936 0.487921 0.449424 0.420055 0.397392 0.379682 0.365631 0.354255 0.344788 0.336626 0.329294 0.322428 0.315764 0.309125 0.302414 0.295594 0.288674 0.281695 0.274716 0.267801 0.261015 0.254416 0.248057 0.241977 0.236209 0.230770 0.225670 0.220905 0.216463 0.212321 0.208448 0.204808 0.201360 0.198063 0.194879 0.191771 0.188715 0.185692 0.182696 0.179728 0.176800 0.173929 0.171138 0.168450 0.165891 0.163484 0.161250 0.159208 0.157374 0.155761 0.154380 0.153244 0.152360 0.151741 0.151396 0.151340 0.151587 0.152156 0.153072 0.154362 0.156063 0.158218 0.160881 0.164121 0.168021 0.172684 0.178240 0.184847 0.192702 0.202040 0.213142 0.226321 0.241904 0.260166 0.281216 0.304790 0.329952 0.354780 0.376244 0.390639 0.394753 0.387296 0.369577 0.344827 0.316767 0.288441 0.261780 0.237726 0.216543 0.198123
0.176405 0.182136 0.187896 0.193638 0.199315 0.204877 0.210277 0.215475 0.220441 0.225159 0.229634 0.233884 0.237949 0.241882 0.245754 0.249640 0.253627 0.257799 0.262246 0.267053 0.272302 0.278075 0.284448 0.291498 0.299299 0.307922 0.317437 0.327905 0.339374 0.351857 0.365317 0.379628 0.394542 0.409645 0.424338 0.437850 0.449317 0.457925 0.463082 0.464581 0.462653 0.457906 0.451164 0.443291 0.435037 0.426966 0.419439 0.412644 0.406639 0.401409 0.396915 0.393135 0.390096 0.387889 0.386687 0.386745 0.388403 0.392101 0.398393 0.407998 0.421870 0.441327 0.468265 0.505509 0.557411 0.630851 0.736802 0.892220 1.119460 1.430400 1.765668 1.928068 1.769671 1.437956 1.129743 0.904164 0.749247 0.642684 0.567664 0.513421 0.473308 0.443212 0.420539 0.403628 0.391399 0.383154 0.378464 0.377104 0.379024 0.384345 0.393379 0.406681 0.425131 0.450098 0.483686 0.529174 0.591751 0.679740 0.806534 0.992913 1.266338 1.641585 2.046525 2.240827 2.044292 1.637276 1.260248 0.985440 0.798130 0.670859 0.582798 0.520461 0.475381 0.442188 0.417376 0.398570 0.384086 0.372680 0.363396 0.355481 0.348347 0.341546 0.334762 0.327802 0.320575 0.313072 0.305343 0.297473 0.289561 0.281707 0.274004 0.266534 0.259364 0.252547 0.246122 0.240111 0.234523 0.229353 0.224580 0.220174 0.216090 0.212279 0.208683 0.205245 0.201910 0.198630 0.195370 0.192105 0.188829 0.185545 0.182272 0.179038 0.175874 0.172814 0.169892 0.167140 0.164583 0.162244 0.160141 0.158288 0.156696 0.155376 0.154335 0.153581 0.153122 0.152969 0.153134 0.153631 0.154479 0.155700 0.157323 0.159381 0.161918 0.164984 0.168642 0.172967 0.178049 0.183996 0.190934 0.199004 0.208361 0.219155 0.231504 0.245445 0.260850 0.277310 0.294008 0.309622 0.322384 0.330371 0.332050 0.326836 0.315341 0.299121 0.280120 0.260125 0.240467 0.221971 0.205048 0.189821
0.173811 0.179299 0.184814 0.190317 0.195769 0.201129 0.206358 0.211423 0.216299 0.220973 0.225441 0.229718 0.233830 0.237817 0.241729 0.245628 0.249580 0.253656 0.257930 0.262474 0.267360 0.272657 0.278432 0.284749 0.291666 0.299236 0.307505 0.316504 0.326246 0.336711 0.347830 0.359468 0.371404 0.383311 0.394759 0.405233 0.414187 0.421127 0.425702 0.427779 0.427473 0.425118 0.421188 0.416205 0.410659 0.404948 0.399370 0.394117 0.389304 0.384996 0.381237 0.378075 0.375585 0.373883 0.373135 0.373566 0.375466 0.379199 0.385223 0.394122 0.406653 0.423831 0.447044 0.478229 0.520115 0.576490 0.652318 0.753034 0.881202 1.027409 1.156509 1.211136 1.159362 1.032833 0.888681 0.761888 0.661797 0.585861 0.528735 0.485593 0.452819 0.427876 0.409026 0.395093 0.385293 0.379122 0.376286 0.376666 0.380304 0.387412 0.398407 0.413976 0.435202 0.463772 0.502362 0.555322 0.630002 0.739368 0.907491 1.181361 1.655240 2.500363 3.818099 4.695909 3.815727 2.495869 1.649094 1.174192 0.900022 0.732340 0.624103 0.551135 0.500305 0.464060 0.437793 0.418522 0.404195 0.393310 0.384706 0.377461 0.370845 0.364307 0.357472 0.350133 0.342227 0.333806 0.324988 0.315927 0.306784 0.297708 0.288828 0.280254 0.272072 0.264348 0.257127 0.250436 0.244284 0.238659 0.233534 0.228864 0.224588 0.220636 0.216930 0.213387 0.209932 0.206495 0.203028 0.199498 0.195898 0.192239 0.188549 0.184871 0.181251 0.177737 0.174377 0.171210 0.168269 0.165581 0.163166 0.161037 0.159206 0.157680 0.156463 0.155562 0.154981 0.154726 0.154806 0.155230 0.156013 0.157171 0.158725 0.160700 0.163127 0.166043 0.169491 0.173522 0.178193 0.183569 0.189723 0.196726 0.204643 0.213520 0.223358 0.234076 0.245464 0.257127 0.268432 0.278499 0.286277 0.290717 0.291032 0.286940 0.278759 0.267307 0.253659 0.238892 0.223898 0.209317 0.195546 0.182790
0.171887 0.177224 0.182591 0.187956 0.193283 0.198536 0.203681 0.208688 0.213533 0.218199 0.222681 0.226983 0.231123 0.235128 0.239037 0.242897 0.246762 0.250692 0.254751 0.259001 0.263507 0.268331 0.273533 0.279165 0.285279 0.291915 0.299103 0.306860 0.315180 0.324030 0.333336 0.342973 0.352759 0.362443 0.371717 0.380228 0.387616 0.393562 0.397837 0.400339 0.401115 0.400340 0.398284 0.395263 0.391592 0.387555 0.383386 0.379268 0.375339 0.371707 0.368466 0.365710 0.363545 0.362102 0.361542 0.362065 0.363917 0.367398 0.372874 0.380801 0.391752 0.406457 0.425858 0.451167 0.483898 0.525821 0.578646 0.643090 0.716832 0.791358 0.850087 0.873476 0.852253 0.795514 0.722652 0.650142 0.586453 0.533913 0.491868 0.458712 0.432810 0.412802 0.397657 0.386627 0.379202 0.375059 0.374034 0.376108 0.381408 0.390223 0.403056 0.420698 0.444375 0.476008 0.518686 0.577574 0.661763 0.788322 0.992066 1.352187 2.077400 3.835605 9.108020 17.894712 9.105163 3.830282 2.070340 1.344367 0.984598 0.782345 0.658351 0.577666 0.523032 0.485120 0.458478 0.439667 0.426343 0.416769 0.409570 0.403616 0.397988 0.391992 0.385176 0.377336 0.368476 0.358756 0.348418 0.337726 0.326929 0.316241 0.305837 0.295853 0.286398 0.277548 0.269357 0.261855 0.255048 0.248917 0.243423 0.238503 0.234076 0.230043 0.226292 0.222710 0.219185 0.215623 0.211951 0.208128 0.204146 0.200026 0.195818 0.191582 0.187392 0.183314 0.179413 0.175741 0.172339 0.169237 0.166457 0.164011 0.161908 0.160150 0.158740 0.157678 0.156966 0.156606 0.156600 0.156956 0.157681 0.158787 0.160287 0.162199 0.164544 0.167345 0.170630 0.174428 0.178771 0.183690 0.189215 0.195367 0.202153 0.209552 0.217501 0.225868 0.234432 0.242853 0.250660 0.257268 0.262034 0.264359 0.263819 0.260274 0.253911 0.245198 0.234769 0.223298 0.211386 0.199513 0.188017 0.177110
0.170588 0.175857 0.181164 0.186480 0.191772 0.197005 0.202147 0.207167 0.212038 0.216741 0.221264 0.225603 0.229767 0.233773 0.237649 0.241433 0.245171 0.248915 0.252721 0.256649 0.260758 0.265106 0.269748 0.274735 0.280110 0.285910 0.292157 0.298860 0.306010 0.313569 0.321473 0.329616 0.337852 0.345994 0.353816 0.361071 0.367510 0.372909 0.377101 0.379994 0.381581 0.381939 0.381208 0.379569 0.377221 0.374362 0.371178 0.367838 0.364492 0.361276 0.358318 0.355743 0.353681 0.352271 0.351670 0.352056 0.353637 0.356654 0.361393 0.368196 0.377472 0.389718 0.405525 0.425575 0.450600 0.481239 0.517730 0.559307 0.603308 0.644337 0.674564 0.686333 0.676333 0.647767 0.608195 0.565384 0.524700 0.488820 0.458558 0.433761 0.413901 0.398382 0.386682 0.378393 0.373231 0.371032 0.371748 0.375448 0.382333 0.392756 0.407280 0.426756 0.452484 0.486476 0.531971 0.594421 0.683557 0.818068 1.037411 1.436571 2.293516 4.735808 17.917331 17.915894 17.913425 4.728612 2.284165 1.426568 1.028439 0.811829 0.681646 0.598245 0.542706 0.505026 0.479436 0.462311 0.451139 0.443995 0.439261 0.435527 0.431592 0.426536 0.419798 0.411202 0.400900 0.389257 0.376726 0.363748 0.350694 0.337857 0.325458 0.313664 0.302595 0.292342 0.282962 0.274486 0.266916 0.260224 0.254355 0.249224 0.244719 0.240702 0.237020 0.233508 0.230005 0.226374 0.222509 0.218356 0.213907 0.209205 0.204328 0.199376 0.194454 0.189661 0.185083 0.180789 0.176827 0.173232 0.170023 0.167210 0.164796 0.162779 0.161156 0.159921 0.159071 0.158603 0.158515 0.158808 0.159487 0.160556 0.162024 0.163902 0.166201 0.168934 0.172115 0.175757 0.179871 0.184461 0.189527 0.195053 0.201006 0.207325 0.213910 0.220612 0.227220 0.233452 0.238959 0.243342 0.246196 0.247166 0.246016 0.242685 0.237298 0.230151 0.221647 0.212228 0.202316 0.192267 0.182358 0.172784
0.169881 0.175160 0.180490 0.185841 0.191183 0.196480 0.201699 0.206805 0.211767 0.216559 0.221160 0.225560 0.229756 0.233757 0.237583 0.241264 0.244841 0.248361 0.251879 0.255452 0.259139 0.262999 0.267086 0.271451 0.276136 0.281176 0.286594 0.292397 0.298577 0.305105 0.311925 0.318957 0.326088 0.333177 0.340061 0.346557 0.352485 0.357673 0.361981 0.365311 0.367612 0.368885 0.369174 0.368564 0.367169 0.365124 0.362579 0.359696 0.356637 0.353563 0.350632 0.347998 0.345810 0.344215 0.343365 0.343420 0.344551 0.346951 0.350833 0.356445 0.364062 0.374000 0.386596 0.402189 0.421050 0.443268 0.468534 0.495838 0.523145 0.547276 0.564359 0.571030 0.565916 0.550324 0.527562 0.501467 0.475205 0.450828 0.429393 0.411280 0.396501 0.384906 0.376303 0.370527 0.367472 0.367102 0.369467 0.374712 0.383096 0.395026 0.411096 0.432182 0.459571 0.495220 0.542212 0.605650 0.694497 0.825612 1.033535 1.397146 2.124868 3.884396 9.156887 17.942513 9.151008 3.873624 2.111001 1.382510 1.020674 0.817027 0.692480 0.612211 0.559059 0.523763 0.500897 0.486978 0.479492 0.476370 0.475696 0.475632 0.474497 0.470974 0.464318 0.454443 0.441810 0.427187 0.411395 0.395145 0.378970 0.363245 0.348224 0.334088 0.320966 0.308950 0.298102 0.288450 0.279990 0.272680 0.266447 0.261176 0.256717 0.252882 0.249452 0.246191 0.242864 0.239263 0.235234 0.230698 0.225658 0.220190 0.214425 0.208521 0.202638 0.196920 0.191482 0.186412 0.181766 0.177579 0.173866 0.170628 0.167862 0.165557 0.163700 0.162280 0.161287 0.160710 0.160544 0.160785 0.161432 0.162486 0.163950 0.165828 0.168125 0.170847 0.173996 0.177572 0.181569 0.185974 0.190760 0.195887 0.201293 0.206891 0.212559 0.218141 0.223439 0.228216 0.232203 0.235120 0.236701 0.236730 0.235080 0.231735 0.226800 0.220484 0.213068 0.204865 0.196185 0.187301 0.178439 0.169770
0.169743 0.175107 0.180539 0.186011 0.191490 0.196939 0.202320 0.207593 0.212719 0.217663 0.222394 0.226890 0.231139 0.235140 0.238906 0.242461 0.245844 0.249101 0.252289 0.255467 0.258698 0.262045 0.265567 0.269317 0.273340 0.277676 0.282348 0.287369 0.292738 0.298435 0.304421 0.310635 0.316996 0.323402 0.329731 0.335848 0.341612 0.346879 0.351517 0.355408 0.358455 0.360588 0.361767 0.361994 0.361309 0.359800 0.357594 0.354856 0.351773 0.348539 0.345351 0.342392 0.339832 0.337830 0.336532 0.336080 0.336615 0.338284 0.341241 0.345652 0.351694 0.359546 0.369378 0.381317 0.395395 0.411469 0.429093 0.447395 0.464977 0.479974 0.490364 0.494527 0.491824 0.482858 0.469218 0.452909 0.435799 0.419306 0.404350 0.391439 0.380812 0.372547 0.366654 0.363132 0.362000 0.363323 0.367229 0.373928 0.383730 0.397078 0.414587 0.437121 0.465901 0.502704 0.550214 0.612677 0.697181 0.816256 0.993360 1.274771 1.754060 2.601965 3.919699 4.794967 3.910294 2.584786 1.732031 1.251566 0.972846 0.802077 0.692548 0.620331 0.572499 0.541660 0.523304 0.514416 0.512668 0.515899 0.521793 0.527796 0.531326 0.530277 0.523552 0.511301 0.494665 0.475219 0.454437 0.433427 0.412901 0.393275 0.374795 0.357620 0.341868 0.327625 0.314951 0.303869 0.294364 0.286381 0.279819 0.274531 0.270319 0.266928 0.264051 0.261342 0.258449 0.255053 0.250915 0.245922 0.240094 0.233573 0.226581 0.219375 0.212201 0.205263 0.198720 0.192674 0.187189 0.182290 0.177984 0.174258 0.171093 0.168468 0.166358 0.164742 0.163600 0.162917 0.162681 0.162883 0.163518 0.164581 0.166073 0.167993 0.170342 0.173118 0.176316 0.179928 0.183935 0.188308 0.193006 0.197966 0.203105 0.208315 0.213459 0.218371 0.222860 0.226715 0.229716 0.231653 0.232342 0.231654 0.229527 0.225983 0.221127 0.215130 0.208216 0.200629 0.192611 0.184382 0.176133 0.168011
0.170157 0.175682 0.181300 0.186982 0.192692 0.198389 0.204030 0.209564 0.214943 0.220119 0.225046 0.229690 0.234025 0.238040 0.241740 0.245147 0.248299 0.251246 0.254050 0.256778 0.259504 0.262296 0.265222 0.268343 0.271713 0.275373 0.279357 0.283685 0.288363 0.293384 0.298727 0.304352 0.310207 0.316220 0.322304 0.328358 0.334268 0.339905 0.345131 0.349795 0.353744 0.356829 0.358917 0.359916 0.359795 0.358596 0.356438 0.353510 0.350045 0.346296 0.342510 0.338916 0.335711 0.333062 0.331113 0.329988 0.329798 0.330648 0.332642 0.335881 0.340464 0.346478 0.353981 0.362985 0.373408 0.385031 0.397433 0.409945 0.421637 0.431395 0.438107 0.440930 0.439543 0.434251 0.425884 0.415550 0.404375 0.393314 0.383084 0.374168 0.366869 0.361376 0.357809 0.356269 0.356863 0.359731 0.365064 0.373127 0.384273 0.398979 0.417876 0.441809 0.471911 0.509734 0.557457 0.618252 0.696938 0.801130 0.943152 1.142451 1.425133 1.804955 2.209444 2.398745 2.193814 1.776517 1.388829 1.104255 0.909026 0.776351 0.685866 0.624443 0.583932 0.559270 0.547220 0.545535 0.552317 0.565443 0.582068 0.598389 0.610008 0.613070 0.605705 0.588689 0.564761 0.537177 0.508568 0.480560 0.453951 0.429062 0.406013 0.384879 0.365736 0.348657 0.333692 0.320856 0.310118 0.301404 0.294585 0.289478 0.285829 0.283300 0.281461 0.279806 0.277789 0.274901 0.270760 0.265190 0.258252 0.250212 0.241460 0.232418 0.223465 0.214896 0.206913 0.199635 0.193116 0.187365 0.182364 0.178079 0.174468 0.171491 0.169109 0.167287 0.165996 0.165212 0.164917 0.165096 0.165740 0.166843 0.168400 0.170410 0.172870 0.175774 0.179114 0.182874 0.187030 0.191542 0.196354 0.201390 0.206547 0.211697 0.216683 0.221325 0.225424 0.228775 0.231178 0.232460 0.232487 0.231183 0.228538 0.224611 0.219522 0.213442 0.206572 0.199128 0.191317 0.183329 0.175328 0.167444
0.171112 0.176879 0.182772 0.188761 0.194807 0.200865 0.206879 0.212790 0.218534 0.224044 0.229257 0.234119 0.238589 0.242641 0.246274 0.249507 0.252381 0.254954 0.257302 0.259505 0.261650 0.263821 0.266099 0.268555 0.271252 0.274243 0.277569 0.281260 0.285333 0.289796 0.294644 0.299862 0.305421 0.311282 0.317390 0.323674 0.330042 0.336375 0.342521 0.348288 0.353447 0.357743 0.360919 0.362760 0.363136 0.362043 0.359607 0.356078 0.351776 0.347054 0.342242 0.337631 0.333453 0.329888 0.327071 0.325105 0.324069 0.324029 0.325041 0.327154 0.330406 0.334819 0.340386 0.347054 0.354696 0.363089 0.371881 0.380581 0.388572 0.395170 0.399734 0.401799 0.401192 0.398082 0.392933 0.386394 0.379167 0.371898 0.365124 0.359258 0.354603 0.351386 0.349786 0.349963 0.352085 0.356346 0.362989 0.372326 0.384755 0.400790 0.421092 0.446506 0.478111 0.517279 0.565756 0.625758 0.700103 0.792364 0.906879 1.047967 1.216271 1.398402 1.550934 1.605015 1.524173 1.350050 1.155112 0.984087 0.849640 0.749328 0.676929 0.626703 0.594389 0.577128 0.573121 0.581220 0.600395 0.628974 0.663627 0.698435 0.725098 0.735484 0.725743 0.698436 0.660376 0.618505 0.577391 0.539072 0.504016 0.472065 0.442985 0.416666 0.393114 0.372382 0.354511 0.339500 0.327295 0.317792 0.310838 0.306213 0.303611 0.302601 0.302594 0.302839 0.302473 0.300643 0.296695 0.290344 0.281736 0.271387 0.260001 0.248286 0.236830 0.226046 0.216178 0.207339 0.199552 0.192786 0.186979 0.182060 0.177955 0.174598 0.171928 0.169894 0.168455 0.167578 0.167237 0.167412 0.168092 0.169267 0.170933 0.173085 0.175721 0.178835 0.182419 0.186454 0.190913 0.195751 0.200903 0.206279 0.211758 0.217190 0.222392 0.227154 0.231253 0.234464 0.236582 0.237442 0.236938 0.235033 0.231764 0.227235 0.221605 0.215067 0.207835 0.200120 0.192119 0.184009 0.175935 0.168012
0.172601 0.178698 0.184965 0.191372 0.197877 0.204426 0.210956 0.217389 0.223642 0.229623 0.235243 0.240421 0.245094 0.249218 0.252782 0.255805 0.258336 0.260449 0.262238 0.263808 0.265266 0.266718 0.268262 0.269987 0.271967 0.274266 0.276936 0.280018 0.283542 0.287530 0.291997 0.296951 0.302392 0.308312 0.314693 0.321499 0.328666 0.336091 0.343608 0.350976 0.357865 0.363866 0.368533 0.371455 0.372349 0.371142 0.368001 0.363296 0.357519 0.351190 0.344776 0.338654 0.333100 0.328301 0.324374 0.321392 0.319392 0.318398 0.318419 0.319457 0.321502 0.324530 0.328492 0.333302 0.338824 0.344853 0.351110 0.357239 0.362824 0.367434 0.370682 0.372299 0.372187 0.370448 0.367360 0.363323 0.358791 0.354210 0.349983 0.346447 0.343881 0.342518 0.342563 0.344210 0.347666 0.353169 0.361004 0.371526 0.385184 0.402544 0.424322 0.451418 0.484942 0.526236 0.576854 0.638468 0.712622 0.800250 0.900839 1.011122 1.123199 1.222332 1.286693 1.294531 1.239364 1.137814 1.018089 0.903246 0.805171 0.727346 0.669180 0.628841 0.604618 0.595458 0.601094 0.621963 0.658809 0.711663 0.777718 0.848074 0.905781 0.930856 0.913453 0.861904 0.794580 0.726717 0.665494 0.612192 0.565626 0.524304 0.487251 0.454066 0.424692 0.399187 0.377584 0.359847 0.345876 0.335526 0.328617 0.324915 0.324086 0.325623 0.328750 0.332361 0.335044 0.335304 0.331933 0.324418 0.313110 0.299043 0.283540 0.267816 0.252771 0.238950 0.226607 0.215800 0.206472 0.198510 0.191781 0.186156 0.181513 0.177751 0.174782 0.172535 0.170954 0.169995 0.169625 0.169819 0.170564 0.171847 0.173666 0.176018 0.178902 0.182316 0.186256 0.190705 0.195639 0.201013 0.206758 0.212773 0.218921 0.225022 0.230856 0.236167 0.240678 0.244116 0.246238 0.246860 0.245885 0.243311 0.239231 0.233814 0.227282 0.219886 0.211874 0.203481 0.194910 0.186332 0.177882 0.169663
0.174622 0.181143 0.187896 0.194849 0.201958 0.209163 0.216386 0.223529 0.230481 0.237118 0.243312 0.248945 0.253917 0.258162 0.261654 0.264415 0.266509 0.268035 0.269118 0.269899 0.270519 0.271111 0.271798 0.272689 0.273874 0.275429 0.277417 0.279890 0.282891 0.286459 0.290628 0.295432 0.300903 0.307073 0.313969 0.321606 0.329968 0.338985 0.348499 0.358218 0.367684 0.376259 0.383184 0.387701 0.389251 0.387647 0.383144 0.376369 0.368140 0.359272 0.350444 0.342152 0.334711 0.328297 0.322987 0.318799 0.315717 0.313709 0.312733 0.312746 0.313697 0.315526 0.318155 0.321484 0.325376 0.329655 0.334100 0.338452 0.342425 0.345737 0.348146 0.349490 0.349711 0.348877 0.347164 0.344832 0.342186 0.339544 0.337210 0.335461 0.334543 0.334682 0.336090 0.338982 0.343590 0.350185 0.359088 0.370703 0.385532 0.404216 0.427568 0.456614 0.492634 0.537179 0.592025 0.658989 0.739431 0.833268 0.937338 1.043512 1.137996 1.203917 1.227433 1.203918 1.140044 1.050671 0.952620 0.859212 0.778286 0.713131 0.664401 0.631732 0.614789 0.613896 0.630444 0.667209 0.728448 0.819142 0.941597 1.086232 1.217693 1.278241 1.235372 1.119873 0.987507 0.871288 0.778306 0.704104 0.642425 0.588823 0.541106 0.498618 0.461376 0.429514 0.403048 0.381857 0.365740 0.354477 0.347864 0.345696 0.347695 0.353367 0.361788 0.371367 0.379758 0.384161 0.382153 0.372702 0.356648 0.336213 0.313984 0.292072 0.271805 0.253808 0.238234 0.224974 0.213801 0.204457 0.196696 0.190300 0.185086 0.180904 0.177633 0.175178 0.173465 0.172440 0.172061 0.172300 0.173140 0.174571 0.176591 0.179203 0.182412 0.186223 0.190639 0.195657 0.201258 0.207407 0.214037 0.221043 0.228271 0.235510 0.242485 0.248868 0.254292 0.258389 0.260830 0.261382 0.259935 0.256527 0.251330 0.244617 0.236717 0.227973 0.218703 0.209184 0.199640 0.190243 0.181117 0.172348
0.177170 0.184223 0.191588 0.199238 0.207128 0.215192 0.223335 0.231436 0.239347 0.246895 0.253900 0.260183 0.265595 0.270030 0.273444 0.275863 0.277377 0.278128 0.278292 0.278062 0.277626 0.277160 0.276816 0.276727 0.277000 0.277725 0.278974 0.280810 0.283288 0.286462 0.290388 0.295128 0.300754 0.307348 0.315000 0.323802 0.333822 0.345074 0.357454 0.370657 0.384077 0.396743 0.407352 0.414494 0.417045 0.414588 0.407591 0.397225 0.384946 0.372094 0.359674 0.348313 0.338334 0.329849 0.322847 0.317255 0.312972 0.309893 0.307920 0.306957 0.306914 0.307700 0.309216 0.311353 0.313980 0.316944 0.320071 0.323165 0.326026 0.328464 0.330322 0.331496 0.331953 0.331742 0.330979 0.329843 0.328548 0.327328 0.326417 0.326045 0.326427 0.327776 0.330305 0.334237 0.339824 0.347361 0.357205 0.369804 0.385728 0.405712 0.430707 0.461956 0.501073 0.550129 0.611698 0.688756 0.784174 0.899276 1.030746 1.165873 1.279548 1.341170 1.333498 1.265328 1.162092 1.048400 0.940170 0.845460 0.767425 0.706674 0.662791 0.635310 0.624377 0.631317 0.659313 0.714414 0.807093 0.954114 1.177895 1.490537 1.832768 2.007017 1.864726 1.552783 1.266399 1.061435 0.921631 0.820830 0.740437 0.670726 0.608224 0.552587 0.504341 0.463820 0.430944 0.405353 0.386612 0.374352 0.368348 0.368512 0.374805 0.387013 0.404313 0.424634 0.444065 0.457046 0.458163 0.445040 0.419831 0.387714 0.353999 0.322313 0.294400 0.270700 0.250975 0.234722 0.221397 0.210502 0.201619 0.194409 0.188606 0.184002 0.180436 0.177785 0.175957 0.174886 0.174521 0.174833 0.175801 0.177421 0.179693 0.182627 0.186240 0.190550 0.195574 0.201327 0.207810 0.215007 0.222865 0.231288 0.240110 0.249085 0.257870 0.266026 0.273040 0.278376 0.281550 0.282214 0.280225 0.275676 0.268870 0.260251 0.250325 0.239585 0.228457 0.217281 0.206308 0.195710 0.185593 0.176019
0.180239 0.187941 0.196064 0.204591 0.213478 0.222657 0.232018 0.241410 0.250636 0.259460 0.267617 0.274841 0.280899 0.285624 0.288942 0.290891 0.291605 0.291298 0.290228 0.288665 0.286867 0.285064 0.283450 0.282180 0.281381 0.281152 0.281574 0.282715 0.284641 0.287421 0.291131 0.295866 0.301746 0.308916 0.317557 0.327876 0.340091 0.354390 0.370837 0.389227 0.408862 0.428316 0.445345 0.457208 0.461532 0.457370 0.445704 0.428941 0.409853 0.390708 0.372954 0.357302 0.343966 0.332879 0.323852 0.316653 0.311057 0.306863 0.303895 0.302004 0.301056 0.300931 0.301512 0.302681 0.304314 0.306276 0.308424 0.310610 0.312686 0.314519 0.316003 0.317071 0.317704 0.317935 0.317850 0.317575 0.317269 0.317107 0.317278 0.317970 0.319378 0.321697 0.325137 0.329927 0.336328 0.344657 0.355301 0.368756 0.385660 0.406858 0.433480 0.467059 0.509707 0.564348 0.635041 0.727324 0.848315 1.005632 1.202618 1.425551 1.624460 1.718024 1.659945 1.492433 1.294121 1.114387 0.968242 0.854723 0.768893 0.706166 0.663336 0.638716 0.632245 0.645879 0.684542 0.758186 0.886221 1.107174 1.498638 2.201619 3.299849 4.044218 3.352134 2.305401 1.650744 1.299229 1.101954 0.973402 0.871417 0.779485 0.694780 0.619305 0.555020 0.502468 0.461102 0.429930 0.407993 0.394626 0.389571 0.393006 0.405487 0.427697 0.459763 0.499810 0.541739 0.573900 0.582620 0.561388 0.516461 0.461245 0.407094 0.359773 0.320758 0.289439 0.264542 0.244772 0.229033 0.216465 0.206411 0.198376 0.191991 0.186981 0.183140 0.180316 0.178397 0.177303 0.176980 0.177393 0.178525 0.180373 0.182947 0.186268 0.190366 0.195279 0.201048 0.207716 0.215320 0.223876 0.233370 0.243732 0.254804 0.266313 0.277833 0.288768 0.298373 0.305823 0.310342 0.311361 0.308663 0.302433 0.293205 0.281727 0.268801 0.255157 0.241377 0.227879 0.214938 0.202709 0.191264 0.180619
0.183815 0.192298 0.201347 0.210961 0.221110 0.231728 0.242696 0.253832 0.264879 0.275505 0.285325 0.293930 0.300950 0.306114 0.309301 0.310568 0.310134 0.308331 0.305551 0.302186 0.298592 0.295070 0.291858 0.289142 0.287057 0.285709 0.285180 0.285539 0.286858 0.289215 0.292708 0.297468 0.303668 0.311535 0.321371 0.333556 0.348555 0.366881 0.389000 0.415106 0.444687 0.475873 0.504834 0.525987 0.533872 0.526156 0.505196 0.476471 0.445584 0.416379 0.390736 0.369171 0.351490 0.337220 0.325831 0.316842 0.309844 0.304506 0.300560 0.297791 0.296020 0.295097 0.294887 0.295264 0.296107 0.297294 0.298704 0.300219 0.301728 0.303133 0.304360 0.305361 0.306128 0.306685 0.307097 0.307457 0.307887 0.308525 0.309523 0.311044 0.313258 0.316350 0.320522 0.326002 0.333061 0.342029 0.353320 0.367469 0.385186 0.407425 0.435509 0.471308 0.517534 0.578229 0.659581 0.771283 0.928673 1.155297 1.482020 1.924981 2.401339 2.637112 2.426530 1.973319 1.550059 1.239203 1.025232 0.878623 0.777567 0.708642 0.664235 0.640596 0.636924 0.655367 0.702131 0.790576 0.949107 1.242984 1.844222 3.302359 7.656687 14.908856 7.737487 3.466330 2.092961 1.570498 1.332940 1.188291 1.061684 0.933952 0.811297 0.703414 0.614842 0.545433 0.492948 0.454846 0.429100 0.414483 0.410667 0.418299 0.439100 0.475866 0.531920 0.608742 0.699595 0.779933 0.809806 0.766972 0.673389 0.568704 0.477131 0.405011 0.350392 0.309358 0.278354 0.254676 0.236383 0.222113 0.210905 0.202079 0.195152 0.189775 0.185694 0.182729 0.180749 0.179663 0.179410 0.179955 0.181284 0.183401 0.186326 0.190094 0.194756 0.200376 0.207030 0.214804 0.223785 0.234053 0.245661 0.258606 0.272780 0.287913 0.303497 0.318732 0.332507 0.343494 0.350368 0.352126 0.348387 0.339509 0.326476 0.310593 0.293172 0.275308 0.257791 0.241120 0.225558 0.211207 0.198066 0.186077
0.187875 0.197282 0.207445 0.218393 0.230125 0.242595 0.255686 0.269190 0.282778 0.295993 0.308260 0.318939 0.327425 0.333258 0.336239 0.336467 0.334311 0.330319 0.325103 0.319243 0.313235 0.307467 0.302226 0.297714 0.294071 0.291394 0.289754 0.289215 0.289842 0.291721 0.294968 0.299746 0.306290 0.314925 0.326107 0.340458 0.358813 0.382250 0.412052 0.449481 0.495108 0.547330 0.600087 0.641501 0.657556 0.641635 0.600366 0.547777 0.495753 0.450361 0.413202 0.383703 0.360591 0.342567 0.328531 0.317618 0.309170 0.302690 0.297800 0.294212 0.291699 0.290079 0.289197 0.288921 0.289129 0.289709 0.290554 0.291567 0.292659 0.293755 0.294801 0.295763 0.296636 0.297440 0.298225 0.299064 0.300052 0.301300 0.302938 0.305103 0.307951 0.311652 0.316400 0.322420 0.329987 0.339437 0.351205 0.365857 0.384157 0.407159 0.436357 0.473939 0.523215 0.589401 0.681098 0.813243 1.013294 1.334588 1.883922 2.855233 4.362955 5.370744 4.382041 2.892382 1.937406 1.402504 1.094132 0.906372 0.787128 0.710472 0.663322 0.639456 0.637004 0.657826 0.708483 0.803713 0.975940 1.303751 2.016584 4.042351 14.902303 14.951397 15.021656 4.291868 2.413618 1.858468 1.663409 1.539863 1.376196 1.173061 0.974895 0.810253 0.684328 0.591719 0.525209 0.478902 0.448821 0.432796 0.430340 0.442770 0.473674 0.529866 0.622594 0.767064 0.971357 1.194112 1.298203 1.180775 0.944370 0.725784 0.566000 0.456495 0.381508 0.329083 0.291470 0.263810 0.243035 0.227169 0.214913 0.205389 0.197996 0.192314 0.188046 0.184983 0.182978 0.181931 0.181780 0.182488 0.184047 0.186470 0.189790 0.194062 0.199363 0.205789 0.213465 0.222534 0.233163 0.245529 0.259804 0.276118 0.294495 0.314752 0.336358 0.358275 0.378845 0.395856 0.406909 0.410089 0.404653 0.391332 0.372032 0.349140 0.324855 0.300825 0.278077 0.257132 0.238162 0.221132 0.205903 0.192293
0.192378 0.202861 0.214347 0.226915 0.240616 0.255454 0.271348 0.288083 0.305263 0.322263 0.338224 0.352117 0.362908 0.369791 0.372410 0.370959 0.366108 0.358796 0.350012 0.340629 0.331327 0.322594 0.314751 0.308000 0.302458 0.298193 0.295249 0.293666 0.293494 0.294813 0.297751 0.302504 0.309364 0.318766 0.331348 0.348036 0.370180 0.399726 0.439414 0.492865 0.564075 0.654993 0.758946 0.850694 0.888944 0.850759 0.759080 0.655199 0.564356 0.493222 0.439836 0.400193 0.370652 0.348447 0.331600 0.318725 0.308844 0.301267 0.295495 0.291160 0.287987 0.285761 0.284312 0.283496 0.283192 0.283291 0.283699 0.284330 0.285110 0.285981 0.286900 0.287841 0.288801 0.289798 0.290870 0.292077 0.293494 0.295216 0.297350 0.300019 0.303361 0.307535 0.312725 0.319151 0.327082 0.336859 0.348921 0.363853 0.382452 0.405834 0.435614 0.474201 0.525351 0.595191 0.694311 0.842340 1.078999 1.494278 2.325023 4.329020 10.321740 20.302783 10.336976 4.359006 2.368960 1.551346 1.148705 0.924852 0.790762 0.707985 0.658535 0.634037 0.631544 0.652234 0.701943 0.794014 0.957105 1.257019 1.866743 3.337508 7.711598 14.996062 7.879303 3.702205 2.488359 2.212449 2.263756 2.264066 1.993193 1.577328 1.208934 0.942478 0.761005 0.638455 0.555608 0.500385 0.465758 0.448195 0.446918 0.463979 0.505340 0.583743 0.725283 0.983168 1.454566 2.196917 2.690167 2.183292 1.426980 0.940928 0.667285 0.508392 0.410417 0.346447 0.302624 0.271422 0.248528 0.231345 0.218247 0.208179 0.200435 0.194534 0.190145 0.187037 0.185050 0.184079 0.184060 0.184962 0.186781 0.189543 0.193297 0.198122 0.204124 0.211446 0.220267 0.230812 0.243356 0.258222 0.275775 0.296386 0.320363 0.347802 0.378336 0.410775 0.442711 0.470376 0.489179 0.495140 0.486657 0.465333 0.435144 0.400680 0.365701 0.332607 0.302578 0.275967 0.252664 0.232348 0.214630 0.199132
0.197265 0.208979 0.222008 0.236512 0.252635 0.270482 0.290063 0.311225 0.333541 0.356195 0.377906 0.396977 0.411563 0.420154 0.422083 0.417758 0.408474 0.395935 0.381783 0.367331 0.353487 0.340818 0.329636 0.320092 0.312238 0.306080 0.301605 0.298807 0.297705 0.298360 0.300899 0.305538 0.312627 0.322705 0.336598 0.355578 0.381618 0.417824 0.469168 0.543618 0.653511 0.815126 1.037223 1.277127 1.392636 1.277103 1.037170 0.815032 0.653354 0.543365 0.468769 0.417209 0.380689 0.354204 0.334604 0.319865 0.308658 0.300085 0.293522 0.288530 0.284784 0.282042 0.280116 0.278855 0.278137 0.277855 0.277921 0.278259 0.278806 0.279511 0.280341 0.281275 0.282310 0.283461 0.284761 0.286256 0.288011 0.290104 0.292627 0.295690 0.299416 0.303951 0.309469 0.316178 0.324341 0.334290 0.346460 0.361432 0.380007 0.403314 0.432999 0.471547 0.522867 0.593424 0.694585 0.847905 1.098508 1.554477 2.531446 5.309050 20.275441 20.282077 20.288083 5.334141 2.568703 1.603698 1.159801 0.921922 0.782772 0.698302 0.648384 0.623610 0.620317 0.638849 0.683549 0.764407 0.901349 1.133951 1.541644 2.268634 3.404379 4.210405 3.624701 2.770369 2.478015 2.811559 3.717403 4.333560 3.488231 2.294621 1.526457 1.090542 0.836118 0.680045 0.580766 0.517161 0.478370 0.459257 0.458610 0.479017 0.528547 0.625951 0.815617 1.215928 2.206943 5.201662 10.199829 5.187849 2.178966 1.173057 0.756687 0.549268 0.431738 0.358800 0.310439 0.276758 0.252428 0.234379 0.220744 0.210341 0.202394 0.196383 0.191953 0.188858 0.186936 0.186078 0.186222 0.187344 0.189450 0.192577 0.196796 0.202211 0.208964 0.217249 0.227317 0.239492 0.254192 0.271944 0.293402 0.319344 0.350617 0.387979 0.431723 0.480962 0.532553 0.580101 0.614302 0.626067 0.611507 0.574522 0.524212 0.469884 0.417935 0.371500 0.331455 0.297491 0.268833 0.244611 0.224028 0.206408
0.202447 0.215539 0.230335 0.247112 0.266165 0.287782 0.312183 0.339410 0.369141 0.400427 0.431414 0.459247 0.480458 0.491996 0.492497 0.482906 0.465931 0.444829 0.422393 0.400547 0.380407 0.362513 0.347060 0.334050 0.323402 0.315002 0.308742 0.304540 0.302361 0.302229 0.304252 0.308655 0.315822 0.326380 0.341324 0.362251 0.391763 0.434253 0.497449 0.595655 0.756731 1.036489 1.536255 2.315994 2.835810 2.315868 1.535990 1.036058 0.756090 0.594742 0.496178 0.432507 0.389391 0.359056 0.337059 0.320732 0.308406 0.298995 0.291770 0.286225 0.282000 0.278828 0.276509 0.274886 0.273833 0.273249 0.273048 0.273161 0.273532 0.274117 0.274887 0.275824 0.276927 0.278208 0.279692 0.281420 0.283445 0.285834 0.288667 0.292040 0.296063 0.300869 0.306619 0.313508 0.321782 0.331759 0.343854 0.358625 0.376842 0.399591 0.428453 0.465806 0.515371 0.583246 0.680000 0.825264 1.058786 1.470634 2.297788 4.298235 10.287702 20.266080 10.298462 4.319725 2.330014 1.513745 1.113231 0.891964 0.760545 0.680131 0.632303 0.608133 0.603831 0.619029 0.656403 0.722220 0.827752 0.991233 1.237588 1.583236 1.976674 2.235160 2.240619 2.209273 2.518031 3.800288 8.176672 15.624535 7.997475 3.413681 1.866290 1.218214 0.892640 0.708470 0.596685 0.527048 0.485262 0.464802 0.463954 0.485365 0.537896 0.642906 0.853789 1.328401 2.708649 10.208329 10.200870 10.194439 2.680510 1.285262 0.794453 0.565625 0.440209 0.363845 0.313813 0.279247 0.254422 0.236087 0.222290 0.211802 0.203824 0.197823 0.193437 0.190421 0.188610 0.187902 0.188239 0.189604 0.192016 0.195529 0.200232 0.206260 0.213794 0.223085 0.234464 0.248375 0.265411 0.286364 0.312295 0.344598 0.385055 0.435772 0.498810 0.575070 0.661848 0.749042 0.816905 0.842154 0.813805 0.742869 0.652654 0.562920 0.483775 0.417919 0.364436 0.321246 0.286216 0.257539 0.233791 0.213887
0.207806 0.222401 0.239169 0.258550 0.281067 0.307315 0.337918 0.373392 0.413874 0.458602 0.505149 0.548723 0.582428 0.599487 0.596778 0.576725 0.545555 0.509849 0.474344 0.441633 0.412778 0.388002 0.367139 0.349881 0.335894 0.324871 0.316554 0.310751 0.307340 0.306288 0.307665 0.311677 0.318720 0.329468 0.345030 0.367231 0.399154 0.446235 0.518650 0.637089 0.848496 1.276421 2.316034 5.435211 10.633931 5.434975 2.315544 1.275637 0.847353 0.635499 0.516490 0.443348 0.395337 0.362227 0.338519 0.321053 0.307910 0.297875 0.290143 0.284167 0.279560 0.276044 0.273408 0.271494 0.270175 0.269352 0.268944 0.268886 0.269125 0.269625 0.270357 0.271308 0.272475 0.273868 0.275509 0.277431 0.279679 0.282311 0.285396 0.289016 0.293271 0.298279 0.304185 0.311166 0.319450 0.329327 0.341182 0.355529 0.373075 0.394812 0.422168 0.457256 0.503314 0.565488 0.652326 0.778748 0.972254 1.286319 1.828010 2.791684 4.292342 5.294298 4.301621 2.810303 1.856135 1.324292 1.020703 0.838714 0.725420 0.654074 0.610751 0.588225 0.583135 0.594703 0.624240 0.675073 0.752554 0.863457 1.012976 1.196398 1.387037 1.543727 1.668706 1.875665 2.461047 4.429238 15.658054 15.581482 15.524747 4.152054 2.022915 1.266126 0.910566 0.716004 0.600015 0.528425 0.485534 0.464197 0.462291 0.481961 0.531050 0.628184 0.817683 1.217889 2.208838 5.203517 10.201658 5.189665 2.180775 1.174865 0.758500 0.551090 0.433574 0.360656 0.312321 0.278676 0.254393 0.236402 0.222842 0.212532 0.204702 0.198835 0.194582 0.191708 0.190056 0.189531 0.190085 0.191713 0.194445 0.198353 0.203548 0.210194 0.218516 0.228822 0.241531 0.257215 0.276667 0.300999 0.331785 0.371274 0.422686 0.490538 0.580791 0.700016 0.851390 1.023782 1.175262 1.237288 1.171800 1.016907 0.841195 0.686620 0.564326 0.471131 0.400445 0.346278 0.304079 0.270591 0.243528 0.221281
0.213188 0.229376 0.248273 0.270539 0.297020 0.328785 0.367153 0.413619 0.469575 0.535490 0.609172 0.683107 0.742902 0.771604 0.760861 0.717828 0.658544 0.596943 0.540553 0.491935 0.451175 0.417480 0.389884 0.367503 0.349592 0.335550 0.324904 0.317305 0.312514 0.310411 0.311005 0.314459 0.321145 0.331731 0.347349 0.369896 0.402626 0.451371 0.527303 0.653910 0.887536 1.392755 2.836707 10.634810 10.634650 10.634464 2.835991 1.391616 0.885892 0.651648 0.524270 0.447369 0.397403 0.363138 0.338665 0.320638 0.307051 0.296639 0.288574 0.282294 0.277406 0.273627 0.270746 0.268603 0.267077 0.266068 0.265501 0.265314 0.265458 0.265900 0.266615 0.267589 0.268820 0.270316 0.272095 0.274186 0.276626 0.279465 0.282762 0.286588 0.291029 0.296189 0.302195 0.309204 0.317417 0.327092 0.338570 0.352307 0.368921 0.389273 0.414574 0.446574 0.487857 0.542336 0.616082 0.718715 0.865588 1.080407 1.394426 1.824458 2.288648 2.514231 2.296666 1.840603 1.418947 1.113742 0.908442 0.772158 0.681659 0.622216 0.585004 0.564975 0.559537 0.567815 0.590241 0.628290 0.684116 0.759740 0.855335 0.966795 1.085411 1.206430 1.350675 1.595519 2.139937 3.574592 8.040715 15.540509 7.943928 3.378495 1.842479 1.201628 0.880713 0.699537 0.589577 0.520839 0.479067 0.457545 0.453993 0.469708 0.510255 0.588157 0.729385 0.987074 1.458350 2.200624 2.693828 2.186926 1.430603 0.944549 0.670915 0.512039 0.414091 0.350159 0.306390 0.275258 0.252454 0.235387 0.222436 0.212552 0.205038 0.199423 0.195387 0.192713 0.191261 0.190949 0.191741 0.193644 0.196703 0.201006 0.206687 0.213940 0.223031 0.234324 0.248324 0.265733 0.287550 0.315224 0.350913 0.397905 0.461344 0.549432 0.675324 0.859408 1.128615 1.497404 1.894901 2.085084 1.890982 1.489649 1.117175 0.844483 0.657130 0.528179 0.437213 0.371033 0.321387 0.283080 0.252776 0.228274
0.218412 0.236220 0.257325 0.282655 0.313472 0.351512 0.399174 0.459715 0.537311 0.636406 0.758851 0.896231 1.018354 1.076246 1.042154 0.941686 0.822259 0.713419 0.623819 0.552431 0.495856 0.450913 0.415142 0.386719 0.364291 0.346843 0.333614 0.324044 0.317744 0.314477 0.314166 0.316902 0.322996 0.333053 0.348128 0.370005 0.401730 0.448706 0.521082 0.639524 0.850951 1.278895 2.318506 5.437646 10.636285 5.437195 2.317571 1.277415 0.848828 0.636621 0.517217 0.443644 0.395175 0.361588 0.337389 0.319426 0.305784 0.295252 0.287030 0.280573 0.275499 0.271533 0.268470 0.266155 0.264469 0.263320 0.262633 0.262352 0.262431 0.262839 0.263552 0.264559 0.265858 0.267453 0.269362 0.271607 0.274222 0.277247 0.280734 0.284742 0.289343 0.294627 0.300700 0.307696 0.315785 0.325188 0.336192 0.349182 0.364677 0.383380 0.406265 0.434683 0.470540 0.516537 0.576506 0.655789 0.761403 0.901060 1.078541 1.281073 1.460260 1.536928 1.467126 1.294936 1.099686 0.929962 0.798782 0.702683 0.634352 0.587277 0.556742 0.539685 0.534354 0.539989 0.556578 0.584623 0.624821 0.677580 0.742395 0.817573 0.901630 0.998135 1.124572 1.324647 1.687032 2.366708 3.456126 4.173433 3.386265 2.227458 1.480854 1.058672 0.813142 0.662813 0.567065 0.505244 0.466588 0.445656 0.440312 0.451002 0.480840 0.536369 0.628681 0.772890 0.977017 1.199670 1.303698 1.186234 0.949813 0.731226 0.571454 0.461973 0.387025 0.334656 0.297120 0.269562 0.248919 0.233222 0.221181 0.211928 0.204873 0.199610 0.195861 0.193439 0.192223 0.192147 0.193191 0.195374 0.198757 0.203446 0.209596 0.217427 0.227242 0.239458 0.254654 0.273649 0.297625 0.328345 0.368523 0.422503 0.497551 0.606427 0.772763 1.042666 1.508626 2.338692 3.632305 4.493403 3.627774 2.329767 1.495555 1.025766 0.752380 0.582886 0.471129 0.393408 0.336891 0.294240 0.261047 0.234544
0.223273 0.242651 0.265930 0.294334 0.329612 0.374333 0.432366 0.509689 0.615645 0.764424 0.974438 1.254908 1.554962 1.708071 1.588638 1.318215 1.060583 0.865797 0.725525 0.623184 0.546562 0.487962 0.442558 0.407192 0.379687 0.358488 0.342462 0.330788 0.322884 0.318372 0.317063 0.318952 0.324254 0.333460 0.347462 0.367769 0.396912 0.439220 0.502367 0.600603 0.761744 1.041560 1.541341 2.321020 2.840679 2.320469 1.540204 1.039765 0.759178 0.597109 0.497736 0.433185 0.389134 0.357826 0.334831 0.317493 0.304153 0.293734 0.285513 0.278993 0.273819 0.269732 0.266542 0.264102 0.262299 0.261046 0.260273 0.259926 0.259965 0.260359 0.261087 0.262138 0.263509 0.265207 0.267243 0.269639 0.272422 0.275627 0.279297 0.283480 0.288238 0.293640 0.299772 0.306743 0.314688 0.323784 0.334262 0.346430 0.360699 0.377616 0.397917 0.422585 0.452924 0.490642 0.537904 0.597257 0.671199 0.760882 0.863281 0.966808 1.048714 1.082146 1.054464 0.978447 0.881103 0.785362 0.703034 0.637421 0.587704 0.551795 0.527633 0.513628 0.508742 0.512424 0.524508 0.545064 0.574218 0.611936 0.657893 0.711696 0.773951 0.848500 0.945546 1.084321 1.291779 1.584462 1.903490 2.044239 1.852737 1.484245 1.145319 0.897760 0.728626 0.614115 0.536279 0.483684 0.449479 0.429822 0.422947 0.428695 0.448320 0.484346 0.539932 0.616456 0.707121 0.787342 0.817143 0.774268 0.680666 0.575980 0.484421 0.412332 0.357762 0.316798 0.285891 0.262341 0.244218 0.230165 0.219234 0.210758 0.204269 0.199436 0.196030 0.193898 0.192944 0.193120 0.194422 0.196885 0.200583 0.205639 0.212228 0.220593 0.231068 0.244112 0.260361 0.280721 0.306511 0.339720 0.383476 0.442929 0.527068 0.652684 0.853952 1.208574 1.921382 3.648023 8.824543 17.450874 8.819155 3.637471 1.906071 1.189015 0.830682 0.626199 0.497775 0.411124 0.349344 0.303349 0.267900 0.239806
0.227556 0.248364 0.273642 0.304910 0.344416 0.395616 0.464064 0.559180 0.697918 0.912706 1.267855 1.879521 2.814848 3.445835 2.866157 1.974032 1.392406 1.053433 0.843678 0.702917 0.602455 0.527968 0.471568 0.428433 0.395368 0.370148 0.351182 0.337328 0.327779 0.321990 0.319637 0.320602 0.324977 0.333105 0.345659 0.363782 0.389339 0.425344 0.476683 0.551246 0.661299 0.823056 1.045218 1.285065 1.400359 1.284428 1.043904 0.820983 0.658342 0.547230 0.471375 0.418447 0.380477 0.352484 0.331342 0.315045 0.302277 0.292154 0.284062 0.277569 0.272362 0.268210 0.264938 0.262411 0.260526 0.259199 0.258367 0.257980 0.257999 0.258397 0.259154 0.260260 0.261714 0.263519 0.265688 0.268239 0.271196 0.274588 0.278450 0.282823 0.287752 0.293291 0.299504 0.306470 0.314289 0.323088 0.333039 0.344372 0.357389 0.372495 0.390214 0.411219 0.436346 0.466589 0.503035 0.546675 0.597962 0.655982 0.717204 0.774327 0.816674 0.833808 0.821297 0.783711 0.731634 0.675910 0.624044 0.579804 0.544388 0.517675 0.499057 0.487878 0.483615 0.485932 0.494653 0.509700 0.531010 0.558463 0.591903 0.631359 0.677598 0.732963 0.802066 0.891297 1.005065 1.135646 1.248187 1.284058 1.210784 1.062139 0.898290 0.755939 0.644753 0.561876 0.501545 0.458631 0.429415 0.411509 0.403601 0.405232 0.416565 0.438042 0.469639 0.509387 0.551125 0.583165 0.591812 0.570537 0.525591 0.470374 0.416239 0.368952 0.329992 0.298754 0.273969 0.254349 0.238810 0.226501 0.216778 0.209163 0.203305 0.198952 0.195926 0.194110 0.193433 0.193869 0.195429 0.198162 0.202159 0.207556 0.214545 0.223388 0.234444 0.248200 0.265329 0.286785 0.313952 0.348918 0.394972 0.457568 0.546347 0.679706 0.896381 1.289556 2.132001 4.530601 17.472875 17.470568 17.466225 4.517681 2.113484 1.266272 0.869173 0.649317 0.513358 0.422378 0.357813 0.309880 0.273017 0.243854
0.231054 0.253061 0.280020 0.313702 0.356781 0.413484 0.490869 0.601594 0.770536 1.052849 1.591843 2.843857 6.503814 12.565668 6.588796 2.996343 1.784613 1.259476 0.972492 0.789571 0.662437 0.570060 0.501405 0.449790 0.410805 0.381407 0.359455 0.343431 0.332267 0.325229 0.321848 0.321877 0.325277 0.332226 0.343161 0.358842 0.380479 0.409893 0.449709 0.503442 0.574987 0.666202 0.770332 0.862067 0.900065 0.861357 0.768868 0.663896 0.571702 0.498988 0.443832 0.402270 0.370700 0.346394 0.327405 0.312371 0.300334 0.290618 0.282737 0.276333 0.271143 0.266965 0.263644 0.261060 0.259118 0.257743 0.256875 0.256468 0.256486 0.256904 0.257704 0.258878 0.260425 0.262349 0.264662 0.267381 0.270526 0.274125 0.278206 0.282799 0.287940 0.293664 0.300012 0.307032 0.314784 0.323345 0.332824 0.343370 0.355188 0.368551 0.383812 0.401406 0.421838 0.445643 0.473294 0.505027 0.540544 0.578585 0.616478 0.649964 0.673819 0.683517 0.677271 0.656996 0.627354 0.593724 0.560544 0.530699 0.505692 0.486099 0.471994 0.463236 0.459634 0.461021 0.467265 0.478263 0.493906 0.514068 0.538650 0.567703 0.601650 0.641492 0.688727 0.744466 0.807187 0.869154 0.914190 0.922822 0.886088 0.814027 0.727253 0.643147 0.570582 0.511931 0.466432 0.432357 0.408014 0.392087 0.383691 0.382299 0.387581 0.399134 0.416010 0.436058 0.455315 0.468185 0.469234 0.456070 0.430842 0.398723 0.365024 0.333372 0.305516 0.281902 0.262298 0.246212 0.233109 0.222505 0.213997 0.207266 0.202066 0.198216 0.195588 0.194099 0.193705 0.194399 0.196208 0.199197 0.203469 0.209174 0.216518 0.225778 0.237330 0.251676 0.269506 0.291781 0.319879 0.355844 0.402838 0.466016 0.554311 0.684371 0.890124 1.248917 1.965148 3.694039 8.871315 17.496789 8.862721 3.677517 1.941856 1.220231 0.857378 0.648673 0.516467 0.426531 0.361962 0.313635 0.276262 0.246590
0.233591 0.256487 0.284681 0.320113 0.365735 0.426247 0.509577 0.630147 0.816988 1.137440 1.783978 3.529248 12.634547 12.720914 12.789423 3.798015 2.105607 1.458906 1.108438 0.882610 0.725786 0.613254 0.531088 0.470426 0.425338 0.391770 0.366922 0.348843 0.336178 0.327993 0.323667 0.322825 0.325296 0.331099 0.340446 0.353761 0.371708 0.395208 0.425399 0.463406 0.509663 0.562443 0.615574 0.657084 0.672885 0.656318 0.613995 0.559958 0.506124 0.458611 0.419079 0.387015 0.361205 0.340400 0.323541 0.309795 0.298528 0.289257 0.281618 0.275332 0.270183 0.266001 0.262654 0.260034 0.258056 0.256651 0.255765 0.255355 0.255388 0.255841 0.256699 0.257954 0.259607 0.261664 0.264137 0.267044 0.270404 0.274242 0.278583 0.283452 0.288871 0.294860 0.301436 0.308615 0.316412 0.324851 0.333973 0.343847 0.354582 0.366340 0.379339 0.393846 0.410156 0.428541 0.449170 0.471979 0.496499 0.521666 0.545683 0.566098 0.580231 0.585942 0.582438 0.570625 0.552763 0.531674 0.509969 0.489635 0.471957 0.457648 0.447039 0.440238 0.437237 0.437983 0.442399 0.450394 0.461861 0.476678 0.494738 0.516003 0.540556 0.568594 0.600208 0.634799 0.670083 0.701102 0.720391 0.720600 0.698801 0.658748 0.608617 0.556684 0.508616 0.467203 0.433261 0.406586 0.386598 0.372669 0.364248 0.360870 0.362066 0.367211 0.375288 0.384644 0.392892 0.397203 0.395137 0.385651 0.369577 0.349138 0.326921 0.305039 0.284826 0.266913 0.251463 0.238377 0.227440 0.218409 0.211056 0.205184 0.200634 0.197286 0.195055 0.193891 0.193775 0.194717 0.196761 0.199984 0.204502 0.210477 0.218127 0.227741 0.239704 0.254527 0.272898 0.295758 0.324420 0.360773 0.407631 0.469377 0.553196 0.671585 0.847664 1.126760 1.600369 2.435516 3.730853 4.590022 3.719110 2.413260 1.569670 1.089969 0.806916 0.628517 0.508879 0.424385 0.362165 0.314783 0.277705 0.248032
0.235036 0.258454 0.287352 0.323737 0.370644 0.432865 0.518349 0.641180 0.828525 1.139160 1.721845 3.040078 6.794855 12.975641 7.110694 3.566414 2.306482 1.669393 1.263452 0.985692 0.792324 0.656247 0.559267 0.489251 0.438163 0.400668 0.373188 0.353298 0.339344 0.330191 0.325077 0.323504 0.325183 0.329994 0.337961 0.349237 0.364088 0.382843 0.405789 0.432944 0.463620 0.495780 0.525440 0.546887 0.554564 0.546083 0.523785 0.493175 0.459911 0.427918 0.399164 0.374255 0.353077 0.335226 0.320226 0.307633 0.297065 0.288203 0.280791 0.274617 0.269510 0.265332 0.261967 0.259323 0.257323 0.255903 0.255014 0.254615 0.254677 0.255179 0.256108 0.257459 0.259234 0.261441 0.264095 0.267216 0.270826 0.274949 0.279611 0.284831 0.290624 0.296997 0.303943 0.311442 0.319462 0.327967 0.336920 0.346305 0.356135 0.366473 0.377433 0.389175 0.401879 0.415696 0.430684 0.446714 0.463379 0.479914 0.495174 0.507741 0.516177 0.519403 0.517039 0.509556 0.498138 0.484341 0.469729 0.455623 0.442995 0.432489 0.424488 0.419189 0.416677 0.416962 0.420008 0.425748 0.434084 0.444898 0.458062 0.473453 0.490947 0.510358 0.531274 0.552758 0.572979 0.589028 0.597315 0.594765 0.580322 0.555654 0.524432 0.490800 0.458132 0.428582 0.403228 0.382420 0.366108 0.354052 0.345939 0.341407 0.340018 0.341184 0.344069 0.347523 0.350105 0.350297 0.346881 0.339336 0.328008 0.313932 0.298432 0.282728 0.267727 0.253982 0.241756 0.231121 0.222032 0.214393 0.208091 0.203019 0.199084 0.196217 0.194368 0.193515 0.193661 0.194834 0.197091 0.200521 0.205252 0.211456 0.219361 0.229266 0.241563 0.256767 0.275558 0.298844 0.327851 0.364272 0.410485 0.469927 0.547722 0.651752 0.794397 0.994703 1.277733 1.655883 2.056610 2.243247 2.039474 1.624019 1.235043 0.945337 0.741807 0.598294 0.494703 0.417857 0.359359 0.313793 0.277581 0.248296
0.235316 0.258866 0.287906 0.324408 0.371316 0.433174 0.517273 0.635856 0.810550 1.081591 1.526278 2.281456 3.442355 4.398448 4.180184 3.464316 2.706375 2.005931 1.471022 1.104647 0.860643 0.696600 0.583943 0.504859 0.448340 0.407479 0.377845 0.356534 0.341604 0.331744 0.326065 0.323971 0.325076 0.329149 0.336070 0.345801 0.358339 0.373658 0.391609 0.411766 0.433203 0.454267 0.472503 0.484989 0.489218 0.484170 0.470815 0.451607 0.429414 0.406628 0.384831 0.364863 0.347053 0.331426 0.317857 0.306159 0.296132 0.287582 0.280335 0.274236 0.269153 0.264969 0.261587 0.258923 0.256908 0.255483 0.254603 0.254228 0.254333 0.254897 0.255911 0.257371 0.259284 0.261661 0.264521 0.267888 0.271791 0.276258 0.281317 0.286991 0.293291 0.300213 0.307729 0.315784 0.324293 0.333146 0.342215 0.351380 0.360548 0.369683 0.378819 0.388056 0.397537 0.407396 0.417699 0.428376 0.439163 0.449569 0.458895 0.466315 0.471032 0.472467 0.470425 0.465165 0.457340 0.447847 0.437637 0.427581 0.418378 0.410543 0.404422 0.400227 0.398073 0.398000 0.399999 0.404019 0.409976 0.417755 0.427215 0.438187 0.450453 0.463695 0.477399 0.490726 0.502400 0.510732 0.513907 0.510528 0.500195 0.483754 0.463031 0.440226 0.417344 0.395875 0.376753 0.360451 0.347129 0.336746 0.329140 0.324055 0.321140 0.319924 0.319785 0.319946 0.319524 0.317655 0.313677 0.307298 0.298667 0.288298 0.276901 0.265190 0.253761 0.243034 0.233267 0.224586 0.217030 0.210583 0.205207 0.200855 0.197483 0.195058 0.193563 0.192998 0.193383 0.194762 0.197204 0.200810 0.205716 0.212104 0.220212 0.230347 0.242910 0.258420 0.277554 0.301196 0.330508 0.367021 0.412755 0.470362 0.543281 0.635841 0.753059 0.899440 1.074832 1.263989 1.421394 1.477059 1.394379 1.215057 1.011800 0.829903 0.682579 0.567594 0.478554 0.409247 0.354722 0.311281 0.276217 0.247555
0.234420 0.257718 0.286359 0.322199 0.367962 0.427743 0.507875 0.618419 0.775715 1.006422 1.352154 1.867284 2.590956 3.519281 4.623950 5.173081 4.095804 2.676830 1.761265 1.235242 0.923913 0.729570 0.602234 0.515544 0.454849 0.411585 0.380515 0.358317 0.342823 0.332586 0.326626 0.324279 0.325090 0.328754 0.335054 0.343826 0.354905 0.368065 0.382952 0.398984 0.415256 0.430489 0.443082 0.451366 0.454028 0.450552 0.441404 0.427843 0.411482 0.393858 0.376179 0.359262 0.343589 0.329390 0.316734 0.305593 0.295883 0.287498 0.280319 0.274235 0.269136 0.264925 0.261515 0.258830 0.256804 0.255382 0.254520 0.254181 0.254340 0.254979 0.256090 0.257675 0.259743 0.262310 0.265403 0.269054 0.273300 0.278179 0.283732 0.289988 0.296967 0.304659 0.313024 0.321972 0.331357 0.340978 0.350589 0.359928 0.368764 0.376944 0.384429 0.391304 0.397745 0.403960 0.410115 0.416271 0.422331 0.428035 0.432977 0.436678 0.438676 0.438639 0.436453 0.432255 0.426414 0.419457 0.411971 0.404524 0.397605 0.391600 0.386793 0.383371 0.381447 0.381073 0.382250 0.384941 0.389070 0.394532 0.401183 0.408844 0.417275 0.426147 0.434997 0.443173 0.449823 0.453954 0.454601 0.451085 0.443257 0.431589 0.417068 0.400930 0.384389 0.368442 0.353801 0.340904 0.329963 0.321027 0.314025 0.308787 0.305054 0.302477 0.300615 0.298948 0.296923 0.294023 0.289862 0.284266 0.277295 0.269220 0.260437 0.251374 0.242419 0.233880 0.225971 0.218824 0.212512 0.207062 0.202480 0.198756 0.195883 0.193854 0.192675 0.192365 0.192959 0.194513 0.197108 0.200852 0.205892 0.212417 0.220673 0.230979 0.243745 0.259502 0.278936 0.302939 0.332665 0.369595 0.415606 0.472990 0.544351 0.632204 0.737929 0.859674 0.988967 1.107245 1.186465 1.199787 1.139795 1.025807 0.889603 0.756717 0.640020 0.542896 0.464028 0.400512 0.349323 0.307837 0.273942 0.245994
0.232393 0.255090 0.282849 0.317361 0.361058 0.417512 0.492095 0.593065 0.733395 0.933986 1.230003 1.688206 2.475221 4.169366 9.069497 17.202158 8.849474 3.806291 2.080330 1.343961 0.966500 0.747951 0.610683 0.519557 0.456761 0.412469 0.380898 0.358474 0.342904 0.332673 0.326761 0.324470 0.325315 0.328951 0.335112 0.343563 0.354053 0.366257 0.379724 0.393819 0.407686 0.420260 0.430347 0.436812 0.438814 0.436026 0.428725 0.417698 0.404025 0.388834 0.373120 0.357651 0.342962 0.329379 0.317071 0.306094 0.296432 0.288027 0.280795 0.274642 0.269477 0.265208 0.261755 0.259042 0.257006 0.255593 0.254757 0.254464 0.254689 0.255415 0.256637 0.258361 0.260599 0.263378 0.266732 0.270705 0.275348 0.280719 0.286877 0.293873 0.301745 0.310499 0.320091 0.330406 0.341232 0.352253 0.363054 0.373165 0.382141 0.389656 0.395591 0.400058 0.403358 0.405879 0.407988 0.409936 0.411810 0.413533 0.414894 0.415607 0.415383 0.414005 0.411378 0.407559 0.402747 0.397246 0.391415 0.385619 0.380189 0.375404 0.371479 0.368566 0.366762 0.366115 0.366630 0.368277 0.370991 0.374673 0.379193 0.384378 0.390007 0.395789 0.401348 0.406208 0.409807 0.411543 0.410881 0.407473 0.401266 0.392547 0.381884 0.370007 0.357669 0.345535 0.334120 0.323779 0.314715 0.307007 0.300634 0.295490 0.291394 0.288098 0.285297 0.282644 0.279785 0.276398 0.272249 0.267224 0.261348 0.254768 0.247716 0.240454 0.233240 0.226293 0.219782 0.213828 0.208510 0.203878 0.199959 0.196771 0.194325 0.192638 0.191732 0.191639 0.192407 0.194101 0.196811 0.200653 0.205781 0.212391 0.220739 0.231153 0.244058 0.260004 0.279710 0.304113 0.334435 0.372270 0.419660 0.479138 0.553618 0.645890 0.757213 0.884343 1.014963 1.124611 1.182632 1.169854 1.092485 0.975794 0.846956 0.724465 0.617085 0.526991 0.453032 0.392836 0.343871 0.303882 0.271006 0.243763
0.229331 0.251126 0.277606 0.310262 0.351205 0.403481 0.471595 0.562405 0.686806 0.863323 1.127458 1.561585 2.412780 4.721755 17.059707 17.014943 16.957221 4.546764 2.209957 1.369821 0.968786 0.744594 0.606400 0.515627 0.453475 0.409829 0.378837 0.356922 0.341806 0.331993 0.326479 0.324579 0.325814 0.329838 0.336377 0.345179 0.355963 0.368367 0.381895 0.395877 0.409455 0.421604 0.431237 0.437354 0.439240 0.436619 0.429718 0.419199 0.406005 0.391163 0.375624 0.360164 0.345353 0.331563 0.319003 0.307763 0.297849 0.289216 0.281788 0.275474 0.270182 0.265819 0.262303 0.259555 0.257510 0.256111 0.255311 0.255075 0.255377 0.256202 0.257548 0.259423 0.261848 0.264857 0.268498 0.272830 0.277927 0.283873 0.290760 0.298679 0.307708 0.317894 0.329220 0.341568 0.354668 0.368058 0.381078 0.392919 0.402764 0.409989 0.414350 0.416052 0.415671 0.413954 0.411607 0.409154 0.406880 0.404848 0.402955 0.401005 0.398776 0.396079 0.392806 0.388941 0.384568 0.379843 0.374975 0.370187 0.365695 0.361690 0.358326 0.355719 0.353943 0.353036 0.353004 0.353819 0.355424 0.357734 0.360631 0.363964 0.367544 0.371131 0.374436 0.377119 0.378805 0.379122 0.377759 0.374530 0.369422 0.362616 0.354458 0.345397 0.335912 0.326449 0.317373 0.308954 0.301366 0.294689 0.288928 0.284019 0.279841 0.276223 0.272956 0.269809 0.266550 0.262976 0.258936 0.254356 0.249244 0.243685 0.237818 0.231812 0.225839 0.220056 0.214596 0.209561 0.205028 0.201054 0.197678 0.194932 0.192843 0.191441 0.190760 0.190842 0.191744 0.193539 0.196323 0.200219 0.205385 0.212025 0.220401 0.230853 0.243823 0.259890 0.279820 0.304634 0.335705 0.374900 0.424761 0.488748 0.571459 0.678622 0.816059 0.985641 1.174850 1.341467 1.417945 1.365330 1.217015 1.037574 0.869453 0.727368 0.612026 0.519647 0.445786 0.386506 0.338611 0.299600 0.267541 0.240953
0.225365 0.246018 0.270912 0.301325 0.339039 0.386585 0.447664 0.527889 0.636255 0.788437 1.015167 1.386483 2.091734 3.750671 8.685971 16.900359 8.634529 3.660606 1.983036 1.278627 0.921920 0.716905 0.588597 0.503535 0.444953 0.403683 0.374361 0.353687 0.339551 0.330565 0.325802 0.324631 0.326621 0.331466 0.338927 0.348783 0.360776 0.374556 0.389616 0.405244 0.420495 0.434217 0.445160 0.452162 0.454383 0.451501 0.443790 0.432039 0.417355 0.400929 0.383843 0.366962 0.350900 0.336045 0.322602 0.310645 0.300158 0.291075 0.283300 0.276726 0.271244 0.266752 0.263153 0.260365 0.258313 0.256935 0.256182 0.256015 0.256407 0.257344 0.258825 0.260863 0.263487 0.266742 0.270690 0.275414 0.281017 0.287620 0.295366 0.304409 0.314904 0.326982 0.340709 0.356022 0.372630 0.389916 0.406857 0.422069 0.434033 0.441526 0.444061 0.442071 0.436719 0.429449 0.421552 0.413934 0.407079 0.401124 0.395982 0.391442 0.387260 0.383215 0.379143 0.374958 0.370646 0.366262 0.361901 0.357687 0.353750 0.350212 0.347174 0.344718 0.342896 0.341736 0.341239 0.341379 0.342107 0.343349 0.345005 0.346947 0.349020 0.351036 0.352775 0.353997 0.354450 0.353896 0.352150 0.349106 0.344767 0.339252 0.332780 0.325637 0.318135 0.310575 0.303214 0.296253 0.289829 0.284014 0.278824 0.274222 0.270130 0.266430 0.262982 0.259630 0.256223 0.252627 0.248743 0.244524 0.239970 0.235133 0.230102 0.224987 0.219909 0.214982 0.210308 0.205975 0.202052 0.198596 0.195654 0.193263 0.191462 0.190286 0.189779 0.189992 0.190986 0.192841 0.195655 0.199557 0.204707 0.211315 0.219650 0.230059 0.243004 0.259093 0.279149 0.304301 0.336126 0.376883 0.429886 0.500132 0.595349 0.727618 0.915332 1.182376 1.540529 1.922538 2.109112 1.935660 1.564138 1.212197 0.946806 0.756931 0.619861 0.518333 0.441112 0.381018 0.333355 0.294941 0.263552 0.237591
0.220649 0.239986 0.263081 0.290998 0.325194 0.367702 0.421445 0.490785 0.582578 0.708381 0.889301 1.166957 1.626657 2.426218 3.659569 4.472597 3.632726 2.378508 1.567811 1.107278 0.837172 0.669273 0.559313 0.484349 0.431805 0.394396 0.367696 0.348911 0.336226 0.328440 0.324753 0.324636 0.327740 0.333840 0.342781 0.354428 0.368611 0.385051 0.403277 0.422533 0.441708 0.459323 0.473652 0.482999 0.486090 0.482434 0.472476 0.457441 0.438973 0.418742 0.398160 0.378262 0.359712 0.342869 0.327873 0.314723 0.303334 0.293577 0.285306 0.278375 0.272646 0.267990 0.264296 0.261464 0.259412 0.258068 0.257376 0.257293 0.257790 0.258852 0.260479 0.262690 0.265522 0.269031 0.273300 0.278438 0.284586 0.291917 0.300645 0.311019 0.323319 0.337835 0.354816 0.374377 0.396335 0.419972 0.443784 0.465380 0.481827 0.490572 0.490565 0.482794 0.469749 0.454290 0.438721 0.424453 0.412094 0.401717 0.393096 0.385882 0.379713 0.374264 0.369284 0.364598 0.360109 0.355780 0.351627 0.347696 0.344048 0.340752 0.337869 0.335449 0.333525 0.332113 0.331209 0.330791 0.330814 0.331216 0.331914 0.332803 0.333758 0.334634 0.335269 0.335490 0.335125 0.334021 0.332061 0.329183 0.325397 0.320782 0.315480 0.309680 0.303588 0.297410 0.291326 0.285483 0.279985 0.274892 0.270223 0.265958 0.262045 0.258407 0.254948 0.251563 0.248150 0.244622 0.240914 0.236993 0.232860 0.228548 0.224117 0.219643 0.215214 0.210914 0.206826 0.203021 0.199562 0.196505 0.193897 0.191781 0.190199 0.189192 0.188810 0.189107 0.190150 0.192019 0.194818 0.198675 0.203754 0.210264 0.218479 0.228752 0.241558 0.257530 0.277546 0.302835 0.335184 0.377266 0.433259 0.509998 0.619296 0.782824 1.042686 1.483323 2.258289 3.457805 4.256951 3.465070 2.271468 1.500131 1.060521 0.799303 0.632563 0.518794 0.436853 0.375316 0.327601 0.289681 0.258953 0.233652
0.215353 0.233262 0.254434 0.279726 0.310287 0.347679 0.394087 0.452651 0.528058 0.627580 0.762795 0.951800 1.218794 1.576382 1.956496 2.134414 1.942539 1.551480 1.188029 0.920916 0.736953 0.610680 0.522634 0.460129 0.415152 0.382616 0.359229 0.342826 0.331966 0.325687 0.323358 0.324581 0.329131 0.336906 0.347889 0.362101 0.379547 0.400123 0.423496 0.448924 0.475080 0.499917 0.520756 0.534723 0.539527 0.534275 0.519817 0.498397 0.472842 0.445777 0.419186 0.394327 0.371855 0.352001 0.334741 0.319913 0.307296 0.296650 0.287747 0.280376 0.274351 0.269510 0.265715 0.262847 0.260808 0.259515 0.258904 0.258926 0.259546 0.260748 0.262534 0.264925 0.267967 0.271731 0.276322 0.281880 0.288591 0.296697 0.306504 0.318395 0.332842 0.350397 0.371664 0.397185 0.427207 0.461211 0.497221 0.531161 0.557069 0.569105 0.564747 0.546453 0.520000 0.491278 0.464289 0.440925 0.421620 0.406041 0.393564 0.383515 0.375289 0.368389 0.362431 0.357137 0.352321 0.347870 0.343729 0.339882 0.336341 0.333130 0.330276 0.327805 0.325735 0.324069 0.322802 0.321910 0.321356 0.321087 0.321035 0.321115 0.321229 0.321266 0.321105 0.320624 0.319702 0.318238 0.316157 0.313422 0.310041 0.306069 0.301603 0.296767 0.291701 0.286546 0.281430 0.276457 0.271705 0.267222 0.263024 0.259101 0.255419 0.251925 0.248554 0.245234 0.241898 0.238485 0.234953 0.231281 0.227471 0.223546 0.219549 0.215538 0.211576 0.207731 0.204070 0.200653 0.197538 0.194775 0.192414 0.190497 0.189069 0.188177 0.187869 0.188204 0.189250 0.191090 0.193826 0.197586 0.202534 0.208877 0.216887 0.226919 0.239449 0.255127 0.274859 0.299945 0.332321 0.374975 0.432769 0.514079 0.634420 0.825214 1.157772 1.820094 3.414386 8.179252 16.113946 8.183107 3.421357 1.828889 1.166848 0.833060 0.639751 0.515924 0.430470 0.368133 0.320729 0.283527 0.253612 0.229090
0.209646 0.226075 0.245282 0.267934 0.294899 0.327317 0.366717 0.415170 0.475522 0.551661 0.648648 0.771968 0.923861 1.093116 1.239523 1.297957 1.232786 1.081269 0.909735 0.758925 0.639952 0.550050 0.483055 0.433276 0.396350 0.369139 0.349440 0.335723 0.326939 0.322389 0.321631 0.324429 0.330710 0.340540 0.354104 0.371672 0.393556 0.420010 0.451054 0.486180 0.523930 0.561440 0.594285 0.617093 0.625219 0.616782 0.593622 0.560343 0.522272 0.483786 0.447691 0.415380 0.387284 0.363289 0.343028 0.326048 0.311902 0.300181 0.290534 0.282661 0.276312 0.271280 0.267392 0.264506 0.262504 0.261290 0.260789 0.260942 0.261709 0.263070 0.265027 0.267603 0.270852 0.274861 0.279757 0.285717 0.292980 0.301866 0.312797 0.326334 0.343213 0.364392 0.391082 0.424703 0.466644 0.517545 0.575721 0.634718 0.681872 0.702223 0.688689 0.648289 0.595919 0.544179 0.499450 0.463348 0.435162 0.413433 0.396678 0.383635 0.373310 0.364948 0.357993 0.352043 0.346820 0.342140 0.337887 0.333996 0.330436 0.327197 0.324282 0.321695 0.319442 0.317519 0.315915 0.314611 0.313572 0.312755 0.312104 0.311551 0.311021 0.310427 0.309680 0.308692 0.307379 0.305671 0.303519 0.300900 0.297821 0.294321 0.290466 0.286340 0.282038 0.277659 0.273290 0.269008 0.264868 0.260905 0.257133 0.253546 0.250119 0.246816 0.243590 0.240392 0.237175 0.233899 0.230535 0.227069 0.223507 0.219867 0.216182 0.212498 0.208866 0.205341 0.201980 0.198835 0.195959 0.193401 0.191206 0.189420 0.188086 0.187253 0.186971 0.187298 0.188303 0.190069 0.192694 0.196306 0.201063 0.207168 0.214884 0.224560 0.236664 0.251838 0.270986 0.295418 0.327107 0.369143 0.426636 0.508561 0.631960 0.832569 1.196142 1.973436 4.181814 16.082424 16.084399 16.084186 4.184909 1.977098 1.199422 0.834485 0.631624 0.505245 0.419794 0.358394 0.312206 0.276223 0.247418 0.223864
0.203693 0.218641 0.235912 0.256004 0.279543 0.307316 0.340317 0.379785 0.427233 0.484375 0.552778 0.632846 0.721566 0.808995 0.876206 0.901151 0.873740 0.805001 0.717714 0.631209 0.555490 0.493381 0.444160 0.405926 0.376690 0.354762 0.338825 0.327905 0.321318 0.318620 0.319569 0.324102 0.332328 0.344524 0.361146 0.382833 0.410394 0.444741 0.486693 0.536543 0.593226 0.653074 0.708661 0.749204 0.764173 0.749047 0.708311 0.652458 0.592228 0.535003 0.484402 0.441432 0.405731 0.376397 0.352418 0.332863 0.316942 0.304010 0.293548 0.285144 0.278469 0.273260 0.269306 0.266435 0.264509 0.263414 0.263062 0.263383 0.264329 0.265874 0.268016 0.270780 0.274228 0.278458 0.283624 0.289939 0.297699 0.307310 0.319331 0.334531 0.353987 0.379218 0.412370 0.456425 0.515295 0.593277 0.692478 0.805796 0.906325 0.950037 0.912456 0.817995 0.710622 0.617178 0.544702 0.491022 0.451779 0.423006 0.401668 0.385580 0.373197 0.363431 0.355518 0.348922 0.343271 0.338311 0.333875 0.329856 0.326191 0.322844 0.319798 0.317045 0.314578 0.312389 0.310467 0.308790 0.307331 0.306053 0.304911 0.303851 0.302812 0.301731 0.300541 0.299175 0.297576 0.295694 0.293497 0.290970 0.288120 0.284973 0.281575 0.277984 0.274266 0.270488 0.266713 0.262992 0.259365 0.255856 0.252473 0.249210 0.246049 0.242962 0.239915 0.236870 0.233795 0.230661 0.227449 0.224152 0.220776 0.217339 0.213870 0.210407 0.206994 0.203679 0.200512 0.197541 0.194814 0.192378 0.190278 0.188557 0.187260 0.186434 0.186130 0.186405 0.187326 0.188973 0.191442 0.194855 0.199362 0.205157 0.212492 0.221697 0.233220 0.247670 0.265909 0.289187 0.319378 0.359412 0.414094 0.491761 0.607930 0.794083 1.121687 1.779016 3.368665 8.129706 16.061863 8.130123 3.369237 1.779271 1.121018 0.791839 0.603489 0.484582 0.403738 0.345544 0.301756 0.267641 0.240325 0.217969
0.197643 0.211154 0.226574 0.244259 0.264640 0.288227 0.315611 0.347453 0.384423 0.427042 0.475340 0.528204 0.582395 0.631654 0.667073 0.680094 0.667247 0.632574 0.585106 0.534047 0.485772 0.443481 0.408159 0.379621 0.357209 0.340171 0.327830 0.319652 0.315260 0.314442 0.317144 0.323486 0.333773 0.348532 0.368566 0.395013 0.429430 0.473842 0.530665 0.602275 0.689715 0.789862 0.891045 0.970450 1.001161 0.970465 0.891043 0.789776 0.689444 0.601680 0.529561 0.471993 0.426543 0.390722 0.362422 0.339983 0.322139 0.307932 0.296643 0.287722 0.280753 0.275409 0.271437 0.268634 0.266839 0.265920 0.265772 0.266312 0.267481 0.269243 0.271590 0.274546 0.278176 0.282592 0.287967 0.294554 0.302705 0.312914 0.325880 0.342598 0.364532 0.393881 0.434045 0.490396 0.571490 0.690523 0.864884 1.103929 1.362174 1.488024 1.367773 1.115066 0.881436 0.712306 0.598259 0.521846 0.469815 0.433559 0.407664 0.388698 0.374442 0.363429 0.354671 0.347496 0.341441 0.336193 0.331539 0.327341 0.323512 0.319997 0.316766 0.313802 0.311091 0.308625 0.306388 0.304364 0.302527 0.300848 0.299290 0.297808 0.296357 0.294887 0.293346 0.291688 0.289869 0.287856 0.285625 0.283169 0.280491 0.277613 0.274565 0.271388 0.268129 0.264832 0.261540 0.258289 0.255105 0.252000 0.248979 0.246033 0.243145 0.240290 0.237440 0.234566 0.231642 0.228647 0.225568 0.222404 0.219161 0.215858 0.212523 0.209191 0.205903 0.202703 0.199637 0.196753 0.194094 0.191706 0.189633 0.187916 0.186601 0.185733 0.185361 0.185541 0.186336 0.187822 0.190091 0.193255 0.197457 0.202877 0.209747 0.218374 0.229168 0.242687 0.259713 0.281366 0.309305 0.346068 0.395699 0.464929 0.565535 0.719277 0.968552 1.398359 2.163107 3.354100 4.147536 3.353618 2.161979 1.396279 0.965120 0.714050 0.558071 0.454824 0.382606 0.329701 0.289441 0.257833 0.232380 0.211453
0.191627 0.203778 0.217472 0.232955 0.250505 0.270427 0.293038 0.318631 0.347400 0.379305 0.413843 0.449722 0.484514 0.514547 0.535439 0.543479 0.537298 0.518636 0.491524 0.460569 0.429564 0.400972 0.376058 0.355273 0.338616 0.325880 0.316811 0.311193 0.308893 0.309889 0.314303 0.322427 0.334770 0.352135 0.375724 0.407306 0.449461 0.505910 0.581898 0.684352 0.820910 0.995291 1.194674 1.370648 1.444036 1.370849 1.195047 0.995779 0.821428 0.684779 0.582076 0.505639 0.448491 0.405329 0.372362 0.346925 0.327150 0.311709 0.299651 0.290282 0.283089 0.277683 0.273768 0.271110 0.269523 0.268856 0.268987 0.269816 0.271269 0.273295 0.275877 0.279032 0.282824 0.287374 0.292874 0.299611 0.307988 0.318583 0.332218 0.350105 0.374077 0.407030 0.453750 0.522566 0.628797 0.802198 1.102306 1.637163 2.470699 3.027386 2.475907 1.647517 1.117684 0.822415 0.653608 0.551669 0.486788 0.443597 0.413730 0.392374 0.376618 0.364631 0.355218 0.347584 0.341192 0.335678 0.330799 0.326391 0.322353 0.318621 0.315156 0.311938 0.308952 0.306187 0.303631 0.301269 0.299079 0.297036 0.295110 0.293266 0.291466 0.289670 0.287842 0.285944 0.283947 0.281825 0.279564 0.277157 0.274611 0.271940 0.269166 0.266319 0.263430 0.260530 0.257647 0.254804 0.252015 0.249285 0.246610 0.243978 0.241369 0.238760 0.236122 0.233430 0.230661 0.227798 0.224831 0.221762 0.218602 0.215369 0.212094 0.208812 0.205564 0.202393 0.199345 0.196465 0.193798 0.191388 0.189277 0.187507 0.186121 0.185162 0.184678 0.184721 0.185349 0.186635 0.188663 0.191535 0.195383 0.200368 0.206702 0.214658 0.224598 0.237013 0.252576 0.272233 0.297350 0.329943 0.373072 0.431500 0.512797 0.629076 0.799081 1.047547 1.387720 1.754382 1.930492 1.753280 1.385407 1.043819 0.793667 0.621665 0.503069 0.419150 0.357824 0.311560 0.275632 0.247016 0.223724 0.204414
0.185757 0.196646 0.208766 0.222276 0.237344 0.254134 0.272787 0.293381 0.315874 0.340011 0.365192 0.390342 0.413810 0.433455 0.447009 0.452711 0.449968 0.439630 0.423683 0.404572 0.384556 0.365348 0.348055 0.333286 0.321315 0.312225 0.306021 0.302700 0.302306 0.304976 0.310973 0.320748 0.335004 0.354815 0.381809 0.418458 0.468576 0.538152 0.636734 0.779614 0.990451 1.300457 1.726421 2.186534 2.408188 2.186932 1.727194 1.301557 0.991807 0.781127 0.638274 0.539555 0.469639 0.418929 0.381383 0.353122 0.331595 0.315082 0.302399 0.292707 0.285404 0.280044 0.276288 0.273877 0.272602 0.272291 0.272802 0.274017 0.275839 0.278200 0.281062 0.284430 0.288362 0.292981 0.298497 0.305220 0.313600 0.324278 0.338178 0.356668 0.381863 0.417199 0.468596 0.547009 0.674579 0.901416 1.359276 2.469439 5.796676 11.340964 5.801624 2.479274 1.373869 0.920580 0.698063 0.574501 0.499731 0.451563 0.419001 0.396100 0.379415 0.366841 0.357032 0.349107 0.342476 0.336743 0.331643 0.327005 0.322719 0.318721 0.314972 0.311453 0.308151 0.305059 0.302167 0.299462 0.296927 0.294540 0.292276 0.290104 0.287995 0.285916 0.283838 0.281734 0.279580 0.277360 0.275063 0.272688 0.270240 0.267730 0.265176 0.262598 0.260019 0.257460 0.254938 0.252464 0.250044 0.247674 0.245342 0.243032 0.240717 0.238370 0.235960 0.233461 0.230849 0.228108 0.225231 0.222220 0.219091 0.215866 0.212578 0.209267 0.205975 0.202748 0.199635 0.196681 0.193932 0.191431 0.189220 0.187339 0.185830 0.184734 0.184095 0.183960 0.184386 0.185435 0.187184 0.189727 0.193177 0.197680 0.203419 0.210631 0.219626 0.230813 0.244745 0.262176 0.284154 0.312153 0.348269 0.395485 0.457974 0.541226 0.651281 0.791045 0.950252 1.090315 1.148170 1.088771 0.947089 0.786123 0.644409 0.532181 0.446518 0.381386 0.331306 0.292127 0.260890 0.235522 0.214567 0.196995
0.180121 0.189861 0.200569 0.212343 0.225274 0.239434 0.254858 0.271514 0.289261 0.307792 0.326576 0.344804 0.361393 0.375072 0.384608 0.389106 0.388294 0.382632 0.373183 0.361324 0.348432 0.335672 0.323909 0.313723 0.305479 0.299394 0.295618 0.294284 0.295561 0.299697 0.307074 0.318267 0.334147 0.356025 0.385915 0.426961 0.484230 0.566208 0.687767 0.876370 1.185463 1.722068 2.680448 4.175570 5.172460 4.176175 2.681640 1.723810 1.187699 0.879022 0.690733 0.569362 0.487414 0.429982 0.388542 0.357978 0.335089 0.317800 0.304720 0.294890 0.287634 0.282459 0.278998 0.276966 0.276135 0.276317 0.277346 0.279081 0.281397 0.284195 0.287409 0.291021 0.295073 0.299686 0.305076 0.311579 0.319679 0.330060 0.343702 0.362053 0.387346 0.423232 0.476080 0.557926 0.693911 0.944177 1.484220 3.025249 11.340099 11.342362 11.344915 3.034816 1.498407 0.962785 0.716675 0.584519 0.506110 0.456255 0.422874 0.399571 0.382686 0.370004 0.360115 0.352101 0.345348 0.339451 0.334141 0.329248 0.324669 0.320347 0.316252 0.312373 0.308704 0.305244 0.301986 0.298922 0.296036 0.293309 0.290719 0.288239 0.285843 0.283504 0.281197 0.278902 0.276601 0.274283 0.271942 0.269579 0.267200 0.264816 0.262441 0.260092 0.257783 0.255529 0.253339 0.251216 0.249158 0.247151 0.245177 0.243208 0.241212 0.239154 0.236996 0.234705 0.232254 0.229626 0.226813 0.223821 0.220668 0.217383 0.214005 0.210580 0.207157 0.203788 0.200524 0.197415 0.194507 0.191846 0.189471 0.187423 0.185740 0.184461 0.183625 0.183276 0.183463 0.184243 0.185682 0.187861 0.190881 0.194865 0.199968 0.206389 0.214382 0.224275 0.236499 0.251622 0.270394 0.293813 0.323180 0.360153 0.406682 0.464668 0.534940 0.615002 0.695545 0.758389 0.782093 0.756520 0.691755 0.609191 0.526970 0.454373 0.393883 0.344668 0.304831 0.272432 0.245828 0.223729 0.205153 0.189358
0.174788 0.183495 0.192955 0.203223 0.214338 0.226317 0.239136 0.252715 0.266884 0.281359 0.295713 0.309367 0.321611 0.331675 0.338860 0.342685 0.343025 0.340149 0.334671 0.327411 0.319237 0.310943 0.303183 0.296455 0.291123 0.287460 0.285685 0.286013 0.288691 0.294045 0.302536 0.314831 0.331914 0.355271 0.387189 0.431308 0.493662 0.584770 0.724235 0.951792 1.357498 2.178253 4.171643 10.151629 20.118196 10.152449 4.173270 2.180661 1.360644 0.955622 0.728675 0.589731 0.499031 0.436953 0.392948 0.360954 0.337296 0.319645 0.306473 0.296741 0.289727 0.284911 0.281908 0.280420 0.280205 0.281059 0.282793 0.285235 0.288223 0.291613 0.295296 0.299211 0.303372 0.307889 0.312984 0.319012 0.326486 0.336119 0.348904 0.366273 0.390390 0.424727 0.475224 0.552850 0.679751 0.906036 1.363459 2.473295 5.800311 11.344481 5.805124 2.482851 1.377619 0.924589 0.702412 0.579260 0.504952 0.457276 0.425210 0.402777 0.386499 0.374234 0.364611 0.356726 0.349977 0.343968 0.338446 0.333259 0.328323 0.323598 0.319076 0.314758 0.310653 0.306767 0.303099 0.299644 0.296388 0.293314 0.290398 0.287616 0.284942 0.282351 0.279823 0.277341 0.274891 0.272468 0.270069 0.267698 0.265363 0.263076 0.260849 0.258698 0.256634 0.254667 0.252799 0.251029 0.249343 0.247723 0.246137 0.244550 0.242915 0.241186 0.239314 0.237257 0.234978 0.232455 0.229680 0.226660 0.223421 0.219999 0.216443 0.212810 0.209159 0.205550 0.202043 0.198690 0.195544 0.192648 0.190044 0.187770 0.185862 0.184354 0.183281 0.182682 0.182599 0.183079 0.184181 0.185972 0.188537 0.191978 0.196422 0.202029 0.209000 0.217586 0.228108 0.240968 0.256671 0.275835 0.299192 0.327537 0.361578 0.401591 0.446762 0.494197 0.538004 0.569612 0.580644 0.567500 0.533741 0.487709 0.437946 0.390321 0.347716 0.310936 0.279706 0.253321 0.230993 0.211998 0.195724 0.181672
0.169807 0.177598 0.185968 0.194943 0.204529 0.214712 0.225443 0.236622 0.248090 0.259605 0.270844 0.281395 0.290793 0.298562 0.304288 0.307706 0.308758 0.307618 0.304663 0.300407 0.295419 0.290252 0.285393 0.281255 0.278170 0.276419 0.276251 0.277920 0.281718 0.288015 0.297317 0.310337 0.328114 0.352206 0.385011 0.430361 0.494660 0.589232 0.735619 0.978955 1.427345 2.396360 5.164973 20.114626 20.115093 20.115667 5.167046 2.399449 1.431424 0.983989 0.741565 0.596036 0.502255 0.438671 0.393947 0.361664 0.337975 0.320465 0.307559 0.298198 0.291651 0.287394 0.285042 0.284298 0.284915 0.286676 0.289370 0.292785 0.296708 0.300928 0.305265 0.309591 0.313870 0.318188 0.322773 0.328008 0.334440 0.342807 0.354086 0.369620 0.391345 0.422227 0.467096 0.534301 0.639166 0.811446 1.110668 1.644864 2.477957 3.034410 2.482899 1.654676 1.125201 0.830472 0.662374 0.561291 0.497380 0.455228 0.426413 0.406052 0.391165 0.379845 0.370837 0.363298 0.356668 0.350581 0.344820 0.339267 0.333872 0.328632 0.323567 0.318703 0.314067 0.309675 0.305536 0.301646 0.297990 0.294549 0.291298 0.288208 0.285254 0.282411 0.279659 0.276983 0.274374 0.271830 0.269353 0.266951 0.264634 0.262418 0.260316 0.258343 0.256511 0.254825 0.253287 0.251887 0.250607 0.249416 0.248275 0.247131 0.245924 0.244588 0.243058 0.241275 0.239188 0.236767 0.234001 0.230900 0.227497 0.223843 0.220002 0.216047 0.212052 0.208092 0.204233 0.200540 0.197065 0.193855 0.190953 0.188392 0.186206 0.184423 0.183075 0.182192 0.181809 0.181966 0.182709 0.184093 0.186187 0.189072 0.192850 0.197644 0.203605 0.210919 0.219810 0.230548 0.243445 0.258854 0.277131 0.298570 0.323273 0.350909 0.380388 0.409497 0.434767 0.451968 0.457430 0.449667 0.430136 0.402480 0.370905 0.338862 0.308550 0.281053 0.256695 0.235378 0.216806 0.200626 0.186491 0.174089
0.165214 0.172199 0.179626 0.187498 0.195806 0.204519 0.213576 0.222883 0.232298 0.241630 0.250635 0.259028 0.266498 0.272743 0.277516 0.280665 0.282167 0.282143 0.280838 0.278592 0.275792 0.272831 0.270079 0.267870 0.266497 0.266226 0.267312 0.270021 0.274662 0.281622 0.291417 0.304762 0.322686 0.346710 0.379154 0.423686 0.486362 0.577726 0.717395 0.945125 1.350987 2.171896 4.165447 10.145613 20.112386 10.146877 4.167972 2.175675 1.356010 0.951379 0.724862 0.586388 0.496200 0.434679 0.391280 0.359951 0.337025 0.320189 0.307930 0.299232 0.293392 0.289914 0.288435 0.288674 0.290392 0.293369 0.297371 0.302142 0.307393 0.312815 0.318110 0.323038 0.327477 0.331471 0.335262 0.339286 0.344156 0.350653 0.359743 0.372640 0.390967 0.417029 0.454282 0.508121 0.587101 0.704409 0.877413 1.115452 1.373026 1.498528 1.378242 1.125808 0.892752 0.724486 0.611576 0.536544 0.486086 0.451528 0.427365 0.410053 0.397252 0.387371 0.379313 0.372324 0.365901 0.359734 0.353657 0.347608 0.341596 0.335672 0.329898 0.324338 0.319041 0.314041 0.309349 0.304964 0.300866 0.297031 0.293426 0.290017 0.286773 0.283668 0.280679 0.277795 0.275008 0.272319 0.269738 0.267276 0.264950 0.262778 0.260780 0.258971 0.257366 0.255970 0.254783 0.253791 0.252971 0.252283 0.251671 0.251066 0.250387 0.249542 0.248440 0.246996 0.245138 0.242822 0.240030 0.236778 0.233113 0.229105 0.224843 0.220422 0.215940 0.211490 0.207155 0.203005 0.199100 0.195489 0.192212 0.189300 0.186781 0.184679 0.183017 0.181818 0.181109 0.180921 0.181287 0.182253 0.183868 0.186198 0.189316 0.193316 0.198307 0.204416 0.211793 0.220604 0.231029 0.243238 0.257364 0.273442 0.291316 0.310507 0.330068 0.348480 0.363712 0.373557 0.376252 0.371107 0.358789 0.341040 0.320047 0.297826 0.275883 0.255158 0.236123 0.218931 0.203545 0.189833 0.177622 0.166735
0.161032 0.167315 0.173930 0.180868 0.188110 0.195619 0.203335 0.211173 0.219015 0.226713 0.234088 0.240939 0.247058 0.252252 0.256368 0.259321 0.261106 0.261812 0.261609 0.260730 0.259450 0.258056 0.256833 0.256052 0.255965 0.256815 0.258847 0.262323 0.267549 0.274903 0.284884 0.298170 0.315718 0.338918 0.369846 0.411701 0.469601 0.552072 0.674025 0.862960 1.172353 1.709252 2.667946 4.163421 5.160720 4.164911 2.670926 1.713725 1.178323 0.870435 0.683015 0.562593 0.481676 0.425365 0.385144 0.355914 0.334495 0.318841 0.307596 0.299843 0.294954 0.292488 0.292127 0.293628 0.296782 0.301379 0.307173 0.313856 0.321038 0.328254 0.335015 0.340883 0.345581 0.349086 0.351672 0.353889 0.356494 0.360378 0.366527 0.376044 0.390227 0.410725 0.439741 0.480269 0.536203 0.611805 0.709148 0.821098 0.920723 0.963976 0.926371 0.832316 0.725776 0.633587 0.562767 0.511113 0.474204 0.447975 0.429260 0.415708 0.405581 0.397595 0.390808 0.384551 0.378388 0.372075 0.365525 0.358762 0.351885 0.345021 0.338301 0.331835 0.325704 0.319956 0.314609 0.309654 0.305064 0.300801 0.296819 0.293074 0.289526 0.286141 0.282896 0.279777 0.276782 0.273917 0.271196 0.268639 0.266269 0.264114 0.262197 0.260542 0.259166 0.258079 0.257281 0.256758 0.256479 0.256397 0.256440 0.256516 0.256514 0.256307 0.255765 0.254762 0.253195 0.250995 0.248137 0.244643 0.240582 0.236054 0.231186 0.226110 0.220958 0.215846 0.210878 0.206135 0.201683 0.197571 0.193835 0.190503 0.187595 0.185126 0.183113 0.181569 0.180511 0.179959 0.179938 0.180478 0.181616 0.183398 0.185876 0.189117 0.193192 0.198187 0.204191 0.211299 0.219596 0.229144 0.239951 0.251933 0.264852 0.278257 0.291420 0.303333 0.312784 0.318560 0.319745 0.315989 0.307623 0.295546 0.280955 0.265048 0.248822 0.232996 0.218014 0.204108 0.191360 0.179757 0.169236 0.159708
0.157277 0.162952 0.168871 0.175020 0.181375 0.187898 0.194534 0.201211 0.207835 0.214292 0.220451 0.226171 0.231313 0.235752 0.239392 0.242187 0.244143 0.245328 0.245867 0.245927 0.245709 0.245431 0.245313 0.245577 0.246439 0.248116 0.250832 0.254836 0.260414 0.267921 0.277814 0.290704 0.307433 0.329192 0.357705 0.395529 0.446552 0.516828 0.615963 0.759304 0.970556 1.280974 1.707386 2.168012 2.390270 2.169726 1.710818 1.286137 0.977468 0.767991 0.626463 0.529189 0.460841 0.411829 0.376128 0.349882 0.330572 0.316525 0.306611 0.300062 0.296354 0.295132 0.296151 0.299236 0.304235 0.310983 0.319243 0.328660 0.338710 0.348697 0.357799 0.365217 0.370381 0.373143 0.373864 0.373344 0.372644 0.372902 0.375210 0.380600 0.390090 0.404769 0.425879 0.454811 0.492895 0.540702 0.596483 0.653730 0.699739 0.719525 0.705994 0.666168 0.614948 0.564937 0.522512 0.489258 0.464394 0.446340 0.433431 0.424161 0.417244 0.411614 0.406428 0.401072 0.395164 0.388543 0.381236 0.373400 0.365265 0.357081 0.349069 0.341406 0.334207 0.327535 0.321403 0.315791 0.310652 0.305925 0.301543 0.297444 0.293573 0.289887 0.286357 0.282969 0.279725 0.276637 0.273728 0.271029 0.268574 0.266399 0.264540 0.263027 0.261888 0.261138 0.260783 0.260811 0.261189 0.261860 0.262736 0.263698 0.264593 0.265246 0.265466 0.265067 0.263892 0.261835 0.258857 0.254992 0.250342 0.245062 0.239334 0.233346 0.227278 0.221284 0.215488 0.209986 0.204848 0.200120 0.195834 0.192007 0.188650 0.185769 0.183367 0.181450 0.180022 0.179093 0.178677 0.178791 0.179458 0.180708 0.182574 0.185099 0.188328 0.192310 0.197094 0.202721 0.209220 0.216588 0.224773 0.233644 0.242965 0.252358 0.261295 0.269105 0.275047 0.278421 0.278718 0.275749 0.269687 0.261028 0.250455 0.238700 0.226421 0.214139 0.202222 0.190901 0.180302 0.170471 0.161406 0.153075
0.153958 0.159109 0.164435 0.169918 0.175534 0.181247 0.187009 0.192761 0.198428 0.203925 0.209158 0.214027 0.218438 0.222311 0.225587 0.228243 0.230291 0.231786 0.232823 0.233528 0.234051 0.234561 0.235235 0.236252 0.237798 0.240061 0.243245 0.247573 0.253305 0.260760 0.270340 0.282568 0.298148 0.318041 0.343583 0.376657 0.419941 0.477247 0.553897 0.656892 0.793936 0.968809 1.168742 1.345368 1.419544 1.347303 1.172622 0.974653 0.801777 0.666774 0.565882 0.491415 0.436397 0.395536 0.365058 0.342333 0.325536 0.313404 0.305066 0.299932 0.297608 0.297851 0.300521 0.305547 0.312886 0.322471 0.334134 0.347510 0.361930 0.376341 0.389351 0.399465 0.405509 0.407088 0.404773 0.399925 0.394246 0.389368 0.386627 0.387032 0.391354 0.400223 0.414189 0.433685 0.458820 0.488951 0.521991 0.553778 0.578292 0.589661 0.585352 0.567836 0.542915 0.516507 0.492633 0.473177 0.458507 0.448152 0.441246 0.436766 0.433664 0.430948 0.427765 0.423483 0.417749 0.410505 0.401949 0.392449 0.382446 0.372368 0.362568 0.353303 0.344726 0.336905 0.329837 0.323470 0.317724 0.312501 0.307702 0.303235 0.299022 0.295008 0.291155 0.287451 0.283900 0.280527 0.277366 0.274462 0.271864 0.269622 0.267787 0.266404 0.265510 0.265135 0.265294 0.265982 0.267171 0.268798 0.270758 0.272899 0.275018 0.276865 0.278160 0.278622 0.278007 0.276144 0.272970 0.268542 0.263021 0.256645 0.249691 0.242434 0.235120 0.227950 0.221079 0.214615 0.208626 0.203152 0.198213 0.193812 0.189945 0.186604 0.183779 0.181463 0.179648 0.178333 0.177518 0.177209 0.177416 0.178155 0.179444 0.181305 0.183760 0.186834 0.190546 0.194903 0.199900 0.205498 0.211620 0.218131 0.224820 0.231391 0.237464 0.242591 0.246304 0.248181 0.247925 0.245423 0.240775 0.234265 0.226302 0.217344 0.207826 0.198123 0.188520 0.179222 0.170356 0.161995 0.154167 0.146876
0.151083 0.155785 0.160606 0.165528 0.170527 0.175571 0.180620 0.185625 0.190530 0.195271 0.199781 0.203990 0.207836 0.211267 0.214249 0.216772 0.218854 0.220540 0.221904 0.223045 0.224079 0.225140 0.226369 0.227916 0.229936 0.232594 0.236066 0.240551 0.246278 0.253519 0.262615 0.273997 0.288224 0.306028 0.328382 0.356568 0.392270 0.437621 0.495143 0.567305 0.655238 0.755899 0.857690 0.937853 0.969520 0.940006 0.862009 0.762412 0.663988 0.578355 0.508576 0.453547 0.410831 0.377947 0.352810 0.333800 0.319711 0.309670 0.303068 0.299499 0.298720 0.300621 0.305204 0.312554 0.322809 0.336100 0.352455 0.371625 0.392849 0.414595 0.434470 0.449558 0.457348 0.456872 0.449241 0.437112 0.423560 0.411154 0.401618 0.395927 0.394553 0.397681 0.405328 0.417338 0.433273 0.452196 0.472428 0.491451 0.506249 0.514225 0.514327 0.507574 0.496513 0.484076 0.472637 0.463644 0.457682 0.454681 0.454116 0.455149 0.456737 0.457759 0.457171 0.454188 0.448433 0.439990 0.429341 0.417208 0.404373 0.391536 0.379232 0.367809 0.357450 0.348204 0.340024 0.332804 0.326403 0.320667 0.315446 0.310605 0.306038 0.301665 0.297442 0.293355 0.289420 0.285673 0.282170 0.278975 0.276156 0.273784 0.271928 0.270652 0.270011 0.270055 0.270814 0.272304 0.274505 0.277360 0.280752 0.284495 0.288318 0.291871 0.294736 0.296476 0.296696 0.295118 0.291636 0.286345 0.279512 0.271523 0.262804 0.253764 0.244747 0.236016 0.227755 0.220077 0.213042 0.206674 0.200969 0.195909 0.191470 0.187624 0.184344 0.181606 0.179390 0.177681 0.176467 0.175744 0.175508 0.175761 0.176509 0.177759 0.179515 0.181784 0.184563 0.187840 0.191589 0.195756 0.200258 0.204969 0.209713 0.214265 0.218351 0.221666 0.223906 0.224807 0.224187 0.221975 0.218230 0.213122 0.206905 0.199873 0.192319 0.184508 0.176659 0.168938 0.161463 0.154312 0.147527 0.141128
0.148658 0.152979 0.157373 0.161822 0.166303 0.170791 0.175251 0.179646 0.183932 0.188065 0.191995 0.195676 0.199068 0.202138 0.204869 0.207260 0.209330 0.211119 0.212687 0.214113 0.215489 0.216923 0.218530 0.220434 0.222766 0.225665 0.229286 0.233796 0.239391 0.246300 0.254799 0.265230 0.278015 0.293687 0.312908 0.336490 0.365393 0.400664 0.443252 0.493567 0.550659 0.610964 0.667150 0.708513 0.724583 0.710878 0.671896 0.618127 0.560293 0.505750 0.458087 0.418288 0.385981 0.360268 0.340163 0.324783 0.313414 0.305517 0.300719 0.298797 0.299668 0.303377 0.310103 0.320152 0.333949 0.351996 0.374762 0.402437 0.434467 0.468854 0.501514 0.526492 0.537976 0.533509 0.515661 0.490358 0.463673 0.439815 0.420908 0.407629 0.399897 0.397310 0.399347 0.405410 0.414768 0.426454 0.439186 0.451392 0.461443 0.468064 0.470772 0.470063 0.467209 0.463794 0.461272 0.460688 0.462589 0.467026 0.473575 0.481362 0.489106 0.495260 0.498274 0.496954 0.490793 0.480105 0.465889 0.449502 0.432298 0.415392 0.399553 0.385218 0.372560 0.361561 0.352085 0.343927 0.336849 0.330612 0.324992 0.319794 0.314865 0.310099 0.305442 0.300883 0.296453 0.292213 0.288243 0.284635 0.281487 0.278896 0.276954 0.275749 0.275363 0.275871 0.277334 0.279795 0.283266 0.287710 0.293014 0.298963 0.305211 0.311262 0.316491 0.320199 0.321727 0.320596 0.316624 0.309978 0.301123 0.290702 0.279400 0.267830 0.256474 0.245666 0.235612 0.226415 0.218108 0.210677 0.204085 0.198280 0.193207 0.188813 0.185048 0.181870 0.179243 0.177138 0.175530 0.174403 0.173742 0.173538 0.173785 0.174476 0.175605 0.177164 0.179137 0.181501 0.184216 0.187227 0.190451 0.193781 0.197072 0.200154 0.202827 0.204882 0.206116 0.206356 0.205485 0.203458 0.200309 0.196145 0.191128 0.185450 0.179313 0.172906 0.166391 0.159903 0.153543 0.147383 0.141470 0.135833
0.146695 0.150694 0.154727 0.158776 0.162823 0.166843 0.170811 0.174699 0.178473 0.182103 0.185555 0.188800 0.191811 0.194573 0.197077 0.199330 0.201352 0.203178 0.204857 0.206456 0.208049 0.209722 0.211572 0.213700 0.216216 0.219238 0.222896 0.227331 0.232705 0.239203 0.247044 0.256486 0.267838 0.281465 0.297791 0.317290 0.340448 0.367682 0.399162 0.434532 0.472476 0.510269 0.543612 0.567239 0.576583 0.569809 0.548773 0.518062 0.482964 0.447807 0.415345 0.386932 0.362973 0.343351 0.327726 0.315701 0.306921 0.301112 0.298103 0.297841 0.300398 0.305995 0.315024 0.328087 0.346033 0.369989 0.401313 0.441353 0.490720 0.547714 0.605866 0.652495 0.672633 0.659241 0.619446 0.568305 0.518587 0.476845 0.444862 0.422091 0.407226 0.398901 0.395906 0.397184 0.401760 0.408654 0.416833 0.425237 0.432900 0.439135 0.443720 0.446966 0.449628 0.452708 0.457220 0.464011 0.473629 0.486219 0.501400 0.518132 0.534631 0.548461 0.556962 0.557988 0.550675 0.535779 0.515339 0.491914 0.467855 0.444887 0.424046 0.405796 0.390201 0.377085 0.366139 0.356995 0.349272 0.342602 0.336653 0.331145 0.325863 0.320668 0.315491 0.310333 0.305252 0.300343 0.295728 0.291541 0.287914 0.284977 0.282855 0.281665 0.281522 0.282537 0.284816 0.288451 0.293510 0.300010 0.307878 0.316898 0.326650 0.336454 0.345358 0.352219 0.355891 0.355504 0.350728 0.341875 0.329794 0.315611 0.300451 0.285246 0.270656 0.257084 0.244729 0.233646 0.223806 0.215133 0.207530 0.200893 0.195129 0.190147 0.185874 0.182243 0.179200 0.176699 0.174706 0.173188 0.172124 0.171492 0.171277 0.171462 0.172032 0.172968 0.174248 0.175839 0.177699 0.179773 0.181986 0.184245 0.186437 0.188430 0.190078 0.191234 0.191757 0.191533 0.190482 0.188575 0.185832 0.182320 0.178147 0.173441 0.168342 0.162986 0.157495 0.151973 0.146506 0.141156 0.135970 0.130979
0.145209 0.148939 0.152668 0.156381 0.160059 0.163683 0.167234 0.170690 0.174029 0.177231 0.180276 0.183144 0.185824 0.188309 0.190598 0.192704 0.194645 0.196455 0.198176 0.199862 0.201575 0.203387 0.205375 0.207625 0.210228 0.213282 0.216894 0.221181 0.226274 0.232318 0.239481 0.247952 0.257945 0.269698 0.283466 0.299494 0.317986 0.339023 0.362451 0.387714 0.413667 0.438447 0.459548 0.474238 0.480337 0.477008 0.465110 0.446848 0.424977 0.402036 0.379922 0.359821 0.342342 0.327706 0.315912 0.306864 0.300449 0.296590 0.295281 0.296615 0.300819 0.308291 0.319668 0.335915 0.358459 0.389379 0.431608 0.489033 0.565939 0.664434 0.777401 0.877867 0.921693 0.884377 0.790493 0.684245 0.592674 0.522956 0.473035 0.438657 0.415945 0.401927 0.394426 0.391831 0.392887 0.396553 0.401913 0.408170 0.414688 0.421071 0.427240 0.433466 0.440331 0.448637 0.459288 0.473171 0.491025 0.513264 0.539710 0.569204 0.599196 0.625598 0.643381 0.648173 0.638197 0.615190 0.583494 0.548108 0.513108 0.481059 0.453165 0.429706 0.410429 0.394827 0.382292 0.372201 0.363958 0.357012 0.350881 0.345166 0.339566 0.333895 0.328076 0.322134 0.316171 0.310343 0.304832 0.299827 0.295511 0.292055 0.289619 0.288358 0.288424 0.289977 0.293185 0.298218 0.305243 0.314389 0.325691 0.339009 0.353897 0.369465 0.384280 0.396417 0.403789 0.404719 0.398554 0.385924 0.368478 0.348282 0.327232 0.306737 0.287661 0.270423 0.255138 0.241743 0.230086 0.219983 0.211245 0.203699 0.197193 0.191596 0.186797 0.182706 0.179247 0.176358 0.173989 0.172099 0.170654 0.169625 0.168986 0.168715 0.168787 0.169180 0.169862 0.170801 0.171953 0.173265 0.174671 0.176094 0.177442 0.178614 0.179503 0.180001 0.180010 0.179450 0.178266 0.176437 0.173975 0.170925 0.167357 0.163360 0.159032 0.154472 0.149772 0.145012 0.140261 0.135574 0.130992 0.126547
0.144221 0.147731 0.151208 0.154637 0.158000 0.161283 0.164472 0.167553 0.170512 0.173337 0.176019 0.178551 0.180927 0.183151 0.185227 0.187171 0.189004 0.190755 0.192461 0.194168 0.195928 0.197799 0.199846 0.202140 0.204754 0.207772 0.211278 0.215368 0.220145 0.225720 0.232218 0.239771 0.248522 0.258618 0.270194 0.283358 0.298154 0.314509 0.332161 0.350580 0.368892 0.385867 0.400018 0.409857 0.414262 0.412819 0.405966 0.394851 0.380990 0.365902 0.350854 0.336768 0.324232 0.313577 0.304968 0.298477 0.294149 0.292045 0.292285 0.295087 0.300812 0.310033 0.323637 0.342993 0.370225 0.408678 0.463689 0.543810 0.662261 0.836487 1.075885 1.334840 1.461278 1.341157 1.088577 0.855666 0.688091 0.576500 0.503482 0.455834 0.424998 0.405595 0.394194 0.388529 0.387027 0.388536 0.392178 0.397282 0.403383 0.410242 0.417886 0.426619 0.437025 0.449936 0.466390 0.487579 0.514753 0.549024 0.590945 0.639725 0.692046 0.740969 0.776318 0.788124 0.772119 0.732593 0.679543 0.623178 0.570485 0.524846 0.487133 0.456898 0.433149 0.414759 0.400637 0.389785 0.381302 0.374388 0.368348 0.362615 0.356769 0.350564 0.343920 0.336910 0.329720 0.322601 0.315828 0.309671 0.304375 0.300160 0.297226 0.295765 0.295974 0.298071 0.302307 0.308970 0.318383 0.330881 0.346744 0.366069 0.388555 0.413176 0.437841 0.459263 0.473427 0.476848 0.468111 0.448600 0.421771 0.391608 0.361364 0.333100 0.307804 0.285744 0.266784 0.250606 0.236841 0.225127 0.215148 0.206630 0.199347 0.193116 0.187786 0.183236 0.179368 0.176102 0.173374 0.171131 0.169330 0.167933 0.166908 0.166226 0.165859 0.165776 0.165946 0.166333 0.166895 0.167584 0.168342 0.169103 0.169796 0.170340 0.170655 0.170662 0.170289 0.169479 0.168193 0.166415 0.164152 0.161433 0.158307 0.154836 0.151089 0.147138 0.143053 0.138896 0.134722 0.130577 0.126498 0.122512
0.143765 0.147101 0.150372 0.153560 0.156652 0.159637 0.162505 0.165248 0.167861 0.170341 0.172687 0.174901 0.176987 0.178953 0.180811 0.182577 0.184274 0.185928 0.187573 0.189248 0.190995 0.192865 0.194910 0.197187 0.199757 0.202688 0.206047 0.209910 0.214356 0.219468 0.225335 0.232048 0.239696 0.248360 0.258102 0.268950 0.280865 0.293716 0.307235 0.320983 0.334326 0.346455 0.356469 0.363517 0.366987 0.366664 0.362788 0.356000 0.347177 0.337257 0.327088 0.317351 0.308550 0.301026 0.295009 0.290661 0.288119 0.287539 0.289132 0.293210 0.300246 0.310963 0.326475 0.348533 0.379967 0.425518 0.493495 0.599238 0.772590 1.073289 1.609756 2.446166 3.005063 2.452335 1.622143 1.091992 0.797750 0.631033 0.532130 0.471213 0.432933 0.408949 0.394457 0.386530 0.383286 0.383451 0.386142 0.390751 0.396906 0.404468 0.413548 0.424532 0.438106 0.455284 0.477445 0.506382 0.544322 0.593851 0.657481 0.736422 0.827877 0.920866 0.993748 1.020944 0.990394 0.914237 0.818132 0.723809 0.642352 0.576666 0.525662 0.486944 0.458026 0.436735 0.421257 0.410072 0.401879 0.395540 0.390066 0.384645 0.378685 0.371856 0.364095 0.355573 0.346622 0.337653 0.329086 0.321301 0.314623 0.309325 0.305641 0.303799 0.304039 0.306645 0.311972 0.320470 0.332701 0.349343 0.371143 0.398777 0.432520 0.471613 0.513325 0.552066 0.579694 0.588243 0.574289 0.541221 0.496967 0.449632 0.404764 0.365055 0.331219 0.302933 0.279473 0.260037 0.243894 0.230424 0.219125 0.209598 0.201525 0.194659 0.188805 0.183807 0.179544 0.175917 0.172849 0.170276 0.168144 0.166411 0.165036 0.163986 0.163229 0.162731 0.162460 0.162380 0.162450 0.162626 0.162858 0.163092 0.163268 0.163324 0.163198 0.162829 0.162166 0.161165 0.159799 0.158053 0.155933 0.153457 0.150659 0.147582 0.144277 0.140797 0.137194 0.133516 0.129809 0.126108 0.122446 0.118848
0.143885 0.147093 0.150199 0.153186 0.156043 0.158759 0.161332 0.163760 0.166045 0.168194 0.170214 0.172115 0.173909 0.175610 0.177234 0.178802 0.180335 0.181858 0.183403 0.185001 0.186690 0.188510 0.190504 0.192719 0.195204 0.198013 0.201198 0.204819 0.208934 0.213604 0.218890 0.224850 0.231537 0.238989 0.247223 0.256221 0.265912 0.276153 0.286707 0.297232 0.307276 0.316305 0.323757 0.329128 0.332066 0.332454 0.330436 0.326390 0.320850 0.314414 0.307657 0.301081 0.295092 0.290005 0.286065 0.283472 0.282417 0.283112 0.285828 0.290942 0.299008 0.310851 0.327751 0.351742 0.386196 0.436992 0.515079 0.642648 0.869965 1.329237 2.443201 5.782000 11.345651 5.788064 2.455376 1.347616 0.894679 0.673868 0.553001 0.481828 0.438160 0.411032 0.394526 0.385214 0.380987 0.380489 0.382826 0.387427 0.393975 0.402402 0.412896 0.425945 0.442395 0.463545 0.491282 0.528303 0.578404 0.646834 0.740432 0.866694 1.029353 1.216342 1.381620 1.449779 1.378950 1.211130 1.021864 0.857338 0.729778 0.635619 0.567537 0.518846 0.484415 0.460476 0.444237 0.433526 0.426540 0.421699 0.417598 0.413056 0.407208 0.399605 0.390238 0.379473 0.367910 0.356233 0.345083 0.334996 0.326386 0.319570 0.314807 0.312340 0.312443 0.315465 0.321881 0.332346 0.347757 0.369319 0.398589 0.437424 0.487648 0.550075 0.622362 0.695680 0.752742 0.773147 0.747249 0.684650 0.605710 0.527669 0.459308 0.402921 0.357638 0.321573 0.292805 0.269706 0.250991 0.235680 0.223035 0.212499 0.203650 0.196170 0.189812 0.184389 0.179754 0.175790 0.172405 0.169525 0.167091 0.165050 0.163360 0.161982 0.160880 0.160021 0.159369 0.158891 0.158548 0.158299 0.158102 0.157910 0.157674 0.157345 0.156873 0.156213 0.155324 0.154174 0.152742 0.151016 0.148998 0.146702 0.144150 0.141373 0.138409 0.135296 0.132073 0.128779 0.125449 0.122114 0.118799 0.115527
0.144647 0.147773 0.150754 0.153575 0.156222 0.158691 0.160981 0.163101 0.165061 0.166875 0.168561 0.170138 0.171626 0.173044 0.174413 0.175756 0.177096 0.178457 0.179865 0.181350 0.182941 0.184673 0.186579 0.188698 0.191068 0.193730 0.196726 0.200100 0.203895 0.208153 0.212915 0.218214 0.224079 0.230519 0.237528 0.245064 0.253047 0.261344 0.269760 0.278035 0.285849 0.292844 0.298662 0.302990 0.305623 0.306492 0.305690 0.303453 0.300120 0.296087 0.291753 0.287488 0.283616 0.280413 0.278112 0.276928 0.277074 0.278791 0.282385 0.288268 0.297029 0.309546 0.327163 0.352028 0.387723 0.440578 0.522627 0.659071 0.910249 1.452261 2.998765 11.342359 11.345110 11.348361 3.010816 1.470456 0.934726 0.690008 0.560235 0.485092 0.439391 0.411102 0.393882 0.384127 0.379661 0.379114 0.381609 0.386603 0.393822 0.403242 0.415118 0.430037 0.449026 0.473715 0.506605 0.551528 0.614419 0.704621 0.836955 1.034205 1.326338 1.729541 2.165933 2.375634 2.163751 1.725358 1.320523 1.027333 0.829826 0.698280 0.610165 0.550900 0.511325 0.485577 0.469710 0.460830 0.456565 0.454767 0.453423 0.450744 0.445399 0.436743 0.424903 0.410641 0.395067 0.379334 0.364426 0.351079 0.339792 0.330897 0.324635 0.321231 0.320963 0.324233 0.331637 0.344068 0.362846 0.389905 0.428056 0.481264 0.554779 0.654392 0.782925 0.930658 1.060880 1.113550 1.055300 0.919448 0.765985 0.631569 0.525862 0.445981 0.386069 0.340800 0.306124 0.279136 0.257794 0.240660 0.226712 0.215217 0.205640 0.197589 0.190768 0.184954 0.179977 0.175704 0.172029 0.168871 0.166160 0.163842 0.161869 0.160198 0.158793 0.157617 0.156638 0.155819 0.155127 0.154525 0.153973 0.153434 0.152865 0.152227 0.151481 0.150589 0.149522 0.148253 0.146766 0.145050 0.143107 0.140945 0.138579 0.136033 0.133333 0.130508 0.127588 0.124603 0.121580 0.118545 0.115520 0.112523
0.146139 0.149231 0.152130 0.154815 0.157273 0.159503 0.161511 0.163313 0.164931 0.166389 0.167717 0.168944 0.170096 0.171202 0.172286 0.173374 0.174489 0.175654 0.176893 0.178231 0.179692 0.181303 0.183093 0.185089 0.187322 0.189824 0.192625 0.195756 0.199249 0.203131 0.207426 0.212154 0.217324 0.222930 0.228951 0.235339 0.242015 0.248865 0.255732 0.262420 0.268703 0.274337 0.279087 0.282756 0.285216 0.286430 0.286459 0.285458 0.283654 0.281314 0.278724 0.276162 0.273884 0.272125 0.271102 0.271024 0.272109 0.274607 0.278832 0.285204 0.294312 0.307016 0.324622 0.349190 0.384110 0.435279 0.513660 0.641452 0.868931 1.328312 2.442335 5.781149 11.344775 5.787125 2.454339 1.346449 0.893355 0.672364 0.551304 0.479936 0.436091 0.408828 0.392266 0.383019 0.379036 0.379020 0.382147 0.387909 0.396058 0.406595 0.419809 0.436363 0.457440 0.484981 0.522093 0.573790 0.648394 0.760346 0.936096 1.226865 1.734944 2.645812 4.069282 5.018368 4.067358 2.642194 1.730105 1.221549 0.931358 0.757587 0.649401 0.580731 0.537483 0.511552 0.497899 0.492989 0.493887 0.497736 0.501578 0.502546 0.498406 0.488141 0.472200 0.452193 0.430227 0.408280 0.387848 0.369891 0.354940 0.343258 0.334988 0.330269 0.329335 0.332600 0.340766 0.354964 0.376984 0.409648 0.457444 0.527570 0.631589 0.787419 1.018707 1.338171 1.683761 1.848753 1.678102 1.326796 1.001501 0.764205 0.602126 0.491541 0.414455 0.359210 0.318502 0.287723 0.263906 0.245098 0.229977 0.217630 0.207413 0.198861 0.191632 0.185475 0.180195 0.175646 0.171712 0.168303 0.165346 0.162779 0.160552 0.158622 0.156948 0.155497 0.154233 0.153123 0.152135 0.151234 0.150388 0.149562 0.148721 0.147833 0.146864 0.145787 0.144575 0.143209 0.141674 0.139962 0.138073 0.136012 0.133789 0.131421 0.128927 0.126330 0.123652 0.120916 0.118145 0.115358 0.112574 0.109809
0.148478 0.151597 0.154459 0.157038 0.159320 0.161308 0.163017 0.164473 0.165711 0.166772 0.167697 0.168527 0.169300 0.170051 0.170810 0.171605 0.172459 0.173394 0.174432 0.175592 0.176894 0.178360 0.180009 0.181863 0.183946 0.186278 0.188883 0.191782 0.194994 0.198538 0.202427 0.206666 0.211256 0.216181 0.221413 0.226904 0.232584 0.238354 0.244094 0.249656 0.254876 0.259588 0.263632 0.266880 0.269252 0.270726 0.271347 0.271219 0.270499 0.269377 0.268059 0.266758 0.265680 0.265024 0.264981 0.265749 0.267539 0.270595 0.275221 0.281817 0.290937 0.303371 0.320291 0.343498 0.375860 0.422152 0.490710 0.596896 0.770568 1.071479 1.608061 2.444498 3.003338 2.450478 1.620082 1.089662 0.795092 0.627998 0.528685 0.467348 0.428674 0.404371 0.389707 0.381848 0.379024 0.380099 0.384330 0.391251 0.400621 0.412431 0.426959 0.444884 0.467472 0.496878 0.536671 0.592805 0.675586 0.804019 1.016315 1.398655 2.177245 4.074862 9.775573 19.279519 9.773628 4.071246 2.172528 1.393750 1.012545 0.803197 0.680095 0.605657 0.561517 0.537910 0.529155 0.531422 0.541393 0.555379 0.568887 0.576950 0.575373 0.562313 0.539013 0.509006 0.476449 0.444768 0.416159 0.391724 0.371841 0.356523 0.345663 0.339205 0.337258 0.340189 0.348752 0.364275 0.388984 0.426599 0.483454 0.570753 0.709262 0.939461 1.342463 2.065543 3.195849 3.948572 3.190124 2.054029 1.325029 0.915907 0.679314 0.534050 0.439540 0.374908 0.328821 0.294789 0.268908 0.248730 0.232661 0.219629 0.208895 0.199936 0.192373 0.185928 0.180392 0.175605 0.171446 0.167816 0.164639 0.161851 0.159400 0.157239 0.155330 0.153637 0.152126 0.150765 0.149523 0.148370 0.147277 0.146211 0.145145 0.144051 0.142900 0.141670 0.140340 0.138893 0.137316 0.135603 0.133752 0.131767 0.129653 0.127424 0.125093 0.122677 0.120194 0.117660 0.115095 0.112513 0.109931 0.107361
0.151831 0.155048 0.157926 0.160429 0.162542 0.164271 0.165642 0.166699 0.167494 0.168087 0.168539 0.168905 0.169235 0.169574 0.169956 0.170411 0.170963 0.171633 0.172436 0.173390 0.174508 0.175805 0.177295 0.178994 0.180916 0.183077 0.185490 0.188169 0.191127 0.194371 0.197908 0.201735 0.205845 0.210219 0.214827 0.219622 0.224544 0.229512 0.234431 0.239191 0.243671 0.247754 0.251331 0.254316 0.256656 0.258338 0.259396 0.259905 0.259974 0.259742 0.259364 0.259003 0.258827 0.259003 0.259700 0.261096 0.263388 0.266804 0.271625 0.278213 0.287060 0.298845 0.314549 0.335614 0.364225 0.403777 0.459649 0.540421 0.659343 0.833877 1.073437 1.332420 1.458762 1.338427 1.085522 0.852182 0.684083 0.571882 0.498191 0.449834 0.418304 0.398295 0.386482 0.380744 0.379697 0.382412 0.388255 0.396795 0.407773 0.421116 0.437016 0.456072 0.479513 0.509549 0.549942 0.607067 0.692099 0.825999 1.052225 1.474246 2.393344 5.029613 19.284797 19.282957 19.282495 5.025315 2.387695 1.468306 1.047582 0.824908 0.697651 0.623360 0.582207 0.564183 0.563891 0.577953 0.603260 0.635390 0.667371 0.689815 0.693734 0.675136 0.637404 0.588847 0.538025 0.490818 0.450100 0.416683 0.390327 0.370422 0.356365 0.347739 0.344413 0.346626 0.355103 0.371271 0.397651 0.438634 0.502056 0.602669 0.770521 1.073829 1.692175 3.199964 7.730888 15.284901 7.725115 3.188347 1.674569 1.050009 0.740179 0.565401 0.457344 0.385834 0.335960 0.299699 0.272426 0.251330 0.234623 0.221125 0.210031 0.200779 0.192967 0.186300 0.180558 0.175576 0.171225 0.167405 0.164037 0.161054 0.158404 0.156040 0.153923 0.152017 0.150290 0.148711 0.147252 0.145884 0.144579 0.143313 0.142058 0.140791 0.139489 0.138132 0.136703 0.135186 0.133572 0.131855 0.130031 0.128102 0.126073 0.123952 0.121750 0.119479 0.117152 0.114784 0.112387 0.109975 0.107561 0.105156
0.156419 0.159832 0.162793 0.165254 0.167195 0.168627 0.169595 0.170164 0.170415 0.170436 0.170310 0.170116 0.169917 0.169767 0.169706 0.169766 0.169969 0.170332 0.170868 0.171586 0.172496 0.173606 0.174923 0.176456 0.178213 0.180202 0.182431 0.184906 0.187634 0.190617 0.193853 0.197337 0.201056 0.204989 0.209106 0.213367 0.217717 0.222093 0.226419 0.230609 0.234577 0.238236 0.241510 0.244339 0.246687 0.248546 0.249942 0.250928 0.251585 0.252016 0.252339 0.252682 0.253182 0.253979 0.255220 0.257065 0.259689 0.263298 0.268141 0.274533 0.282886 0.293756 0.307906 0.326404 0.350762 0.383123 0.426478 0.484752 0.562266 0.661153 0.774317 0.874800 0.918474 0.880847 0.786495 0.679630 0.587298 0.516687 0.465757 0.430287 0.406453 0.391374 0.383012 0.379960 0.381240 0.386160 0.394205 0.404971 0.418137 0.433490 0.451022 0.471103 0.494762 0.524059 0.562647 0.616718 0.696899 0.822518 1.032059 1.411897 2.188353 4.084266 9.783725 19.286878 9.780665 4.078459 2.180475 1.403095 1.024128 0.818135 0.699933 0.632584 0.598682 0.589850 0.602304 0.634501 0.685105 0.750166 0.819284 0.873328 0.890044 0.858806 0.789640 0.704137 0.620617 0.548416 0.489989 0.444458 0.409918 0.384488 0.366687 0.355518 0.350481 0.351584 0.359425 0.375391 0.402060 0.444044 0.509743 0.615347 0.794970 1.130498 1.861148 3.956663 15.288878 15.285855 15.283082 3.944991 1.843441 1.106511 0.764360 0.577665 0.464414 0.390343 0.339080 0.301999 0.274204 0.252749 0.235776 0.222064 0.210789 0.201373 0.193405 0.186586 0.180693 0.175557 0.171049 0.167069 0.163535 0.160382 0.157556 0.155013 0.152712 0.150619 0.148703 0.146934 0.145286 0.143732 0.142248 0.140810 0.139395 0.137982 0.136553 0.135088 0.133574 0.131997 0.130349 0.128624 0.126818 0.124931 0.122967 0.120931 0.118831 0.116676 0.114476 0.112242 0.109984 0.107714 0.105441 0.103174
0.162555 0.166298 0.169436 0.171895 0.173649 0.174718 0.175172 0.175114 0.174668 0.173960 0.173109 0.172220 0.171375 0.170636 0.170051 0.169648 0.169447 0.169460 0.169692 0.170148 0.170828 0.171733 0.172865 0.174224 0.175814 0.177635 0.179689 0.181979 0.184503 0.187260 0.190244 0.193445 0.196849 0.200434 0.204173 0.208028 0.211954 0.215899 0.219801 0.223596 0.227216 0.230599 0.233687 0.236438 0.238826 0.240845 0.242514 0.243872 0.244978 0.245911 0.246763 0.247635 0.248638 0.249891 0.251522 0.253668 0.256484 0.260151 0.264880 0.270935 0.278650 0.288451 0.300900 0.316732 0.336902 0.362622 0.395316 0.436385 0.486482 0.543937 0.602306 0.648924 0.668838 0.655012 0.614581 0.562599 0.511838 0.468851 0.435430 0.411052 0.394457 0.384373 0.379750 0.379790 0.383907 0.391651 0.402641 0.416492 0.432777 0.451031 0.470863 0.492188 0.515592 0.542777 0.577063 0.624048 0.692823 0.798576 0.968356 1.253778 1.757356 2.664657 4.085519 5.032948 4.081237 2.656368 1.745680 1.239830 0.953993 0.786766 0.688159 0.633406 0.610401 0.614048 0.643736 0.702046 0.793207 0.918932 1.067953 1.200450 1.251871 1.186276 1.039036 0.874078 0.730464 0.618477 0.535048 0.473974 0.429676 0.397998 0.376094 0.362150 0.355162 0.354817 0.361486 0.376364 0.401819 0.442136 0.505082 0.605356 0.772971 1.076118 1.694359 3.202084 7.732972 15.286970 7.727182 3.190418 1.676644 1.052086 0.742251 0.567456 0.459370 0.387815 0.337879 0.301537 0.274164 0.252948 0.236101 0.222443 0.211170 0.201720 0.193692 0.186792 0.180801 0.175553 0.170923 0.166809 0.163134 0.159833 0.156853 0.154151 0.151687 0.149428 0.147345 0.145409 0.143596 0.141880 0.140240 0.138654 0.137102 0.135564 0.134025 0.132468 0.130880 0.129251 0.127571 0.125835 0.124040 0.122185 0.120270 0.118301 0.116282 0.114220 0.112123 0.109998 0.107855 0.105702 0.103547 0.101397
0.170674 0.174944 0.178394 0.180907 0.182441 0.183034 0.182798 0.181897 0.180519 0.178852 0.177066 0.175296 0.173648 0.172195 0.170982 0.170036 0.169369 0.168984 0.168876 0.169041 0.169470 0.170157 0.171093 0.172275 0.173698 0.175357 0.177249 0.179370 0.181716 0.184281 0.187056 0.190029 0.193185 0.196502 0.199954 0.203509 0.207129 0.210769 0.214380 0.217910 0.221309 0.224525 0.227517 0.230251 0.232707 0.234880 0.236782 0.238440 0.239901 0.241223 0.242478 0.243747 0.245122 0.246703 0.248599 0.250928 0.253826 0.257444 0.261960 0.267587 0.274582 0.283263 0.294018 0.307319 0.323720 0.343825 0.368183 0.397046 0.429908 0.464807 0.497685 0.522606 0.533770 0.528725 0.510038 0.483631 0.455564 0.430032 0.409147 0.393584 0.383280 0.377900 0.377075 0.380501 0.387951 0.399244 0.414168 0.432387 0.453329 0.476134 0.499735 0.523180 0.546217 0.569952 0.597345 0.633472 0.685820 0.765144 0.887284 1.075625 1.360405 1.757871 2.190100 2.397146 2.184077 1.745995 1.343100 1.053753 0.862475 0.740324 0.666006 0.626893 0.616911 0.635146 0.685631 0.778323 0.930753 1.167081 1.500123 1.863079 2.034797 1.849427 1.472299 1.123994 0.870636 0.698545 0.582398 0.503030 0.448099 0.409964 0.383946 0.367223 0.358201 0.356185 0.361246 0.374268 0.397182 0.433506 0.489437 0.576080 0.714132 0.944021 1.346823 2.069783 3.200026 3.952725 3.194278 2.058196 1.329211 0.920096 0.683494 0.538201 0.443635 0.378914 0.332704 0.298510 0.272429 0.252010 0.235658 0.222305 0.211210 0.201851 0.193853 0.186937 0.180898 0.175577 0.170854 0.166633 0.162838 0.159408 0.156292 0.153448 0.150839 0.148432 0.146200 0.144116 0.142156 0.140298 0.138522 0.136806 0.135134 0.133489 0.131854 0.130216 0.128564 0.126887 0.125178 0.123429 0.121640 0.119806 0.117929 0.116012 0.114057 0.112070 0.110055 0.108021 0.105972 0.103916 0.101859 0.099808
0.181396 0.186501 0.190471 0.193118 0.194371 0.194299 0.193086 0.190998 0.188332 0.185369 0.182345 0.179443 0.176787 0.174456 0.172492 0.170909 0.169706 0.168871 0.168386 0.168233 0.168392 0.168847 0.169582 0.170585 0.171843 0.173347 0.175089 0.177061 0.179254 0.181659 0.184265 0.187059 0.190024 0.193142 0.196386 0.199729 0.203138 0.206575 0.210000 0.213371 0.216646 0.219784 0.222751 0.225520 0.228072 0.230401 0.232514 0.234429 0.236180 0.237810 0.239377 0.240946 0.242593 0.244401 0.246464 0.248884 0.251775 0.255265 0.259499 0.264646 0.270899 0.278481 0.287651 0.298691 0.311891 0.327503 0.345644 0.366136 0.388270 0.410557 0.430631 0.445595 0.452947 0.451720 0.443017 0.429477 0.414146 0.399554 0.387377 0.378537 0.373462 0.372329 0.375230 0.382262 0.393562 0.409280 0.429486 0.454009 0.482186 0.512603 0.543025 0.570818 0.594048 0.612837 0.630117 0.651272 0.683211 0.733700 0.811148 0.923780 1.075504 1.254140 1.413431 1.477760 1.405123 1.237491 1.050530 0.890744 0.770939 0.688522 0.637735 0.614419 0.617585 0.650458 0.722524 0.854230 1.087590 1.508364 2.273216 3.474767 4.274568 3.461784 2.246790 1.467535 1.030813 0.779241 0.626117 0.528162 0.463177 0.419212 0.389554 0.370345 0.359408 0.355661 0.358851 0.369489 0.388949 0.419773 0.466252 0.535445 0.638819 0.794216 1.025229 1.344534 1.690048 1.855021 1.684386 1.333112 1.007851 0.770575 0.608492 0.497871 0.420704 0.365331 0.324440 0.293418 0.269299 0.250126 0.234578 0.221742 0.210976 0.201817 0.193926 0.187054 0.181010 0.175649 0.170858 0.166550 0.162654 0.159110 0.155873 0.152901 0.150161 0.147621 0.145254 0.143037 0.140946 0.138962 0.137064 0.135234 0.133456 0.131715 0.129996 0.128287 0.126577 0.124857 0.123119 0.121357 0.119568 0.117749 0.115900 0.114023 0.112118 0.110191 0.108243 0.106282 0.104310 0.102335 0.100361 0.098393
0.195625 0.202056 0.206888 0.209796 0.210659 0.209595 0.206929 0.203106 0.198601 0.193838 0.189150 0.184770 0.180839 0.177430 0.174566 0.172240 0.170424 0.169085 0.168184 0.167688 0.167561 0.167775 0.168304 0.169127 0.170226 0.171586 0.173192 0.175032 0.177096 0.179371 0.181846 0.184505 0.187332 0.190309 0.193413 0.196619 0.199897 0.203217 0.206543 0.209841 0.213074 0.216208 0.219213 0.222064 0.224743 0.227240 0.229556 0.231703 0.233703 0.235588 0.237402 0.239198 0.241039 0.242996 0.245148 0.247584 0.250401 0.253705 0.257615 0.262260 0.267783 0.274338 0.282087 0.291186 0.301768 0.313897 0.327507 0.342311 0.357696 0.372653 0.385821 0.395719 0.401184 0.401812 0.398160 0.391553 0.383643 0.375986 0.369815 0.366011 0.365185 0.367798 0.374276 0.385083 0.400767 0.421955 0.449249 0.482981 0.522711 0.566477 0.610108 0.647496 0.672859 0.684344 0.685942 0.685722 0.692340 0.712752 0.751558 0.810487 0.886464 0.967946 1.032715 1.054723 1.021601 0.945356 0.851721 0.762743 0.690137 0.637899 0.606722 0.597145 0.611607 0.656566 0.746273 0.911675 1.224772 1.876711 3.480451 8.314299 16.377948 8.302101 3.455659 1.838507 1.171853 0.842161 0.657561 0.545132 0.472735 0.424584 0.392299 0.371210 0.358685 0.353325 0.354585 0.362606 0.378207 0.402983 0.439502 0.491561 0.564287 0.663380 0.791593 0.939153 1.069309 1.121983 1.063781 0.927995 0.774598 0.640229 0.534533 0.454617 0.394608 0.349175 0.314257 0.286947 0.265199 0.247572 0.233045 0.220886 0.210564 0.201689 0.193968 0.187184 0.181168 0.175793 0.170955 0.166576 0.162591 0.158946 0.155598 0.152509 0.149648 0.146985 0.144496 0.142157 0.139948 0.137849 0.135842 0.133910 0.132038 0.130211 0.128417 0.126644 0.124881 0.123120 0.121354 0.119577 0.117785 0.115975 0.114147 0.112300 0.110435 0.108554 0.106661 0.104759 0.102851 0.100942 0.099036 0.097137
0.214700 0.223290 0.229574 0.232962 0.233230 0.230599 0.225661 0.219196 0.211983 0.204669 0.197711 0.191389 0.185841 0.181110 0.177175 0.173986 0.171478 0.169580 0.168230 0.167367 0.166941 0.166908 0.167230 0.167878 0.168825 0.170050 0.171535 0.173264 0.175222 0.177397 0.179773 0.182337 0.185073 0.187962 0.190985 0.194119 0.197338 0.200614 0.203917 0.207217 0.210481 0.213679 0.216781 0.219762 0.222603 0.225289 0.227816 0.230186 0.232411 0.234516 0.236531 0.238501 0.240477 0.242520 0.244699 0.247092 0.249781 0.252857 0.256417 0.260560 0.265390 0.271012 0.277521 0.284998 0.293484 0.302956 0.313289 0.324209 0.335253 0.345768 0.354961 0.362050 0.366467 0.368054 0.367142 0.364481 0.361051 0.357868 0.355854 0.355795 0.358374 0.364237 0.374086 0.388761 0.409327 0.437135 0.473791 0.520908 0.579319 0.647351 0.718132 0.778016 0.810938 0.809704 0.782906 0.748021 0.720087 0.707188 0.711635 0.731884 0.763094 0.796820 0.821666 0.826781 0.807325 0.767300 0.716683 0.665957 0.622736 0.591516 0.575031 0.575906 0.598362 0.650526 0.748897 0.929233 1.278437 2.051547 4.283855 16.381755 16.375450 16.370422 4.260860 2.016211 1.229696 0.865575 0.668281 0.550277 0.475050 0.425230 0.391767 0.369654 0.356043 0.349351 0.348813 0.354268 0.366063 0.385026 0.412445 0.449986 0.499334 0.561200 0.633160 0.706325 0.763357 0.783816 0.758021 0.695545 0.616722 0.538771 0.470451 0.414041 0.368654 0.332395 0.303332 0.279830 0.260601 0.244664 0.231281 0.219896 0.210092 0.201556 0.194047 0.187381 0.181416 0.176041 0.171169 0.166728 0.162662 0.158923 0.155471 0.152273 0.149298 0.146520 0.143917 0.141465 0.139147 0.136942 0.134835 0.132810 0.130852 0.128948 0.127086 0.125254 0.123443 0.121644 0.119851 0.118057 0.116259 0.114454 0.112639 0.110814 0.108980 0.107136 0.105286 0.103431 0.101575 0.099721 0.097871 0.096030
0.240658 0.252884 0.261707 0.265979 0.265260 0.259990 0.251315 0.240664 0.229352 0.218353 0.208269 0.199391 0.191801 0.185460 0.180265 0.176090 0.172809 0.170305 0.168475 0.167229 0.166496 0.166214 0.166332 0.166810 0.167614 0.168718 0.170097 0.171734 0.173610 0.175712 0.178023 0.180530 0.183216 0.186066 0.189062 0.192182 0.195404 0.198704 0.202054 0.205426 0.208790 0.212116 0.215376 0.218540 0.221586 0.224493 0.227250 0.229849 0.232295 0.234600 0.236788 0.238891 0.240955 0.243033 0.245187 0.247485 0.250003 0.252819 0.256012 0.259664 0.263849 0.268637 0.274085 0.280224 0.287050 0.294507 0.302463 0.310693 0.318868 0.326568 0.333330 0.338731 0.342492 0.344572 0.345205 0.344871 0.344215 0.343956 0.344822 0.347527 0.352793 0.361413 0.374345 0.392839 0.418616 0.454086 0.502604 0.568574 0.656865 0.769970 0.900236 1.018143 1.075284 1.044976 0.954754 0.853836 0.772427 0.718587 0.689688 0.679787 0.682047 0.689182 0.693946 0.690497 0.676146 0.652134 0.622658 0.592909 0.567527 0.550130 0.543696 0.551426 0.577978 0.631435 0.727180 0.896927 1.213195 1.867478 3.472973 8.308148 16.372807 8.297728 3.451866 1.835137 1.168772 0.839243 0.654680 0.542151 0.469494 0.420881 0.387874 0.365710 0.351615 0.343979 0.341925 0.345081 0.353450 0.367318 0.387153 0.413431 0.446276 0.484820 0.526244 0.564890 0.592561 0.601245 0.587480 0.554618 0.510558 0.463377 0.418600 0.378897 0.344963 0.316462 0.292656 0.272737 0.255968 0.241730 0.229521 0.218945 0.209691 0.201519 0.194239 0.187705 0.181800 0.176432 0.171528 0.167028 0.162883 0.159052 0.155498 0.152193 0.149109 0.146221 0.143509 0.140951 0.138530 0.136227 0.134028 0.131917 0.129880 0.127904 0.125979 0.124092 0.122236 0.120401 0.118581 0.116770 0.114964 0.113159 0.111352 0.109543 0.107731 0.105916 0.104100 0.102284 0.100469 0.098659 0.096855 0.095061
0.276670 0.295307 0.308810 0.314787 0.312272 0.302231 0.287054 0.269499 0.251816 0.235430 0.221031 0.208806 0.198667 0.190397 0.183746 0.178467 0.174345 0.171194 0.168863 0.167227 0.166185 0.165657 0.165578 0.165897 0.166571 0.167567 0.168858 0.170422 0.172240 0.174294 0.176571 0.179055 0.181733 0.184588 0.187606 0.190767 0.194052 0.197439 0.200903 0.204416 0.207950 0.211473 0.214955 0.218364 0.221669 0.224843 0.227863 0.230715 0.233390 0.235891 0.238233 0.240442 0.242556 0.244624 0.246704 0.248862 0.251167 0.253692 0.256508 0.259680 0.263268 0.267319 0.271862 0.276905 0.282422 0.288347 0.294562 0.300892 0.307109 0.312944 0.318125 0.322422 0.325710 0.328008 0.329506 0.330552 0.331620 0.333266 0.336104 0.340803 0.348123 0.358981 0.374582 0.396608 0.427543 0.471194 0.533561 0.624186 0.757777 0.953715 1.222523 1.514022 1.660561 1.536475 1.267907 1.022932 0.852012 0.744663 0.681145 0.645815 0.627514 0.618016 0.611106 0.602458 0.589902 0.573469 0.554912 0.536872 0.522156 0.513407 0.513211 0.524555 0.551631 0.601195 0.685078 0.825276 1.064831 1.490190 2.258477 3.462629 4.264413 3.453141 2.239289 1.460872 1.024724 0.773480 0.620437 0.522296 0.456812 0.411958 0.380905 0.359617 0.345647 0.337504 0.334302 0.335557 0.341054 0.350748 0.364642 0.382636 0.404274 0.428417 0.452884 0.474315 0.488638 0.492314 0.483886 0.464699 0.438173 0.408258 0.378180 0.349970 0.324598 0.302312 0.282962 0.266220 0.251712 0.239077 0.227999 0.218213 0.209501 0.201687 0.194632 0.188224 0.182373 0.177006 0.172064 0.167500 0.163272 0.159345 0.155688 0.152275 0.149082 0.146086 0.143267 0.140607 0.138087 0.135692 0.133405 0.131213 0.129102 0.127060 0.125075 0.123138 0.121239 0.119370 0.117523 0.115694 0.113877 0.112069 0.110266 0.108467 0.106672 0.104878 0.103088 0.101301 0.099519 0.097745 0.095978 0.094223
0.327764 0.358364 0.381157 0.390665 0.384538 0.365125 0.337907 0.308483 0.280688 0.256387 0.236078 0.219544 0.206290 0.195770 0.187481 0.181002 0.175989 0.172170 0.169333 0.167308 0.165966 0.165203 0.164939 0.165111 0.165669 0.166575 0.167796 0.169308 0.171089 0.173123 0.175394 0.177889 0.180595 0.183499 0.186586 0.189842 0.193248 0.196784 0.200429 0.204154 0.207932 0.211729 0.215510 0.219236 0.222869 0.226371 0.229708 0.232852 0.235781 0.238489 0.240979 0.243272 0.245402 0.247415 0.249372 0.251340 0.253388 0.255590 0.258012 0.260714 0.263746 0.267141 0.270916 0.275061 0.279543 0.284295 0.289218 0.294176 0.299011 0.303549 0.307631 0.311138 0.314026 0.316353 0.318287 0.320113 0.322211 0.325050 0.329176 0.335237 0.344021 0.356550 0.374240 0.399175 0.434601 0.485855 0.562205 0.680670 0.874279 1.209062 1.804788 2.732400 3.354651 2.751015 1.842256 1.265806 0.950797 0.777352 0.679069 0.622223 0.588763 0.568164 0.553855 0.541746 0.529653 0.516958 0.504232 0.492796 0.484335 0.480691 0.483883 0.496333 0.521327 0.563753 0.631290 0.736221 0.897584 1.140530 1.478544 1.845274 2.019877 1.836714 1.461259 1.114187 0.861681 0.690086 0.574080 0.494466 0.438838 0.399450 0.371458 0.351789 0.338475 0.330245 0.326287 0.326088 0.329325 0.335775 0.345217 0.357315 0.371479 0.386704 0.401467 0.413770 0.421463 0.422816 0.417127 0.404980 0.387984 0.368167 0.347389 0.327027 0.307918 0.290457 0.274743 0.260702 0.248176 0.236982 0.226937 0.217878 0.209663 0.202175 0.195318 0.189012 0.183193 0.177808 0.172813 0.168171 0.163848 0.159816 0.156049 0.152523 0.149218 0.146112 0.143188 0.140426 0.137810 0.135325 0.132954 0.130685 0.128504 0.126399 0.124359 0.122374 0.120433 0.118531 0.116658 0.114810 0.112980 0.111166 0.109363 0.107570 0.105785 0.104007 0.102236 0.100472 0.098716 0.096968 0.095231 0.093506
0.401973 0.456446 0.499552 0.517235 0.502859 0.463062 0.411899 0.361275 0.317256 0.281433 0.253213 0.231303 0.214383 0.201336 0.191281 0.183546 0.177628 0.173146 0.169815 0.167418 0.165793 0.164813 0.164382 0.164426 0.164886 0.165719 0.166889 0.168369 0.170137 0.172175 0.174470 0.177008 0.179779 0.182772 0.185976 0.189377 0.192962 0.196713 0.200609 0.204625 0.208730 0.212887 0.217057 0.221193 0.225244 0.229159 0.232887 0.236384 0.239612 0.242551 0.245194 0.247554 0.249664 0.251575 0.253351 0.255068 0.256804 0.258638 0.260640 0.262871 0.265377 0.268185 0.271302 0.274711 0.278372 0.282222 0.286172 0.290117 0.293940 0.297530 0.300791 0.303669 0.306171 0.308374 0.310444 0.312629 0.315261 0.318758 0.323628 0.330499 0.340177 0.353750 0.372777 0.399628 0.438130 0.494862 0.581988 0.724068 0.976653 1.485731 2.717951 6.406391 12.551124 6.421708 2.748675 1.532005 1.038590 0.801627 0.674817 0.602119 0.558327 0.530559 0.511596 0.497236 0.485164 0.474385 0.464848 0.457138 0.452233 0.451364 0.455985 0.467877 0.489339 0.523494 0.574621 0.648317 0.750727 0.884812 1.040134 1.177434 1.232541 1.169780 1.024699 0.861344 0.718849 0.607532 0.524320 0.462977 0.417845 0.384638 0.360311 0.342747 0.330487 0.322530 0.318184 0.316967 0.318527 0.322568 0.328786 0.336787 0.346012 0.355675 0.364735 0.371976 0.376188 0.376446 0.372365 0.364208 0.352775 0.339148 0.324409 0.309450 0.294897 0.281124 0.268309 0.256496 0.245649 0.235695 0.226547 0.218116 0.210323 0.203101 0.196391 0.190145 0.184322 0.178888 0.173812 0.169068 0.164631 0.160479 0.156589 0.152942 0.149519 0.146299 0.143266 0.140403 0.137692 0.135118 0.132666 0.130323 0.128074 0.125909 0.123816 0.121784 0.119805 0.117869 0.115970 0.114102 0.112259 0.110436 0.108631 0.106839 0.105060 0.103292 0.101534 0.099787 0.098049 0.096323 0.094608 0.092907
0.511699 0.617529 0.711114 0.751056 0.714357 0.624017 0.521432 0.431904 0.362108 0.310065 0.271744 0.243478 0.222480 0.206755 0.194898 0.185924 0.179133 0.174025 0.170237 0.167502 0.165623 0.164452 0.163878 0.163814 0.164197 0.164977 0.166116 0.167586 0.169362 0.171430 0.173775 0.176388 0.179260 0.182382 0.185748 0.189349 0.193173 0.197207 0.201432 0.205824 0.210352 0.214975 0.219646 0.224308 0.228895 0.233336 0.237561 0.241501 0.245098 0.248310 0.251119 0.253531 0.255580 0.257326 0.258847 0.260233 0.261581 0.262983 0.264522 0.266266 0.268261 0.270534 0.273083 0.275887 0.278900 0.282055 0.285269 0.288452 0.291511 0.294367 0.296966 0.299290 0.301376 0.303319 0.305283 0.307502 0.310281 0.314007 0.319158 0.326343 0.336358 0.350305 0.369786 0.397269 0.436795 0.495421 0.586490 0.737870 1.016207 1.615910 3.324698 12.536062 12.541828 12.548579 3.349738 1.653458 1.066174 0.800015 0.660326 0.580124 0.531139 0.499615 0.478164 0.462594 0.450549 0.440849 0.433109 0.427488 0.424508 0.424944 0.429773 0.440190 0.457653 0.483935 0.521072 0.571031 0.634674 0.709473 0.785968 0.845666 0.866748 0.838885 0.772309 0.688747 0.606601 0.535247 0.477139 0.431361 0.395920 0.368793 0.348274 0.333037 0.322081 0.314667 0.310245 0.308400 0.308794 0.311128 0.315088 0.320299 0.326293 0.332474 0.338133 0.342500 0.344852 0.344651 0.341659 0.335986 0.328041 0.318413 0.307735 0.296570 0.285357 0.274394 0.263860 0.253844 0.244375 0.235445 0.227031 0.219103 0.211631 0.204589 0.197954 0.191705 0.185824 0.180294 0.175099 0.170220 0.165643 0.161349 0.157320 0.153538 0.149986 0.146646 0.143501 0.140533 0.137725 0.135063 0.132531 0.130115 0.127802 0.125579 0.123434 0.121358 0.119340 0.117373 0.115448 0.113559 0.111701 0.109868 0.108056 0.106263 0.104486 0.102723 0.100974 0.099237 0.097513 0.095801 0.094102 0.092418
0.673294 0.897614 1.139775 1.257201 1.142960 0.903986 0.682856 0.522345 0.413649 0.340414 0.290237 0.255086 0.229929 0.211594 0.198045 0.187937 0.180366 0.174709 0.170527 0.167504 0.165414 0.164086 0.163397 0.163252 0.163580 0.164329 0.165458 0.166938 0.168746 0.170867 0.173289 0.176006 0.179013 0.182305 0.185880 0.189734 0.193860 0.198251 0.202892 0.207759 0.212823 0.218039 0.223352 0.228691 0.233971 0.239097 0.243966 0.248479 0.252545 0.256097 0.259097 0.261544 0.263478 0.264973 0.266130 0.267072 0.267921 0.268797 0.269804 0.271022 0.272505 0.274278 0.276337 0.278650 0.281160 0.283791 0.286457 0.289065 0.291532 0.293792 0.295812 0.297598 0.299207 0.300748 0.302391 0.304365 0.306962 0.310547 0.315571 0.322613 0.332433 0.346084 0.365099 0.391827 0.430077 0.486409 0.572967 0.714290 0.965895 1.473734 2.704408 6.390940 12.533338 6.401094 2.724677 1.504022 1.006016 0.763921 0.631601 0.553303 0.504236 0.472018 0.449918 0.434085 0.422294 0.413337 0.406674 0.402222 0.400209 0.401081 0.405444 0.414031 0.427676 0.447258 0.473549 0.506866 0.546407 0.589245 0.629398 0.658150 0.666976 0.652202 0.617430 0.571116 0.521909 0.475732 0.435463 0.401870 0.374624 0.352967 0.336067 0.323165 0.313626 0.306936 0.302684 0.300530 0.300184 0.301373 0.303810 0.307175 0.311090 0.315113 0.318752 0.321501 0.322904 0.322619 0.320481 0.316520 0.310941 0.304060 0.296240 0.287826 0.279106 0.270298 0.261551 0.252960 0.244584 0.236456 0.228597 0.221022 0.213743 0.206771 0.200114 0.193778 0.187767 0.182080 0.176713 0.171657 0.166904 0.162439 0.158248 0.154315 0.150622 0.147152 0.143888 0.140811 0.137905 0.135154 0.132542 0.130055 0.127678 0.125398 0.123204 0.121085 0.119031 0.117032 0.115082 0.113172 0.111297 0.109452 0.107632 0.105834 0.104056 0.102294 0.100548 0.098817 0.097100 0.095398 0.093710 0.092037
0.895564 1.398329 2.181813 2.704667 2.184946 1.404598 0.904972 0.625919 0.465808 0.368641 0.306438 0.264808 0.235943 0.215374 0.200417 0.189388 0.181195 0.175106 0.170618 0.167376 0.165126 0.163684 0.162914 0.162716 0.163015 0.163754 0.164894 0.166405 0.168266 0.170464 0.172989 0.175840 0.179015 0.182516 0.186346 0.190510 0.195006 0.199835 0.204987 0.210445 0.216180 0.222147 0.228281 0.234495 0.240681 0.246708 0.252432 0.257706 0.262393 0.266383 0.269613 0.272071 0.273807 0.274923 0.275561 0.275888 0.276077 0.276287 0.276653 0.277279 0.278227 0.279526 0.281162 0.283090 0.285236 0.287503 0.289785 0.291976 0.293981 0.295737 0.297216 0.298437 0.299475 0.300457 0.301563 0.303027 0.305137 0.308242 0.312768 0.319249 0.328383 0.341122 0.358829 0.383548 0.418491 0.468964 0.544193 0.661154 0.852812 1.185120 1.777750 2.701526 3.319065 2.709690 1.794015 1.209353 0.884787 0.700529 0.590481 0.521516 0.476494 0.446047 0.424786 0.409501 0.398267 0.389970 0.384035 0.380254 0.378674 0.379516 0.383115 0.389874 0.400210 0.414475 0.432811 0.454918 0.479711 0.504958 0.527142 0.541967 0.545697 0.536812 0.516778 0.489279 0.458563 0.428102 0.400097 0.375608 0.354927 0.337919 0.324256 0.313554 0.305438 0.299573 0.295666 0.293457 0.292708 0.293188 0.294658 0.296853 0.299479 0.302210 0.304699 0.306601 0.307611 0.307497 0.306130 0.303494 0.299673 0.294825 0.289141 0.282815 0.276019 0.268893 0.261548 0.254067 0.246521 0.238970 0.231470 0.224073 0.216830 0.209788 0.202986 0.196456 0.190222 0.184298 0.178693 0.173407 0.168434 0.163764 0.159383 0.155277 0.151427 0.147816 0.144424 0.141234 0.138227 0.135385 0.132693 0.130135 0.127695 0.125361 0.123119 0.120958 0.118868 0.116839 0.114863 0.112932 0.111040 0.109181 0.107351 0.105546 0.103763 0.101999 0.100252 0.098523 0.096808 0.095110 0.093427 0.091759
1.135732 2.179823 5.309124 10.523636 5.312212 2.186001 1.145004 0.717323 0.506679 0.389141 0.317586 0.271210 0.239737 0.217641 0.201741 0.190105 0.181507 0.175140 0.170457 0.167077 0.164729 0.163221 0.162408 0.162187 0.162482 0.163236 0.164408 0.165970 0.167904 0.170200 0.172853 0.175864 0.179240 0.182989 0.187122 0.191653 0.196591 0.201945 0.207719 0.213902 0.220472 0.227385 0.234570 0.241923 0.249303 0.256536 0.263417 0.269728 0.275260 0.279839 0.283357 0.285788 0.287199 0.287739 0.287617 0.287077 0.286364 0.285698 0.285263 0.285191 0.285561 0.286400 0.287683 0.289343 0.291276 0.293350 0.295422 0.297350 0.299013 0.300330 0.301270 0.301861 0.302196 0.302427 0.302756 0.303434 0.304753 0.307053 0.310732 0.316275 0.324293 0.335602 0.351330 0.373108 0.403376 0.445897 0.506618 0.595014 0.725701 0.917939 1.182096 1.467804 1.607177 1.474285 1.194988 0.937094 0.750881 0.625882 0.542723 0.486667 0.448130 0.421077 0.401700 0.387578 0.377182 0.369572 0.364213 0.360854 0.359437 0.360038 0.362809 0.367935 0.375579 0.385808 0.398494 0.413179 0.428923 0.444196 0.456944 0.464932 0.466362 0.460530 0.448100 0.430829 0.410917 0.390387 0.370741 0.352903 0.337321 0.324123 0.313245 0.304526 0.297768 0.292767 0.289323 0.287247 0.286354 0.286460 0.287374 0.288887 0.290777 0.292802 0.294716 0.296278 0.297273 0.297533 0.296947 0.295467 0.293104 0.289908 0.285953 0.281319 0.276083 0.270314 0.264078 0.257443 0.250481 0.243275 0.235913 0.228487 0.221088 0.213801 0.206697 0.199836 0.193261 0.187003 0.181079 0.175495 0.170249 0.165332 0.160730 0.156426 0.152401 0.148635 0.145106 0.141796 0.138684 0.135750 0.132978 0.130349 0.127848 0.125460 0.123172 0.120972 0.118847 0.116789 0.114787 0.112835 0.110925 0.109052 0.107210 0.105395 0.103604 0.101834 0.100083 0.098350 0.096634 0.094934 0.093251 0.091584
1.251222 2.700747 10.521709 10.523222 10.524756 2.706844 1.260373 0.755158 0.522202 0.396432 0.321286 0.273142 0.240715 0.218066 0.201825 0.189970 0.181225 0.174758 0.170005 0.166578 0.164201 0.162676 0.161861 0.161649 0.161966 0.162756 0.163980 0.165613 0.167640 0.170054 0.172856 0.176054 0.179661 0.183695 0.188178 0.193135 0.198589 0.204566 0.211083 0.218148 0.225750 0.233854 0.242387 0.251229 0.260204 0.269077 0.277556 0.285318 0.292038 0.297436 0.301329 0.303669 0.304550 0.304204 0.302950 0.301154 0.299173 0.297322 0.295849 0.294926 0.294649 0.295039 0.296055 0.297593 0.299504 0.301599 0.303674 0.305524 0.306978 0.307914 0.308289 0.308139 0.307585 0.306817 0.306079 0.305655 0.305855 0.307018 0.309517 0.313779 0.320322 0.329805 0.343099 0.361404 0.386395 0.420438 0.466826 0.529877 0.614341 0.722541 0.846608 0.956739 1.004172 0.961794 0.856643 0.737404 0.633796 0.553599 0.494394 0.451340 0.420034 0.397121 0.380207 0.367634 0.358280 0.351412 0.346579 0.343532 0.342165 0.342466 0.344475 0.348244 0.353790 0.361046 0.369793 0.379593 0.389725 0.399179 0.406732 0.411158 0.411525 0.407474 0.399333 0.388004 0.374684 0.360572 0.346659 0.333648 0.321967 0.311827 0.303286 0.296308 0.290805 0.286662 0.283752 0.281943 0.281100 0.281084 0.281748 0.282937 0.284484 0.286216 0.287958 0.289539 0.290805 0.291626 0.291901 0.291559 0.290554 0.288858 0.286450 0.283314 0.279439 0.274824 0.269485 0.263468 0.256849 0.249734 0.242252 0.234543 0.226747 0.218992 0.211388 0.204023 0.196962 0.190248 0.183906 0.177946 0.172364 0.167152 0.162291 0.157761 0.153540 0.149604 0.145930 0.142493 0.139272 0.136244 0.133391 0.130692 0.128131 0.125692 0.123359 0.121120 0.118963 0.116876 0.114850 0.112877 0.110949 0.109060 0.107204 0.105377 0.103576 0.101797 0.100038 0.098298 0.096576 0.094870 0.093182 0.091511
1.135099 2.179154 5.308419 10.522892 5.311430 2.185180 1.144143 0.716423 0.505740 0.388163 0.316571 0.270159 0.238653 0.216525 0.200597 0.188937 0.180319 0.173937 0.169246 0.165865 0.163527 0.162039 0.161260 0.161090 0.161455 0.162302 0.163597 0.165318 0.167454 0.170004 0.172975 0.176383 0.180249 0.184603 0.189480 0.194921 0.200970 0.207671 0.215069 0.223195 0.232064 0.241663 0.251927 0.262730 0.273857 0.284996 0.295735 0.305585 0.314030 0.320613 0.325020 0.327154 0.327168 0.325430 0.322451 0.318795 0.314997 0.311503 0.308651 0.306658 0.305636 0.305595 0.306461 0.308082 0.310238 0.312656 0.315033 0.317065 0.318485 0.319110 0.318864 0.317800 0.316083 0.313974 0.311790 0.309873 0.308574 0.308239 0.309221 0.311889 0.316664 0.324047 0.334664 0.349324 0.369070 0.395217 0.429312 0.472869 0.526574 0.588537 0.651598 0.701718 0.722319 0.705554 0.659195 0.599742 0.541153 0.490508 0.449612 0.417697 0.393181 0.374459 0.360189 0.349331 0.341126 0.335041 0.330722 0.327952 0.326609 0.326636 0.328010 0.330707 0.334673 0.339786 0.345819 0.352406 0.359022 0.365001 0.369596 0.372102 0.372004 0.369106 0.363579 0.355916 0.346799 0.336954 0.327031 0.317539 0.308832 0.301124 0.294520 0.289046 0.284679 0.281362 0.279023 0.277574 0.276923 0.276972 0.277614 0.278740 0.280234 0.281976 0.283846 0.285726 0.287506 0.289083 0.290363 0.291255 0.291668 0.291502 0.290649 0.288996 0.286434 0.282880 0.278292 0.272690 0.266156 0.258835 0.250911 0.242593 0.234085 0.225574 0.217215 0.209129 0.201400 0.194083 0.187206 0.180776 0.174788 0.169225 0.164064 0.159278 0.154840 0.150720 0.146888 0.143319 0.139985 0.136862 0.133927 0.131160 0.128541 0.126052 0.123677 0.121402 0.119214 0.117100 0.115051 0.113057 0.111111 0.109205 0.107335 0.105494 0.103679 0.101888 0.100118 0.098366 0.096633 0.094918 0.093219 0.091538
0.894298 1.396991 2.180400 2.703179 2.183380 1.402954 0.903248 0.624115 0.463926 0.366681 0.304404 0.262701 0.233768 0.213136 0.198121 0.187043 0.178809 0.172690 0.168185 0.164941 0.162708 0.161305 0.160601 0.160501 0.160937 0.161862 0.163245 0.165069 0.167328 0.170029 0.173185 0.176820 0.180969 0.185674 0.190987 0.196969 0.203688 0.211221 0.219646 0.229036 0.239451 0.250917 0.263407 0.276803 0.290865 0.305191 0.319198 0.332142 0.343191 0.351565 0.356708 0.358437 0.357003 0.353030 0.347363 0.340899 0.334444 0.328634 0.323915 0.320551 0.318657 0.318220 0.319115 0.321121 0.323921 0.327117 0.330254 0.332862 0.334522 0.334933 0.333973 0.331717 0.328423 0.324473 0.320312 0.316387 0.313114 0.310864 0.309971 0.310748 0.313514 0.318623 0.326486 0.337593 0.352517 0.371882 0.396245 0.425837 0.460044 0.496646 0.531098 0.556777 0.567200 0.559564 0.536596 0.504702 0.470427 0.438233 0.410264 0.387054 0.368303 0.353393 0.341660 0.332513 0.325474 0.320182 0.316375 0.313879 0.312577 0.312395 0.313278 0.315167 0.317977 0.321575 0.325756 0.330232 0.334629 0.338502 0.341383 0.342849 0.342598 0.340517 0.336701 0.331430 0.325110 0.318193 0.311107 0.304213 0.297786 0.292014 0.287009 0.282825 0.279475 0.276941 0.275185 0.274158 0.273801 0.274052 0.274843 0.276103 0.277761 0.279744 0.281980 0.284395 0.286918 0.289472 0.291969 0.294305 0.296345 0.297918 0.298820 0.298818 0.297683 0.295218 0.291300 0.285916 0.279165 0.271252 0.262457 0.253088 0.243448 0.233800 0.224356 0.215273 0.206652 0.198553 0.191001 0.183995 0.177520 0.171547 0.166043 0.160970 0.156292 0.151972 0.147974 0.144266 0.140816 0.137597 0.134583 0.131749 0.129074 0.126538 0.124124 0.121816 0.119599 0.117460 0.115389 0.113376 0.111412 0.109489 0.107602 0.105746 0.103916 0.102109 0.100323 0.098557 0.096808 0.095077 0.093364 0.091668
0.671395 0.895606 1.137655 1.254966 1.140607 0.901513 0.680263 0.519632 0.410816 0.337465 0.287173 0.251912 0.226651 0.208220 0.194582 0.184398 0.176764 0.171059 0.166848 0.163820 0.161751 0.160478 0.159883 0.159879 0.160407 0.161426 0.162910 0.164849 0.167243 0.170105 0.173457 0.177336 0.181786 0.186866 0.192650 0.199222 0.206685 0.215156 0.224762 0.235638 0.247915 0.261699 0.277039 0.293875 0.311975 0.330854 0.349706 0.367392 0.382534 0.393755 0.400023 0.400979 0.397066 0.389398 0.379438 0.368649 0.358254 0.349141 0.341870 0.336730 0.333811 0.333048 0.334248 0.337099 0.341155 0.345842 0.350473 0.354307 0.356657 0.357018 0.355183 0.351283 0.345745 0.339184 0.332266 0.325614 0.319747 0.315072 0.311901 0.310484 0.311036 0.313769 0.318910 0.326704 0.337401 0.351205 0.368177 0.388050 0.409972 0.432227 0.452126 0.466387 0.472158 0.468266 0.455805 0.437551 0.416707 0.395878 0.376700 0.359944 0.345797 0.334126 0.324663 0.317107 0.311182 0.306659 0.303357 0.301142 0.299916 0.299602 0.300134 0.301440 0.303430 0.305976 0.308910 0.312009 0.315006 0.317601 0.319491 0.320413 0.320183 0.318730 0.316109 0.312487 0.308114 0.303276 0.298259 0.293319 0.288662 0.284443 0.280764 0.277690 0.275250 0.273449 0.272276 0.271708 0.271717 0.272271 0.273336 0.274879 0.276869 0.279278 0.282079 0.285245 0.288745 0.292533 0.296541 0.300654 0.304700 0.308431 0.311521 0.313579 0.314194 0.312998 0.309742 0.304360 0.296988 0.287945 0.277666 0.266624 0.255267 0.243967 0.233005 0.222573 0.212784 0.203690 0.195303 0.187603 0.180553 0.174107 0.168213 0.162822 0.157883 0.153349 0.149177 0.145326 0.141760 0.138446 0.135353 0.132456 0.129729 0.127150 0.124700 0.122362 0.120120 0.117959 0.115868 0.113836 0.111854 0.109914 0.108010 0.106136 0.104288 0.102463 0.100658 0.098872 0.097104 0.095353 0.093619 0.091902
0.509166 0.614850 0.708283 0.748069 0.711212 0.620710 0.517963 0.428272 0.358314 0.306112 0.267635 0.239220 0.218081 0.202223 0.190246 0.181165 0.174286 0.169110 0.165278 0.162530 0.160673 0.159567 0.159109 0.159224 0.159861 0.160986 0.162582 0.164644 0.167179 0.170209 0.173765 0.177895 0.182657 0.188130 0.194410 0.201613 0.209883 0.219387 0.230324 0.242916 0.257406 0.274033 0.292997 0.314389 0.338078 0.363559 0.389775 0.414994 0.436880 0.452894 0.461012 0.460485 0.452164 0.438177 0.421170 0.403592 0.387291 0.373445 0.362679 0.355238 0.351119 0.350166 0.352096 0.356490 0.362754 0.370077 0.377421 0.383594 0.387426 0.388029 0.385037 0.378704 0.369804 0.359386 0.348517 0.338097 0.328792 0.321044 0.315124 0.311189 0.309337 0.309635 0.312148 0.316929 0.324012 0.333363 0.344811 0.357946 0.372004 0.385785 0.397694 0.406003 0.409321 0.407089 0.399787 0.388723 0.375544 0.361759 0.348479 0.336378 0.325771 0.316735 0.309206 0.303061 0.298155 0.294353 0.291539 0.289614 0.288499 0.288126 0.288430 0.289339 0.290768 0.292606 0.294716 0.296930 0.299056 0.300888 0.302226 0.302900 0.302792 0.301858 0.300127 0.297705 0.294748 0.291443 0.287983 0.284548 0.281292 0.278337 0.275773 0.273660 0.272037 0.270923 0.270323 0.270238 0.270662 0.271591 0.273023 0.274960 0.277412 0.280397 0.283938 0.288061 0.292787 0.298119 0.304024 0.310400 0.317047 0.323634 0.329677 0.334554 0.337564 0.338052 0.335546 0.329892 0.321305 0.310309 0.297620 0.283987 0.270079 0.256419 0.243367 0.231142 0.219847 0.209510 0.200107 0.191581 0.183865 0.176881 0.170555 0.164816 0.159597 0.154839 0.150486 0.146490 0.142809 0.139402 0.136235 0.133279 0.130505 0.127888 0.125408 0.123044 0.120780 0.118600 0.116491 0.114443 0.112444 0.110487 0.108564 0.106671 0.104803 0.102956 0.101128 0.099318 0.097524 0.095747 0.093987 0.092244
0.398805 0.453093 0.496006 0.513492 0.498915 0.458912 0.407542 0.356711 0.312485 0.276459 0.248041 0.225939 0.208837 0.195619 0.185407 0.177534 0.171498 0.166924 0.163531 0.161108 0.159500 0.158589 0.158289 0.158539 0.159297 0.160538 0.162252 0.164441 0.167120 0.170319 0.174080 0.178461 0.183538 0.189410 0.196199 0.204058 0.213179 0.223796 0.236195 0.250723 0.267785 0.287835 0.311346 0.338723 0.370149 0.405308 0.442985 0.480644 0.514263 0.538920 0.550354 0.546886 0.530318 0.505039 0.476108 0.447690 0.422481 0.401869 0.386359 0.375964 0.370471 0.369563 0.372856 0.379844 0.389797 0.401622 0.413771 0.424280 0.431065 0.432461 0.427781 0.417561 0.403309 0.386939 0.370224 0.354494 0.340586 0.328934 0.319702 0.312896 0.308454 0.306281 0.306283 0.308358 0.312385 0.318194 0.325515 0.333928 0.342817 0.351355 0.358566 0.363478 0.365348 0.363871 0.359270 0.352200 0.343547 0.334194 0.324868 0.316082 0.308141 0.301188 0.295258 0.290322 0.286319 0.283175 0.280821 0.279188 0.278216 0.277849 0.278028 0.278688 0.279754 0.281134 0.282720 0.284385 0.285991 0.287392 0.288454 0.289064 0.289143 0.288661 0.287637 0.286136 0.284259 0.282131 0.279883 0.277643 0.275524 0.273622 0.272010 0.270744 0.269863 0.269395 0.269357 0.269766 0.270637 0.271991 0.273854 0.276267 0.279281 0.282965 0.287400 0.292680 0.298900 0.306142 0.314443 0.323757 0.333889 0.344432 0.354703 0.363730 0.370332 0.373324 0.371816 0.365489 0.354710 0.340420 0.323848 0.306219 0.288544 0.271541 0.255644 0.241065 0.227862 0.215998 0.205379 0.195893 0.187417 0.179835 0.173037 0.166926 0.161413 0.156423 0.151887 0.147748 0.143954 0.140460 0.137226 0.134217 0.131402 0.128754 0.126249 0.123866 0.121585 0.119390 0.117267 0.115204 0.113189 0.111215 0.109273 0.107359 0.105467 0.103594 0.101739 0.099899 0.098075 0.096266 0.094474 0.092698
0.323963 0.354336 0.376895 0.386160 0.379786 0.360122 0.332649 0.302970 0.274922 0.250370 0.229815 0.213045 0.199565 0.188832 0.180347 0.173692 0.168529 0.164589 0.161666 0.159596 0.158259 0.157561 0.157434 0.157829 0.158716 0.160078 0.161912 0.164228 0.167049 0.170413 0.174372 0.178998 0.184382 0.190646 0.197940 0.206459 0.216450 0.228224 0.242181 0.258825 0.278788 0.302848 0.331926 0.367028 0.409069 0.458464 0.514345 0.573390 0.628729 0.670321 0.688351 0.678658 0.645552 0.599002 0.549215 0.503246 0.464630 0.434476 0.412650 0.398559 0.391549 0.391060 0.396623 0.407740 0.423662 0.443069 0.463724 0.482339 0.494993 0.498302 0.490851 0.473862 0.450518 0.424514 0.398878 0.375534 0.355420 0.338809 0.325605 0.315550 0.308339 0.303677 0.301294 0.300947 0.302396 0.305381 0.309590 0.314632 0.320016 0.325160 0.329436 0.332257 0.333189 0.332045 0.328923 0.324168 0.318271 0.311759 0.305104 0.298672 0.292715 0.287383 0.282747 0.278825 0.275603 0.273048 0.271120 0.269777 0.268973 0.268663 0.268799 0.269326 0.270180 0.271287 0.272563 0.273913 0.275234 0.276425 0.277392 0.278057 0.278368 0.278303 0.277872 0.277119 0.276108 0.274925 0.273659 0.272401 0.271235 0.270233 0.269455 0.268950 0.268754 0.268899 0.269412 0.270321 0.271658 0.273467 0.275805 0.278747 0.282393 0.286869 0.292329 0.298956 0.306951 0.316523 0.327846 0.341006 0.355898 0.372096 0.388696 0.404207 0.416614 0.423717 0.423759 0.416072 0.401366 0.381437 0.358525 0.334685 0.311440 0.289725 0.269996 0.252377 0.236799 0.223094 0.211055 0.200475 0.191155 0.182921 0.175620 0.169118 0.163304 0.158081 0.153366 0.149089 0.145190 0.141616 0.138323 0.135270 0.132424 0.129753 0.127231 0.124834 0.122543 0.120338 0.118205 0.116129 0.114101 0.112109 0.110147 0.108210 0.106291 0.104389 0.102501 0.100627 0.098765 0.096918 0.095086 0.093270
0.272234 0.290602 0.303826 0.309513 0.306703 0.296361 0.280880 0.263019 0.245030 0.228343 0.213648 0.201137 0.190724 0.182195 0.175304 0.169809 0.165498 0.162192 0.159744 0.158038 0.156982 0.156506 0.156558 0.157104 0.158122 0.159605 0.161556 0.163994 0.166950 0.170468 0.174613 0.179467 0.185140 0.191774 0.199551 0.208707 0.219549 0.232480 0.248026 0.266887 0.289990 0.318560 0.354202 0.398954 0.455216 0.525346 0.610445 0.707686 0.806185 0.884552 0.917532 0.893246 0.823749 0.734477 0.647023 0.572501 0.514012 0.470781 0.440854 0.422320 0.413741 0.414210 0.423260 0.440649 0.465985 0.498075 0.534002 0.568271 0.593065 0.600786 0.588118 0.558144 0.518213 0.475860 0.436247 0.401875 0.373412 0.350562 0.332663 0.318982 0.308851 0.301706 0.297076 0.294568 0.293837 0.294554 0.296386 0.298968 0.301901 0.304755 0.307099 0.308550 0.308830 0.307809 0.305523 0.302155 0.297985 0.293331 0.288499 0.283744 0.279259 0.275177 0.271575 0.268491 0.265935 0.263899 0.262363 0.261301 0.260682 0.260471 0.260629 0.261112 0.261869 0.262840 0.263961 0.265159 0.266360 0.267492 0.268487 0.269292 0.269869 0.270203 0.270300 0.270187 0.269907 0.269518 0.269083 0.268666 0.268327 0.268122 0.268098 0.268294 0.268745 0.269482 0.270537 0.271948 0.273761 0.276041 0.278872 0.282371 0.286687 0.292015 0.298597 0.306734 0.316781 0.329140 0.344228 0.362411 0.383855 0.408299 0.434700 0.460867 0.483322 0.497798 0.500593 0.490225 0.468210 0.438286 0.404752 0.371121 0.339615 0.311307 0.286489 0.265016 0.246547 0.230680 0.217025 0.205232 0.195000 0.186077 0.178253 0.171355 0.165241 0.159790 0.154904 0.150500 0.146507 0.142866 0.139526 0.136441 0.133574 0.130890 0.128361 0.125960 0.123666 0.121457 0.119318 0.117234 0.115193 0.113185 0.111202 0.109238 0.107289 0.105353 0.103426 0.101510 0.099605 0.097711 0.095831 0.093966
0.235590 0.247500 0.255995 0.259930 0.258863 0.253239 0.244204 0.233193 0.221520 0.210165 0.199730 0.190511 0.182594 0.175943 0.170459 0.166022 0.162508 0.159808 0.157823 0.156475 0.155699 0.155444 0.155676 0.156372 0.157519 0.159118 0.161181 0.163732 0.166809 0.170466 0.174776 0.179833 0.185764 0.192730 0.200943 0.210683 0.222317 0.236340 0.253420 0.274475 0.300782 0.334136 0.377087 0.433253 0.507684 0.607012 0.738536 0.905862 1.097014 1.266478 1.339754 1.275502 1.115263 0.933749 0.776715 0.656416 0.569586 0.509355 0.469639 0.446103 0.436062 0.438181 0.452197 0.478638 0.518351 0.571481 0.635392 0.701501 0.753411 0.771871 0.747734 0.689875 0.617250 0.545923 0.484066 0.433801 0.394301 0.363801 0.340502 0.322886 0.309751 0.300177 0.293456 0.289035 0.286462 0.285350 0.285342 0.286095 0.287265 0.288515 0.289530 0.290037 0.289841 0.288839 0.287034 0.284521 0.281460 0.278045 0.274473 0.270921 0.267531 0.264410 0.261631 0.259235 0.257243 0.255661 0.254481 0.253690 0.253266 0.253185 0.253416 0.253924 0.254670 0.255607 0.256686 0.257852 0.259052 0.260232 0.261345 0.262351 0.263226 0.263955 0.264544 0.265008 0.265378 0.265691 0.265993 0.266327 0.266738 0.267266 0.267946 0.268811 0.269888 0.271207 0.272803 0.274717 0.277008 0.279760 0.283084 0.287137 0.292124 0.298318 0.306070 0.315830 0.328162 0.343757 0.363431 0.388072 0.418489 0.455050 0.497013 0.541504 0.582576 0.611532 0.619861 0.603921 0.567383 0.518786 0.466858 0.417574 0.373837 0.336423 0.304991 0.278765 0.256885 0.238563 0.223129 0.210037 0.198852 0.189224 0.180878 0.173592 0.167189 0.161526 0.156485 0.151970 0.147900 0.144208 0.140835 0.137733 0.134859 0.132176 0.129651 0.127257 0.124968 0.122763 0.120624 0.118535 0.116484 0.114460 0.112455 0.110463 0.108479 0.106502 0.104530 0.102565 0.100606 0.098657 0.096720 0.094797
0.209000 0.217226 0.223131 0.226127 0.225992 0.222950 0.217593 0.210707 0.203073 0.195341 0.187972 0.181249 0.175317 0.170218 0.165940 0.162435 0.159644 0.157503 0.155954 0.154947 0.154439 0.154399 0.154805 0.155643 0.156912 0.158619 0.160783 0.163433 0.166615 0.170390 0.174837 0.180064 0.186209 0.193452 0.202034 0.212270 0.224587 0.239567 0.258016 0.281075 0.310393 0.348407 0.398814 0.467349 0.563107 0.700585 0.902170 1.197362 1.602076 2.039325 2.252354 2.048635 1.620922 1.226213 0.941769 0.752005 0.627831 0.547398 0.496922 0.468287 0.457119 0.461647 0.482156 0.520791 0.581392 0.668627 0.784608 0.919869 1.039825 1.088151 1.033511 0.906934 0.764412 0.640146 0.543126 0.470627 0.417151 0.377708 0.348501 0.326808 0.310707 0.298839 0.290223 0.284136 0.280021 0.277433 0.275991 0.275362 0.275236 0.275333 0.275402 0.275234 0.274677 0.273646 0.272122 0.270148 0.267816 0.265243 0.262556 0.259875 0.257304 0.254925 0.252799 0.250966 0.249451 0.248265 0.247409 0.246876 0.246654 0.246725 0.247068 0.247655 0.248456 0.249437 0.250559 0.251784 0.253070 0.254379 0.255676 0.256935 0.258136 0.259269 0.260336 0.261347 0.262323 0.263289 0.264275 0.265313 0.266433 0.267664 0.269030 0.270554 0.272258 0.274166 0.276310 0.278733 0.281502 0.284714 0.288508 0.293079 0.298693 0.305710 0.314606 0.326013 0.340764 0.359953 0.384998 0.417686 0.460116 0.514339 0.581314 0.658594 0.736757 0.797290 0.818324 0.789538 0.721277 0.635431 0.550539 0.476049 0.414437 0.364775 0.325045 0.293187 0.267452 0.246458 0.229151 0.214730 0.202591 0.192275 0.183428 0.175779 0.169114 0.163263 0.158091 0.153488 0.149362 0.145639 0.142254 0.139153 0.136289 0.133622 0.131116 0.128741 0.126469 0.124277 0.122145 0.120057 0.117999 0.115959 0.113930 0.111905 0.109881 0.107857 0.105832 0.103807 0.101785 0.099770 0.097764 0.095772
0.189297 0.195312 0.199710 0.202168 0.202567 0.201028 0.197879 0.193568 0.188575 0.183327 0.178161 0.173315 0.168934 0.165095 0.161826 0.159124 0.156969 0.155331 0.154180 0.153488 0.153231 0.153391 0.153959 0.154930 0.156309 0.158112 0.160362 0.163095 0.166360 0.170225 0.174777 0.180131 0.186436 0.193888 0.202747 0.213361 0.226205 0.241932 0.261467 0.286148 0.317963 0.359963 0.417010 0.497180 0.614566 0.795130 1.089310 1.598033 2.504429 3.916920 4.860421 3.926460 2.523757 1.627665 1.130070 0.848216 0.681657 0.580594 0.519950 0.486888 0.475178 0.482745 0.510854 0.564351 0.652795 0.792083 1.003726 1.299191 1.620182 1.773259 1.613342 1.285176 0.981838 0.761198 0.611261 0.509818 0.440022 0.390957 0.355778 0.330161 0.311318 0.297399 0.287141 0.279650 0.274273 0.270507 0.267951 0.266272 0.265183 0.264434 0.263814 0.263152 0.262319 0.261238 0.259878 0.258254 0.256413 0.254424 0.252368 0.250327 0.248374 0.246571 0.244967 0.243597 0.242486 0.241646 0.241084 0.240797 0.240781 0.241022 0.241506 0.242213 0.243122 0.244206 0.245438 0.246789 0.248229 0.249731 0.251270 0.252826 0.254384 0.255938 0.257487 0.259039 0.260606 0.262206 0.263860 0.265587 0.267409 0.269344 0.271406 0.273608 0.275964 0.278488 0.281203 0.284151 0.287398 0.291050 0.295268 0.300286 0.306429 0.314150 0.324063 0.337009 0.354141 0.377063 0.408024 0.450192 0.507960 0.587079 0.693866 0.831433 0.989409 1.128422 1.184028 1.120429 0.973441 0.807522 0.662064 0.547462 0.460630 0.395285 0.345712 0.307565 0.277724 0.253994 0.234827 0.219121 0.206083 0.195132 0.185835 0.177868 0.170980 0.164978 0.159707 0.155045 0.150891 0.147162 0.143788 0.140711 0.137878 0.135246 0.132777 0.130436 0.128194 0.126026 0.123910 0.121828 0.119765 0.117711 0.115655 0.113594 0.111523 0.109443 0.107353 0.105258 0.103161 0.101066 0.098979 0.096904
0.174445 0.179077 0.182553 0.184686 0.185410 0.184793 0.183025 0.180378 0.177149 0.173626 0.170051 0.166608 0.163430 0.160598 0.158160 0.156136 0.154528 0.153331 0.152535 0.152126 0.152097 0.152439 0.153153 0.154242 0.155718 0.157601 0.159920 0.162715 0.166039 0.169964 0.174582 0.180014 0.186416 0.193994 0.203023 0.213871 0.227042 0.243241 0.263472 0.289209 0.322681 0.367392 0.429094 0.517774 0.651968 0.869193 1.254375 2.030812 3.912411 9.550690 18.945740 9.560390 3.932077 2.060996 1.295966 0.923489 0.720806 0.603718 0.535741 0.499852 0.488372 0.499210 0.534939 0.603924 0.724209 0.932710 1.304612 1.977125 3.031385 3.733625 3.024144 1.962288 1.281443 0.900019 0.680239 0.546170 0.459856 0.401758 0.361265 0.332288 0.311158 0.295562 0.283979 0.275371 0.269000 0.264321 0.260914 0.258444 0.256637 0.255265 0.254139 0.253110 0.252066 0.250933 0.249673 0.248281 0.246779 0.245204 0.243608 0.242044 0.240564 0.239213 0.238030 0.237043 0.236276 0.235741 0.235447 0.235396 0.235586 0.236010 0.236659 0.237520 0.238577 0.239812 0.241207 0.242740 0.244391 0.246139 0.247968 0.249863 0.251814 0.253816 0.255867 0.257973 0.260141 0.262384 0.264715 0.267148 0.269694 0.272365 0.275165 0.278096 0.281157 0.284351 0.287686 0.291191 0.294924 0.298992 0.303569 0.308922 0.315435 0.323652 0.334330 0.348527 0.367744 0.394164 0.431046 0.483404 0.559135 0.670797 0.837745 1.085471 1.427708 1.797872 1.973980 1.789540 1.411051 1.060506 0.804503 0.629325 0.509507 0.425726 0.365467 0.320887 0.287036 0.260728 0.239860 0.223009 0.209188 0.197697 0.188029 0.179808 0.172753 0.166647 0.161319 0.156635 0.152486 0.148782 0.145448 0.142420 0.139643 0.137070 0.134657 0.132369 0.130174 0.128043 0.125953 0.123885 0.121822 0.119752 0.117668 0.115564 0.113437 0.111290 0.109124 0.106944 0.104756 0.102566 0.100381 0.098208
0.163107 0.166844 0.169735 0.171664 0.172594 0.172567 0.171697 0.170153 0.168130 0.165821 0.163399 0.161008 0.158756 0.156723 0.154959 0.153497 0.152353 0.151536 0.151047 0.150888 0.151058 0.151561 0.152402 0.153592 0.155148 0.157094 0.159462 0.162295 0.165651 0.169602 0.174245 0.179701 0.186131 0.193746 0.202823 0.213741 0.227013 0.243363 0.263823 0.289916 0.323960 0.369623 0.432999 0.524817 0.665437 0.897449 1.322783 2.238854 4.850838 18.940619 18.945165 18.950399 4.870676 2.269325 1.364816 0.952408 0.735260 0.612233 0.541868 0.505503 0.495054 0.508762 0.550467 0.631790 0.779416 1.056171 1.629267 3.035137 7.267764 14.326875 7.260255 3.019757 1.605262 1.022323 0.733925 0.572087 0.472912 0.408165 0.363890 0.332562 0.309837 0.293061 0.280534 0.271118 0.264021 0.258669 0.254634 0.251583 0.249250 0.247422 0.245928 0.244630 0.243428 0.242250 0.241054 0.239823 0.238562 0.237289 0.236035 0.234834 0.233721 0.232730 0.231890 0.231225 0.230754 0.230490 0.230443 0.230617 0.231014 0.231631 0.232464 0.233505 0.234745 0.236172 0.237773 0.239536 0.241445 0.243489 0.245655 0.247934 0.250318 0.252803 0.255390 0.258080 0.260880 0.263797 0.266843 0.270024 0.273350 0.276821 0.280435 0.284181 0.288044 0.292003 0.296044 0.300169 0.304417 0.308880 0.313734 0.319270 0.325924 0.334325 0.345367 0.360313 0.380997 0.410161 0.452100 0.513867 0.607697 0.756057 1.002553 1.434408 2.209881 3.422635 4.229794 3.413862 2.192332 1.408080 0.967446 0.712182 0.555086 0.452583 0.382255 0.331933 0.294644 0.266195 0.243951 0.226196 0.211773 0.199881 0.189948 0.181559 0.174406 0.168252 0.162916 0.158254 0.154150 0.150507 0.147247 0.144300 0.141608 0.139120 0.136790 0.134578 0.132449 0.130371 0.128320 0.126273 0.124214 0.122130 0.120012 0.117858 0.115665 0.113437 0.111178 0.108895 0.106597 0.104293 0.101991 0.099700
0.154384 0.157527 0.160033 0.161833 0.162900 0.163263 0.162995 0.162204 0.161019 0.159575 0.157996 0.156392 0.154853 0.153446 0.152224 0.151222 0.150463 0.149965 0.149738 0.149792 0.150134 0.150773 0.151720 0.152992 0.154609 0.156597 0.158993 0.161840 0.165198 0.169141 0.173764 0.179190 0.185577 0.193134 0.202136 0.212952 0.226090 0.242253 0.262447 0.288146 0.321581 0.366256 0.427924 0.516571 0.650737 0.867937 1.253101 2.029526 3.911123 9.549411 18.944487 9.559185 3.930951 2.059993 1.295149 0.922952 0.720691 0.604248 0.537277 0.503001 0.494205 0.509723 0.554122 0.640477 0.799338 1.106350 1.784488 3.739714 14.329307 14.325024 14.321668 3.724076 1.760102 1.072012 0.753268 0.580140 0.475940 0.408616 0.362840 0.330525 0.307073 0.289705 0.276655 0.266753 0.259191 0.253390 0.248923 0.245465 0.242761 0.240611 0.238854 0.237365 0.236050 0.234840 0.233690 0.232578 0.231495 0.230450 0.229457 0.228538 0.227717 0.227017 0.226461 0.226069 0.225856 0.225837 0.226019 0.226410 0.227015 0.227833 0.228866 0.230110 0.231561 0.233214 0.235061 0.237096 0.239310 0.241696 0.244247 0.246956 0.249820 0.252837 0.256005 0.259327 0.262808 0.266456 0.270277 0.274280 0.278468 0.282842 0.287389 0.292087 0.296899 0.301777 0.306668 0.311532 0.316362 0.321217 0.326258 0.331783 0.338271 0.346431 0.357274 0.372239 0.393419 0.423995 0.469067 0.537362 0.644967 0.824343 1.148904 1.811638 3.429566 8.294446 16.406274 8.285131 3.410919 1.783627 1.111489 0.777484 0.588635 0.471558 0.393843 0.339479 0.299845 0.269973 0.246838 0.228514 0.213728 0.201609 0.191542 0.183087 0.175916 0.169783 0.164496 0.159906 0.155891 0.152351 0.149203 0.146374 0.143803 0.141433 0.139216 0.137107 0.135067 0.133063 0.131065 0.129051 0.127000 0.124901 0.122746 0.120530 0.118257 0.115930 0.113557 0.111150 0.108718 0.106275 0.103832 0.101401
0.147660 0.150400 0.152650 0.154365 0.155529 0.156159 0.156304 0.156037 0.155445 0.154624 0.153665 0.152651 0.151657 0.150739 0.149946 0.149314 0.148870 0.148635 0.148626 0.148856 0.149339 0.150089 0.151121 0.152454 0.154111 0.156121 0.158522 0.161358 0.164689 0.168588 0.173147 0.178487 0.184762 0.192170 0.200974 0.211526 0.224300 0.239955 0.259415 0.284020 0.315759 0.357687 0.414664 0.494769 0.612097 0.792611 1.086753 1.595450 2.501840 3.914348 4.857897 3.924027 2.521474 1.625616 1.128375 0.847052 0.681291 0.581441 0.522671 0.492581 0.485739 0.501616 0.544668 0.626845 0.775012 1.052104 1.625397 3.031362 7.264010 14.323082 7.256373 3.015743 1.601075 1.017922 0.729272 0.567142 0.467630 0.402504 0.357801 0.325998 0.302749 0.285401 0.272258 0.262189 0.254410 0.248364 0.243639 0.239923 0.236977 0.234611 0.232678 0.231062 0.229673 0.228447 0.227338 0.226318 0.225375 0.224506 0.223719 0.223025 0.222440 0.221982 0.221667 0.221510 0.221527 0.221729 0.222127 0.222729 0.223541 0.224569 0.225816 0.227282 0.228970 0.230880 0.233009 0.235356 0.237919 0.240695 0.243681 0.246875 0.250276 0.253881 0.257693 0.261713 0.265946 0.270400 0.275084 0.280009 0.285181 0.290599 0.296250 0.302099 0.308087 0.314124 0.320103 0.325911 0.331465 0.336754 0.341892 0.347168 0.353096 0.360457 0.370367 0.384396 0.404793 0.434948 0.480300 0.550245 0.662459 0.853790 1.212343 1.995157 4.243867 16.413286 16.408130 16.403326 4.223912 1.965137 1.172161 0.803333 0.601611 0.478912 0.398436 0.342596 0.302126 0.271763 0.248338 0.229849 0.214978 0.202831 0.192780 0.184371 0.177273 0.171233 0.166059 0.161596 0.157721 0.154331 0.151341 0.148674 0.146264 0.144052 0.141984 0.140012 0.138091 0.136185 0.134260 0.132290 0.130255 0.128140 0.125938 0.123648 0.121275 0.118826 0.116314 0.113752 0.111158 0.108547 0.105934 0.103334
0.142503 0.144968 0.147048 0.148709 0.149943 0.150761 0.151197 0.151300 0.151132 0.150763 0.150261 0.149690 0.149109 0.148570 0.148113 0.147774 0.147581 0.147557 0.147723 0.148094 0.148689 0.149524 0.150617 0.151989 0.153666 0.155677 0.158060 0.160860 0.164135 0.167955 0.172409 0.177612 0.183707 0.190882 0.199378 0.209518 0.221729 0.236598 0.254932 0.277875 0.307078 0.344981 0.395281 0.463718 0.559386 0.696788 0.898312 1.193463 1.598162 2.035430 2.248523 2.044928 1.617422 1.223036 0.939081 0.750048 0.626966 0.548175 0.500203 0.475469 0.470539 0.485376 0.523617 0.594205 0.715511 0.924649 1.296920 1.969609 3.023900 3.726055 3.016391 1.954266 1.273072 0.891219 0.670932 0.536273 0.449283 0.390419 0.349063 0.319124 0.296932 0.280174 0.267335 0.257391 0.249623 0.243513 0.238680 0.234834 0.231752 0.229261 0.227223 0.225532 0.224105 0.222879 0.221811 0.220871 0.220042 0.219318 0.218698 0.218189 0.217801 0.217546 0.217438 0.217489 0.217712 0.218120 0.218722 0.219530 0.220551 0.221795 0.223267 0.224975 0.226924 0.229119 0.231565 0.234265 0.237222 0.240439 0.243917 0.247658 0.251662 0.255930 0.260463 0.265265 0.270342 0.275704 0.281365 0.287344 0.293656 0.300311 0.307300 0.314584 0.322079 0.329649 0.337101 0.344209 0.350758 0.356608 0.361777 0.366518 0.371374 0.377213 0.385265 0.397196 0.415305 0.442928 0.485269 0.551111 0.656563 0.834080 1.157057 1.818455 3.435267 8.299219 16.410282 8.288513 3.413793 1.786093 1.113633 0.779378 0.590342 0.473133 0.395334 0.340929 0.301292 0.271452 0.248382 0.230155 0.215495 0.203531 0.193649 0.185406 0.178474 0.172607 0.167613 0.163338 0.159659 0.156473 0.153692 0.151237 0.149038 0.147031 0.145158 0.143363 0.141600 0.139822 0.137994 0.136084 0.134070 0.131937 0.129679 0.127297 0.124798 0.122197 0.119511 0.116759 0.113964 0.111147 0.108328 0.105525
0.138613 0.140891 0.142856 0.144487 0.145774 0.146728 0.147371 0.147740 0.147878 0.147838 0.147672 0.147430 0.147161 0.146909 0.146710 0.146597 0.146599 0.146740 0.147040 0.147519 0.148197 0.149091 0.150221 0.151611 0.153287 0.155277 0.157620 0.160360 0.163550 0.167259 0.171570 0.176589 0.182447 0.189315 0.197410 0.207015 0.218504 0.232374 0.249297 0.270194 0.296345 0.329547 0.372353 0.428384 0.502692 0.601913 0.733351 0.900617 1.091741 1.261219 1.334565 1.270457 1.110462 0.929333 0.772880 0.653446 0.567897 0.509568 0.472704 0.453511 0.450212 0.463038 0.494506 0.550171 0.640007 0.780161 0.992303 1.287996 1.609008 1.761940 1.601737 1.273159 0.969288 0.747999 0.597294 0.494958 0.424137 0.373908 0.337415 0.310330 0.289857 0.274148 0.261946 0.252376 0.244810 0.238792 0.233979 0.230110 0.226983 0.224440 0.222357 0.220636 0.219200 0.217992 0.216970 0.216104 0.215374 0.214772 0.214293 0.213941 0.213721 0.213643 0.213716 0.213953 0.214365 0.214964 0.215763 0.216773 0.218004 0.219470 0.221180 0.223146 0.225378 0.227888 0.230685 0.233779 0.237180 0.240894 0.244929 0.249289 0.253978 0.258998 0.264352 0.270043 0.276080 0.282478 0.289259 0.296456 0.304107 0.312244 0.320882 0.329995 0.339485 0.349159 0.358709 0.367731 0.375779 0.382481 0.387669 0.391517 0.394615 0.397970 0.402982 0.411435 0.425610 0.448579 0.484841 0.541553 0.630975 0.775553 1.018843 1.448005 2.221233 3.432128 4.237756 3.420575 2.198032 1.412969 0.971694 0.715935 0.558470 0.455708 0.385215 0.334813 0.297521 0.269138 0.247028 0.229468 0.215300 0.203721 0.194160 0.186200 0.179531 0.173916 0.169172 0.165150 0.161729 0.158807 0.156294 0.154110 0.152181 0.150437 0.148815 0.147251 0.145690 0.144081 0.142379 0.140549 0.138565 0.136411 0.134082 0.131582 0.128925 0.126132 0.123226 0.120237 0.117193 0.114122 0.111052 0.108004
0.135774 0.137929 0.139822 0.141437 0.142769 0.143823 0.144616 0.145176 0.145535 0.145733 0.145811 0.145811 0.145772 0.145733 0.145726 0.145782 0.145929 0.146190 0.146587 0.147142 0.147873 0.148801 0.149947 0.151334 0.152986 0.154936 0.157217 0.159873 0.162954 0.166523 0.170656 0.175450 0.181023 0.187525 0.195145 0.204126 0.214779 0.227512 0.242856 0.261514 0.284415 0.312789 0.348246 0.392823 0.448926 0.518916 0.603900 0.701056 0.799507 0.877876 0.910921 0.886783 0.817545 0.728687 0.641859 0.568265 0.511136 0.469898 0.442902 0.428720 0.426672 0.437073 0.461415 0.502559 0.564782 0.653027 0.769576 0.905079 1.025020 1.073123 1.018080 0.890937 0.747692 0.622550 0.524493 0.450788 0.395927 0.354905 0.323911 0.300209 0.281869 0.267525 0.256203 0.247198 0.239989 0.234188 0.229499 0.225694 0.222595 0.220062 0.217982 0.216268 0.214850 0.213677 0.212707 0.211912 0.211273 0.210779 0.210424 0.210208 0.210135 0.210212 0.210449 0.210855 0.211442 0.212223 0.213211 0.214420 0.215864 0.217558 0.219516 0.221757 0.224295 0.227148 0.230332 0.233865 0.237762 0.242037 0.246704 0.251770 0.257244 0.263129 0.269427 0.276143 0.283286 0.290877 0.298952 0.307567 0.316794 0.326718 0.337408 0.348886 0.361073 0.373728 0.386395 0.398390 0.408875 0.417035 0.422347 0.424827 0.425162 0.424652 0.425032 0.428321 0.436795 0.453163 0.480979 0.525375 0.594246 0.700078 0.862124 1.105760 1.444606 1.811973 1.985788 1.799481 1.419483 1.067732 0.810779 0.634870 0.514508 0.430345 0.369847 0.325155 0.291306 0.265105 0.244443 0.227891 0.214459 0.203447 0.194345 0.186778 0.180462 0.175179 0.170757 0.167056 0.163960 0.161369 0.159193 0.157351 0.155763 0.154354 0.153052 0.151786 0.150488 0.149099 0.147563 0.145839 0.143895 0.141715 0.139294 0.136642 0.133781 0.130740 0.127556 0.124267 0.120912 0.117528 0.114150 0.110805
0.133836 0.135915 0.137768 0.139382 0.140752 0.141882 0.142785 0.143481 0.143997 0.144365 0.144617 0.144788 0.144912 0.145024 0.145152 0.145327 0.145573 0.145915 0.146375 0.146974 0.147732 0.148669 0.149808 0.151169 0.152780 0.154668 0.156868 0.159418 0.162366 0.165770 0.169698 0.174234 0.179484 0.185575 0.192669 0.200966 0.210719 0.222246 0.235951 0.252342 0.272056 0.295873 0.324719 0.359604 0.401446 0.450665 0.506397 0.565327 0.620593 0.662165 0.680243 0.670686 0.637833 0.591692 0.542530 0.497484 0.460208 0.431990 0.412957 0.402900 0.401742 0.409771 0.427735 0.456800 0.498220 0.552407 0.616893 0.683214 0.735043 0.753180 0.728508 0.669917 0.596370 0.523929 0.460757 0.408964 0.367703 0.335189 0.309601 0.289396 0.273355 0.260543 0.250250 0.241938 0.235196 0.229706 0.225222 0.221551 0.218538 0.216062 0.214026 0.212350 0.210973 0.209849 0.208938 0.208216 0.207663 0.207268 0.207024 0.206930 0.206989 0.207207 0.207592 0.208154 0.208906 0.209860 0.211032 0.212438 0.214095 0.216023 0.218241 0.220771 0.223637 0.226862 0.230471 0.234490 0.238943 0.243852 0.249238 0.255116 0.261498 0.268388 0.275790 0.283704 0.292139 0.301119 0.310697 0.320960 0.332041 0.344110 0.357349 0.371902 0.387784 0.404764 0.422222 0.439059 0.453746 0.464612 0.470393 0.470788 0.466728 0.460164 0.453569 0.449469 0.450252 0.458258 0.476068 0.506908 0.555075 0.626145 0.726236 0.858264 1.011680 1.146955 1.199512 1.133439 0.984459 0.816954 0.670252 0.554694 0.467156 0.401319 0.351443 0.313159 0.283334 0.259758 0.240877 0.225582 0.213076 0.202776 0.194251 0.187174 0.181296 0.176421 0.172393 0.169085 0.166387 0.164202 0.162443 0.161026 0.159866 0.158883 0.157991 0.157108 0.156154 0.155052 0.153735 0.152151 0.150261 0.148045 0.145503 0.142652 0.139524 0.136164 0.132621 0.128950 0.125203 0.121430 0.117672 0.113966
0.132696 0.134738 0.136577 0.138201 0.139606 0.140795 0.141777 0.142570 0.143194 0.143677 0.144045 0.144330 0.144562 0.144771 0.144986 0.145233 0.145538 0.145924 0.146413 0.147027 0.147785 0.148708 0.149816 0.151133 0.152682 0.154490 0.156589 0.159015 0.161811 0.165028 0.168726 0.172980 0.177879 0.183531 0.190068 0.197653 0.206482 0.216796 0.228889 0.243110 0.259870 0.279627 0.302856 0.329970 0.361153 0.396094 0.433584 0.471093 0.504607 0.529214 0.540667 0.537307 0.520963 0.496062 0.467712 0.440153 0.416185 0.397340 0.384329 0.377454 0.376899 0.382883 0.395705 0.415638 0.442635 0.475737 0.512184 0.546588 0.571204 0.578480 0.565128 0.534244 0.493182 0.449469 0.408253 0.372018 0.341403 0.316082 0.295356 0.278458 0.264686 0.253442 0.244242 0.236693 0.230486 0.225371 0.221149 0.217661 0.214779 0.212399 0.210437 0.208824 0.207507 0.206444 0.205600 0.204952 0.204483 0.204180 0.204039 0.204057 0.204237 0.204584 0.205106 0.205814 0.206721 0.207841 0.209193 0.210794 0.212666 0.214832 0.217319 0.220154 0.223369 0.226995 0.231069 0.235625 0.240699 0.246326 0.252537 0.259356 0.266800 0.274877 0.283586 0.292924 0.302890 0.313506 0.324837 0.337013 0.350251 0.364861 0.381230 0.399756 0.420719 0.444064 0.469095 0.494150 0.516479 0.532671 0.539805 0.536862 0.525406 0.508947 0.491577 0.476862 0.467481 0.465394 0.472232 0.489626 0.519354 0.563104 0.621481 0.691725 0.764145 0.820003 0.837245 0.805399 0.734684 0.646893 0.560481 0.484831 0.422366 0.372117 0.332033 0.300026 0.274330 0.253548 0.236616 0.222726 0.211273 0.201794 0.193937 0.187432 0.182066 0.177672 0.174111 0.171269 0.169047 0.167355 0.166106 0.165215 0.164593 0.164148 0.163783 0.163398 0.162893 0.162171 0.161146 0.159748 0.157929 0.155665 0.152959 0.149841 0.146360 0.142579 0.138570 0.134408 0.130164 0.125902 0.121675 0.117528
0.132289 0.134327 0.136174 0.137820 0.139259 0.140495 0.141534 0.142390 0.143084 0.143636 0.144073 0.144422 0.144713 0.144972 0.145228 0.145505 0.145830 0.146226 0.146713 0.147312 0.148045 0.148930 0.149988 0.151240 0.152708 0.154419 0.156400 0.158685 0.161311 0.164324 0.167776 0.171730 0.176261 0.181458 0.187427 0.194295 0.202212 0.211353 0.221922 0.234148 0.248277 0.264555 0.283185 0.304262 0.327660 0.352878 0.378864 0.403892 0.425634 0.441559 0.449658 0.449198 0.441054 0.427385 0.410883 0.394057 0.378838 0.366516 0.357868 0.353338 0.353182 0.357552 0.366509 0.379939 0.397366 0.417662 0.438724 0.457358 0.469706 0.472426 0.464124 0.446035 0.421341 0.393723 0.366189 0.340636 0.317964 0.298400 0.281798 0.267845 0.256176 0.246440 0.238324 0.231558 0.225916 0.221211 0.217288 0.214019 0.211299 0.209043 0.207178 0.205648 0.204405 0.203413 0.202643 0.202072 0.201685 0.201472 0.201427 0.201549 0.201840 0.202307 0.202957 0.203802 0.204857 0.206138 0.207664 0.209458 0.211545 0.213955 0.216718 0.219872 0.223455 0.227513 0.232090 0.237239 0.243008 0.249450 0.256610 0.264526 0.273228 0.282726 0.293016 0.304079 0.315897 0.328472 0.341868 0.356253 0.371955 0.389497 0.409605 0.433159 0.461040 0.493794 0.531037 0.570574 0.607595 0.634950 0.645637 0.636781 0.611708 0.577907 0.543091 0.512740 0.489848 0.475739 0.470916 0.475589 0.489816 0.513279 0.544649 0.580573 0.614720 0.638083 0.641905 0.622348 0.582925 0.532053 0.478356 0.427730 0.383017 0.344939 0.313117 0.286746 0.264942 0.246901 0.231943 0.219516 0.209180 0.200589 0.193467 0.187599 0.182810 0.178962 0.175938 0.173641 0.171983 0.170880 0.170252 0.170010 0.170062 0.170303 0.170618 0.170885 0.170975 0.170761 0.170128 0.168982 0.167257 0.164925 0.161996 0.158515 0.154556 0.150213 0.145591 0.140791 0.135910 0.131031 0.126222 0.121536
0.132580 0.134644 0.136521 0.138200 0.139676 0.140949 0.142026 0.142919 0.143647 0.144230 0.144692 0.145062 0.145365 0.145631 0.145885 0.146154 0.146462 0.146832 0.147286 0.147844 0.148525 0.149350 0.150336 0.151505 0.152876 0.154472 0.156321 0.158450 0.160893 0.163688 0.166881 0.170524 0.174679 0.179417 0.184822 0.190990 0.198031 0.206069 0.215239 0.225683 0.237536 0.250910 0.265856 0.282322 0.300079 0.318645 0.337220 0.354669 0.369622 0.380709 0.386910 0.387880 0.384082 0.376655 0.367098 0.356922 0.347413 0.339540 0.333968 0.331116 0.331228 0.334401 0.340593 0.349564 0.360785 0.373314 0.385709 0.396084 0.402408 0.403050 0.397339 0.385818 0.369987 0.351743 0.332829 0.314536 0.297650 0.282544 0.269308 0.257867 0.248065 0.239714 0.232625 0.226621 0.221546 0.217263 0.213656 0.210626 0.208088 0.205974 0.204223 0.202790 0.201632 0.200720 0.200027 0.199536 0.199231 0.199104 0.199152 0.199372 0.199768 0.200347 0.201117 0.202092 0.203288 0.204722 0.206418 0.208402 0.210704 0.213358 0.216405 0.219888 0.223859 0.228375 0.233499 0.239297 0.245843 0.253209 0.261465 0.270674 0.280882 0.292110 0.304349 0.317558 0.331677 0.346657 0.362523 0.379458 0.397909 0.418685 0.443043 0.472696 0.509725 0.556215 0.613313 0.679252 0.746319 0.799071 0.819202 0.798150 0.744821 0.677901 0.613288 0.559251 0.518223 0.489811 0.472712 0.465534 0.466953 0.475522 0.489286 0.505361 0.519737 0.527743 0.525360 0.510863 0.485575 0.453083 0.417566 0.382443 0.349861 0.320836 0.295613 0.274015 0.255674 0.240172 0.227108 0.216125 0.206922 0.199249 0.192903 0.187719 0.183562 0.180321 0.177905 0.176234 0.175235 0.174835 0.174958 0.175518 0.176416 0.177535 0.178736 0.179865 0.180753 0.181229 0.181134 0.180334 0.178738 0.176308 0.173065 0.169079 0.164465 0.159362 0.153920 0.148283 0.142580 0.136919 0.131384 0.126036
0.133560 0.135681 0.137611 0.139336 0.140851 0.142155 0.143253 0.144159 0.144889 0.145466 0.145913 0.146259 0.146532 0.146760 0.146971 0.147191 0.147445 0.147757 0.148147 0.148635 0.149241 0.149983 0.150878 0.151944 0.153201 0.154669 0.156371 0.158331 0.160580 0.163148 0.166074 0.169401 0.173179 0.177464 0.182319 0.187817 0.194036 0.201060 0.208974 0.217858 0.227778 0.238766 0.250798 0.263763 0.277424 0.291383 0.305061 0.317719 0.328529 0.336719 0.341740 0.343422 0.342030 0.338207 0.332826 0.326818 0.321033 0.316164 0.312723 0.311054 0.311354 0.313685 0.317968 0.323959 0.331203 0.338998 0.346391 0.352247 0.355439 0.355104 0.350887 0.343043 0.332330 0.319774 0.306401 0.293060 0.280351 0.268633 0.258076 0.248720 0.240522 0.233400 0.227247 0.221957 0.217427 0.213560 0.210271 0.207487 0.205142 0.203181 0.201556 0.200228 0.199164 0.198337 0.197726 0.197315 0.197092 0.197050 0.197186 0.197499 0.197995 0.198679 0.199563 0.200660 0.201989 0.203571 0.205431 0.207600 0.210113 0.213012 0.216345 0.220167 0.224541 0.229541 0.235250 0.241757 0.249165 0.257578 0.267104 0.277843 0.289874 0.303243 0.317942 0.333899 0.350981 0.369029 0.387948 0.407856 0.429282 0.453385 0.482165 0.518655 0.567077 0.632843 0.721785 0.836927 0.969790 1.087304 1.135158 1.083211 0.961814 0.825539 0.707803 0.617558 0.552395 0.507207 0.477337 0.459190 0.450017 0.447521 0.449471 0.453424 0.456672 0.456498 0.450760 0.438494 0.420180 0.397440 0.372374 0.346927 0.322539 0.300081 0.279956 0.262252 0.246872 0.233630 0.222311 0.212700 0.204604 0.197852 0.192302 0.187834 0.184352 0.181775 0.180036 0.179077 0.178842 0.179274 0.180306 0.181857 0.183824 0.186073 0.188438 0.190723 0.192700 0.194132 0.194789 0.194476 0.193059 0.190485 0.186789 0.182088 0.176557 0.170408 0.163858 0.157109 0.150336 0.143676 0.137233 0.131074
0.135248 0.137459 0.139466 0.141253 0.142811 0.144140 0.145245 0.146139 0.146840 0.147371 0.147761 0.148039 0.148235 0.148381 0.148505 0.148636 0.148799 0.149017 0.149312 0.149703 0.150208 0.150844 0.151628 0.152575 0.153702 0.155028 0.156571 0.158352 0.160397 0.162731 0.165387 0.168398 0.171803 0.175647 0.179976 0.184843 0.190302 0.196407 0.203209 0.210747 0.219044 0.228090 0.237827 0.248132 0.258796 0.269510 0.279864 0.289374 0.297528 0.303871 0.308097 0.310118 0.310094 0.308408 0.305590 0.302225 0.298877 0.296028 0.294053 0.293214 0.293659 0.295424 0.298429 0.302466 0.307183 0.312082 0.316534 0.319844 0.321354 0.320579 0.317315 0.311686 0.304100 0.295135 0.285412 0.275485 0.265789 0.256623 0.248166 0.240503 0.233652 0.227590 0.222269 0.217628 0.213604 0.210132 0.207153 0.204613 0.202462 0.200658 0.199164 0.197947 0.196981 0.196243 0.195716 0.195387 0.195245 0.195286 0.195507 0.195910 0.196498 0.197282 0.198273 0.199485 0.200941 0.202662 0.204679 0.207027 0.209747 0.212887 0.216506 0.220670 0.225458 0.230963 0.237291 0.244564 0.252922 0.262516 0.273509 0.286061 0.300317 0.316375 0.334253 0.353849 0.374916 0.397089 0.419994 0.443496 0.468062 0.495191 0.527840 0.570908 0.631975 0.722554 0.859744 1.065604 1.352047 1.662980 1.810929 1.655258 1.336634 1.042626 0.829547 0.685892 0.590240 0.526352 0.483701 0.455613 0.437707 0.426871 0.420623 0.416762 0.413244 0.408261 0.400463 0.389187 0.374538 0.357252 0.338406 0.319101 0.300255 0.282513 0.266255 0.251653 0.238738 0.227453 0.217698 0.209356 0.202312 0.196460 0.191707 0.187976 0.185204 0.183341 0.182348 0.182191 0.182837 0.184249 0.186379 0.189156 0.192476 0.196193 0.200108 0.203965 0.207456 0.210240 0.211976 0.212367 0.211205 0.208413 0.204052 0.198311 0.191471 0.183854 0.175782 0.167541 0.159365 0.151427 0.143845 0.136692
0.137687 0.140027 0.142140 0.144007 0.145617 0.146966 0.148060 0.148915 0.149550 0.149995 0.150280 0.150441 0.150511 0.150525 0.150516 0.150513 0.150544 0.150632 0.150799 0.151064 0.151443 0.151951 0.152604 0.153415 0.154398 0.155568 0.156941 0.158535 0.160369 0.162466 0.164849 0.167547 0.170588 0.174008 0.177839 0.182119 0.186883 0.192165 0.197991 0.204377 0.211319 0.218788 0.226717 0.234990 0.243435 0.251819 0.259856 0.267221 0.273593 0.278696 0.282348 0.284505 0.285268 0.284874 0.283653 0.281983 0.280238 0.278749 0.277784 0.277533 0.278100 0.279507 0.281683 0.284465 0.287594 0.290721 0.293432 0.295288 0.295892 0.294954 0.292350 0.288143 0.282564 0.275952 0.268692 0.261151 0.253637 0.246386 0.239559 0.233252 0.227511 0.222347 0.217746 0.213680 0.210113 0.207006 0.204318 0.202012 0.200052 0.198404 0.197041 0.195937 0.195071 0.194424 0.193982 0.193735 0.193674 0.193796 0.194099 0.194586 0.195264 0.196141 0.197231 0.198552 0.200125 0.201978 0.204143 0.206661 0.209579 0.212953 0.216852 0.221356 0.226561 0.232583 0.239558 0.247647 0.257039 0.267951 0.280626 0.295324 0.312302 0.331774 0.353843 0.378418 0.405114 0.433209 0.461755 0.489957 0.517841 0.547077 0.581741 0.629122 0.701240 0.818621 1.019231 1.377421 2.027183 3.047693 3.726808 3.035859 2.003278 1.341059 0.970048 0.756562 0.626963 0.544459 0.490095 0.453501 0.428586 0.411463 0.399394 0.390272 0.382379 0.374337 0.365152 0.354283 0.341647 0.327547 0.312524 0.297197 0.282131 0.267773 0.254425 0.242264 0.231366 0.221743 0.213361 0.206170 0.200108 0.195119 0.191152 0.188165 0.186130 0.185027 0.184847 0.185585 0.187239 0.189804 0.193256 0.197549 0.202591 0.208228 0.214227 0.220259 0.225897 0.230643 0.233972 0.235412 0.234629 0.231498 0.226128 0.218837 0.210080 0.200364 0.190172 0.179907 0.169878 0.160297 0.151290 0.142920
0.140949 0.143466 0.145722 0.147692 0.149362 0.150726 0.151791 0.152574 0.153102 0.153410 0.153535 0.153520 0.153406 0.153233 0.153037 0.152851 0.152706 0.152624 0.152628 0.152736 0.152963 0.153321 0.153824 0.154482 0.155306 0.156309 0.157503 0.158902 0.160521 0.162377 0.164489 0.166879 0.169569 0.172583 0.175946 0.179683 0.183816 0.188364 0.193339 0.198742 0.204555 0.210743 0.217239 0.223944 0.230722 0.237401 0.243777 0.249634 0.254763 0.258990 0.262206 0.264388 0.265600 0.265995 0.265784 0.265213 0.264532 0.263967 0.263705 0.263878 0.264561 0.265762 0.267424 0.269423 0.271571 0.273627 0.275313 0.276348 0.276479 0.275528 0.273415 0.270174 0.265939 0.260920 0.255361 0.249509 0.243585 0.237770 0.232198 0.226964 0.222123 0.217704 0.213714 0.210146 0.206983 0.204204 0.201783 0.199695 0.197915 0.196418 0.195184 0.194192 0.193425 0.192870 0.192513 0.192347 0.192366 0.192567 0.192950 0.193518 0.194279 0.195244 0.196427 0.197847 0.199529 0.201503 0.203806 0.206482 0.209585 0.213181 0.217348 0.222183 0.227800 0.234340 0.241976 0.250915 0.261411 0.273767 0.288343 0.305554 0.325849 0.349667 0.377342 0.408928 0.443958 0.481191 0.518576 0.553775 0.585444 0.614933 0.647618 0.693721 0.770138 0.906974 1.167901 1.716693 3.074732 7.177893 14.025832 7.161470 3.041242 1.664943 1.096367 0.814204 0.655419 0.558014 0.494580 0.451502 0.421328 0.399596 0.383388 0.370636 0.359794 0.349698 0.339524 0.328781 0.317286 0.305114 0.292513 0.279818 0.267365 0.255447 0.244287 0.234033 0.224772 0.216543 0.209352 0.203188 0.198030 0.193858 0.190654 0.188411 0.187131 0.186827 0.187522 0.189251 0.192051 0.195958 0.200997 0.207164 0.214400 0.222565 0.231399 0.240488 0.249241 0.256914 0.262675 0.265742 0.265545 0.261870 0.254916 0.245237 0.233601 0.220821 0.207627 0.194590 0.182103 0.170408 0.159620 0.149772
0.145143 0.147896 0.150342 0.152447 0.154189 0.155561 0.156572 0.157243 0.157610 0.157717 0.157614 0.157352 0.156983 0.156555 0.156110 0.155686 0.155313 0.155018 0.154822 0.154740 0.154787 0.154972 0.155305 0.155794 0.156447 0.157273 0.158279 0.159476 0.160876 0.162491 0.164334 0.166423 0.168773 0.171402 0.174326 0.177563 0.181125 0.185022 0.189255 0.193817 0.198688 0.203828 0.209180 0.214662 0.220169 0.225571 0.230728 0.235489 0.239718 0.243302 0.246174 0.248320 0.249783 0.250663 0.251097 0.251249 0.251284 0.251356 0.251594 0.252089 0.252889 0.253996 0.255364 0.256899 0.258466 0.259896 0.260999 0.261589 0.261502 0.260621 0.258894 0.256339 0.253040 0.249128 0.244766 0.240124 0.235363 0.230621 0.226010 0.221614 0.217491 0.213679 0.210196 0.207048 0.204234 0.201742 0.199559 0.197669 0.196056 0.194702 0.193591 0.192708 0.192040 0.191574 0.191303 0.191218 0.191315 0.191592 0.192052 0.192698 0.193537 0.194583 0.195851 0.197362 0.199142 0.201225 0.203652 0.206471 0.209743 0.213543 0.217961 0.223106 0.229117 0.236163 0.244454 0.254254 0.265896 0.279795 0.296470 0.316560 0.340830 0.370138 0.405329 0.446971 0.494846 0.547190 0.600012 0.647481 0.684491 0.710798 0.733746 0.767933 0.835102 0.971008 1.252241 1.896399 3.783015 14.053973 14.042246 14.032572 3.738949 1.827210 1.154473 0.840669 0.668638 0.563976 0.495583 0.448541 0.414896 0.390004 0.370926 0.355666 0.342796 0.331277 0.320379 0.309633 0.298802 0.287833 0.276810 0.265894 0.255275 0.245134 0.235624 0.226860 0.218920 0.211853 0.205686 0.200432 0.196096 0.192687 0.190217 0.188708 0.188192 0.188717 0.190347 0.193159 0.197245 0.202704 0.209632 0.218102 0.228131 0.239637 0.252365 0.265822 0.279203 0.291383 0.301004 0.306707 0.307461 0.302878 0.293333 0.279840 0.263746 0.246391 0.228887 0.212018 0.196264 0.181856 0.168857 0.157227
0.150417 0.153487 0.156186 0.158466 0.160298 0.161669 0.162592 0.163097 0.163231 0.163054 0.162632 0.162033 0.161321 0.160555 0.159786 0.159056 0.158399 0.157842 0.157403 0.157097 0.156935 0.156923 0.157068 0.157372 0.157841 0.158479 0.159290 0.160281 0.161459 0.162832 0.164410 0.166205 0.168228 0.170491 0.173005 0.175781 0.178825 0.182142 0.185726 0.189569 0.193646 0.197924 0.202353 0.206867 0.211385 0.215814 0.220051 0.223994 0.227550 0.230646 0.233238 0.235318 0.236915 0.238094 0.238947 0.239582 0.240111 0.240636 0.241245 0.241998 0.242925 0.244023 0.245253 0.246545 0.247797 0.248890 0.249690 0.250070 0.249918 0.249155 0.247745 0.245698 0.243067 0.239942 0.236433 0.232663 0.228751 0.224805 0.220919 0.217167 0.213606 0.210276 0.207204 0.204403 0.201879 0.199633 0.197657 0.195943 0.194481 0.193259 0.192264 0.191485 0.190912 0.190535 0.190347 0.190342 0.190516 0.190869 0.191402 0.192121 0.193035 0.194155 0.195500 0.197092 0.198959 0.201137 0.203671 0.206615 0.210036 0.214015 0.218656 0.224083 0.230456 0.237973 0.246889 0.257529 0.270316 0.285800 0.304705 0.327982 0.356868 0.392934 0.438050 0.494126 0.562300 0.641144 0.723887 0.796843 0.844200 0.860277 0.857509 0.860605 0.897807 1.003906 1.242688 1.776199 3.123806 7.219657 14.062098 7.193122 3.068564 1.687873 1.114690 0.827676 0.663833 0.561219 0.492486 0.444087 0.408650 0.381828 0.360866 0.343906 0.329640 0.317126 0.305695 0.294897 0.284463 0.274270 0.264303 0.254617 0.245306 0.236473 0.228217 0.220620 0.213748 0.207648 0.202355 0.197900 0.194306 0.191605 0.189832 0.189037 0.189284 0.190659 0.193269 0.197247 0.202756 0.209983 0.219132 0.230408 0.243974 0.259889 0.278000 0.297792 0.318218 0.337582 0.353607 0.363811 0.366208 0.360027 0.346026 0.326178 0.302949 0.278603 0.254822 0.232635 0.212542 0.194679 0.178967 0.165222
0.156976 0.160472 0.163511 0.166024 0.167968 0.169325 0.170112 0.170373 0.170174 0.169600 0.168739 0.167683 0.166515 0.165308 0.164123 0.163008 0.161999 0.161123 0.160395 0.159828 0.159427 0.159195 0.159131 0.159237 0.159510 0.159951 0.160560 0.161340 0.162294 0.163426 0.164743 0.166251 0.167959 0.169873 0.172003 0.174352 0.176926 0.179722 0.182737 0.185957 0.189361 0.192921 0.196594 0.200330 0.204067 0.207736 0.211264 0.214579 0.217619 0.220333 0.222693 0.224693 0.226356 0.227722 0.228854 0.229824 0.230705 0.231568 0.232468 0.233446 0.234517 0.235674 0.236882 0.238086 0.239209 0.240160 0.240842 0.241164 0.241045 0.240428 0.239287 0.237628 0.235486 0.232925 0.230025 0.226879 0.223578 0.220213 0.216861 0.213591 0.210455 0.207497 0.204744 0.202219 0.199931 0.197886 0.196085 0.194523 0.193195 0.192091 0.191204 0.190524 0.190043 0.189752 0.189647 0.189720 0.189971 0.190397 0.191002 0.191791 0.192773 0.193962 0.195375 0.197037 0.198978 0.201235 0.203858 0.206904 0.210447 0.214576 0.219404 0.225072 0.231759 0.239693 0.249173 0.260587 0.274455 0.291481 0.312629 0.339243 0.373211 0.417193 0.474882 0.551129 0.651335 0.778484 0.925005 1.060492 1.135010 1.122244 1.054328 0.988564 0.966594 1.015509 1.169423 1.496649 2.125878 3.132278 3.800833 3.100919 2.059733 1.388601 1.008114 0.784592 0.644510 0.551217 0.485882 0.438250 0.402372 0.374578 0.352468 0.334394 0.319179 0.305970 0.294152 0.283291 0.273105 0.263430 0.254189 0.245374 0.237014 0.229158 0.221864 0.215187 0.209179 0.203881 0.199334 0.195576 0.192647 0.190594 0.189476 0.189367 0.190365 0.192593 0.196212 0.201421 0.208473 0.217673 0.229385 0.244021 0.262006 0.283704 0.309259 0.338339 0.369743 0.401002 0.428216 0.446616 0.452060 0.442878 0.420727 0.389738 0.354665 0.319395 0.286384 0.256818 0.231014 0.208811 0.189830 0.173625
0.165096 0.169172 0.172674 0.175503 0.177590 0.178914 0.179495 0.179399 0.178726 0.177594 0.176130 0.174457 0.172684 0.170903 0.169188 0.167591 0.166151 0.164891 0.163824 0.162956 0.162284 0.161807 0.161517 0.161409 0.161476 0.161712 0.162114 0.162680 0.163408 0.164300 0.165358 0.166586 0.167988 0.169571 0.171337 0.173290 0.175431 0.177759 0.180267 0.182943 0.185770 0.188723 0.191769 0.194868 0.197975 0.201038 0.204005 0.206827 0.209458 0.211867 0.214033 0.215954 0.217643 0.219130 0.220456 0.221669 0.222818 0.223949 0.225099 0.226290 0.227529 0.228803 0.230081 0.231315 0.232443 0.233393 0.234089 0.234457 0.234438 0.233987 0.233081 0.231724 0.229943 0.227784 0.225311 0.222599 0.219724 0.216763 0.213787 0.210857 0.208026 0.205336 0.202821 0.200501 0.198395 0.196510 0.194850 0.193414 0.192200 0.191203 0.190414 0.189827 0.189434 0.189229 0.189205 0.189357 0.189683 0.190183 0.190857 0.191713 0.192759 0.194009 0.195482 0.197202 0.199202 0.201522 0.204211 0.207334 0.210968 0.215209 0.220180 0.226036 0.232972 0.241246 0.251194 0.263267 0.278079 0.296487 0.319713 0.349540 0.388646 0.441148 0.513520 0.616026 0.764448 0.979594 1.273064 1.592626 1.762426 1.651465 1.395347 1.175415 1.051399 1.022790 1.085307 1.244574 1.501523 1.792823 1.926172 1.757760 1.426338 1.118550 0.890490 0.730833 0.618465 0.537418 0.477340 0.431676 0.396189 0.368049 0.345289 0.326500 0.310645 0.296956 0.284861 0.273948 0.263926 0.254609 0.245886 0.237703 0.230047 0.222932 0.216384 0.210438 0.205131 0.200500 0.196587 0.193435 0.191095 0.189630 0.189117 0.189656 0.191375 0.194443 0.199074 0.205547 0.214224 0.225565 0.240153 0.258711 0.282095 0.311244 0.347007 0.389750 0.438605 0.490344 0.538332 0.572885 0.584527 0.569193 0.530937 0.479221 0.423718 0.371052 0.324436 0.284726 0.251541 0.224018 0.201203 0.182222
0.175153 0.180032 0.184179 0.187443 0.189721 0.190977 0.191245 0.190626 0.189269 0.187350 0.185051 0.182541 0.179966 0.177441 0.175052 0.172857 0.170893 0.169176 0.167714 0.166501 0.165527 0.164781 0.164248 0.163914 0.163765 0.163790 0.163981 0.164329 0.164830 0.165482 0.166283 0.167236 0.168342 0.169603 0.171024 0.172604 0.174345 0.176245 0.178297 0.180492 0.182815 0.185246 0.187762 0.190330 0.192917 0.195487 0.198001 0.200424 0.202727 0.204886 0.206889 0.208735 0.210433 0.212004 0.213475 0.214879 0.216249 0.217614 0.218995 0.220406 0.221843 0.223290 0.224718 0.226081 0.227323 0.228382 0.229192 0.229690 0.229823 0.229552 0.228858 0.227739 0.226219 0.224336 0.222146 0.219714 0.217109 0.214402 0.211661 0.208946 0.206309 0.203794 0.201434 0.199255 0.197276 0.195507 0.193954 0.192620 0.191503 0.190597 0.189898 0.189399 0.189092 0.188970 0.189028 0.189260 0.189662 0.190234 0.190978 0.191899 0.193004 0.194309 0.195832 0.197599 0.199642 0.202004 0.204737 0.207907 0.211596 0.215907 0.220969 0.226947 0.234054 0.242566 0.252854 0.265417 0.280953 0.300453 0.325370 0.357911 0.401551 0.462015 0.549219 0.681313 0.893405 1.255518 1.894506 2.885882 3.558148 2.941280 2.008742 1.435840 1.151569 1.034408 1.019791 1.074933 1.172150 1.267082 1.298215 1.230752 1.092381 0.936651 0.797120 0.683427 0.593879 0.523841 0.468840 0.425284 0.390431 0.362216 0.339074 0.319814 0.303522 0.289498 0.277210 0.266261 0.256360 0.247304 0.238961 0.231249 0.224129 0.217585 0.211623 0.206261 0.201525 0.197449 0.194073 0.191443 0.189621 0.188681 0.188717 0.189853 0.192249 0.196115 0.201728 0.209455 0.219780 0.233354 0.251044 0.274001 0.303741 0.342190 0.391623 0.454267 0.531143 0.619496 0.708835 0.778583 0.804442 0.774937 0.701532 0.608514 0.516448 0.435814 0.369355 0.316038 0.273622 0.239819 0.212689 0.190702
0.187663 0.193675 0.198741 0.202623 0.205161 0.206296 0.206083 0.204683 0.202327 0.199283 0.195818 0.192168 0.188526 0.185035 0.181793 0.178858 0.176260 0.174005 0.172085 0.170483 0.169177 0.168140 0.167347 0.166776 0.166405 0.166215 0.166190 0.166319 0.166592 0.167004 0.167550 0.168230 0.169045 0.169995 0.171082 0.172308 0.173672 0.175174 0.176809 0.178570 0.180446 0.182421 0.184478 0.186594 0.188743 0.190901 0.193039 0.195135 0.197167 0.199120 0.200986 0.202766 0.204467 0.206104 0.207696 0.209265 0.210834 0.212420 0.214037 0.215687 0.217363 0.219045 0.220699 0.222281 0.223736 0.225002 0.226016 0.226716 0.227050 0.226978 0.226478 0.225548 0.224208 0.222494 0.220461 0.218172 0.215697 0.213107 0.210472 0.207852 0.205303 0.202869 0.200586 0.198482 0.196576 0.194881 0.193403 0.192145 0.191105 0.190279 0.189661 0.189245 0.189022 0.188984 0.189126 0.189439 0.189920 0.190567 0.191381 0.192365 0.193527 0.194880 0.196444 0.198245 0.200314 0.202697 0.205447 0.208631 0.212336 0.216668 0.221762 0.227790 0.234973 0.243603 0.254072 0.266914 0.282880 0.303053 0.329053 0.363393 0.410160 0.476390 0.575050 0.732246 1.006846 1.553228 2.864247 6.769234 13.269063 6.821299 2.970932 1.719710 1.240955 1.044141 0.975886 0.974834 1.005654 1.037551 1.042262 1.004575 0.929797 0.835893 0.740022 0.652364 0.576878 0.513911 0.462197 0.419966 0.385459 0.357125 0.333673 0.314057 0.297446 0.283185 0.270766 0.259800 0.249997 0.241144 0.233093 0.225744 0.219038 0.212943 0.207447 0.202557 0.198289 0.194674 0.191749 0.189567 0.188192 0.187710 0.188232 0.189902 0.192910 0.197508 0.204033 0.212941 0.224855 0.240636 0.261486 0.289105 0.325915 0.375360 0.442252 0.532922 0.654334 0.809902 0.988083 1.145151 1.209558 1.141551 0.980872 0.799059 0.639828 0.514712 0.420283 0.349567 0.296222 0.255423 0.223712 0.198656
0.203335 0.210987 0.217398 0.222191 0.225098 0.226020 0.225053 0.222460 0.218618 0.213943 0.208831 0.203616 0.198549 0.193804 0.189484 0.185640 0.182282 0.179398 0.176957 0.174922 0.173252 0.171904 0.170841 0.170026 0.169428 0.169020 0.168778 0.168687 0.168731 0.168902 0.169193 0.169601 0.170126 0.170769 0.171531 0.172413 0.173418 0.174544 0.175791 0.177152 0.178622 0.180189 0.181840 0.183561 0.185333 0.187137 0.188957 0.190776 0.192580 0.194360 0.196112 0.197838 0.199544 0.201242 0.202946 0.204673 0.206438 0.208253 0.210124 0.212049 0.214015 0.215998 0.217962 0.219858 0.221627 0.223202 0.224514 0.225494 0.226082 0.226232 0.225918 0.225133 0.223899 0.222253 0.220255 0.217976 0.215493 0.212883 0.210223 0.207579 0.205011 0.202565 0.200280 0.198184 0.196298 0.194633 0.193196 0.191989 0.191009 0.190251 0.189708 0.189372 0.189233 0.189282 0.189511 0.189911 0.190476 0.191202 0.192087 0.193135 0.194351 0.195749 0.197345 0.199166 0.201245 0.203625 0.206363 0.209527 0.213205 0.217506 0.222566 0.228561 0.235718 0.244333 0.254805 0.267680 0.283728 0.304066 0.330370 0.365265 0.413068 0.481321 0.584237 0.751409 1.053407 1.695695 3.509896 13.242948 13.265173 13.292227 3.610502 1.851685 1.270677 1.037145 0.945580 0.922739 0.932261 0.948717 0.951609 0.927878 0.875612 0.802896 0.721817 0.642600 0.571226 0.509934 0.458677 0.416347 0.381515 0.352792 0.328962 0.309018 0.292151 0.277716 0.265212 0.254252 0.244539 0.235854 0.228038 0.220980 0.214604 0.208867 0.203747 0.199240 0.195357 0.192123 0.189576 0.187769 0.186774 0.186684 0.187622 0.189750 0.193285 0.198516 0.205837 0.215789 0.229127 0.246927 0.270751 0.302913 0.346935 0.408294 0.495680 0.622971 0.811602 1.089827 1.472861 1.886776 2.085164 1.883221 1.465741 1.079123 0.797283 0.604999 0.474004 0.382853 0.317659 0.269718 0.233542 0.205598
0.223161 0.233250 0.241704 0.247888 0.251341 0.251893 0.249711 0.245251 0.239144 0.232059 0.224592 0.217210 0.210237 0.203866 0.198192 0.193237 0.188979 0.185368 0.182341 0.179832 0.177772 0.176100 0.174759 0.173697 0.172872 0.172246 0.171788 0.171476 0.171290 0.171218 0.171252 0.171386 0.171620 0.171955 0.172393 0.172937 0.173591 0.174355 0.175230 0.176216 0.177308 0.178500 0.179784 0.181151 0.182587 0.184083 0.185625 0.187205 0.188813 0.190447 0.192103 0.193787 0.195505 0.197267 0.199087 0.200978 0.202951 0.205015 0.207174 0.209422 0.211743 0.214109 0.216479 0.218799 0.220999 0.223001 0.224721 0.226074 0.226985 0.227394 0.227263 0.226585 0.225379 0.223694 0.221601 0.219187 0.216545 0.213768 0.210942 0.208146 0.205444 0.202889 0.200519 0.198363 0.196441 0.194763 0.193334 0.192153 0.191217 0.190517 0.190044 0.189788 0.189737 0.189878 0.190201 0.190696 0.191352 0.192164 0.193127 0.194242 0.195513 0.196950 0.198570 0.200399 0.202468 0.204822 0.207518 0.210624 0.214228 0.218441 0.223399 0.229277 0.236299 0.244758 0.255046 0.267698 0.283462 0.303420 0.329186 0.363268 0.409744 0.475636 0.573893 0.730596 1.004572 1.550148 2.860097 6.763633 13.261454 6.810865 2.956478 1.699515 1.212625 1.004630 0.922020 0.905003 0.923091 0.953495 0.973646 0.963495 0.914902 0.836472 0.745626 0.657173 0.578885 0.512973 0.458782 0.414612 0.378612 0.349128 0.324791 0.304507 0.287420 0.272860 0.260313 0.249380 0.239761 0.231228 0.223612 0.216794 0.210690 0.205246 0.200432 0.196238 0.192671 0.189750 0.187515 0.186019 0.185337 0.185568 0.186846 0.189345 0.193304 0.199042 0.206998 0.217784 0.232270 0.251721 0.278023 0.314081 0.364535 0.437105 0.545282 0.713935 0.991414 1.474494 2.338811 3.688310 4.587428 3.684799 2.331780 1.463924 0.977277 0.696195 0.523891 0.412007 0.335663 0.281358 0.241359 0.211017
0.248541 0.262369 0.274043 0.282453 0.286764 0.286658 0.282448 0.274967 0.265316 0.254597 0.243717 0.233318 0.223791 0.215322 0.207959 0.201664 0.196353 0.191916 0.188243 0.185223 0.182757 0.180754 0.179134 0.177829 0.176781 0.175942 0.175272 0.174740 0.174323 0.174006 0.173777 0.173631 0.173568 0.173589 0.173698 0.173902 0.174204 0.174610 0.175123 0.175745 0.176477 0.177316 0.178257 0.179297 0.180429 0.181645 0.182939 0.184307 0.185744 0.187250 0.188828 0.190482 0.192222 0.194059 0.196005 0.198074 0.200278 0.202625 0.205117 0.207750 0.210507 0.213357 0.216253 0.219131 0.221908 0.224488 0.226760 0.228613 0.229944 0.230667 0.230728 0.230113 0.228847 0.226994 0.224650 0.221928 0.218949 0.215831 0.212679 0.209585 0.206624 0.203850 0.201306 0.199017 0.197002 0.195267 0.193814 0.192637 0.191730 0.191080 0.190676 0.190503 0.190546 0.190789 0.191218 0.191820 0.192580 0.193489 0.194539 0.195727 0.197054 0.198529 0.200167 0.201990 0.204031 0.206333 0.208954 0.211962 0.215444 0.219511 0.224296 0.229970 0.236749 0.244914 0.254836 0.267016 0.282147 0.301215 0.325667 0.357695 0.400757 0.460553 0.546963 0.678085 0.888955 1.249488 1.886382 2.874916 3.543240 2.920796 1.980239 1.395671 1.094365 0.952617 0.903931 0.916515 0.972844 1.054294 1.127127 1.143771 1.078459 0.955571 0.819706 0.698619 0.600166 0.522705 0.462109 0.414416 0.376471 0.345902 0.320954 0.300330 0.283063 0.268429 0.255882 0.245008 0.235495 0.227109 0.219674 0.213064 0.207189 0.201990 0.197429 0.193492 0.190182 0.187518 0.185535 0.184288 0.183854 0.184336 0.185872 0.188647 0.192912 0.199005 0.207397 0.218747 0.234002 0.254557 0.282531 0.321262 0.376247 0.457036 0.581383 0.785243 1.150052 1.889984 3.689887 9.093495 18.100801 9.090026 3.682943 1.879545 1.136093 0.767729 0.560269 0.432269 0.347765 0.288992 0.246390 0.214452
0.281464 0.301234 0.318220 0.330397 0.336142 0.334827 0.327076 0.314506 0.299136 0.282821 0.266935 0.252321 0.239383 0.228228 0.218787 0.210902 0.204381 0.199027 0.194657 0.191104 0.188225 0.185895 0.184007 0.182471 0.181212 0.180169 0.179292 0.178544 0.177895 0.177326 0.176827 0.176390 0.176017 0.175712 0.175481 0.175333 0.175276 0.175318 0.175468 0.175730 0.176107 0.176603 0.177217 0.177947 0.178792 0.179748 0.180814 0.181989 0.183272 0.184667 0.186179 0.187817 0.189590 0.191514 0.193603 0.195872 0.198337 0.201009 0.203895 0.206992 0.210285 0.213743 0.217315 0.220926 0.224474 0.227834 0.230858 0.233392 0.235284 0.236409 0.236684 0.236083 0.234642 0.232453 0.229651 0.226397 0.222854 0.219179 0.215504 0.211941 0.208573 0.205460 0.202643 0.200145 0.197977 0.196140 0.194631 0.193437 0.192547 0.191944 0.191610 0.191528 0.191676 0.192037 0.192589 0.193315 0.194197 0.195220 0.196371 0.197643 0.199034 0.200547 0.202196 0.204001 0.205994 0.208218 0.210728 0.213595 0.216905 0.220765 0.225306 0.230691 0.237124 0.244865 0.254255 0.265745 0.279944 0.297704 0.320234 0.349299 0.387550 0.439068 0.510276 0.611365 0.758011 0.970869 1.261312 1.576767 1.740854 1.621756 1.353774 1.116145 0.965178 0.894872 0.892779 0.955715 1.089913 1.297372 1.528272 1.629459 1.486807 1.212692 0.957671 0.767301 0.632734 0.537023 0.467220 0.414855 0.374526 0.342744 0.317191 0.296284 0.278909 0.264268 0.251775 0.240997 0.231612 0.223378 0.216116 0.209695 0.204019 0.199027 0.194678 0.190953 0.187852 0.185393 0.183609 0.182555 0.182306 0.182967 0.184678 0.187628 0.192071 0.198354 0.206958 0.218558 0.234129 0.255115 0.283718 0.323438 0.380094 0.463954 0.594517 0.812610 1.215976 2.089898 4.590534 18.102332 18.100587 18.098905 4.583673 2.079586 1.202188 0.795313 0.573671 0.439507 0.351987 0.291603 0.248077 0.215581
0.324758 0.354338 0.380568 0.399549 0.407892 0.404233 0.389932 0.368372 0.343445 0.318333 0.295047 0.274550 0.257102 0.242562 0.230614 0.220884 0.213010 0.206665 0.201568 0.197480 0.194200 0.191562 0.189428 0.187684 0.186234 0.185003 0.183930 0.182969 0.182086 0.181259 0.180476 0.179732 0.179030 0.178378 0.177785 0.177265 0.176831 0.176495 0.176269 0.176163 0.176184 0.176338 0.176627 0.177055 0.177623 0.178331 0.179181 0.180175 0.181316 0.182611 0.184068 0.185699 0.187519 0.189544 0.191794 0.194291 0.197054 0.200104 0.203454 0.207109 0.211061 0.215285 0.219727 0.224300 0.228882 0.233307 0.237373 0.240855 0.243527 0.245194 0.245724 0.245073 0.243294 0.240529 0.236980 0.232884 0.228473 0.223958 0.219512 0.215268 0.211320 0.207729 0.204530 0.201738 0.199354 0.197372 0.195775 0.194547 0.193666 0.193110 0.192854 0.192875 0.193148 0.193647 0.194347 0.195223 0.196253 0.197414 0.198687 0.200061 0.201525 0.203081 0.204737 0.206512 0.208436 0.210552 0.212915 0.215595 0.218679 0.222270 0.226495 0.231507 0.237496 0.244699 0.253417 0.264039 0.277083 0.293241 0.313464 0.339072 0.371921 0.414625 0.470812 0.545242 0.643184 0.767431 0.910128 1.040436 1.107743 1.084650 1.001482 0.912411 0.853400 0.840671 0.886501 1.014818 1.279480 1.783579 2.587615 3.118937 2.552061 1.710934 1.166250 0.854747 0.669485 0.551592 0.471667 0.414559 0.371997 0.339191 0.313207 0.292165 0.274802 0.260246 0.247877 0.237244 0.228016 0.219948 0.212858 0.206613 0.201117 0.196304 0.192133 0.188583 0.185650 0.183351 0.181718 0.180802 0.180679 0.181450 0.183254 0.186277 0.190769 0.197070 0.205651 0.217173 0.232584 0.253280 0.281381 0.320227 0.375316 0.456198 0.580630 0.784566 1.149442 1.889435 3.689393 9.093049 18.100398 9.089662 3.682613 1.879245 1.135819 0.767478 0.560039 0.432056 0.347566 0.288806 0.246215 0.214286
0.382374 0.428806 0.472141 0.504455 0.517992 0.509427 0.482080 0.443701 0.402208 0.363024 0.328777 0.300162 0.276864 0.258166 0.243281 0.231481 0.222148 0.214776 0.208954 0.204354 0.200708 0.197803 0.195463 0.193546 0.191936 0.190541 0.189287 0.188119 0.187000 0.185903 0.184818 0.183742 0.182682 0.181651 0.180664 0.179741 0.178901 0.178161 0.177538 0.177046 0.176697 0.176500 0.176461 0.176585 0.176878 0.177341 0.177980 0.178800 0.179806 0.181008 0.182418 0.184052 0.185928 0.188070 0.190503 0.193256 0.196360 0.199846 0.203741 0.208066 0.212829 0.218014 0.223575 0.229420 0.235400 0.241300 0.246838 0.251682 0.255480 0.257919 0.258779 0.257984 0.255618 0.251911 0.247185 0.241798 0.236092 0.230358 0.224818 0.219629 0.214892 0.210661 0.206957 0.203781 0.201118 0.198945 0.197235 0.195958 0.195083 0.194579 0.194415 0.194560 0.194983 0.195651 0.196532 0.197595 0.198808 0.200141 0.201568 0.203067 0.204623 0.206230 0.207893 0.209626 0.211459 0.213433 0.215607 0.218049 0.220848 0.224104 0.227941 0.232501 0.237959 0.244523 0.252456 0.262083 0.273823 0.288216 0.305969 0.328005 0.355523 0.390041 0.433354 0.487269 0.552772 0.628220 0.706515 0.773477 0.812511 0.816653 0.796140 0.771693 0.763765 0.790491 0.875467 1.067266 1.494548 2.573111 5.853129 11.333409 5.822737 2.511176 1.398591 0.933183 0.697238 0.560185 0.472401 0.411974 0.368057 0.334780 0.308729 0.287796 0.270615 0.256264 0.244102 0.233671 0.224635 0.216752 0.209839 0.203765 0.198434 0.193780 0.189760 0.186353 0.183553 0.181375 0.179848 0.179022 0.178969 0.179785 0.181603 0.184602 0.189017 0.195172 0.203507 0.214638 0.229437 0.249170 0.275727 0.312017 0.362678 0.435435 0.543780 0.712585 0.990199 1.473401 2.337827 3.687423 4.586627 3.684075 2.331124 1.463328 0.976734 0.695697 0.523433 0.411584 0.335269 0.280988 0.241010 0.210686
0.459501 0.536009 0.613312 0.674567 0.699882 0.679863 0.623900 0.551877 0.480634 0.418748 0.368461 0.328923 0.298293 0.274688 0.256509 0.242492 0.231663 0.223283 0.216786 0.211734 0.207789 0.204682 0.202196 0.200160 0.198434 0.196907 0.195493 0.194128 0.192767 0.191385 0.189971 0.188528 0.187069 0.185613 0.184187 0.182815 0.181526 0.180343 0.179289 0.178383 0.177641 0.177074 0.176694 0.176506 0.176517 0.176734 0.177161 0.177807 0.178681 0.179794 0.181162 0.182805 0.184747 0.187019 0.189654 0.192693 0.196182 0.200168 0.204700 0.209824 0.215575 0.221963 0.228965 0.236494 0.244385 0.252361 0.260030 0.266891 0.272384 0.275982 0.277305 0.276217 0.272862 0.267629 0.261054 0.253704 0.246089 0.238610 0.231550 0.225084 0.219306 0.214248 0.209905 0.206249 0.203242 0.200838 0.198990 0.197655 0.196789 0.196351 0.196301 0.196600 0.197209 0.198087 0.199196 0.200493 0.201938 0.203491 0.205114 0.206775 0.208450 0.210124 0.211794 0.213474 0.215190 0.216986 0.218921 0.221068 0.223516 0.226367 0.229739 0.233769 0.238613 0.244456 0.251518 0.260067 0.270428 0.283006 0.298302 0.316923 0.339593 0.367110 0.400240 0.439438 0.484328 0.532912 0.580861 0.621821 0.649861 0.663385 0.667390 0.672144 0.690736 0.739647 0.845875 1.069420 1.583797 3.093487 11.322677 11.309281 11.296853 3.041065 1.503182 0.958147 0.700660 0.556724 0.466739 0.405816 0.362052 0.329161 0.303554 0.283052 0.266262 0.252257 0.240397 0.230228 0.221425 0.213748 0.207021 0.201116 0.195940 0.191427 0.187536 0.184244 0.181546 0.179454 0.177994 0.177213 0.177178 0.177979 0.179740 0.182624 0.186851 0.192713 0.200607 0.211078 0.224887 0.243113 0.267320 0.299829 0.344163 0.405802 0.493441 0.620959 0.809793 1.088200 1.471397 1.885457 2.083975 1.882145 1.464767 1.078238 0.796477 0.604261 0.473325 0.382226 0.317075 0.269171 0.233026 0.205107
0.561850 0.693506 0.843681 0.976576 1.033610 0.982238 0.855001 0.710474 0.584451 0.486372 0.413426 0.359897 0.320584 0.291527 0.269884 0.253645 0.241391 0.232102 0.225036 0.219642 0.215500 0.212285 0.209741 0.207661 0.205880 0.204267 0.202721 0.201168 0.199559 0.197867 0.196086 0.194226 0.192309 0.190368 0.188437 0.186554 0.184756 0.183077 0.181545 0.180184 0.179014 0.178051 0.177306 0.176789 0.176508 0.176468 0.176679 0.177148 0.177887 0.178911 0.180238 0.181894 0.183909 0.186321 0.189176 0.192530 0.196445 0.200996 0.206262 0.212327 0.219271 0.227156 0.236007 0.245774 0.256297 0.267243 0.278074 0.288027 0.296184 0.301625 0.303655 0.302017 0.296976 0.289235 0.279723 0.269368 0.258937 0.248981 0.239838 0.231679 0.224559 0.218463 0.213335 0.209103 0.205689 0.203016 0.201015 0.199621 0.198775 0.198425 0.198520 0.199013 0.199856 0.201001 0.202399 0.203996 0.205741 0.207579 0.209458 0.211333 0.213166 0.214930 0.216615 0.218229 0.219798 0.221369 0.223006 0.224787 0.226807 0.229172 0.231999 0.235418 0.239571 0.244621 0.250751 0.258173 0.267137 0.277934 0.290902 0.306422 0.324900 0.346714 0.372112 0.401036 0.432857 0.466104 0.498393 0.526876 0.549420 0.566090 0.580069 0.597602 0.627836 0.684262 0.790427 0.996696 1.433793 2.519257 5.804535 11.289269 5.782719 2.475152 1.366464 0.904796 0.672349 0.538476 0.453514 0.395535 0.353707 0.322188 0.297602 0.277885 0.261712 0.248198 0.236735 0.226892 0.218360 0.210911 0.204380 0.198643 0.193612 0.189226 0.185444 0.182244 0.179620 0.177582 0.176154 0.175379 0.175316 0.176050 0.177690 0.180384 0.184326 0.189774 0.197070 0.206677 0.219222 0.235572 0.256935 0.285017 0.322243 0.372063 0.439291 0.530263 0.651945 0.807755 0.986153 1.143414 1.207992 1.140138 0.979593 0.797898 0.638771 0.513744 0.419394 0.348745 0.295457 0.254707 0.223036 0.198012
0.692226 0.924442 1.242496 1.585860 1.752780 1.591937 1.254645 0.942654 0.716487 0.563676 0.461071 0.391107 0.342404 0.307827 0.282867 0.264617 0.251148 0.241147 0.233692 0.228117 0.223925 0.220735 0.218249 0.216225 0.214472 0.212834 0.211195 0.209467 0.207598 0.205561 0.203359 0.201011 0.198557 0.196042 0.193519 0.191040 0.188654 0.186406 0.184331 0.182461 0.180818 0.179421 0.178283 0.177413 0.176820 0.176510 0.176493 0.176777 0.177376 0.178307 0.179591 0.181260 0.183350 0.185909 0.188997 0.192686 0.197066 0.202242 0.208337 0.215492 0.223857 0.233582 0.244788 0.257524 0.271694 0.286951 0.302591 0.317462 0.330016 0.338568 0.341771 0.339105 0.331099 0.319106 0.304822 0.289803 0.275208 0.261752 0.249787 0.239420 0.230611 0.223246 0.217185 0.212283 0.208407 0.205439 0.203276 0.201830 0.201025 0.200795 0.201079 0.201820 0.202962 0.204448 0.206215 0.208201 0.210336 0.212550 0.214771 0.216933 0.218981 0.220871 0.222582 0.224117 0.225501 0.226788 0.228049 0.229376 0.230873 0.232656 0.234843 0.237563 0.240948 0.245140 0.250291 0.256567 0.264153 0.273253 0.284085 0.296876 0.311836 0.329114 0.348732 0.370486 0.393837 0.417848 0.441260 0.462821 0.481863 0.498956 0.516376 0.538312 0.571168 0.624705 0.715193 0.872755 1.156676 1.674111 2.488352 3.028499 2.470000 1.637148 1.100614 0.796949 0.618993 0.507710 0.433609 0.381520 0.343212 0.313966 0.290937 0.272334 0.256986 0.244099 0.233122 0.223662 0.215436 0.208234 0.201905 0.196334 0.191441 0.187168 0.183477 0.180347 0.177772 0.175760 0.174333 0.173529 0.173400 0.174020 0.175487 0.177929 0.181513 0.186457 0.193045 0.201651 0.212771 0.227060 0.245394 0.268931 0.299192 0.338109 0.387961 0.450982 0.528195 0.616850 0.706458 0.776446 0.802518 0.773202 0.699964 0.607092 0.515154 0.434632 0.368268 0.315034 0.272688 0.238944 0.211863 0.189916
0.841184 1.241284 1.953580 3.063188 3.804072 3.069732 1.966664 1.260901 0.867324 0.642111 0.506009 0.419416 0.361951 0.322548 0.294863 0.275073 0.260765 0.250357 0.242769 0.237234 0.233187 0.230197 0.227924 0.226092 0.224476 0.222896 0.221213 0.219326 0.217178 0.214747 0.212044 0.209111 0.206005 0.202797 0.199562 0.196372 0.193293 0.190381 0.187682 0.185232 0.183058 0.181178 0.179607 0.178354 0.177424 0.176826 0.176566 0.176654 0.177103 0.177933 0.179169 0.180845 0.183007 0.185713 0.189039 0.193079 0.197950 0.203800 0.210810 0.219197 0.229218 0.241163 0.255328 0.271970 0.291193 0.312776 0.335908 0.358909 0.379124 0.393306 0.398635 0.393979 0.380479 0.360962 0.338686 0.316311 0.295529 0.277158 0.261430 0.248248 0.237366 0.228497 0.221359 0.215706 0.211328 0.208049 0.205730 0.204252 0.203522 0.203457 0.203986 0.205045 0.206569 0.208490 0.210736 0.213228 0.215878 0.218593 0.221274 0.223830 0.226174 0.228244 0.230001 0.231439 0.232588 0.233508 0.234291 0.235047 0.235899 0.236977 0.238411 0.240331 0.242863 0.246132 0.250265 0.255390 0.261639 0.269150 0.278058 0.288487 0.300534 0.314232 0.329520 0.346189 0.363851 0.381946 0.399832 0.416988 0.433318 0.449473 0.467100 0.489029 0.519510 0.564738 0.633898 0.740551 0.902203 1.128239 1.373563 1.487805 1.358164 1.097321 0.855555 0.677940 0.555182 0.470041 0.409439 0.364913 0.331155 0.304820 0.283749 0.266519 0.252163 0.240012 0.229591 0.220559 0.212664 0.205723 0.199599 0.194191 0.189426 0.185251 0.181633 0.178553 0.176005 0.173995 0.172541 0.171677 0.171449 0.171919 0.173172 0.175316 0.178489 0.182870 0.188685 0.196226 0.205863 0.218067 0.233431 0.252685 0.276695 0.306406 0.342672 0.385865 0.435124 0.487224 0.535533 0.570372 0.582268 0.567159 0.529100 0.477558 0.422207 0.369672 0.323170 0.283557 0.250454 0.223000 0.200241 0.181306
0.972929 1.583508 3.062053 7.491387 14.871510 7.498458 3.076194 1.604714 1.001194 0.704870 0.540363 0.440979 0.377262 0.334658 0.305324 0.284734 0.270124 0.259720 0.252329 0.247114 0.243461 0.240896 0.239039 0.237577 0.236248 0.234837 0.233178 0.231153 0.228697 0.225795 0.222480 0.218819 0.214903 0.210837 0.206728 0.202673 0.198761 0.195063 0.191634 0.188515 0.185736 0.183316 0.181264 0.179590 0.178295 0.177385 0.176863 0.176739 0.177026 0.177743 0.178920 0.180594 0.182820 0.185667 0.189226 0.193617 0.198990 0.205544 0.213529 0.223267 0.235161 0.249710 0.267504 0.289191 0.315354 0.346249 0.381290 0.418280 0.452695 0.477934 0.487536 0.478736 0.454307 0.420719 0.384583 0.350431 0.320468 0.295292 0.274655 0.257985 0.244644 0.234054 0.225725 0.219266 0.214365 0.210781 0.208326 0.206851 0.206240 0.206399 0.207247 0.208712 0.210722 0.213202 0.216069 0.219225 0.222561 0.225951 0.229263 0.232363 0.235127 0.237457 0.239288 0.240607 0.241446 0.241886 0.242046 0.242068 0.242109 0.242323 0.242859 0.243855 0.245434 0.247709 0.250784 0.254756 0.259717 0.265752 0.272939 0.281337 0.290976 0.301837 0.313837 0.326804 0.340478 0.354535 0.368656 0.382657 0.396640 0.411168 0.427394 0.447158 0.473067 0.508591 0.558061 0.626076 0.714953 0.817777 0.907927 0.941762 0.895021 0.791927 0.676106 0.574219 0.493297 0.431251 0.383831 0.347171 0.318333 0.295211 0.276321 0.260619 0.247363 0.236019 0.226201 0.217623 0.210074 0.203398 0.197476 0.192222 0.187572 0.183481 0.179919 0.176869 0.174325 0.172294 0.170790 0.169841 0.169486 0.169779 0.170788 0.172602 0.175333 0.179121 0.184142 0.190610 0.198791 0.209004 0.221625 0.237075 0.255791 0.278143 0.304284 0.333888 0.365761 0.397438 0.425024 0.443756 0.449494 0.440571 0.418648 0.387858 0.352960 0.317840 0.284959 0.255503 0.229792 0.207667 0.188749 0.172594
1.028883 1.749363 3.801886 14.870467 14.874224 14.878135 3.817223 1.772368 1.059555 0.732110 0.556431 0.452473 0.386791 0.343405 0.313888 0.293451 0.279201 0.269293 0.262496 0.257943 0.254991 0.253135 0.251959 0.251106 0.250267 0.249181 0.247640 0.245503 0.242694 0.239213 0.235120 0.230526 0.225575 0.220420 0.215213 0.210088 0.205160 0.200517 0.196225 0.192330 0.188858 0.185825 0.183238 0.181098 0.179404 0.178154 0.177349 0.176995 0.177104 0.177694 0.178797 0.180456 0.182730 0.185702 0.189478 0.194204 0.200069 0.207326 0.216309 0.227464 0.241388 0.258870 0.280950 0.308944 0.344411 0.388876 0.443040 0.505027 0.567686 0.616975 0.636322 0.617899 0.569542 0.507834 0.446823 0.393673 0.350268 0.315917 0.289106 0.268288 0.252159 0.239691 0.230108 0.222828 0.217418 0.213556 0.211004 0.209581 0.209151 0.209607 0.210864 0.212844 0.215473 0.218671 0.222343 0.226376 0.230631 0.234943 0.239130 0.242999 0.246364 0.249073 0.251025 0.252189 0.252609 0.252399 0.251724 0.250782 0.249780 0.248915 0.248363 0.248276 0.248779 0.249973 0.251943 0.254759 0.258476 0.263141 0.268788 0.275434 0.283070 0.291656 0.301107 0.311293 0.322042 0.333169 0.344521 0.356052 0.367911 0.380523 0.394649 0.411417 0.432295 0.458999 0.493194 0.535754 0.585181 0.635196 0.673314 0.684747 0.662503 0.613578 0.552784 0.492665 0.439612 0.395300 0.359100 0.329650 0.305557 0.285641 0.268975 0.254850 0.242733 0.232225 0.223026 0.214910 0.207707 0.201289 0.195559 0.190445 0.185894 0.181868 0.178342 0.175302 0.172743 0.170670 0.169094 0.168040 0.167538 0.167632 0.168378 0.169845 0.172121 0.175313 0.179548 0.184982 0.191793 0.200184 0.210375 0.222583 0.236984 0.253646 0.272425 0.292813 0.313772 0.333612 0.350058 0.360638 0.363367 0.357479 0.343735 0.324111 0.301077 0.276900 0.253263 0.231198 0.211208 0.193429 0.177786 0.164095
0.976504 1.587538 3.066587 7.496475 14.877206 7.504819 3.083277 1.612580 1.009905 0.714489 0.550954 0.452608 0.389999 0.348576 0.320504 0.301262 0.288094 0.279229 0.273473 0.269978 0.268099 0.267312 0.267166 0.267249 0.267186 0.266648 0.265365 0.263152 0.259922 0.255694 0.250577 0.244753 0.238441 0.231872 0.225260 0.218789 0.212605 0.206817 0.201498 0.196692 0.192422 0.188695 0.185508 0.182853 0.180721 0.179101 0.177989 0.177385 0.177297 0.177744 0.178756 0.180380 0.182681 0.185751 0.189715 0.194742 0.201060 0.208979 0.218925 0.231486 0.247484 0.268083 0.294936 0.330398 0.377758 0.441338 0.525896 0.633768 0.757080 0.865996 0.911689 0.867036 0.759170 0.636925 0.530149 0.446724 0.384327 0.338210 0.304061 0.278606 0.259504 0.245116 0.234295 0.226236 0.220369 0.216287 0.213699 0.212394 0.212220 0.213062 0.214834 0.217462 0.220873 0.224990 0.229710 0.234905 0.240403 0.245989 0.251409 0.256380 0.260624 0.263899 0.266041 0.266996 0.266826 0.265703 0.263877 0.261632 0.259258 0.257013 0.255117 0.253741 0.253010 0.253017 0.253823 0.255468 0.257977 0.261363 0.265625 0.270747 0.276700 0.283429 0.290856 0.298882 0.307392 0.316276 0.325461 0.334952 0.344878 0.355529 0.367376 0.381063 0.397338 0.416927 0.440256 0.466973 0.495248 0.521137 0.538796 0.542486 0.529748 0.503063 0.468207 0.431081 0.395725 0.364098 0.336722 0.313367 0.293510 0.276573 0.262029 0.249436 0.238437 0.228751 0.220157 0.212489 0.205615 0.199437 0.193878 0.188883 0.184409 0.180427 0.176916 0.173866 0.171271 0.169136 0.167471 0.166293 0.165628 0.165510 0.165982 0.167097 0.168921 0.171531 0.175018 0.179486 0.185048 0.191825 0.199929 0.209449 0.220416 0.232760 0.246237 0.260362 0.274338 0.287048 0.297140 0.303261 0.304385 0.300126 0.290865 0.277620 0.261741 0.244571 0.227223 0.210487 0.194843 0.180524 0.167598 0.156025
0.848338 1.249353 1.962661 3.073385 3.815494 3.082494 1.980886 1.276706 0.884837 0.661460 0.527326 0.442835 0.387613 0.350603 0.325475 0.308420 0.297045 0.289780 0.285547 0.283561 0.283205 0.283950 0.285301 0.286779 0.287910 0.288254 0.287439 0.285208 0.281451 0.276218 0.269703 0.262201 0.254055 0.245607 0.237165 0.228976 0.221225 0.214036 0.207486 0.201611 0.196420 0.191906 0.188049 0.184826 0.182214 0.180193 0.178748 0.177872 0.177569 0.177852 0.178753 0.180318 0.182618 0.185752 0.189861 0.195134 0.201836 0.210332 0.221136 0.234980 0.252931 0.276568 0.308296 0.351855 0.413179 0.501743 0.632177 0.823774 1.086919 1.371163 1.508336 1.372315 1.089233 0.827269 0.636883 0.507698 0.420436 0.360477 0.318359 0.288164 0.266167 0.249983 0.238050 0.229325 0.223098 0.218883 0.216341 0.215236 0.215406 0.216737 0.219149 0.222580 0.226972 0.232258 0.238341 0.245081 0.252274 0.259642 0.266829 0.273419 0.278976 0.283113 0.285557 0.286210 0.285174 0.282724 0.279253 0.275195 0.270967 0.266923 0.263335 0.260398 0.258235 0.256919 0.256483 0.256934 0.258261 0.260443 0.263446 0.267231 0.271747 0.276931 0.282712 0.289009 0.295737 0.302828 0.310243 0.317995 0.326177 0.334968 0.344638 0.355520 0.367948 0.382146 0.398047 0.415046 0.431740 0.445833 0.454471 0.455167 0.446922 0.430759 0.409200 0.385145 0.360962 0.338146 0.317416 0.298967 0.282700 0.268389 0.255772 0.244596 0.234640 0.225723 0.217694 0.210437 0.203858 0.197888 0.192471 0.187565 0.183142 0.179177 0.175657 0.172573 0.169923 0.167707 0.165935 0.164620 0.163781 0.163443 0.163638 0.164406 0.165792 0.167850 0.170641 0.174229 0.178682 0.184059 0.190408 0.197741 0.206017 0.215111 0.224773 0.234599 0.244009 0.252265 0.258545 0.262070 0.262277 0.258957 0.252313 0.242903 0.231499 0.218918 0.205893 0.192996 0.180625 0.169023 0.158309 0.148517
0.702963 0.936564 1.256151 1.601208 1.769989 1.611185 1.276118 0.966543 0.742986 0.592984 0.493390 0.426644 0.381376 0.350464 0.329423 0.315375 0.306427 0.301300 0.299091 0.299124 0.300840 0.303715 0.307214 0.310752 0.313707 0.315456 0.315447 0.313294 0.308842 0.302198 0.293699 0.283833 0.273143 0.262148 0.251282 0.240875 0.231150 0.222242 0.214215 0.207085 0.200835 0.195430 0.190826 0.186980 0.183847 0.181393 0.179590 0.178421 0.177882 0.177982 0.178748 0.180228 0.182492 0.185648 0.189845 0.195291 0.202277 0.211216 0.222698 0.237580 0.257150 0.283390 0.319465 0.370644 0.446138 0.562922 0.753997 1.085419 1.677064 2.599881 3.215345 2.601141 1.679595 1.089241 0.759141 0.569429 0.454062 0.380053 0.330440 0.296031 0.271576 0.253928 0.241132 0.231927 0.225486 0.221254 0.218858 0.218048 0.218660 0.220593 0.223785 0.228198 0.233807 0.240572 0.248421 0.257222 0.266746 0.276640 0.286409 0.295430 0.303011 0.308501 0.311429 0.311621 0.309252 0.304790 0.298887 0.292230 0.285438 0.278995 0.273243 0.268390 0.264544 0.261740 0.259968 0.259190 0.259350 0.260389 0.262239 0.264835 0.268108 0.271985 0.276395 0.281265 0.286531 0.292139 0.298064 0.304313 0.310940 0.318046 0.325768 0.334255 0.343620 0.353859 0.364754 0.375757 0.385912 0.393890 0.398227 0.397740 0.391976 0.381406 0.367233 0.350955 0.333946 0.317223 0.301406 0.286794 0.273470 0.261390 0.250452 0.240531 0.231507 0.223274 0.215742 0.208838 0.202504 0.196696 0.191378 0.186525 0.182117 0.178140 0.174583 0.171441 0.168712 0.166399 0.164505 0.163041 0.162019 0.161458 0.161380 0.161811 0.162781 0.164326 0.166482 0.169286 0.172770 0.176956 0.181850 0.187425 0.193608 0.200262 0.207165 0.214002 0.220356 0.225738 0.229630 0.231567 0.231222 0.228473 0.223436 0.216434 0.207925 0.198420 0.188404 0.178286 0.168377 0.158890 0.149957 0.141641
0.576177 0.709699 0.861946 0.997134 1.056696 1.008099 0.883896 0.742670 0.620220 0.525991 0.457176 0.408063 0.373463 0.349438 0.333177 0.322725 0.316724 0.314228 0.314557 0.317186 0.321649 0.327456 0.334022 0.340623 0.346396 0.350403 0.351772 0.349869 0.344452 0.335728 0.324295 0.310983 0.296673 0.282149 0.268027 0.254728 0.242507 0.231484 0.221689 0.213091 0.205629 0.199225 0.193798 0.189272 0.185579 0.182662 0.180477 0.178996 0.178202 0.178099 0.178707 0.180071 0.182264 0.185391 0.189610 0.195137 0.202284 0.211491 0.223399 0.238955 0.259600 0.287613 0.326740 0.383502 0.470016 0.610823 0.861504 1.368241 2.598452 6.288269 12.437693 6.289636 2.601196 1.372382 0.867075 0.617867 0.478591 0.393678 0.338606 0.301275 0.275189 0.256622 0.243329 0.233900 0.227427 0.223317 0.221180 0.220767 0.221927 0.224580 0.228700 0.234294 0.241388 0.250006 0.260135 0.271684 0.284432 0.297956 0.311580 0.324362 0.335168 0.342864 0.346594 0.346035 0.341506 0.333861 0.324228 0.313734 0.303311 0.293620 0.285063 0.277838 0.271999 0.267514 0.264298 0.262248 0.261253 0.261201 0.261989 0.263520 0.265703 0.268455 0.271699 0.275367 0.279398 0.283749 0.288394 0.293332 0.298588 0.304208 0.310249 0.316761 0.323746 0.331115 0.338636 0.345884 0.352232 0.356899 0.359090 0.358200 0.354000 0.346721 0.336975 0.325569 0.313305 0.300844 0.288650 0.277004 0.266043 0.255807 0.246284 0.237431 0.229200 0.221542 0.214415 0.207786 0.201628 0.195921 0.190649 0.185800 0.181365 0.177337 0.173711 0.170485 0.167655 0.165224 0.163194 0.161571 0.160362 0.159578 0.159234 0.159344 0.159927 0.161003 0.162589 0.164702 0.167353 0.170538 0.174239 0.178410 0.182969 0.187788 0.192683 0.197410 0.201674 0.205144 0.207485 0.208409 0.207716 0.205332 0.201326 0.195891 0.189311 0.181914 0.174025 0.165935 0.157879 0.150035 0.142523 0.135420
0.477422 0.556297 0.636235 0.700413 0.728961 0.712504 0.660446 0.592685 0.526065 0.469171 0.424244 0.390440 0.365927 0.348849 0.337656 0.331161 0.328503 0.329078 0.332464 0.338341 0.346396 0.356220 0.367198 0.378419 0.388639 0.396374 0.400140 0.398815 0.391970 0.380014 0.364047 0.345531 0.325919 0.306414 0.287862 0.270774 0.255393 0.241778 0.229878 0.219579 0.210744 0.203231 0.196906 0.191649 0.187361 0.183956 0.181371 0.179559 0.178495 0.178169 0.178597 0.179817 0.181897 0.184944 0.189111 0.194620 0.201784 0.211056 0.223091 0.238868 0.259885 0.288526 0.328761 0.387597 0.478340 0.628856 0.905859 1.504058 3.212548 12.436319 12.437004 12.437790 3.215500 1.508513 0.911849 0.636428 0.487552 0.398524 0.341499 0.303188 0.276612 0.257828 0.244489 0.235137 0.228841 0.225005 0.223246 0.223332 0.225140 0.228629 0.233826 0.240807 0.249686 0.260592 0.273633 0.288837 0.306062 0.324869 0.344376 0.363167 0.379334 0.390808 0.395931 0.394061 0.385834 0.372902 0.357328 0.341007 0.325343 0.311198 0.298987 0.288818 0.280622 0.274237 0.269465 0.266105 0.263966 0.262876 0.262684 0.263256 0.264477 0.266249 0.268486 0.271117 0.274084 0.277345 0.280874 0.284661 0.288711 0.293039 0.297658 0.302565 0.307719 0.313011 0.318241 0.323100 0.327178 0.330004 0.331124 0.330203 0.327113 0.321967 0.315085 0.306911 0.297913 0.288508 0.279017 0.269661 0.260576 0.251834 0.243467 0.235484 0.227886 0.220670 0.213834 0.207381 0.201310 0.195626 0.190331 0.185427 0.180914 0.176793 0.173062 0.169719 0.166765 0.164197 0.162017 0.160225 0.158826 0.157822 0.157222 0.157030 0.157257 0.157908 0.158990 0.160504 0.162444 0.164795 0.167524 0.170579 0.173879 0.177313 0.180730 0.183948 0.186753 0.188918 0.190221 0.190475 0.189554 0.187412 0.184090 0.179708 0.174448 0.168525 0.162161 0.155563 0.148909 0.142339 0.135960 0.129843
0.403891 0.453212 0.499774 0.535681 0.553208 0.549057 0.526569 0.493512 0.457815 0.424902 0.397400 0.376003 0.360399 0.349901 0.343781 0.341425 0.342393 0.346418 0.353379 0.363238 0.375939 0.391267 0.408655 0.426985 0.444436 0.458549 0.466639 0.466550 0.457446 0.440155 0.416824 0.390136 0.362552 0.335892 0.311266 0.289204 0.269840 0.253076 0.238700 0.226457 0.216091 0.207367 0.200078 0.194050 0.189139 0.185229 0.182229 0.180076 0.178728 0.178164 0.178391 0.179439 0.181369 0.184281 0.188324 0.193710 0.200745 0.209867 0.221713 0.237228 0.257851 0.285858 0.324995 0.381781 0.468332 0.609186 0.859927 1.366734 2.597026 6.286932 12.436455 6.288505 2.600184 1.371499 0.866332 0.617277 0.478171 0.393448 0.338588 0.301500 0.275693 0.257454 0.244548 0.235586 0.229680 0.226268 0.224999 0.225678 0.228223 0.232651 0.239061 0.247628 0.258598 0.272272 0.288978 0.308995 0.332431 0.358998 0.387687 0.416432 0.441973 0.460326 0.468031 0.463695 0.448704 0.426512 0.401091 0.375690 0.352358 0.332079 0.315115 0.301319 0.290363 0.281859 0.275430 0.270736 0.267480 0.265413 0.264323 0.264035 0.264406 0.265317 0.266671 0.268393 0.270424 0.272722 0.275261 0.278027 0.281014 0.284220 0.287639 0.291247 0.294990 0.298770 0.302428 0.305747 0.308456 0.310262 0.310892 0.310146 0.307941 0.304321 0.299451 0.293569 0.286939 0.279808 0.272382 0.264815 0.257218 0.249663 0.242207 0.234889 0.227747 0.220818 0.214135 0.207733 0.201641 0.195883 0.190481 0.185449 0.180797 0.176531 0.172651 0.169159 0.166053 0.163328 0.160984 0.159016 0.157424 0.156205 0.155361 0.154889 0.154790 0.155063 0.155702 0.156700 0.158041 0.159700 0.161641 0.163810 0.166133 0.168515 0.170836 0.172959 0.174726 0.175979 0.176568 0.176367 0.175293 0.173315 0.170460 0.166805 0.162468 0.157596 0.152340 0.146851 0.141261 0.135682 0.130202 0.124886
0.349866 0.382881 0.412964 0.436256 0.449410 0.451100 0.442719 0.427674 0.409875 0.392504 0.377562 0.366000 0.358066 0.353636 0.352458 0.354312 0.359096 0.366879 0.377904 0.392538 0.411173 0.434023 0.460812 0.490325 0.519949 0.545493 0.561794 0.564354 0.551357 0.524615 0.488628 0.448576 0.408684 0.371616 0.338643 0.310092 0.285768 0.265238 0.248004 0.233582 0.221544 0.211527 0.203227 0.196402 0.190854 0.186430 0.183011 0.180511 0.178871 0.178059 0.178068 0.178919 0.180664 0.183392 0.187240 0.192405 0.199171 0.207942 0.219301 0.234103 0.253630 0.279860 0.315955 0.367184 0.442753 0.559635 0.750831 1.082394 1.674199 2.597196 3.212859 2.598873 1.677564 1.087467 0.757648 0.568242 0.453214 0.379581 0.330392 0.296464 0.272563 0.255564 0.243536 0.235253 0.229931 0.227077 0.226395 0.227740 0.231090 0.236532 0.244259 0.254580 0.267924 0.284853 0.306055 0.332292 0.364260 0.402254 0.445544 0.491430 0.534367 0.566263 0.579202 0.569788 0.541409 0.501975 0.459567 0.419715 0.385101 0.356431 0.333375 0.315196 0.301078 0.290267 0.282118 0.276101 0.271784 0.268817 0.266923 0.265877 0.265499 0.265651 0.266223 0.267134 0.268324 0.269754 0.271397 0.273241 0.275278 0.277501 0.279899 0.282446 0.285092 0.287757 0.290325 0.292644 0.294536 0.295811 0.296298 0.295866 0.294448 0.292049 0.288735 0.284617 0.279823 0.274480 0.268697 0.262562 0.256149 0.249522 0.242743 0.235878 0.228997 0.222171 0.215473 0.208970 0.202718 0.196767 0.191155 0.185908 0.181043 0.176572 0.172497 0.168817 0.165529 0.162626 0.160103 0.157952 0.156166 0.154738 0.153663 0.152932 0.152540 0.152477 0.152731 0.153288 0.154126 0.155217 0.156520 0.157986 0.159549 0.161128 0.162630 0.163946 0.164964 0.165568 0.165654 0.165135 0.163955 0.162093 0.159564 0.156421 0.152743 0.148630 0.144190 0.139531 0.134754 0.129946 0.125179 0.120509
0.310144 0.333923 0.355428 0.372689 0.384141 0.389213 0.388576 0.383887 0.377191 0.370344 0.364702 0.361069 0.359807 0.361004 0.364639 0.370727 0.379440 0.391187 0.406665 0.426847 0.452893 0.485921 0.526536 0.573979 0.624875 0.672085 0.705096 0.713591 0.693138 0.648157 0.588969 0.526116 0.466805 0.414517 0.370155 0.333275 0.302907 0.277988 0.257544 0.240751 0.226940 0.215579 0.206249 0.198620 0.192438 0.187506 0.183673 0.180830 0.178898 0.177831 0.177610 0.178245 0.179775 0.182277 0.185870 0.190729 0.197105 0.205353 0.215978 0.229706 0.247596 0.271222 0.302985 0.346621 0.408061 0.496775 0.627394 0.819205 1.082595 1.367112 1.504586 1.368893 1.086167 0.824590 0.634626 0.505901 0.419144 0.359745 0.318256 0.288774 0.267598 0.252371 0.241569 0.234199 0.229619 0.227426 0.227399 0.229456 0.233644 0.240134 0.249233 0.261410 0.277336 0.297937 0.324449 0.358462 0.401864 0.456510 0.523245 0.599766 0.677307 0.738674 0.763567 0.742396 0.684746 0.610908 0.538068 0.474977 0.423919 0.384022 0.353394 0.330103 0.312502 0.299279 0.289421 0.282151 0.276870 0.273117 0.270530 0.268832 0.267808 0.267293 0.267165 0.267339 0.267755 0.268378 0.269189 0.270179 0.271346 0.272689 0.274201 0.275861 0.277634 0.279463 0.281267 0.282943 0.284373 0.285435 0.286012 0.286012 0.285374 0.284069 0.282099 0.279484 0.276251 0.272427 0.268034 0.263095 0.257640 0.251715 0.245388 0.238747 0.231898 0.224955 0.218033 0.211235 0.204654 0.198361 0.192412 0.186844 0.181682 0.176936 0.172610 0.168700 0.165199 0.162096 0.159380 0.157038 0.155058 0.153428 0.152135 0.151167 0.150512 0.150154 0.150077 0.150260 0.150679 0.151303 0.152093 0.153002 0.153972 0.154936 0.155819 0.156538 0.157006 0.157141 0.156865 0.156120 0.154865 0.153084 0.150788 0.148011 0.144810 0.141253 0.137419 0.133387 0.129233 0.125025 0.120822 0.116673
0.280758 0.299197 0.316096 0.330426 0.341429 0.348868 0.353132 0.355117 0.355970 0.356798 0.358481 0.361587 0.366402 0.373014 0.381450 0.391826 0.404507 0.420257 0.440352 0.466647 0.501576 0.548003 0.608733 0.685190 0.774595 0.865639 0.935921 0.958924 0.922105 0.837968 0.733014 0.629673 0.539348 0.464993 0.405436 0.358189 0.320720 0.290878 0.266968 0.247694 0.232074 0.219371 0.209026 0.200617 0.193824 0.188404 0.184174 0.180998 0.178782 0.177463 0.177007 0.177413 0.178707 0.180949 0.184238 0.188724 0.194617 0.202215 0.211931 0.224344 0.240268 0.260860 0.287766 0.323338 0.370857 0.434645 0.519455 0.627620 0.751265 0.860550 0.906649 0.862438 0.755050 0.633323 0.527109 0.444296 0.382568 0.337191 0.303869 0.279350 0.261320 0.248180 0.238830 0.232530 0.228794 0.227327 0.227988 0.230768 0.235785 0.243302 0.253751 0.267785 0.286362 0.310867 0.343297 0.386515 0.444531 0.522626 0.626617 0.759357 0.911202 1.045616 1.102813 1.049581 0.919130 0.771240 0.642438 0.542358 0.468126 0.413899 0.374358 0.345444 0.324233 0.308647 0.297206 0.288838 0.282755 0.278368 0.275231 0.273005 0.271438 0.270340 0.269579 0.269066 0.268746 0.268593 0.268599 0.268769 0.269112 0.269638 0.270351 0.271245 0.272302 0.273486 0.274748 0.276023 0.277237 0.278308 0.279159 0.279718 0.279924 0.279721 0.279059 0.277883 0.276132 0.273737 0.270631 0.266760 0.262103 0.256682 0.250571 0.243891 0.236794 0.229454 0.222038 0.214702 0.207574 0.200753 0.194313 0.188298 0.182736 0.177637 0.172999 0.168813 0.165065 0.161739 0.158815 0.156276 0.154103 0.152277 0.150781 0.149598 0.148708 0.148094 0.147733 0.147603 0.147675 0.147919 0.148297 0.148765 0.149273 0.149765 0.150179 0.150450 0.150511 0.150301 0.149763 0.148853 0.147542 0.145819 0.143690 0.141179 0.138326 0.135181 0.131799 0.128241 0.124565 0.120825 0.117069 0.113336
0.258854 0.274182 0.288614 0.301618 0.312844 0.322241 0.330092 0.336960 0.343554 0.350577 0.358591 0.367941 0.378744 0.390942 0.404434 0.419269 0.435895 0.455420 0.479841 0.512250 0.557040 0.620145 0.709086 0.831942 0.992764 1.179128 1.343331 1.407199 1.327259 1.146882 0.944177 0.766844 0.627417 0.522086 0.443171 0.383690 0.338327 0.303267 0.275818 0.254082 0.236710 0.222728 0.211431 0.202297 0.194940 0.189070 0.184473 0.180988 0.178503 0.176939 0.176251 0.176423 0.177467 0.179427 0.182381 0.186448 0.191799 0.198668 0.207376 0.218360 0.232202 0.249687 0.271843 0.299985 0.335663 0.380399 0.434887 0.497252 0.560335 0.610095 0.629957 0.612094 0.564341 0.503284 0.442977 0.390589 0.348014 0.314578 0.288783 0.269111 0.254289 0.243336 0.235533 0.230375 0.227530 0.226810 0.228154 0.231624 0.237413 0.245873 0.257558 0.273312 0.294397 0.322719 0.361199 0.414398 0.489571 0.598310 0.758523 0.993823 1.316927 1.666063 1.835335 1.670320 1.325443 1.006599 0.775555 0.619585 0.515062 0.444049 0.394917 0.360362 0.335751 0.318080 0.305338 0.296138 0.289493 0.284682 0.281173 0.278566 0.276567 0.274965 0.273620 0.272443 0.271392 0.270457 0.269649 0.268992 0.268514 0.268244 0.268202 0.268400 0.268839 0.269506 0.270379 0.271424 0.272600 0.273859 0.275150 0.276419 0.277602 0.278624 0.279386 0.279763 0.279601 0.278724 0.276952 0.274135 0.270178 0.265074 0.258910 0.251857 0.244146 0.236034 0.227770 0.219573 0.211619 0.204038 0.196916 0.190305 0.184226 0.178683 0.173665 0.169154 0.165124 0.161551 0.158406 0.155664 0.153298 0.151285 0.149601 0.148223 0.147128 0.146292 0.145692 0.145301 0.145089 0.145027 0.145076 0.145197 0.145346 0.145475 0.145533 0.145466 0.145224 0.144758 0.144026 0.142995 0.141642 0.139960 0.137951 0.135634 0.133037 0.130196 0.127153 0.123955 0.120645 0.117268 0.113861 0.110461
0.242409 0.255953 0.269136 0.281715 0.293579 0.304803 0.315660 0.326591 0.338125 0.350771 0.364912 0.380715 0.398075 0.416638 0.435939 0.455692 0.476211 0.498872 0.526529 0.563904 0.618141 0.699892 0.825274 1.018378 1.310488 1.718416 2.161420 2.370177 2.142636 1.680631 1.253311 0.941340 0.727981 0.582254 0.480647 0.407916 0.354495 0.314339 0.283549 0.259548 0.240594 0.225476 0.213340 0.203571 0.195720 0.189456 0.184534 0.180773 0.178043 0.176251 0.175339 0.175279 0.176070 0.177738 0.180340 0.183966 0.188745 0.194855 0.202530 0.212079 0.223892 0.238460 0.256364 0.278243 0.304676 0.335911 0.371358 0.408814 0.443755 0.469573 0.479806 0.471688 0.447994 0.415194 0.379904 0.346664 0.317691 0.293596 0.274157 0.258826 0.247008 0.238172 0.231897 0.227876 0.225912 0.225915 0.227898 0.231987 0.238442 0.247690 0.260399 0.277578 0.300769 0.332378 0.376262 0.438864 0.531451 0.674802 0.909321 1.315880 2.041248 3.172290 3.927242 3.176890 2.050456 1.329710 0.927790 0.697922 0.559223 0.471266 0.413237 0.373814 0.346484 0.327292 0.313719 0.304080 0.297205 0.292249 0.288594 0.285779 0.283470 0.281438 0.279535 0.277685 0.275867 0.274096 0.272414 0.270874 0.269533 0.268442 0.267643 0.267169 0.267040 0.267268 0.267853 0.268791 0.270070 0.271673 0.273575 0.275742 0.278114 0.280601 0.283063 0.285301 0.287048 0.287990 0.287790 0.286148 0.282861 0.277878 0.271313 0.263429 0.254587 0.245180 0.235578 0.226089 0.216947 0.208311 0.200276 0.192888 0.186158 0.180071 0.174601 0.169713 0.165366 0.161523 0.158144 0.155195 0.152641 0.150450 0.148592 0.147040 0.145767 0.144743 0.143944 0.143339 0.142899 0.142591 0.142382 0.142233 0.142105 0.141957 0.141744 0.141424 0.140955 0.140299 0.139423 0.138300 0.136915 0.135260 0.133337 0.131160 0.128749 0.126133 0.123343 0.120414 0.117384 0.114285 0.111151 0.108010
0.229983 0.242558 0.255220 0.267916 0.280697 0.293752 0.307413 0.322132 0.338425 0.356785 0.377564 0.400834 0.426246 0.452966 0.479790 0.505583 0.530042 0.554582 0.583056 0.622264 0.682796 0.781372 0.946632 1.232305 1.744579 2.675500 4.138586 5.111280 4.116596 2.631104 1.676999 1.140510 0.829548 0.638224 0.513587 0.428365 0.367732 0.323182 0.289587 0.263722 0.243481 0.227446 0.214635 0.204355 0.196105 0.189518 0.184327 0.180332 0.177387 0.175391 0.174272 0.173991 0.174535 0.175912 0.178161 0.181343 0.185552 0.190912 0.197586 0.205777 0.215728 0.227718 0.242033 0.258921 0.278481 0.300483 0.324111 0.347679 0.368528 0.383406 0.389491 0.385648 0.373019 0.354432 0.333148 0.311836 0.292199 0.275072 0.260710 0.249047 0.239880 0.232974 0.228123 0.225171 0.224032 0.224696 0.227238 0.231838 0.238806 0.248631 0.262057 0.280212 0.304844 0.338722 0.386428 0.455938 0.562084 0.734914 1.042479 1.663757 3.171026 7.689884 15.220339 7.694879 3.181033 1.678809 1.062621 0.760195 0.592551 0.491619 0.427321 0.384770 0.355915 0.336070 0.322329 0.312784 0.306117 0.301376 0.297859 0.295046 0.292564 0.290163 0.287699 0.285120 0.282438 0.279714 0.277034 0.274495 0.272190 0.270200 0.268594 0.267425 0.266737 0.266560 0.266921 0.267841 0.269340 0.271435 0.274135 0.277435 0.281295 0.285627 0.290257 0.294908 0.299174 0.302540 0.304425 0.304284 0.301726 0.296624 0.289154 0.279750 0.269003 0.257536 0.245900 0.234528 0.223721 0.213659 0.204431 0.196059 0.188526 0.181788 0.175790 0.170472 0.165774 0.161641 0.158018 0.154860 0.152122 0.149764 0.147749 0.146045 0.144619 0.143441 0.142479 0.141703 0.141083 0.140585 0.140176 0.139820 0.139483 0.139125 0.138710 0.138201 0.137563 0.136766 0.135781 0.134589 0.133177 0.131538 0.129675 0.127597 0.125320 0.122866 0.120261 0.117533 0.114710 0.111822 0.108895 0.105955
0.220535 0.232652 0.245241 0.258390 0.272284 0.287237 0.303695 0.322234 0.343516 0.368214 0.396862 0.429634 0.466022 0.504513 0.542525 0.576999 0.605894 0.630103 0.654748 0.689465 0.748859 0.855737 1.051540 1.426298 2.214341 4.163935 10.054559 19.885818 10.028860 4.111814 2.134388 1.316518 0.909591 0.679382 0.536758 0.442312 0.376544 0.328936 0.293416 0.266279 0.245161 0.228498 0.215222 0.204583 0.196047 0.189225 0.183829 0.179649 0.176530 0.174357 0.173054 0.172570 0.172880 0.173979 0.175887 0.178642 0.182304 0.186956 0.192702 0.199664 0.207980 0.217787 0.229194 0.242243 0.256826 0.272593 0.288829 0.304378 0.317686 0.327063 0.331156 0.329445 0.322454 0.311541 0.298401 0.284598 0.271302 0.259246 0.248806 0.240121 0.233194 0.227971 0.224385 0.222390 0.221982 0.223214 0.226207 0.231182 0.238480 0.248622 0.262390 0.280963 0.306165 0.340908 0.390051 0.462170 0.573561 0.758346 1.098211 1.831552 3.924489 15.218841 15.221367 15.224283 3.935404 1.847997 1.120270 0.786122 0.607161 0.501698 0.435587 0.392484 0.363731 0.344355 0.331288 0.322508 0.316602 0.312533 0.309516 0.306966 0.304462 0.301738 0.298664 0.295227 0.291501 0.287616 0.283727 0.279991 0.276548 0.273519 0.271001 0.269070 0.267786 0.267203 0.267369 0.268334 0.270153 0.272885 0.276589 0.281311 0.287062 0.293785 0.301303 0.309264 0.317093 0.323974 0.328922 0.330952 0.329319 0.323757 0.314568 0.302527 0.288651 0.273955 0.259275 0.245204 0.232104 0.220151 0.209394 0.199801 0.191301 0.183799 0.177197 0.171401 0.166323 0.161883 0.158011 0.154645 0.151730 0.149218 0.147065 0.145231 0.143680 0.142376 0.141288 0.140381 0.139624 0.138983 0.138426 0.137919 0.137427 0.136916 0.136354 0.135706 0.134945 0.134043 0.132978 0.131733 0.130297 0.128665 0.126839 0.124827 0.122642 0.120302 0.117827 0.115241 0.112569 0.109834 0.107060 0.104269
0.213294 0.225274 0.238066 0.251872 0.267006 0.283927 0.303258 0.325808 0.352568 0.384652 0.423159 0.468830 0.521413 0.578722 0.635781 0.685258 0.720494 0.740383 0.752326 0.770986 0.816060 0.914663 1.114231 1.522334 2.450403 5.161146 19.909139 19.892804 19.879285 5.100260 2.356118 1.391111 0.941509 0.695338 0.545608 0.447567 0.379791 0.330970 0.294666 0.266993 0.245491 0.228538 0.215035 0.204211 0.195517 0.188553 0.183026 0.178717 0.175466 0.173153 0.171693 0.171029 0.171126 0.171968 0.173557 0.175914 0.179073 0.183080 0.187996 0.193885 0.200813 0.208829 0.217944 0.228101 0.239129 0.250687 0.262229 0.272985 0.282031 0.288439 0.291509 0.290978 0.287111 0.280607 0.272398 0.263416 0.254441 0.246037 0.238568 0.232236 0.227143 0.223332 0.220824 0.219647 0.219853 0.221538 0.224857 0.230051 0.237477 0.247658 0.261365 0.279750 0.304575 0.338626 0.386496 0.456170 0.562491 0.735514 1.043300 1.664836 3.172410 7.691630 15.222516 7.697570 3.184338 1.682845 1.067524 0.766123 0.599683 0.500153 0.437470 0.396752 0.369938 0.352308 0.340894 0.333689 0.329237 0.326427 0.324382 0.322427 0.320078 0.317048 0.313236 0.308703 0.303622 0.298235 0.292799 0.287555 0.282710 0.278427 0.274831 0.272018 0.270063 0.269035 0.269004 0.270051 0.272271 0.275782 0.280714 0.287202 0.295358 0.305222 0.316682 0.329359 0.342486 0.354813 0.364656 0.370183 0.369929 0.363337 0.350986 0.334365 0.315323 0.295561 0.276341 0.258437 0.242226 0.227811 0.215137 0.204065 0.194427 0.186051 0.178777 0.172461 0.166979 0.162222 0.158100 0.154532 0.151453 0.148803 0.146531 0.144590 0.142941 0.141544 0.140363 0.139362 0.138509 0.137770 0.137111 0.136499 0.135901 0.135285 0.134620 0.133876 0.133028 0.132051 0.130926 0.129639 0.128181 0.126548 0.124741 0.122768 0.120639 0.118371 0.115980 0.113489 0.110917 0.108287 0.105618 0.102932
0.207684 0.219719 0.232868 0.247435 0.263864 0.282782 0.305048 0.331823 0.364636 0.405425 0.456491 0.520167 0.597817 0.687634 0.781241 0.861736 0.909442 0.916678 0.897159 0.878165 0.888150 0.955701 1.122523 1.476719 2.250390 4.189950 10.073523 19.899771 10.039202 4.119514 2.140124 1.320771 0.912705 0.681609 0.538281 0.443267 0.377036 0.329042 0.293196 0.265778 0.244413 0.227529 0.214050 0.203222 0.194502 0.187496 0.181913 0.177534 0.174198 0.171782 0.170197 0.169382 0.169292 0.169904 0.171208 0.173207 0.175914 0.179352 0.183548 0.188528 0.194309 0.200891 0.208235 0.216246 0.224747 0.233454 0.241965 0.249770 0.256303 0.261029 0.263559 0.263750 0.261742 0.257919 0.252817 0.247006 0.241004 0.235227 0.229982 0.225475 0.221844 0.219181 0.217558 0.217046 0.217734 0.219746 0.223256 0.228510 0.235859 0.245804 0.259063 0.276689 0.300259 0.332205 0.376409 0.439334 0.532264 0.675998 0.910955 1.318025 2.043997 3.175759 3.931572 3.182247 2.057041 1.337760 0.937583 0.709780 0.573515 0.488407 0.433675 0.398018 0.374909 0.360338 0.351661 0.346991 0.344872 0.344102 0.343670 0.342759 0.340781 0.337414 0.332611 0.326559 0.319605 0.312168 0.304663 0.297451 0.290817 0.284971 0.280062 0.276193 0.273447 0.271901 0.271640 0.272778 0.275459 0.279875 0.286262 0.294900 0.306086 0.320076 0.336970 0.356518 0.377827 0.399060 0.417316 0.429046 0.431170 0.422453 0.404143 0.379331 0.351575 0.323783 0.297795 0.274498 0.254133 0.236583 0.221565 0.208748 0.197810 0.188464 0.180461 0.173597 0.167698 0.162624 0.158258 0.154501 0.151274 0.148505 0.146137 0.144116 0.142397 0.140937 0.139697 0.138641 0.137731 0.136934 0.136215 0.135542 0.134881 0.134202 0.133473 0.132669 0.131764 0.130736 0.129568 0.128248 0.126768 0.125124 0.123319 0.121360 0.119256 0.117024 0.114678 0.112238 0.109724 0.107154 0.104549 0.101926
0.203260 0.215452 0.229021 0.244367 0.262063 0.282918 0.308078 0.339163 0.378463 0.429215 0.495903 0.584408 0.701251 0.849978 1.021226 1.177751 1.258392 1.230479 1.131993 1.030621 0.973074 0.984208 1.088222 1.331867 1.815367 2.726448 4.175688 5.138576 4.136835 2.646181 1.688236 1.148843 0.835649 0.642581 0.516560 0.430221 0.368673 0.323361 0.289120 0.262698 0.241968 0.225495 0.212282 0.201624 0.193009 0.186060 0.180496 0.176107 0.172733 0.170254 0.168579 0.167643 0.167398 0.167812 0.168867 0.170554 0.172870 0.175821 0.179410 0.183637 0.188494 0.193950 0.199947 0.206381 0.213094 0.219862 0.226392 0.232343 0.237355 0.241103 0.243359 0.244036 0.243212 0.241107 0.238039 0.234369 0.230442 0.226562 0.222972 0.219859 0.217368 0.215609 0.214681 0.214679 0.215714 0.217924 0.221488 0.226647 0.233731 0.243194 0.255671 0.272068 0.293698 0.322507 0.361449 0.415117 0.490792 0.600091 0.760949 0.997006 1.321007 1.671214 1.841768 1.678290 1.335254 1.018614 0.790203 0.637369 0.536562 0.469928 0.425909 0.397250 0.379331 0.369081 0.364321 0.363355 0.364725 0.367089 0.369205 0.369997 0.368677 0.364857 0.358585 0.350280 0.340590 0.330233 0.319864 0.310007 0.301039 0.293210 0.286672 0.281518 0.277818 0.275643 0.275087 0.276292 0.279459 0.284876 0.292925 0.304104 0.319020 0.338348 0.362702 0.392346 0.426626 0.463131 0.496910 0.520740 0.527553 0.514323 0.484079 0.443893 0.400987 0.360310 0.324266 0.293494 0.267715 0.246285 0.228493 0.213687 0.201316 0.190929 0.182167 0.174743 0.168432 0.163051 0.158456 0.154529 0.151175 0.148312 0.145873 0.143800 0.142042 0.140552 0.139289 0.138212 0.137285 0.136470 0.135733 0.135040 0.134356 0.133652 0.132897 0.132064 0.131128 0.130070 0.128874 0.127526 0.126022 0.124358 0.122538 0.120569 0.118462 0.116231 0.113893 0.111466 0.108968 0.106419 0.103837 0.101239
0.199680 0.212061 0.226041 0.242104 0.260941 0.283549 0.311375 0.346561 0.392336 0.453684 0.538450 0.659076 0.834697 1.090526 1.440524 1.820897 2.017298 1.869796 1.542637 1.255266 1.078369 1.008153 1.035078 1.163827 1.413148 1.792067 2.215008 2.409617 2.171908 1.702460 1.269594 0.953419 0.736821 0.588556 0.484928 0.410563 0.355800 0.314523 0.282782 0.257960 0.238283 0.222516 0.209785 0.199457 0.191065 0.184264 0.178791 0.174448 0.171084 0.168581 0.166851 0.165827 0.165459 0.165711 0.166558 0.167982 0.169971 0.172515 0.175606 0.179227 0.183354 0.187944 0.192933 0.198223 0.203680 0.209130 0.214360 0.219136 0.223221 0.226408 0.228551 0.229595 0.229578 0.228632 0.226952 0.224767 0.222313 0.219809 0.217446 0.215385 0.213759 0.212688 0.212277 0.212635 0.213884 0.216164 0.219651 0.224574 0.231228 0.240009 0.251452 0.266292 0.285551 0.310668 0.343683 0.387498 0.446157 0.524977 0.629807 0.763536 0.916558 1.052382 1.111274 1.060081 0.932081 0.787139 0.661877 0.566038 0.496875 0.448677 0.416258 0.395672 0.384063 0.379332 0.379817 0.384042 0.390522 0.397665 0.403798 0.407345 0.407112 0.402564 0.393930 0.382075 0.368201 0.353532 0.339089 0.325610 0.313560 0.303192 0.294623 0.287899 0.283042 0.280095 0.279145 0.280355 0.283988 0.290444 0.300298 0.314350 0.333684 0.359701 0.394069 0.438433 0.493539 0.557322 0.621947 0.672055 0.689510 0.665750 0.609333 0.538388 0.468267 0.406795 0.356020 0.315175 0.282586 0.256549 0.235616 0.218645 0.204763 0.193311 0.183791 0.175823 0.169120 0.163458 0.158661 0.154591 0.151137 0.148209 0.145730 0.143636 0.141872 0.140387 0.139136 0.138078 0.137172 0.136381 0.135667 0.134994 0.134329 0.133637 0.132890 0.132058 0.131118 0.130048 0.128833 0.127463 0.125931 0.124236 0.122383 0.120380 0.118240 0.115978 0.113611 0.111157 0.108637 0.106069 0.103473 0.100864
0.196679 0.209230 0.223553 0.240197 0.259953 0.283979 0.313997 0.352646 0.404114 0.475319 0.578271 0.734989 0.988101 1.422698 2.192990 3.390646 4.198166 3.434651 2.284254 1.568142 1.199170 1.028964 0.979796 1.016993 1.122545 1.272043 1.410957 1.457042 1.364320 1.174568 0.964856 0.782193 0.638641 0.530066 0.448558 0.386973 0.339875 0.303361 0.274675 0.251868 0.233551 0.218721 0.206644 0.196777 0.188711 0.182138 0.176821 0.172577 0.169266 0.166777 0.165027 0.163948 0.163492 0.163618 0.164299 0.165510 0.167233 0.169450 0.172144 0.175290 0.178856 0.182796 0.187046 0.191520 0.196108 0.200673 0.205061 0.209105 0.212641 0.215530 0.217672 0.219024 0.219603 0.219486 0.218793 0.217671 0.216283 0.214786 0.213328 0.212045 0.211059 0.210483 0.210427 0.211003 0.212336 0.214564 0.217856 0.222417 0.228507 0.236458 0.246702 0.259805 0.276515 0.297821 0.325013 0.359728 0.403895 0.459408 0.527157 0.604882 0.683864 0.746965 0.773949 0.755306 0.700709 0.630562 0.562183 0.504481 0.459923 0.427846 0.406589 0.394447 0.389969 0.391942 0.399253 0.410684 0.424693 0.439260 0.451912 0.460061 0.461640 0.455775 0.443071 0.425308 0.404757 0.383521 0.363169 0.344677 0.328540 0.314929 0.303845 0.295215 0.288966 0.285076 0.283601 0.284713 0.288731 0.296180 0.307859 0.324958 0.349221 0.383169 0.430356 0.495477 0.583708 0.697580 0.828469 0.943731 0.989961 0.937486 0.815967 0.678796 0.558601 0.463990 0.392405 0.338641 0.297966 0.266779 0.242499 0.223309 0.207930 0.195451 0.185219 0.176755 0.169704 0.163800 0.158839 0.154662 0.151144 0.148184 0.145698 0.143618 0.141883 0.140441 0.139242 0.138243 0.137401 0.136675 0.136027 0.135419 0.134812 0.134173 0.133469 0.132669 0.131748 0.130685 0.129463 0.128072 0.126506 0.124768 0.122862 0.120799 0.118594 0.116265 0.113831 0.111312 0.108729 0.106103 0.103453 0.100797
0.194059 0.206724 0.221275 0.238306 0.258673 0.283640 0.315120 0.356118 0.411547 0.489903 0.606890 0.794183 1.123305 1.781983 3.369814 8.112802 16.011702 8.151393 3.449291 1.907091 1.301509 1.035913 0.925389 0.899828 0.924782 0.973269 1.014456 1.016991 0.965416 0.870410 0.757291 0.647704 0.552520 0.474321 0.411677 0.361912 0.322357 0.290760 0.265351 0.244775 0.228004 0.214265 0.202967 0.193661 0.186002 0.179723 0.174616 0.170517 0.167298 0.164860 0.163122 0.162021 0.161509 0.161546 0.162102 0.163149 0.164666 0.166631 0.169021 0.171808 0.174957 0.178423 0.182149 0.186060 0.190065 0.194059 0.197924 0.201538 0.204782 0.207556 0.209783 0.211427 0.212488 0.213006 0.213051 0.212720 0.212119 0.211365 0.210571 0.209851 0.209313 0.209065 0.209214 0.209875 0.211169 0.213230 0.216216 0.220310 0.225734 0.232757 0.241716 0.253028 0.267213 0.284904 0.306848 0.333861 0.366688 0.405670 0.450127 0.497409 0.542028 0.575960 0.591366 0.584948 0.560209 0.525200 0.488179 0.454891 0.428281 0.409370 0.398199 0.394449 0.397737 0.407682 0.423812 0.445311 0.470647 0.497168 0.520938 0.537249 0.542030 0.533576 0.513358 0.485205 0.453561 0.422065 0.393030 0.367582 0.346056 0.328354 0.314202 0.303302 0.295412 0.290392 0.288236 0.289102 0.293354 0.301634 0.314980 0.335020 0.364301 0.406847 0.469098 0.561370 0.699633 0.904953 1.188667 1.495587 1.641796 1.489358 1.176191 0.886191 0.674525 0.529829 0.431004 0.362046 0.312588 0.276134 0.248588 0.227312 0.210567 0.197179 0.186333 0.177452 0.170122 0.164034 0.158958 0.154718 0.151177 0.148224 0.145770 0.143742 0.142076 0.140716 0.139612 0.138716 0.137983 0.137371 0.136836 0.136338 0.135836 0.135292 0.134669 0.133934 0.133059 0.132020 0.130800 0.129389 0.127783 0.125984 0.124001 0.121848 0.119543 0.117107 0.114564 0.111937 0.109249 0.106522 0.103779 0.101037
0.191679 0.204377 0.219016 0.236203 0.256813 0.282144 0.314171 0.356021 0.412872 0.493817 0.616057 0.815488 1.177847 1.953001 4.152786 15.987760 16.002702 16.020866 4.220520 2.058421 1.325519 1.011297 0.866600 0.804996 0.787260 0.789102 0.790969 0.777425 0.740973 0.684119 0.615945 0.546166 0.481427 0.424817 0.376959 0.337210 0.304454 0.277515 0.255337 0.237033 0.221883 0.209313 0.198869 0.190192 0.182998 0.177063 0.172209 0.168293 0.165202 0.162845 0.161150 0.160058 0.159523 0.159506 0.159976 0.160906 0.162274 0.164054 0.166223 0.168752 0.171608 0.174749 0.178123 0.181669 0.185311 0.188967 0.192544 0.195949 0.199090 0.201889 0.204282 0.206231 0.207721 0.208766 0.209402 0.209685 0.209685 0.209485 0.209172 0.208841 0.208589 0.208518 0.208735 0.209351 0.210487 0.212272 0.214852 0.218388 0.223067 0.229106 0.236758 0.246321 0.258135 0.272582 0.290053 0.310888 0.335247 0.362894 0.392875 0.423180 0.450618 0.471280 0.481801 0.480900 0.470107 0.453051 0.433931 0.416277 0.402499 0.394039 0.391726 0.396120 0.407722 0.427054 0.454561 0.490270 0.533086 0.579725 0.623726 0.655775 0.666789 0.652819 0.617613 0.570050 0.519226 0.471375 0.429530 0.394514 0.366007 0.343259 0.325467 0.311942 0.302170 0.295836 0.292829 0.293264 0.297525 0.306347 0.320980 0.343465 0.377168 0.427774 0.505293 0.628238 0.832659 1.190755 1.833591 2.838729 3.507895 2.832481 1.821071 1.171911 0.807410 0.596472 0.466859 0.382474 0.324747 0.283601 0.253263 0.230264 0.212425 0.198327 0.187018 0.177837 0.170317 0.164119 0.158989 0.154739 0.151220 0.148318 0.145940 0.144006 0.142452 0.141220 0.140256 0.139512 0.138940 0.138493 0.138125 0.137791 0.137445 0.137044 0.136547 0.135914 0.135114 0.134120 0.132912 0.131480 0.129821 0.127941 0.125851 0.123571 0.121124 0.118536 0.115836 0.113051 0.110210 0.107337 0.104456 0.101587
0.189450 0.202093 0.216670 0.233772 0.254245 0.279336 0.310933 0.352008 0.407433 0.485650 0.602300 0.788980 1.117112 1.774289 3.359930 8.099785 15.994242 8.127642 3.416600 1.861634 1.237767 0.946052 0.798785 0.723444 0.685898 0.666376 0.651326 0.631425 0.601934 0.562817 0.517365 0.469948 0.424230 0.382483 0.345697 0.313994 0.287027 0.264250 0.245077 0.228958 0.215411 0.204027 0.194467 0.186455 0.179763 0.174207 0.169639 0.165936 0.163000 0.160752 0.159127 0.158071 0.157542 0.157504 0.157927 0.158784 0.160054 0.161712 0.163734 0.166095 0.168763 0.171702 0.174867 0.178206 0.181660 0.185159 0.188632 0.192002 0.195194 0.198140 0.200781 0.203073 0.204988 0.206515 0.207662 0.208454 0.208933 0.209151 0.209178 0.209093 0.208985 0.208952 0.209101 0.209545 0.210404 0.211805 0.213881 0.216779 0.220656 0.225682 0.232048 0.239957 0.249624 0.261262 0.275049 0.291073 0.309250 0.329196 0.350089 0.370574 0.388820 0.402843 0.411091 0.413057 0.409543 0.402416 0.394016 0.386597 0.382038 0.381829 0.387216 0.399412 0.419791 0.450023 0.492070 0.547847 0.618135 0.700167 0.783884 0.849715 0.874589 0.847573 0.779426 0.693043 0.607822 0.533642 0.473097 0.425231 0.387972 0.359234 0.337291 0.320848 0.309004 0.301198 0.297173 0.296969 0.300951 0.309905 0.325217 0.349229 0.385926 0.442347 0.531673 0.680683 0.950114 1.499780 2.840794 6.871656 13.592348 6.865360 2.828170 1.480766 0.924610 0.648553 0.492733 0.396360 0.332589 0.288162 0.255940 0.231814 0.213282 0.198754 0.187180 0.177845 0.170245 0.164021 0.158907 0.154705 0.151262 0.148460 0.146202 0.144409 0.143014 0.141959 0.141188 0.140651 0.140297 0.140076 0.139938 0.139830 0.139702 0.139503 0.139183 0.138698 0.138007 0.137081 0.135896 0.134440 0.132713 0.130723 0.128489 0.126035 0.123394 0.120598 0.117684 0.114685 0.111635 0.108563 0.105495 0.102455
0.187329 0.199834 0.214213 0.231011 0.251001 0.275303 0.305593 0.344443 0.395954 0.466940 0.569284 0.724846 0.976058 1.407752 2.173785 3.365333 4.164175 3.388342 2.220379 1.479013 1.073427 0.849844 0.723080 0.649729 0.606211 0.578257 0.556419 0.534482 0.509068 0.479359 0.446405 0.412138 0.378493 0.346917 0.318247 0.292814 0.270603 0.251403 0.234913 0.220810 0.208783 0.198552 0.189872 0.182532 0.176358 0.171201 0.166940 0.163472 0.160714 0.158598 0.157066 0.156071 0.155576 0.155547 0.155956 0.156782 0.158000 0.159592 0.161534 0.163804 0.166376 0.169218 0.172293 0.175560 0.178969 0.182464 0.185986 0.189470 0.192850 0.196062 0.199046 0.201747 0.204121 0.206135 0.207769 0.209020 0.209901 0.210444 0.210700 0.210737 0.210640 0.210508 0.210453 0.210591 0.211048 0.211950 0.213426 0.215608 0.218632 0.222634 0.227753 0.234129 0.241890 0.251144 0.261949 0.274279 0.287969 0.302655 0.317723 0.332298 0.345326 0.355770 0.362892 0.366517 0.367159 0.365920 0.364260 0.363744 0.365904 0.372222 0.384245 0.403781 0.433178 0.475660 0.535693 0.619153 0.732506 0.878866 1.047215 1.196132 1.257909 1.194902 1.044599 0.874554 0.726043 0.609944 0.523021 0.458708 0.411062 0.375606 0.349190 0.329676 0.315659 0.306277 0.301091 0.300033 0.303415 0.312006 0.327221 0.351499 0.389051 0.447437 0.541131 0.700541 0.998568 1.648093 3.511988 13.594341 13.591032 13.587971 3.499211 1.628835 0.972713 0.667928 0.501547 0.400607 0.334628 0.289047 0.256192 0.231711 0.212985 0.198360 0.186753 0.177428 0.169872 0.163717 0.158695 0.154604 0.151293 0.148641 0.146554 0.144952 0.143769 0.142945 0.142426 0.142159 0.142091 0.142167 0.142332 0.142527 0.142692 0.142766 0.142689 0.142407 0.141870 0.141040 0.139889 0.138405 0.136587 0.134451 0.132022 0.129335 0.126433 0.123359 0.120160 0.116878 0.113554 0.110222 0.106911 0.103648
0.185309 0.197614 0.211689 0.228014 0.247253 0.270353 0.298685 0.334289 0.380264 0.441434 0.525450 0.644522 0.817494 1.069206 1.413115 1.784715 1.968618 1.803331 1.450687 1.126351 0.894973 0.743029 0.645309 0.582226 0.540444 0.510901 0.487340 0.465569 0.443141 0.419105 0.393628 0.367514 0.341750 0.317197 0.294450 0.273833 0.255447 0.239242 0.225081 0.212783 0.202156 0.193011 0.185177 0.178498 0.172841 0.168091 0.164148 0.160929 0.158366 0.156399 0.154980 0.154068 0.153630 0.153637 0.154065 0.154894 0.156105 0.157680 0.159601 0.161850 0.164405 0.167241 0.170331 0.173640 0.177130 0.180755 0.184464 0.188202 0.191906 0.195512 0.198953 0.202161 0.205071 0.207624 0.209771 0.211477 0.212728 0.213532 0.213926 0.213970 0.213751 0.213375 0.212964 0.212648 0.212562 0.212838 0.213605 0.214990 0.217110 0.220077 0.223996 0.228958 0.235039 0.242283 0.250689 0.260184 0.270599 0.281639 0.292872 0.303746 0.313652 0.322041 0.328572 0.333235 0.336417 0.338871 0.341626 0.345887 0.352991 0.364443 0.382058 0.408234 0.446401 0.501762 0.582511 0.701710 0.879545 1.142639 1.505289 1.897547 2.086471 1.897339 1.504725 1.141428 0.877265 0.697827 0.576403 0.492753 0.433809 0.391435 0.360571 0.338048 0.321890 0.310905 0.304457 0.302350 0.304805 0.312512 0.326794 0.349950 0.385935 0.441766 0.530604 0.679216 0.948325 1.497736 2.838553 6.869269 13.589858 6.862805 2.825582 1.478174 0.922037 0.646021 0.490260 0.393962 0.330282 0.285960 0.253856 0.229861 0.211475 0.197107 0.185710 0.176568 0.169183 0.163195 0.158342 0.154429 0.151307 0.148860 0.146996 0.145639 0.144724 0.144193 0.143991 0.144067 0.144363 0.144822 0.145381 0.145972 0.146525 0.146964 0.147215 0.147209 0.146882 0.146185 0.145083 0.143561 0.141622 0.139288 0.136597 0.133598 0.130349 0.126908 0.123335 0.119685 0.116006 0.112340 0.108722 0.105179
0.183419 0.195489 0.209200 0.224951 0.243283 0.264941 0.290968 0.322841 0.362671 0.413473 0.479473 0.566241 0.679927 0.823600 0.987270 1.132805 1.197747 1.147444 1.016763 0.868326 0.740317 0.642623 0.571865 0.521356 0.484784 0.457058 0.434329 0.413868 0.393959 0.373767 0.353141 0.332369 0.311930 0.292316 0.273917 0.256985 0.241642 0.227908 0.215731 0.205015 0.195646 0.187502 0.180462 0.174416 0.169264 0.164916 0.161295 0.158333 0.155974 0.154170 0.152879 0.152068 0.151708 0.151776 0.152251 0.153116 0.154357 0.155960 0.157913 0.160201 0.162809 0.165722 0.168918 0.172374 0.176060 0.179940 0.183971 0.188105 0.192280 0.196429 0.200473 0.204326 0.207898 0.211096 0.213834 0.216039 0.217665 0.218694 0.219146 0.219081 0.218592 0.217803 0.216859 0.215910 0.215112 0.214610 0.214542 0.215031 0.216186 0.218101 0.220855 0.224509 0.229103 0.234646 0.241109 0.248410 0.256400 0.264857 0.273488 0.281947 0.289887 0.297024 0.303221 0.308557 0.313362 0.318219 0.323939 0.331539 0.342256 0.357637 0.379732 0.411471 0.457351 0.524723 0.626346 0.785703 1.048446 1.505974 2.324203 3.601293 4.453028 3.602245 2.325953 1.508225 1.050772 0.787576 0.627169 0.523876 0.454244 0.405610 0.370801 0.345604 0.327492 0.314968 0.307211 0.303896 0.305132 0.311477 0.324058 0.344838 0.377120 0.426547 0.503092 0.625242 0.829022 1.186613 1.829059 2.833908 3.502872 2.827332 1.815860 1.166694 0.802235 0.591381 0.461888 0.377656 0.320113 0.279177 0.249078 0.226343 0.208795 0.195019 0.184063 0.175271 0.168179 0.162453 0.157847 0.154177 0.151302 0.149115 0.147529 0.146473 0.145887 0.145716 0.145908 0.146410 0.147166 0.148111 0.149177 0.150284 0.151345 0.152269 0.152961 0.153328 0.153287 0.152773 0.151738 0.150165 0.148060 0.145458 0.142412 0.138994 0.135282 0.131357 0.127296 0.123170 0.119039 0.114952 0.110949 0.107058
0.181706 0.193545 0.206885 0.222044 0.239435 0.259605 0.283282 0.311438 0.345361 0.386700 0.437423 0.499476 0.573770 0.657948 0.742911 0.810759 0.840346 0.821739 0.765045 0.691537 0.619155 0.556908 0.506922 0.467898 0.437382 0.412842 0.392096 0.373461 0.355795 0.338456 0.321214 0.304130 0.287423 0.271363 0.256192 0.242089 0.229160 0.217448 0.206940 0.197592 0.189337 0.182097 0.175790 0.170339 0.165669 0.161712 0.158409 0.155706 0.153558 0.151925 0.150775 0.150079 0.149815 0.149963 0.150509 0.151439 0.152744 0.154415 0.156445 0.158826 0.161553 0.164615 0.168002 0.171701 0.175693 0.179952 0.184445 0.189128 0.193942 0.198814 0.203651 0.208343 0.212765 0.216781 0.220255 0.223064 0.225113 0.226354 0.226790 0.226482 0.225543 0.224130 0.222424 0.220616 0.218892 0.217423 0.216361 0.215833 0.215942 0.216770 0.218377 0.220803 0.224064 0.228149 0.233017 0.238589 0.244744 0.251321 0.258124 0.264939 0.271574 0.277894 0.283874 0.289640 0.295495 0.301934 0.309649 0.319549 0.332811 0.351007 0.376347 0.412140 0.463685 0.540073 0.658107 0.851765 1.197980 1.899115 3.602316 8.711433 17.226383 8.713727 3.606731 1.905316 1.205492 0.860006 0.666434 0.547832 0.470274 0.417078 0.379353 0.352086 0.332352 0.318434 0.309375 0.304741 0.304524 0.309124 0.319412 0.336903 0.364058 0.404841 0.465637 0.556723 0.694033 0.898601 1.181740 1.488236 1.634153 1.481534 1.168283 0.878283 0.666688 0.522125 0.423488 0.354765 0.305586 0.269452 0.242266 0.221389 0.205084 0.192179 0.181864 0.173568 0.166881 0.161504 0.157216 0.153849 0.151279 0.149406 0.148154 0.147459 0.147269 0.147533 0.148204 0.149232 0.150558 0.152118 0.153832 0.155607 0.157339 0.158908 0.160193 0.161067 0.161419 0.161155 0.160213 0.158568 0.156234 0.153261 0.149731 0.145745 0.141414 0.136849 0.132153 0.127415 0.122709 0.118095 0.113615 0.109299
0.180233 0.191883 0.204905 0.219539 0.236079 0.254892 0.276436 0.301274 0.330080 0.363593 0.402486 0.447028 0.496445 0.547937 0.595763 0.631547 0.647118 0.639036 0.610939 0.571155 0.528129 0.487559 0.452076 0.422169 0.397191 0.376054 0.357628 0.340943 0.325276 0.310176 0.295431 0.281016 0.267017 0.253576 0.240839 0.228924 0.217914 0.207849 0.198739 0.190562 0.183281 0.176848 0.171208 0.166307 0.162090 0.158508 0.155514 0.153066 0.151130 0.149675 0.148673 0.148104 0.147950 0.148196 0.148833 0.149853 0.151251 0.153025 0.155173 0.157696 0.160597 0.163876 0.167534 0.171569 0.175976 0.180743 0.185847 0.191252 0.196905 0.202725 0.208606 0.214406 0.219956 0.225057 0.229504 0.233098 0.235678 0.237146 0.237484 0.236763 0.235135 0.232811 0.230037 0.227065 0.224134 0.221451 0.219191 0.217487 0.216442 0.216125 0.216582 0.217831 0.219873 0.222681 0.226210 0.230388 0.235117 0.240280 0.245747 0.251390 0.257107 0.262850 0.268656 0.274674 0.281190 0.288645 0.297655 0.309054 0.323960 0.343922 0.371182 0.409175 0.463496 0.543911 0.668881 0.876998 1.260618 2.089308 4.455623 17.228129 17.230014 17.232019 4.463191 2.100144 1.274144 0.892509 0.685602 0.561060 0.480358 0.425175 0.385965 0.357427 0.336496 0.321380 0.311061 0.305039 0.303206 0.305800 0.313428 0.327141 0.348579 0.380182 0.425440 0.488991 0.575965 0.688852 0.818991 0.933706 0.979563 0.926866 0.805253 0.668098 0.548013 0.453592 0.382269 0.328829 0.288536 0.257783 0.233988 0.215335 0.200546 0.188715 0.179193 0.171510 0.165319 0.160366 0.156458 0.153452 0.151239 0.149734 0.148871 0.148600 0.148876 0.149658 0.150906 0.152575 0.154609 0.156941 0.159483 0.162126 0.164742 0.167177 0.169267 0.170839 0.171735 0.171820 0.171007 0.169258 0.166600 0.163109 0.158909 0.154147 0.148982 0.143567 0.138039 0.132513 0.127080 0.121808 0.116742 0.111913
0.179067 0.190612 0.203427 0.217684 0.233576 0.251321 0.271157 0.293337 0.318103 0.345631 0.375912 0.408544 0.442415 0.475359 0.504028 0.524365 0.532898 0.528326 0.512238 0.488346 0.460846 0.433105 0.407170 0.383914 0.363415 0.345319 0.329105 0.314249 0.300323 0.287028 0.274200 0.261785 0.249810 0.238345 0.227471 0.217266 0.207787 0.199068 0.191122 0.183942 0.177508 0.171789 0.166750 0.162352 0.158557 0.155327 0.152629 0.150431 0.148705 0.147428 0.146581 0.146147 0.146113 0.146472 0.147217 0.148347 0.149863 0.151768 0.154070 0.156779 0.159905 0.163462 0.167465 0.171928 0.176861 0.182270 0.188149 0.194479 0.201212 0.208269 0.215528 0.222814 0.229893 0.236487 0.242280 0.246961 0.250262 0.252007 0.252148 0.250777 0.248114 0.244468 0.240191 0.235634 0.231112 0.226888 0.223162 0.220080 0.217737 0.216190 0.215464 0.215561 0.216459 0.218123 0.220499 0.223519 0.227103 0.231164 0.235614 0.240378 0.245407 0.250703 0.256336 0.262464 0.269357 0.277413 0.287191 0.299450 0.315229 0.335990 0.363861 0.402107 0.456006 0.534649 0.654852 0.850610 1.198874 1.902017 3.607187 8.718220 17.235007 8.724065 3.618601 1.918469 1.219613 0.874719 0.681322 0.562461 0.484220 0.429950 0.390807 0.361829 0.340130 0.324006 0.312473 0.305018 0.301463 0.301910 0.306724 0.316554 0.332364 0.355459 0.387429 0.429850 0.483408 0.545986 0.609703 0.659157 0.676178 0.652170 0.595664 0.524765 0.454807 0.393595 0.343167 0.302743 0.270646 0.245164 0.224847 0.208554 0.195417 0.184779 0.176150 0.169161 0.163536 0.159065 0.155590 0.152993 0.151185 0.150097 0.149680 0.149895 0.150712 0.152102 0.154038 0.156484 0.159390 0.162691 0.166292 0.170069 0.173859 0.177466 0.180664 0.183211 0.184874 0.185455 0.184822 0.182922 0.179796 0.175568 0.170424 0.164587 0.158285 0.151733 0.145114 0.138573 0.132221 0.126132 0.120352 0.114905
0.178270 0.189833 0.202607 0.216714 0.232267 0.249368 0.268085 0.288439 0.310374 0.333710 0.358081 0.382835 0.406925 0.428835 0.446644 0.458346 0.462430 0.458465 0.447338 0.430946 0.411550 0.391159 0.371204 0.352489 0.335319 0.319667 0.305334 0.292060 0.279599 0.267765 0.256436 0.245560 0.235134 0.225187 0.215763 0.206908 0.198658 0.191040 0.184065 0.177732 0.172029 0.166938 0.162435 0.158494 0.155087 0.152187 0.149770 0.147811 0.146291 0.145193 0.144501 0.144207 0.144302 0.144783 0.145650 0.146907 0.148561 0.150623 0.153109 0.156039 0.159436 0.163329 0.167747 0.172725 0.178297 0.184491 0.191331 0.198818 0.206929 0.215594 0.224681 0.233979 0.243180 0.251883 0.259615 0.265877 0.270224 0.272349 0.272153 0.269771 0.265546 0.259959 0.253541 0.246796 0.240154 0.233946 0.228405 0.223682 0.219857 0.216963 0.215000 0.213940 0.213742 0.214352 0.215705 0.217735 0.220369 0.223538 0.227179 0.231247 0.235726 0.240644 0.246084 0.252206 0.259258 0.267602 0.277737 0.290343 0.306356 0.327082 0.354412 0.391188 0.441875 0.513834 0.619860 0.783478 1.050382 1.512000 2.334255 3.615284 4.470817 3.623598 2.350512 1.535484 1.080076 0.818138 0.658108 0.554274 0.483207 0.432322 0.394556 0.365813 0.343660 0.326642 0.313900 0.304959 0.299612 0.297856 0.299866 0.305976 0.316664 0.332494 0.353990 0.381330 0.413788 0.448888 0.481623 0.504716 0.511055 0.497573 0.467267 0.427177 0.384503 0.344172 0.308573 0.278333 0.253164 0.232417 0.215379 0.201399 0.189929 0.180525 0.172837 0.166591 0.161576 0.157629 0.154628 0.152479 0.151117 0.150492 0.150573 0.151338 0.152775 0.154873 0.157621 0.161001 0.164977 0.169493 0.174451 0.179712 0.185078 0.190291 0.195039 0.198972 0.201743 0.203047 0.202673 0.200544 0.196729 0.191426 0.184930 0.177579 0.169710 0.161624 0.153565 0.145716 0.138204 0.131105 0.124458 0.118274
0.177891 0.189631 0.202584 0.216840 0.232464 0.249471 0.267805 0.287312 0.307709 0.328559 0.349258 0.369026 0.386919 0.401874 0.412809 0.418795 0.419296 0.414359 0.404670 0.391394 0.375886 0.359406 0.342929 0.327083 0.312188 0.298335 0.285469 0.273469 0.262196 0.251530 0.241384 0.231708 0.222487 0.213725 0.205443 0.197663 0.190409 0.183696 0.177532 0.171917 0.166845 0.162304 0.158278 0.154748 0.151696 0.149102 0.146948 0.145217 0.143896 0.142972 0.142437 0.142284 0.142513 0.143124 0.144122 0.145518 0.147326 0.149565 0.152260 0.155441 0.159148 0.163425 0.168324 0.173903 0.180225 0.187357 0.195359 0.204278 0.214129 0.224875 0.236395 0.248449 0.260644 0.272412 0.283032 0.291698 0.297651 0.300346 0.299594 0.295614 0.288982 0.280485 0.270956 0.261144 0.251637 0.242850 0.235040 0.228344 0.222808 0.218422 0.215142 0.212903 0.211630 0.211245 0.211669 0.212827 0.214646 0.217065 0.220034 0.223525 0.227537 0.232110 0.237330 0.243349 0.250394 0.258784 0.268960 0.281515 0.297257 0.317300 0.343214 0.377279 0.422904 0.485337 0.572847 0.698585 0.882819 1.152234 1.521149 1.919592 2.114537 1.931114 1.543687 1.184804 0.924012 0.746665 0.625881 0.541353 0.480064 0.434027 0.398390 0.370210 0.347692 0.329743 0.315701 0.305176 0.297965 0.293997 0.293306 0.296004 0.302244 0.312161 0.325744 0.342644 0.361880 0.381537 0.398641 0.409580 0.411221 0.402278 0.383958 0.359317 0.331884 0.304543 0.279116 0.256474 0.236852 0.220123 0.206004 0.194166 0.184290 0.176098 0.169355 0.163867 0.159484 0.156087 0.153586 0.151916 0.151034 0.150912 0.151540 0.152917 0.155053 0.157963 0.161661 0.166156 0.171440 0.177474 0.184175 0.191392 0.198891 0.206336 0.213293 0.219248 0.223661 0.226046 0.226061 0.223579 0.218716 0.211807 0.203327 0.193806 0.183746 0.173572 0.163605 0.154067 0.145094 0.136753 0.129063 0.122011
0.177961 0.190066 0.203463 0.218240 0.234442 0.252041 0.270895 0.290713 0.311011 0.331104 0.350130 0.367125 0.381140 0.391370 0.397259 0.398573 0.395424 0.388265 0.377827 0.365014 0.350764 0.335918 0.321133 0.306857 0.293340 0.280677 0.268858 0.257818 0.247465 0.237714 0.228495 0.219762 0.211486 0.203661 0.196287 0.189374 0.182930 0.176964 0.171479 0.166475 0.161946 0.157886 0.154282 0.151122 0.148392 0.146079 0.144170 0.142655 0.141524 0.140769 0.140387 0.140377 0.140741 0.141486 0.142622 0.144165 0.146137 0.148567 0.151488 0.154946 0.158993 0.163696 0.169132 0.175390 0.182574 0.190798 0.200182 0.210841 0.222866 0.236294 0.251056 0.266920 0.283409 0.299742 0.314814 0.327294 0.335847 0.339467 0.337784 0.331193 0.320726 0.307740 0.293592 0.279406 0.265984 0.253819 0.243158 0.234082 0.226562 0.220512 0.215820 0.212363 0.210022 0.208683 0.208244 0.208614 0.209714 0.211483 0.213873 0.216864 0.220460 0.224702 0.229675 0.235514 0.242422 0.250679 0.260661 0.272873 0.287987 0.306906 0.330860 0.361550 0.401352 0.453608 0.522938 0.615384 0.737561 0.892698 1.069837 1.227542 1.297997 1.243343 1.100749 0.937356 0.793993 0.681124 0.595215 0.529585 0.478389 0.437424 0.403923 0.376144 0.353014 0.333869 0.318287 0.305994 0.296811 0.290624 0.287366 0.286997 0.289471 0.294683 0.302391 0.312100 0.322934 0.333548 0.342170 0.346893 0.346184 0.339427 0.327154 0.310809 0.292209 0.273027 0.254504 0.237398 0.222074 0.208631 0.197010 0.187076 0.178667 0.171620 0.165789 0.161051 0.157302 0.154463 0.152477 0.151306 0.150929 0.151343 0.152561 0.154608 0.157522 0.161352 0.166149 0.171964 0.178832 0.186760 0.195696 0.205502 0.215916 0.226512 0.236684 0.245664 0.252592 0.256660 0.257278 0.254229 0.247722 0.238337 0.226872 0.214177 0.201011 0.187969 0.175464 0.163747 0.152942 0.143084 0.134150 0.126085
0.178479 0.191162 0.205309 0.221044 0.238437 0.257469 0.277968 0.299536 0.321488 0.342820 0.362266 0.378474 0.390264 0.396903 0.398244 0.394693 0.387033 0.376219 0.363218 0.348908 0.334031 0.319171 0.304746 0.291022 0.278137 0.266129 0.254969 0.244591 0.234915 0.225860 0.217361 0.209364 0.201837 0.194756 0.188112 0.181901 0.176123 0.170777 0.165863 0.161378 0.157319 0.153677 0.150447 0.147617 0.145179 0.143124 0.141443 0.140129 0.139177 0.138585 0.138351 0.138481 0.138980 0.139859 0.141135 0.142830 0.144973 0.147600 0.150759 0.154508 0.158919 0.164079 0.170096 0.177101 0.185246 0.194712 0.205704 0.218444 0.233149 0.250000 0.269072 0.290226 0.312965 0.336264 0.358450 0.377270 0.390272 0.395495 0.392187 0.381122 0.364281 0.344137 0.322962 0.302445 0.283631 0.267029 0.252791 0.240852 0.231040 0.223140 0.216935 0.212219 0.208808 0.206545 0.205293 0.204940 0.205394 0.206584 0.208462 0.211005 0.214217 0.218135 0.222835 0.228437 0.235115 0.243108 0.252733 0.264408 0.278672 0.296230 0.317998 0.345170 0.379281 0.422260 0.476358 0.543776 0.625551 0.719120 0.814552 0.892296 0.929167 0.913942 0.856905 0.780303 0.702785 0.633512 0.574549 0.524741 0.482200 0.445346 0.413143 0.384994 0.360567 0.339656 0.322093 0.307724 0.296393 0.287948 0.282243 0.279128 0.278429 0.279919 0.283263 0.287968 0.293326 0.298406 0.302116 0.303378 0.301369 0.295751 0.286768 0.275146 0.261866 0.247908 0.234085 0.220974 0.208925 0.198107 0.188568 0.180280 0.173179 0.167183 0.162211 0.158191 0.155061 0.152777 0.151309 0.150646 0.150790 0.151764 0.153606 0.156373 0.160139 0.164995 0.171046 0.178403 0.187175 0.197447 0.209244 0.222485 0.236916 0.252027 0.266988 0.280634 0.291561 0.298359 0.299962 0.295968 0.286770 0.273427 0.257337 0.239898 0.222264 0.205254 0.189368 0.174849 0.161764 0.150073 0.139676 0.130448
0.179408 0.192892 0.208124 0.225311 0.244619 0.266120 0.289697 0.314918 0.340890 0.366158 0.388745 0.406461 0.417460 0.420839 0.416917 0.407022 0.392951 0.376446 0.358892 0.341261 0.324167 0.307967 0.292843 0.278856 0.265991 0.254185 0.243345 0.233369 0.224155 0.215611 0.207659 0.200238 0.193302 0.186818 0.180765 0.175128 0.169898 0.165070 0.160639 0.156598 0.152944 0.149669 0.146768 0.144233 0.142059 0.140238 0.138766 0.137640 0.136857 0.136419 0.136328 0.136592 0.137222 0.138234 0.139648 0.141494 0.143808 0.146636 0.150036 0.154082 0.158866 0.164501 0.171130 0.178930 0.188117 0.198957 0.211773 0.226941 0.244884 0.266043 0.290791 0.319289 0.351217 0.385396 0.419379 0.449300 0.470425 0.478644 0.472308 0.453085 0.425100 0.393106 0.360986 0.331201 0.304945 0.282549 0.263864 0.248524 0.236098 0.226167 0.218356 0.212346 0.207870 0.204711 0.202691 0.201668 0.201532 0.202200 0.203616 0.205751 0.208602 0.212201 0.216610 0.221932 0.228315 0.235960 0.245128 0.256155 0.269466 0.285595 0.305200 0.329084 0.358188 0.393538 0.436083 0.486317 0.543561 0.604875 0.664043 0.711863 0.739162 0.741643 0.722372 0.689217 0.650012 0.609710 0.570368 0.532437 0.495958 0.461143 0.428444 0.398391 0.371419 0.347780 0.327543 0.310633 0.296887 0.286094 0.278020 0.272422 0.269035 0.267556 0.267621 0.268774 0.270452 0.271993 0.272689 0.271884 0.269090 0.264099 0.257016 0.248223 0.238264 0.227727 0.217139 0.206914 0.197339 0.188591 0.180757 0.173865 0.167907 0.162855 0.158672 0.155325 0.152787 0.151041 0.150084 0.149927 0.150598 0.152145 0.154636 0.158163 0.162843 0.168822 0.176276 0.185407 0.196433 0.209574 0.225006 0.242798 0.262794 0.284464 0.306725 0.327822 0.345390 0.356857 0.360162 0.354507 0.340683 0.320740 0.297245 0.272551 0.248406 0.225883 0.205503 0.187409 0.171521 0.157649 0.145561 0.135020
0.180667 0.195168 0.211827 0.231000 0.253050 0.278277 0.306792 0.338300 0.371786 0.405182 0.435241 0.457981 0.469899 0.469457 0.457796 0.438066 0.413968 0.388570 0.363866 0.340889 0.320030 0.301316 0.284605 0.269690 0.256351 0.244378 0.233580 0.223789 0.214860 0.206674 0.199133 0.192158 0.185691 0.179688 0.174116 0.168952 0.164180 0.159787 0.155765 0.152106 0.148802 0.145848 0.143238 0.140967 0.139029 0.137422 0.136142 0.135189 0.134563 0.134269 0.134313 0.134705 0.135461 0.136599 0.138148 0.140140 0.142620 0.145643 0.149280 0.153619 0.158773 0.164885 0.172134 0.180751 0.191029 0.203339 0.218155 0.236070 0.257817 0.284262 0.316352 0.354944 0.400417 0.451918 0.506247 0.556810 0.593976 0.608324 0.595819 0.560511 0.511837 0.459442 0.409933 0.366524 0.330080 0.300233 0.276135 0.256847 0.241510 0.229397 0.219917 0.212601 0.207079 0.203061 0.200319 0.198677 0.198003 0.198197 0.199192 0.200949 0.203460 0.206745 0.210853 0.215871 0.221920 0.229168 0.237826 0.248162 0.260508 0.275261 0.292891 0.313929 0.338943 0.368460 0.402826 0.441954 0.484954 0.529728 0.572785 0.609707 0.636457 0.650977 0.653835 0.647295 0.633643 0.614144 0.589199 0.559196 0.525205 0.489034 0.452769 0.418243 0.386728 0.358908 0.334998 0.314909 0.298384 0.285094 0.274686 0.266806 0.261104 0.257221 0.254775 0.253344 0.252466 0.251648 0.250398 0.248281 0.244981 0.240348 0.234418 0.227391 0.219579 0.211337 0.203006 0.194877 0.187172 0.180046 0.173594 0.167871 0.162896 0.158676 0.155206 0.152480 0.150497 0.149264 0.148799 0.149137 0.150329 0.152450 0.155598 0.159907 0.165545 0.172726 0.181716 0.192840 0.206481 0.223072 0.243061 0.266830 0.294535 0.325833 0.359484 0.392924 0.422106 0.442081 0.448548 0.439774 0.417485 0.385972 0.350179 0.314144 0.280422 0.250243 0.223943 0.201354 0.182084 0.165673 0.151674 0.139690
0.182123 0.197828 0.216228 0.237921 0.263605 0.294034 0.329877 0.371398 0.417855 0.466584 0.512165 0.546706 0.562468 0.556052 0.530581 0.493547 0.452638 0.413139 0.377639 0.346877 0.320630 0.298311 0.279262 0.262890 0.248695 0.236275 0.225305 0.215532 0.206752 0.198805 0.191566 0.184938 0.178846 0.173233 0.168058 0.163287 0.158899 0.154875 0.151203 0.147872 0.144873 0.142201 0.139848 0.137812 0.136088 0.134673 0.133568 0.132774 0.132293 0.132133 0.132302 0.132815 0.133688 0.134946 0.136620 0.138749 0.141385 0.144592 0.148451 0.153068 0.158575 0.165144 0.172996 0.182419 0.193790 0.207605 0.224523 0.245418 0.271450 0.304139 0.345413 0.397550 0.462779 0.542128 0.632864 0.724555 0.796721 0.825181 0.798519 0.728164 0.638309 0.549448 0.472024 0.408782 0.358705 0.319572 0.289115 0.265412 0.246950 0.232576 0.221418 0.212824 0.206299 0.201474 0.198065 0.195859 0.194696 0.194461 0.195073 0.196484 0.198673 0.201652 0.205458 0.210159 0.215857 0.222686 0.230820 0.240472 0.251901 0.265407 0.281331 0.300040 0.321895 0.347195 0.376087 0.408424 0.443611 0.480483 0.517335 0.552208 0.583393 0.609858 0.631170 0.646794 0.655262 0.654066 0.640757 0.614695 0.577997 0.534861 0.489897 0.446760 0.407672 0.373601 0.344685 0.320608 0.300860 0.284884 0.272139 0.262130 0.254404 0.248538 0.244126 0.240767 0.238059 0.235607 0.233044 0.230054 0.226408 0.221985 0.216783 0.210903 0.204521 0.197855 0.191126 0.184535 0.178248 0.172391 0.167055 0.162300 0.158163 0.154669 0.151833 0.149669 0.148198 0.147443 0.147445 0.148256 0.149951 0.152631 0.156430 0.161522 0.168135 0.176562 0.187183 0.200481 0.217067 0.237695 0.263261 0.294745 0.333032 0.378506 0.430269 0.484973 0.535728 0.572477 0.585378 0.570214 0.531196 0.478157 0.421147 0.367048 0.319201 0.278496 0.244539 0.216437 0.193198 0.173917 0.157828 0.144307
0.183591 0.200622 0.221006 0.245678 0.275857 0.313088 0.359180 0.415897 0.484016 0.561268 0.639156 0.701066 0.727390 0.708813 0.654455 0.583745 0.513150 0.451059 0.399679 0.358213 0.324914 0.298017 0.276038 0.257827 0.242517 0.229461 0.218180 0.208311 0.199584 0.191792 0.184778 0.178422 0.172633 0.167342 0.162496 0.158057 0.153994 0.150286 0.146915 0.143869 0.141137 0.138713 0.136589 0.134762 0.133229 0.131989 0.131043 0.130393 0.130046 0.130008 0.130293 0.130915 0.131896 0.133262 0.135050 0.137303 0.140080 0.143451 0.147511 0.152378 0.158205 0.165191 0.173599 0.183775 0.196183 0.211455 0.230457 0.254398 0.284982 0.324629 0.376779 0.446236 0.539312 0.662952 0.820568 1.000676 1.159745 1.226542 1.161494 1.004185 0.825859 0.670059 0.548278 0.457114 0.389633 0.339529 0.302008 0.273636 0.251999 0.235398 0.222633 0.212839 0.205392 0.199834 0.195825 0.193116 0.191519 0.190901 0.191168 0.192260 0.194150 0.196836 0.200344 0.204729 0.210071 0.216482 0.224104 0.233108 0.243702 0.256123 0.270633 0.287511 0.307031 0.329428 0.354858 0.383340 0.414722 0.448677 0.484794 0.522732 0.562376 0.603737 0.646344 0.688014 0.723539 0.744720 0.743342 0.716189 0.667698 0.607381 0.544792 0.486399 0.435278 0.392167 0.356590 0.327594 0.304145 0.285287 0.270200 0.258190 0.248673 0.241148 0.235171 0.230340 0.226286 0.222668 0.219187 0.215593 0.211702 0.207409 0.202685 0.197574 0.192175 0.186617 0.181044 0.175594 0.170389 0.165529 0.161091 0.157136 0.153707 0.150838 0.148560 0.146899 0.145891 0.145575 0.146008 0.147261 0.149429 0.152639 0.157059 0.162909 0.170477 0.180149 0.192433 0.208008 0.227777 0.252944 0.285086 0.326207 0.378674 0.444806 0.525665 0.618393 0.712095 0.785399 0.813067 0.783181 0.707654 0.611714 0.516729 0.433584 0.365132 0.310303 0.266768 0.232154 0.204446 0.182057 0.163775 0.148683
0.184836 0.203219 0.225689 0.253617 0.288947 0.334438 0.393941 0.472516 0.575720 0.706251 0.854783 0.986130 1.042753 0.992653 0.867689 0.725267 0.600464 0.502523 0.428694 0.373392 0.331562 0.299375 0.274108 0.253864 0.237319 0.223547 0.211887 0.201866 0.193139 0.185450 0.178609 0.172474 0.166937 0.161917 0.157352 0.153196 0.149414 0.145978 0.142870 0.140072 0.137575 0.135369 0.133448 0.131808 0.130447 0.129365 0.128562 0.128044 0.127817 0.127891 0.128280 0.129001 0.130077 0.131540 0.133427 0.135787 0.138684 0.142196 0.146425 0.151503 0.157600 0.164943 0.173827 0.184656 0.197976 0.214551 0.235461 0.262269 0.297291 0.344043 0.407986 0.497786 0.627269 0.817789 1.097490 1.481532 1.896310 2.096473 1.898008 1.484937 1.102623 0.824677 0.635952 0.508309 0.420405 0.358419 0.313696 0.280778 0.256158 0.237524 0.223320 0.212472 0.204222 0.198032 0.193508 0.190364 0.188392 0.187439 0.187401 0.188207 0.189820 0.192229 0.195451 0.199527 0.204522 0.210529 0.217665 0.226074 0.235929 0.247428 0.260794 0.276272 0.294120 0.314603 0.337987 0.364551 0.394619 0.428646 0.467357 0.511925 0.564062 0.625772 0.698260 0.779373 0.859577 0.919503 0.936057 0.898553 0.818612 0.720265 0.623786 0.539484 0.470039 0.414398 0.370309 0.335464 0.307890 0.286016 0.268616 0.254740 0.243643 0.234724 0.227489 0.221520 0.216458 0.211990 0.207852 0.203830 0.199765 0.195556 0.191160 0.186584 0.181878 0.177118 0.172396 0.167804 0.163432 0.159356 0.155643 0.152346 0.149512 0.147179 0.145385 0.144168 0.143572 0.143651 0.144473 0.146126 0.148725 0.152420 0.157410 0.163959 0.172421 0.183273 0.197165 0.214995 0.238016 0.267998 0.307460 0.359983 0.430570 0.525801 0.652912 0.815453 1.001438 1.165445 1.233154 1.163274 0.997089 0.808915 0.644165 0.514819 0.417322 0.344428 0.289551 0.247681 0.215228 0.189663 0.169209 0.152601
0.185593 0.205221 0.229677 0.260825 0.301489 0.356061 0.431508 0.538953 0.695585 0.924064 1.236566 1.573663 1.737383 1.579234 1.247603 0.940366 0.716867 0.564866 0.461656 0.390026 0.338846 0.301159 0.272596 0.250360 0.232624 0.218163 0.206138 0.195964 0.187225 0.179619 0.172926 0.166981 0.161662 0.156877 0.152557 0.148648 0.145110 0.141914 0.139035 0.136458 0.134168 0.132157 0.130417 0.128945 0.127738 0.126796 0.126123 0.125723 0.125605 0.125778 0.126259 0.127067 0.128226 0.129770 0.131740 0.134187 0.137179 0.140801 0.145161 0.150401 0.156706 0.164321 0.173573 0.184908 0.198945 0.216558 0.239015 0.268204 0.307026 0.360110 0.435150 0.545590 0.716203 0.995140 1.478777 2.342010 3.688354 4.586225 3.690000 2.345311 1.483748 1.001809 0.724601 0.555760 0.447140 0.373975 0.322830 0.286014 0.258907 0.238613 0.223250 0.211557 0.202668 0.195971 0.191031 0.187534 0.185250 0.184015 0.183713 0.184265 0.185626 0.187779 0.190731 0.194511 0.199175 0.204799 0.211483 0.219353 0.228560 0.239284 0.251733 0.266151 0.282819 0.302077 0.324349 0.350198 0.380431 0.416269 0.459614 0.513418 0.582101 0.671766 0.789357 0.938537 1.108449 1.256753 1.313834 1.241151 1.077939 0.894485 0.733747 0.607092 0.511190 0.439202 0.384890 0.343488 0.311561 0.286669 0.267072 0.251507 0.239042 0.228967 0.220728 0.213881 0.208061 0.202969 0.198359 0.194034 0.189848 0.185701 0.181540 0.177349 0.173147 0.168976 0.164891 0.160954 0.157229 0.153776 0.150648 0.147893 0.145556 0.143678 0.142301 0.141469 0.141234 0.141660 0.142824 0.144828 0.147803 0.151919 0.157405 0.164565 0.173810 0.185706 0.201042 0.220939 0.247021 0.281699 0.328632 0.393513 0.485375 0.618636 0.815563 1.105512 1.504289 1.935102 2.141988 1.932977 1.500035 1.099117 0.807008 0.607897 0.472423 0.378311 0.311136 0.261859 0.224780 0.196229 0.173790 0.155828
0.185592 0.206207 0.232297 0.266197 0.311629 0.374787 0.466493 0.606706 0.834238 1.226792 1.925410 3.013548 3.739697 3.018364 1.934964 1.240932 0.852749 0.629322 0.492910 0.404677 0.344656 0.302028 0.270610 0.246701 0.227988 0.212978 0.200676 0.190401 0.181676 0.174162 0.167612 0.161844 0.156725 0.152152 0.148051 0.144362 0.141043 0.138059 0.135386 0.133004 0.130900 0.129062 0.127485 0.126162 0.125094 0.124279 0.123722 0.123428 0.123406 0.123667 0.124228 0.125109 0.126338 0.127947 0.129981 0.132493 0.135552 0.139249 0.143696 0.149041 0.155478 0.163265 0.172749 0.184406 0.198900 0.217183 0.240652 0.271425 0.312834 0.370360 0.453522 0.580005 0.785620 1.151464 1.890812 3.685613 9.068813 18.040414 9.070406 3.688808 1.895623 1.157913 0.793737 0.589827 0.465091 0.383728 0.328057 0.288564 0.259776 0.238367 0.222225 0.209959 0.200627 0.193573 0.188331 0.184568 0.182042 0.180579 0.180056 0.180390 0.181527 0.183446 0.186145 0.189648 0.193998 0.199263 0.205531 0.212914 0.221554 0.231621 0.243325 0.256923 0.272742 0.291209 0.312910 0.338688 0.369810 0.408248 0.457152 0.521630 0.610021 0.735864 0.920230 1.190995 1.563340 1.965171 2.155434 1.953384 1.540274 1.157641 0.878012 0.686553 0.555616 0.464207 0.398718 0.350601 0.314450 0.286764 0.265214 0.248206 0.234613 0.223616 0.214598 0.207087 0.200709 0.195166 0.190221 0.185687 0.181424 0.177333 0.173351 0.169449 0.165626 0.161899 0.158301 0.154871 0.151656 0.148699 0.146045 0.143736 0.141813 0.140319 0.139295 0.138793 0.138867 0.139589 0.141043 0.143342 0.146628 0.151090 0.156976 0.164624 0.174494 0.187225 0.203724 0.225309 0.253943 0.292648 0.346245 0.422758 0.536204 0.712421 1.001635 1.504379 2.403101 3.805781 4.740573 3.803704 2.398942 1.498126 0.993273 0.701927 0.523551 0.407911 0.329164 0.273287 0.232249 0.201221 0.177174 0.158137
0.184597 0.205796 0.232912 0.268627 0.317351 0.386749 0.491069 0.659177 0.956465 1.554941 3.004669 7.348821 14.587366 7.353032 3.013030 1.567338 0.972733 0.679110 0.514429 0.413278 0.346782 0.300691 0.267346 0.242348 0.223032 0.207714 0.195288 0.185007 0.176354 0.168963 0.162571 0.156982 0.152056 0.147683 0.143785 0.140298 0.137177 0.134386 0.131898 0.129693 0.127755 0.126074 0.124642 0.123455 0.122510 0.121809 0.121356 0.121156 0.121218 0.121555 0.122183 0.123125 0.124408 0.126066 0.128143 0.130696 0.133793 0.137527 0.142012 0.147399 0.153886 0.161734 0.171298 0.183064 0.197714 0.216225 0.240042 0.271367 0.313691 0.372817 0.458976 0.591592 0.811325 1.215513 2.088233 4.580747 18.037679 18.038417 18.039221 4.583836 2.092884 1.221745 0.819166 0.601073 0.470137 0.385703 0.328352 0.287862 0.258432 0.236580 0.220109 0.207584 0.198032 0.190783 0.185361 0.181425 0.178730 0.177096 0.176397 0.176546 0.177489 0.179197 0.181664 0.184907 0.188965 0.193894 0.199777 0.206719 0.214853 0.224349 0.235423 0.248354 0.263512 0.281408 0.302769 0.328677 0.360795 0.401769 0.455949 0.530736 0.639237 0.805783 1.077785 1.550167 2.395154 3.714779 4.592823 3.705746 2.377457 1.524527 1.045231 0.767586 0.596833 0.485622 0.409587 0.355496 0.315755 0.285782 0.262686 0.244565 0.230123 0.218444 0.208861 0.200877 0.194106 0.188253 0.183084 0.178418 0.174118 0.170083 0.166249 0.162574 0.159045 0.155663 0.152444 0.149414 0.146603 0.144046 0.141778 0.139835 0.138256 0.137082 0.136356 0.136129 0.136462 0.137428 0.139118 0.141650 0.145176 0.149893 0.156067 0.164055 0.174350 0.187641 0.204915 0.227626 0.257978 0.299442 0.357731 0.442770 0.573004 0.785785 1.165710 1.935263 3.805854 9.419875 18.777322 9.417846 3.801791 1.929155 1.157542 0.775538 0.560650 0.428279 0.341066 0.280560 0.236830 0.204156 0.179062 0.159336
0.182442 0.203716 0.231056 0.267272 0.317035 0.388587 0.497580 0.676793 1.004723 1.710499 3.722761 14.579348 14.581283 14.583067 3.730152 1.721473 1.019153 0.694517 0.518411 0.412321 0.343457 0.296163 0.262200 0.236904 0.217477 0.202161 0.189810 0.179651 0.171151 0.163933 0.157725 0.152329 0.147598 0.143422 0.139716 0.136420 0.133483 0.130869 0.128550 0.126506 0.124719 0.123180 0.121880 0.120814 0.119981 0.119382 0.119021 0.118903 0.119038 0.119440 0.120124 0.121113 0.122435 0.124124 0.126225 0.128793 0.131898 0.135630 0.140104 0.145468 0.151918 0.159711 0.169197 0.180850 0.195336 0.213608 0.237063 0.267819 0.309208 0.366712 0.449850 0.576306 0.781892 1.147704 1.887017 3.681779 9.064935 18.036487 9.066425 3.684765 1.891511 1.153724 0.789461 0.585455 0.460613 0.379131 0.323329 0.283694 0.254751 0.233174 0.216850 0.204390 0.194850 0.187574 0.182095 0.178081 0.175287 0.173539 0.172709 0.172710 0.173487 0.175007 0.177263 0.180266 0.184050 0.188666 0.194191 0.200723 0.208395 0.217375 0.227886 0.240225 0.254797 0.272172 0.293181 0.319074 0.351795 0.394476 0.452374 0.534738 0.658894 0.860043 1.217989 1.942615 3.704888 8.996691 17.818170 8.989669 3.691114 1.922614 1.192510 0.830010 0.625351 0.498780 0.415079 0.356848 0.314710 0.283253 0.259172 0.240350 0.225375 0.213267 0.203329 0.195046 0.188031 0.181988 0.176688 0.171955 0.167653 0.163685 0.159980 0.156493 0.153201 0.150094 0.147178 0.144467 0.141982 0.139749 0.137795 0.136153 0.134859 0.133949 0.133469 0.133469 0.134011 0.135170 0.137040 0.139740 0.143428 0.148304 0.154641 0.162804 0.173297 0.186828 0.204413 0.227554 0.258545 0.301022 0.361036 0.449256 0.585939 0.813497 1.233470 2.142206 4.740707 18.777382 18.776376 18.775401 4.736738 2.136242 1.225497 0.803495 0.573884 0.435119 0.344785 0.282616 0.237939 0.204698 0.179250 0.159296
0.179062 0.199860 0.226546 0.261802 0.310041 0.378929 0.482720 0.650284 0.947021 1.544948 2.994140 7.337782 14.575853 7.341096 3.000732 1.554748 0.959928 0.666172 0.501441 0.400318 0.333925 0.288003 0.254885 0.230163 0.211163 0.196192 0.184136 0.174243 0.165988 0.159002 0.153016 0.147833 0.143306 0.139327 0.135812 0.132698 0.129935 0.127487 0.125325 0.123429 0.121781 0.120371 0.119191 0.118235 0.117503 0.116995 0.116714 0.116668 0.116866 0.117320 0.118048 0.119072 0.120418 0.122122 0.124225 0.126784 0.129866 0.133558 0.137972 0.143250 0.149579 0.157206 0.166459 0.177786 0.191807 0.209397 0.231825 0.260980 0.299763 0.352802 0.427795 0.538182 0.708736 0.987610 1.471175 2.334331 3.680588 4.578361 3.682027 2.337215 1.475515 0.993421 0.716040 0.547006 0.438172 0.364769 0.313363 0.276261 0.248842 0.228209 0.212481 0.200397 0.191087 0.183943 0.178528 0.174525 0.171703 0.169894 0.168976 0.168865 0.169503 0.170859 0.172923 0.175705 0.179232 0.183553 0.188740 0.194887 0.202123 0.210615 0.220590 0.232353 0.246325 0.263109 0.283584 0.309076 0.341650 0.384636 0.443650 0.528680 0.658783 0.873942 1.269926 2.126245 4.575507 17.810430 17.807733 17.804894 4.564634 2.110420 1.249697 0.849987 0.631871 0.499620 0.413248 0.353649 0.310753 0.278837 0.254448 0.235394 0.220226 0.207949 0.197859 0.189442 0.182315 0.176188 0.170839 0.166096 0.161828 0.157938 0.154356 0.151032 0.147938 0.145058 0.142389 0.139938 0.137718 0.135748 0.134053 0.132658 0.131596 0.130903 0.130623 0.130804 0.131507 0.132809 0.134803 0.137608 0.141379 0.146316 0.152687 0.160853 0.171308 0.184742 0.202145 0.224972 0.255429 0.296989 0.355365 0.440484 0.570791 0.783640 1.163627 1.933239 3.803885 9.417957 18.775452 9.416022 3.800012 1.927419 1.155847 0.773882 0.559034 0.426701 0.339525 0.279055 0.235360 0.202722 0.177663 0.157971
0.174503 0.194310 0.219533 0.252507 0.296956 0.359081 0.449711 0.588817 0.815225 1.206658 1.904181 2.991273 3.716452 2.994251 1.910108 1.215479 0.826861 0.603166 0.466656 0.378488 0.318685 0.276410 0.245464 0.222125 0.204061 0.189763 0.178218 0.168733 0.160819 0.154126 0.148401 0.143455 0.139147 0.135370 0.132045 0.129108 0.126513 0.124222 0.122208 0.120450 0.118931 0.117639 0.116568 0.115712 0.115070 0.114643 0.114434 0.114450 0.114700 0.115197 0.115957 0.117003 0.118359 0.120060 0.122148 0.124674 0.127703 0.131320 0.135627 0.140760 0.146892 0.154251 0.163135 0.173950 0.187245 0.203784 0.224649 0.251404 0.286367 0.333052 0.396923 0.486643 0.616039 0.806463 1.086060 1.469985 1.884633 2.084651 1.886023 1.472769 1.090248 0.812071 0.623086 0.495153 0.406926 0.344582 0.299465 0.266114 0.241021 0.221875 0.207117 0.195673 0.186787 0.179918 0.174673 0.170763 0.167977 0.166158 0.165192 0.164999 0.165526 0.166740 0.168631 0.171208 0.174494 0.178536 0.183399 0.189175 0.195988 0.204001 0.213437 0.224598 0.237905 0.253955 0.273619 0.298200 0.329706 0.371343 0.428434 0.510290 0.634277 0.835607 1.194072 1.919510 3.682827 8.975833 17.798602 8.971408 3.674123 1.906811 1.177785 0.816234 0.612387 0.486489 0.403327 0.345507 0.303663 0.272395 0.248411 0.229609 0.214593 0.202401 0.192354 0.183955 0.176837 0.170720 0.165393 0.160692 0.156491 0.152695 0.149234 0.146059 0.143137 0.140449 0.137986 0.135750 0.133749 0.131997 0.130512 0.129320 0.128448 0.127930 0.127806 0.128126 0.128949 0.130346 0.132411 0.135257 0.139035 0.143938 0.150220 0.158222 0.168410 0.181427 0.198184 0.220001 0.248846 0.287742 0.341512 0.418185 0.531777 0.708129 0.997468 1.500328 2.399159 3.801942 4.736832 3.800055 2.395381 1.494651 0.989880 0.698614 0.520315 0.404751 0.326079 0.270274 0.229308 0.198350 0.174373 0.155405
0.168915 0.187315 0.210452 0.240186 0.279348 0.332334 0.406124 0.511860 0.666752 0.893490 1.204285 1.539750 1.701953 1.542445 1.209654 0.901489 0.677316 0.524909 0.421561 0.350053 0.299232 0.262117 0.234306 0.212973 0.196257 0.182907 0.172060 0.163109 0.155621 0.149281 0.143855 0.139170 0.135094 0.131527 0.128393 0.125633 0.123201 0.121061 0.119187 0.117558 0.116158 0.114977 0.114006 0.113241 0.112680 0.112325 0.112179 0.112247 0.112540 0.113070 0.113852 0.114907 0.116260 0.117944 0.119997 0.122469 0.125420 0.128928 0.133089 0.138026 0.143895 0.150899 0.159304 0.169458 0.181829 0.197049 0.215989 0.239858 0.270361 0.309919 0.361971 0.431322 0.524282 0.647796 0.805273 0.985227 1.144125 1.210730 1.145467 0.987914 0.809315 0.653206 0.531078 0.439526 0.371612 0.321027 0.282974 0.254018 0.231742 0.214448 0.200932 0.190332 0.182022 0.175544 0.170559 0.166813 0.164118 0.162334 0.161356 0.161111 0.161549 0.162642 0.164378 0.166764 0.169823 0.173597 0.178148 0.183561 0.189954 0.197483 0.206360 0.216874 0.229422 0.244567 0.263120 0.286273 0.315827 0.354582 0.407043 0.480744 0.588882 0.755819 1.028931 1.503045 2.350251 3.672421 4.553177 3.668835 2.343187 1.492715 1.015637 0.739937 0.570839 0.460994 0.386046 0.332779 0.293622 0.264017 0.241101 0.223001 0.208456 0.196583 0.186756 0.178512 0.171510 0.165488 0.160247 0.155633 0.151528 0.147842 0.144506 0.141472 0.138705 0.136184 0.133897 0.131843 0.130024 0.128452 0.127142 0.126114 0.125395 0.125015 0.125013 0.125434 0.126335 0.127785 0.129870 0.132701 0.136416 0.141196 0.147276 0.154967 0.164689 0.177014 0.192736 0.212980 0.239377 0.274340 0.321533 0.386653 0.478733 0.612195 0.809309 1.099432 1.498372 1.929338 2.136370 1.927498 1.494688 1.093897 0.801912 0.602921 0.467563 0.373565 0.306501 0.257334 0.220362 0.191917 0.169583 0.151724
0.162517 0.179236 0.199910 0.225909 0.259179 0.302488 0.359702 0.435902 0.536679 0.664772 0.810904 0.939947 0.994425 0.942404 0.815801 0.672073 0.546332 0.447842 0.373851 0.318758 0.277476 0.246133 0.221961 0.203012 0.187919 0.175715 0.165706 0.157390 0.150399 0.144459 0.139365 0.134963 0.131132 0.127782 0.124842 0.122257 0.119985 0.117991 0.116251 0.114745 0.113457 0.112378 0.111499 0.110817 0.110330 0.110039 0.109947 0.110060 0.110387 0.110940 0.111734 0.112788 0.114126 0.115778 0.117781 0.120179 0.123030 0.126402 0.130382 0.135080 0.140634 0.147219 0.155061 0.164452 0.175771 0.189518 0.206354 0.227155 0.253083 0.285658 0.326810 0.378814 0.443900 0.523092 0.613658 0.705159 0.777114 0.805337 0.778408 0.707751 0.617556 0.528309 0.450452 0.386722 0.336099 0.296358 0.265228 0.240784 0.221510 0.206251 0.194137 0.184512 0.176885 0.170885 0.166229 0.162703 0.160145 0.158432 0.157472 0.157201 0.157573 0.158562 0.160158 0.162368 0.165211 0.168727 0.172972 0.178027 0.183998 0.191033 0.199325 0.209138 0.220835 0.234918 0.252097 0.273393 0.300302 0.335063 0.381098 0.443753 0.531534 0.658035 0.844265 1.117927 1.493956 1.899977 2.094662 1.897031 1.488146 1.109411 0.833270 0.644843 0.516467 0.427156 0.363321 0.316446 0.281158 0.253998 0.232681 0.215657 0.201852 0.190500 0.181045 0.173075 0.166281 0.160426 0.155326 0.150840 0.146858 0.143297 0.140091 0.137194 0.134571 0.132199 0.130066 0.128167 0.126503 0.125081 0.123915 0.123021 0.122424 0.122151 0.122237 0.122726 0.123670 0.125133 0.127195 0.129958 0.133549 0.138131 0.143914 0.151172 0.160270 0.171692 0.186096 0.204388 0.227827 0.258188 0.297994 0.350833 0.421710 0.517208 0.644566 0.807338 0.993539 1.157750 1.225652 1.155956 0.989948 0.801944 0.637357 0.508171 0.410829 0.338086 0.283358 0.241635 0.209325 0.183902 0.163588 0.147118
0.155566 0.170472 0.188552 0.210739 0.238253 0.272645 0.315741 0.369332 0.434237 0.508240 0.582912 0.641722 0.665150 0.643976 0.587405 0.514943 0.443109 0.380320 0.328780 0.287664 0.255175 0.229481 0.209030 0.192600 0.179261 0.168313 0.159230 0.151615 0.145170 0.139667 0.134931 0.130828 0.127253 0.124126 0.121382 0.118972 0.116856 0.115005 0.113393 0.112004 0.110822 0.109838 0.109045 0.108438 0.108017 0.107783 0.107738 0.107888 0.108241 0.108809 0.109606 0.110650 0.111962 0.113571 0.115509 0.117818 0.120549 0.123762 0.127535 0.131964 0.137165 0.143286 0.150514 0.159083 0.169290 0.181512 0.196223 0.214021 0.235639 0.261945 0.293887 0.332321 0.377623 0.428940 0.483067 0.533406 0.570324 0.584392 0.571572 0.535906 0.486826 0.433969 0.383939 0.339942 0.302836 0.272251 0.247332 0.227138 0.210805 0.197605 0.186947 0.178361 0.171479 0.166011 0.161732 0.158467 0.156080 0.154468 0.153552 0.153275 0.153599 0.154501 0.155971 0.158015 0.160653 0.163919 0.167865 0.172563 0.178111 0.184639 0.192322 0.201392 0.212163 0.225062 0.240680 0.259837 0.283690 0.313886 0.352778 0.403731 0.471455 0.562155 0.682664 0.836346 1.011922 1.166588 1.230293 1.164136 1.007079 0.829233 0.673450 0.551055 0.458713 0.389610 0.337547 0.297806 0.267007 0.242767 0.223405 0.207725 0.194864 0.184189 0.175229 0.167630 0.161120 0.155491 0.150578 0.146254 0.142420 0.138998 0.135928 0.133166 0.130679 0.128444 0.126448 0.124684 0.123152 0.121857 0.120809 0.120024 0.119522 0.119329 0.119477 0.120004 0.120959 0.122402 0.124404 0.127056 0.130472 0.134794 0.140207 0.146942 0.155303 0.165685 0.178607 0.194756 0.215045 0.240683 0.273253 0.314766 0.367592 0.434055 0.515222 0.608236 0.702207 0.775764 0.803673 0.774016 0.698708 0.602980 0.508199 0.425254 0.356995 0.302355 0.259007 0.224575 0.197048 0.174837 0.156730 0.141812
