0.058097 0.059348 0.060653 0.062013 0.063435 0.064921 0.066478 0.068112 0.069827 0.071632 0.073535 0.075545 0.077671 0.079924 0.082319 0.084869 0.087590 0.090500 0.093621 0.096975 0.100587 0.104486 0.108705 0.113276 0.118239 0.123632 0.129498 0.135880 0.142818 0.150352 0.158516 0.167335 0.176826 0.186996 0.197849 0.209395 0.221675 0.234802 0.249016 0.264771 0.282857 0.304574 0.332011 0.368534 0.419713 0.495263 0.613439 0.812195 1.182076 1.986961 4.295785 16.784178 16.780062 16.776264 4.279988 1.963355 1.150796 0.773466 0.567612 0.442846 0.361402 0.305228 0.264810 0.234743 0.211770 0.193833 0.179579 0.168085 0.158709 0.150987 0.144582 0.139240 0.134768 0.131020 0.127880 0.125256 0.123076 0.121282 0.119826 0.118670 0.117782 0.117136 0.116712 0.116491 0.116459 0.116604 0.116916 0.117386 0.118005 0.118767 0.119665 0.120690 0.121834 0.123085 0.124430 0.125852 0.127331 0.128842 0.130353 0.131831 0.133236 0.134523 0.135648 0.136565 0.137229 0.137605 0.137661 0.137381 0.136757 0.135796 0.134517 0.132951 0.131134 0.129112 0.126928 0.124629 0.122257 0.119852 0.117446 0.115070 0.112744 0.110488 0.108315 0.106233 0.104248 0.102365 0.100582 0.098901 0.097318 0.095832 0.094437 0.093131 0.091908 0.090765 0.089697 0.088700 0.087769 0.086900 0.086089 0.085334 0.084629 0.083972 0.083360 0.082790 0.082260 0.081768 0.081311 0.080888 0.080498 0.080140 0.079813 0.079516 0.079251 0.079017 0.078814 0.078644 0.078508 0.078408 0.078345 0.078321 0.078339 0.078403 0.078515 0.078679 0.078900 0.079183 0.079532 0.079955 0.080458 0.081051 0.081741 0.082542 0.083464 0.084523 0.085735 0.087118 0.088695 0.090488 0.092521 0.094823 0.097418 0.100331 0.103580 0.107172 0.111095 0.115312 0.119748 0.124276 0.128716 0.132828 0.136329 0.138920 0.140332 0.140376 0.138986 0.136230 0.132302 0.127474 0.122046 0.116306
0.058942 0.060229 0.061571 0.062972 0.064436 0.065969 0.067575 0.069261 0.071035 0.072902 0.074873 0.076957 0.079165 0.081509 0.084004 0.086666 0.089513 0.092566 0.095848 0.099386 0.103211 0.107356 0.111860 0.116765 0.122117 0.127968 0.134372 0.141384 0.149060 0.157452 0.166607 0.176554 0.187309 0.198860 0.211173 0.224200 0.237893 0.252257 0.267411 0.283692 0.301793 0.322944 0.349183 0.383802 0.432173 0.503462 0.614412 0.798558 1.131427 1.811199 3.471115 8.462837 16.786403 8.453342 3.452132 1.782754 1.093599 0.751518 0.558481 0.439169 0.360309 0.305459 0.265757 0.236094 0.213358 0.195564 0.181400 0.169967 0.160635 0.152949 0.146575 0.141265 0.136827 0.133115 0.130015 0.127436 0.125306 0.123567 0.122173 0.121086 0.120273 0.119711 0.119379 0.119259 0.119339 0.119607 0.120055 0.120675 0.121461 0.122407 0.123508 0.124758 0.126150 0.127673 0.129316 0.131061 0.132887 0.134765 0.136661 0.138533 0.140332 0.142003 0.143485 0.144719 0.145647 0.146215 0.146384 0.146128 0.145438 0.144324 0.142812 0.140943 0.138771 0.136354 0.133752 0.131026 0.128230 0.125412 0.122614 0.119869 0.117202 0.114633 0.112175 0.109837 0.107623 0.105534 0.103569 0.101726 0.100001 0.098389 0.096884 0.095481 0.094174 0.092957 0.091824 0.090771 0.089791 0.088881 0.088034 0.087247 0.086515 0.085836 0.085204 0.084618 0.084073 0.083569 0.083101 0.082670 0.082272 0.081908 0.081576 0.081276 0.081008 0.080772 0.080569 0.080400 0.080267 0.080171 0.080115 0.080100 0.080130 0.080208 0.080339 0.080526 0.080773 0.081088 0.081475 0.081943 0.082500 0.083155 0.083920 0.084807 0.085833 0.087014 0.088372 0.089931 0.091720 0.093769 0.096115 0.098798 0.101860 0.105345 0.109293 0.113735 0.118683 0.124119 0.129972 0.136102 0.142275 0.148157 0.153319 0.157282 0.159596 0.159933 0.158174 0.154441 0.149066 0.142504 0.135236 0.127693
0.059795 0.061117 0.062497 0.063939 0.065447 0.067026 0.068682 0.070422 0.072253 0.074184 0.076224 0.078382 0.080673 0.083108 0.085704 0.088479 0.091454 0.094651 0.098098 0.101826 0.105870 0.110272 0.115075 0.120334 0.126106 0.132456 0.139455 0.147177 0.155701 0.165100 0.175442 0.186775 0.199118 0.212449 0.226691 0.241712 0.257338 0.273396 0.289797 0.306662 0.324485 0.344330 0.368070 0.398722 0.441041 0.502684 0.596612 0.746230 0.996554 1.437269 2.230880 3.473550 4.300415 3.462183 2.208105 1.403027 0.950807 0.689026 0.528170 0.423494 0.351964 0.301068 0.263630 0.235328 0.213444 0.196205 0.182415 0.171243 0.162099 0.154556 0.148296 0.143080 0.138725 0.135089 0.132062 0.129555 0.127498 0.125835 0.124520 0.123516 0.122794 0.122329 0.122103 0.122098 0.122303 0.122709 0.123309 0.124097 0.125069 0.126222 0.127554 0.129060 0.130737 0.132577 0.134569 0.136699 0.138942 0.141270 0.143643 0.146010 0.148311 0.150475 0.152425 0.154080 0.155358 0.156188 0.156513 0.156294 0.155521 0.154206 0.152387 0.150123 0.147488 0.144563 0.141428 0.138164 0.134839 0.131515 0.128241 0.125054 0.121984 0.119050 0.116264 0.113634 0.111160 0.108842 0.106676 0.104656 0.102776 0.101029 0.099406 0.097900 0.096504 0.095210 0.094011 0.092901 0.091872 0.090919 0.090036 0.089218 0.088461 0.087759 0.087109 0.086507 0.085949 0.085433 0.084956 0.084517 0.084113 0.083743 0.083406 0.083102 0.082832 0.082594 0.082391 0.082223 0.082092 0.082000 0.081949 0.081943 0.081985 0.082078 0.082226 0.082435 0.082710 0.083057 0.083483 0.083997 0.084607 0.085326 0.086166 0.087143 0.088275 0.089583 0.091093 0.092837 0.094849 0.097172 0.099857 0.102960 0.106546 0.110687 0.115456 0.120924 0.127148 0.134150 0.141894 0.150241 0.158913 0.167447 0.175191 0.181359 0.185161 0.186000 0.183655 0.178350 0.170688 0.161462 0.151464 0.141347
0.060656 0.062014 0.063433 0.064915 0.066467 0.068093 0.069799 0.071594 0.073483 0.075477 0.077585 0.079819 0.082192 0.084719 0.087416 0.090305 0.093407 0.096750 0.100364 0.104285 0.108554 0.113219 0.118335 0.123966 0.130186 0.137075 0.144729 0.153247 0.162741 0.173319 0.185087 0.198130 0.212494 0.228161 0.245018 0.262834 0.281253 0.299832 0.318135 0.335910 0.353313 0.371148 0.391074 0.415798 0.449354 0.497628 0.569390 0.678049 0.843823 1.093083 1.440020 1.816332 1.994212 1.802766 1.412768 1.051936 0.788532 0.608421 0.485412 0.399626 0.338180 0.292986 0.258937 0.232736 0.212204 0.195865 0.182691 0.171957 0.163133 0.155831 0.149760 0.144698 0.140472 0.136950 0.134026 0.131617 0.129656 0.128087 0.126869 0.125966 0.125349 0.124995 0.124887 0.125011 0.125356 0.125915 0.126683 0.127657 0.128836 0.130220 0.131811 0.133609 0.135612 0.137819 0.140221 0.142807 0.145554 0.148433 0.151397 0.154389 0.157334 0.160143 0.162712 0.164929 0.166685 0.167875 0.168416 0.168255 0.167373 0.165789 0.163561 0.160771 0.157525 0.153936 0.150115 0.146166 0.142179 0.138230 0.134376 0.130661 0.127114 0.123753 0.120590 0.117627 0.114861 0.112289 0.109901 0.107688 0.105641 0.103748 0.102001 0.100387 0.098898 0.097525 0.096258 0.095089 0.094011 0.093016 0.092098 0.091251 0.090468 0.089746 0.089078 0.088462 0.087892 0.087366 0.086881 0.086434 0.086024 0.085649 0.085309 0.085002 0.084728 0.084489 0.084284 0.084117 0.083988 0.083899 0.083854 0.083856 0.083908 0.084015 0.084181 0.084412 0.084713 0.085093 0.085558 0.086117 0.086783 0.087566 0.088483 0.089550 0.090790 0.092227 0.093893 0.095826 0.098070 0.100682 0.103727 0.107284 0.111447 0.116326 0.122043 0.128731 0.136523 0.145525 0.155783 0.167217 0.179535 0.192133 0.204025 0.213884 0.220263 0.222004 0.218662 0.210687 0.199243 0.185779 0.171629 0.157783
0.061524 0.062920 0.064377 0.065901 0.067497 0.069170 0.070927 0.072775 0.074724 0.076781 0.078958 0.081267 0.083722 0.086339 0.089138 0.092140 0.095370 0.098858 0.102639 0.106754 0.111250 0.116183 0.121620 0.127638 0.134328 0.141794 0.150159 0.159561 0.170154 0.182103 0.195578 0.210733 0.227681 0.246448 0.266919 0.288765 0.311394 0.333952 0.355430 0.374928 0.392023 0.407147 0.421804 0.438592 0.461098 0.493855 0.542427 0.613458 0.713874 0.847074 1.002460 1.139580 1.192201 1.123461 0.969980 0.797777 0.647158 0.528691 0.439127 0.371945 0.321223 0.282449 0.252382 0.228735 0.209894 0.194705 0.182337 0.172181 0.163785 0.156808 0.150992 0.146135 0.142081 0.138708 0.135917 0.133631 0.131786 0.130332 0.129227 0.128439 0.127941 0.127713 0.127738 0.128004 0.128503 0.129230 0.130182 0.131361 0.132768 0.134409 0.136289 0.138415 0.140790 0.143420 0.146302 0.149429 0.152784 0.156336 0.160039 0.163826 0.167604 0.171260 0.174656 0.177640 0.180053 0.181746 0.182596 0.182521 0.181495 0.179546 0.176757 0.173255 0.169190 0.164722 0.160005 0.155178 0.150357 0.145632 0.141071 0.136721 0.132610 0.128754 0.125157 0.121817 0.118725 0.115870 0.113239 0.110818 0.108591 0.106545 0.104666 0.102940 0.101355 0.099900 0.098564 0.097337 0.096209 0.095174 0.094222 0.093346 0.092541 0.091799 0.091116 0.090487 0.089907 0.089373 0.088881 0.088429 0.088014 0.087635 0.087290 0.086980 0.086703 0.086462 0.086256 0.086088 0.085960 0.085874 0.085834 0.085842 0.085904 0.086024 0.086207 0.086459 0.086787 0.087199 0.087703 0.088309 0.089029 0.089877 0.090870 0.092028 0.093375 0.094942 0.096765 0.098889 0.101370 0.104277 0.107696 0.111732 0.116516 0.122205 0.128992 0.137101 0.146783 0.158299 0.171873 0.187598 0.205289 0.224252 0.243047 0.259397 0.270512 0.273973 0.268806 0.255990 0.237951 0.217484 0.196872 0.177559
0.062401 0.063834 0.065330 0.066896 0.068536 0.070257 0.072065 0.073968 0.075975 0.078095 0.080341 0.082724 0.085261 0.087969 0.090867 0.093981 0.097337 0.100968 0.104915 0.109222 0.113944 0.119146 0.124908 0.131321 0.138497 0.146569 0.155694 0.166059 0.177881 0.191404 0.206899 0.224643 0.244884 0.267780 0.293299 0.321073 0.350244 0.379355 0.406431 0.429377 0.446701 0.458260 0.465629 0.471850 0.480786 0.496480 0.522716 0.562592 0.617557 0.685213 0.755796 0.810110 0.825481 0.791080 0.717305 0.626427 0.537303 0.459490 0.395411 0.344022 0.303172 0.270683 0.244707 0.223788 0.206807 0.192918 0.181479 0.172003 0.164116 0.157531 0.152023 0.147416 0.143571 0.140377 0.137746 0.135605 0.133897 0.132574 0.131600 0.130943 0.130579 0.130490 0.130661 0.131083 0.131749 0.132659 0.133812 0.135214 0.136871 0.138794 0.140995 0.143487 0.146284 0.149398 0.152838 0.156605 0.160692 0.165071 0.169698 0.174498 0.179362 0.184144 0.188663 0.192705 0.196043 0.198454 0.199751 0.199809 0.198585 0.196123 0.192554 0.188065 0.182881 0.177233 0.171335 0.165372 0.159491 0.153801 0.148376 0.143264 0.138489 0.134057 0.129965 0.126200 0.122745 0.119581 0.116686 0.114040 0.111622 0.109414 0.107397 0.105555 0.103872 0.102334 0.100929 0.099644 0.098469 0.097394 0.096409 0.095508 0.094682 0.093924 0.093228 0.092589 0.092001 0.091461 0.090964 0.090507 0.090088 0.089706 0.089358 0.089045 0.088766 0.088522 0.088314 0.088145 0.088016 0.087932 0.087894 0.087909 0.087979 0.088111 0.088310 0.088583 0.088937 0.089380 0.089922 0.090574 0.091349 0.092261 0.093330 0.094578 0.096032 0.097727 0.099704 0.102017 0.104733 0.107935 0.111731 0.116257 0.121685 0.128238 0.136195 0.145907 0.157807 0.172409 0.190271 0.211902 0.237526 0.266642 0.297368 0.325822 0.346333 0.353354 0.344508 0.322178 0.291919 0.259409 0.228534 0.201185
0.063286 0.064756 0.066292 0.067900 0.069585 0.071354 0.073213 0.075171 0.077236 0.079420 0.081734 0.084191 0.086809 0.089605 0.092602 0.095825 0.099304 0.103075 0.107183 0.111677 0.116621 0.122088 0.128171 0.134979 0.142647 0.151341 0.161262 0.172655 0.185819 0.201112 0.218955 0.239821 0.264210 0.292569 0.325148 0.361739 0.401307 0.441588 0.478948 0.508946 0.527838 0.534418 0.530893 0.522046 0.513403 0.509701 0.514179 0.528364 0.551784 0.581308 0.610439 0.629794 0.630197 0.607518 0.565187 0.511688 0.455747 0.403310 0.357204 0.318103 0.285561 0.258701 0.236578 0.218333 0.203239 0.190704 0.180257 0.171520 0.164197 0.158050 0.152891 0.148569 0.144963 0.141975 0.139526 0.137552 0.135999 0.134825 0.133996 0.133485 0.133268 0.133331 0.133662 0.134253 0.135102 0.136208 0.137578 0.139221 0.141149 0.143380 0.145933 0.148832 0.152101 0.155767 0.159852 0.164373 0.169337 0.174730 0.180515 0.186613 0.192902 0.199199 0.205262 0.210793 0.215456 0.218915 0.220877 0.221141 0.219636 0.216438 0.211748 0.205863 0.199123 0.191865 0.184391 0.176946 0.169712 0.162818 0.156339 0.150315 0.144759 0.139663 0.135008 0.130768 0.126912 0.123410 0.120231 0.117345 0.114726 0.112348 0.110189 0.108228 0.106446 0.104825 0.103351 0.102010 0.100790 0.099678 0.098664 0.097740 0.096896 0.096125 0.095419 0.094773 0.094180 0.093636 0.093136 0.092678 0.092257 0.091872 0.091522 0.091205 0.090923 0.090676 0.090466 0.090294 0.090164 0.090079 0.090043 0.090062 0.090139 0.090282 0.090496 0.090788 0.091167 0.091641 0.092221 0.092919 0.093747 0.094723 0.095867 0.097203 0.098762 0.100580 0.102706 0.105201 0.108142 0.111629 0.115791 0.120799 0.126873 0.134306 0.143488 0.154935 0.169332 0.187577 0.210808 0.240368 0.277574 0.323035 0.375143 0.427757 0.468820 0.484095 0.466860 0.423844 0.369294 0.315274 0.267933 0.228883
0.064179 0.065687 0.067264 0.068914 0.070645 0.072461 0.074372 0.076384 0.078509 0.080755 0.083137 0.085668 0.088365 0.091249 0.094341 0.097670 0.101268 0.105174 0.109436 0.114110 0.119266 0.124988 0.131381 0.138573 0.146726 0.156040 0.166767 0.179224 0.193813 0.211038 0.231529 0.256062 0.285555 0.321013 0.363369 0.413091 0.469445 0.529382 0.586506 0.631437 0.655044 0.653610 0.631513 0.598540 0.564691 0.536887 0.518467 0.509986 0.509975 0.515308 0.521448 0.523131 0.515808 0.497346 0.468812 0.433654 0.395980 0.359151 0.325260 0.295257 0.269322 0.247215 0.228510 0.212736 0.199447 0.188248 0.178802 0.170828 0.164096 0.158416 0.153635 0.149624 0.146281 0.143521 0.141274 0.139484 0.138103 0.137094 0.136426 0.136073 0.136019 0.136247 0.136751 0.137524 0.138567 0.139885 0.141487 0.143388 0.145607 0.148169 0.151105 0.154450 0.158244 0.162532 0.167357 0.172759 0.178770 0.185402 0.192636 0.200405 0.208577 0.216932 0.225151 0.232815 0.239424 0.244453 0.247429 0.248019 0.246105 0.241809 0.235467 0.227556 0.218605 0.209117 0.199514 0.190120 0.181156 0.172758 0.164993 0.157883 0.151416 0.145559 0.140271 0.135503 0.131209 0.127343 0.123860 0.120722 0.117893 0.115341 0.113037 0.110955 0.109073 0.107371 0.105831 0.104437 0.103173 0.102028 0.100989 0.100046 0.099189 0.098408 0.097697 0.097047 0.096453 0.095909 0.095409 0.094950 0.094529 0.094143 0.093791 0.093473 0.093187 0.092936 0.092721 0.092545 0.092412 0.092325 0.092289 0.092309 0.092392 0.092543 0.092770 0.093081 0.093484 0.093989 0.094606 0.095348 0.096230 0.097269 0.098487 0.099908 0.101567 0.103503 0.105770 0.108435 0.111585 0.115335 0.119838 0.125295 0.131980 0.140264 0.150657 0.163873 0.180917 0.203218 0.232806 0.272511 0.326055 0.397533 0.488956 0.593567 0.685736 0.723521 0.683623 0.589350 0.482654 0.389173 0.315675 0.260156
0.065081 0.066627 0.068245 0.069938 0.071714 0.073580 0.075542 0.077610 0.079793 0.082103 0.084552 0.087155 0.089931 0.092899 0.096084 0.099515 0.103226 0.107260 0.111668 0.116510 0.121864 0.127824 0.134508 0.142062 0.150675 0.160584 0.172097 0.185612 0.201650 0.220895 0.244254 0.272922 0.308457 0.352836 0.408389 0.477413 0.561021 0.656602 0.753896 0.832667 0.869017 0.851774 0.792522 0.715544 0.641402 0.580558 0.535608 0.505072 0.485777 0.473902 0.465432 0.456570 0.444334 0.427145 0.405053 0.379391 0.352067 0.324888 0.299188 0.275748 0.254896 0.236651 0.220857 0.207276 0.195644 0.185707 0.177232 0.170015 0.163881 0.158682 0.154294 0.150612 0.147550 0.145034 0.143006 0.141416 0.140223 0.139393 0.138899 0.138719 0.138839 0.139247 0.139935 0.140904 0.142155 0.143697 0.145545 0.147720 0.150247 0.153163 0.156509 0.160338 0.164709 0.169689 0.175353 0.181774 0.189026 0.197162 0.206206 0.216125 0.226798 0.237976 0.249252 0.260037 0.269579 0.277035 0.281612 0.282735 0.280193 0.274200 0.265337 0.254402 0.242241 0.229611 0.217104 0.205134 0.193951 0.183680 0.174358 0.165962 0.158440 0.151720 0.145726 0.140381 0.135615 0.131360 0.127558 0.124158 0.121113 0.118382 0.115932 0.113730 0.111751 0.109970 0.108367 0.106923 0.105622 0.104448 0.103388 0.102431 0.101565 0.100781 0.100069 0.099421 0.098829 0.098289 0.097793 0.097337 0.096918 0.096533 0.096180 0.095859 0.095569 0.095313 0.095093 0.094911 0.094771 0.094679 0.094640 0.094660 0.094745 0.094903 0.095141 0.095469 0.095894 0.096429 0.097083 0.097870 0.098805 0.099907 0.101196 0.102701 0.104455 0.106502 0.108898 0.111716 0.115052 0.119035 0.123834 0.129685 0.136907 0.145948 0.157445 0.172319 0.191937 0.218373 0.254847 0.306466 0.381378 0.492162 0.655397 0.880014 1.122676 1.238917 1.120387 0.875447 0.648576 0.483119 0.370156 0.293117
0.065992 0.067577 0.069236 0.070973 0.072796 0.074711 0.076725 0.078849 0.081091 0.083463 0.085979 0.088654 0.091507 0.094557 0.097832 0.101360 0.105179 0.109332 0.113874 0.118871 0.124405 0.130580 0.137524 0.145405 0.154433 0.164886 0.177126 0.191636 0.209066 0.230307 0.256591 0.289649 0.331929 0.386904 0.459407 0.555785 0.683020 0.844590 1.029158 1.193498 1.266816 1.209840 1.062079 0.894535 0.750581 0.641593 0.563962 0.510338 0.473709 0.448267 0.429345 0.413288 0.397455 0.380291 0.361285 0.340752 0.319475 0.298352 0.278151 0.259400 0.242387 0.227209 0.213831 0.202139 0.191985 0.183206 0.175646 0.169158 0.163613 0.158895 0.154907 0.151563 0.148793 0.146536 0.144740 0.143363 0.142371 0.141733 0.141427 0.141434 0.141742 0.142341 0.143228 0.144404 0.145875 0.147655 0.149762 0.152223 0.155074 0.158362 0.162143 0.166488 0.171481 0.177221 0.183821 0.191407 0.200110 0.210057 0.221347 0.234025 0.248024 0.263108 0.278783 0.294239 0.308331 0.319677 0.326886 0.328910 0.325357 0.316624 0.303765 0.288174 0.271240 0.254113 0.237608 0.222222 0.208200 0.195611 0.184416 0.174516 0.165789 0.158105 0.151336 0.145368 0.140098 0.135436 0.131304 0.127635 0.124370 0.121462 0.118867 0.116548 0.114475 0.112620 0.110959 0.109471 0.108137 0.106940 0.105866 0.104902 0.104034 0.103252 0.102545 0.101904 0.101321 0.100789 0.100301 0.099852 0.099438 0.099055 0.098702 0.098379 0.098085 0.097822 0.097593 0.097402 0.097254 0.097154 0.097108 0.097123 0.097208 0.097369 0.097617 0.097959 0.098406 0.098970 0.099660 0.100492 0.101481 0.102645 0.104006 0.105592 0.107438 0.109588 0.112101 0.115053 0.118546 0.122718 0.127756 0.133917 0.141562 0.151204 0.163588 0.179828 0.201636 0.231740 0.274679 0.338375 0.437422 0.600181 0.883409 1.390097 2.181204 2.708190 2.178714 1.385130 0.875991 0.590352 0.425231 0.323886
0.066912 0.068537 0.070237 0.072019 0.073889 0.075854 0.077922 0.080101 0.082403 0.084838 0.087421 0.090167 0.093095 0.096226 0.099587 0.103208 0.107127 0.111390 0.116053 0.121187 0.126879 0.133239 0.140406 0.148563 0.157945 0.168860 0.181724 0.197099 0.215765 0.238819 0.267844 0.305174 0.354341 0.420822 0.513284 0.645541 0.838900 1.121440 1.508313 1.926326 2.131328 1.940223 1.536230 1.163595 0.895557 0.716926 0.599464 0.521556 0.468911 0.432229 0.405319 0.383968 0.365353 0.347729 0.330211 0.312556 0.294933 0.277698 0.261230 0.245833 0.231705 0.218935 0.207529 0.197438 0.188574 0.180838 0.174121 0.168322 0.163342 0.159097 0.155507 0.152506 0.150035 0.148045 0.146492 0.145341 0.144562 0.144129 0.144024 0.144231 0.144740 0.145544 0.146642 0.148038 0.149742 0.151770 0.154147 0.156906 0.160093 0.163766 0.167999 0.172885 0.178537 0.185094 0.192721 0.201612 0.211985 0.224078 0.238123 0.254315 0.272735 0.293246 0.315335 0.337942 0.359335 0.377180 0.388935 0.392563 0.387281 0.373879 0.354397 0.331385 0.307183 0.283527 0.261487 0.241579 0.223949 0.208520 0.195104 0.183473 0.173393 0.164648 0.157045 0.150417 0.144623 0.139541 0.135073 0.131133 0.127652 0.124568 0.121832 0.119402 0.117241 0.115318 0.113605 0.112080 0.110721 0.109509 0.108429 0.107464 0.106602 0.105830 0.105136 0.104510 0.103942 0.103424 0.102950 0.102511 0.102105 0.101727 0.101376 0.101050 0.100750 0.100479 0.100239 0.100036 0.099875 0.099762 0.099704 0.099711 0.099791 0.099953 0.100206 0.100561 0.101029 0.101620 0.102348 0.103226 0.104269 0.105497 0.106930 0.108597 0.110531 0.112777 0.115394 0.118460 0.122078 0.126392 0.131596 0.137964 0.145882 0.155907 0.168860 0.185990 0.209263 0.241911 0.289548 0.362597 0.482153 0.695980 1.129671 2.184787 5.352815 10.633766 5.350093 2.179357 1.121565 0.685243 0.468846 0.346793
0.067842 0.069507 0.071250 0.073078 0.074996 0.077011 0.079133 0.081370 0.083731 0.086231 0.088881 0.091698 0.094700 0.097910 0.101353 0.105062 0.109074 0.113437 0.118208 0.123460 0.129283 0.135793 0.143138 0.151510 0.161162 0.172431 0.185772 0.201817 0.221451 0.245957 0.277235 0.318198 0.373481 0.450776 0.563498 0.736345 1.017288 1.502301 2.365520 3.710024 4.608573 3.721790 2.389102 1.537780 1.064736 0.795764 0.634745 0.533464 0.466889 0.421194 0.388247 0.363016 0.342316 0.324159 0.307392 0.291445 0.276126 0.261465 0.247583 0.234615 0.222661 0.211778 0.201974 0.193224 0.185477 0.178664 0.172715 0.167555 0.163113 0.159323 0.156125 0.153466 0.151298 0.149581 0.148280 0.147365 0.146810 0.146596 0.146705 0.147125 0.147849 0.148871 0.150194 0.151824 0.153772 0.156060 0.158717 0.161783 0.165313 0.169379 0.174072 0.179512 0.185845 0.193259 0.201984 0.212301 0.224552 0.239135 0.256497 0.277101 0.301343 0.329393 0.360926 0.394725 0.428259 0.457526 0.477622 0.484293 0.475826 0.453939 0.422895 0.387603 0.352072 0.318842 0.289135 0.263287 0.241133 0.222287 0.206293 0.192712 0.181148 0.171265 0.162784 0.155473 0.149144 0.143641 0.138838 0.134633 0.130939 0.127688 0.124820 0.122286 0.120045 0.118062 0.116306 0.114752 0.113377 0.112159 0.111082 0.110127 0.109280 0.108527 0.107855 0.107253 0.106708 0.106213 0.105758 0.105336 0.104942 0.104572 0.104223 0.103895 0.103588 0.103305 0.103051 0.102830 0.102650 0.102518 0.102444 0.102437 0.102507 0.102664 0.102919 0.103285 0.103771 0.104390 0.105156 0.106082 0.107183 0.108477 0.109986 0.111735 0.113757 0.116096 0.118807 0.121966 0.125677 0.130081 0.135374 0.141833 0.149851 0.159998 0.173125 0.190528 0.214269 0.247772 0.297072 0.373618 0.501365 0.737642 1.249735 2.715556 10.637526 10.636026 10.634534 2.709590 1.240830 0.725852 0.486761 0.356287
0.068781 0.070488 0.072275 0.074149 0.076116 0.078184 0.080361 0.082656 0.085079 0.087643 0.090361 0.093249 0.096325 0.099612 0.103136 0.106928 0.111027 0.115479 0.120344 0.125694 0.131621 0.138244 0.145714 0.154231 0.164057 0.175547 0.189183 0.205639 0.225875 0.251298 0.284035 0.327423 0.386941 0.472090 0.600503 0.807855 1.174901 1.913962 3.703868 9.065892 18.000058 9.075813 3.723719 1.943744 1.214582 0.857329 0.659538 0.540270 0.463617 0.411676 0.374672 0.346885 0.324821 0.306307 0.290017 0.275187 0.261417 0.248538 0.236505 0.225329 0.215036 0.205640 0.197139 0.189512 0.182722 0.176724 0.171467 0.166895 0.162957 0.159603 0.156787 0.154465 0.152602 0.151163 0.150121 0.149451 0.149132 0.149147 0.149484 0.150132 0.151085 0.152342 0.153904 0.155781 0.157988 0.160547 0.163492 0.166871 0.170747 0.175206 0.180358 0.186350 0.193367 0.201651 0.211510 0.223337 0.237631 0.255017 0.276262 0.302273 0.334041 0.372462 0.417933 0.469578 0.524088 0.574640 0.611266 0.624214 0.609306 0.570726 0.518235 0.461806 0.408272 0.360950 0.320724 0.287209 0.259517 0.236669 0.217768 0.202054 0.188910 0.177845 0.168467 0.160470 0.153611 0.147695 0.142569 0.138110 0.134217 0.130809 0.127819 0.125192 0.122882 0.120849 0.119062 0.117490 0.116109 0.114897 0.113833 0.112900 0.112080 0.111358 0.110719 0.110151 0.109640 0.109176 0.108749 0.108351 0.107974 0.107615 0.107270 0.106939 0.106622 0.106324 0.106050 0.105806 0.105600 0.105443 0.105344 0.105315 0.105368 0.105515 0.105768 0.106140 0.106644 0.107291 0.108096 0.109073 0.110236 0.111603 0.113194 0.115031 0.117146 0.119577 0.122377 0.125616 0.129391 0.133837 0.139142 0.145573 0.153509 0.163506 0.176383 0.193389 0.216494 0.248934 0.296329 0.369108 0.488374 0.701897 1.135278 2.190083 5.357805 10.638458 5.354499 2.183491 1.125441 0.688879 0.472256 0.349994
0.069732 0.071481 0.073313 0.075235 0.077253 0.079374 0.081608 0.083962 0.086449 0.089079 0.091866 0.094826 0.097977 0.101341 0.104944 0.108816 0.112995 0.117529 0.122473 0.127901 0.133905 0.140601 0.148142 0.156728 0.166624 0.178188 0.191910 0.208479 0.228878 0.254559 0.287727 0.331876 0.392803 0.480711 0.614959 0.836043 1.240874 2.112244 4.596114 17.993964 17.997989 18.002292 4.612756 2.137161 1.273986 0.877199 0.663908 0.537066 0.456014 0.401214 0.362287 0.333288 0.310632 0.292086 0.276254 0.262278 0.249647 0.238078 0.227422 0.217611 0.208612 0.200404 0.192970 0.186286 0.180320 0.175038 0.170401 0.166369 0.162902 0.159962 0.157514 0.155524 0.153964 0.152806 0.152029 0.151613 0.151541 0.151800 0.152379 0.153270 0.154470 0.155977 0.157797 0.159938 0.162417 0.165259 0.168502 0.172198 0.176419 0.181263 0.186860 0.193383 0.201060 0.210192 0.221175 0.234531 0.250953 0.271359 0.296963 0.329351 0.370531 0.422872 0.488690 0.569057 0.661151 0.754176 0.826941 0.854418 0.824792 0.749886 0.654734 0.560536 0.478097 0.410247 0.355929 0.312834 0.278610 0.251260 0.229210 0.211261 0.196503 0.184254 0.173995 0.165335 0.157968 0.151663 0.146236 0.141542 0.137466 0.133918 0.130821 0.128115 0.125749 0.123680 0.121873 0.120296 0.118923 0.117729 0.116693 0.115794 0.115015 0.114338 0.113747 0.113226 0.112762 0.112341 0.111952 0.111585 0.111232 0.110888 0.110548 0.110214 0.109885 0.109567 0.109266 0.108989 0.108749 0.108556 0.108422 0.108363 0.108390 0.108520 0.108765 0.109140 0.109658 0.110334 0.111182 0.112215 0.113448 0.114897 0.116580 0.118517 0.120735 0.123267 0.126158 0.129471 0.133291 0.137740 0.142990 0.149284 0.156972 0.166559 0.178789 0.194777 0.216240 0.245917 0.288359 0.351502 0.449954 0.612094 0.894689 1.400744 2.191229 2.717610 2.187554 1.393419 0.883760 0.597634 0.432060 0.330295
0.070693 0.072486 0.074365 0.076336 0.078406 0.080583 0.082875 0.085292 0.087843 0.090542 0.093401 0.096435 0.099662 0.103105 0.106786 0.110737 0.114994 0.119601 0.124614 0.130103 0.136156 0.142888 0.150447 0.159026 0.168885 0.180372 0.193966 0.210335 0.230434 0.255666 0.288152 0.331223 0.390352 0.475032 0.602886 0.809580 1.175855 1.914018 3.702881 9.063700 17.996478 9.070646 3.716750 1.934756 1.203366 0.843709 0.643398 0.521594 0.442518 0.388426 0.349713 0.320814 0.298339 0.280156 0.264900 0.251698 0.239999 0.229464 0.219889 0.211155 0.203191 0.195952 0.189403 0.183517 0.178263 0.173611 0.169531 0.165993 0.162964 0.160417 0.158324 0.156659 0.155400 0.154526 0.154021 0.153867 0.154054 0.154570 0.155407 0.156560 0.158025 0.159805 0.161901 0.164326 0.167096 0.170236 0.173786 0.177803 0.182364 0.187579 0.193593 0.200608 0.208891 0.218805 0.230836 0.245650 0.264157 0.287626 0.317837 0.357312 0.409628 0.479771 0.574286 0.700371 0.861564 1.045986 1.208590 1.275654 1.206225 1.041265 0.854500 0.690987 0.562616 0.465859 0.393533 0.339104 0.297605 0.265474 0.240206 0.220038 0.203717 0.190343 0.179262 0.169989 0.162161 0.155503 0.149806 0.144905 0.140671 0.137003 0.133818 0.131049 0.128643 0.126553 0.124741 0.123174 0.121823 0.120663 0.119671 0.118823 0.118102 0.117487 0.116960 0.116503 0.116101 0.115738 0.115400 0.115075 0.114754 0.114430 0.114099 0.113759 0.113414 0.113069 0.112732 0.112413 0.112125 0.111883 0.111702 0.111599 0.111591 0.111693 0.111922 0.112295 0.112826 0.113532 0.114426 0.115523 0.116837 0.118382 0.120174 0.122230 0.124570 0.127221 0.130219 0.133613 0.137474 0.141904 0.147049 0.153120 0.160420 0.169385 0.180646 0.195128 0.214208 0.239974 0.275670 0.326424 0.400410 0.510229 0.672483 0.896120 1.137822 1.253134 1.133715 0.887933 0.660269 0.494072 0.380420 0.302745
0.071667 0.073504 0.075431 0.077453 0.079577 0.081812 0.084165 0.086647 0.089267 0.092037 0.094971 0.098083 0.101390 0.104914 0.108676 0.112707 0.117039 0.121716 0.126789 0.132325 0.138406 0.145141 0.152668 0.161172 0.170894 0.182162 0.195423 0.211298 0.230662 0.254787 0.285563 0.325892 0.380395 0.456749 0.568352 0.739878 1.019275 1.502483 2.363605 3.705678 4.601421 3.711416 2.375056 1.519594 1.041952 0.767984 0.601687 0.495045 0.423303 0.372987 0.336344 0.308696 0.287105 0.269678 0.255168 0.242755 0.231897 0.222242 0.213563 0.205716 0.198606 0.192173 0.186372 0.181169 0.176535 0.172442 0.168864 0.165778 0.163158 0.160983 0.159231 0.157884 0.156924 0.156336 0.156108 0.156227 0.156685 0.157474 0.158588 0.160024 0.161779 0.163854 0.166254 0.168988 0.172071 0.175529 0.179401 0.183744 0.188639 0.194203 0.200596 0.208042 0.216844 0.227422 0.240352 0.256438 0.276817 0.303130 0.337795 0.384473 0.448840 0.539881 0.671922 0.867075 1.154479 1.549826 1.976948 2.181931 1.974336 1.544608 1.146670 0.856698 0.659009 0.524478 0.431008 0.364290 0.315360 0.278562 0.250260 0.228055 0.210328 0.195960 0.184160 0.174357 0.166133 0.159177 0.153253 0.148180 0.143817 0.140054 0.136802 0.133991 0.131562 0.129468 0.127668 0.126128 0.124818 0.123710 0.122779 0.122003 0.121360 0.120828 0.120386 0.120014 0.119694 0.119407 0.119136 0.118867 0.118588 0.118291 0.117970 0.117624 0.117257 0.116876 0.116490 0.116113 0.115762 0.115455 0.115210 0.115048 0.114988 0.115050 0.115254 0.115618 0.116160 0.116896 0.117842 0.119013 0.120422 0.122084 0.124009 0.126212 0.128706 0.131510 0.134645 0.138147 0.142065 0.146477 0.151496 0.157291 0.164107 0.172298 0.182367 0.195033 0.211316 0.232670 0.261154 0.299637 0.351876 0.421999 0.512050 0.615299 0.706137 0.742640 0.701520 0.606093 0.498317 0.403831 0.329400 0.273020
0.072652 0.074536 0.076512 0.078587 0.080768 0.083063 0.085481 0.088031 0.090724 0.093570 0.096583 0.099778 0.103170 0.106780 0.110628 0.114742 0.119153 0.123899 0.129030 0.134604 0.140698 0.147410 0.154867 0.163235 0.172735 0.183663 0.196417 0.211545 0.229812 0.252299 0.280573 0.316951 0.364946 0.430012 0.520789 0.651056 0.842082 1.121895 1.505590 1.919909 2.120629 1.924576 1.514902 1.135804 0.860514 0.673900 0.547890 0.461168 0.399902 0.355400 0.322162 0.296639 0.276493 0.260157 0.246566 0.234994 0.224946 0.216086 0.208188 0.201099 0.194718 0.188973 0.183815 0.179206 0.175117 0.171522 0.168400 0.165729 0.163490 0.161668 0.160245 0.159209 0.158547 0.158248 0.158304 0.158707 0.159451 0.160531 0.161944 0.163687 0.165760 0.168162 0.170898 0.173974 0.177403 0.181207 0.185422 0.190101 0.195326 0.201216 0.207939 0.215735 0.224937 0.236012 0.249612 0.266661 0.288499 0.317107 0.355520 0.408557 0.484210 0.596417 0.770834 1.057313 1.555604 2.446718 3.837787 4.764709 3.834891 2.440932 1.546939 1.045790 0.756483 0.579283 0.464355 0.386063 0.330496 0.289689 0.258851 0.234980 0.216121 0.200960 0.188590 0.178371 0.169838 0.162651 0.156553 0.151349 0.146892 0.143062 0.139768 0.136936 0.134506 0.132427 0.130659 0.129165 0.127915 0.126880 0.126034 0.125352 0.124811 0.124387 0.124057 0.123797 0.123584 0.123396 0.123214 0.123018 0.122794 0.122532 0.122224 0.121870 0.121473 0.121043 0.120592 0.120139 0.119703 0.119308 0.118976 0.118734 0.118604 0.118611 0.118776 0.119123 0.119671 0.120439 0.121444 0.122702 0.124227 0.126031 0.128124 0.130514 0.133209 0.136215 0.139541 0.143202 0.147223 0.151650 0.156556 0.162063 0.168350 0.175685 0.184445 0.195156 0.208524 0.225485 0.247224 0.275135 0.310588 0.354238 0.404524 0.455339 0.494655 0.508255 0.489434 0.444928 0.388988 0.333679 0.285149 0.245005
0.073650 0.075582 0.077609 0.079740 0.081980 0.084339 0.086825 0.089447 0.092217 0.095145 0.098244 0.101528 0.105013 0.108716 0.112658 0.116864 0.121360 0.126183 0.131373 0.136985 0.143084 0.149758 0.157118 0.165308 0.174523 0.185016 0.197129 0.211326 0.228236 0.248728 0.274014 0.305803 0.346517 0.399597 0.469841 0.563549 0.687649 0.845550 1.025828 1.185159 1.252635 1.188856 1.033206 0.856575 0.702269 0.581684 0.491386 0.424417 0.374441 0.336632 0.307520 0.284661 0.266335 0.251332 0.238796 0.228120 0.218876 0.210764 0.203574 0.197158 0.191415 0.186271 0.181677 0.177592 0.173988 0.170842 0.168134 0.165847 0.163966 0.162479 0.161375 0.160644 0.160278 0.160272 0.160620 0.161318 0.162365 0.163757 0.165495 0.167577 0.170003 0.172772 0.175886 0.179349 0.183168 0.187358 0.191949 0.196986 0.202543 0.208737 0.215736 0.223788 0.233244 0.244602 0.258567 0.276153 0.298841 0.328862 0.369707 0.427089 0.510893 0.639456 0.849864 1.226064 1.988791 3.843809 9.412486 18.694827 9.409266 3.837372 1.979145 1.213222 0.833851 0.620313 0.488677 0.401885 0.341632 0.298065 0.265513 0.240526 0.220912 0.205224 0.192476 0.181980 0.173241 0.165899 0.159687 0.154401 0.149886 0.146022 0.142713 0.139885 0.137474 0.135432 0.133717 0.132291 0.131123 0.130186 0.129450 0.128891 0.128483 0.128198 0.128012 0.127895 0.127822 0.127765 0.127698 0.127599 0.127448 0.127232 0.126941 0.126575 0.126137 0.125641 0.125103 0.124547 0.123997 0.123484 0.123038 0.122687 0.122462 0.122392 0.122503 0.122822 0.123370 0.124170 0.125243 0.126604 0.128270 0.130251 0.132557 0.135191 0.138152 0.141436 0.145035 0.148940 0.153147 0.157662 0.162515 0.167767 0.173535 0.179997 0.187420 0.196166 0.206704 0.219602 0.235488 0.254944 0.278267 0.305027 0.333396 0.359541 0.377826 0.382729 0.371889 0.347698 0.315714 0.281612 0.249275 0.220587
0.074660 0.076642 0.078723 0.080912 0.083215 0.085641 0.088199 0.090899 0.093752 0.096768 0.099961 0.103343 0.106930 0.110739 0.114787 0.119096 0.123691 0.128601 0.133863 0.139520 0.145630 0.152264 0.159516 0.167506 0.176395 0.186395 0.197784 0.210935 0.226341 0.244663 0.266780 0.293858 0.327427 0.369425 0.422135 0.487799 0.567454 0.658397 0.750253 0.822641 0.851494 0.825439 0.755838 0.666753 0.578552 0.501597 0.438579 0.388442 0.348929 0.317742 0.292927 0.272946 0.256629 0.243096 0.231698 0.221954 0.213513 0.206119 0.199586 0.193782 0.188611 0.184004 0.179911 0.176296 0.173129 0.170390 0.168063 0.166132 0.164588 0.163421 0.162625 0.162194 0.162124 0.162415 0.163064 0.164072 0.165441 0.167171 0.169265 0.171723 0.174545 0.177731 0.181280 0.185189 0.189460 0.194097 0.199116 0.204549 0.210458 0.216944 0.224168 0.232373 0.241915 0.253306 0.267275 0.284875 0.307653 0.337940 0.379408 0.438116 0.524698 0.659297 0.884024 1.299638 2.200150 4.777017 18.701066 18.699226 18.697477 4.769837 2.189379 1.285281 0.866094 0.637822 0.499727 0.409729 0.347723 0.303123 0.269919 0.244499 0.224584 0.208678 0.195768 0.185150 0.176319 0.168909 0.162647 0.157329 0.152797 0.148932 0.145636 0.142836 0.140469 0.138487 0.136846 0.135513 0.134454 0.133641 0.133047 0.132644 0.132404 0.132298 0.132296 0.132366 0.132474 0.132587 0.132672 0.132701 0.132647 0.132491 0.132222 0.131838 0.131346 0.130760 0.130104 0.129409 0.128708 0.128038 0.127437 0.126942 0.126590 0.126416 0.126451 0.126725 0.127266 0.128100 0.129249 0.130733 0.132571 0.134774 0.137351 0.140302 0.143620 0.147288 0.151280 0.155559 0.160084 0.164817 0.169729 0.174820 0.180132 0.185763 0.191882 0.198731 0.206617 0.215884 0.226856 0.239738 0.254445 0.270377 0.286169 0.299604 0.307935 0.308769 0.301148 0.286059 0.265928 0.243542 0.221177 0.200266
0.075684 0.077717 0.079855 0.082104 0.084472 0.086970 0.089605 0.092389 0.095331 0.098444 0.101740 0.105233 0.108935 0.112863 0.117033 0.121464 0.126177 0.131195 0.136549 0.142273 0.148410 0.155019 0.162170 0.169960 0.178515 0.188000 0.198631 0.210693 0.224554 0.240688 0.259694 0.282315 0.309434 0.342013 0.380931 0.426586 0.478152 0.532461 0.582963 0.620081 0.634439 0.622018 0.586836 0.538268 0.485893 0.436256 0.392526 0.355524 0.324850 0.299625 0.278882 0.261739 0.247454 0.235430 0.225198 0.216395 0.208746 0.202042 0.196128 0.190890 0.186241 0.182121 0.178481 0.175290 0.172521 0.170155 0.168179 0.166582 0.165356 0.164495 0.163998 0.163863 0.164091 0.164683 0.165644 0.166979 0.168691 0.170788 0.173275 0.176154 0.179428 0.183096 0.187153 0.191591 0.196399 0.201570 0.207099 0.212997 0.219301 0.226087 0.233496 0.241754 0.251204 0.262353 0.275927 0.292968 0.314997 0.344283 0.384353 0.440951 0.523989 0.651821 0.861545 1.237116 1.999270 3.853770 9.421982 18.703906 9.417972 3.845744 1.987217 1.221022 0.841405 0.627641 0.495799 0.408817 0.348389 0.304661 0.271960 0.246837 0.227099 0.211300 0.198455 0.187876 0.179069 0.171677 0.165431 0.160132 0.155625 0.151792 0.148539 0.145792 0.143494 0.141594 0.140054 0.138839 0.137918 0.137262 0.136845 0.136637 0.136610 0.136732 0.136966 0.137276 0.137620 0.137956 0.138243 0.138441 0.138515 0.138440 0.138200 0.137791 0.137222 0.136515 0.135700 0.134817 0.133912 0.133032 0.132225 0.131538 0.131017 0.130703 0.130633 0.130843 0.131366 0.132232 0.133467 0.135098 0.137145 0.139624 0.142546 0.145910 0.149706 0.153903 0.158457 0.163300 0.168346 0.173498 0.178660 0.183752 0.188732 0.193618 0.198499 0.203535 0.208946 0.214967 0.221797 0.229514 0.237972 0.246691 0.254785 0.260997 0.263930 0.262454 0.256136 0.245428 0.231486 0.215750 0.199535 0.183817
0.076721 0.078808 0.081003 0.083316 0.085754 0.088327 0.091046 0.093919 0.096960 0.100179 0.103590 0.107206 0.111039 0.115106 0.119419 0.123997 0.128854 0.134011 0.139489 0.145312 0.151511 0.158126 0.165208 0.172825 0.181066 0.190051 0.199939 0.210932 0.223289 0.237332 0.253446 0.272071 0.293667 0.318634 0.347162 0.378962 0.412889 0.446532 0.476060 0.496773 0.504588 0.497859 0.478240 0.449823 0.417315 0.384558 0.353973 0.326717 0.303087 0.282906 0.265782 0.251263 0.238916 0.228358 0.219269 0.211388 0.204508 0.198465 0.193136 0.188423 0.184257 0.180581 0.177356 0.174552 0.172148 0.170126 0.168477 0.167192 0.166268 0.165703 0.165497 0.165655 0.166181 0.167082 0.168366 0.170044 0.172127 0.174624 0.177547 0.180903 0.184697 0.188928 0.193590 0.198666 0.204134 0.209966 0.216131 0.222606 0.229390 0.236521 0.244099 0.252320 0.261500 0.272122 0.284884 0.300780 0.321227 0.348294 0.385090 0.436502 0.510574 0.621279 0.794299 1.079496 1.576624 2.466691 3.856822 4.782906 3.852338 2.457709 1.563113 1.061420 0.771619 0.593967 0.478626 0.399953 0.344035 0.302903 0.271767 0.247622 0.228513 0.213129 0.200563 0.190176 0.181507 0.174216 0.168050 0.162819 0.158375 0.154607 0.151424 0.148757 0.146551 0.144760 0.143346 0.142278 0.141526 0.141064 0.140865 0.140902 0.141142 0.141550 0.142087 0.142707 0.143360 0.143991 0.144546 0.144970 0.145218 0.145252 0.145050 0.144606 0.143932 0.143056 0.142023 0.140886 0.139705 0.138544 0.137463 0.136522 0.135776 0.135275 0.135064 0.135184 0.135673 0.136567 0.137899 0.139701 0.142001 0.144821 0.148179 0.152079 0.156508 0.161432 0.166783 0.172461 0.178326 0.184208 0.189917 0.195267 0.200113 0.204382 0.208092 0.211363 0.214388 0.217396 0.220583 0.224045 0.227708 0.231279 0.234231 0.235861 0.235429 0.232362 0.226443 0.217889 0.207284 0.195400 0.183004 0.170727
0.077770 0.079913 0.082170 0.084549 0.087061 0.089714 0.092521 0.095493 0.098640 0.101977 0.105517 0.109272 0.113256 0.117484 0.121969 0.126724 0.131763 0.137099 0.142746 0.148718 0.155031 0.161708 0.168775 0.176272 0.184252 0.192792 0.201991 0.211985 0.222941 0.235064 0.248585 0.263746 0.280755 0.299723 0.320553 0.342790 0.365450 0.386900 0.404923 0.417095 0.421473 0.417312 0.405373 0.387617 0.366485 0.344216 0.322465 0.302242 0.284025 0.267938 0.253891 0.241691 0.231109 0.221919 0.213911 0.206908 0.200760 0.195344 0.190563 0.186342 0.182622 0.179356 0.176512 0.174065 0.171996 0.170294 0.168949 0.167959 0.167323 0.167042 0.167121 0.167569 0.168395 0.169611 0.171231 0.173273 0.175753 0.178690 0.182100 0.185999 0.190396 0.195295 0.200686 0.206549 0.212847 0.219524 0.226515 0.233748 0.241164 0.248739 0.256515 0.264633 0.273370 0.283173 0.294701 0.308877 0.326979 0.350789 0.382856 0.426946 0.488815 0.577505 0.707373 0.900546 1.186163 1.579911 2.005607 2.209319 2.000593 1.569853 1.171007 0.880216 0.681785 0.546575 0.452483 0.385191 0.335731 0.298443 0.269688 0.247068 0.228963 0.214256 0.202156 0.192097 0.183664 0.176549 0.170521 0.165402 0.161058 0.157384 0.154298 0.151736 0.149646 0.147988 0.146728 0.145837 0.145290 0.145063 0.145132 0.145469 0.146042 0.146814 0.147738 0.148761 0.149819 0.150843 0.151758 0.152491 0.152975 0.153159 0.153008 0.152513 0.151691 0.150583 0.149249 0.147764 0.146210 0.144669 0.143223 0.141946 0.140904 0.140156 0.139755 0.139750 0.140184 0.141099 0.142537 0.144537 0.147138 0.150376 0.154280 0.158866 0.164131 0.170038 0.176510 0.183410 0.190534 0.197614 0.204328 0.210341 0.215356 0.219178 0.221758 0.223208 0.223772 0.223762 0.223476 0.223120 0.222756 0.222269 0.221385 0.219715 0.216851 0.212477 0.206461 0.198900 0.190092 0.180456 0.170436 0.160430
0.078832 0.081033 0.083353 0.085802 0.088391 0.091131 0.094033 0.097110 0.100375 0.103842 0.107525 0.111439 0.115597 0.120014 0.124703 0.129676 0.134943 0.140512 0.146390 0.152579 0.159082 0.165900 0.173036 0.180500 0.188307 0.196489 0.205096 0.214199 0.223895 0.234302 0.245548 0.257755 0.271000 0.285266 0.300375 0.315908 0.331136 0.345003 0.356215 0.363468 0.365774 0.362768 0.354838 0.342997 0.328579 0.312910 0.297081 0.281863 0.267716 0.254859 0.243346 0.233127 0.224102 0.216145 0.209132 0.202944 0.197480 0.192650 0.188382 0.184618 0.181310 0.178424 0.175932 0.173814 0.172056 0.170650 0.169591 0.168879 0.168517 0.168510 0.168868 0.169603 0.170730 0.172269 0.174239 0.176665 0.179574 0.182993 0.186949 0.191468 0.196569 0.202264 0.208549 0.215397 0.222758 0.230546 0.238648 0.246923 0.255227 0.263440 0.271510 0.279498 0.287625 0.296301 0.306153 0.318046 0.333120 0.352868 0.379265 0.414990 0.463733 0.530548 0.622019 0.745357 0.904093 1.086330 1.246997 1.312345 1.241392 1.075074 0.887094 0.722486 0.593121 0.495456 0.422296 0.367097 0.324885 0.292094 0.266215 0.245485 0.228652 0.214817 0.203328 0.193705 0.185590 0.178713 0.172869 0.167901 0.163688 0.160135 0.157170 0.154734 0.152784 0.151283 0.150204 0.149523 0.149219 0.149274 0.149667 0.150373 0.151361 0.152592 0.154013 0.155561 0.157156 0.158706 0.160112 0.161270 0.162084 0.162476 0.162396 0.161829 0.160798 0.159361 0.157608 0.155642 0.153577 0.151526 0.149592 0.147869 0.146437 0.145366 0.144716 0.144541 0.144890 0.145814 0.147362 0.149587 0.152543 0.156283 0.160860 0.166315 0.172667 0.179898 0.187930 0.196599 0.205630 0.214623 0.223067 0.230388 0.236047 0.239656 0.241079 0.240469 0.238217 0.234841 0.230856 0.226665 0.222498 0.218402 0.214266 0.209875 0.204980 0.199374 0.192949 0.185720 0.177823 0.169473 0.160919 0.152399
0.079906 0.082166 0.084552 0.087075 0.089746 0.092577 0.095581 0.098772 0.102165 0.105776 0.109620 0.113714 0.118073 0.122712 0.127646 0.132885 0.138438 0.144309 0.150496 0.156994 0.163787 0.170859 0.178184 0.185738 0.193498 0.201451 0.209595 0.217947 0.226544 0.235444 0.244710 0.254401 0.264538 0.275072 0.285838 0.296520 0.306619 0.315474 0.322326 0.326450 0.327320 0.324752 0.318960 0.310501 0.300139 0.288675 0.276825 0.265143 0.254012 0.243658 0.234185 0.225618 0.217928 0.211058 0.204936 0.199491 0.194655 0.190366 0.186572 0.183230 0.180305 0.177768 0.175601 0.173787 0.172318 0.171188 0.170397 0.169948 0.169847 0.170104 0.170734 0.171754 0.173184 0.175051 0.177384 0.180216 0.183585 0.187532 0.192099 0.197327 0.203253 0.209904 0.217289 0.225385 0.234132 0.243414 0.253054 0.262817 0.272431 0.281624 0.290195 0.298082 0.305429 0.312621 0.320291 0.329294 0.340693 0.355751 0.375971 0.403154 0.439453 0.487315 0.549091 0.625852 0.714754 0.804967 0.875257 0.900556 0.869005 0.792390 0.695711 0.600139 0.516453 0.447464 0.392096 0.348031 0.312906 0.284720 0.261895 0.243229 0.227817 0.214976 0.204194 0.195082 0.187343 0.180750 0.175127 0.170340 0.166282 0.162872 0.160047 0.157758 0.155968 0.154648 0.153777 0.153340 0.153322 0.153711 0.154493 0.155649 0.157151 0.158960 0.161020 0.163256 0.165568 0.167836 0.169920 0.171675 0.172956 0.173646 0.173667 0.172994 0.171660 0.169755 0.167407 0.164769 0.162002 0.159257 0.156671 0.154359 0.152418 0.150926 0.149949 0.149547 0.149775 0.150688 0.152347 0.154820 0.158182 0.162516 0.167909 0.174446 0.182194 0.191182 0.201365 0.212577 0.224476 0.236498 0.247845 0.257548 0.264639 0.268380 0.268495 0.265248 0.259354 0.251744 0.243320 0.234783 0.226564 0.218838 0.211582 0.204649 0.197841 0.190973 0.183913 0.176608 0.169084 0.161425 0.153750 0.146185
0.080991 0.083313 0.085767 0.088366 0.091123 0.094050 0.097163 0.100477 0.104010 0.107780 0.111804 0.116102 0.120691 0.125591 0.130817 0.136380 0.142290 0.148548 0.155148 0.162071 0.169291 0.176766 0.184443 0.192259 0.200148 0.208044 0.215894 0.223659 0.231329 0.238914 0.246445 0.253956 0.261462 0.268935 0.276269 0.283262 0.289605 0.294900 0.298708 0.300621 0.300355 0.297814 0.293125 0.286610 0.278722 0.269958 0.260785 0.251594 0.242678 0.234234 0.226378 0.219162 0.212597 0.206662 0.201325 0.196544 0.192276 0.188480 0.185120 0.182166 0.179592 0.177378 0.175509 0.173977 0.172775 0.171902 0.171362 0.171161 0.171309 0.171821 0.172715 0.174015 0.175749 0.177950 0.180657 0.183915 0.187777 0.192299 0.197546 0.203582 0.210472 0.218271 0.227015 0.236704 0.247279 0.258601 0.270420 0.282373 0.293990 0.304760 0.314227 0.322126 0.328494 0.333722 0.338532 0.343884 0.350875 0.360663 0.374431 0.393368 0.418631 0.451192 0.491459 0.538528 0.589037 0.636101 0.669686 0.679976 0.662732 0.622088 0.567757 0.509674 0.454638 0.405942 0.364448 0.329757 0.300969 0.277100 0.257249 0.240656 0.226705 0.214907 0.204879 0.196319 0.188990 0.182710 0.177332 0.172745 0.168860 0.165609 0.162939 0.160813 0.159201 0.158084 0.157449 0.157289 0.157601 0.158381 0.159626 0.161327 0.163464 0.166004 0.168887 0.172029 0.175308 0.178563 0.181603 0.184211 0.186172 0.187299 0.187468 0.186637 0.184857 0.182267 0.179063 0.175474 0.171729 0.168037 0.164576 0.161488 0.158884 0.156849 0.155452 0.154753 0.154810 0.155684 0.157447 0.160186 0.164002 0.169019 0.175378 0.183234 0.192742 0.204027 0.217143 0.231987 0.248194 0.265018 0.281237 0.295208 0.305137 0.309586 0.307990 0.300885 0.289674 0.276103 0.261752 0.247757 0.234758 0.222997 0.212439 0.202901 0.194142 0.185924 0.178056 0.170409 0.162916 0.155566 0.148385 0.141416
0.082087 0.084471 0.086996 0.089674 0.092519 0.095548 0.098777 0.102223 0.105908 0.109851 0.114075 0.118603 0.123457 0.128660 0.134232 0.140188 0.146541 0.153291 0.160430 0.167932 0.175755 0.183833 0.192082 0.200395 0.208651 0.216724 0.224496 0.231871 0.238786 0.245221 0.251191 0.256739 0.261910 0.266731 0.271178 0.275166 0.278535 0.281073 0.282537 0.282704 0.281420 0.278637 0.274433 0.268998 0.262607 0.255571 0.248194 0.240747 0.233444 0.226445 0.219852 0.213725 0.208090 0.202951 0.198293 0.194096 0.190334 0.186983 0.184017 0.181416 0.179163 0.177244 0.175651 0.174377 0.173422 0.172789 0.172483 0.172515 0.172899 0.173655 0.174805 0.176380 0.178415 0.180953 0.184043 0.187745 0.192128 0.197273 0.203271 0.210221 0.218229 0.227399 0.237820 0.249543 0.262546 0.276687 0.291651 0.306906 0.321687 0.335077 0.346172 0.354337 0.359438 0.361945 0.362843 0.363412 0.364983 0.368773 0.375808 0.386896 0.402594 0.423112 0.448084 0.476208 0.504852 0.529906 0.546368 0.549888 0.538670 0.514361 0.481165 0.443938 0.406650 0.371808 0.340610 0.313372 0.289919 0.269857 0.252727 0.238088 0.225550 0.214782 0.205509 0.197510 0.190603 0.184646 0.179523 0.175146 0.171443 0.168359 0.165856 0.163904 0.162485 0.161589 0.161215 0.161367 0.162053 0.163286 0.165078 0.167434 0.170352 0.173810 0.177756 0.182099 0.186693 0.191329 0.195736 0.199595 0.202569 0.204359 0.204753 0.203682 0.201227 0.197611 0.193149 0.188190 0.183069 0.178077 0.173441 0.169332 0.165870 0.163142 0.161210 0.160130 0.159956 0.160752 0.162602 0.165612 0.169920 0.175700 0.183171 0.192594 0.204264 0.218493 0.235543 0.255524 0.278198 0.302697 0.327234 0.348982 0.364480 0.370721 0.366482 0.352947 0.333084 0.310303 0.287369 0.265997 0.246968 0.230423 0.216155 0.203800 0.192966 0.183292 0.174481 0.166312 0.158632 0.151345 0.144404 0.137788
0.083191 0.085639 0.088236 0.090995 0.093934 0.097068 0.100419 0.104006 0.107853 0.111986 0.116431 0.121216 0.126371 0.131924 0.137903 0.144331 0.151227 0.158597 0.166432 0.174705 0.183360 0.192310 0.201430 0.210561 0.219514 0.228082 0.236064 0.243285 0.249625 0.255034 0.259530 0.263194 0.266136 0.268469 0.270275 0.271585 0.272369 0.272546 0.272004 0.270631 0.268343 0.265117 0.260995 0.256089 0.250564 0.244609 0.238423 0.232185 0.226047 0.220127 0.214510 0.209251 0.204378 0.199904 0.195827 0.192137 0.188822 0.185866 0.183254 0.180973 0.179012 0.177362 0.176020 0.174984 0.174257 0.173844 0.173755 0.174005 0.174612 0.175600 0.176997 0.178840 0.181171 0.184044 0.187522 0.191680 0.196610 0.202419 0.209234 0.217203 0.226493 0.237284 0.249757 0.264066 0.280290 0.298354 0.317922 0.338268 0.358197 0.376091 0.390196 0.399141 0.402474 0.400902 0.396055 0.389955 0.384501 0.381171 0.380960 0.384425 0.391740 0.402701 0.416650 0.432348 0.447881 0.460748 0.468254 0.468231 0.459783 0.443606 0.421663 0.396439 0.370223 0.344716 0.320954 0.299435 0.280290 0.263435 0.248681 0.235799 0.224562 0.214759 0.206205 0.198746 0.192250 0.186610 0.181741 0.177572 0.174051 0.171138 0.168805 0.167034 0.165818 0.165159 0.165067 0.165562 0.166669 0.168419 0.170846 0.173983 0.177854 0.182463 0.187780 0.193721 0.200120 0.206714 0.213122 0.218862 0.223398 0.226225 0.226978 0.225527 0.222015 0.216821 0.210463 0.203494 0.196414 0.189623 0.183407 0.177961 0.173401 0.169798 0.167198 0.165637 0.165161 0.165830 0.167736 0.171007 0.175823 0.182424 0.191128 0.202345 0.216590 0.234478 0.256683 0.283819 0.316148 0.353039 0.392149 0.428662 0.455547 0.465923 0.456828 0.431182 0.395824 0.357732 0.321668 0.289909 0.263015 0.240646 0.222110 0.206655 0.193599 0.182372 0.172527 0.163725 0.155721 0.148344 0.141479 0.135052
0.084302 0.086815 0.089485 0.092327 0.095361 0.098606 0.102083 0.105819 0.109840 0.114177 0.118863 0.123934 0.129426 0.135380 0.141834 0.148823 0.156378 0.164518 0.173244 0.182530 0.192315 0.202489 0.212889 0.223287 0.233403 0.242917 0.251505 0.258879 0.264837 0.269293 0.272288 0.273975 0.274577 0.274336 0.273471 0.272139 0.270429 0.268365 0.265920 0.263047 0.259700 0.255856 0.251533 0.246784 0.241699 0.236386 0.230965 0.225550 0.220241 0.215121 0.210251 0.205675 0.201418 0.197495 0.193909 0.190656 0.187731 0.185124 0.182827 0.180832 0.179134 0.177728 0.176615 0.175795 0.175276 0.175066 0.175178 0.175631 0.176446 0.177652 0.179283 0.181383 0.184002 0.187205 0.191069 0.195689 0.201180 0.207683 0.215372 0.224456 0.235187 0.247858 0.262800 0.280356 0.300825 0.324347 0.350712 0.379074 0.407650 0.433605 0.453472 0.464258 0.464814 0.456474 0.442417 0.426296 0.411125 0.398850 0.390448 0.386194 0.385896 0.389027 0.394754 0.401938 0.409136 0.414707 0.417046 0.414924 0.407800 0.395950 0.380330 0.362256 0.343055 0.323832 0.305368 0.288137 0.272370 0.258127 0.245370 0.234005 0.223914 0.214976 0.207077 0.200114 0.193999 0.188655 0.184023 0.180052 0.176706 0.173958 0.171793 0.170204 0.169196 0.168783 0.168992 0.169857 0.171426 0.173755 0.176912 0.180967 0.185989 0.192031 0.199111 0.207181 0.216079 0.225488 0.234887 0.243544 0.250575 0.255098 0.256445 0.254372 0.249138 0.241423 0.232128 0.222152 0.212246 0.202953 0.194617 0.187430 0.181478 0.176789 0.173368 0.171217 0.170357 0.170838 0.172755 0.176258 0.181569 0.189007 0.199014 0.212195 0.229368 0.251618 0.280330 0.317145 0.363672 0.420643 0.486055 0.552290 0.604413 0.624792 0.605086 0.553592 0.487899 0.422895 0.366144 0.319592 0.282444 0.253028 0.229635 0.210815 0.195425 0.182595 0.171675 0.162189 0.153791 0.146234 0.139346 0.133005
0.085420 0.087997 0.090740 0.093667 0.096798 0.100155 0.103764 0.107655 0.111859 0.116414 0.121360 0.126743 0.132611 0.139017 0.146017 0.153664 0.162011 0.171097 0.180945 0.191547 0.202844 0.214717 0.226958 0.239259 0.251216 0.262340 0.272116 0.280074 0.285875 0.289382 0.290683 0.290064 0.287934 0.284737 0.280876 0.276662 0.272301 0.267898 0.263482 0.259034 0.254518 0.249897 0.245154 0.240296 0.235353 0.230374 0.225416 0.220543 0.215813 0.211275 0.206970 0.202927 0.199165 0.195694 0.192519 0.189639 0.187050 0.184749 0.182731 0.180991 0.179528 0.178341 0.177433 0.176810 0.176479 0.176453 0.176749 0.177388 0.178395 0.179804 0.181656 0.183998 0.186893 0.190415 0.194656 0.199732 0.205786 0.212998 0.221596 0.231867 0.244172 0.258965 0.276803 0.298343 0.324305 0.355346 0.391766 0.432955 0.476559 0.517702 0.549255 0.564250 0.559739 0.538800 0.508529 0.476176 0.446724 0.422615 0.404502 0.392070 0.384549 0.380980 0.380295 0.381346 0.382919 0.383801 0.382901 0.379404 0.372909 0.363479 0.351572 0.337893 0.323216 0.308243 0.293530 0.279465 0.266285 0.254110 0.242977 0.232871 0.223750 0.215554 0.208222 0.201692 0.195911 0.190829 0.186407 0.182613 0.179426 0.176831 0.174825 0.173413 0.172611 0.172449 0.172967 0.174223 0.176289 0.179257 0.183235 0.188350 0.194740 0.202544 0.211874 0.222774 0.235146 0.248660 0.262633 0.275961 0.287154 0.294594 0.296985 0.293832 0.285647 0.273738 0.259742 0.245165 0.231134 0.218353 0.207185 0.197757 0.190068 0.184057 0.179651 0.176794 0.175463 0.175687 0.177555 0.181235 0.186992 0.195227 0.206523 0.221718 0.242019 0.269160 0.305621 0.354880 0.421515 0.510566 0.624500 0.754934 0.870141 0.918212 0.870300 0.755209 0.624805 0.510770 0.421437 0.354287 0.304225 0.266614 0.237919 0.215602 0.197870 0.183465 0.171497 0.161334 0.152528 0.144758 0.137796 0.131481
0.086541 0.089182 0.091999 0.095009 0.098238 0.101709 0.105452 0.109502 0.113897 0.118681 0.123905 0.129624 0.135903 0.142813 0.150431 0.158840 0.168122 0.178355 0.189601 0.201888 0.215190 0.229391 0.244254 0.259380 0.274191 0.287947 0.299817 0.309013 0.314953 0.317411 0.316565 0.312944 0.307281 0.300344 0.292804 0.285166 0.277749 0.270720 0.264125 0.257941 0.252106 0.246549 0.241209 0.236043 0.231028 0.226160 0.221449 0.216912 0.212573 0.208453 0.204571 0.200940 0.197571 0.194469 0.191636 0.189071 0.186773 0.184737 0.182963 0.181448 0.180194 0.179202 0.178478 0.178029 0.177868 0.178008 0.178469 0.179276 0.180458 0.182053 0.184107 0.186675 0.189827 0.193650 0.198251 0.203765 0.210367 0.218280 0.227790 0.239278 0.253239 0.270336 0.291438 0.317687 0.350531 0.391674 0.442793 0.504669 0.575287 0.646901 0.704292 0.729486 0.714018 0.666441 0.604809 0.544419 0.493077 0.452830 0.422895 0.401544 0.386943 0.377426 0.371531 0.367957 0.365534 0.363224 0.360159 0.355702 0.349494 0.341473 0.331830 0.320929 0.309218 0.297136 0.285067 0.273308 0.262069 0.251482 0.241624 0.232524 0.224185 0.216594 0.209725 0.203550 0.198042 0.193175 0.188926 0.185281 0.182229 0.179767 0.177904 0.176657 0.176053 0.176136 0.176966 0.178623 0.181211 0.184861 0.189741 0.196052 0.204036 0.213966 0.226124 0.240753 0.257951 0.277505 0.298634 0.319721 0.338215 0.350992 0.355345 0.350187 0.336620 0.317368 0.295573 0.273805 0.253702 0.236071 0.221155 0.208892 0.199083 0.191504 0.185950 0.182272 0.180384 0.180277 0.182022 0.185798 0.191908 0.200831 0.213291 0.230376 0.253730 0.285877 0.330768 0.394687 0.487682 0.625286 0.827980 1.106785 1.408067 1.553090 1.407794 1.106197 0.826993 0.623773 0.485470 0.391554 0.326441 0.280030 0.245982 0.220292 0.200379 0.184541 0.171630 0.160860 0.151682 0.143707 0.136660 0.130345
0.087665 0.090369 0.093257 0.096351 0.099675 0.103260 0.107138 0.111350 0.115940 0.120960 0.126473 0.132549 0.139271 0.146731 0.155038 0.164312 0.174681 0.186280 0.199239 0.213659 0.229585 0.246955 0.265533 0.284836 0.304065 0.322093 0.337551 0.349067 0.355592 0.356722 0.352815 0.344872 0.334215 0.322158 0.309771 0.297795 0.286654 0.276528 0.267428 0.259274 0.251941 0.245293 0.239206 0.233579 0.228335 0.223419 0.218797 0.214448 0.210361 0.206533 0.202963 0.199649 0.196592 0.193790 0.191240 0.188941 0.186890 0.185083 0.183521 0.182204 0.181133 0.180313 0.179751 0.179457 0.179444 0.179731 0.180339 0.181295 0.182634 0.184395 0.186631 0.189403 0.192790 0.196887 0.201819 0.207741 0.214857 0.223431 0.233818 0.246493 0.262108 0.281570 0.306151 0.337659 0.378663 0.432744 0.504612 0.599447 0.719800 0.857136 0.979056 1.032538 0.988137 0.875352 0.747258 0.636293 0.551021 0.488895 0.444707 0.413681 0.392111 0.377247 0.367029 0.359872 0.354518 0.349958 0.345397 0.340259 0.334184 0.327023 0.318810 0.309712 0.299973 0.289865 0.279645 0.269535 0.259712 0.250303 0.241400 0.233060 0.225314 0.218179 0.211659 0.205749 0.200444 0.195734 0.191612 0.188077 0.185128 0.182774 0.181032 0.179929 0.179507 0.179822 0.180954 0.183009 0.186125 0.190484 0.196322 0.203941 0.213725 0.226148 0.241777 0.261230 0.285066 0.313531 0.346060 0.380540 0.412623 0.435958 0.444336 0.435099 0.410921 0.378029 0.342791 0.309575 0.280517 0.256208 0.236435 0.220675 0.208357 0.198976 0.192131 0.187535 0.185015 0.184502 0.186043 0.189812 0.196137 0.205563 0.218933 0.237564 0.263516 0.300120 0.352946 0.431756 0.554568 0.756433 1.107528 1.735229 2.714915 3.367991 2.714279 1.733917 1.105459 0.753483 0.550571 0.426500 0.346170 0.291514 0.252716 0.224151 0.202432 0.185432 0.171770 0.160521 0.151050 0.142915 0.135802 0.129488
0.088789 0.091554 0.094511 0.097685 0.101104 0.104800 0.108811 0.113183 0.117968 0.123229 0.129038 0.135485 0.142671 0.150721 0.159778 0.170012 0.181618 0.194814 0.209833 0.226907 0.246223 0.267860 0.291680 0.317175 0.343299 0.368344 0.390009 0.405786 0.413660 0.412840 0.404075 0.389335 0.371085 0.351579 0.332477 0.314778 0.298942 0.285065 0.273031 0.262625 0.253597 0.245710 0.238753 0.232551 0.226964 0.221888 0.217244 0.212974 0.209039 0.205411 0.202069 0.198998 0.196187 0.193628 0.191313 0.189237 0.187396 0.185786 0.184407 0.183261 0.182349 0.181678 0.181257 0.181097 0.181214 0.181628 0.182363 0.183448 0.184922 0.186828 0.189223 0.192173 0.195766 0.200106 0.205330 0.211614 0.219187 0.228355 0.239532 0.253292 0.270443 0.292153 0.320149 0.357049 0.406923 0.476222 0.575245 0.719894 0.931131 1.220248 1.532446 1.685035 1.541003 1.237393 0.956923 0.754412 0.618575 0.528435 0.468055 0.427066 0.398908 0.379359 0.365606 0.355691 0.348192 0.342050 0.336470 0.330879 0.324893 0.318301 0.311034 0.303136 0.294723 0.285956 0.277007 0.268041 0.259204 0.250618 0.242379 0.234561 0.227218 0.220386 0.214090 0.208344 0.203160 0.198540 0.194492 0.191021 0.188137 0.185858 0.184207 0.183223 0.182956 0.183480 0.184892 0.187324 0.190953 0.196016 0.202830 0.211819 0.223551 0.238783 0.258510 0.283999 0.316745 0.358214 0.409080 0.467540 0.526715 0.573103 0.590766 0.572180 0.524885 0.464838 0.405558 0.353946 0.311826 0.278554 0.252694 0.232789 0.217624 0.206263 0.198027 0.192450 0.189241 0.188260 0.189512 0.193154 0.199523 0.209196 0.223102 0.242711 0.270392 0.310089 0.368697 0.459065 0.607248 0.872292 1.409524 2.715657 6.635682 13.169580 6.634744 2.713741 1.406551 0.868144 0.601765 0.452042 0.359882 0.299184 0.257043 0.226512 0.203583 0.185820 0.171673 0.160123 0.150476 0.142255 0.135119 0.128827
0.089913 0.092736 0.095759 0.099009 0.102518 0.106320 0.110460 0.114987 0.119964 0.125461 0.131567 0.138387 0.146051 0.154714 0.164567 0.175841 0.188816 0.203828 0.221267 0.241569 0.265183 0.292494 0.323662 0.358360 0.395385 0.432244 0.464998 0.488821 0.499520 0.495395 0.478107 0.451812 0.421294 0.390453 0.361742 0.336324 0.314490 0.296044 0.280573 0.267607 0.256695 0.247443 0.239521 0.232662 0.226659 0.221348 0.216608 0.212345 0.208491 0.204996 0.201820 0.198935 0.196320 0.193959 0.191839 0.189951 0.188288 0.186846 0.185625 0.184625 0.183850 0.183306 0.183005 0.182959 0.183185 0.183705 0.184546 0.185739 0.187326 0.189353 0.191880 0.194980 0.198745 0.203288 0.208757 0.215343 0.223296 0.232957 0.244790 0.259452 0.277890 0.301509 0.332471 0.374217 0.432476 0.517253 0.646988 0.857533 1.220647 1.866564 2.872363 3.544350 2.880522 1.882895 1.245179 0.890297 0.688012 0.566544 0.490001 0.439879 0.406080 0.382752 0.366298 0.354380 0.345400 0.338220 0.332017 0.326192 0.320332 0.314173 0.307576 0.300501 0.292984 0.285111 0.276997 0.268771 0.260559 0.252478 0.244631 0.237106 0.229971 0.223281 0.217075 0.211385 0.206230 0.201626 0.197588 0.194130 0.191267 0.189022 0.187428 0.186528 0.186384 0.187082 0.188736 0.191506 0.195606 0.201330 0.209083 0.219426 0.233146 0.251359 0.275653 0.308290 0.352432 0.412236 0.492277 0.594803 0.712242 0.815897 0.858811 0.814899 0.710262 0.591877 0.488458 0.407597 0.347071 0.302332 0.269254 0.244716 0.226504 0.213092 0.203443 0.196871 0.192951 0.191458 0.192343 0.195732 0.201948 0.211570 0.225547 0.245400 0.273608 0.314344 0.375018 0.469741 0.628100 0.920967 1.555242 3.369487 13.170360 13.169722 13.169171 3.367070 1.551522 0.915829 0.621388 0.461257 0.364518 0.301537 0.258149 0.226888 0.203516 0.185479 0.171169 0.159530 0.149850 0.141635 0.134535 0.128299
0.091036 0.093912 0.096996 0.100318 0.103910 0.107812 0.112072 0.116746 0.121904 0.127628 0.134022 0.141209 0.149347 0.158628 0.169297 0.181659 0.196102 0.213112 0.233299 0.257411 0.286330 0.321020 0.362350 0.410700 0.465198 0.522586 0.576156 0.616113 0.632871 0.622311 0.588518 0.541042 0.489644 0.440996 0.398324 0.362466 0.333010 0.309060 0.289629 0.273818 0.260866 0.250161 0.241218 0.233662 0.227202 0.221617 0.216738 0.212438 0.208620 0.205212 0.202159 0.199420 0.196964 0.194766 0.192808 0.191078 0.189566 0.188268 0.187180 0.186304 0.185644 0.185208 0.185006 0.185052 0.185367 0.185972 0.186897 0.188175 0.189850 0.191973 0.194604 0.197822 0.201722 0.206423 0.212082 0.218898 0.227138 0.237164 0.249475 0.264785 0.284133 0.309098 0.342155 0.387380 0.451851 0.548728 0.704663 0.980031 1.533632 2.873264 6.885054 13.568999 6.892941 2.889042 1.557308 1.011606 0.744131 0.596060 0.506981 0.450186 0.412441 0.386564 0.368358 0.355203 0.345366 0.337648 0.331189 0.325367 0.319732 0.313976 0.307905 0.301421 0.294505 0.287194 0.279571 0.271745 0.263835 0.255963 0.248243 0.240777 0.233649 0.226929 0.220671 0.214914 0.209689 0.205018 0.200922 0.197417 0.194524 0.192270 0.190690 0.189835 0.189773 0.190600 0.192446 0.195494 0.199992 0.206289 0.214875 0.226451 0.242038 0.263154 0.292108 0.332496 0.390024 0.473804 0.597908 0.780891 1.032744 1.304946 1.435753 1.303861 1.030591 0.777704 0.593742 0.468732 0.384143 0.325931 0.285015 0.255727 0.234520 0.219146 0.208163 0.200651 0.196040 0.194017 0.194474 0.197492 0.203359 0.212617 0.226171 0.245473 0.272879 0.312325 0.370696 0.460838 0.608799 0.873625 1.410638 2.716550 6.636351 13.170022 6.634957 2.713725 1.406308 0.867679 0.601086 0.451163 0.358823 0.297967 0.255699 0.225071 0.202083 0.184297 0.170165 0.158666 0.149104 0.140997 0.133999 0.127863
0.092157 0.095082 0.098222 0.101607 0.105275 0.109267 0.113635 0.118444 0.123768 0.129702 0.136363 0.143897 0.152486 0.162367 0.173838 0.187292 0.203239 0.222355 0.245532 0.273952 0.309160 0.353115 0.408128 0.476459 0.559144 0.653402 0.748626 0.824009 0.854977 0.829921 0.760420 0.671015 0.582483 0.505401 0.442519 0.392775 0.353880 0.323503 0.299664 0.280803 0.265729 0.253546 0.243580 0.235327 0.228408 0.222541 0.217509 0.213151 0.209345 0.205999 0.203043 0.200422 0.198096 0.196035 0.194216 0.192620 0.191238 0.190061 0.189085 0.188313 0.187748 0.187397 0.187273 0.187391 0.187772 0.188440 0.189426 0.190766 0.192505 0.194694 0.197400 0.200701 0.204695 0.209507 0.215295 0.222263 0.230686 0.240932 0.253515 0.269166 0.288962 0.314538 0.348488 0.395123 0.462045 0.563702 0.730347 1.034441 1.687497 3.546770 13.570646 13.574488 13.578391 3.562258 1.710721 1.065386 0.768987 0.609994 0.515916 0.456457 0.417109 0.390189 0.371284 0.357682 0.347609 0.339845 0.333511 0.327959 0.322708 0.317407 0.311813 0.305782 0.299255 0.292243 0.284814 0.277074 0.269154 0.261193 0.253325 0.245670 0.238333 0.231397 0.224927 0.218972 0.213567 0.208738 0.204507 0.200893 0.197916 0.195603 0.193993 0.193137 0.193108 0.194010 0.195985 0.199230 0.204025 0.210761 0.220001 0.232570 0.249700 0.273295 0.306398 0.354074 0.425182 0.536046 0.718410 1.035804 1.603529 2.489827 3.080560 2.488643 1.601178 1.032319 0.713845 0.530475 0.418700 0.346804 0.298491 0.264944 0.241140 0.224096 0.211981 0.203656 0.198424 0.195886 0.195875 0.198424 0.203764 0.212373 0.225049 0.243071 0.268479 0.304582 0.356937 0.435294 0.557664 0.759090 1.109745 1.737001 2.716235 3.368854 2.714677 1.733850 1.104929 0.752500 0.549152 0.424672 0.343970 0.288990 0.249928 0.221166 0.199323 0.182278 0.168648 0.157506 0.148212 0.140315 0.133489 0.127497
0.093278 0.096245 0.099434 0.102875 0.106607 0.110677 0.115140 0.120065 0.125535 0.131654 0.138552 0.146395 0.155395 0.165824 0.178044 0.192533 0.209938 0.231145 0.257386 0.290394 0.332627 0.387580 0.460127 0.556675 0.684269 0.846366 1.031293 1.194839 1.264655 1.200545 1.042678 0.863372 0.706815 0.584648 0.493392 0.425976 0.375970 0.338481 0.309997 0.288046 0.270889 0.257287 0.246358 0.237458 0.230117 0.223990 0.218816 0.214403 0.210605 0.207310 0.204436 0.201917 0.199706 0.197764 0.196064 0.194585 0.193313 0.192238 0.191357 0.190669 0.190178 0.189893 0.189826 0.189994 0.190419 0.191127 0.192150 0.193526 0.195300 0.197528 0.200276 0.203624 0.207673 0.212545 0.218399 0.225440 0.233938 0.244255 0.256894 0.272569 0.292318 0.317716 0.351235 0.396940 0.461899 0.559255 0.715643 0.991416 1.545352 2.885224 6.897141 13.581082 6.904878 2.900690 1.568531 1.022283 0.754167 0.605394 0.515592 0.458100 0.419732 0.393360 0.374836 0.361582 0.351898 0.344593 0.338793 0.333833 0.329192 0.324472 0.319381 0.313733 0.307435 0.300486 0.292960 0.284985 0.276722 0.268345 0.260022 0.251903 0.244112 0.236751 0.229894 0.223595 0.217889 0.212804 0.208357 0.204565 0.201445 0.199022 0.197332 0.196427 0.196379 0.197295 0.199323 0.202671 0.207635 0.214635 0.224284 0.237490 0.255635 0.280907 0.316910 0.369911 0.451564 0.585471 0.825094 1.311029 2.492847 6.040375 11.953617 6.039078 2.490270 1.307206 0.820077 0.579332 0.444396 0.361834 0.308071 0.271491 0.245868 0.227651 0.214722 0.205784 0.200044 0.197040 0.196553 0.198562 0.203238 0.210967 0.222407 0.238596 0.261143 0.292547 0.336735 0.399976 0.492307 0.629250 0.831279 1.109409 1.410005 1.554328 1.408321 1.106007 0.826088 0.622165 0.483182 0.388626 0.322931 0.276012 0.241547 0.215546 0.195439 0.179531 0.166676 0.156080 0.147186 0.139590 0.132999 0.127197
0.094399 0.097403 0.100632 0.104120 0.107905 0.112038 0.116578 0.121597 0.127185 0.133456 0.140551 0.148653 0.157998 0.168896 0.181763 0.197161 0.215871 0.238995 0.268125 0.305613 0.355031 0.421927 0.515094 0.648571 0.844032 1.130049 1.522002 1.945146 2.150337 1.950717 1.533119 1.146659 0.866062 0.675920 0.547639 0.459523 0.397514 0.352799 0.319816 0.294984 0.275941 0.261090 0.249330 0.239884 0.232195 0.225860 0.220580 0.216133 0.212352 0.209113 0.206319 0.203896 0.201790 0.199956 0.198363 0.196987 0.195810 0.194822 0.194017 0.193395 0.192959 0.192719 0.192688 0.192884 0.193330 0.194053 0.195086 0.196471 0.198253 0.200489 0.203247 0.206606 0.210666 0.215549 0.221410 0.228447 0.236918 0.247167 0.259664 0.275066 0.294319 0.318824 0.350731 0.393465 0.452731 0.538503 0.669182 0.880576 1.244396 1.890827 2.896903 3.568893 2.904771 1.906549 1.267949 0.911929 0.708302 0.585360 0.507294 0.455695 0.420572 0.396182 0.379035 0.366888 0.358214 0.351902 0.347102 0.343127 0.339410 0.335487 0.331003 0.325716 0.319508 0.312380 0.304434 0.295850 0.286850 0.277668 0.268526 0.259615 0.251088 0.243063 0.235619 0.228813 0.222675 0.217227 0.212477 0.208436 0.205113 0.202527 0.200707 0.199701 0.199580 0.200445 0.202446 0.205791 0.210780 0.217843 0.227607 0.241010 0.259489 0.285333 0.322360 0.377306 0.462968 0.606148 0.871010 1.444830 3.086568 11.956602 11.955823 11.955178 3.083738 1.440626 0.865483 0.599368 0.455027 0.368318 0.312467 0.274709 0.248347 0.229613 0.216277 0.206978 0.200881 0.197489 0.196544 0.197980 0.201905 0.208603 0.218576 0.232605 0.251849 0.278010 0.313542 0.361901 0.427649 0.515814 0.628851 0.758372 0.872645 0.919759 0.870870 0.754788 0.623390 0.508370 0.418082 0.350028 0.299139 0.260804 0.231514 0.208752 0.190745 0.176243 0.164360 0.154455 0.146066 0.138848 0.132547 0.126971
0.095524 0.098558 0.101819 0.105341 0.109167 0.113347 0.117942 0.123030 0.128705 0.135087 0.142328 0.150623 0.160228 0.171484 0.184851 0.200962 0.220711 0.245391 0.276921 0.318250 0.374079 0.452223 0.566328 0.741545 1.026764 1.519833 2.398334 3.767359 4.680981 3.772859 2.409311 1.536241 1.048533 0.768584 0.598523 0.489442 0.416172 0.365049 0.328245 0.301049 0.280505 0.264688 0.252304 0.242464 0.234537 0.228072 0.222740 0.218297 0.214559 0.211390 0.208683 0.206359 0.204356 0.202626 0.201132 0.199849 0.198756 0.197841 0.197097 0.196523 0.196124 0.195908 0.195890 0.196090 0.196530 0.197241 0.198259 0.199623 0.201383 0.203596 0.206328 0.209662 0.213693 0.218542 0.224355 0.231319 0.239676 0.249739 0.261930 0.276827 0.295237 0.318321 0.347791 0.386242 0.437708 0.508593 0.609133 0.755159 0.967553 1.257527 1.570202 1.722829 1.578353 1.273807 0.991926 0.787584 0.649578 0.557043 0.494176 0.450760 0.420406 0.399071 0.384123 0.373771 0.366725 0.361991 0.358744 0.356267 0.353916 0.351129 0.347448 0.342554 0.336296 0.328693 0.319914 0.310235 0.299986 0.289501 0.279082 0.268977 0.259373 0.250401 0.242143 0.234648 0.227935 0.222009 0.216867 0.212504 0.208918 0.206116 0.204118 0.202962 0.202711 0.203462 0.205353 0.208587 0.213453 0.220367 0.229937 0.243068 0.261140 0.286338 0.322263 0.375181 0.456747 0.590561 0.830083 1.315910 2.497613 6.045018 11.958130 6.043453 2.494499 1.311280 0.823986 0.583065 0.447941 0.365175 0.311190 0.274362 0.248461 0.229925 0.216624 0.207242 0.200958 0.197274 0.195917 0.196782 0.199918 0.205517 0.213929 0.225692 0.241573 0.262618 0.290180 0.325874 0.371291 0.427146 0.491422 0.556493 0.607418 0.626561 0.605584 0.552792 0.485787 0.419474 0.361444 0.313673 0.275404 0.244999 0.220790 0.201362 0.185596 0.172639 0.161845 0.152727 0.144916 0.138133 0.132164 0.126845
0.096657 0.099713 0.102997 0.106543 0.110394 0.114602 0.119231 0.124359 0.130085 0.136532 0.143859 0.152270 0.162034 0.173511 0.187190 0.203753 0.224171 0.249866 0.282995 0.326941 0.387273 0.473654 0.604044 0.814798 1.188259 1.940977 3.765383 9.233384 18.344970 9.238874 3.776342 1.957361 1.210004 0.841819 0.636235 0.510892 0.429417 0.373836 0.334471 0.305744 0.284263 0.267869 0.255136 0.245095 0.237069 0.230576 0.225263 0.220874 0.217215 0.214140 0.211537 0.209321 0.207425 0.205799 0.204402 0.203205 0.202187 0.201333 0.200636 0.200094 0.199711 0.199498 0.199469 0.199646 0.200054 0.200724 0.201694 0.203007 0.204713 0.206869 0.209544 0.212816 0.216780 0.221551 0.227268 0.234104 0.242277 0.252069 0.263842 0.278081 0.295441 0.316821 0.343478 0.377190 0.420477 0.476856 0.550947 0.647826 0.769924 0.908578 1.031269 1.084873 1.039878 0.925759 0.795615 0.681963 0.593488 0.527804 0.479896 0.445208 0.420284 0.402638 0.390494 0.382542 0.377756 0.375268 0.374277 0.374002 0.373671 0.372551 0.370011 0.365603 0.359124 0.350635 0.340433 0.328970 0.316760 0.304295 0.291997 0.280185 0.269084 0.258830 0.249497 0.241111 0.233667 0.227146 0.221520 0.216763 0.212855 0.209786 0.207564 0.206212 0.205782 0.206356 0.208062 0.211082 0.215685 0.222251 0.231336 0.243757 0.260742 0.284189 0.317137 0.364650 0.435582 0.546258 0.728420 1.045598 1.613092 2.499144 3.089615 2.497420 1.609662 1.040493 0.721689 0.537967 0.425816 0.353513 0.304757 0.270719 0.246363 0.228688 0.215837 0.206637 0.200337 0.196470 0.194762 0.195088 0.197448 0.201951 0.208820 0.218392 0.231127 0.247594 0.268434 0.294232 0.325226 0.360765 0.398490 0.433572 0.458973 0.467806 0.457111 0.429816 0.392774 0.352988 0.315253 0.281888 0.253503 0.229812 0.210179 0.193903 0.180341 0.168951 0.159290 0.151004 0.143815 0.137502 0.131892 0.126850
0.097805 0.100876 0.104172 0.107729 0.111590 0.115807 0.120445 0.125583 0.131321 0.137784 0.145133 0.153575 0.163384 0.174928 0.188705 0.205414 0.226055 0.252097 0.285782 0.330655 0.392612 0.482042 0.618666 0.843768 1.256180 2.144345 4.677227 18.343214 18.345963 18.348752 4.688283 2.160878 1.278129 0.871053 0.651187 0.519681 0.435235 0.378113 0.337913 0.308729 0.287006 0.270500 0.257738 0.247722 0.239757 0.233349 0.228141 0.223866 0.220329 0.217379 0.214902 0.212809 0.211031 0.209513 0.208214 0.207102 0.206152 0.205350 0.204686 0.204159 0.203772 0.203537 0.203471 0.203596 0.203940 0.204538 0.205428 0.206655 0.208272 0.210337 0.212917 0.216092 0.219953 0.224609 0.230190 0.236856 0.244801 0.254269 0.265567 0.279088 0.295337 0.314974 0.338854 0.368086 0.404058 0.448391 0.502643 0.567446 0.640609 0.714198 0.772803 0.798292 0.782088 0.732698 0.668212 0.604033 0.548140 0.502805 0.467513 0.440833 0.421272 0.407545 0.398606 0.393595 0.391750 0.392331 0.394543 0.397493 0.400189 0.401600 0.400783 0.397048 0.390098 0.380086 0.367549 0.353257 0.338037 0.322636 0.307639 0.293456 0.280335 0.268401 0.257692 0.248192 0.239854 0.232616 0.226416 0.221197 0.216914 0.213535 0.211048 0.209461 0.208807 0.209153 0.210606 0.213325 0.217542 0.223592 0.231951 0.243311 0.258683 0.279579 0.308303 0.348446 0.405711 0.489207 0.613007 0.795663 1.047167 1.318997 1.449409 1.317098 1.043385 0.790031 0.605572 0.480034 0.394882 0.336062 0.294484 0.264467 0.242443 0.226138 0.214075 0.205282 0.199119 0.195171 0.193185 0.193026 0.194658 0.198127 0.203556 0.211129 0.221087 0.233692 0.249169 0.267597 0.288707 0.311612 0.334502 0.354534 0.368236 0.372592 0.366377 0.350783 0.328796 0.303852 0.278761 0.255293 0.234296 0.215991 0.200251 0.186791 0.175278 0.165392 0.156848 0.149401 0.142847 0.137020 0.131785 0.127031
0.098975 0.102052 0.105351 0.108907 0.112762 0.116969 0.121591 0.126707 0.132417 0.138844 0.146148 0.154534 0.164271 0.175719 0.189370 0.205905 0.226296 0.251967 0.285075 0.329005 0.389325 0.475701 0.606092 0.816857 1.190337 1.943085 3.767533 9.235588 18.347243 9.241232 3.778801 1.959937 1.212716 0.844684 0.639272 0.514119 0.432851 0.377492 0.338365 0.309889 0.288670 0.272548 0.260095 0.250340 0.242606 0.236406 0.231390 0.227296 0.223930 0.221142 0.218818 0.216868 0.215221 0.213822 0.212626 0.211599 0.210715 0.209956 0.209312 0.208781 0.208369 0.208086 0.207953 0.207993 0.208239 0.208727 0.209499 0.210603 0.212092 0.214028 0.216478 0.219520 0.223243 0.227751 0.233166 0.239632 0.247325 0.256453 0.267273 0.280098 0.295306 0.313361 0.334811 0.360282 0.390431 0.425811 0.466570 0.511894 0.559175 0.603255 0.636714 0.652327 0.646964 0.623625 0.589448 0.551839 0.516031 0.484774 0.459079 0.439020 0.424271 0.414384 0.408895 0.407343 0.409230 0.413953 0.420715 0.428452 0.435806 0.441216 0.443151 0.440445 0.432618 0.420005 0.403618 0.384822 0.364989 0.345256 0.326431 0.309004 0.293214 0.279129 0.266708 0.255857 0.246457 0.238384 0.231527 0.225786 0.221082 0.217357 0.214573 0.212719 0.211808 0.211884 0.213032 0.215381 0.219122 0.224529 0.231990 0.242053 0.255494 0.273419 0.297409 0.329721 0.373512 0.432936 0.512568 0.614654 0.731622 0.834776 0.877157 0.832681 0.727449 0.608435 0.504352 0.422787 0.361510 0.315964 0.282011 0.256512 0.237230 0.222604 0.211555 0.203334 0.197428 0.193491 0.191299 0.190721 0.191699 0.194234 0.198375 0.204202 0.211811 0.221281 0.232623 0.245699 0.260115 0.275093 0.289389 0.301336 0.309125 0.311302 0.307297 0.297650 0.283782 0.267469 0.250344 0.233615 0.218019 0.203905 0.191362 0.180322 0.170641 0.162146 0.154662 0.148028 0.142102 0.136760 0.131900 0.127436
0.100178 0.103255 0.106547 0.110088 0.113922 0.118098 0.122679 0.127743 0.133385 0.139726 0.146919 0.155162 0.164711 0.175910 0.189218 0.205272 0.224967 0.249597 0.281084 0.322379 0.378184 0.456315 0.570423 0.745659 1.030916 1.524044 2.402627 3.771762 4.685521 3.777569 2.414222 1.541389 1.053953 0.774313 0.604599 0.495901 0.423048 0.372376 0.336052 0.309364 0.289350 0.274082 0.262265 0.253003 0.245664 0.239794 0.235060 0.231214 0.228069 0.225482 0.223341 0.221559 0.220063 0.218797 0.217713 0.216776 0.215956 0.215233 0.214597 0.214045 0.213582 0.213222 0.212986 0.212903 0.213009 0.213344 0.213954 0.214891 0.216211 0.217977 0.220257 0.223129 0.226681 0.231011 0.236235 0.242487 0.249922 0.258724 0.269108 0.281325 0.295661 0.312437 0.331992 0.354651 0.380652 0.410022 0.442360 0.476548 0.510444 0.540788 0.563658 0.575647 0.575300 0.563817 0.544438 0.521055 0.497049 0.474805 0.455763 0.440687 0.429924 0.423593 0.421696 0.424143 0.430733 0.441059 0.454361 0.469360 0.484129 0.496160 0.502764 0.501783 0.492340 0.475165 0.452261 0.426153 0.399170 0.373038 0.348814 0.327008 0.307756 0.290976 0.276479 0.264033 0.253409 0.244395 0.236808 0.230497 0.225340 0.221243 0.218143 0.216002 0.214811 0.214592 0.215400 0.217333 0.220538 0.225226 0.231694 0.240348 0.251742 0.266623 0.285975 0.311058 0.343364 0.384355 0.434704 0.492607 0.551184 0.596936 0.613923 0.594624 0.546576 0.485736 0.425621 0.373125 0.330067 0.295791 0.268847 0.247760 0.231284 0.218448 0.208522 0.200969 0.195402 0.191547 0.189216 0.188290 0.188700 0.190419 0.193446 0.197796 0.203477 0.210469 0.218684 0.227918 0.237792 0.247710 0.256840 0.264188 0.268757 0.269789 0.266992 0.260628 0.251423 0.240343 0.228350 0.216237 0.204563 0.193663 0.183693 0.174686 0.166602 0.159357 0.152854 0.146989 0.141665 0.136796 0.132303 0.128124
0.101426 0.104495 0.107771 0.111287 0.115084 0.119210 0.123727 0.128707 0.134244 0.140451 0.147472 0.155492 0.164750 0.175558 0.188334 0.203644 0.222270 0.245316 0.274378 0.311811 0.361190 0.428064 0.521232 0.654734 0.850249 1.136352 1.528428 1.951734 2.157131 1.957764 1.540469 1.154367 0.874182 0.684511 0.556757 0.469224 0.407852 0.363825 0.331576 0.307519 0.289286 0.275275 0.264378 0.255815 0.249024 0.243595 0.239228 0.235694 0.232820 0.230475 0.228551 0.226963 0.225641 0.224527 0.223570 0.222732 0.221979 0.221288 0.220648 0.220053 0.219511 0.219038 0.218658 0.218407 0.218323 0.218454 0.218851 0.219570 0.220671 0.222220 0.224287 0.226951 0.230297 0.234422 0.239436 0.245465 0.252652 0.261163 0.271186 0.282931 0.296626 0.312508 0.330799 0.351665 0.375148 0.401060 0.428849 0.457438 0.485125 0.509651 0.528540 0.539729 0.542246 0.536563 0.524416 0.508222 0.490459 0.473240 0.458167 0.446365 0.438598 0.435397 0.437161 0.444201 0.456712 0.474651 0.497478 0.523773 0.550812 0.574411 0.589501 0.591685 0.579149 0.553554 0.519140 0.480809 0.442569 0.406949 0.375165 0.347535 0.323886 0.303818 0.286871 0.272600 0.260610 0.250569 0.242203 0.235291 0.229663 0.225185 0.221761 0.219326 0.217848 0.217323 0.217777 0.219274 0.221918 0.225859 0.231309 0.238548 0.247944 0.259957 0.275142 0.294110 0.317416 0.345302 0.377201 0.411000 0.442352 0.464908 0.472460 0.462352 0.437257 0.403402 0.367152 0.332870 0.302686 0.277178 0.256118 0.238962 0.225109 0.214012 0.205218 0.198367 0.193182 0.189458 0.187044 0.185838 0.185768 0.186793 0.188883 0.192012 0.196143 0.201209 0.207086 0.213568 0.220339 0.226960 0.232879 0.237485 0.240201 0.240603 0.238528 0.234111 0.227744 0.219974 0.211379 0.202477 0.193667 0.185225 0.177309 0.169990 0.163278 0.157142 0.151530 0.146378 0.141624 0.137204 0.133064 0.129156
0.102735 0.105791 0.109042 0.112521 0.116266 0.120325 0.124754 0.129624 0.135020 0.141049 0.147844 0.155573 0.164450 0.174754 0.186846 0.201210 0.218496 0.239594 0.265739 0.298667 0.340841 0.395760 0.468302 0.564878 0.692539 0.854746 1.039833 1.203591 1.273681 1.209908 1.052448 0.873623 0.717624 0.596095 0.505556 0.438934 0.389799 0.353250 0.325771 0.304881 0.288831 0.276378 0.266629 0.258934 0.252818 0.247928 0.244001 0.240837 0.238283 0.236218 0.234546 0.233185 0.232065 0.231128 0.230320 0.229594 0.228915 0.228255 0.227598 0.226938 0.226283 0.225654 0.225080 0.224603 0.224269 0.224134 0.224255 0.224695 0.225520 0.226798 0.228604 0.231015 0.234119 0.238011 0.242797 0.248600 0.255557 0.263825 0.273579 0.285012 0.298331 0.313741 0.331426 0.351507 0.373983 0.398643 0.424953 0.451954 0.478188 0.501765 0.520605 0.532881 0.537530 0.534606 0.525305 0.511629 0.495892 0.480283 0.466620 0.456305 0.450401 0.449766 0.455182 0.467443 0.487359 0.515620 0.552415 0.596664 0.644852 0.689948 0.721770 0.730375 0.711457 0.669162 0.613265 0.553775 0.497539 0.447871 0.405639 0.370437 0.341357 0.317404 0.297668 0.281382 0.267926 0.256806 0.247638 0.240121 0.234023 0.229171 0.225431 0.222713 0.220955 0.220129 0.220234 0.221299 0.223388 0.226597 0.231062 0.236962 0.244516 0.253984 0.265633 0.279699 0.296274 0.315142 0.335521 0.355795 0.373416 0.385262 0.388629 0.382431 0.367774 0.347381 0.324391 0.301371 0.279950 0.260925 0.244523 0.230658 0.219104 0.209590 0.201862 0.195694 0.190900 0.187333 0.184879 0.183452 0.182987 0.183434 0.184750 0.186889 0.189793 0.193377 0.197514 0.202021 0.206649 0.211082 0.214947 0.217859 0.219466 0.219518 0.217917 0.214735 0.210190 0.204605 0.198334 0.191715 0.185027 0.178478 0.172206 0.166287 0.160750 0.155590 0.150782 0.146287 0.142064 0.138068 0.134260 0.130605
0.104124 0.107160 0.110379 0.113811 0.117492 0.121466 0.125788 0.130521 0.135746 0.141560 0.148083 0.155464 0.163891 0.173604 0.184906 0.198193 0.213982 0.232950 0.255997 0.284307 0.319431 0.363334 0.418331 0.486688 0.569449 0.663837 0.759253 0.834897 0.866204 0.841569 0.772580 0.683783 0.595961 0.519693 0.457731 0.409010 0.371238 0.342076 0.319536 0.302048 0.288408 0.277707 0.269263 0.262563 0.257220 0.252946 0.249519 0.246774 0.244581 0.242835 0.241450 0.240352 0.239471 0.238745 0.238114 0.237526 0.236936 0.236308 0.235622 0.234871 0.234063 0.233224 0.232391 0.231616 0.230956 0.230476 0.230244 0.230332 0.230811 0.231755 0.233242 0.235353 0.238173 0.241800 0.246340 0.251914 0.258660 0.266734 0.276315 0.287603 0.300812 0.316170 0.333891 0.354152 0.377030 0.402429 0.429959 0.458802 0.487586 0.514336 0.536634 0.552063 0.558902 0.556770 0.546860 0.531579 0.513830 0.496351 0.481367 0.470552 0.465185 0.466378 0.475296 0.493349 0.522316 0.564323 0.621459 0.694576 0.780633 0.868576 0.936895 0.960240 0.926598 0.847807 0.749042 0.651620 0.566394 0.496184 0.439897 0.395188 0.359671 0.331323 0.308552 0.290144 0.275184 0.262985 0.253030 0.244930 0.238391 0.233190 0.229162 0.226184 0.224170 0.223066 0.222845 0.223506 0.225074 0.227599 0.231156 0.235843 0.241775 0.249071 0.257831 0.268089 0.279742 0.292456 0.305551 0.317923 0.328087 0.334430 0.335660 0.331288 0.321826 0.308586 0.293202 0.277179 0.261635 0.247264 0.234412 0.223185 0.213551 0.205409 0.198632 0.193091 0.188670 0.185269 0.182804 0.181206 0.180419 0.180393 0.181080 0.182427 0.184368 0.186819 0.189662 0.192748 0.195882 0.198837 0.201359 0.203196 0.204127 0.203994 0.202736 0.200389 0.197081 0.193005 0.188383 0.183434 0.178352 0.173287 0.168347 0.163599 0.159073 0.154776 0.150695 0.146804 0.143075 0.139476 0.135978 0.132555
0.105614 0.108627 0.111807 0.115183 0.118787 0.122662 0.126858 0.131433 0.136460 0.142028 0.148241 0.155232 0.163160 0.172225 0.182675 0.194823 0.209059 0.225878 0.245893 0.269858 0.298663 0.333275 0.374572 0.422939 0.477514 0.535046 0.588836 0.629098 0.646256 0.636201 0.603025 0.556290 0.505761 0.458117 0.416585 0.382000 0.353946 0.331517 0.313715 0.299623 0.288466 0.279615 0.272571 0.266947 0.262445 0.258838 0.255956 0.253666 0.251867 0.250475 0.249417 0.248623 0.248026 0.247558 0.247149 0.246736 0.246259 0.245673 0.244948 0.244073 0.243061 0.241942 0.240767 0.239601 0.238516 0.237592 0.236911 0.236555 0.236604 0.237139 0.238240 0.239992 0.242481 0.245806 0.250075 0.255412 0.261960 0.269884 0.279380 0.290672 0.304019 0.319712 0.338066 0.359406 0.384020 0.412083 0.443522 0.477794 0.513583 0.548495 0.578993 0.600926 0.610843 0.607559 0.592867 0.570773 0.545911 0.522255 0.502648 0.488967 0.482540 0.484586 0.496606 0.520765 0.560278 0.619803 0.705619 0.824702 0.980385 1.160495 1.319454 1.382807 1.309157 1.139711 0.948729 0.781576 0.650195 0.550994 0.476703 0.420718 0.378012 0.344986 0.319108 0.298595 0.282184 0.268967 0.258289 0.249664 0.242736 0.237235 0.232961 0.229765 0.227535 0.226193 0.225688 0.225991 0.227095 0.229010 0.231763 0.235392 0.239940 0.245440 0.251893 0.259240 0.267317 0.275804 0.284181 0.291724 0.297554 0.300795 0.300789 0.297298 0.290585 0.281334 0.270447 0.258820 0.247198 0.236114 0.225897 0.216717 0.208632 0.201630 0.195666 0.190675 0.186590 0.183347 0.180887 0.179158 0.178111 0.177702 0.177882 0.178600 0.179791 0.181378 0.183261 0.185318 0.187402 0.189347 0.190977 0.192124 0.192643 0.192431 0.191445 0.189705 0.187285 0.184304 0.180902 0.177220 0.173391 0.169518 0.165682 0.161932 0.158293 0.154770 0.151353 0.148024 0.144758 0.141530 0.138317 0.135103
0.107232 0.110219 0.113355 0.116666 0.120184 0.123947 0.128000 0.132398 0.137206 0.142502 0.148379 0.154949 0.162347 0.170736 0.180312 0.191314 0.204027 0.218794 0.236010 0.256120 0.279579 0.306779 0.337887 0.372586 0.409682 0.446692 0.479685 0.503851 0.515008 0.511468 0.494906 0.469488 0.440009 0.410377 0.383047 0.359182 0.339065 0.322487 0.309020 0.298170 0.289464 0.282483 0.276881 0.272375 0.268749 0.265838 0.263521 0.261707 0.260327 0.259319 0.258628 0.258190 0.257938 0.257793 0.257673 0.257492 0.257172 0.256647 0.255875 0.254840 0.253555 0.252065 0.250436 0.248754 0.247115 0.245619 0.244366 0.243452 0.242968 0.243001 0.243637 0.244960 0.247062 0.250040 0.254006 0.259088 0.265439 0.273241 0.282716 0.294133 0.307818 0.324172 0.343677 0.366907 0.394516 0.427189 0.465495 0.509564 0.558478 0.609348 0.656479 0.691708 0.707163 0.699632 0.672834 0.635135 0.595186 0.559190 0.530622 0.511167 0.501761 0.503399 0.517750 0.547773 0.598552 0.678613 0.801962 0.990536 1.273423 1.666215 2.091935 2.294446 2.081637 1.645409 1.241682 0.947193 0.746085 0.608957 0.513503 0.445279 0.395228 0.357641 0.328842 0.306410 0.288710 0.274613 0.263324 0.254269 0.247031 0.241300 0.236843 0.233486 0.231096 0.229573 0.228842 0.228852 0.229567 0.230964 0.233035 0.235773 0.239172 0.243213 0.247849 0.252984 0.258451 0.263985 0.269212 0.273659 0.276798 0.278136 0.277319 0.274228 0.269013 0.262059 0.253886 0.245048 0.236039 0.227248 0.218951 0.211319 0.204444 0.198359 0.193063 0.188534 0.184737 0.181634 0.179185 0.177352 0.176095 0.175375 0.175150 0.175371 0.175981 0.176911 0.178079 0.179389 0.180729 0.181979 0.183015 0.183720 0.183997 0.183778 0.183031 0.181765 0.180025 0.177883 0.175427 0.172751 0.169938 0.167060 0.164168 0.161295 0.158454 0.155643 0.152849 0.150051 0.147225 0.144348 0.141399 0.138367
0.109008 0.111968 0.115056 0.118297 0.121719 0.125357 0.129254 0.133458 0.138028 0.143034 0.148555 0.154687 0.161541 0.169247 0.177959 0.187851 0.199128 0.212014 0.226751 0.243576 0.262687 0.284169 0.307893 0.333362 0.359539 0.384731 0.406648 0.422797 0.431180 0.431022 0.423088 0.409367 0.392337 0.374264 0.356813 0.340983 0.327227 0.315623 0.306030 0.298203 0.291858 0.286725 0.282565 0.279186 0.276440 0.274225 0.272470 0.271132 0.270179 0.269581 0.269301 0.269284 0.269460 0.269736 0.270003 0.270147 0.270054 0.269630 0.268809 0.267565 0.265919 0.263930 0.261694 0.259327 0.256960 0.254722 0.252738 0.251122 0.249976 0.249396 0.249470 0.250284 0.251929 0.254505 0.258124 0.262921 0.269061 0.276746 0.286233 0.297846 0.312004 0.329251 0.350299 0.376081 0.407812 0.447028 0.495533 0.555079 0.626402 0.707097 0.788320 0.852848 0.880430 0.861641 0.806362 0.735310 0.666199 0.608429 0.565092 0.536365 0.521797 0.521516 0.536976 0.571751 0.632906 0.733728 0.899497 1.180018 1.675506 2.568177 3.965823 4.896306 3.955535 2.547371 1.643708 1.136486 0.843177 0.663192 0.546263 0.466523 0.409932 0.368447 0.337235 0.313263 0.294556 0.279792 0.268056 0.258700 0.251259 0.245388 0.240829 0.237386 0.234907 0.233274 0.232392 0.232189 0.232604 0.233591 0.235108 0.237121 0.239590 0.242466 0.245680 0.249129 0.252667 0.256087 0.259129 0.261486 0.262837 0.262899 0.261476 0.258512 0.254103 0.248478 0.241957 0.234891 0.227611 0.220401 0.213475 0.206986 0.201029 0.195656 0.190891 0.186732 0.183168 0.180179 0.177738 0.175819 0.174390 0.173419 0.172869 0.172698 0.172856 0.173287 0.173924 0.174690 0.175503 0.176274 0.176916 0.177346 0.177498 0.177324 0.176803 0.175937 0.174752 0.173294 0.171617 0.169779 0.167834 0.165823 0.163776 0.161706 0.159613 0.157482 0.155292 0.153013 0.150617 0.148077 0.145373 0.142494
0.110980 0.113912 0.116950 0.120115 0.123433 0.126937 0.130665 0.134661 0.138979 0.143678 0.148830 0.154515 0.160822 0.167857 0.175735 0.184585 0.194545 0.205758 0.218361 0.232464 0.248121 0.265279 0.283712 0.302949 0.322203 0.340360 0.356070 0.367975 0.375051 0.376912 0.373942 0.367162 0.357917 0.347539 0.337108 0.327368 0.318733 0.311359 0.305225 0.300206 0.296124 0.292796 0.290060 0.287788 0.285895 0.284340 0.283112 0.282221 0.281685 0.281513 0.281692 0.282182 0.282904 0.283744 0.284554 0.285169 0.285423 0.285169 0.284307 0.282795 0.280660 0.277993 0.274931 0.271643 0.268310 0.265103 0.262180 0.259677 0.257710 0.256381 0.255778 0.255987 0.257096 0.259202 0.262418 0.266885 0.272779 0.280323 0.289811 0.301633 0.316310 0.334554 0.357357 0.386111 0.422800 0.470250 0.532423 0.614546 0.722380 0.858736 1.013937 1.151419 1.211397 1.160776 1.033078 0.888536 0.764207 0.670351 0.604903 0.563111 0.541205 0.537416 0.552371 0.589779 0.658152 0.774928 0.976737 1.347650 2.109784 3.974343 9.583850 18.938123 9.573601 3.953594 2.078014 1.304040 0.920107 0.703658 0.570048 0.481897 0.420734 0.376618 0.343826 0.318875 0.299553 0.284401 0.272425 0.262929 0.255414 0.249512 0.244947 0.241508 0.239027 0.237371 0.236429 0.236109 0.236330 0.237022 0.238122 0.239570 0.241306 0.243264 0.245366 0.247518 0.249598 0.251454 0.252910 0.253769 0.253840 0.252958 0.251022 0.248008 0.243986 0.239105 0.233570 0.227612 0.221459 0.215315 0.209345 0.203674 0.198391 0.193552 0.189188 0.185312 0.181926 0.179019 0.176578 0.174582 0.173009 0.171832 0.171020 0.170538 0.170345 0.170395 0.170635 0.171007 0.171448 0.171892 0.172279 0.172550 0.172659 0.172574 0.172280 0.171775 0.171077 0.170214 0.169217 0.168122 0.166959 0.165748 0.164497 0.163202 0.161845 0.160396 0.158817 0.157068 0.155108 0.152903 0.150428 0.147674
0.113192 0.116099 0.119085 0.122170 0.125378 0.128737 0.132283 0.136058 0.140110 0.144491 0.149265 0.154498 0.160266 0.166651 0.173741 0.181628 0.190405 0.200159 0.210961 0.222848 0.235803 0.249722 0.264376 0.279381 0.294171 0.308025 0.320128 0.329716 0.336234 0.339481 0.339669 0.337357 0.333310 0.328323 0.323087 0.318113 0.313712 0.310022 0.307039 0.304674 0.302788 0.301236 0.299897 0.298690 0.297588 0.296614 0.295828 0.295313 0.295151 0.295405 0.296101 0.297212 0.298652 0.300273 0.301869 0.303194 0.303992 0.304035 0.303159 0.301297 0.298489 0.294876 0.290670 0.286124 0.281490 0.277005 0.272868 0.269242 0.266256 0.264013 0.262598 0.262090 0.262568 0.264125 0.266871 0.270947 0.276537 0.283885 0.293322 0.305295 0.320432 0.339620 0.364146 0.395924 0.437865 0.494513 0.573098 0.685193 0.848703 1.087262 1.413616 1.765944 1.938118 1.775629 1.433390 1.117960 0.891647 0.742295 0.647032 0.589002 0.558147 0.549529 0.562233 0.599383 0.669719 0.792197 1.008330 1.419028 2.320214 4.912709 18.946001 18.940549 18.935837 4.892109 2.288616 1.375540 0.951656 0.720532 0.580581 0.489361 0.426592 0.381590 0.348295 0.323062 0.303593 0.288380 0.276404 0.266949 0.259506 0.253696 0.249237 0.245905 0.243526 0.241951 0.241056 0.240730 0.240876 0.241402 0.242225 0.243264 0.244445 0.245690 0.246922 0.248056 0.248999 0.249646 0.249881 0.249588 0.248657 0.247002 0.244576 0.241380 0.237471 0.232952 0.227965 0.222667 0.217218 0.211765 0.206434 0.201325 0.196514 0.192053 0.187977 0.184302 0.181038 0.178181 0.175724 0.173655 0.171955 0.170604 0.169578 0.168848 0.168381 0.168140 0.168084 0.168170 0.168349 0.168577 0.168808 0.169004 0.169133 0.169173 0.169115 0.168959 0.168716 0.168403 0.168039 0.167645 0.167231 0.166802 0.166347 0.165843 0.165252 0.164524 0.163601 0.162421 0.160926 0.159068 0.156813 0.154150
0.115697 0.118582 0.121518 0.124519 0.127609 0.130814 0.134167 0.137707 0.141478 0.145531 0.149918 0.154700 0.159938 0.165700 0.172052 0.179060 0.186788 0.195285 0.204584 0.214685 0.225542 0.237043 0.248994 0.261101 0.272973 0.284142 0.294114 0.302445 0.308830 0.313166 0.315585 0.316416 0.316113 0.315164 0.314005 0.312966 0.312246 0.311913 0.311928 0.312172 0.312489 0.312724 0.312763 0.312557 0.312135 0.311597 0.311099 0.310821 0.310939 0.311594 0.312867 0.314757 0.317170 0.319908 0.322676 0.325102 0.326782 0.327344 0.326516 0.324186 0.320422 0.315454 0.309624 0.303319 0.296910 0.290720 0.285004 0.279954 0.275703 0.272348 0.269963 0.268609 0.268351 0.269269 0.271463 0.275071 0.280281 0.287349 0.296633 0.308633 0.324063 0.343965 0.369899 0.404273 0.450942 0.516339 0.611728 0.757899 0.995306 1.404952 2.133868 3.269117 4.027769 3.278935 2.153886 1.435961 1.038564 0.815238 0.685725 0.610593 0.570524 0.556465 0.565450 0.599328 0.665603 0.781145 0.982251 1.352793 2.114765 3.979294 9.588853 18.943227 9.578834 3.958970 2.083540 1.309714 0.925928 0.709623 0.576156 0.488147 0.427130 0.383169 0.350542 0.325773 0.306653 0.291725 0.279999 0.270778 0.263562 0.257980 0.253749 0.250644 0.248484 0.247111 0.246389 0.246191 0.246399 0.246902 0.247596 0.248382 0.249169 0.249872 0.250417 0.250731 0.250747 0.250399 0.249625 0.248365 0.246571 0.244209 0.241270 0.237776 0.233778 0.229356 0.224611 0.219655 0.214603 0.209562 0.204626 0.199876 0.195370 0.191157 0.187266 0.183718 0.180522 0.177680 0.175191 0.173044 0.171228 0.169728 0.168522 0.167590 0.166906 0.166441 0.166164 0.166042 0.166043 0.166133 0.166282 0.166465 0.166661 0.166860 0.167056 0.167252 0.167457 0.167684 0.167945 0.168250 0.168598 0.168979 0.169368 0.169719 0.169974 0.170055 0.169876 0.169344 0.168375 0.166895 0.164860 0.162250
0.118558 0.121430 0.124317 0.127232 0.130196 0.133235 0.136381 0.139670 0.143147 0.146856 0.150849 0.155178 0.159897 0.165062 0.170725 0.176935 0.183736 0.191156 0.199207 0.207873 0.217104 0.226800 0.236808 0.246917 0.256861 0.266342 0.275061 0.282763 0.289282 0.294580 0.298753 0.302015 0.304656 0.306986 0.309280 0.311734 0.314444 0.317388 0.320445 0.323415 0.326064 0.328174 0.329599 0.330301 0.330373 0.330022 0.329539 0.329251 0.329471 0.330455 0.332367 0.335255 0.339018 0.343396 0.347962 0.352143 0.355286 0.356765 0.356113 0.353136 0.347958 0.340980 0.332774 0.323955 0.315079 0.306591 0.298811 0.291950 0.286133 0.281435 0.277898 0.275555 0.274444 0.274623 0.276175 0.279227 0.283962 0.290640 0.299632 0.311470 0.326927 0.347150 0.373893 0.409926 0.459828 0.531571 0.639997 0.815187 1.125299 1.749607 3.261346 7.789611 15.334504 7.799403 3.281285 1.780428 1.168174 0.871824 0.712798 0.623879 0.576324 0.557264 0.561749 0.590013 0.647296 0.745846 0.910333 1.190193 1.685411 2.578059 3.975834 4.906537 3.966037 2.558169 1.654810 1.147889 0.854874 0.675178 0.558532 0.479076 0.422775 0.381597 0.350715 0.327105 0.308803 0.294490 0.283257 0.274461 0.267631 0.262417 0.258547 0.255801 0.253995 0.252968 0.252568 0.252654 0.253088 0.253733 0.254462 0.255154 0.255700 0.256008 0.256002 0.255625 0.254836 0.253606 0.251919 0.249765 0.247145 0.244068 0.240557 0.236649 0.232397 0.227866 0.223134 0.218284 0.213397 0.208554 0.203823 0.199266 0.194929 0.190850 0.187056 0.183565 0.180387 0.177528 0.174985 0.172753 0.170825 0.169188 0.167828 0.166728 0.165868 0.165228 0.164785 0.164515 0.164396 0.164407 0.164528 0.164746 0.165050 0.165437 0.165909 0.166472 0.167140 0.167922 0.168831 0.169871 0.171035 0.172302 0.173631 0.174959 0.176199 0.177239 0.177952 0.178204 0.177865 0.176828 0.175021 0.172420
0.121856 0.124724 0.127566 0.130392 0.133223 0.136082 0.139003 0.142022 0.145183 0.148532 0.152118 0.155989 0.160195 0.164785 0.169802 0.175285 0.181265 0.187760 0.194774 0.202286 0.210251 0.218593 0.227197 0.235919 0.244586 0.253014 0.261029 0.268493 0.275333 0.281554 0.287250 0.292583 0.297763 0.303004 0.308487 0.314321 0.320507 0.326925 0.333331 0.339382 0.344688 0.348891 0.351753 0.353228 0.353486 0.352897 0.351964 0.351237 0.351237 0.352394 0.355002 0.359187 0.364864 0.371703 0.379092 0.386145 0.391781 0.394907 0.394683 0.390761 0.383385 0.373294 0.361492 0.348989 0.336626 0.325010 0.314520 0.305360 0.297616 0.291305 0.286415 0.282929 0.280842 0.280177 0.280991 0.283390 0.287543 0.293702 0.302235 0.313680 0.328827 0.348858 0.375595 0.411944 0.462758 0.536613 0.649817 0.836536 1.178585 1.914759 4.012768 15.327177 15.331653 15.336812 4.032360 1.944976 1.220492 0.891677 0.720353 0.625528 0.574176 0.551624 0.551705 0.573219 0.618937 0.696050 0.817768 1.005540 1.288151 1.680996 2.106971 2.309856 2.097484 1.661721 1.258463 0.964435 0.763773 0.627076 0.532045 0.464241 0.414621 0.377488 0.349179 0.327289 0.310195 0.296782 0.286260 0.278064 0.271774 0.267071 0.263703 0.261463 0.260169 0.259655 0.259759 0.260321 0.261177 0.262164 0.263120 0.263894 0.264354 0.264394 0.263937 0.262940 0.261391 0.259301 0.256701 0.253633 0.250143 0.246281 0.242099 0.237650 0.232989 0.228177 0.223274 0.218341 0.213439 0.208623 0.203943 0.199443 0.195159 0.191118 0.187342 0.183847 0.180640 0.177727 0.175109 0.172781 0.170739 0.168973 0.167474 0.166229 0.165223 0.164443 0.163873 0.163498 0.163304 0.163279 0.163414 0.163703 0.164147 0.164751 0.165524 0.166481 0.167638 0.169013 0.170619 0.172462 0.174535 0.176812 0.179239 0.181733 0.184175 0.186409 0.188252 0.189504 0.189970 0.189484 0.187934 0.185281
0.125689 0.128568 0.131370 0.134105 0.136790 0.139452 0.142124 0.144847 0.147666 0.150629 0.153787 0.157188 0.160880 0.164908 0.169312 0.174125 0.179372 0.185067 0.191210 0.197786 0.204760 0.212076 0.219659 0.227415 0.235240 0.243030 0.250696 0.258183 0.265481 0.272640 0.279768 0.287022 0.294587 0.302646 0.311342 0.320736 0.330764 0.341198 0.351628 0.361482 0.370094 0.376833 0.381267 0.383295 0.383212 0.381654 0.379472 0.377573 0.376796 0.377827 0.381155 0.387040 0.395466 0.406054 0.417970 0.429848 0.439863 0.446029 0.446743 0.441338 0.430328 0.415172 0.397716 0.379667 0.362296 0.346390 0.332344 0.320285 0.310190 0.301969 0.295512 0.290722 0.287533 0.285918 0.285896 0.287544 0.291004 0.296508 0.304403 0.315205 0.329673 0.348947 0.374778 0.409936 0.459005 0.529964 0.637665 0.812201 1.121739 1.745563 3.256910 7.784871 15.329532 7.794246 3.275946 1.774851 1.162218 0.865223 0.705109 0.614387 0.563882 0.540004 0.536540 0.551417 0.585427 0.641797 0.725935 0.844278 0.999813 1.180148 1.339556 1.403487 1.330476 1.161689 0.971358 0.804834 0.674053 0.575426 0.501692 0.446257 0.404113 0.371680 0.346445 0.326648 0.311046 0.298750 0.289118 0.281676 0.276068 0.272017 0.269301 0.267728 0.267127 0.267328 0.268160 0.269438 0.270968 0.272547 0.273967 0.275034 0.275579 0.275470 0.274627 0.273023 0.270682 0.267664 0.264058 0.259964 0.255481 0.250700 0.245705 0.240564 0.235340 0.230086 0.224850 0.219677 0.214607 0.209677 0.204920 0.200365 0.196034 0.191947 0.188120 0.184562 0.181282 0.178282 0.175563 0.173124 0.170961 0.169068 0.167438 0.166062 0.164931 0.164036 0.163367 0.162917 0.162679 0.162650 0.162829 0.163219 0.163831 0.164679 0.165781 0.167162 0.168848 0.170868 0.173243 0.175990 0.179108 0.182572 0.186324 0.190261 0.194228 0.198012 0.201351 0.203948 0.205500 0.205747 0.204509 0.201721
0.130181 0.133091 0.135862 0.138501 0.141026 0.143465 0.145857 0.148247 0.150685 0.153226 0.155924 0.158831 0.161997 0.165467 0.169278 0.173463 0.178044 0.183034 0.188436 0.194241 0.200426 0.206958 0.213791 0.220872 0.228149 0.235577 0.243132 0.250817 0.258682 0.266819 0.275372 0.284528 0.294494 0.305481 0.317655 0.331089 0.345695 0.361149 0.376832 0.391815 0.404947 0.415077 0.421365 0.423578 0.422217 0.418400 0.413587 0.409272 0.406771 0.407133 0.411124 0.419232 0.431617 0.447970 0.467267 0.487482 0.505490 0.517501 0.520220 0.512257 0.494790 0.470905 0.444187 0.417571 0.392915 0.371118 0.352433 0.336760 0.323844 0.313399 0.305159 0.298911 0.294501 0.291835 0.290884 0.291683 0.294342 0.299058 0.306140 0.316056 0.329493 0.347480 0.371567 0.404165 0.449138 0.512936 0.606843 0.751675 0.987911 1.396572 2.124696 3.259342 4.017552 3.268383 2.143024 1.424695 1.026632 0.802142 0.670629 0.592151 0.546587 0.523563 0.517825 0.527075 0.550885 0.590038 0.645787 0.718453 0.804653 0.893106 0.962151 0.986336 0.953579 0.875672 0.777760 0.681146 0.596678 0.527182 0.471577 0.427537 0.392700 0.365069 0.343083 0.325556 0.311605 0.300569 0.291955 0.285392 0.280593 0.277334 0.275426 0.274704 0.275008 0.276171 0.278010 0.280315 0.282849 0.285352 0.287551 0.289182 0.290015 0.289880 0.288683 0.286420 0.283161 0.279041 0.274224 0.268888 0.263196 0.257291 0.251288 0.245275 0.239316 0.233459 0.227739 0.222184 0.216815 0.211651 0.206707 0.201997 0.197533 0.193326 0.189383 0.185710 0.182312 0.179191 0.176347 0.173779 0.171485 0.169460 0.167701 0.166201 0.164956 0.163962 0.163213 0.162709 0.162450 0.162438 0.162683 0.163198 0.164000 0.165115 0.166574 0.168415 0.170678 0.173408 0.176646 0.180426 0.184768 0.189659 0.195047 0.200818 0.206779 0.212648 0.218049 0.222535 0.225634 0.226919 0.226091 0.223043
0.135494 0.138461 0.141212 0.143749 0.146093 0.148274 0.150339 0.152343 0.154346 0.156412 0.158603 0.160979 0.163592 0.166491 0.169715 0.173296 0.177257 0.181613 0.186370 0.191527 0.197073 0.202992 0.209264 0.215872 0.222800 0.230053 0.237654 0.245660 0.254172 0.263337 0.273353 0.284467 0.296965 0.311145 0.327279 0.345547 0.365930 0.388069 0.411111 0.433595 0.453518 0.468699 0.477426 0.479145 0.474754 0.466328 0.456456 0.447612 0.441813 0.440574 0.445011 0.455964 0.473996 0.499199 0.530678 0.565725 0.599033 0.622980 0.630129 0.617214 0.587211 0.547269 0.504718 0.464574 0.429267 0.399437 0.374798 0.354713 0.338492 0.325520 0.315301 0.307457 0.301720 0.297915 0.295951 0.295816 0.297575 0.301382 0.307496 0.316315 0.328426 0.344693 0.366392 0.395438 0.434758 0.488924 0.565203 0.675211 0.836896 1.073928 1.399076 1.750512 1.922073 1.759172 1.416601 1.100743 0.873663 0.722873 0.625032 0.562594 0.524440 0.503916 0.497197 0.502234 0.518065 0.544261 0.580293 0.624615 0.673404 0.719418 0.752336 0.762113 0.744378 0.703226 0.648408 0.589916 0.534597 0.485775 0.444338 0.409904 0.381600 0.358468 0.339639 0.324386 0.312131 0.302420 0.294904 0.289312 0.285433 0.283098 0.282164 0.282498 0.283959 0.286390 0.289597 0.293340 0.297328 0.301217 0.304635 0.307206 0.308600 0.308576 0.307019 0.303952 0.299525 0.293979 0.287598 0.280666 0.273435 0.266110 0.258840 0.251730 0.244842 0.238213 0.231860 0.225790 0.220002 0.214495 0.209267 0.204316 0.199642 0.195246 0.191128 0.187290 0.183732 0.180455 0.177458 0.174740 0.172300 0.170135 0.168243 0.166622 0.165268 0.164183 0.163365 0.162820 0.162552 0.162574 0.162901 0.163555 0.164565 0.165969 0.167811 0.170147 0.173038 0.176553 0.180763 0.185735 0.191521 0.198148 0.205588 0.213734 0.222367 0.231119 0.239462 0.246718 0.252126 0.254971 0.254734 0.251224
0.141836 0.144898 0.147643 0.150070 0.152200 0.154073 0.155746 0.157289 0.158779 0.160294 0.161909 0.163695 0.165711 0.168010 0.170635 0.173619 0.176987 0.180755 0.184935 0.189530 0.194542 0.199970 0.205815 0.212084 0.218798 0.225995 0.233745 0.242151 0.251367 0.261602 0.273131 0.286298 0.301520 0.319266 0.340032 0.364261 0.392198 0.423641 0.457590 0.491860 0.522946 0.546545 0.558959 0.558827 0.547933 0.530428 0.511134 0.494181 0.482528 0.478163 0.482539 0.496973 0.522836 0.561402 0.613027 0.675211 0.739579 0.790074 0.807835 0.783865 0.726779 0.655045 0.584318 0.522551 0.471800 0.431254 0.399200 0.373913 0.353952 0.338205 0.325854 0.316310 0.309165 0.304149 0.301102 0.299958 0.300733 0.303532 0.308555 0.316116 0.326688 0.340947 0.359868 0.384847 0.417889 0.461864 0.520791 0.599966 0.705226 0.839444 0.992988 1.129301 1.188557 1.137560 1.009673 0.864896 0.739975 0.644756 0.576611 0.529991 0.499932 0.482798 0.476142 0.478384 0.488478 0.505560 0.528549 0.555660 0.583922 0.608976 0.625629 0.629394 0.618394 0.594245 0.561160 0.524029 0.486864 0.452211 0.421310 0.394521 0.371712 0.352537 0.336589 0.323477 0.312866 0.304476 0.298087 0.293525 0.290658 0.289377 0.289593 0.291214 0.294134 0.298216 0.303262 0.309003 0.315073 0.321017 0.326302 0.330372 0.332724 0.332989 0.331007 0.326854 0.320810 0.313293 0.304775 0.295702 0.286446 0.277286 0.268408 0.259924 0.251883 0.244300 0.237162 0.230448 0.224129 0.218181 0.212580 0.207309 0.202354 0.197706 0.193357 0.189304 0.185544 0.182074 0.178895 0.176004 0.173400 0.171082 0.169049 0.167301 0.165838 0.164664 0.163782 0.163201 0.162934 0.162997 0.163414 0.164217 0.165447 0.167155 0.169403 0.172267 0.175838 0.180216 0.185516 0.191858 0.199354 0.208098 0.218128 0.229386 0.241657 0.254496 0.267171 0.278650 0.287682 0.293013 0.293695 0.289373
0.149484 0.152694 0.155454 0.157757 0.159626 0.161115 0.162301 0.163276 0.164142 0.164998 0.165940 0.167051 0.168402 0.170052 0.172047 0.174423 0.177205 0.180411 0.184056 0.188148 0.192698 0.197716 0.203221 0.209242 0.215825 0.223042 0.230998 0.239844 0.249790 0.261116 0.274194 0.289504 0.307651 0.329382 0.355581 0.387213 0.425166 0.469886 0.520674 0.574643 0.625744 0.665103 0.684073 0.679091 0.654221 0.618656 0.581905 0.550812 0.529302 0.519475 0.522827 0.541180 0.577317 0.635246 0.719583 0.832347 0.964203 1.081248 1.128338 1.074748 0.950707 0.810848 0.688531 0.592496 0.520062 0.465859 0.425036 0.393927 0.369939 0.351277 0.336714 0.325414 0.316811 0.310534 0.306350 0.304138 0.303864 0.305579 0.309421 0.315622 0.324531 0.336644 0.352651 0.373487 0.400396 0.434974 0.479113 0.534675 0.602516 0.680342 0.759394 0.822482 0.849314 0.830347 0.775255 0.704461 0.635300 0.576687 0.531090 0.497844 0.475296 0.461770 0.455874 0.456515 0.462786 0.473789 0.488427 0.505181 0.521949 0.536098 0.544835 0.545928 0.538440 0.523059 0.501762 0.477067 0.451310 0.426241 0.402959 0.382022 0.363630 0.347766 0.334314 0.323116 0.314019 0.306887 0.301610 0.298107 0.296323 0.296218 0.297767 0.300938 0.305680 0.311893 0.319402 0.327910 0.336972 0.345968 0.354122 0.360572 0.364503 0.365314 0.362758 0.356999 0.348557 0.338164 0.326598 0.314554 0.302568 0.291005 0.280076 0.269878 0.260427 0.251691 0.243613 0.236129 0.229175 0.222694 0.216640 0.210975 0.205672 0.200710 0.196074 0.191757 0.187751 0.184052 0.180657 0.177566 0.174777 0.172288 0.170102 0.168218 0.166641 0.165374 0.164427 0.163811 0.163545 0.163651 0.164162 0.165118 0.166573 0.168593 0.171261 0.174681 0.178974 0.184290 0.190801 0.198702 0.208206 0.219520 0.232816 0.248167 0.265444 0.284184 0.303427 0.321607 0.336616 0.346157 0.348390 0.342607
0.158810 0.162247 0.165052 0.167207 0.168744 0.169738 0.170297 0.170549 0.170632 0.170678 0.170809 0.171127 0.171718 0.172645 0.173960 0.175697 0.177882 0.180533 0.183664 0.187288 0.191421 0.196082 0.201302 0.207127 0.213627 0.220898 0.229083 0.238375 0.249040 0.261441 0.276062 0.293550 0.314768 0.340854 0.373293 0.413962 0.465070 0.528793 0.606190 0.694816 0.785032 0.857825 0.890750 0.873365 0.816686 0.743787 0.674435 0.619236 0.581948 0.563388 0.564157 0.586308 0.634672 0.718424 0.852859 1.058754 1.347088 1.660688 1.810349 1.654140 1.333366 1.036579 0.820243 0.672579 0.571859 0.501628 0.451257 0.414122 0.386086 0.364532 0.347776 0.334720 0.324643 0.317075 0.311717 0.308393 0.307021 0.307602 0.310211 0.315001 0.322210 0.332171 0.345332 0.362265 0.383661 0.410285 0.442835 0.481607 0.525876 0.572945 0.617274 0.650782 0.665571 0.658286 0.632377 0.595839 0.556857 0.521078 0.491314 0.468410 0.452185 0.442046 0.437292 0.437230 0.441160 0.448319 0.457780 0.468372 0.478646 0.486962 0.491711 0.491665 0.486288 0.475871 0.461401 0.444237 0.425766 0.407161 0.389284 0.372695 0.357714 0.344499 0.333105 0.323534 0.315765 0.309776 0.305556 0.303108 0.302455 0.303638 0.306710 0.311723 0.318713 0.327663 0.338456 0.350808 0.364196 0.377786 0.390423 0.400719 0.407283 0.409054 0.405609 0.397291 0.385080 0.370287 0.354218 0.337945 0.322220 0.307484 0.293939 0.281621 0.270469 0.260370 0.251197 0.242822 0.235134 0.228036 0.221453 0.215324 0.209608 0.204271 0.199294 0.194660 0.190361 0.186391 0.182746 0.179424 0.176424 0.173745 0.171388 0.169356 0.167653 0.166286 0.165268 0.164613 0.164343 0.164488 0.165088 0.166194 0.167871 0.170203 0.173297 0.177285 0.182333 0.188646 0.196474 0.206120 0.217939 0.232329 0.249702 0.270410 0.294601 0.321976 0.351433 0.380683 0.406111 0.423288 0.428371 0.419813
0.170331 0.174111 0.177002 0.178974 0.180071 0.180402 0.180124 0.179424 0.178496 0.177518 0.176648 0.176013 0.175712 0.175816 0.176377 0.177426 0.178986 0.181072 0.183694 0.186867 0.190606 0.194938 0.199902 0.205558 0.211991 0.219324 0.227725 0.237432 0.248767 0.262174 0.278261 0.297868 0.322164 0.352790 0.392069 0.443286 0.511011 0.601238 0.720564 0.872297 1.045823 1.200559 1.270034 1.217473 1.080285 0.925642 0.794981 0.700033 0.639062 0.607795 0.603873 0.628699 0.689366 0.802624 1.003872 1.366058 2.022852 3.053211 3.739838 3.046983 2.009619 1.344233 0.970975 0.755134 0.622477 0.535926 0.476443 0.433749 0.402013 0.377788 0.358961 0.344205 0.332668 0.323797 0.317238 0.312768 0.310264 0.309681 0.311037 0.314414 0.319951 0.327851 0.338372 0.351822 0.368529 0.388771 0.412655 0.439886 0.469457 0.499298 0.526153 0.546045 0.555530 0.553241 0.540610 0.521145 0.498891 0.477174 0.458130 0.442836 0.431635 0.424454 0.420997 0.420855 0.423531 0.428432 0.434836 0.441876 0.448548 0.453784 0.456588 0.456210 0.452295 0.444947 0.434672 0.422236 0.408489 0.394227 0.380110 0.366643 0.354183 0.342976 0.333181 0.324908 0.318236 0.313235 0.309977 0.308546 0.309047 0.311610 0.316391 0.323561 0.333293 0.345721 0.360876 0.378576 0.398278 0.418907 0.438739 0.455464 0.466571 0.470041 0.465069 0.452380 0.433914 0.412101 0.389170 0.366761 0.345863 0.326934 0.310071 0.295163 0.281995 0.270322 0.259905 0.250531 0.242020 0.234228 0.227044 0.220385 0.214189 0.208416 0.203036 0.198030 0.193388 0.189101 0.185166 0.181578 0.178336 0.175441 0.172893 0.170695 0.168853 0.167375 0.166274 0.165570 0.165288 0.165463 0.166142 0.167386 0.169274 0.171907 0.175418 0.179971 0.185783 0.193125 0.202346 0.213889 0.228308 0.246289 0.268641 0.296249 0.329914 0.369985 0.415665 0.463963 0.508715 0.540921 0.551776 0.537506
0.184772 0.189074 0.192116 0.193848 0.194332 0.193738 0.192307 0.190317 0.188046 0.185742 0.183609 0.181804 0.180439 0.179589 0.179298 0.179592 0.180484 0.181980 0.184085 0.186806 0.190160 0.194173 0.198892 0.204383 0.210744 0.218117 0.226695 0.236752 0.248661 0.262943 0.280330 0.301856 0.329019 0.364031 0.410231 0.472796 0.559906 0.684587 0.866922 1.133374 1.498271 1.892887 2.087776 1.910976 1.535126 1.190424 0.946516 0.790301 0.697070 0.649400 0.638555 0.663730 0.733389 0.871748 1.138971 1.697607 3.071230 7.207846 14.106805 7.202460 3.059517 1.677637 1.107721 0.824903 0.664992 0.565567 0.499121 0.452143 0.417440 0.390948 0.370260 0.353897 0.340927 0.330745 0.322959 0.317315 0.313655 0.311893 0.312000 0.313994 0.317938 0.323928 0.332087 0.342544 0.355403 0.370687 0.388245 0.407628 0.427950 0.447783 0.465220 0.478191 0.485045 0.485156 0.479187 0.468826 0.456180 0.443195 0.431333 0.421507 0.414179 0.409484 0.407345 0.407539 0.409731 0.413486 0.418265 0.423428 0.428264 0.432038 0.434077 0.433865 0.431125 0.425854 0.418306 0.408925 0.398254 0.386857 0.375260 0.363912 0.353185 0.343373 0.334708 0.327376 0.321534 0.317325 0.314895 0.314405 0.316047 0.320054 0.326710 0.336352 0.349367 0.366153 0.387047 0.412169 0.441158 0.472789 0.504563 0.532547 0.551940 0.558563 0.550712 0.530012 0.500563 0.467084 0.433422 0.401990 0.373923 0.349490 0.328480 0.310468 0.294971 0.281529 0.269742 0.259277 0.249869 0.241315 0.233463 0.226204 0.219460 0.213181 0.207332 0.201893 0.196850 0.192194 0.187921 0.184027 0.180511 0.177370 0.174606 0.172221 0.170222 0.168616 0.167419 0.166652 0.166343 0.166533 0.167275 0.168638 0.170716 0.173627 0.177528 0.182622 0.189176 0.197540 0.208177 0.221700 0.238926 0.260937 0.289153 0.325374 0.371723 0.430285 0.502013 0.584354 0.667559 0.732496 0.756576 0.729129
0.203181 0.208291 0.211588 0.212982 0.212575 0.210641 0.207565 0.203774 0.199677 0.195618 0.191864 0.188601 0.185950 0.183977 0.182714 0.182169 0.182337 0.183207 0.184774 0.187035 0.189999 0.193693 0.198161 0.203474 0.209740 0.217112 0.225803 0.236112 0.248456 0.263420 0.281838 0.304919 0.334461 0.373219 0.425574 0.498786 0.605508 0.769009 1.034458 1.492183 2.306043 3.573107 4.421579 3.592164 2.344853 1.552218 1.118139 0.880029 0.749384 0.683822 0.664617 0.687044 0.758815 0.906835 1.203211 1.864650 3.775615 14.124861 14.122477 14.121051 3.766865 1.848648 1.176349 0.863969 0.692825 0.588015 0.518340 0.469006 0.432340 0.404089 0.381775 0.363896 0.349505 0.337990 0.328945 0.322094 0.317254 0.314307 0.313182 0.313848 0.316303 0.320566 0.326664 0.334612 0.344388 0.355890 0.368880 0.382922 0.397324 0.411131 0.423199 0.432385 0.437831 0.439217 0.436874 0.431673 0.424771 0.417324 0.410297 0.404385 0.400012 0.397379 0.396515 0.397317 0.399572 0.402971 0.407118 0.411538 0.415703 0.419067 0.421122 0.421457 0.419809 0.416098 0.410424 0.403046 0.394335 0.384724 0.374661 0.364576 0.354858 0.345845 0.337826 0.331048 0.325729 0.322076 0.320298 0.320631 0.323356 0.328823 0.337474 0.349870 0.366710 0.388825 0.417130 0.452449 0.495124 0.544262 0.596606 0.645486 0.681177 0.694160 0.680334 0.643722 0.593763 0.540097 0.489308 0.444557 0.406639 0.375111 0.349045 0.327426 0.309328 0.293970 0.280727 0.269110 0.258750 0.249374 0.240788 0.232856 0.225487 0.218624 0.212230 0.206284 0.200772 0.195686 0.191023 0.186776 0.182944 0.179523 0.176515 0.173918 0.171740 0.169988 0.168677 0.167829 0.167476 0.167661 0.168443 0.169900 0.172135 0.175287 0.179534 0.185117 0.192356 0.201681 0.213679 0.229157 0.249243 0.275525 0.310263 0.356668 0.419224 0.503824 0.616953 0.761792 0.927613 1.073754 1.133679 1.070422
0.227118 0.233510 0.237234 0.238126 0.236360 0.232404 0.226897 0.220520 0.213881 0.207461 0.201597 0.196500 0.192281 0.188982 0.186603 0.185120 0.184497 0.184700 0.185702 0.187486 0.190050 0.193412 0.197614 0.202728 0.208862 0.216175 0.224894 0.235333 0.247936 0.263330 0.282419 0.306532 0.337679 0.379016 0.435719 0.516752 0.638739 0.835277 1.182374 1.879783 3.565995 8.612184 17.018581 8.632001 3.606321 1.942080 1.269040 0.949955 0.786838 0.706356 0.679213 0.696172 0.761912 0.898809 1.166070 1.725700 3.100929 7.239511 14.140583 7.238289 3.097132 1.716580 1.147370 0.864527 0.703821 0.602873 0.534283 0.484692 0.447074 0.417521 0.393754 0.374387 0.358540 0.345633 0.335268 0.327163 0.321115 0.316978 0.314647 0.314048 0.315131 0.317857 0.322187 0.328068 0.335410 0.344059 0.353764 0.364150 0.374702 0.384773 0.393653 0.400672 0.405345 0.407490 0.407278 0.405183 0.401866 0.398033 0.394321 0.391236 0.389132 0.388215 0.388569 0.390165 0.392882 0.396510 0.400760 0.405269 0.409620 0.413364 0.416059 0.417314 0.416831 0.414445 0.410143 0.404067 0.396492 0.387798 0.378418 0.368803 0.359385 0.350558 0.342667 0.336015 0.330872 0.327493 0.326147 0.327134 0.330826 0.337699 0.348384 0.363722 0.384843 0.413235 0.450800 0.499791 0.562414 0.639668 0.728770 0.819192 0.890299 0.917731 0.889964 0.818445 0.727455 0.637541 0.559139 0.494929 0.443804 0.403437 0.371453 0.345830 0.324966 0.307633 0.292912 0.280124 0.268780 0.258531 0.249141 0.240453 0.232367 0.224824 0.217791 0.211248 0.205186 0.199599 0.194481 0.189827 0.185633 0.181894 0.178608 0.175772 0.173390 0.171470 0.170024 0.169076 0.168656 0.168812 0.169606 0.171123 0.173475 0.176816 0.181346 0.187338 0.195162 0.205324 0.218533 0.235794 0.258565 0.289006 0.330396 0.387835 0.469414 0.588043 0.763663 1.022558 1.378881 1.763884 1.948406 1.760579
0.258976 0.267480 0.271933 0.272027 0.268080 0.260937 0.251710 0.241512 0.231263 0.221621 0.212990 0.205576 0.199445 0.194581 0.190924 0.188393 0.186909 0.186399 0.186808 0.188095 0.190244 0.193259 0.197174 0.202057 0.208014 0.215203 0.223852 0.234281 0.246942 0.262476 0.281810 0.306315 0.338078 0.380402 0.438761 0.522786 0.650722 0.860707 1.243948 2.066473 4.406074 17.010098 17.019496 17.030481 4.447508 2.130361 1.332580 0.977526 0.800769 0.713460 0.681121 0.691503 0.745365 0.856304 1.058036 1.422537 2.082849 3.117456 3.808639 3.120225 2.086758 1.424298 1.052629 0.836790 0.702462 0.612664 0.548609 0.500364 0.462475 0.431836 0.406608 0.385651 0.368219 0.353798 0.342012 0.332580 0.325282 0.319945 0.316434 0.314638 0.314467 0.315838 0.318670 0.322868 0.328308 0.334819 0.342169 0.350048 0.358070 0.365789 0.372739 0.378503 0.382781 0.385454 0.386606 0.386504 0.385539 0.384153 0.382775 0.381777 0.381447 0.381985 0.383503 0.386033 0.389523 0.393846 0.398794 0.404082 0.409354 0.414194 0.418153 0.420786 0.421702 0.420619 0.417405 0.412115 0.404987 0.396409 0.386871 0.376904 0.367026 0.357711 0.349371 0.342361 0.336992 0.333560 0.332373 0.333790 0.338265 0.346401 0.359032 0.377333 0.402972 0.438343 0.486864 0.553329 0.644052 0.765984 0.922525 1.102093 1.260872 1.327182 1.261182 1.102639 0.923156 0.766461 0.644037 0.552372 0.484387 0.433626 0.395146 0.365375 0.341772 0.322543 0.306414 0.292491 0.280154 0.268983 0.258707 0.249157 0.240235 0.231890 0.224097 0.216847 0.210135 0.203957 0.198310 0.193185 0.188576 0.184475 0.180874 0.177768 0.175156 0.173043 0.171440 0.170367 0.169858 0.169957 0.170730 0.172266 0.174687 0.178153 0.182884 0.189178 0.197445 0.208256 0.222423 0.241125 0.266121 0.300117 0.347432 0.415250 0.516124 0.673187 0.931411 1.380802 2.184711 3.439813 4.276017 3.436525
0.302569 0.314716 0.320467 0.319201 0.311548 0.299138 0.284001 0.268005 0.252540 0.238461 0.226192 0.215858 0.207410 0.200714 0.195604 0.191917 0.189503 0.188239 0.188027 0.188800 0.190518 0.193169 0.196776 0.201395 0.207125 0.214119 0.222597 0.232870 0.245379 0.260749 0.279880 0.304097 0.335408 0.376965 0.433938 0.515290 0.637637 0.834574 1.182104 1.879977 3.566673 8.613360 17.020252 8.634140 3.608861 1.944883 1.271846 0.952287 0.787823 0.704375 0.671173 0.675900 0.716334 0.797976 0.934093 1.144255 1.438631 1.759412 1.916779 1.768150 1.454108 1.162465 0.949013 0.801503 0.698048 0.622380 0.564354 0.517999 0.479856 0.447903 0.420902 0.398047 0.378765 0.362619 0.349258 0.338394 0.329786 0.323231 0.318562 0.315632 0.314318 0.314504 0.316077 0.318918 0.322886 0.327813 0.333488 0.339658 0.346028 0.352275 0.358078 0.363154 0.367298 0.370417 0.372542 0.373822 0.374492 0.374840 0.375166 0.375751 0.376844 0.378641 0.381286 0.384862 0.389390 0.394817 0.401009 0.407739 0.414681 0.421403 0.427384 0.432047 0.434821 0.435231 0.432985 0.428050 0.420672 0.411333 0.400673 0.389391 0.378156 0.367560 0.358095 0.350163 0.344106 0.340238 0.338888 0.340452 0.345447 0.354594 0.368925 0.389958 0.419971 0.462450 0.522845 0.609829 0.737276 0.926629 1.206168 1.591111 2.007402 2.208239 2.008512 1.593265 1.209226 0.930368 0.741368 0.613821 0.526133 0.464258 0.419330 0.385697 0.359677 0.338818 0.321466 0.306502 0.293183 0.281031 0.269757 0.259199 0.249278 0.239966 0.231257 0.223156 0.215667 0.208792 0.202524 0.196854 0.191770 0.187256 0.183300 0.179890 0.177020 0.174689 0.172904 0.171683 0.171057 0.171069 0.171786 0.173298 0.175728 0.179247 0.184082 0.190549 0.199082 0.210296 0.225073 0.244710 0.271182 0.307596 0.359067 0.434479 0.550350 0.740121 1.079531 1.767775 3.441778 8.467275 16.844264 8.463995
0.364236 0.383058 0.391262 0.387488 0.373105 0.351508 0.326605 0.301592 0.278494 0.258294 0.241266 0.227291 0.216074 0.207268 0.200540 0.195596 0.192195 0.190144 0.189294 0.189541 0.190817 0.193090 0.196366 0.200689 0.206146 0.212876 0.221083 0.231060 0.243217 0.258134 0.276640 0.299935 0.329811 0.369016 0.421920 0.495778 0.603231 0.767540 1.033867 1.492530 2.307373 3.575449 4.424936 3.596493 2.350038 1.558013 1.124080 0.885264 0.752360 0.681683 0.651985 0.653408 0.682504 0.739842 0.828050 0.947924 1.089273 1.217471 1.276607 1.235040 1.121893 0.990563 0.873221 0.777741 0.701141 0.638417 0.585624 0.540281 0.500962 0.466831 0.437323 0.411986 0.390414 0.372225 0.357070 0.344633 0.334636 0.326836 0.321024 0.317020 0.314666 0.313818 0.314342 0.316100 0.318947 0.322719 0.327229 0.332266 0.337596 0.342974 0.348161 0.352945 0.357168 0.360742 0.363659 0.365994 0.367888 0.369533 0.371150 0.372974 0.375232 0.378139 0.381879 0.386603 0.392411 0.399337 0.407331 0.416228 0.425722 0.435334 0.444400 0.452103 0.457554 0.459939 0.458699 0.453681 0.445196 0.433952 0.420898 0.407038 0.393294 0.380423 0.369010 0.359492 0.352212 0.347470 0.345585 0.346956 0.352137 0.361928 0.377527 0.400758 0.434473 0.483266 0.554829 0.662638 0.831572 1.110034 1.594929 2.462145 3.815774 4.718823 3.817859 2.466263 1.600968 1.117803 0.840776 0.672841 0.565420 0.493414 0.443095 0.406498 0.378755 0.356763 0.338501 0.322646 0.308357 0.295128 0.282684 0.270902 0.259750 0.249240 0.239403 0.230263 0.221839 0.214133 0.207137 0.200836 0.195207 0.190227 0.185872 0.182123 0.178964 0.176389 0.174398 0.173004 0.172234 0.172128 0.172751 0.174191 0.176572 0.180063 0.184896 0.191390 0.199989 0.211321 0.226291 0.246242 0.273222 0.310488 0.363455 0.441673 0.563281 0.766249 1.141486 1.954314 4.279989 16.846267 16.844611 16.842989
0.455048 0.487071 0.500314 0.491454 0.463822 0.425184 0.383480 0.344148 0.309835 0.281251 0.258099 0.239683 0.225239 0.214066 0.205580 0.199309 0.194886 0.192033 0.190540 0.190258 0.191088 0.192975 0.195904 0.199904 0.205044 0.211447 0.219296 0.228852 0.240482 0.254700 0.272227 0.294088 0.321770 0.357470 0.404517 0.468072 0.556303 0.682223 0.865903 1.133790 1.500196 1.896375 2.092844 1.917585 1.543142 1.199552 0.956185 0.799457 0.703803 0.650245 0.627134 0.627975 0.649535 0.690360 0.749165 0.822414 0.900983 0.968120 1.004113 0.998772 0.959061 0.901390 0.839256 0.778939 0.721899 0.668053 0.617453 0.570555 0.527915 0.489905 0.456612 0.427874 0.403370 0.382706 0.365476 0.351294 0.339813 0.330732 0.323791 0.318767 0.315468 0.313725 0.313382 0.314291 0.316304 0.319265 0.323006 0.327346 0.332094 0.337050 0.342021 0.346831 0.351338 0.355444 0.359108 0.362347 0.365238 0.367913 0.370549 0.373358 0.376578 0.380462 0.385260 0.391212 0.398526 0.407357 0.417772 0.429708 0.442899 0.456810 0.470571 0.482971 0.492557 0.497893 0.497912 0.492253 0.481398 0.466529 0.449196 0.430954 0.413121 0.396677 0.382292 0.370396 0.361278 0.355173 0.352341 0.353139 0.358108 0.368079 0.384343 0.408927 0.445098 0.498294 0.578028 0.702044 0.906319 1.272394 2.014757 3.819287 9.233572 18.257606 9.236829 3.825775 2.024411 1.285089 0.921829 0.719994 0.597833 0.519091 0.465690 0.427732 0.399381 0.377004 0.358275 0.341716 0.326435 0.311950 0.298054 0.284715 0.271987 0.259955 0.248699 0.238274 0.228710 0.220011 0.212160 0.205127 0.198878 0.193371 0.188572 0.184447 0.180970 0.178125 0.175904 0.174314 0.173373 0.173119 0.173610 0.174931 0.177200 0.180583 0.185305 0.191677 0.200133 0.211283 0.226008 0.245604 0.272043 0.308432 0.359882 0.435281 0.551141 0.740903 1.080308 1.768548 3.442548 8.468042 16.845028 8.464757
0.595402 0.656239 0.681099 0.660582 0.604095 0.531555 0.459829 0.397516 0.346876 0.307073 0.276283 0.252643 0.234578 0.220853 0.210529 0.202905 0.197462 0.193818 0.191695 0.190895 0.191286 0.192785 0.195358 0.199013 0.203804 0.209830 0.217247 0.226282 0.237248 0.250578 0.266871 0.286951 0.311971 0.343554 0.384004 0.436586 0.505852 0.597779 0.718949 0.872650 1.048252 1.205148 1.276829 1.226464 1.091361 0.938529 0.809116 0.714365 0.651688 0.615310 0.600176 0.602726 0.620627 0.652145 0.695275 0.746637 0.800464 0.848660 0.883020 0.898880 0.896836 0.880559 0.853274 0.816527 0.771436 0.720193 0.666170 0.612913 0.563159 0.518486 0.479470 0.446034 0.417756 0.394083 0.374448 0.358328 0.345264 0.334866 0.326809 0.320819 0.316664 0.314150 0.313103 0.313365 0.314787 0.317222 0.320517 0.324514 0.329049 0.333951 0.339050 0.344181 0.349199 0.353983 0.358450 0.362566 0.366354 0.369900 0.373358 0.376946 0.380935 0.385646 0.391429 0.398650 0.407672 0.418827 0.432375 0.448437 0.466879 0.487165 0.508178 0.528099 0.544485 0.554686 0.556594 0.549424 0.534051 0.512674 0.488032 0.462661 0.438481 0.416727 0.398081 0.382868 0.371225 0.363233 0.359020 0.358844 0.363171 0.372794 0.389000 0.413866 0.450791 0.505520 0.588274 0.718536 0.937163 1.342032 2.218852 4.725539 18.260777 18.262702 18.265422 4.734846 2.232840 1.360688 0.960396 0.746101 0.619684 0.539940 0.486928 0.449879 0.422455 0.400692 0.382058 0.364982 0.348588 0.332503 0.316680 0.301255 0.286434 0.272411 0.259336 0.247301 0.236340 0.226449 0.217592 0.209716 0.202762 0.196668 0.191378 0.186841 0.183018 0.179879 0.177406 0.175597 0.174461 0.174030 0.174354 0.175510 0.177610 0.180807 0.185312 0.191420 0.199532 0.210217 0.224282 0.242902 0.267834 0.301780 0.349057 0.416848 0.517701 0.674749 0.932962 1.382346 2.186249 3.441346 4.277545 3.438048
0.824943 0.957328 1.013753 0.961640 0.833573 0.688202 0.561372 0.462544 0.388920 0.334792 0.294975 0.265525 0.243624 0.227294 0.215150 0.206215 0.199798 0.195406 0.192690 0.191400 0.191370 0.192490 0.194706 0.198006 0.202424 0.208035 0.214969 0.223410 0.233616 0.245938 0.260847 0.278971 0.301150 0.328497 0.362471 0.404923 0.458036 0.523964 0.603746 0.694919 0.787827 0.863433 0.899264 0.884826 0.831051 0.760867 0.693794 0.640012 0.602562 0.581036 0.573947 0.579761 0.597158 0.624890 0.661449 0.704669 0.751493 0.798214 0.841269 0.878035 0.906564 0.924086 0.925921 0.907080 0.866180 0.807795 0.740437 0.672437 0.609363 0.553824 0.506396 0.466599 0.433542 0.406263 0.383878 0.365630 0.350892 0.339153 0.330001 0.323100 0.318179 0.315010 0.313406 0.313200 0.314244 0.316398 0.319525 0.323487 0.328138 0.333324 0.338886 0.344655 0.350463 0.356151 0.361581 0.366653 0.371333 0.375665 0.379788 0.383946 0.388477 0.393804 0.400423 0.408877 0.419749 0.433639 0.451121 0.472668 0.498489 0.528254 0.560687 0.593135 0.621404 0.640368 0.645585 0.635287 0.611305 0.578145 0.541003 0.504148 0.470323 0.440918 0.416414 0.396806 0.381898 0.371486 0.365470 0.363929 0.367190 0.375929 0.391323 0.415320 0.451127 0.504146 0.583868 0.708022 0.912588 1.279113 2.022102 3.827459 9.242806 18.268179 9.249072 3.840075 2.041218 1.304906 0.945200 0.747462 0.629879 0.556040 0.507591 0.474243 0.449683 0.429807 0.411937 0.394464 0.376624 0.358289 0.339721 0.321362 0.303659 0.286969 0.271528 0.257454 0.244775 0.233455 0.223419 0.214577 0.206830 0.200086 0.194261 0.189280 0.185086 0.181633 0.178889 0.176841 0.175490 0.174856 0.174981 0.175933 0.177809 0.180750 0.184946 0.190661 0.198257 0.208233 0.221293 0.238435 0.261113 0.291482 0.332818 0.390218 0.471768 0.590378 0.765984 1.024869 1.381185 1.766182 1.950699 1.762865
1.223014 1.565918 1.732145 1.570208 1.231598 0.918304 0.690924 0.536989 0.433337 0.362398 0.312801 0.277423 0.251782 0.232996 0.219178 0.209058 0.201770 0.196711 0.193462 0.191728 0.191307 0.192069 0.193936 0.196879 0.200912 0.206087 0.212504 0.220309 0.229705 0.240962 0.254434 0.270577 0.289967 0.313315 0.341469 0.375358 0.415838 0.463325 0.517097 0.574247 0.628712 0.671602 0.694252 0.693066 0.672051 0.640299 0.607140 0.579116 0.559642 0.549985 0.550288 0.560246 0.579403 0.607233 0.643094 0.686187 0.735617 0.790610 0.850725 0.915462 0.982427 1.043845 1.084102 1.084587 1.037249 0.952965 0.853040 0.755355 0.669083 0.596717 0.537450 0.489368 0.450466 0.418998 0.393555 0.373028 0.356558 0.343476 0.333266 0.325521 0.319922 0.316213 0.314188 0.313677 0.314534 0.316631 0.319846 0.324059 0.329145 0.334962 0.341354 0.348137 0.355105 0.362038 0.368715 0.374945 0.380609 0.385693 0.390328 0.394800 0.399553 0.405166 0.412332 0.421843 0.434588 0.451549 0.473804 0.502465 0.538508 0.582361 0.633101 0.687251 0.737659 0.773887 0.785729 0.768822 0.727564 0.672199 0.613206 0.557794 0.509511 0.469377 0.437110 0.411937 0.393029 0.379706 0.371514 0.368269 0.370089 0.377462 0.391357 0.413438 0.446445 0.494898 0.566442 0.674532 0.844047 1.123405 1.609547 2.478413 3.834164 4.739898 3.842291 2.494850 1.634643 1.157636 0.887941 0.728550 0.630792 0.569277 0.529713 0.503273 0.483995 0.467647 0.451339 0.433419 0.413374 0.391562 0.368837 0.346166 0.324376 0.304044 0.285488 0.268826 0.254034 0.241009 0.229605 0.219666 0.211040 0.203587 0.197186 0.191734 0.187149 0.183365 0.180337 0.178035 0.176452 0.175595 0.175495 0.176208 0.177817 0.180443 0.184253 0.189474 0.196416 0.205500 0.217304 0.232630 0.252598 0.278791 0.313463 0.359821 0.422343 0.506921 0.620035 0.764865 0.930680 1.076816 1.136735 1.073472
1.933601 3.043413 3.784027 3.047690 1.942159 1.234344 0.839039 0.612268 0.474703 0.386711 0.327909 0.287242 0.258386 0.237547 0.222351 0.211264 0.203263 0.197654 0.193958 0.191841 0.191075 0.191507 0.193043 0.195637 0.199284 0.204016 0.209904 0.217058 0.225630 0.235820 0.247883 0.262131 0.278938 0.298728 0.321946 0.348985 0.380046 0.414891 0.452491 0.490643 0.525831 0.553746 0.570688 0.575289 0.569317 0.556878 0.542710 0.530786 0.523798 0.523306 0.530113 0.544613 0.567032 0.597575 0.636546 0.684512 0.742604 0.812958 0.899105 1.005545 1.134463 1.276234 1.394867 1.431480 1.354108 1.197536 1.023068 0.868372 0.743797 0.646866 0.571911 0.513647 0.467969 0.431866 0.403164 0.380286 0.362080 0.347693 0.336486 0.327977 0.321795 0.317658 0.315343 0.314680 0.315529 0.317777 0.321325 0.326076 0.331930 0.338764 0.346422 0.354702 0.363344 0.372035 0.380429 0.388187 0.395049 0.400907 0.405869 0.410293 0.414779 0.420134 0.427331 0.437494 0.451911 0.472093 0.499859 0.537398 0.587222 0.651753 0.732090 0.825249 0.919903 0.993854 1.020898 0.988666 0.909532 0.809703 0.711393 0.625951 0.556403 0.501724 0.459611 0.427739 0.404201 0.387586 0.376947 0.371752 0.371850 0.377484 0.389349 0.408723 0.437719 0.479716 0.540099 0.627513 0.755829 0.946518 1.227915 1.615320 2.034787 2.239659 2.045004 1.636079 1.259856 0.990564 0.813118 0.699271 0.627401 0.583105 0.556662 0.540939 0.530201 0.519724 0.506015 0.487244 0.463377 0.435768 0.406399 0.377156 0.349438 0.324070 0.301400 0.281457 0.264088 0.249050 0.236079 0.224916 0.215330 0.207118 0.200110 0.194168 0.189179 0.185056 0.181734 0.179171 0.177344 0.176249 0.175905 0.176353 0.177661 0.179929 0.183295 0.187948 0.194142 0.202216 0.212622 0.225965 0.243053 0.264963 0.293105 0.329274 0.375591 0.434131 0.505848 0.588183 0.671385 0.736320 0.760396 0.732943
3.041923 7.475008 14.862158 7.479285 3.050478 1.575740 0.969889 0.671530 0.505099 0.403842 0.338287 0.293886 0.262815 0.240576 0.224443 0.212689 0.204187 0.198176 0.194139 0.191715 0.190657 0.190798 0.192029 0.194290 0.197562 0.201857 0.207221 0.213731 0.221497 0.230661 0.241396 0.253906 0.268420 0.285169 0.304355 0.326090 0.350295 0.376566 0.404014 0.431159 0.455993 0.476342 0.490515 0.497979 0.499664 0.497668 0.494597 0.492922 0.494632 0.501185 0.513626 0.532773 0.559387 0.594357 0.638917 0.695002 0.765872 0.857203 0.978857 1.147083 1.384192 1.702188 2.039106 2.189038 1.998443 1.624377 1.275489 1.015234 0.831776 0.701926 0.607919 0.538131 0.485166 0.444265 0.412289 0.387109 0.367244 0.351639 0.339529 0.330353 0.323693 0.319240 0.316763 0.316092 0.317101 0.319702 0.323826 0.329414 0.336403 0.344704 0.354176 0.364601 0.375655 0.386893 0.397770 0.407700 0.416173 0.422898 0.427931 0.431738 0.435170 0.439379 0.445733 0.455783 0.471316 0.494503 0.528165 0.576122 0.643599 0.737411 0.865032 1.030102 1.220131 1.387939 1.456358 1.382513 1.209247 1.013696 0.843015 0.709676 0.610040 0.536660 0.482796 0.443372 0.414823 0.394735 0.381537 0.374278 0.372501 0.376172 0.385679 0.401887 0.426255 0.461037 0.509573 0.576620 0.668495 0.792191 0.951182 1.134003 1.296995 1.368686 1.309499 1.159529 0.990772 0.847410 0.741406 0.669680 0.625392 0.601869 0.593126 0.593314 0.596232 0.595559 0.586075 0.565294 0.534183 0.496263 0.455783 0.416232 0.379783 0.347424 0.319344 0.295291 0.274825 0.257457 0.242727 0.230229 0.219619 0.210613 0.202982 0.196541 0.191146 0.186682 0.183067 0.180240 0.178165 0.176825 0.176224 0.176391 0.177375 0.179255 0.182141 0.186183 0.191579 0.198589 0.207550 0.218892 0.233162 0.251035 0.273312 0.300871 0.334507 0.374564 0.420241 0.468540 0.513295 0.545504 0.556360 0.542087
3.781083 14.860716 14.862837 14.865004 3.789661 1.740522 1.024843 0.694879 0.516778 0.410415 0.342326 0.296532 0.264622 0.241833 0.225305 0.213246 0.204486 0.198244 0.193986 0.191340 0.190052 0.189945 0.190903 0.192856 0.195770 0.199644 0.204502 0.210396 0.217398 0.225603 0.235125 0.246090 0.258625 0.272844 0.288814 0.306514 0.325775 0.346211 0.367160 0.387675 0.406607 0.422828 0.435539 0.444568 0.450493 0.454531 0.458259 0.463316 0.471208 0.483241 0.500569 0.524299 0.555644 0.596125 0.647868 0.714141 0.800376 0.916312 1.080644 1.331314 1.746899 2.472899 3.596064 4.332008 3.548526 2.383312 1.624633 1.187195 0.924738 0.756592 0.642317 0.560939 0.500908 0.455470 0.420457 0.393175 0.371820 0.355141 0.342257 0.332532 0.325508 0.320854 0.318335 0.317792 0.319122 0.322270 0.327214 0.333954 0.342491 0.352800 0.364791 0.378256 0.392807 0.407828 0.422461 0.435694 0.446546 0.454361 0.459068 0.461312 0.462377 0.463978 0.468058 0.476709 0.492280 0.517676 0.556895 0.615907 0.704060 0.836246 1.035485 1.332150 1.742561 2.186943 2.399581 2.181187 1.730973 1.314582 1.011711 0.805972 0.666929 0.571521 0.504857 0.457659 0.424150 0.400700 0.385035 0.375759 0.372098 0.373743 0.380784 0.393696 0.413357 0.441097 0.478724 0.528454 0.592504 0.671927 0.764043 0.858472 0.934793 0.968927 0.949717 0.889085 0.811916 0.739502 0.683167 0.646567 0.629490 0.630048 0.645112 0.669625 0.695644 0.712644 0.710585 0.684877 0.638935 0.581524 0.521699 0.465637 0.416268 0.374281 0.339202 0.310112 0.286020 0.266030 0.249386 0.235474 0.223805 0.213995 0.205742 0.198810 0.193017 0.188223 0.184322 0.181237 0.178916 0.177329 0.176469 0.176347 0.176997 0.178475 0.180865 0.184280 0.188866 0.194815 0.202362 0.211796 0.223462 0.237746 0.255052 0.275721 0.299895 0.327269 0.356734 0.385998 0.411440 0.428630 0.433721 0.425164
3.043336 7.476457 14.863633 7.480774 3.051969 1.577219 0.971337 0.672930 0.506431 0.405084 0.339418 0.294884 0.263655 0.241236 0.224897 0.212912 0.204152 0.197856 0.193500 0.190722 0.189268 0.188961 0.189681 0.191353 0.193935 0.197412 0.201794 0.207108 0.213401 0.220733 0.229173 0.238792 0.249655 0.261806 0.275243 0.289896 0.305588 0.322010 0.338701 0.355069 0.370459 0.384280 0.396169 0.406123 0.414565 0.422300 0.430393 0.440035 0.452441 0.468820 0.490407 0.518557 0.554896 0.601546 0.661487 0.739217 0.842095 0.983450 1.190570 1.527468 2.168782 3.685145 8.210838 15.747897 8.145738 3.565098 2.010396 1.348528 1.005824 0.802848 0.671073 0.579907 0.513957 0.464731 0.427188 0.398164 0.375582 0.358033 0.344535 0.334397 0.327130 0.322389 0.319946 0.319657 0.321454 0.325332 0.331339 0.339560 0.350105 0.363072 0.378491 0.396236 0.415907 0.436689 0.457258 0.475844 0.490550 0.499938 0.503641 0.502645 0.499069 0.495625 0.495135 0.500364 0.514212 0.540236 0.583560 0.652457 0.761330 0.936818 1.230874 1.747674 2.676439 4.129123 5.096974 4.122970 2.664009 1.728716 1.205003 0.903510 0.719913 0.602118 0.523365 0.469184 0.431354 0.405011 0.387203 0.376126 0.370719 0.370428 0.375086 0.384838 0.400109 0.421554 0.449991 0.486209 0.530569 0.582250 0.638123 0.691710 0.733552 0.754494 0.750925 0.727523 0.694597 0.662947 0.640669 0.632844 0.642527 0.671492 0.719863 0.784024 0.852964 0.906059 0.919228 0.880902 0.801784 0.705046 0.610330 0.527576 0.459288 0.404351 0.360507 0.325468 0.297300 0.274478 0.255834 0.240486 0.227767 0.217173 0.208324 0.200927 0.194761 0.189656 0.185485 0.182155 0.179598 0.177773 0.176657 0.176249 0.176565 0.177642 0.179539 0.182334 0.186132 0.191062 0.197282 0.204972 0.214329 0.225551 0.238797 0.254128 0.271410 0.290169 0.309439 0.327650 0.342689 0.352256 0.354508 0.348734
1.936451 3.046337 3.787007 3.050702 1.945177 1.237338 0.841974 0.615108 0.477408 0.389238 0.330213 0.289277 0.260105 0.238902 0.223293 0.211742 0.203225 0.197042 0.192709 0.189884 0.188326 0.187865 0.188384 0.189807 0.192084 0.195194 0.199133 0.203914 0.209562 0.216111 0.223600 0.232065 0.241534 0.252010 0.263465 0.275816 0.288915 0.302532 0.316361 0.330041 0.343203 0.355552 0.366948 0.377479 0.387500 0.397613 0.408627 0.421496 0.437282 0.457160 0.482463 0.514795 0.556192 0.609391 0.678236 0.768381 0.888672 1.054373 1.296114 1.688654 2.460954 4.573524 15.901953 15.857970 15.799161 4.389172 2.228225 1.440026 1.054784 0.832595 0.690477 0.593132 0.523248 0.471407 0.432074 0.401799 0.378335 0.360165 0.346244 0.335844 0.328457 0.323740 0.321476 0.321552 0.323945 0.328718 0.336012 0.346045 0.359097 0.375480 0.395478 0.419213 0.446436 0.476207 0.506565 0.534404 0.555943 0.567972 0.569392 0.561949 0.549569 0.536902 0.528187 0.526971 0.536526 0.560727 0.605378 0.680475 0.804804 1.016786 1.403915 2.196845 4.133724 9.956871 19.666150 9.950284 4.120371 2.176359 1.375725 0.980094 0.758555 0.623327 0.535681 0.476533 0.435665 0.407258 0.387854 0.375347 0.368459 0.366449 0.368949 0.375861 0.387280 0.403428 0.424544 0.450720 0.481626 0.516128 0.551883 0.585189 0.611569 0.627296 0.631285 0.626019 0.616790 0.610003 0.611884 0.628225 0.664862 0.728233 0.824908 0.957809 1.115336 1.254803 1.306680 1.232225 1.069571 0.887630 0.728470 0.603086 0.508047 0.436514 0.382278 0.340612 0.308123 0.282416 0.261800 0.245073 0.231368 0.220053 0.210661 0.202845 0.196344 0.190961 0.186547 0.182993 0.180218 0.178168 0.176808 0.176124 0.176117 0.176806 0.178227 0.180430 0.183484 0.187470 0.192483 0.198627 0.205998 0.214675 0.224684 0.235954 0.248259 0.261147 0.273878 0.285413 0.294496 0.299871 0.300586 0.296284
1.227351 1.570373 1.736689 1.574808 1.236214 0.922889 0.695427 0.541352 0.437498 0.366293 0.316360 0.280577 0.254458 0.235122 0.220679 0.209858 0.201789 0.195866 0.191659 0.188862 0.187257 0.186686 0.187039 0.188241 0.190243 0.193017 0.196551 0.200847 0.205916 0.211773 0.218437 0.225922 0.234235 0.243361 0.253264 0.263869 0.275061 0.286682 0.298536 0.310410 0.322110 0.333506 0.344582 0.355481 0.366525 0.378221 0.391245 0.406435 0.424785 0.447486 0.475998 0.512184 0.558528 0.618455 0.696815 0.800622 0.940233 1.131577 1.401765 1.807669 2.506633 4.047185 8.552773 16.036035 8.368311 3.727531 2.125255 1.428649 1.061598 0.841866 0.698611 0.599552 0.528134 0.475081 0.434833 0.403884 0.379931 0.361421 0.347284 0.336778 0.329396 0.324804 0.322810 0.323338 0.326426 0.332223 0.340995 0.353140 0.369194 0.389827 0.415796 0.447806 0.486184 0.530265 0.577462 0.622413 0.657280 0.674455 0.670864 0.650236 0.620906 0.591596 0.568832 0.556834 0.558693 0.577880 0.619969 0.695253 0.824046 1.049764 1.477309 2.413869 5.105642 19.670090 19.666115 19.663065 5.091353 2.391821 1.446723 1.009530 0.772652 0.630710 0.539707 0.478657 0.436549 0.407185 0.386898 0.373445 0.365433 0.362009 0.362671 0.367156 0.375352 0.387219 0.402701 0.421597 0.443410 0.467176 0.491354 0.513903 0.532691 0.546232 0.554471 0.559197 0.563888 0.573248 0.592946 0.629956 0.693712 0.798122 0.964039 1.218694 1.576606 1.966104 2.148830 1.945969 1.535928 1.156668 0.879487 0.689559 0.559471 0.468417 0.402910 0.354486 0.317795 0.289386 0.266980 0.249032 0.234471 0.222538 0.212688 0.204521 0.197739 0.192120 0.187499 0.183750 0.180782 0.178528 0.176944 0.176002 0.175691 0.176015 0.176989 0.178642 0.181011 0.184143 0.188087 0.192891 0.198590 0.205192 0.212654 0.220857 0.229568 0.238410 0.246846 0.254190 0.259679 0.262591 0.262405 0.258929
0.830841 0.963397 1.019956 0.967931 0.839898 0.694498 0.567566 0.468559 0.394670 0.340187 0.299920 0.269924 0.247379 0.230306 0.217317 0.207437 0.199969 0.194416 0.190417 0.187710 0.186103 0.185458 0.185676 0.186685 0.188440 0.190908 0.194075 0.197934 0.202486 0.207736 0.213689 0.220347 0.227704 0.235742 0.244424 0.253692 0.263463 0.273634 0.284085 0.294703 0.305398 0.316139 0.326984 0.338107 0.349817 0.362574 0.376991 0.393850 0.414127 0.439060 0.470250 0.509841 0.560808 0.627393 0.715781 0.835087 0.998663 1.225403 1.539888 1.970078 2.549424 3.347189 4.407239 4.987540 4.031702 2.722325 1.857664 1.346760 1.034562 0.832923 0.696008 0.599186 0.528500 0.475618 0.435345 0.404316 0.380287 0.361728 0.347585 0.337128 0.329865 0.325486 0.323829 0.324868 0.328710 0.335607 0.345980 0.360461 0.379942 0.405635 0.439113 0.482256 0.536928 0.604019 0.681333 0.760323 0.824160 0.853002 0.837655 0.787954 0.724451 0.664837 0.618791 0.590090 0.580180 0.590822 0.626066 0.694621 0.814378 1.023149 1.408018 2.199359 4.135129 9.957513 19.666281 9.950083 4.119967 2.175836 1.375133 0.979448 0.757841 0.622499 0.534659 0.475199 0.433857 0.404758 0.384376 0.370517 0.361789 0.357300 0.356485 0.358987 0.364577 0.373082 0.384311 0.397978 0.413622 0.430537 0.447776 0.464253 0.479003 0.491570 0.502390 0.513052 0.526391 0.546558 0.579378 0.633422 0.722515 0.871169 1.126346 1.581634 2.406732 3.701999 4.563163 3.684106 2.370687 1.526935 1.052286 0.776907 0.607187 0.496328 0.420232 0.365806 0.325539 0.294909 0.271069 0.252164 0.236944 0.224543 0.214348 0.205916 0.198921 0.193122 0.188337 0.184430 0.181299 0.178869 0.177084 0.175909 0.175321 0.175310 0.175877 0.177030 0.178785 0.181160 0.184174 0.187838 0.192149 0.197077 0.202551 0.208439 0.214538 0.220551 0.226093 0.230711 0.233925 0.235307 0.234554 0.231558
0.602962 0.664037 0.689089 0.668706 0.612283 0.539725 0.467888 0.405362 0.354397 0.314152 0.282796 0.258464 0.239581 0.224910 0.213512 0.204687 0.197912 0.192801 0.189064 0.186488 0.184913 0.184221 0.184327 0.185167 0.186698 0.188891 0.191726 0.195193 0.199287 0.204006 0.209347 0.215307 0.221874 0.229030 0.236746 0.244978 0.253671 0.262763 0.272189 0.281899 0.291869 0.302129 0.312779 0.324013 0.336137 0.349585 0.364938 0.382953 0.404613 0.431207 0.464478 0.506847 0.561801 0.634522 0.732944 0.869513 1.063980 1.347062 1.761298 2.341321 3.030021 3.570717 3.699264 3.410919 2.820045 2.162717 1.629247 1.250848 0.991342 0.811856 0.684916 0.592899 0.524679 0.473141 0.433645 0.403094 0.379381 0.361056 0.347108 0.336843 0.329801 0.325702 0.324425 0.325995 0.330598 0.338597 0.350593 0.367493 0.390643 0.422002 0.464397 0.521801 0.599461 0.703169 0.835816 0.987981 1.123730 1.184223 1.136923 1.014973 0.877879 0.762382 0.678945 0.626116 0.600188 0.599073 0.623803 0.679863 0.779802 0.949032 1.238688 1.752401 2.679017 4.130227 5.097096 4.122465 2.663128 1.727625 1.203799 0.902224 0.718518 0.600522 0.521409 0.466635 0.427889 0.400199 0.380476 0.366743 0.357706 0.352510 0.350580 0.351526 0.355069 0.360979 0.369026 0.378931 0.390328 0.402743 0.415626 0.428441 0.440835 0.452860 0.465203 0.479407 0.498067 0.525176 0.566857 0.633071 0.741546 0.927423 1.269645 1.975313 3.706311 8.920937 17.619134 8.905051 3.674384 1.927054 1.204663 0.845287 0.641877 0.515674 0.431878 0.373285 0.330626 0.298551 0.273802 0.254304 0.238682 0.225999 0.215597 0.207005 0.199877 0.193961 0.189063 0.185040 0.181782 0.179206 0.177252 0.175875 0.175042 0.174733 0.174936 0.175645 0.176859 0.178577 0.180795 0.183502 0.186672 0.190259 0.194181 0.198318 0.202499 0.206497 0.210040 0.212822 0.214536 0.214916 0.213780 0.211065
0.464404 0.496750 0.510260 0.501597 0.474076 0.435448 0.393637 0.354067 0.319374 0.290261 0.266423 0.247164 0.231715 0.219380 0.209575 0.201830 0.195780 0.191139 0.187690 0.185265 0.183740 0.183018 0.183028 0.183716 0.185044 0.186985 0.189519 0.192634 0.196323 0.200578 0.205393 0.210762 0.216674 0.223111 0.230053 0.237469 0.245329 0.253598 0.262250 0.271276 0.280694 0.290570 0.301030 0.312280 0.324621 0.338473 0.354396 0.373134 0.395673 0.423347 0.458005 0.502301 0.560182 0.637757 0.744909 0.898426 1.128392 1.491721 2.099565 3.149863 4.759178 5.894658 5.041685 3.618152 2.613912 1.948695 1.490530 1.170325 0.944927 0.784296 0.667857 0.581872 0.517251 0.467948 0.429891 0.400301 0.377257 0.359418 0.345846 0.335901 0.329160 0.325385 0.324497 0.326578 0.331886 0.340902 0.354404 0.373599 0.400342 0.437501 0.489578 0.563746 0.671478 0.830500 1.064194 1.385208 1.732680 1.903484 1.745380 1.411161 1.104556 0.887148 0.747202 0.662571 0.617256 0.602310 0.614361 0.654799 0.730095 0.853302 1.046243 1.338500 1.745851 2.188152 2.399419 2.180171 1.729469 1.312833 1.009858 0.804062 0.664920 0.569279 0.502146 0.454135 0.419334 0.393956 0.375522 0.362378 0.353404 0.347830 0.345120 0.344891 0.346858 0.350786 0.356452 0.363621 0.372025 0.381370 0.391363 0.401788 0.412619 0.424162 0.437226 0.453306 0.474848 0.505686 0.551950 0.624044 0.741217 0.943231 1.324762 2.161640 4.571265 17.622997 17.615592 17.608872 4.542931 2.118946 1.267520 0.871262 0.654419 0.522482 0.435956 0.375956 0.332527 0.300013 0.275004 0.255346 0.239621 0.226867 0.216412 0.207774 0.200603 0.194637 0.189682 0.185589 0.182244 0.179561 0.177471 0.175925 0.174883 0.174317 0.174205 0.174530 0.175277 0.176432 0.177978 0.179889 0.182129 0.184643 0.187354 0.190156 0.192911 0.195448 0.197573 0.199078 0.199760 0.199451 0.198038 0.195481
0.375553 0.394807 0.403380 0.399891 0.385689 0.364149 0.339158 0.313895 0.290371 0.269557 0.251719 0.236736 0.224314 0.214110 0.205795 0.199083 0.193734 0.189554 0.186389 0.184117 0.182643 0.181894 0.181814 0.182360 0.183499 0.185207 0.187467 0.190266 0.193593 0.197442 0.201804 0.206671 0.212033 0.217879 0.224192 0.230958 0.238158 0.245783 0.253830 0.262317 0.271289 0.280833 0.291089 0.302267 0.314663 0.328681 0.344864 0.363936 0.386873 0.415020 0.450277 0.495426 0.554705 0.634881 0.747387 0.912921 1.172427 1.616883 2.482400 4.518837 10.505881 20.434744 10.641263 4.751978 2.757290 1.884877 1.406176 1.104257 0.898891 0.753095 0.646619 0.567170 0.506851 0.460420 0.424318 0.396087 0.374006 0.356869 0.343827 0.334301 0.327920 0.324487 0.323967 0.326491 0.332387 0.342235 0.356973 0.378083 0.407905 0.450233 0.511419 0.602596 0.744302 0.976468 1.379003 2.096904 3.216056 3.964709 3.228104 2.121487 1.417135 1.029780 0.815190 0.694452 0.628977 0.600085 0.599263 0.623860 0.675242 0.757843 0.877618 1.037211 1.223462 1.388726 1.455505 1.380679 1.206900 1.011152 0.840456 0.707164 0.607519 0.533954 0.479599 0.439233 0.409118 0.386631 0.369936 0.357743 0.349137 0.343467 0.340263 0.339178 0.339950 0.342365 0.346231 0.351368 0.357594 0.364742 0.372684 0.381389 0.391002 0.401946 0.415054 0.431733 0.454218 0.486014 0.532757 0.603998 0.717182 0.907289 1.253195 1.962001 3.695632 8.912445 17.612444 8.899842 3.670389 1.924055 1.202481 0.843775 0.640917 0.515168 0.431747 0.373465 0.331061 0.299196 0.274619 0.255259 0.239744 0.227142 0.216794 0.208230 0.201105 0.195163 0.190209 0.186095 0.182706 0.179952 0.177765 0.176088 0.174877 0.174098 0.173720 0.173719 0.174071 0.174754 0.175739 0.176995 0.178479 0.180137 0.181898 0.183673 0.185352 0.186807 0.187900 0.188485 0.188428 0.187620 0.185989 0.183512
0.316050 0.328770 0.335023 0.334163 0.326794 0.314517 0.299336 0.283097 0.267168 0.252392 0.239182 0.227661 0.217785 0.209428 0.202434 0.196649 0.191934 0.188171 0.185258 0.183116 0.181679 0.180895 0.180722 0.181127 0.182085 0.183575 0.185581 0.188091 0.191095 0.194585 0.198552 0.202989 0.207888 0.213241 0.219038 0.225272 0.231940 0.239045 0.246602 0.254645 0.263235 0.272471 0.282498 0.293524 0.305835 0.319817 0.335986 0.355038 0.377914 0.405924 0.440935 0.485709 0.544496 0.624183 0.736625 0.903885 1.171411 1.646826 2.642450 5.422016 20.246239 20.287842 20.318033 5.549563 2.800777 1.811695 1.325848 1.039388 0.851007 0.718789 0.622158 0.549603 0.494070 0.450972 0.417212 0.390644 0.369761 0.353496 0.341103 0.332071 0.326084 0.322986 0.322782 0.325644 0.331951 0.342355 0.357911 0.380292 0.412202 0.458141 0.525974 0.630347 0.800943 1.104986 1.719242 3.208834 7.672632 15.110770 7.683905 3.231796 1.754751 1.154411 0.866261 0.714299 0.632279 0.591788 0.579818 0.590575 0.621984 0.673700 0.745081 0.832010 0.922403 0.993531 1.018816 0.985604 0.906051 0.806182 0.708052 0.622865 0.553506 0.498803 0.456292 0.423474 0.398229 0.378893 0.364200 0.353201 0.345190 0.339645 0.336174 0.334485 0.334354 0.335602 0.338079 0.341656 0.346225 0.351705 0.358072 0.365399 0.373910 0.384063 0.396645 0.412915 0.434813 0.465325 0.509144 0.573951 0.672988 0.830462 1.093238 1.554945 2.385390 3.685071 4.549859 3.673768 2.362776 1.521008 1.047984 0.773939 0.605316 0.495360 0.420010 0.366199 0.326441 0.296228 0.272728 0.254097 0.239092 0.226851 0.216766 0.208392 0.201404 0.195556 0.190662 0.186577 0.183187 0.180405 0.178159 0.176391 0.175053 0.174105 0.173513 0.173246 0.173273 0.173565 0.174090 0.174810 0.175683 0.176657 0.177668 0.178643 0.179497 0.180133 0.180451 0.180350 0.179741 0.178551 0.176735 0.174280
0.274868 0.284127 0.289259 0.289924 0.286406 0.279512 0.270319 0.259908 0.249173 0.238753 0.229041 0.220241 0.212429 0.205602 0.199717 0.194714 0.190530 0.187107 0.184392 0.182338 0.180907 0.180065 0.179785 0.180044 0.180820 0.182099 0.183866 0.186111 0.188822 0.191992 0.195613 0.199678 0.204181 0.209117 0.214482 0.220276 0.226503 0.233176 0.240322 0.247984 0.256231 0.265166 0.274934 0.285735 0.297839 0.311609 0.327528 0.346243 0.368636 0.395929 0.429868 0.473025 0.529346 0.605178 0.711337 0.867618 1.113663 1.538672 2.376615 4.375492 10.315229 20.192569 10.356617 4.450829 2.473825 1.645040 1.218974 0.965414 0.798587 0.681267 0.595062 0.529829 0.479459 0.440025 0.408882 0.384199 0.364683 0.349416 0.337755 0.329263 0.323678 0.320884 0.320919 0.323983 0.330482 0.341103 0.356945 0.379759 0.412381 0.459583 0.529819 0.639175 0.821351 1.157021 1.881611 3.949101 15.102426 15.107056 15.112842 3.970275 1.914248 1.202228 0.880702 0.714801 0.624519 0.576962 0.556977 0.557117 0.573503 0.603653 0.644822 0.692348 0.738277 0.771616 0.781754 0.764024 0.722581 0.667467 0.608984 0.554171 0.506412 0.466556 0.434135 0.408167 0.387581 0.371402 0.358809 0.349139 0.341874 0.336610 0.333040 0.330931 0.330105 0.330427 0.331791 0.334116 0.337349 0.341474 0.346527 0.352634 0.360047 0.369203 0.380802 0.395907 0.416101 0.443740 0.482367 0.537427 0.617464 0.736018 0.913911 1.178536 1.544657 1.940872 2.129072 1.930668 1.524256 1.147956 0.873194 0.685248 0.556787 0.467073 0.402672 0.355160 0.319223 0.291434 0.269534 0.251993 0.237752 0.226061 0.216376 0.208299 0.201531 0.195845 0.191067 0.187060 0.183715 0.180946 0.178682 0.176864 0.175442 0.174373 0.173618 0.173142 0.172910 0.172888 0.173041 0.173328 0.173709 0.174134 0.174549 0.174894 0.175102 0.175100 0.174818 0.174186 0.173143 0.171641 0.169655 0.167177
0.245714 0.253098 0.257736 0.259425 0.258291 0.254755 0.249407 0.242883 0.235757 0.228483 0.221385 0.214675 0.208477 0.202858 0.197846 0.193451 0.189666 0.186481 0.183883 0.181855 0.180383 0.179448 0.179037 0.179133 0.179722 0.180791 0.182328 0.184323 0.186765 0.189646 0.192960 0.196700 0.200861 0.205440 0.210438 0.215859 0.221713 0.228018 0.234808 0.242130 0.250057 0.258690 0.268169 0.278680 0.290476 0.303888 0.319355 0.337464 0.359008 0.385080 0.417224 0.457682 0.509827 0.578935 0.673648 0.808882 1.011904 1.335481 1.885036 2.851793 4.348026 5.348653 4.373677 2.899380 1.948321 1.407474 1.086434 0.881454 0.741584 0.641065 0.566040 0.508516 0.463574 0.428012 0.399659 0.377001 0.358959 0.344766 0.333884 0.325950 0.320753 0.318215 0.318395 0.321506 0.327959 0.338428 0.353983 0.376311 0.408122 0.453922 0.521575 0.625728 0.796058 1.099779 1.713641 3.202748 7.665940 15.103309 7.675454 3.222049 1.743288 1.140638 0.849340 0.693028 0.604920 0.555809 0.531519 0.524575 0.530609 0.546520 0.569276 0.595070 0.618926 0.635160 0.638925 0.628135 0.604370 0.571917 0.535776 0.500029 0.467234 0.438585 0.414353 0.394297 0.377945 0.364767 0.354255 0.345964 0.339525 0.334640 0.331079 0.328668 0.327281 0.326827 0.327245 0.328501 0.330585 0.333525 0.337394 0.342340 0.348609 0.356590 0.366867 0.380291 0.398074 0.421939 0.454322 0.498656 0.559697 0.643657 0.757349 0.904144 1.072936 1.221508 1.280738 1.212225 1.054385 0.876355 0.720380 0.597601 0.504699 0.434923 0.382137 0.341668 0.310167 0.285274 0.265324 0.249135 0.235854 0.224860 0.215691 0.208001 0.201527 0.196065 0.191456 0.187574 0.184318 0.181604 0.179364 0.177538 0.176077 0.174935 0.174070 0.173442 0.173015 0.172749 0.172608 0.172551 0.172538 0.172522 0.172459 0.172298 0.171988 0.171475 0.170710 0.169645 0.168241 0.166468 0.164313 0.161774
0.224829 0.231238 0.235762 0.238260 0.238771 0.237504 0.234779 0.230961 0.226406 0.221425 0.216265 0.211120 0.206130 0.201403 0.197016 0.193027 0.189480 0.186405 0.183820 0.181737 0.180159 0.179084 0.178506 0.178415 0.178803 0.179658 0.180968 0.182724 0.184915 0.187533 0.190570 0.194021 0.197883 0.202153 0.206834 0.211933 0.217464 0.223449 0.229922 0.236934 0.244555 0.252882 0.262044 0.272215 0.283620 0.296556 0.311412 0.328701 0.349110 0.373572 0.403376 0.440351 0.487152 0.547742 0.628203 0.738080 0.892499 1.114710 1.435218 1.870001 2.337282 2.566451 2.354272 1.902006 1.478825 1.165912 0.947499 0.793833 0.682623 0.599652 0.536105 0.486425 0.446996 0.415380 0.389885 0.369308 0.352786 0.339698 0.329608 0.322224 0.317383 0.315037 0.315260 0.318264 0.324435 0.334399 0.349127 0.370122 0.399742 0.441788 0.502615 0.593353 0.734530 0.966057 1.367816 2.084763 3.202724 3.949869 3.211324 2.102176 1.394469 1.002607 0.781874 0.652645 0.575267 0.529459 0.504283 0.493449 0.492977 0.499928 0.511630 0.525221 0.537535 0.545400 0.546315 0.539183 0.524621 0.504598 0.481645 0.458093 0.435656 0.415351 0.397628 0.382546 0.369940 0.359534 0.351019 0.344100 0.338516 0.334056 0.330555 0.327899 0.326012 0.324852 0.324402 0.324673 0.325693 0.327521 0.330254 0.334040 0.339105 0.345774 0.354510 0.365956 0.380985 0.400765 0.426827 0.461106 0.505873 0.563354 0.634596 0.716991 0.800444 0.865101 0.887506 0.856585 0.783427 0.691508 0.600705 0.521143 0.455470 0.402683 0.360611 0.327036 0.300079 0.278254 0.260429 0.245743 0.233550 0.223358 0.214791 0.207561 0.201441 0.196256 0.191864 0.188152 0.185026 0.182409 0.180236 0.178448 0.176994 0.175828 0.174905 0.174184 0.173623 0.173181 0.172818 0.172494 0.172167 0.171798 0.171346 0.170770 0.170032 0.169093 0.167921 0.166484 0.164760 0.162734 0.160401 0.157766
0.209881 0.215883 0.220569 0.223821 0.225624 0.226055 0.225265 0.223443 0.220792 0.217508 0.213775 0.209757 0.205606 0.201455 0.197424 0.193617 0.190117 0.186993 0.184293 0.182051 0.180286 0.179007 0.178216 0.177908 0.178074 0.178704 0.179785 0.181308 0.183261 0.185634 0.188420 0.191612 0.195208 0.199206 0.203610 0.208428 0.213676 0.219376 0.225563 0.232286 0.239611 0.247629 0.256456 0.266247 0.277200 0.289575 0.303705 0.320024 0.339103 0.361700 0.388837 0.421907 0.462842 0.514345 0.580211 0.665682 0.777585 0.923337 1.106344 1.313502 1.496380 1.576046 1.508384 1.336399 1.138171 0.961699 0.820088 0.710267 0.625323 0.558972 0.506458 0.464379 0.430326 0.402581 0.379904 0.361389 0.346374 0.334377 0.325057 0.318192 0.313659 0.311436 0.311600 0.314351 0.320035 0.329195 0.342657 0.361663 0.388088 0.424816 0.476352 0.549865 0.656812 0.814892 1.047448 1.367068 1.712806 1.881421 1.720509 1.382632 1.071192 0.847297 0.698520 0.601678 0.539215 0.499781 0.476244 0.464013 0.459929 0.461562 0.466773 0.473474 0.479589 0.483214 0.482919 0.478045 0.468815 0.456175 0.441451 0.425982 0.410857 0.396821 0.384281 0.373378 0.364070 0.356207 0.349589 0.344007 0.339275 0.335242 0.331802 0.328894 0.326497 0.324621 0.323300 0.322586 0.322546 0.323264 0.324850 0.327446 0.331246 0.336511 0.343589 0.352938 0.365148 0.380953 0.401228 0.426929 0.458929 0.497633 0.542250 0.589701 0.633608 0.664639 0.673659 0.656755 0.617854 0.566109 0.510870 0.458540 0.412224 0.372746 0.339735 0.312354 0.289678 0.270857 0.255174 0.242044 0.231000 0.221671 0.213763 0.207044 0.201327 0.196463 0.192330 0.188829 0.185875 0.183397 0.181333 0.179629 0.178232 0.177094 0.176170 0.175413 0.174781 0.174227 0.173710 0.173187 0.172617 0.171964 0.171191 0.170265 0.169160 0.167849 0.166313 0.164536 0.162510 0.160230 0.157700 0.154930
0.199381 0.205381 0.210471 0.214536 0.217513 0.219388 0.220185 0.219964 0.218805 0.216812 0.214110 0.210844 0.207176 0.203273 0.199300 0.195409 0.191728 0.188362 0.185388 0.182859 0.180807 0.179249 0.178189 0.177622 0.177540 0.177929 0.178776 0.180068 0.181791 0.183935 0.186489 0.189446 0.192804 0.196560 0.200719 0.205288 0.210283 0.215727 0.221653 0.228105 0.235145 0.242854 0.251335 0.260722 0.271187 0.282948 0.296282 0.311544 0.329190 0.349809 0.374165 0.403254 0.438378 0.481214 0.533860 0.598755 0.678233 0.773231 0.880478 0.988160 1.073366 1.109096 1.082418 1.005605 0.905129 0.803594 0.712754 0.636016 0.572712 0.520832 0.478257 0.443175 0.414143 0.390050 0.370052 0.353505 0.339929 0.328968 0.320371 0.313971 0.309687 0.307512 0.307525 0.309901 0.314932 0.323068 0.334965 0.351579 0.374281 0.405051 0.446719 0.503254 0.579883 0.682365 0.813540 0.963913 1.097444 1.155150 1.104288 0.977714 0.834527 0.710878 0.616363 0.548236 0.500806 0.468869 0.448419 0.436483 0.430804 0.429551 0.431116 0.434000 0.436810 0.438335 0.437693 0.434448 0.428655 0.420782 0.411540 0.401701 0.391941 0.382756 0.374446 0.367128 0.360781 0.355291 0.350495 0.346222 0.342321 0.338682 0.335249 0.332016 0.329021 0.326336 0.324054 0.322275 0.321104 0.320652 0.321035 0.322387 0.324868 0.328675 0.334056 0.341318 0.350830 0.363011 0.378303 0.397091 0.419550 0.445392 0.473493 0.501495 0.525657 0.541392 0.544715 0.534025 0.510934 0.479441 0.444146 0.408807 0.375800 0.346269 0.320521 0.298398 0.279531 0.263488 0.249853 0.238249 0.228359 0.219915 0.212696 0.206521 0.201241 0.196733 0.192895 0.189642 0.186899 0.184602 0.182694 0.181122 0.179834 0.178781 0.177915 0.177187 0.176547 0.175949 0.175343 0.174685 0.173933 0.173052 0.172008 0.170778 0.169342 0.167687 0.165805 0.163697 0.161363 0.158812 0.156056 0.153111
0.192352 0.198689 0.204435 0.209469 0.213681 0.216974 0.219262 0.220482 0.220600 0.219629 0.217644 0.214779 0.211222 0.207195 0.202925 0.198626 0.194481 0.190635 0.187192 0.184221 0.181762 0.179833 0.178436 0.177564 0.177201 0.177331 0.177934 0.178994 0.180493 0.182418 0.184756 0.187499 0.190641 0.194181 0.198120 0.202468 0.207238 0.212450 0.218135 0.224334 0.231102 0.238507 0.246641 0.255617 0.265578 0.276703 0.289216 0.303396 0.319593 0.338242 0.359885 0.385190 0.414965 0.450149 0.491744 0.540621 0.597082 0.660032 0.725742 0.786710 0.832071 0.851184 0.839366 0.800885 0.746040 0.685476 0.626617 0.573238 0.526579 0.486531 0.452436 0.423498 0.398964 0.378189 0.360643 0.345907 0.333655 0.323640 0.315688 0.309685 0.305581 0.303382 0.303161 0.305066 0.309332 0.316309 0.326490 0.340558 0.359440 0.384372 0.416931 0.458993 0.512400 0.578003 0.653546 0.730398 0.791608 0.817166 0.797644 0.742551 0.671972 0.602930 0.544119 0.497842 0.463268 0.438538 0.421705 0.411041 0.405069 0.402506 0.402200 0.403100 0.404258 0.404879 0.404391 0.402493 0.399174 0.394668 0.389366 0.383714 0.378118 0.372887 0.368199 0.364101 0.360532 0.357349 0.354370 0.351411 0.348322 0.345014 0.341473 0.337757 0.333980 0.330294 0.326862 0.323847 0.321400 0.319656 0.318740 0.318772 0.319878 0.322199 0.325899 0.331162 0.338195 0.347207 0.358371 0.371763 0.387257 0.404376 0.422132 0.438907 0.452517 0.460584 0.461201 0.453635 0.438627 0.418090 0.394414 0.369790 0.345844 0.323575 0.303463 0.285641 0.270034 0.256461 0.244704 0.234542 0.225767 0.218197 0.211673 0.206058 0.201237 0.197112 0.193600 0.190630 0.188136 0.186064 0.184359 0.182970 0.181849 0.180944 0.180203 0.179573 0.178999 0.178426 0.177800 0.177071 0.176193 0.175131 0.173854 0.172344 0.170592 0.168597 0.166365 0.163908 0.161243 0.158389 0.155366 0.152197
0.188147 0.195142 0.201841 0.208109 0.213785 0.218682 0.222594 0.225312 0.226667 0.226565 0.225025 0.222189 0.218305 0.213686 0.208662 0.203537 0.198566 0.193939 0.189786 0.186185 0.183177 0.180771 0.178962 0.177730 0.177052 0.176900 0.177249 0.178073 0.179353 0.181067 0.183203 0.185748 0.188694 0.192039 0.195783 0.199933 0.204500 0.209503 0.214969 0.220934 0.227444 0.234559 0.242355 0.250926 0.260388 0.270884 0.282589 0.295714 0.310517 0.327303 0.346434 0.368329 0.393441 0.422229 0.455058 0.492033 0.532701 0.575634 0.617976 0.655286 0.682157 0.693871 0.688443 0.667579 0.635757 0.598222 0.559334 0.521955 0.487586 0.456799 0.429633 0.405875 0.385218 0.367343 0.351962 0.338829 0.327744 0.318553 0.311147 0.305457 0.301457 0.299164 0.298641 0.300007 0.303444 0.309207 0.317645 0.329215 0.344493 0.364175 0.389025 0.419744 0.456635 0.498990 0.544160 0.586685 0.618599 0.632109 0.623891 0.597322 0.560242 0.520665 0.484080 0.453156 0.428597 0.410059 0.396765 0.387813 0.382312 0.379418 0.378346 0.378374 0.378864 0.379289 0.379271 0.378607 0.377268 0.375379 0.373163 0.370880 0.368770 0.367000 0.365639 0.364643 0.363867 0.363086 0.362036 0.360468 0.358190 0.355115 0.351272 0.346803 0.341927 0.336908 0.332013 0.327483 0.323524 0.320300 0.317940 0.316550 0.316222 0.317044 0.319105 0.322498 0.327312 0.333617 0.341432 0.350680 0.361127 0.372305 0.383450 0.393486 0.401114 0.405032 0.404256 0.398417 0.387886 0.373652 0.357019 0.339287 0.321533 0.304518 0.288707 0.274324 0.261432 0.249992 0.239910 0.231068 0.223342 0.216613 0.210770 0.205717 0.201368 0.197646 0.194486 0.191830 0.189624 0.187820 0.186369 0.185223 0.184334 0.183648 0.183111 0.182660 0.182235 0.181769 0.181199 0.180465 0.179518 0.178314 0.176829 0.175048 0.172974 0.170618 0.168004 0.165159 0.162116 0.158907 0.155563 0.152112
0.186323 0.194321 0.202345 0.210248 0.217816 0.224753 0.230691 0.235222 0.237974 0.238695 0.237333 0.234064 0.229259 0.223402 0.216993 0.210476 0.204200 0.198407 0.193245 0.188789 0.185066 0.182065 0.179759 0.178111 0.177079 0.176622 0.176704 0.177291 0.178353 0.179866 0.181811 0.184173 0.186941 0.190111 0.193680 0.197653 0.202039 0.206855 0.212123 0.217874 0.224146 0.230990 0.238468 0.246655 0.255644 0.265543 0.276486 0.288626 0.302142 0.317240 0.334145 0.353092 0.374305 0.397952 0.424065 0.452426 0.482399 0.512744 0.541491 0.566012 0.583458 0.591520 0.589241 0.577373 0.558040 0.533960 0.507683 0.481160 0.455667 0.431915 0.410225 0.390682 0.373243 0.357808 0.344258 0.332480 0.322373 0.313860 0.306882 0.301408 0.297431 0.294975 0.294094 0.294879 0.297461 0.302020 0.308784 0.318036 0.330101 0.345320 0.363988 0.386221 0.411747 0.439582 0.467697 0.492888 0.511236 0.519343 0.515850 0.502147 0.481663 0.458340 0.435395 0.414860 0.397697 0.384138 0.373989 0.366843 0.362206 0.359558 0.358391 0.358228 0.358649 0.359313 0.359980 0.360521 0.360923 0.361266 0.361696 0.362376 0.363446 0.364981 0.366954 0.369219 0.371508 0.373454 0.374636 0.374660 0.373236 0.370251 0.365789 0.360119 0.353627 0.346749 0.339899 0.333429 0.327610 0.322637 0.318638 0.315696 0.313862 0.313172 0.313649 0.315312 0.318165 0.322186 0.327308 0.333387 0.340167 0.347247 0.354062 0.359896 0.363953 0.365482 0.363940 0.359128 0.351243 0.340827 0.328627 0.315434 0.301955 0.288745 0.276189 0.264519 0.253851 0.244217 0.235598 0.227941 0.221179 0.215241 0.210056 0.205556 0.201681 0.198376 0.195591 0.193280 0.191400 0.189911 0.188770 0.187933 0.187351 0.186971 0.186729 0.186558 0.186383 0.186123 0.185701 0.185042 0.184083 0.182776 0.181095 0.179033 0.176604 0.173840 0.170783 0.167482 0.163988 0.160350 0.156611 0.152809
0.186566 0.195961 0.205790 0.215915 0.226070 0.235828 0.244590 0.251632 0.256235 0.257868 0.256362 0.251983 0.245354 0.237280 0.228559 0.219849 0.211621 0.204165 0.197625 0.192049 0.187423 0.183697 0.180806 0.178682 0.177260 0.176477 0.176282 0.176627 0.177476 0.178796 0.180562 0.182755 0.185362 0.188374 0.191788 0.195605 0.199833 0.204484 0.209576 0.215136 0.221195 0.227794 0.234982 0.242819 0.251374 0.260731 0.270983 0.282239 0.294616 0.308242 0.323243 0.339734 0.357793 0.377427 0.398516 0.420741 0.443499 0.465835 0.486425 0.503682 0.516010 0.522179 0.521671 0.514832 0.502736 0.486856 0.468701 0.449561 0.430406 0.411886 0.394401 0.378171 0.363301 0.349827 0.337749 0.327051 0.317708 0.309702 0.303017 0.297650 0.293612 0.290927 0.289641 0.289820 0.291554 0.294960 0.300177 0.307360 0.316668 0.328230 0.342090 0.358119 0.375894 0.394555 0.412711 0.428490 0.439858 0.445188 0.443859 0.436511 0.424783 0.410720 0.396196 0.382593 0.370747 0.361038 0.353529 0.348088 0.344471 0.342383 0.341516 0.341572 0.342293 0.343471 0.344971 0.346734 0.348778 0.351187 0.354084 0.357602 0.361840 0.366823 0.372453 0.378478 0.384464 0.389816 0.393844 0.395881 0.395434 0.392321 0.386715 0.379101 0.370152 0.360583 0.351030 0.341995 0.333826 0.326738 0.320842 0.316182 0.312756 0.310536 0.309486 0.309554 0.310680 0.312782 0.315741 0.319386 0.323476 0.327681 0.331584 0.334701 0.336526 0.336604 0.334617 0.330448 0.324209 0.316210 0.306896 0.296763 0.286278 0.275838 0.265742 0.256199 0.247334 0.239211 0.231850 0.225239 0.219351 0.214146 0.209584 0.205622 0.202220 0.199341 0.196950 0.195013 0.193499 0.192376 0.191608 0.191156 0.190972 0.191000 0.191172 0.191406 0.191611 0.191687 0.191530 0.191044 0.190144 0.188771 0.186895 0.184518 0.181673 0.178414 0.174814 0.170950 0.166899 0.162730 0.158501 0.154260
0.188627 0.199877 0.212135 0.225317 0.239145 0.253045 0.266085 0.277004 0.284432 0.287280 0.285153 0.278522 0.268549 0.256671 0.244207 0.232138 0.221073 0.211312 0.202947 0.195946 0.190212 0.185626 0.182063 0.179410 0.177564 0.176438 0.175958 0.176063 0.176703 0.177838 0.179438 0.181477 0.183938 0.186811 0.190088 0.193770 0.197861 0.202370 0.207312 0.212707 0.218581 0.224967 0.231903 0.239433 0.247611 0.256494 0.266148 0.276642 0.288049 0.300439 0.313871 0.328382 0.343965 0.360548 0.377953 0.395860 0.413765 0.430961 0.446558 0.459564 0.469032 0.474248 0.474898 0.471129 0.463503 0.452841 0.440049 0.425970 0.411310 0.396609 0.382257 0.368528 0.355605 0.343612 0.332630 0.322713 0.313898 0.306209 0.299666 0.294288 0.290096 0.287116 0.285385 0.284946 0.285859 0.288189 0.292010 0.297394 0.304395 0.313022 0.323204 0.334730 0.347194 0.359934 0.372026 0.382357 0.389814 0.393555 0.393268 0.389274 0.382417 0.373811 0.364565 0.355589 0.347519 0.340724 0.335360 0.331434 0.328853 0.327471 0.327121 0.327638 0.328880 0.330745 0.333183 0.336204 0.339875 0.344315 0.349676 0.356115 0.363753 0.372621 0.382596 0.393328 0.404176 0.414198 0.422231 0.427096 0.427898 0.424300 0.416639 0.405815 0.393019 0.379436 0.366047 0.353543 0.342347 0.332662 0.324547 0.317968 0.312845 0.309075 0.306545 0.305142 0.304748 0.305233 0.306447 0.308209 0.310298 0.312444 0.314335 0.315633 0.316003 0.315157 0.312895 0.309145 0.303969 0.297556 0.290178 0.282154 0.273798 0.265391 0.257162 0.249283 0.241872 0.235002 0.228713 0.223016 0.217909 0.213377 0.209400 0.205956 0.203021 0.200574 0.198594 0.197061 0.195955 0.195253 0.194930 0.194952 0.195275 0.195841 0.196575 0.197380 0.198141 0.198727 0.198998 0.198817 0.198070 0.196672 0.194588 0.191831 0.188460 0.184569 0.180272 0.175688 0.170928 0.166087 0.161244 0.156455
0.192263 0.205900 0.221377 0.238784 0.257940 0.278184 0.298132 0.315594 0.327886 0.332684 0.329070 0.318022 0.301923 0.283508 0.265016 0.247869 0.232760 0.219887 0.209172 0.200410 0.193360 0.187785 0.183473 0.180245 0.177951 0.176471 0.175704 0.175572 0.176012 0.176974 0.178420 0.180320 0.182653 0.185404 0.188565 0.192132 0.196108 0.200499 0.205316 0.210576 0.216299 0.222510 0.229238 0.236516 0.244382 0.252874 0.262035 0.271906 0.282525 0.293922 0.306111 0.319082 0.332784 0.347110 0.361874 0.376793 0.391464 0.405374 0.417913 0.428435 0.436342 0.441184 0.442736 0.441039 0.436374 0.429196 0.420045 0.409470 0.397973 0.385989 0.373874 0.361918 0.350353 0.339361 0.329083 0.319629 0.311081 0.303500 0.296933 0.291413 0.286969 0.283627 0.281412 0.280351 0.280476 0.281816 0.284400 0.288244 0.293340 0.299639 0.307022 0.315274 0.324051 0.332869 0.341117 0.348114 0.353218 0.355966 0.356188 0.354053 0.350024 0.344737 0.338863 0.333000 0.327607 0.322997 0.319344 0.316717 0.315113 0.314482 0.314755 0.315862 0.317752 0.320407 0.323855 0.328173 0.333496 0.340011 0.347947 0.357546 0.369031 0.382532 0.397988 0.415010 0.432728 0.449686 0.463895 0.473182 0.475800 0.471076 0.459690 0.443395 0.424382 0.404659 0.385714 0.368455 0.353322 0.340430 0.329704 0.320978 0.314047 0.308700 0.304739 0.301978 0.300241 0.299358 0.299155 0.299443 0.300020 0.300661 0.301124 0.301163 0.300547 0.299083 0.296639 0.293165 0.288698 0.283355 0.277308 0.270767 0.263946 0.257046 0.250239 0.243663 0.237423 0.231589 0.226207 0.221305 0.216893 0.212973 0.209541 0.206590 0.204113 0.202102 0.200550 0.199450 0.198795 0.198577 0.198781 0.199383 0.200347 0.201615 0.203105 0.204703 0.206263 0.207607 0.208538 0.208858 0.208395 0.207025 0.204700 0.201450 0.197377 0.192637 0.187409 0.181873 0.176190 0.170488 0.164868 0.159395
0.197186 0.213788 0.233444 0.256643 0.283604 0.313848 0.345557 0.374976 0.396616 0.405107 0.398163 0.378119 0.350389 0.320508 0.292267 0.267517 0.246763 0.229803 0.216160 0.205302 0.196743 0.190072 0.184953 0.181122 0.178371 0.176536 0.175488 0.175129 0.175381 0.176184 0.177491 0.179268 0.181490 0.184138 0.187202 0.190676 0.194560 0.198859 0.203581 0.208738 0.214347 0.220426 0.226997 0.234085 0.241713 0.249908 0.258692 0.268086 0.278104 0.288748 0.300004 0.311834 0.324167 0.336888 0.349824 0.362736 0.375315 0.387184 0.397916 0.407074 0.414254 0.419139 0.421543 0.421429 0.418906 0.414198 0.407609 0.399483 0.390176 0.380035 0.369389 0.358541 0.347759 0.337277 0.327289 0.317952 0.309387 0.301683 0.294907 0.289103 0.284302 0.280526 0.277788 0.276102 0.275474 0.275910 0.277404 0.279940 0.283475 0.287931 0.293181 0.299030 0.305205 0.311356 0.317073 0.321926 0.325528 0.327609 0.328068 0.327001 0.324673 0.321462 0.317787 0.314042 0.310559 0.307583 0.305280 0.303746 0.303025 0.303130 0.304059 0.305813 0.308413 0.311912 0.316407 0.322053 0.329067 0.337738 0.348422 0.361531 0.377496 0.396700 0.419329 0.445140 0.473117 0.501106 0.525674 0.542611 0.548255 0.541134 0.522730 0.496713 0.467310 0.437970 0.410871 0.387059 0.366811 0.349973 0.336201 0.325088 0.316241 0.309302 0.303961 0.299949 0.297027 0.294984 0.293621 0.292744 0.292162 0.291678 0.291100 0.290239 0.288928 0.287030 0.284453 0.281160 0.277174 0.272566 0.267451 0.261970 0.256270 0.250497 0.244781 0.239230 0.233931 0.228952 0.224338 0.220121 0.216324 0.212958 0.210032 0.207552 0.205522 0.203948 0.202839 0.202201 0.202045 0.202377 0.203200 0.204508 0.206276 0.208455 0.210960 0.213658 0.216362 0.218828 0.220771 0.221890 0.221913 0.220648 0.218018 0.214084 0.209023 0.203093 0.196578 0.189750 0.182840 0.176020 0.169411 0.163085
0.203002 0.223131 0.248025 0.278986 0.317292 0.363536 0.416166 0.469227 0.511021 0.527735 0.512855 0.472934 0.421822 0.371253 0.327213 0.291281 0.262887 0.240767 0.223633 0.210392 0.200183 0.192351 0.186402 0.181967 0.178766 0.176589 0.175276 0.174707 0.174787 0.175448 0.176634 0.178306 0.180434 0.182999 0.185986 0.189389 0.193206 0.197440 0.202096 0.207186 0.212721 0.218716 0.225188 0.232153 0.239627 0.247625 0.256157 0.265227 0.274832 0.284957 0.295571 0.306620 0.318027 0.329680 0.341429 0.353080 0.364398 0.375106 0.384902 0.393475 0.400534 0.405829 0.409177 0.410474 0.409696 0.406898 0.402207 0.395812 0.387960 0.378939 0.369069 0.358680 0.348093 0.337597 0.327446 0.317841 0.308940 0.300856 0.293667 0.287422 0.282148 0.277860 0.274559 0.272241 0.270895 0.270504 0.271041 0.272466 0.274719 0.277714 0.281326 0.285390 0.289693 0.293980 0.297971 0.301385 0.303978 0.305584 0.306139 0.305699 0.304423 0.302544 0.300330 0.298048 0.295936 0.294187 0.292947 0.292319 0.292375 0.293167 0.294741 0.297151 0.300476 0.304830 0.310379 0.317359 0.326089 0.336992 0.350611 0.367622 0.388829 0.415110 0.447263 0.485658 0.529562 0.576141 0.619529 0.651144 0.662583 0.650249 0.617748 0.573495 0.526083 0.481395 0.442282 0.409495 0.382688 0.361083 0.343819 0.330104 0.319264 0.310743 0.304090 0.298937 0.294977 0.291953 0.289639 0.287834 0.286350 0.285011 0.283653 0.282128 0.280305 0.278085 0.275399 0.272219 0.268557 0.264461 0.260006 0.255290 0.250418 0.245495 0.240619 0.235876 0.231338 0.227063 0.223097 0.219473 0.216218 0.213353 0.210895 0.208860 0.207265 0.206129 0.205475 0.205328 0.205717 0.206672 0.208219 0.210378 0.213151 0.216509 0.220373 0.224599 0.228950 0.233091 0.236597 0.238995 0.239836 0.238794 0.235746 0.230803 0.224279 0.216610 0.208258 0.199637 0.191072 0.182786 0.174916 0.167529
0.209171 0.233244 0.264348 0.305228 0.359497 0.431131 0.522089 0.625812 0.717418 0.756179 0.719479 0.629968 0.528400 0.439691 0.370422 0.318660 0.280446 0.252184 0.231137 0.215348 0.203443 0.194455 0.187701 0.182691 0.179072 0.176582 0.175031 0.174276 0.174208 0.174746 0.175831 0.177417 0.179472 0.181973 0.184905 0.188260 0.192035 0.196231 0.200855 0.205914 0.211419 0.217382 0.223817 0.230734 0.238144 0.246053 0.254462 0.263366 0.272750 0.282585 0.292831 0.303428 0.314297 0.325336 0.336418 0.347394 0.358085 0.368295 0.377809 0.386404 0.393855 0.399944 0.404469 0.407247 0.408128 0.407007 0.403846 0.398697 0.391716 0.383162 0.373379 0.362763 0.351715 0.340611 0.329774 0.319459 0.309858 0.301102 0.293272 0.286413 0.280543 0.275660 0.271750 0.268791 0.266754 0.265603 0.265294 0.265772 0.266969 0.268795 0.271137 0.273856 0.276784 0.279735 0.282510 0.284920 0.286806 0.288057 0.288633 0.288566 0.287954 0.286948 0.285723 0.284466 0.283349 0.282525 0.282121 0.282239 0.282965 0.284378 0.286557 0.289598 0.293626 0.298810 0.305384 0.313667 0.324095 0.337258 0.353945 0.375209 0.402428 0.437348 0.482024 0.538474 0.607633 0.687085 0.767532 0.830710 0.855048 0.830360 0.766842 0.686074 0.606333 0.536925 0.480282 0.435479 0.400512 0.373336 0.352209 0.335753 0.322908 0.312863 0.304997 0.298827 0.293974 0.290130 0.287043 0.284496 0.282304 0.280302 0.278347 0.276312 0.274097 0.271621 0.268834 0.265713 0.262264 0.258520 0.254534 0.250374 0.246115 0.241836 0.237610 0.233506 0.229583 0.225892 0.222473 0.219361 0.216585 0.214171 0.212144 0.210530 0.209356 0.208655 0.208466 0.208836 0.209816 0.211468 0.213852 0.217030 0.221049 0.225922 0.231605 0.237959 0.244702 0.251378 0.257348 0.261837 0.264071 0.263462 0.259788 0.253261 0.244460 0.234152 0.223100 0.211937 0.201110 0.190892 0.181416 0.172718
0.214983 0.243094 0.280936 0.333463 0.408584 0.518515 0.679358 0.899789 1.137723 1.252857 1.139967 0.904303 0.686194 0.527750 0.420315 0.347808 0.298030 0.263086 0.238031 0.219751 0.206245 0.196197 0.188721 0.183207 0.179226 0.176471 0.174720 0.173810 0.173620 0.174062 0.175067 0.176589 0.178591 0.181048 0.183947 0.187277 0.191035 0.195223 0.199848 0.204915 0.210437 0.216424 0.222888 0.229837 0.237278 0.245214 0.253640 0.262542 0.271898 0.281672 0.291817 0.302268 0.312948 0.323768 0.334625 0.345403 0.355981 0.366228 0.376002 0.385150 0.393498 0.400843 0.406944 0.411521 0.414269 0.414889 0.413146 0.408931 0.402315 0.393558 0.383087 0.371427 0.359125 0.346686 0.334532 0.322980 0.312254 0.302490 0.293764 0.286102 0.279500 0.273934 0.269367 0.265754 0.263047 0.261192 0.260130 0.259796 0.260114 0.260996 0.262340 0.264027 0.265926 0.267894 0.269788 0.271474 0.272844 0.273821 0.274377 0.274532 0.274347 0.273922 0.273379 0.272849 0.272461 0.272339 0.272591 0.273318 0.274614 0.276572 0.279298 0.282919 0.287599 0.293554 0.301083 0.310589 0.322633 0.337992 0.357752 0.383445 0.417250 0.462255 0.522765 0.604434 0.713475 0.852948 1.012618 1.153652 1.212489 1.153823 1.012970 0.853499 0.714252 0.605474 0.524113 0.463961 0.419372 0.386040 0.360874 0.341687 0.326930 0.315488 0.306552 0.299517 0.293923 0.289414 0.285708 0.282574 0.279824 0.277301 0.274874 0.272434 0.269899 0.267204 0.264311 0.261202 0.257882 0.254373 0.250714 0.246954 0.243149 0.239357 0.235636 0.232040 0.228616 0.225407 0.222452 0.219782 0.217429 0.215423 0.213793 0.212574 0.211805 0.211533 0.211815 0.212720 0.214334 0.216753 0.220091 0.224471 0.230014 0.236820 0.244927 0.254251 0.264503 0.275089 0.285045 0.293073 0.297761 0.297976 0.293279 0.284102 0.271572 0.257095 0.241962 0.227132 0.213193 0.200428 0.188917 0.178615
0.219614 0.251328 0.295513 0.359856 0.458526 0.619064 0.896589 1.391131 2.161893 2.676122 2.164284 1.395935 0.903849 0.628844 0.470909 0.374942 0.313416 0.272176 0.243544 0.223129 0.208294 0.197387 0.189338 0.183429 0.179169 0.176211 0.174309 0.173285 0.173006 0.173378 0.174328 0.175807 0.177776 0.180212 0.183099 0.186427 0.190195 0.194406 0.199065 0.204183 0.209770 0.215839 0.222403 0.229469 0.237045 0.245131 0.253720 0.262794 0.272325 0.282272 0.292581 0.303185 0.314009 0.324971 0.335990 0.346986 0.357889 0.368634 0.379157 0.389379 0.399183 0.408384 0.416694 0.423705 0.428893 0.431677 0.431525 0.428091 0.421337 0.411574 0.399409 0.385622 0.371013 0.356294 0.342021 0.328583 0.316223 0.305066 0.295158 0.286487 0.279011 0.272670 0.267394 0.263112 0.259751 0.257239 0.255501 0.254462 0.254041 0.254153 0.254701 0.255586 0.256698 0.257927 0.259164 0.260313 0.261293 0.262053 0.262569 0.262852 0.262945 0.262914 0.262846 0.262837 0.262989 0.263400 0.264168 0.265388 0.267158 0.269584 0.272787 0.276918 0.282173 0.288810 0.297181 0.307772 0.321263 0.338621 0.361249 0.391225 0.431698 0.487559 0.566555 0.681040 0.850081 1.098807 1.440754 1.810252 1.988376 1.810931 1.442120 1.100878 0.852883 0.684604 0.570920 0.492765 0.437783 0.398223 0.369184 0.347498 0.331064 0.318448 0.308643 0.300925 0.294759 0.289740 0.285557 0.281968 0.278780 0.275840 0.273028 0.270250 0.267436 0.264537 0.261522 0.258381 0.255118 0.251751 0.248309 0.244830 0.241356 0.237932 0.234602 0.231409 0.228390 0.225584 0.223022 0.220736 0.218757 0.217118 0.215853 0.215003 0.214620 0.214765 0.215515 0.216968 0.219244 0.222492 0.226893 0.232661 0.240038 0.249271 0.260575 0.274038 0.289475 0.306207 0.322829 0.337120 0.346363 0.348197 0.341672 0.327734 0.308740 0.287403 0.265941 0.245756 0.227522 0.211424 0.197367 0.185137
0.222251 0.256492 0.305321 0.378850 0.497562 0.707837 1.131648 2.158998 5.238452 10.370019 5.240962 2.164037 1.139253 0.718061 0.510476 0.394540 0.323885 0.278041 0.246904 0.225041 0.209325 0.197861 0.189445 0.183287 0.178853 0.175770 0.173776 0.172681 0.172349 0.172680 0.173601 0.175060 0.177019 0.179454 0.182350 0.185700 0.189504 0.193766 0.198495 0.203705 0.209408 0.215621 0.222359 0.229634 0.237455 0.245824 0.254735 0.264168 0.274092 0.284461 0.295215 0.306280 0.317578 0.329032 0.340576 0.352166 0.363786 0.375449 0.387190 0.399035 0.410960 0.422833 0.434331 0.444881 0.453640 0.459562 0.461598 0.458982 0.451496 0.439587 0.424247 0.406742 0.388323 0.370022 0.352575 0.336435 0.321832 0.308840 0.297434 0.287536 0.279039 0.271831 0.265798 0.260831 0.256830 0.253700 0.251350 0.249695 0.248647 0.248121 0.248028 0.248276 0.248776 0.249437 0.250174 0.250913 0.251593 0.252175 0.252641 0.252996 0.253269 0.253507 0.253774 0.254144 0.254695 0.255513 0.256683 0.258298 0.260456 0.263268 0.266870 0.271429 0.277163 0.284363 0.293426 0.304902 0.319574 0.338579 0.363608 0.397260 0.443675 0.509734 0.607446 0.758928 1.007161 1.438152 2.207975 3.409002 4.209976 3.410183 2.210346 1.441732 1.011975 0.765007 0.614825 0.518447 0.453750 0.408714 0.376441 0.352768 0.335062 0.321596 0.311188 0.303009 0.296457 0.291088 0.286566 0.282637 0.279107 0.275827 0.272688 0.269609 0.266531 0.263421 0.260258 0.257037 0.253765 0.250461 0.247147 0.243854 0.240614 0.237462 0.234432 0.231558 0.228870 0.226399 0.224174 0.222222 0.220576 0.219267 0.218336 0.217830 0.217810 0.218354 0.219560 0.221556 0.224506 0.228622 0.234173 0.241498 0.251016 0.263225 0.278666 0.297833 0.320940 0.347499 0.375675 0.401687 0.420016 0.425259 0.415101 0.391856 0.360924 0.327824 0.296335 0.268292 0.244183 0.223790 0.206623 0.192137
0.222274 0.257423 0.307967 0.385017 0.511826 0.744061 1.244187 2.670598 10.367374 10.368678 10.369982 2.675829 1.252073 0.754649 0.525176 0.401204 0.327076 0.279550 0.247526 0.225163 0.209152 0.197504 0.188971 0.182735 0.178246 0.175124 0.173101 0.171985 0.171638 0.171960 0.172877 0.174338 0.176307 0.178761 0.181688 0.185082 0.188947 0.193290 0.198125 0.203468 0.209339 0.215760 0.222750 0.230331 0.238516 0.247313 0.256720 0.266720 0.277280 0.288349 0.299857 0.311720 0.323847 0.336156 0.348588 0.361131 0.373830 0.386801 0.400218 0.414278 0.429138 0.444806 0.460992 0.476951 0.491363 0.502382 0.507973 0.506518 0.497451 0.481533 0.460580 0.436827 0.412320 0.388577 0.366539 0.346665 0.329093 0.313765 0.300525 0.289177 0.279519 0.271359 0.264525 0.258862 0.254235 0.250522 0.247616 0.245417 0.243833 0.242774 0.242156 0.241894 0.241910 0.242126 0.242474 0.242893 0.243337 0.243772 0.244184 0.244574 0.244964 0.245387 0.245892 0.246536 0.247385 0.248511 0.249993 0.251917 0.254382 0.257504 0.261422 0.266316 0.272418 0.280040 0.289608 0.301716 0.317219 0.337367 0.364058 0.400274 0.450917 0.524490 0.636788 0.819777 1.145832 1.805273 3.406619 8.210058 16.215599 8.211745 3.410003 1.810375 1.152683 0.828410 0.647240 0.536795 0.465100 0.416345 0.382002 0.357139 0.338733 0.324841 0.314158 0.305777 0.299049 0.293497 0.288770 0.284605 0.280810 0.277243 0.273807 0.270434 0.267085 0.263737 0.260383 0.257028 0.253683 0.250368 0.247103 0.243914 0.240828 0.237871 0.235068 0.232446 0.230029 0.227840 0.225904 0.224247 0.222896 0.221886 0.221259 0.221069 0.221386 0.222302 0.223938 0.226455 0.230066 0.235054 0.241795 0.250792 0.262712 0.278428 0.299047 0.325877 0.360199 0.402601 0.451520 0.500980 0.539245 0.552461 0.534086 0.490662 0.436046 0.381972 0.334418 0.294951 0.262983 0.237235 0.216402 0.199379
0.219436 0.253654 0.302475 0.376016 0.494755 0.705073 1.128942 2.156361 5.235894 10.367547 5.238583 2.161752 1.137062 0.715964 0.508468 0.392616 0.322037 0.276263 0.245188 0.223377 0.207706 0.196277 0.187890 0.181754 0.177335 0.174263 0.172277 0.171189 0.170866 0.171208 0.172146 0.173632 0.175631 0.178124 0.181101 0.184561 0.188511 0.192963 0.197937 0.203455 0.209546 0.216239 0.223564 0.231553 0.240230 0.249614 0.259713 0.270516 0.281993 0.294086 0.306712 0.319768 0.333135 0.346708 0.360419 0.374275 0.388390 0.403016 0.418535 0.435430 0.454200 0.475194 0.498355 0.522863 0.546753 0.566778 0.578895 0.579581 0.567464 0.544080 0.513123 0.478822 0.444631 0.412736 0.384195 0.359302 0.337920 0.319717 0.304302 0.291293 0.280347 0.271167 0.263502 0.257140 0.251906 0.247647 0.244235 0.241556 0.239509 0.238002 0.236950 0.236274 0.235901 0.235765 0.235805 0.235971 0.236224 0.236536 0.236895 0.237299 0.237762 0.238312 0.238985 0.239828 0.240897 0.242254 0.243972 0.246133 0.248833 0.252187 0.256339 0.261471 0.267822 0.275711 0.285575 0.298028 0.313946 0.334624 0.362034 0.399300 0.451611 0.528105 0.646126 0.841967 1.202495 1.981207 4.205398 16.213402 16.214406 16.215606 4.209818 1.987871 1.211439 0.853235 0.659764 0.544155 0.470106 0.420252 0.385425 0.360395 0.341990 0.328178 0.317600 0.309311 0.302635 0.297078 0.292278 0.287970 0.283967 0.280141 0.276408 0.272724 0.269065 0.265429 0.261825 0.258269 0.254779 0.251379 0.248089 0.244933 0.241930 0.239102 0.236467 0.234043 0.231848 0.229900 0.228216 0.226819 0.225735 0.224996 0.224646 0.224743 0.225365 0.226618 0.228644 0.231637 0.235860 0.241674 0.249577 0.260265 0.274719 0.294330 0.321075 0.357713 0.407864 0.475512 0.562616 0.662598 0.750521 0.785577 0.745092 0.651743 0.546340 0.453824 0.380776 0.325242 0.283243 0.251163 0.226249 0.206530
0.213932 0.245597 0.289769 0.354134 0.452861 0.613487 0.891131 1.385815 2.156739 2.671147 2.159496 1.391340 0.899449 0.624633 0.466879 0.371082 0.309714 0.268615 0.240107 0.219799 0.205053 0.194219 0.186226 0.180360 0.176130 0.173194 0.171307 0.170295 0.170030 0.170422 0.171405 0.172935 0.174983 0.177532 0.180577 0.184122 0.188178 0.192766 0.197911 0.203645 0.210006 0.217036 0.224780 0.233284 0.242592 0.252740 0.263752 0.275633 0.288359 0.301872 0.316070 0.330814 0.345938 0.361280 0.376726 0.392279 0.408119 0.424669 0.442622 0.462924 0.486692 0.515015 0.548563 0.586891 0.627426 0.664543 0.689880 0.695212 0.677043 0.638995 0.589430 0.536882 0.487191 0.443191 0.405635 0.374183 0.348073 0.326456 0.308556 0.293713 0.281387 0.271145 0.262639 0.255591 0.249776 0.245010 0.241140 0.238038 0.235592 0.233707 0.232295 0.231281 0.230594 0.230175 0.229969 0.229932 0.230030 0.230239 0.230546 0.230949 0.231458 0.232093 0.232884 0.233871 0.235100 0.236627 0.238519 0.240853 0.243721 0.247237 0.251541 0.256814 0.263292 0.271289 0.281237 0.293732 0.309632 0.330188 0.357299 0.393946 0.445031 0.519057 0.631816 0.815274 1.141806 1.801731 3.403571 8.207514 16.213571 8.210251 3.409064 1.810015 1.152930 0.829298 0.648805 0.539074 0.468126 0.420148 0.386598 0.362527 0.344889 0.331712 0.321657 0.313783 0.307408 0.302032 0.297290 0.292919 0.288745 0.284656 0.280595 0.276541 0.272502 0.268499 0.264560 0.260717 0.256999 0.253435 0.250046 0.246852 0.243871 0.241115 0.238598 0.236329 0.234319 0.232579 0.231120 0.229960 0.229120 0.228630 0.228532 0.228888 0.229779 0.231324 0.233683 0.237081 0.241827 0.248361 0.257302 0.269554 0.286452 0.310016 0.343388 0.391539 0.462401 0.568213 0.725107 0.941771 1.176042 1.287361 1.170311 0.930314 0.707933 0.545337 0.433844 0.357328 0.303558 0.264612 0.235526 0.213167
0.206325 0.234361 0.272183 0.324745 0.399956 0.510027 0.671055 0.891708 1.129897 1.245310 1.132713 0.897349 0.679541 0.521391 0.414237 0.341993 0.292457 0.257730 0.232865 0.214748 0.201378 0.191440 0.184049 0.178598 0.174661 0.171935 0.170203 0.169308 0.169135 0.169602 0.170651 0.172243 0.174355 0.176975 0.180103 0.183749 0.187932 0.192678 0.198022 0.204009 0.210688 0.218120 0.226367 0.235499 0.245584 0.256690 0.268869 0.282152 0.296536 0.311967 0.328324 0.345419 0.363000 0.380793 0.398572 0.416272 0.434109 0.452712 0.473208 0.497259 0.527041 0.565090 0.613884 0.674760 0.745637 0.817531 0.872494 0.889241 0.857726 0.788060 0.701620 0.616496 0.541896 0.480213 0.430520 0.390824 0.359094 0.333603 0.312989 0.296207 0.282465 0.271160 0.261833 0.254130 0.247774 0.242546 0.238268 0.234797 0.232011 0.229807 0.228097 0.226805 0.225864 0.225216 0.224812 0.224611 0.224582 0.224704 0.224963 0.225357 0.225891 0.226583 0.227456 0.228543 0.229886 0.231534 0.233548 0.236001 0.238979 0.242590 0.246970 0.252291 0.258780 0.266735 0.276560 0.288815 0.304286 0.324113 0.349988 0.384510 0.431818 0.498790 0.597433 0.749861 0.999055 1.431022 2.201838 3.403878 4.205892 3.407172 2.208449 1.441000 1.012469 0.766796 0.617985 0.523056 0.459883 0.416436 0.385794 0.363759 0.347650 0.335678 0.326590 0.319481 0.313678 0.308682 0.304126 0.299758 0.295418 0.291024 0.286554 0.282029 0.277492 0.272999 0.268607 0.264366 0.260320 0.256500 0.252932 0.249633 0.246613 0.243881 0.241440 0.239293 0.237441 0.235887 0.234637 0.233699 0.233089 0.232831 0.232966 0.233552 0.234676 0.236460 0.239081 0.242786 0.247926 0.255004 0.264752 0.278261 0.297205 0.324248 0.363815 0.423619 0.517866 0.674154 0.947702 1.438716 2.206503 2.717372 2.200433 1.426581 0.929515 0.649934 0.487643 0.387431 0.321710 0.276288 0.243462 0.218823
0.197368 0.221337 0.252415 0.293347 0.347744 0.419577 0.510796 0.614836 0.706801 0.745955 0.709668 0.620578 0.519432 0.431132 0.362255 0.310859 0.272979 0.245016 0.224230 0.208665 0.196945 0.188105 0.181464 0.176536 0.172972 0.170517 0.168986 0.168243 0.168188 0.168751 0.169883 0.171552 0.173740 0.176443 0.179667 0.183427 0.187751 0.192674 0.198242 0.204514 0.211556 0.219448 0.228280 0.238152 0.249172 0.261447 0.275080 0.290151 0.306698 0.324692 0.344003 0.364376 0.385427 0.406677 0.427663 0.448114 0.468192 0.488730 0.511434 0.539015 0.575313 0.625423 0.695688 0.792849 0.920345 1.068290 1.198346 1.247603 1.181081 1.033728 0.868463 0.723711 0.609570 0.522978 0.457750 0.408268 0.370250 0.340622 0.317216 0.298499 0.283378 0.271062 0.260970 0.252667 0.245826 0.240189 0.235558 0.231771 0.228697 0.226228 0.224273 0.222755 0.221608 0.220776 0.220212 0.219879 0.219747 0.219795 0.220011 0.220390 0.220937 0.221664 0.222592 0.223748 0.225168 0.226897 0.228991 0.231515 0.234551 0.238199 0.242586 0.247874 0.254269 0.262046 0.271571 0.283339 0.298041 0.316647 0.340562 0.371864 0.413697 0.470948 0.551361 0.667285 0.837787 1.087994 1.431446 1.802479 1.982176 1.806353 1.439229 1.099754 0.853620 0.687315 0.575728 0.499802 0.447181 0.410098 0.383622 0.364533 0.350654 0.340451 0.332796 0.326836 0.321910 0.317512 0.313274 0.308951 0.304408 0.299608 0.294583 0.289412 0.284195 0.279036 0.274026 0.269242 0.264741 0.260560 0.256725 0.253249 0.250134 0.247381 0.244983 0.242932 0.241222 0.239845 0.238797 0.238077 0.237693 0.237662 0.238016 0.238810 0.240128 0.242095 0.244894 0.248787 0.254152 0.261537 0.271752 0.286025 0.306282 0.335682 0.379698 0.448483 0.562567 0.768429 1.188262 2.212758 5.293020 10.429056 5.286565 2.199854 1.168924 0.742681 0.530445 0.410033 0.334983 0.284780 0.249290 0.223056
0.187818 0.207807 0.232668 0.263702 0.302182 0.348697 0.401682 0.455170 0.497448 0.514688 0.500361 0.461003 0.410452 0.360426 0.316903 0.281452 0.253496 0.231767 0.214972 0.202019 0.192047 0.184402 0.178594 0.174258 0.171121 0.168980 0.167682 0.167116 0.167200 0.167876 0.169103 0.170859 0.173133 0.175927 0.179254 0.183137 0.187612 0.192726 0.198537 0.205119 0.212560 0.220966 0.230459 0.241181 0.253291 0.266963 0.282372 0.299684 0.319022 0.340424 0.363784 0.388786 0.414855 0.441163 0.466774 0.490931 0.513508 0.535470 0.559253 0.589021 0.631007 0.694271 0.792201 0.944495 1.176540 1.501987 1.855860 2.021271 1.835490 1.461059 1.114726 0.861443 0.687716 0.568584 0.485101 0.424983 0.380520 0.346834 0.320781 0.300278 0.283911 0.270697 0.259935 0.251115 0.243859 0.237878 0.232951 0.228903 0.225594 0.222909 0.220756 0.219057 0.217744 0.216765 0.216074 0.215635 0.215419 0.215406 0.215583 0.215946 0.216497 0.217245 0.218206 0.219406 0.220875 0.222654 0.224791 0.227348 0.230397 0.234033 0.238369 0.243551 0.249766 0.257255 0.266335 0.277431 0.291113 0.308166 0.329677 0.357176 0.392835 0.439735 0.502175 0.585802 0.696826 0.838307 1.000014 1.143120 1.204081 1.147603 1.009027 0.851944 0.715222 0.609131 0.530643 0.473569 0.432266 0.402418 0.380899 0.365453 0.354423 0.346551 0.340837 0.336470 0.332781 0.329240 0.325456 0.321190 0.316344 0.310947 0.305118 0.299025 0.292852 0.286768 0.280914 0.275393 0.270278 0.265610 0.261410 0.257680 0.254415 0.251601 0.249220 0.247253 0.245680 0.244483 0.243644 0.243153 0.243004 0.243205 0.243776 0.244763 0.246243 0.248335 0.251221 0.255167 0.260560 0.267967 0.278230 0.292630 0.313193 0.343269 0.388749 0.460786 0.582697 0.810267 1.306258 2.730228 10.435616 10.432133 10.428723 2.716448 1.285609 0.782774 0.548399 0.419738 0.341025 0.288965 0.252427 0.225547
0.178301 0.194723 0.214338 0.237636 0.264830 0.295432 0.327611 0.357592 0.379868 0.389048 0.382825 0.363512 0.336507 0.307325 0.279747 0.255611 0.235412 0.218946 0.205729 0.195230 0.186963 0.180520 0.175570 0.171855 0.169172 0.167368 0.166323 0.165951 0.166187 0.166984 0.168315 0.170164 0.172529 0.175417 0.178851 0.182861 0.187493 0.192804 0.198868 0.205778 0.213644 0.222604 0.232822 0.244492 0.257845 0.273143 0.290678 0.310752 0.333648 0.359559 0.388497 0.420140 0.453687 0.487756 0.520508 0.550118 0.575623 0.597882 0.620248 0.648873 0.693139 0.767297 0.895005 1.119906 1.527710 2.273157 3.447667 4.227661 3.423560 2.224501 1.453681 1.019433 0.767017 0.611124 0.509087 0.438922 0.388676 0.351484 0.323205 0.301229 0.283851 0.269916 0.258621 0.249392 0.241808 0.235556 0.230397 0.226144 0.222650 0.219797 0.217489 0.215647 0.214206 0.213111 0.212320 0.211797 0.211514 0.211452 0.211596 0.211943 0.212492 0.213249 0.214231 0.215455 0.216951 0.218754 0.220906 0.223463 0.226491 0.230072 0.234309 0.239330 0.245296 0.252414 0.260950 0.271250 0.283766 0.299096 0.318031 0.341618 0.371224 0.408584 0.455742 0.514705 0.586404 0.668420 0.751461 0.817274 0.844306 0.822394 0.761763 0.684031 0.607510 0.541550 0.488620 0.447831 0.417200 0.394681 0.378502 0.367206 0.359594 0.354650 0.351476 0.349260 0.347280 0.344927 0.341755 0.337513 0.332159 0.325829 0.318783 0.311333 0.303788 0.296409 0.289397 0.282887 0.276959 0.271652 0.266973 0.262911 0.259441 0.256533 0.254154 0.252267 0.250841 0.249840 0.249236 0.249001 0.249115 0.249571 0.250373 0.251552 0.253170 0.255335 0.258218 0.262075 0.267286 0.274406 0.284257 0.298083 0.317828 0.346669 0.390099 0.458283 0.571769 0.777043 1.196309 2.220262 5.300011 10.435563 5.292618 2.205484 1.174159 0.747549 0.534970 0.414239 0.338891 0.288410 0.252659 0.226183
0.169260 0.182666 0.198094 0.215632 0.235096 0.255810 0.276371 0.294565 0.307682 0.313369 0.310681 0.300569 0.285391 0.267863 0.250205 0.233827 0.219410 0.207147 0.196956 0.188631 0.181933 0.176629 0.172512 0.169412 0.167187 0.165726 0.164942 0.164770 0.165162 0.166086 0.167523 0.169467 0.171922 0.174905 0.178444 0.182579 0.187366 0.192874 0.199194 0.206436 0.214740 0.224279 0.235266 0.247962 0.262687 0.279828 0.299842 0.323251 0.350610 0.382439 0.419068 0.460377 0.505423 0.552040 0.596737 0.635361 0.664812 0.685212 0.701238 0.722055 0.761051 0.837927 0.986907 1.280914 1.908796 3.473144 8.212365 16.126009 8.183896 3.415380 1.820133 1.159088 0.829273 0.642003 0.525453 0.447857 0.393488 0.353855 0.324050 0.301076 0.283014 0.268593 0.256936 0.247427 0.239618 0.233176 0.227852 0.223452 0.219823 0.216846 0.214423 0.212475 0.210937 0.209756 0.208889 0.208301 0.207967 0.207865 0.207983 0.208314 0.208858 0.209619 0.210609 0.211845 0.213351 0.215157 0.217303 0.219835 0.222812 0.226308 0.230409 0.235227 0.240897 0.247591 0.255524 0.264967 0.276263 0.289845 0.306255 0.326158 0.350341 0.379662 0.414903 0.456416 0.503461 0.553201 0.599775 0.634616 0.649346 0.640397 0.611421 0.570878 0.527421 0.486992 0.452508 0.424782 0.403516 0.387962 0.377246 0.370502 0.366894 0.365590 0.365737 0.366454 0.366865 0.366183 0.363826 0.359502 0.353256 0.345411 0.336468 0.326977 0.317433 0.308227 0.299627 0.291795 0.284808 0.278683 0.273401 0.268922 0.265196 0.262169 0.259785 0.257992 0.256737 0.255971 0.255646 0.255718 0.256147 0.256905 0.257975 0.259365 0.261116 0.263314 0.266110 0.269741 0.274560 0.281085 0.290076 0.302657 0.320542 0.346434 0.384794 0.443370 0.536392 0.691483 0.963877 1.453791 2.220537 2.730428 2.212574 1.437870 0.940010 0.659690 0.496711 0.395857 0.329538 0.283558 0.250211 0.225084
0.160965 0.171921 0.184118 0.197476 0.211707 0.226220 0.240057 0.251924 0.260415 0.264404 0.263458 0.258014 0.249203 0.238436 0.227011 0.215894 0.205680 0.196663 0.188933 0.182456 0.177140 0.172869 0.169527 0.167010 0.165226 0.164100 0.163572 0.163598 0.164145 0.165193 0.166733 0.168767 0.171309 0.174381 0.178019 0.182272 0.187206 0.192902 0.199467 0.207034 0.215772 0.225892 0.237664 0.251429 0.267618 0.286776 0.309590 0.336906 0.369731 0.409188 0.456346 0.511822 0.575024 0.643006 0.709428 0.765020 0.801144 0.815490 0.815386 0.815862 0.836082 0.900147 1.047360 1.364653 2.102723 4.278237 16.149642 16.131376 16.116265 4.210103 1.997061 1.217316 0.853006 0.652805 0.530496 0.449993 0.394012 0.353417 0.323001 0.299618 0.281270 0.266636 0.254814 0.245170 0.237246 0.230701 0.225283 0.220793 0.217079 0.214021 0.211520 0.209499 0.207893 0.206650 0.205729 0.205095 0.204723 0.204592 0.204690 0.205008 0.205546 0.206306 0.207297 0.208534 0.210038 0.211833 0.213955 0.216444 0.219350 0.222737 0.226678 0.231266 0.236613 0.242857 0.250165 0.258744 0.268841 0.280757 0.294839 0.311481 0.331087 0.354008 0.380403 0.410006 0.441785 0.473582 0.501972 0.522762 0.532322 0.529224 0.515004 0.493402 0.468724 0.444511 0.423040 0.405461 0.392149 0.383033 0.377804 0.376019 0.377121 0.380412 0.385015 0.389860 0.393751 0.395524 0.394289 0.389650 0.381800 0.371417 0.359440 0.346815 0.334327 0.322532 0.311764 0.302185 0.293837 0.286686 0.280665 0.275686 0.271659 0.268497 0.266119 0.264448 0.263411 0.262941 0.262968 0.263427 0.264256 0.265396 0.266803 0.268454 0.270358 0.272571 0.275214 0.278492 0.282722 0.288368 0.296098 0.306872 0.322088 0.343835 0.375310 0.421540 0.490498 0.594457 0.749571 0.964545 1.197224 1.307052 1.188611 0.947320 0.723736 0.560022 0.447488 0.370005 0.315333 0.275545 0.245672 0.222578
0.153550 0.162565 0.172320 0.182677 0.193361 0.203920 0.213718 0.221987 0.227958 0.231051 0.231048 0.228168 0.222998 0.216309 0.208873 0.201331 0.194141 0.187585 0.181805 0.176851 0.172713 0.169348 0.166702 0.164718 0.163343 0.162531 0.162245 0.162457 0.163150 0.164315 0.165951 0.168068 0.170687 0.173838 0.177563 0.181921 0.186985 0.192851 0.199641 0.207509 0.216655 0.227332 0.239871 0.254699 0.272377 0.293647 0.319488 0.351194 0.390461 0.439441 0.500691 0.576776 0.669072 0.775120 0.884532 0.976618 1.027191 1.026114 0.988330 0.944095 0.923343 0.952672 1.066605 1.335748 1.946265 3.498523 8.229292 16.136981 8.190636 3.419086 1.821644 1.159001 0.828013 0.639877 0.522683 0.444604 0.389869 0.349954 0.319926 0.296771 0.278557 0.264001 0.252220 0.242592 0.234666 0.228107 0.222663 0.218142 0.214391 0.211292 0.208749 0.206685 0.205038 0.203757 0.202801 0.202137 0.201740 0.201589 0.201673 0.201982 0.202514 0.203271 0.204259 0.205491 0.206983 0.208758 0.210844 0.213277 0.216099 0.219362 0.223129 0.227474 0.232489 0.238279 0.244973 0.252720 0.261694 0.272091 0.284123 0.297998 0.313895 0.331895 0.351894 0.373469 0.395729 0.417208 0.435928 0.449737 0.456930 0.456891 0.450374 0.439224 0.425741 0.412063 0.399827 0.390107 0.383518 0.380348 0.380665 0.384360 0.391130 0.400401 0.411219 0.422171 0.431435 0.437061 0.437482 0.432046 0.421242 0.406470 0.389505 0.371984 0.355120 0.339656 0.325947 0.314089 0.304024 0.295620 0.288719 0.283161 0.278800 0.275504 0.273159 0.271661 0.270915 0.270831 0.271318 0.272286 0.273640 0.275289 0.277149 0.279155 0.281271 0.283512 0.285957 0.288773 0.292233 0.296744 0.302877 0.311418 0.323446 0.340451 0.364500 0.398423 0.445904 0.510970 0.595610 0.693265 0.779008 0.812029 0.769655 0.674551 0.567523 0.473499 0.399051 0.342214 0.299003 0.265792 0.239822 0.219114
0.147052 0.154557 0.162485 0.170696 0.178959 0.186946 0.194235 0.200360 0.204878 0.207469 0.208018 0.206642 0.203663 0.199526 0.194701 0.189611 0.184593 0.179880 0.175622 0.171897 0.168738 0.166145 0.164105 0.162593 0.161584 0.161056 0.160989 0.161371 0.162196 0.163464 0.165183 0.167371 0.170054 0.173269 0.177065 0.181507 0.186679 0.192687 0.199668 0.207798 0.217304 0.228483 0.241724 0.257547 0.276654 0.300002 0.328922 0.365276 0.411703 0.471940 0.551191 0.656301 0.794851 0.970810 1.172651 1.355394 1.445298 1.402438 1.270962 1.129816 1.031546 1.000101 1.053795 1.227892 1.600943 2.322490 3.480411 4.248766 3.436411 2.231439 1.456346 1.018984 0.764284 0.606706 0.503415 0.432312 0.381354 0.343613 0.314900 0.292572 0.274895 0.260694 0.249153 0.239687 0.231869 0.225380 0.219980 0.215481 0.211739 0.208638 0.206085 0.204007 0.202343 0.201045 0.200072 0.199392 0.198982 0.198822 0.198898 0.199202 0.199731 0.200484 0.201467 0.202690 0.204166 0.205914 0.207957 0.210326 0.213056 0.216189 0.219777 0.223879 0.228565 0.233917 0.240029 0.247007 0.254965 0.264027 0.274309 0.285909 0.298876 0.313168 0.328599 0.344765 0.360995 0.376335 0.389632 0.399738 0.405811 0.407586 0.405496 0.400563 0.394123 0.387543 0.382015 0.378483 0.377660 0.380071 0.386101 0.395994 0.409781 0.427114 0.447002 0.467517 0.485686 0.497901 0.501031 0.493779 0.477316 0.454642 0.429235 0.403933 0.380532 0.359892 0.342243 0.327468 0.315293 0.305400 0.297487 0.291288 0.286577 0.283168 0.280907 0.279659 0.279307 0.279738 0.280837 0.282485 0.284553 0.286903 0.289400 0.291918 0.294361 0.296685 0.298917 0.301178 0.303700 0.306840 0.311088 0.317085 0.325647 0.337789 0.354745 0.377924 0.408685 0.447675 0.493364 0.539795 0.575240 0.585841 0.565046 0.519387 0.462704 0.406718 0.357393 0.316280 0.282781 0.255605 0.233439 0.215170
0.141451 0.147795 0.154368 0.161043 0.167640 0.173922 0.179609 0.184407 0.188051 0.190354 0.191250 0.190805 0.189206 0.186720 0.183642 0.180255 0.176799 0.173462 0.170376 0.167626 0.165264 0.163315 0.161787 0.160680 0.159988 0.159707 0.159831 0.160360 0.161297 0.162651 0.164438 0.166680 0.169410 0.172670 0.176515 0.181016 0.186265 0.192378 0.199505 0.207840 0.217636 0.229226 0.243058 0.259736 0.280100 0.305329 0.337121 0.377982 0.431693 0.504108 0.604481 0.747534 0.955963 1.259694 1.675131 2.125599 2.354226 2.169027 1.765411 1.404302 1.167873 1.047857 1.026899 1.101437 1.281819 1.572339 1.902200 2.050852 1.853217 1.470303 1.117842 0.860095 0.683096 0.561549 0.476272 0.414810 0.369328 0.334857 0.308183 0.287171 0.270371 0.256769 0.245644 0.236472 0.228862 0.222522 0.217227 0.212802 0.209111 0.206043 0.203511 0.201445 0.199786 0.198489 0.197515 0.196835 0.196423 0.196261 0.196337 0.196641 0.197169 0.197920 0.198898 0.200110 0.201568 0.203286 0.205284 0.207586 0.210222 0.213226 0.216637 0.220504 0.224878 0.229822 0.235400 0.241685 0.248751 0.256668 0.265494 0.275261 0.285954 0.297486 0.309664 0.322161 0.334500 0.346072 0.356198 0.364251 0.369807 0.372776 0.373454 0.372481 0.370721 0.369127 0.368631 0.370100 0.374333 0.382089 0.394121 0.411160 0.433823 0.462338 0.496009 0.532391 0.566525 0.591203 0.599377 0.587999 0.560019 0.522388 0.482217 0.444375 0.411222 0.383381 0.360574 0.342172 0.327484 0.315887 0.306858 0.299982 0.294934 0.291459 0.289359 0.288470 0.288652 0.289773 0.291695 0.294267 0.297317 0.300653 0.304067 0.307350 0.310318 0.312843 0.314882 0.316506 0.317914 0.319434 0.321514 0.324710 0.329659 0.337064 0.347641 0.362018 0.380509 0.402690 0.426763 0.448963 0.463769 0.465768 0.452626 0.426636 0.393176 0.357744 0.324098 0.294055 0.268085 0.245960 0.227175 0.211177
0.136696 0.142157 0.147729 0.153306 0.158748 0.163886 0.168528 0.172485 0.175589 0.177726 0.178856 0.179017 0.178322 0.176937 0.175053 0.172862 0.170538 0.168223 0.166032 0.164045 0.162319 0.160892 0.159785 0.159015 0.158589 0.158513 0.158796 0.159444 0.160470 0.161889 0.163723 0.165999 0.168755 0.172036 0.175904 0.180435 0.185724 0.191898 0.199115 0.207583 0.217576 0.229457 0.243719 0.261039 0.282370 0.309088 0.343228 0.387903 0.448059 0.531886 0.653644 0.839536 1.140391 1.657779 2.575890 4.004047 4.964100 4.043125 2.656613 1.785619 1.324412 1.093454 0.997057 0.990759 1.051545 1.155140 1.254979 1.283239 1.201892 1.043938 0.871016 0.720688 0.602460 0.512854 0.445390 0.394233 0.354946 0.324340 0.300158 0.280802 0.265130 0.252316 0.241750 0.232982 0.225667 0.219544 0.214409 0.210104 0.206500 0.203497 0.201013 0.198982 0.197349 0.196071 0.195112 0.194442 0.194039 0.193885 0.193967 0.194276 0.194808 0.195559 0.196534 0.197736 0.199175 0.200864 0.202817 0.205055 0.207599 0.210479 0.213724 0.217371 0.221458 0.226030 0.231132 0.236811 0.243111 0.250068 0.257704 0.266017 0.274964 0.284449 0.294308 0.304293 0.314076 0.323272 0.331482 0.338363 0.343713 0.347535 0.350069 0.351774 0.353281 0.355331 0.358732 0.364340 0.373084 0.386019 0.404390 0.429684 0.463606 0.507796 0.562983 0.627102 0.692370 0.743561 0.762703 0.741291 0.687755 0.619995 0.553170 0.495001 0.447505 0.409920 0.380601 0.357875 0.340332 0.326876 0.316682 0.309138 0.303799 0.300336 0.298506 0.298120 0.299021 0.301062 0.304089 0.307922 0.312341 0.317082 0.321840 0.326285 0.330103 0.333040 0.334954 0.335856 0.335927 0.335510 0.335074 0.335164 0.336350 0.339174 0.344086 0.351349 0.360895 0.372112 0.383627 0.393222 0.398165 0.396071 0.385955 0.368733 0.346727 0.322620 0.298601 0.276048 0.255615 0.237466 0.221497 0.207478
0.132723 0.137522 0.142361 0.147154 0.151795 0.156159 0.160113 0.163530 0.166300 0.168349 0.169650 0.170224 0.170143 0.169513 0.168461 0.167120 0.165616 0.164059 0.162544 0.161144 0.159915 0.158900 0.158130 0.157627 0.157412 0.157499 0.157903 0.158640 0.159728 0.161188 0.163045 0.165333 0.168090 0.171368 0.175230 0.179755 0.185044 0.191226 0.198468 0.206986 0.217065 0.229090 0.243581 0.261263 0.283167 0.310801 0.346436 0.393634 0.458227 0.550309 0.688583 0.910828 1.302455 2.087826 3.983864 9.652633 19.094714 9.687053 4.054498 2.198392 1.458811 1.121172 0.963340 0.901002 0.894115 0.914870 0.935162 0.927858 0.879362 0.797549 0.702330 0.610814 0.531530 0.466398 0.414149 0.372543 0.339367 0.312760 0.291257 0.273736 0.259349 0.247450 0.237548 0.229267 0.222315 0.216465 0.211537 0.207389 0.203907 0.200997 0.198584 0.196609 0.195020 0.193776 0.192844 0.192197 0.191813 0.191675 0.191770 0.192090 0.192629 0.193385 0.194359 0.195555 0.196979 0.198640 0.200552 0.202730 0.205190 0.207956 0.211049 0.214497 0.218328 0.222572 0.227259 0.232417 0.238072 0.244238 0.250916 0.258087 0.265703 0.273675 0.281874 0.290120 0.298196 0.305860 0.312881 0.319083 0.324387 0.328853 0.332698 0.336300 0.340177 0.344973 0.351453 0.360525 0.373299 0.391200 0.416133 0.450716 0.498542 0.564299 0.653126 0.767527 0.898964 1.015137 1.063209 1.013815 0.896264 0.763339 0.647289 0.556619 0.488797 0.438681 0.401606 0.374035 0.353451 0.338101 0.326773 0.318629 0.313090 0.309752 0.308333 0.308630 0.310480 0.313740 0.318248 0.323804 0.330140 0.336904 0.343657 0.349892 0.355091 0.358798 0.360718 0.360784 0.359189 0.356360 0.352879 0.349393 0.346520 0.344776 0.344515 0.345868 0.348672 0.352393 0.356078 0.358411 0.357938 0.353479 0.344542 0.331510 0.315459 0.297754 0.279648 0.262069 0.245576 0.230434 0.216702 0.204322
0.129468 0.133777 0.138087 0.142328 0.146418 0.150263 0.153768 0.156843 0.159413 0.161426 0.162862 0.163733 0.164084 0.163984 0.163521 0.162789 0.161879 0.160881 0.159869 0.158911 0.158058 0.157357 0.156841 0.156541 0.156482 0.156686 0.157173 0.157966 0.159086 0.160559 0.162414 0.164687 0.167420 0.170666 0.174489 0.178972 0.184215 0.190351 0.197547 0.206022 0.216067 0.228070 0.242562 0.260282 0.282288 0.310131 0.346167 0.394117 0.460144 0.555077 0.699428 0.936048 1.367379 2.292134 4.920316 19.071624 19.085192 19.101435 4.981108 2.386259 1.498355 1.108407 0.918235 0.824805 0.782560 0.765259 0.753636 0.733262 0.696899 0.645808 0.586807 0.527388 0.472669 0.424973 0.384686 0.351200 0.323551 0.300746 0.281893 0.266249 0.253211 0.242295 0.233121 0.225385 0.218846 0.213312 0.208628 0.204669 0.201334 0.198540 0.196220 0.194318 0.192788 0.191593 0.190701 0.190087 0.189731 0.189616 0.189732 0.190069 0.190621 0.191386 0.192364 0.193556 0.194969 0.196609 0.198486 0.200611 0.202998 0.205663 0.208623 0.211897 0.215505 0.219466 0.223800 0.228522 0.233643 0.239167 0.245083 0.251367 0.257972 0.264826 0.271831 0.278862 0.285778 0.292434 0.298703 0.304507 0.309842 0.314804 0.319608 0.324591 0.330224 0.337113 0.346029 0.357964 0.374241 0.396709 0.428069 0.472437 0.536277 0.629855 0.769004 0.974576 1.257790 1.564066 1.711515 1.563713 1.257039 0.973340 0.767163 0.627265 0.532786 0.467909 0.422405 0.389887 0.366348 0.349244 0.336927 0.328320 0.322716 0.319649 0.318813 0.320008 0.323091 0.327942 0.334422 0.342330 0.351361 0.361062 0.370815 0.379846 0.387302 0.392390 0.394548 0.393593 0.389782 0.383746 0.376344 0.368481 0.360958 0.354379 0.349108 0.345246 0.342631 0.340835 0.339187 0.336850 0.332972 0.326882 0.318274 0.307289 0.294435 0.280423 0.265966 0.251657 0.237909 0.224970 0.212951 0.201872
0.126868 0.130827 0.134767 0.138630 0.142351 0.145858 0.149081 0.151951 0.154415 0.156432 0.157986 0.159082 0.159748 0.160030 0.159990 0.159694 0.159213 0.158618 0.157972 0.157334 0.156754 0.156276 0.155940 0.155778 0.155821 0.156094 0.156624 0.157437 0.158557 0.160014 0.161839 0.164070 0.166751 0.169934 0.173686 0.178087 0.183238 0.189270 0.196347 0.204686 0.214571 0.226381 0.240636 0.258055 0.279665 0.306964 0.342215 0.388966 0.453029 0.544476 0.681973 0.903252 1.293657 2.077453 3.971424 9.637435 19.075769 9.662934 4.023131 2.156746 1.402483 1.043889 0.856572 0.754271 0.697192 0.663328 0.638490 0.613280 0.582735 0.546096 0.505534 0.464243 0.424947 0.389315 0.358028 0.331098 0.308182 0.288792 0.272418 0.258588 0.246890 0.236976 0.228558 0.221399 0.215304 0.210114 0.205700 0.201954 0.198788 0.196130 0.193919 0.192106 0.190649 0.189513 0.188672 0.188100 0.187781 0.187698 0.187841 0.188201 0.188772 0.189551 0.190538 0.191733 0.193141 0.194766 0.196616 0.198699 0.201025 0.203605 0.206453 0.209580 0.213000 0.216726 0.220766 0.225130 0.229819 0.234830 0.240148 0.245748 0.251589 0.257616 0.263758 0.269932 0.276049 0.282029 0.287812 0.293379 0.298774 0.304117 0.309624 0.315619 0.322549 0.331012 0.341802 0.356000 0.375130 0.401450 0.438472 0.491963 0.571927 0.696750 0.902137 1.259520 1.898532 2.895885 3.561033 2.896531 1.899786 1.261307 0.904356 0.699285 0.574665 0.494816 0.441404 0.404509 0.378487 0.359983 0.346944 0.338083 0.332591 0.329966 0.329907 0.332243 0.336888 0.343785 0.352861 0.363966 0.376793 0.390799 0.405131 0.418608 0.429819 0.437355 0.440159 0.437845 0.430827 0.420191 0.407360 0.393748 0.380508 0.368429 0.357923 0.349084 0.341736 0.335497 0.329834 0.324140 0.317827 0.310435 0.301721 0.291688 0.280559 0.268692 0.256488 0.244308 0.232437 0.221069 0.210316 0.200229
0.124870 0.128592 0.132288 0.135908 0.139400 0.142706 0.145769 0.148537 0.150965 0.153022 0.154689 0.155968 0.156873 0.157437 0.157701 0.157717 0.157540 0.157226 0.156832 0.156410 0.156009 0.155674 0.155446 0.155359 0.155448 0.155743 0.156274 0.157068 0.158154 0.159563 0.161329 0.163490 0.166089 0.169179 0.172825 0.177106 0.182119 0.187990 0.194878 0.202988 0.212590 0.224044 0.237835 0.254631 0.275377 0.301430 0.334808 0.378597 0.437705 0.520278 0.640504 0.824497 1.122952 1.637254 2.551322 3.974086 4.926814 3.995713 2.594965 1.703646 1.213051 0.939275 0.780610 0.685546 0.626573 0.587569 0.558273 0.532083 0.505278 0.476550 0.446307 0.415807 0.386397 0.359091 0.334456 0.312676 0.293678 0.277245 0.263100 0.250955 0.240538 0.231603 0.223941 0.217367 0.211731 0.206903 0.202776 0.199260 0.196279 0.193771 0.191683 0.189970 0.188597 0.187532 0.186750 0.186230 0.185955 0.185911 0.186087 0.186476 0.187072 0.187872 0.188874 0.190079 0.191489 0.193108 0.194941 0.196994 0.199273 0.201788 0.204546 0.207556 0.210824 0.214359 0.218164 0.222242 0.226589 0.231197 0.236052 0.241130 0.246398 0.251815 0.257332 0.262895 0.268455 0.273972 0.279431 0.284850 0.290303 0.295926 0.301938 0.308654 0.316510 0.326100 0.338236 0.354059 0.375239 0.404331 0.445466 0.505756 0.598350 0.749818 1.020284 1.567841 2.897966 6.888159 13.538406 6.889854 2.901316 1.572772 1.026698 0.757602 0.607400 0.515997 0.456885 0.417006 0.389383 0.370052 0.356669 0.347818 0.342641 0.340640 0.341556 0.345292 0.351860 0.361332 0.373781 0.389199 0.407374 0.427737 0.449171 0.469896 0.487527 0.499479 0.503683 0.499339 0.487241 0.469450 0.448535 0.426843 0.406099 0.387325 0.370950 0.356978 0.345136 0.334983 0.325992 0.317618 0.309361 0.300827 0.291766 0.282090 0.271856 0.261220 0.250390 0.239575 0.228957 0.218674 0.208820 0.199449
0.123429 0.127011 0.130566 0.134053 0.137428 0.140640 0.143642 0.146390 0.148843 0.150972 0.152759 0.154197 0.155295 0.156070 0.156555 0.156788 0.156815 0.156683 0.156444 0.156148 0.155842 0.155572 0.155380 0.155306 0.155385 0.155652 0.156138 0.156874 0.157891 0.159220 0.160895 0.162955 0.165443 0.168409 0.171916 0.176039 0.180871 0.186528 0.193160 0.200957 0.210168 0.221118 0.234246 0.250145 0.269637 0.293879 0.324543 0.364095 0.416264 0.486836 0.584968 0.725250 0.930190 1.229446 1.639038 2.081722 2.299787 2.099970 1.675719 1.284888 1.004762 0.819209 0.698232 0.618700 0.565103 0.527155 0.497928 0.472830 0.449091 0.425407 0.401542 0.377882 0.355036 0.333563 0.313843 0.296063 0.280249 0.266318 0.254127 0.243505 0.234276 0.226272 0.219340 0.213346 0.208169 0.203709 0.199878 0.196602 0.193817 0.191469 0.189514 0.187912 0.186632 0.185646 0.184932 0.184471 0.184247 0.184248 0.184464 0.184889 0.185516 0.186342 0.187367 0.188589 0.190010 0.191632 0.193459 0.195496 0.197746 0.200215 0.202908 0.205829 0.208983 0.212372 0.215996 0.219853 0.223937 0.228239 0.232743 0.237429 0.242271 0.247240 0.252303 0.257430 0.262594 0.267787 0.273019 0.278336 0.283827 0.289638 0.295987 0.303181 0.311646 0.321960 0.334933 0.351718 0.374024 0.404510 0.447539 0.510742 0.608555 0.771142 1.070668 1.717709 3.565615 13.540953 13.542256 13.543771 3.571205 1.725985 1.081514 0.784425 0.624148 0.528550 0.467531 0.426758 0.398742 0.379308 0.366031 0.357478 0.352817 0.351609 0.353682 0.359059 0.367920 0.380550 0.397293 0.418452 0.444126 0.473925 0.506570 0.539463 0.568523 0.588770 0.595877 0.588094 0.567139 0.537302 0.503522 0.469821 0.438719 0.411389 0.388078 0.368499 0.352105 0.338250 0.326281 0.315592 0.305660 0.296069 0.286530 0.276876 0.267053 0.257092 0.247073 0.237103 0.227287 0.217717 0.208462 0.199572
0.122509 0.126033 0.129538 0.132987 0.136339 0.139550 0.142577 0.145377 0.147912 0.150151 0.152072 0.153663 0.154924 0.155864 0.156507 0.156883 0.157031 0.156996 0.156826 0.156570 0.156277 0.155995 0.155769 0.155643 0.155655 0.155841 0.156236 0.156872 0.157781 0.158995 0.160548 0.162477 0.164823 0.167636 0.170972 0.174902 0.179511 0.184908 0.191226 0.198638 0.207364 0.217693 0.230001 0.244793 0.262750 0.284802 0.312243 0.346888 0.391311 0.449161 0.525524 0.627079 0.761174 0.931446 1.125887 1.298813 1.375424 1.314176 1.156673 0.977742 0.823021 0.704367 0.617847 0.555660 0.510529 0.476687 0.449840 0.426951 0.406050 0.386048 0.366527 0.347504 0.329211 0.311926 0.295878 0.281208 0.267965 0.256125 0.245618 0.236346 0.228197 0.221057 0.214818 0.209381 0.204655 0.200561 0.197028 0.193996 0.191412 0.189232 0.187417 0.185933 0.184753 0.183853 0.183214 0.182817 0.182651 0.182703 0.182966 0.183432 0.184097 0.184957 0.186011 0.187258 0.188699 0.190336 0.192171 0.194206 0.196444 0.198888 0.201541 0.204405 0.207480 0.210767 0.214261 0.217958 0.221851 0.225928 0.230176 0.234576 0.239108 0.243753 0.248488 0.253300 0.258181 0.263138 0.268203 0.273433 0.278929 0.284841 0.291381 0.298846 0.307640 0.318317 0.331649 0.348739 0.371223 0.401631 0.444079 0.505667 0.599540 0.752268 1.023978 1.572764 2.904107 6.895506 13.546943 6.899559 2.912153 1.584692 1.039635 0.771472 0.622108 0.531444 0.472975 0.433667 0.406578 0.387804 0.375079 0.367089 0.363112 0.362819 0.366177 0.373389 0.384870 0.401239 0.423290 0.451927 0.487978 0.531779 0.582388 0.636413 0.686913 0.723778 0.737114 0.722668 0.684640 0.632865 0.577393 0.525088 0.479254 0.440720 0.409013 0.383133 0.361967 0.344465 0.329709 0.316928 0.305493 0.294917 0.284840 0.275024 0.265328 0.255694 0.246119 0.236636 0.227293 0.218146 0.209243 0.200628
0.122080 0.125623 0.129160 0.132656 0.136074 0.139370 0.142502 0.145427 0.148104 0.150496 0.152577 0.154327 0.155737 0.156810 0.157563 0.158020 0.158218 0.158200 0.158014 0.157714 0.157352 0.156980 0.156647 0.156400 0.156281 0.156331 0.156584 0.157076 0.157837 0.158901 0.160298 0.162066 0.164242 0.166871 0.170006 0.173711 0.178063 0.183158 0.189115 0.196084 0.204256 0.213875 0.225256 0.238808 0.255068 0.274745 0.298776 0.328400 0.365239 0.411344 0.469135 0.540989 0.628015 0.727378 0.828145 0.908826 0.944029 0.921760 0.854003 0.766114 0.679500 0.604942 0.545037 0.498350 0.462109 0.433475 0.410014 0.389845 0.371646 0.354601 0.338302 0.322632 0.307643 0.293460 0.280206 0.267973 0.256806 0.246706 0.237639 0.229549 0.222367 0.216017 0.210424 0.205515 0.201222 0.197483 0.194245 0.191457 0.189077 0.187068 0.185397 0.184036 0.182961 0.182153 0.181593 0.181267 0.181164 0.181273 0.181588 0.182101 0.182810 0.183711 0.184803 0.186084 0.187556 0.189219 0.191074 0.193124 0.195369 0.197812 0.200452 0.203289 0.206322 0.209548 0.212962 0.216556 0.220322 0.224247 0.228318 0.232520 0.236836 0.241251 0.245754 0.250340 0.255013 0.259794 0.264722 0.269866 0.275329 0.281260 0.287864 0.295418 0.304300 0.315021 0.328286 0.345094 0.366902 0.395915 0.435612 0.491740 0.574298 0.701674 0.909577 1.269450 1.910930 2.910730 3.578300 2.916178 1.921747 1.285484 0.930614 0.727452 0.604539 0.526180 0.474051 0.438272 0.413273 0.395817 0.384009 0.376772 0.373564 0.374227 0.378908 0.388043 0.402364 0.422952 0.451295 0.489328 0.539361 0.603668 0.683267 0.775251 0.868657 0.942016 0.969985 0.940580 0.865715 0.770657 0.676794 0.595005 0.528097 0.474940 0.433128 0.400194 0.374021 0.352906 0.335519 0.320830 0.308048 0.296572 0.285959 0.275893 0.266163 0.256643 0.247266 0.238014 0.228897 0.219941 0.211183 0.202657
0.122123 0.125757 0.129405 0.133033 0.136603 0.140071 0.143392 0.146519 0.149405 0.152007 0.154285 0.156213 0.157773 0.158959 0.159782 0.160264 0.160442 0.160361 0.160075 0.159643 0.159123 0.158574 0.158052 0.157610 0.157293 0.157145 0.157203 0.157502 0.158073 0.158948 0.160156 0.161732 0.163708 0.166127 0.169035 0.172487 0.176553 0.181313 0.186873 0.193358 0.200928 0.209783 0.220177 0.232428 0.246940 0.264224 0.284920 0.309812 0.339828 0.375981 0.419193 0.469879 0.527164 0.587702 0.644578 0.687680 0.707104 0.698591 0.666352 0.620227 0.570235 0.523151 0.482136 0.447829 0.419551 0.396111 0.376264 0.358928 0.343270 0.328727 0.314973 0.301866 0.289384 0.277571 0.266488 0.256190 0.246710 0.238056 0.230214 0.223153 0.216830 0.211195 0.206195 0.201778 0.197895 0.194499 0.191546 0.188998 0.186820 0.184982 0.183458 0.182223 0.181257 0.180544 0.180068 0.179817 0.179782 0.179954 0.180326 0.180893 0.181653 0.182602 0.183739 0.185064 0.186577 0.188279 0.190170 0.192252 0.194524 0.196988 0.199642 0.202485 0.205512 0.208720 0.212101 0.215647 0.219345 0.223185 0.227151 0.231229 0.235406 0.239669 0.244014 0.248440 0.252959 0.257599 0.262406 0.267453 0.272842 0.278718 0.285272 0.292761 0.301528 0.312027 0.324876 0.340931 0.361405 0.388065 0.423564 0.471995 0.539814 0.637299 0.780297 0.989679 1.276677 1.586718 1.737904 1.593790 1.290715 1.010473 0.807546 0.670624 0.578788 0.516188 0.472600 0.441690 0.419566 0.403861 0.393175 0.386749 0.384279 0.385814 0.391721 0.402706 0.419886 0.444931 0.480281 0.529459 0.597419 0.690701 0.816510 0.978359 1.164178 1.328375 1.396376 1.326732 1.160803 0.973073 0.809042 0.680681 0.584372 0.512797 0.459288 0.418747 0.387494 0.362904 0.343101 0.326725 0.312779 0.300529 0.289435 0.279106 0.269265 0.259728 0.250385 0.241177 0.232089 0.223129 0.214326 0.205715
0.122622 0.126421 0.130260 0.134106 0.137919 0.141654 0.145260 0.148680 0.151858 0.154739 0.157271 0.159412 0.161134 0.162423 0.163282 0.163735 0.163819 0.163589 0.163106 0.162440 0.161661 0.160838 0.160036 0.159313 0.158722 0.158308 0.158110 0.158164 0.158500 0.159147 0.160132 0.161485 0.163235 0.165418 0.168075 0.171251 0.175006 0.179409 0.184546 0.190521 0.197464 0.205533 0.214924 0.225874 0.238676 0.253677 0.271286 0.291960 0.316173 0.344331 0.376613 0.412695 0.451347 0.490004 0.524603 0.550163 0.562350 0.559398 0.543009 0.517442 0.487587 0.457386 0.429259 0.404266 0.382548 0.363748 0.347314 0.332675 0.319346 0.306967 0.295307 0.284244 0.273735 0.263787 0.254428 0.245689 0.237591 0.230146 0.223347 0.217178 0.211612 0.206617 0.202158 0.198197 0.194698 0.191625 0.188947 0.186631 0.184652 0.182984 0.181605 0.180497 0.179642 0.179027 0.178639 0.178467 0.178504 0.178742 0.179177 0.179804 0.180620 0.181625 0.182816 0.184195 0.185761 0.187515 0.189457 0.191589 0.193910 0.196420 0.199117 0.201998 0.205058 0.208290 0.211687 0.215237 0.218926 0.222742 0.226669 0.230691 0.234796 0.238973 0.243218 0.247535 0.251940 0.256463 0.261154 0.266086 0.271360 0.277112 0.283520 0.290816 0.299302 0.309373 0.321547 0.336523 0.355247 0.379036 0.409732 0.449929 0.503227 0.574338 0.668435 0.788058 0.924696 1.046064 1.099324 1.055080 0.942585 0.814539 0.703088 0.616621 0.552502 0.505516 0.470985 0.445434 0.426498 0.412675 0.403095 0.397359 0.395433 0.397598 0.404457 0.417004 0.436767 0.466082 0.508546 0.569801 0.658838 0.790056 0.985724 1.275223 1.674346 2.106031 2.313540 2.104308 1.670793 1.269628 0.977769 0.779312 0.644766 0.551744 0.485725 0.437585 0.401538 0.373832 0.351961 0.334202 0.319339 0.306498 0.295037 0.284490 0.274521 0.264899 0.255475 0.246164 0.236934 0.227789 0.218759 0.209886
0.123567 0.127607 0.131723 0.135882 0.140042 0.144152 0.148154 0.151979 0.155556 0.158812 0.161676 0.164087 0.165999 0.167388 0.168252 0.168615 0.168521 0.168037 0.167242 0.166222 0.165063 0.163849 0.162657 0.161556 0.160602 0.159845 0.159326 0.159078 0.159130 0.159507 0.160234 0.161334 0.162832 0.164757 0.167141 0.170023 0.173451 0.177480 0.182181 0.187635 0.193945 0.201232 0.209639 0.219339 0.230530 0.243436 0.258299 0.275359 0.294811 0.316743 0.341014 0.367107 0.393944 0.419764 0.442194 0.458639 0.467013 0.466491 0.457830 0.443041 0.424632 0.404879 0.385426 0.367224 0.350664 0.335764 0.322340 0.310131 0.298883 0.288384 0.278485 0.269100 0.260188 0.251745 0.243782 0.236316 0.229363 0.222932 0.217022 0.211625 0.206726 0.202303 0.198332 0.194789 0.191646 0.188878 0.186460 0.184367 0.182580 0.181078 0.179844 0.178862 0.178119 0.177603 0.177305 0.177215 0.177327 0.177636 0.178138 0.178830 0.179711 0.180778 0.182032 0.183474 0.185105 0.186924 0.188935 0.191136 0.193528 0.196110 0.198880 0.201834 0.204966 0.208268 0.211730 0.215338 0.219077 0.222932 0.226883 0.230914 0.235009 0.239158 0.243356 0.247606 0.251927 0.256348 0.260921 0.265717 0.270834 0.276400 0.282579 0.289577 0.297658 0.307152 0.318484 0.332196 0.348993 0.369790 0.395766 0.428401 0.469427 0.520540 0.582533 0.653403 0.725425 0.783404 0.809376 0.794804 0.748043 0.686869 0.626281 0.573808 0.531284 0.497805 0.471666 0.451253 0.435355 0.423211 0.414460 0.409071 0.407297 0.409658 0.416989 0.430552 0.452257 0.485076 0.533778 0.606341 0.716753 0.890850 1.178933 1.681747 2.582189 3.988475 4.925950 3.986814 2.578743 1.676266 1.171045 0.880060 0.702446 0.587784 0.510113 0.455320 0.415296 0.385133 0.361722 0.343000 0.327551 0.314366 0.302713 0.292053 0.281993 0.272258 0.262668 0.253124 0.243590 0.234075 0.224622 0.215292
0.124952 0.129316 0.133803 0.138381 0.143008 0.147625 0.152162 0.156537 0.160655 0.164417 0.167725 0.170489 0.172641 0.174139 0.174974 0.175172 0.174794 0.173925 0.172671 0.171142 0.169451 0.167702 0.165989 0.164391 0.162972 0.161784 0.160868 0.160255 0.159971 0.160036 0.160469 0.161286 0.162507 0.164153 0.166248 0.168822 0.171911 0.175560 0.179820 0.184756 0.190444 0.196972 0.204443 0.212974 0.222692 0.233732 0.246221 0.260262 0.275897 0.293060 0.311506 0.330733 0.349915 0.367882 0.383220 0.394503 0.400645 0.401216 0.396580 0.387753 0.376083 0.362903 0.349290 0.335976 0.323368 0.311627 0.300750 0.290654 0.281222 0.272347 0.263944 0.255961 0.248369 0.241163 0.234349 0.227938 0.221942 0.216368 0.211219 0.206491 0.202176 0.198261 0.194731 0.191568 0.188753 0.186269 0.184095 0.182215 0.180612 0.179271 0.178178 0.177321 0.176689 0.176273 0.176066 0.176060 0.176251 0.176635 0.177208 0.177971 0.178920 0.180058 0.181384 0.182900 0.184607 0.186507 0.188602 0.190892 0.193379 0.196062 0.198937 0.202002 0.205248 0.208667 0.212246 0.215970 0.219822 0.223779 0.227821 0.231927 0.236076 0.240255 0.244454 0.248676 0.252936 0.257265 0.261712 0.266348 0.271267 0.276590 0.282468 0.289084 0.296665 0.305487 0.315886 0.328274 0.343152 0.361124 0.382891 0.409213 0.440784 0.477936 0.520085 0.564897 0.607508 0.640778 0.657688 0.655164 0.636061 0.607158 0.575318 0.545101 0.518546 0.496005 0.477050 0.461088 0.447684 0.436672 0.428165 0.422509 0.420253 0.422157 0.429257 0.443024 0.465651 0.500570 0.553447 0.634157 0.761115 0.971692 1.350639 2.120982 3.996059 9.625642 19.009651 9.624213 3.993051 2.116100 1.343444 0.961610 0.747440 0.616056 0.529962 0.470619 0.428024 0.396388 0.372153 0.353013 0.337401 0.324202 0.312601 0.301991 0.291923 0.282079 0.272256 0.262347 0.252326 0.242226 0.232120 0.222101
0.126772 0.131548 0.136514 0.141638 0.146875 0.152162 0.157415 0.162529 0.167380 0.171833 0.175747 0.178992 0.181461 0.183088 0.183853 0.183791 0.182984 0.181553 0.179641 0.177401 0.174981 0.172515 0.170116 0.167878 0.165871 0.164149 0.162752 0.161706 0.161030 0.160737 0.160840 0.161346 0.162268 0.163617 0.165409 0.167665 0.170411 0.173677 0.177502 0.181933 0.187022 0.192831 0.199430 0.206892 0.215294 0.224707 0.235184 0.246747 0.259360 0.272895 0.287099 0.301552 0.315647 0.328613 0.339582 0.347731 0.352453 0.353507 0.351072 0.345693 0.338126 0.329167 0.319518 0.309710 0.300092 0.290856 0.282082 0.273773 0.265898 0.258416 0.251287 0.244486 0.238000 0.231826 0.225970 0.220442 0.215252 0.210406 0.205909 0.201762 0.197959 0.194495 0.191360 0.188542 0.186028 0.183806 0.181861 0.180181 0.178753 0.177567 0.176611 0.175876 0.175354 0.175038 0.174922 0.175002 0.175273 0.175735 0.176384 0.177221 0.178247 0.179461 0.180868 0.182468 0.184264 0.186260 0.188457 0.190859 0.193466 0.196278 0.199293 0.202508 0.205915 0.209503 0.213258 0.217162 0.221194 0.225326 0.229533 0.233785 0.238057 0.242325 0.246577 0.250808 0.255030 0.259272 0.263582 0.268030 0.272707 0.277730 0.283240 0.289404 0.296417 0.304510 0.313947 0.325036 0.338126 0.353599 0.371851 0.393229 0.417923 0.445768 0.475960 0.506751 0.535325 0.558203 0.572324 0.576388 0.571462 0.560317 0.546056 0.531025 0.516461 0.502713 0.489684 0.477234 0.465425 0.454606 0.445373 0.438487 0.434821 0.435363 0.441308 0.454237 0.476453 0.511553 0.565524 0.648965 0.782087 1.007312 1.426358 2.336306 4.941447 19.017630 19.016932 19.016633 4.939273 2.332600 1.420598 0.998819 0.770038 0.632399 0.543349 0.482549 0.439270 0.407399 0.383215 0.364315 0.349059 0.336263 0.325041 0.314716 0.304775 0.294856 0.284731 0.274299 0.263562 0.252602 0.241546 0.230542
0.129020 0.134309 0.139875 0.145693 0.151718 0.157881 0.164084 0.170194 0.176049 0.181457 0.186217 0.190133 0.193041 0.194834 0.195477 0.195018 0.193578 0.191332 0.188489 0.185261 0.181849 0.178427 0.175135 0.172079 0.169339 0.166965 0.164990 0.163435 0.162307 0.161611 0.161347 0.161515 0.162116 0.163154 0.164634 0.166567 0.168968 0.171858 0.175259 0.179204 0.183727 0.188868 0.194669 0.201173 0.208418 0.216433 0.225227 0.234777 0.245012 0.255791 0.266886 0.277966 0.288595 0.298257 0.306404 0.312538 0.316300 0.317542 0.316357 0.313048 0.308055 0.301867 0.294941 0.287656 0.280287 0.273016 0.265946 0.259125 0.252567 0.246269 0.240223 0.234424 0.228870 0.223564 0.218516 0.213733 0.209226 0.205002 0.201067 0.197424 0.194071 0.191006 0.188224 0.185717 0.183477 0.181496 0.179763 0.178271 0.177009 0.175970 0.175146 0.174529 0.174115 0.173898 0.173874 0.174039 0.174394 0.174935 0.175663 0.176580 0.177687 0.178986 0.180481 0.182175 0.184073 0.186180 0.188499 0.191033 0.193787 0.196761 0.199954 0.203363 0.206981 0.210797 0.214794 0.218951 0.223242 0.227633 0.232090 0.236573 0.241046 0.245476 0.249838 0.254119 0.258326 0.262483 0.266638 0.270861 0.275246 0.279909 0.284985 0.290630 0.297021 0.304351 0.312834 0.322701 0.334194 0.347555 0.363000 0.380668 0.400550 0.422372 0.445478 0.468733 0.490569 0.509252 0.523366 0.532319 0.536515 0.537070 0.535224 0.531823 0.527112 0.520869 0.512764 0.502737 0.491218 0.479113 0.467630 0.458065 0.451671 0.449660 0.453313 0.464198 0.484512 0.517653 0.569225 0.649041 0.775457 0.985787 1.364733 2.135275 4.010707 9.640759 19.025310 9.640448 4.009863 2.133465 1.361321 0.979957 0.766228 0.635285 0.549675 0.490904 0.449019 0.418264 0.395093 0.377182 0.362902 0.351036 0.340631 0.330923 0.321316 0.311382 0.300869 0.289696 0.277924 0.265720 0.253307 0.240918
0.131685 0.137598 0.143906 0.150594 0.157625 0.164930 0.172394 0.179854 0.187093 0.193844 0.199810 0.204693 0.208233 0.210255 0.210701 0.209641 0.207261 0.203831 0.199660 0.195057 0.190296 0.185603 0.181151 0.177061 0.173411 0.170247 0.167588 0.165441 0.163799 0.162651 0.161986 0.161790 0.162053 0.162767 0.163929 0.165538 0.167599 0.170121 0.173117 0.176604 0.180600 0.185128 0.190210 0.195864 0.202105 0.208934 0.216333 0.224259 0.232626 0.241303 0.250098 0.258756 0.266965 0.274372 0.280621 0.285397 0.288478 0.289766 0.289309 0.287282 0.283949 0.279618 0.274590 0.269132 0.263455 0.257715 0.252014 0.246417 0.240960 0.235662 0.230533 0.225583 0.220818 0.216248 0.211882 0.207732 0.203808 0.200117 0.196666 0.193461 0.190502 0.187790 0.185322 0.183095 0.181104 0.179343 0.177807 0.176489 0.175383 0.174484 0.173785 0.173283 0.172973 0.172853 0.172920 0.173172 0.173610 0.174233 0.175044 0.176044 0.177237 0.178627 0.180219 0.182018 0.184031 0.186264 0.188723 0.191414 0.194343 0.197513 0.200925 0.204577 0.208464 0.212574 0.216889 0.221385 0.226029 0.230780 0.235591 0.240410 0.245184 0.249862 0.254405 0.258787 0.263003 0.267074 0.271048 0.274999 0.279027 0.283254 0.287819 0.292876 0.298590 0.305134 0.312684 0.321423 0.331525 0.343150 0.356421 0.371392 0.388004 0.406037 0.425057 0.444413 0.463296 0.480896 0.496617 0.510255 0.522009 0.532269 0.541255 0.548676 0.553620 0.554792 0.551084 0.542203 0.528984 0.513201 0.497042 0.482601 0.471624 0.465521 0.465554 0.473108 0.490058 0.519255 0.565325 0.636106 0.745453 0.919091 1.207216 1.710479 2.611689 4.018975 4.957598 4.019677 2.612815 1.711485 1.207312 0.917274 0.740534 0.626735 0.550007 0.496346 0.457750 0.429398 0.408216 0.392112 0.379547 0.369291 0.360308 0.351702 0.342741 0.332893 0.321867 0.309622 0.296333 0.282318 0.267960 0.253628
0.134747 0.141408 0.148618 0.156387 0.164695 0.173480 0.182622 0.191924 0.201098 0.209772 0.217501 0.223818 0.228302 0.230662 0.230793 0.228810 0.225014 0.219837 0.213753 0.207217 0.200611 0.194230 0.188277 0.182883 0.178116 0.174002 0.170540 0.167713 0.165492 0.163846 0.162746 0.162163 0.162073 0.162455 0.163296 0.164585 0.166314 0.168484 0.171096 0.174154 0.177666 0.181640 0.186081 0.190993 0.196371 0.202201 0.208451 0.215068 0.221968 0.229034 0.236110 0.243001 0.249480 0.255304 0.260232 0.264060 0.266640 0.267906 0.267882 0.266669 0.264433 0.261370 0.257683 0.253560 0.249160 0.244610 0.240003 0.235405 0.230860 0.226400 0.222046 0.217813 0.213717 0.209770 0.205985 0.202374 0.198947 0.195713 0.192681 0.189856 0.187242 0.184841 0.182653 0.180677 0.178910 0.177351 0.175995 0.174839 0.173878 0.173110 0.172531 0.172139 0.171930 0.171904 0.172061 0.172399 0.172921 0.173628 0.174523 0.175610 0.176894 0.178381 0.180077 0.181991 0.184131 0.186506 0.189125 0.191998 0.195131 0.198534 0.202209 0.206159 0.210380 0.214862 0.219585 0.224523 0.229637 0.234873 0.240172 0.245461 0.250663 0.255705 0.260522 0.265068 0.269324 0.273303 0.277056 0.280666 0.284248 0.287940 0.291895 0.296275 0.301245 0.306969 0.313606 0.321305 0.330205 0.340422 0.352040 0.365094 0.379551 0.395290 0.412098 0.429691 0.447764 0.466092 0.484619 0.503509 0.523066 0.543481 0.564424 0.584596 0.601511 0.611889 0.612841 0.603359 0.585032 0.561400 0.536516 0.513793 0.495601 0.483440 0.478343 0.481296 0.493614 0.517351 0.555824 0.614423 0.701924 0.832540 1.028384 1.318690 1.719117 2.152467 2.361867 2.154620 1.723065 1.323732 1.033514 0.836495 0.703231 0.611442 0.546767 0.500277 0.466387 0.441512 0.423243 0.409835 0.399889 0.392166 0.385486 0.378732 0.370921 0.361324 0.349580 0.335728 0.320152 0.303445 0.286258 0.269178
0.138176 0.145716 0.154010 0.163106 0.173021 0.183724 0.195102 0.206934 0.218854 0.230336 0.240711 0.249228 0.255183 0.258065 0.257690 0.254250 0.248266 0.240452 0.231565 0.222283 0.213140 0.204509 0.196620 0.189591 0.183461 0.178220 0.173827 0.170227 0.167363 0.165175 0.163610 0.162621 0.162167 0.162215 0.162736 0.163711 0.165121 0.166956 0.169209 0.171873 0.174945 0.178422 0.182299 0.186566 0.191210 0.196204 0.201511 0.207075 0.212819 0.218643 0.224420 0.230003 0.235223 0.239908 0.243893 0.247037 0.249239 0.250453 0.250688 0.250006 0.248510 0.246330 0.243603 0.240464 0.237032 0.233407 0.229670 0.225882 0.222089 0.218327 0.214622 0.210996 0.207465 0.204047 0.200755 0.197602 0.194601 0.191760 0.189090 0.186595 0.184282 0.182155 0.180214 0.178462 0.176898 0.175521 0.174329 0.173322 0.172496 0.171851 0.171385 0.171097 0.170986 0.171052 0.171296 0.171719 0.172325 0.173116 0.174097 0.175274 0.176653 0.178242 0.180051 0.182090 0.184369 0.186901 0.189700 0.192778 0.196148 0.199822 0.203810 0.208118 0.212747 0.217690 0.222930 0.228437 0.234164 0.240049 0.246009 0.251946 0.257752 0.263316 0.268535 0.273332 0.277664 0.281538 0.285008 0.288176 0.291184 0.294200 0.297405 0.300984 0.305115 0.309964 0.315683 0.322408 0.330258 0.339330 0.349701 0.361418 0.374501 0.388943 0.404725 0.421857 0.440424 0.460668 0.483045 0.508235 0.537033 0.570010 0.606868 0.645479 0.680990 0.706078 0.713533 0.700416 0.670226 0.630771 0.590038 0.553623 0.524477 0.503784 0.491911 0.489087 0.495822 0.513205 0.543184 0.588876 0.654911 0.747568 0.873833 1.037021 1.224877 1.391623 1.462488 1.395828 1.232811 1.047757 0.886057 0.759648 0.664980 0.594903 0.543012 0.504537 0.476145 0.455527 0.441020 0.431300 0.425148 0.421286 0.418289 0.414625 0.408829 0.399780 0.386964 0.370581 0.351424 0.330596 0.309215 0.288203
0.141920 0.150476 0.160052 0.170757 0.182678 0.195850 0.210212 0.225546 0.241414 0.257090 0.271557 0.283581 0.291928 0.295665 0.294444 0.288622 0.279139 0.267237 0.254156 0.240923 0.228270 0.216642 0.206264 0.197202 0.189429 0.182865 0.177407 0.172946 0.169378 0.166608 0.164555 0.163147 0.162324 0.162037 0.162245 0.162916 0.164023 0.165545 0.167465 0.169770 0.172447 0.175484 0.178868 0.182582 0.186603 0.190902 0.195437 0.200155 0.204987 0.209848 0.214637 0.219237 0.223526 0.227376 0.230671 0.233310 0.235224 0.236375 0.236767 0.236436 0.235450 0.233894 0.231863 0.229455 0.226759 0.223854 0.220808 0.217675 0.214498 0.211315 0.208152 0.205034 0.201980 0.199008 0.196135 0.193372 0.190734 0.188230 0.185870 0.183662 0.181612 0.179724 0.178002 0.176449 0.175065 0.173853 0.172811 0.171939 0.171239 0.170708 0.170348 0.170158 0.170140 0.170295 0.170624 0.171131 0.171820 0.172696 0.173764 0.175033 0.176511 0.178207 0.180134 0.182306 0.184735 0.187440 0.190437 0.193746 0.197384 0.201372 0.205725 0.210459 0.215581 0.221091 0.226976 0.233208 0.239734 0.246477 0.253332 0.260164 0.266818 0.273127 0.278932 0.284104 0.288565 0.292307 0.295396 0.297966 0.300206 0.302338 0.304591 0.307189 0.310339 0.314219 0.318984 0.324765 0.331671 0.339795 0.349218 0.360013 0.372259 0.386056 0.401560 0.419030 0.438900 0.461873 0.489013 0.521815 0.562169 0.612035 0.672489 0.741644 0.811455 0.865821 0.885656 0.862075 0.804480 0.732496 0.662795 0.604033 0.558750 0.526559 0.506229 0.496654 0.497233 0.507988 0.529600 0.563404 0.611258 0.675088 0.755634 0.849742 0.946215 1.023339 1.055504 1.030441 0.959771 0.868495 0.777811 0.698521 0.633519 0.581928 0.541759 0.511080 0.488361 0.472466 0.462505 0.457648 0.456910 0.458952 0.461932 0.463552 0.461375 0.453441 0.438902 0.418297 0.393267 0.365912 0.338166 0.311455
0.145906 0.155612 0.166674 0.179298 0.193690 0.210015 0.228343 0.248546 0.270164 0.292250 0.313262 0.331123 0.343569 0.348791 0.346091 0.336175 0.320858 0.302412 0.282920 0.263931 0.246400 0.230792 0.217240 0.205683 0.195959 0.187870 0.181216 0.175810 0.171487 0.168107 0.165549 0.163715 0.162524 0.161909 0.161814 0.162196 0.163019 0.164251 0.165869 0.167851 0.170177 0.172829 0.175787 0.179029 0.182528 0.186250 0.190156 0.194195 0.198306 0.202418 0.206447 0.210304 0.213895 0.217124 0.219906 0.222168 0.223857 0.224946 0.225433 0.225340 0.224710 0.223601 0.222082 0.220221 0.218088 0.215743 0.213244 0.210637 0.207962 0.205254 0.202541 0.199847 0.197193 0.194597 0.192076 0.189645 0.187315 0.185099 0.183006 0.181044 0.179221 0.177542 0.176012 0.174635 0.173412 0.172347 0.171440 0.170693 0.170106 0.169682 0.169420 0.169324 0.169393 0.169633 0.170045 0.170634 0.171405 0.172365 0.173521 0.174883 0.176461 0.178269 0.180320 0.182631 0.185222 0.188113 0.191327 0.194890 0.198830 0.203173 0.207948 0.213181 0.218891 0.225091 0.231777 0.238928 0.246488 0.254370 0.262438 0.270511 0.278366 0.285751 0.292417 0.298150 0.302814 0.306376 0.308924 0.310650 0.311824 0.312756 0.313756 0.315111 0.317069 0.319832 0.323562 0.328387 0.334409 0.341720 0.350405 0.360564 0.372329 0.385895 0.401567 0.419830 0.441454 0.467635 0.500203 0.541873 0.596534 0.669358 0.766088 0.889675 1.031161 1.155920 1.207127 1.153317 1.026430 0.883773 0.760471 0.665997 0.597931 0.551078 0.520829 0.503884 0.498161 0.502536 0.516601 0.540420 0.574231 0.617940 0.670275 0.727559 0.782576 0.824910 0.844317 0.836133 0.804114 0.757663 0.706485 0.657279 0.613441 0.576179 0.545670 0.521775 0.504351 0.493331 0.488656 0.490128 0.497151 0.508387 0.521382 0.532433 0.537081 0.531452 0.513892 0.485738 0.450545 0.412448 0.374816 0.339763
0.150029 0.161004 0.173748 0.188611 0.205986 0.226278 0.249832 0.276794 0.306869 0.338970 0.370844 0.398926 0.418857 0.426850 0.421382 0.403983 0.378445 0.349136 0.319625 0.292172 0.267871 0.247022 0.229486 0.214921 0.202929 0.193123 0.185159 0.178742 0.173629 0.169620 0.166553 0.164298 0.162747 0.161816 0.161434 0.161547 0.162106 0.163075 0.164421 0.166116 0.168135 0.170454 0.173048 0.175891 0.178954 0.182203 0.185599 0.189094 0.192636 0.196163 0.199608 0.202899 0.205962 0.208725 0.211122 0.213099 0.214615 0.215648 0.216192 0.216262 0.215885 0.215102 0.213960 0.212512 0.210809 0.208900 0.206832 0.204646 0.202377 0.200057 0.197713 0.195370 0.193048 0.190766 0.188540 0.186387 0.184317 0.182345 0.180479 0.178728 0.177101 0.175603 0.174241 0.173017 0.171937 0.171002 0.170217 0.169581 0.169099 0.168772 0.168603 0.168593 0.168746 0.169066 0.169557 0.170225 0.171077 0.172120 0.173363 0.174819 0.176499 0.178420 0.180599 0.183057 0.185817 0.188905 0.192354 0.196195 0.200467 0.205209 0.210464 0.216275 0.222680 0.229711 0.237384 0.245693 0.254592 0.263984 0.273707 0.283517 0.293095 0.302061 0.310015 0.316602 0.321578 0.324876 0.326618 0.327102 0.326740 0.325988 0.325285 0.325012 0.325474 0.326901 0.329460 0.333271 0.338426 0.345003 0.353091 0.362804 0.374313 0.387888 0.403957 0.423204 0.446712 0.476196 0.514376 0.565591 0.636801 0.739166 0.889923 1.111791 1.417112 1.747129 1.905500 1.745025 1.413343 1.107238 0.885911 0.737466 0.639630 0.575608 0.534679 0.510315 0.498611 0.497275 0.504991 0.520979 0.544615 0.575015 0.610542 0.648297 0.683904 0.712029 0.727897 0.729182 0.716920 0.694679 0.666774 0.636868 0.607548 0.580545 0.557127 0.538379 0.525329 0.518978 0.520260 0.529913 0.548149 0.574024 0.604458 0.633321 0.651776 0.651182 0.627741 0.584909 0.530986 0.474474 0.421176 0.373871
0.154154 0.166483 0.181070 0.198465 0.219342 0.244502 0.274814 0.311070 0.353614 0.401663 0.452266 0.499354 0.534061 0.547710 0.536586 0.504411 0.459866 0.411824 0.366361 0.326432 0.292826 0.265204 0.242782 0.224693 0.210143 0.198461 0.189104 0.181639 0.175724 0.171089 0.167523 0.164860 0.162967 0.161740 0.161092 0.160958 0.161280 0.162014 0.163120 0.164565 0.166318 0.168352 0.170639 0.173150 0.175854 0.178717 0.181702 0.184766 0.187860 0.190934 0.193929 0.196788 0.199452 0.201864 0.203972 0.205734 0.207117 0.208101 0.208682 0.208866 0.208671 0.208126 0.207266 0.206129 0.204754 0.203184 0.201454 0.199601 0.197656 0.195648 0.193605 0.191547 0.189498 0.187474 0.185493 0.183570 0.181719 0.179950 0.178276 0.176704 0.175243 0.173901 0.172682 0.171593 0.170637 0.169818 0.169140 0.168606 0.168218 0.167980 0.167895 0.167966 0.168197 0.168593 0.169160 0.169904 0.170834 0.171958 0.173288 0.174836 0.176619 0.178655 0.180964 0.183572 0.186507 0.189804 0.193499 0.197639 0.202272 0.207455 0.213249 0.219720 0.226935 0.234956 0.243834 0.253596 0.264222 0.275625 0.287618 0.299890 0.311987 0.323327 0.333262 0.341181 0.346651 0.349530 0.350015 0.348594 0.345935 0.342743 0.339658 0.337195 0.335729 0.335513 0.336705 0.339401 0.343665 0.349552 0.357133 0.366522 0.377910 0.391613 0.408147 0.428349 0.453567 0.485990 0.529227 0.589397 0.677273 0.812761 1.034541 1.419967 2.109328 3.185741 3.903091 3.183569 2.105402 1.415121 1.030018 0.810204 0.678715 0.597237 0.546210 0.515181 0.498321 0.492264 0.494996 0.505210 0.521881 0.543917 0.569857 0.597653 0.624650 0.647897 0.664785 0.673723 0.674453 0.667811 0.655201 0.638206 0.618504 0.597948 0.578603 0.562671 0.552387 0.549973 0.557668 0.577717 0.612108 0.661615 0.723571 0.788390 0.837491 0.848994 0.812467 0.737950 0.646933 0.557614 0.479218 0.414093
0.158112 0.171826 0.188349 0.208488 0.233311 0.264220 0.302989 0.351713 0.412445 0.486128 0.570247 0.655197 0.722129 0.748783 0.724652 0.660251 0.577841 0.496279 0.425176 0.367051 0.320967 0.284875 0.256687 0.234631 0.217313 0.203667 0.192892 0.184382 0.177682 0.172447 0.168409 0.165366 0.163158 0.161661 0.160774 0.160420 0.160534 0.161062 0.161961 0.163192 0.164722 0.166517 0.168550 0.170788 0.173201 0.175754 0.178413 0.181137 0.183883 0.186607 0.189260 0.191793 0.194157 0.196306 0.198199 0.199801 0.201084 0.202031 0.202636 0.202902 0.202840 0.202470 0.201819 0.200915 0.199791 0.198479 0.197011 0.195418 0.193728 0.191968 0.190163 0.188335 0.186505 0.184690 0.182908 0.181173 0.179500 0.177899 0.176383 0.174961 0.173640 0.172429 0.171333 0.170359 0.169511 0.168794 0.168210 0.167766 0.167463 0.167305 0.167297 0.167442 0.167746 0.168214 0.168853 0.169670 0.170674 0.171877 0.173291 0.174931 0.176815 0.178964 0.181404 0.184164 0.187278 0.190789 0.194743 0.199196 0.204216 0.209876 0.216265 0.223478 0.231622 0.240807 0.251141 0.262710 0.275555 0.289633 0.304766 0.320573 0.336427 0.351437 0.364523 0.374607 0.380880 0.383056 0.381478 0.377011 0.370793 0.363961 0.357466 0.352001 0.348008 0.345735 0.345298 0.346739 0.350064 0.355278 0.362416 0.371568 0.382917 0.396792 0.413750 0.434715 0.461202 0.495731 0.542580 0.609311 0.710082 0.873625 1.165003 1.755212 3.190746 7.501004 14.686190 7.498232 3.185615 1.748543 1.158014 0.867911 0.707591 0.612310 0.553620 0.517601 0.496885 0.487328 0.486468 0.492732 0.504972 0.522161 0.543181 0.566696 0.591137 0.614812 0.636089 0.653546 0.665992 0.672395 0.671946 0.664391 0.650525 0.632433 0.613268 0.596714 0.586529 0.586443 0.600413 0.633079 0.690078 0.777410 0.897822 1.040703 1.166768 1.211965 1.140614 0.987920 0.817463 0.668050 0.549831 0.459644
0.161709 0.176763 0.195205 0.218148 0.247163 0.284478 0.333260 0.397930 0.484296 0.598749 0.744429 0.910764 1.057690 1.119647 1.060212 0.915813 0.752015 0.608888 0.497008 0.413241 0.351202 0.305085 0.270475 0.244209 0.224064 0.208474 0.196330 0.186834 0.179408 0.173623 0.169160 0.165779 0.163293 0.161560 0.160466 0.159924 0.159859 0.160215 0.160940 0.161994 0.163339 0.164940 0.166767 0.168787 0.170968 0.173279 0.175684 0.178146 0.180628 0.183088 0.185485 0.187776 0.189920 0.191878 0.193615 0.195101 0.196312 0.197234 0.197857 0.198183 0.198219 0.197979 0.197483 0.196753 0.195815 0.194698 0.193427 0.192032 0.190537 0.188967 0.187347 0.185697 0.184037 0.182386 0.180760 0.179175 0.177644 0.176179 0.174791 0.173490 0.172285 0.171182 0.170190 0.169313 0.168557 0.167926 0.167426 0.167060 0.166832 0.166747 0.166809 0.167022 0.167394 0.167928 0.168634 0.169520 0.170596 0.171874 0.173369 0.175097 0.177080 0.179341 0.181909 0.184820 0.188114 0.191840 0.196057 0.200836 0.206259 0.212427 0.219457 0.227487 0.236678 0.247208 0.259272 0.273061 0.288734 0.306364 0.325852 0.346804 0.368391 0.389259 0.407578 0.421356 0.429005 0.429930 0.424786 0.415220 0.403286 0.390876 0.379410 0.369779 0.362447 0.357586 0.355202 0.355220 0.357546 0.362103 0.368860 0.377856 0.389236 0.403301 0.420593 0.442035 0.469177 0.504630 0.552902 0.622100 0.727758 0.902483 1.224349 1.921082 3.915167 14.693037 14.690892 14.689120 3.907760 1.911038 1.212920 0.891302 0.718797 0.617629 0.555430 0.516854 0.493922 0.482196 0.479072 0.482935 0.492703 0.507565 0.526811 0.549748 0.575646 0.603700 0.632937 0.661981 0.688719 0.710097 0.722526 0.723171 0.711634 0.690763 0.665894 0.643246 0.628744 0.627923 0.646777 0.693298 0.779622 0.924403 1.152317 1.476434 1.830424 1.994296 1.803018 1.421031 1.067725 0.808800 0.630541 0.507631
0.164738 0.180990 0.201187 0.226770 0.259872 0.303729 0.363369 0.446766 0.566646 0.742659 1.000709 1.354744 1.737022 1.921740 1.739541 1.359786 1.008285 0.752783 0.579337 0.462049 0.381273 0.324287 0.283122 0.252754 0.229950 0.212584 0.199216 0.188856 0.180801 0.174548 0.169726 0.166061 0.163345 0.161418 0.160155 0.159458 0.159250 0.159466 0.160052 0.160965 0.162163 0.163612 0.165279 0.167130 0.169136 0.171262 0.173477 0.175746 0.178033 0.180302 0.182515 0.184634 0.186624 0.188449 0.190080 0.191489 0.192654 0.193562 0.194203 0.194576 0.194684 0.194539 0.194155 0.193550 0.192748 0.191771 0.190644 0.189391 0.188038 0.186607 0.185122 0.183603 0.182070 0.180541 0.179033 0.177561 0.176138 0.174778 0.173490 0.172285 0.171171 0.170156 0.169247 0.168451 0.167772 0.167215 0.166786 0.166488 0.166326 0.166305 0.166430 0.166706 0.167139 0.167735 0.168504 0.169454 0.170597 0.171947 0.173518 0.175331 0.177408 0.179776 0.182470 0.185527 0.188996 0.192935 0.197415 0.202520 0.208355 0.215048 0.222754 0.231662 0.242003 0.254050 0.268127 0.284591 0.303815 0.326119 0.351648 0.380154 0.410687 0.441259 0.468721 0.489214 0.499395 0.497936 0.486229 0.467682 0.446218 0.425055 0.406249 0.390822 0.379095 0.371003 0.366310 0.364733 0.366015 0.369953 0.376417 0.385367 0.396877 0.411179 0.428737 0.450382 0.477539 0.512635 0.559871 0.626747 0.727382 0.890496 1.181168 1.770426 3.204810 7.513766 14.697540 7.508097 3.193941 1.755283 1.163115 0.871300 0.709164 0.611921 0.551073 0.512646 0.489223 0.476631 0.472426 0.475150 0.483932 0.498280 0.517967 0.542978 0.573465 0.609632 0.651432 0.697908 0.746137 0.790195 0.821450 0.831641 0.817862 0.785201 0.744219 0.706137 0.680059 0.673278 0.693511 0.752395 0.871224 1.092123 1.500452 2.251984 3.438735 4.226354 3.409997 2.193768 1.411238 0.969546 0.711974 0.552124
0.166997 0.184202 0.205823 0.233598 0.270200 0.319887 0.389745 0.492145 0.649885 0.907282 1.353030 2.148093 3.387735 4.214592 3.390250 2.153128 1.360595 0.917390 0.662556 0.507401 0.407614 0.340401 0.293394 0.259513 0.234502 0.215694 0.201353 0.190313 0.181771 0.175158 0.170063 0.166183 0.163292 0.161218 0.159827 0.159015 0.158698 0.158809 0.159292 0.160099 0.161189 0.162526 0.164075 0.165805 0.167684 0.169680 0.171762 0.173897 0.176052 0.178193 0.180285 0.182293 0.184185 0.185929 0.187496 0.188862 0.190006 0.190913 0.191574 0.191985 0.192148 0.192070 0.191764 0.191245 0.190534 0.189650 0.188618 0.187460 0.186200 0.184861 0.183465 0.182033 0.180585 0.179139 0.177712 0.176318 0.174972 0.173686 0.172472 0.171338 0.170293 0.169346 0.168503 0.167771 0.167154 0.166658 0.166288 0.166049 0.165945 0.165981 0.166161 0.166493 0.166982 0.167635 0.168461 0.169471 0.170677 0.172093 0.173737 0.175629 0.177794 0.180264 0.183074 0.186270 0.189907 0.194050 0.198784 0.204208 0.210451 0.217670 0.226065 0.235886 0.247451 0.261157 0.277504 0.297105 0.320681 0.349023 0.382849 0.422481 0.467240 0.514524 0.558950 0.592655 0.607945 0.601546 0.576802 0.541476 0.503505 0.468344 0.438671 0.415245 0.397826 0.385783 0.378418 0.375108 0.375347 0.378754 0.385070 0.394147 0.405962 0.420638 0.438503 0.460203 0.486892 0.520567 0.564668 0.625177 0.712788 0.847383 1.067680 1.451110 2.138064 3.211768 3.926201 3.203625 2.122313 1.428807 1.040386 0.817117 0.681969 0.596536 0.541150 0.505234 0.482836 0.470494 0.466176 0.468732 0.477606 0.492713 0.514400 0.543473 0.581239 0.629470 0.690059 0.763928 0.848568 0.934215 1.001559 1.027871 1.002972 0.939043 0.860988 0.790708 0.741401 0.720680 0.736090 0.801295 0.946121 1.241251 1.876067 3.459795 8.258712 16.272138 8.228634 3.398715 1.782069 1.111282 0.775768 0.584474
0.168315 0.186135 0.208687 0.237921 0.276906 0.330686 0.408023 0.525194 0.715157 1.052546 1.733646 3.386072 8.340963 16.598322 8.343475 3.391101 1.741201 1.062641 0.727808 0.540426 0.425861 0.351161 0.300052 0.263777 0.237295 0.217543 0.202571 0.191097 0.182244 0.175403 0.170134 0.166118 0.163116 0.160948 0.159475 0.158587 0.158199 0.158241 0.158655 0.159392 0.160411 0.161674 0.163147 0.164799 0.166598 0.168513 0.170515 0.172571 0.174650 0.176719 0.178746 0.180699 0.182545 0.184254 0.185798 0.187154 0.188301 0.189222 0.189907 0.190351 0.190554 0.190522 0.190265 0.189798 0.189138 0.188305 0.187323 0.186214 0.185002 0.183709 0.182359 0.180972 0.179568 0.178167 0.176785 0.175437 0.174137 0.172898 0.171730 0.170643 0.169647 0.168748 0.167953 0.167269 0.166701 0.166254 0.165933 0.165743 0.165687 0.165772 0.166002 0.166383 0.166922 0.167627 0.168507 0.169572 0.170835 0.172312 0.174022 0.175987 0.178234 0.180796 0.183714 0.187038 0.190829 0.195161 0.200131 0.205856 0.212486 0.220213 0.229283 0.240016 0.252829 0.268273 0.287079 0.310208 0.338920 0.374810 0.419756 0.475604 0.543213 0.620367 0.698542 0.760992 0.787941 0.770071 0.716776 0.647910 0.580300 0.522549 0.476961 0.442765 0.418211 0.401518 0.391197 0.386099 0.385378 0.388428 0.394829 0.404311 0.416730 0.432071 0.450477 0.472334 0.498406 0.530090 0.569810 0.621671 0.692497 0.793419 0.941751 1.160364 1.461789 1.787461 1.941203 1.775931 1.439357 1.128283 0.901876 0.748173 0.644784 0.574763 0.527199 0.495342 0.475043 0.463769 0.460036 0.463090 0.472760 0.489427 0.514103 0.548606 0.595846 0.660166 0.747498 0.864536 1.014702 1.187147 1.340122 1.405196 1.344812 1.198373 1.036361 0.903053 0.812789 0.767515 0.769685 0.830577 0.981921 1.307488 2.059177 4.265767 16.290171 16.273298 16.258831 4.201966 1.960556 1.170207 0.800243 0.596221
0.168580 0.186607 0.209479 0.239223 0.279052 0.334310 0.414411 0.537234 0.740199 1.112888 1.916747 4.211312 16.596704 16.597947 16.599214 4.216335 1.924293 1.122970 0.752834 0.552444 0.432223 0.354752 0.302159 0.265033 0.238033 0.217950 0.202759 0.191133 0.182172 0.175250 0.169918 0.165852 0.162807 0.160601 0.159092 0.158171 0.157750 0.157758 0.158138 0.158840 0.159823 0.161050 0.162487 0.164103 0.165866 0.167748 0.169718 0.171747 0.173803 0.175854 0.177870 0.179818 0.181667 0.183387 0.184948 0.186327 0.187501 0.188452 0.189169 0.189645 0.189878 0.189873 0.189639 0.189191 0.188545 0.187723 0.186748 0.185643 0.184434 0.183143 0.181795 0.180411 0.179012 0.177618 0.176246 0.174910 0.173626 0.172405 0.171259 0.170197 0.169228 0.168358 0.167595 0.166945 0.166412 0.166002 0.165719 0.165568 0.165553 0.165680 0.165953 0.166378 0.166962 0.167713 0.168640 0.169755 0.171071 0.172604 0.174373 0.176403 0.178723 0.181368 0.184381 0.187818 0.191745 0.196245 0.201425 0.207420 0.214401 0.222592 0.232289 0.243882 0.257900 0.275066 0.296381 0.323255 0.357686 0.402506 0.461667 0.540357 0.644285 0.776267 0.926923 1.060632 1.119086 1.069912 0.945569 0.804450 0.682265 0.588488 0.520398 0.472389 0.439383 0.417546 0.404167 0.397379 0.395907 0.398886 0.405727 0.416031 0.429529 0.446053 0.465527 0.488015 0.513810 0.543603 0.578742 0.621560 0.675727 0.746389 0.839444 0.958126 1.093812 1.212195 1.256713 1.196079 1.062331 0.912790 0.782529 0.680906 0.605328 0.550369 0.511124 0.483931 0.466274 0.456533 0.453789 0.457706 0.468512 0.487077 0.515124 0.555642 0.613599 0.697158 0.819590 1.001570 1.270479 1.641238 2.042889 2.238187 2.049518 1.656175 1.297282 1.046153 0.891153 0.809957 0.790424 0.834997 0.967332 1.254713 1.884614 3.465162 8.261987 16.274018 8.229574 3.399018 1.781939 1.110859 0.775148 0.583726
0.167748 0.185554 0.208092 0.237313 0.276286 0.330055 0.407382 0.524544 0.714497 1.051880 1.732974 3.385394 8.340281 16.597637 8.342788 3.390412 1.740512 1.061952 0.727119 0.539737 0.425173 0.350474 0.299365 0.263090 0.236607 0.216852 0.201877 0.190398 0.181539 0.174688 0.169408 0.165378 0.162360 0.160172 0.158676 0.157764 0.157347 0.157358 0.157739 0.158441 0.159424 0.160652 0.162090 0.163710 0.165481 0.167374 0.169361 0.171412 0.173496 0.175583 0.177641 0.179637 0.181538 0.183314 0.184934 0.186370 0.187598 0.188600 0.189359 0.189867 0.190122 0.190127 0.189891 0.189430 0.188762 0.187909 0.186897 0.185750 0.184497 0.183162 0.181771 0.180348 0.178913 0.177488 0.176090 0.174734 0.173435 0.172205 0.171056 0.169995 0.169032 0.168174 0.167426 0.166795 0.166284 0.165900 0.165645 0.165525 0.165543 0.165704 0.166014 0.166477 0.167101 0.167894 0.168864 0.170024 0.171386 0.172969 0.174791 0.176878 0.179260 0.181976 0.185070 0.188601 0.192641 0.197282 0.202638 0.208858 0.216135 0.224723 0.234960 0.247308 0.262402 0.281139 0.304813 0.335337 0.375603 0.430103 0.505953 0.614495 0.773240 1.005264 1.323009 1.666227 1.834017 1.675720 1.342089 1.034124 0.812170 0.663892 0.566325 0.502078 0.459937 0.432927 0.416708 0.408545 0.406694 0.410029 0.417807 0.429525 0.444808 0.463342 0.484818 0.508932 0.535425 0.564210 0.595566 0.630347 0.670088 0.716747 0.771719 0.833640 0.895049 0.940371 0.950918 0.918058 0.851310 0.770297 0.691597 0.623691 0.568867 0.526407 0.494652 0.471947 0.456990 0.448909 0.447277 0.452138 0.464080 0.484419 0.515550 0.561625 0.629849 0.733072 0.895206 1.162912 1.629677 2.465187 3.770068 4.641997 3.777588 2.481709 1.658342 1.208930 0.966635 0.842246 0.796012 0.815972 0.911278 1.117565 1.516601 2.262104 3.444878 4.229839 3.411689 2.194241 1.410884 0.968631 0.710685 0.550590
0.165860 0.183037 0.204631 0.232380 0.268958 0.318623 0.388460 0.490840 0.648563 0.905946 1.351681 2.146734 3.386368 4.213219 3.388873 2.151748 1.359214 0.916009 0.661176 0.506023 0.406238 0.339026 0.292020 0.258138 0.233126 0.214313 0.199965 0.188916 0.180360 0.173729 0.168611 0.164704 0.161780 0.159667 0.158231 0.157367 0.156994 0.157042 0.157458 0.158194 0.159211 0.160475 0.161953 0.163617 0.165438 0.167388 0.169439 0.171562 0.173727 0.175903 0.178056 0.180154 0.182161 0.184043 0.185766 0.187299 0.188615 0.189688 0.190503 0.191047 0.191316 0.191314 0.191051 0.190544 0.189813 0.188885 0.187788 0.186551 0.185204 0.183776 0.182295 0.180786 0.179273 0.177777 0.176315 0.174905 0.173561 0.172294 0.171116 0.170034 0.169057 0.168192 0.167443 0.166817 0.166316 0.165946 0.165710 0.165612 0.165656 0.165846 0.166186 0.166682 0.167342 0.168171 0.169180 0.170379 0.171783 0.173409 0.175277 0.177412 0.179846 0.182618 0.185777 0.189382 0.193509 0.198256 0.203745 0.210135 0.217637 0.226527 0.237183 0.250120 0.266067 0.286077 0.311709 0.345354 0.390820 0.454427 0.547205 0.689464 0.920665 1.319762 2.030024 3.136260 3.875569 3.145970 2.049551 1.349319 0.960579 0.740182 0.609302 0.528618 0.477976 0.446518 0.428110 0.419153 0.417474 0.421738 0.431109 0.445036 0.463098 0.484877 0.509852 0.537314 0.566355 0.595965 0.625269 0.653827 0.681831 0.709924 0.738469 0.766331 0.789683 0.802051 0.796813 0.771350 0.729275 0.678344 0.626375 0.578703 0.537927 0.504776 0.479032 0.460150 0.447596 0.441029 0.440398 0.446038 0.458817 0.480385 0.513641 0.563634 0.639385 0.757898 0.953806 1.305701 2.020345 3.758761 8.975823 17.671914 8.983425 3.775225 2.048328 1.349574 1.020217 0.856754 0.785507 0.779540 0.834095 0.959058 1.174303 1.490157 1.838671 1.998868 1.805102 1.421423 1.066966 0.807262 0.628484 0.505237
0.163027 0.179236 0.199392 0.224936 0.258002 0.301824 0.361433 0.444801 0.564656 0.740647 0.998678 1.352697 1.734964 1.919672 1.737467 1.357709 1.006207 0.750706 0.577262 0.459977 0.379204 0.322221 0.281058 0.250690 0.227885 0.210513 0.197136 0.186761 0.178686 0.172406 0.167551 0.163845 0.161079 0.159092 0.157761 0.156987 0.156692 0.156812 0.157295 0.158099 0.159184 0.160519 0.162074 0.163822 0.165735 0.167787 0.169950 0.172198 0.174499 0.176821 0.179129 0.181388 0.183559 0.185604 0.187483 0.189160 0.190600 0.191775 0.192662 0.193248 0.193525 0.193498 0.193179 0.192587 0.191748 0.190694 0.189458 0.188074 0.186578 0.185003 0.183379 0.181736 0.180098 0.178488 0.176925 0.175425 0.174003 0.172670 0.171437 0.170311 0.169300 0.168409 0.167644 0.167009 0.166506 0.166140 0.165914 0.165830 0.165892 0.166105 0.166471 0.166996 0.167686 0.168547 0.169590 0.170825 0.172266 0.173929 0.175835 0.178009 0.180484 0.183298 0.186503 0.190158 0.194343 0.199158 0.204730 0.211227 0.218868 0.227947 0.238863 0.252174 0.268669 0.289508 0.316439 0.352208 0.401321 0.471593 0.577531 0.748485 1.050900 1.659471 3.132730 7.545130 14.896716 7.555057 3.152703 1.689728 1.091807 0.800544 0.641393 0.548076 0.491427 0.457152 0.437676 0.428763 0.427970 0.433872 0.445644 0.462793 0.484967 0.511760 0.542520 0.576135 0.610897 0.644550 0.674667 0.699312 0.717688 0.730258 0.738118 0.741914 0.740983 0.733395 0.717062 0.691324 0.657804 0.619873 0.581290 0.545079 0.513127 0.486342 0.464994 0.449047 0.438392 0.433012 0.433096 0.439171 0.452267 0.474204 0.508103 0.559378 0.637782 0.762030 0.971471 1.360436 2.204287 4.618816 17.659862 17.662397 17.666945 4.634009 2.229741 1.399633 1.029586 0.846496 0.759130 0.732395 0.753123 0.817613 0.923291 1.056484 1.176084 1.216917 1.142599 0.987882 0.816047 0.665704 0.546869 0.456287
0.159418 0.174414 0.192800 0.215691 0.244656 0.281925 0.330664 0.395295 0.481626 0.596050 0.741705 0.908020 1.054930 1.116875 1.057433 0.913030 0.749232 0.606107 0.494231 0.410469 0.348436 0.302324 0.267718 0.241455 0.221308 0.205712 0.193557 0.184043 0.176591 0.170772 0.166265 0.162828 0.160276 0.158464 0.157278 0.156630 0.156447 0.156671 0.157254 0.158157 0.159344 0.160785 0.162454 0.164325 0.166373 0.168574 0.170902 0.173328 0.175824 0.178355 0.180884 0.183373 0.185777 0.188051 0.190149 0.192026 0.193640 0.194952 0.195936 0.196570 0.196849 0.196776 0.196365 0.195643 0.194642 0.193401 0.191962 0.190366 0.188656 0.186871 0.185046 0.183212 0.181398 0.179628 0.177921 0.176293 0.174760 0.173331 0.172016 0.170823 0.169758 0.168824 0.168026 0.167368 0.166852 0.166480 0.166254 0.166178 0.166253 0.166482 0.166870 0.167419 0.168136 0.169027 0.170100 0.171367 0.172839 0.174533 0.176470 0.178675 0.181179 0.184021 0.187252 0.190934 0.195145 0.199987 0.205590 0.212122 0.219808 0.228946 0.239945 0.253376 0.270053 0.291172 0.318552 0.355069 0.405496 0.478231 0.589207 0.771747 1.105598 1.823445 3.868176 14.892824 14.897631 14.902961 3.888580 1.854381 1.147475 0.825127 0.654824 0.557016 0.498600 0.463908 0.444845 0.436999 0.437913 0.446250 0.461346 0.482937 0.510936 0.545190 0.585148 0.629424 0.675338 0.718731 0.754517 0.778213 0.787795 0.784496 0.771782 0.753328 0.731489 0.707012 0.679732 0.649562 0.617127 0.583787 0.551219 0.520946 0.494075 0.471265 0.452835 0.438911 0.429570 0.424952 0.425371 0.431434 0.444212 0.465508 0.498341 0.547849 0.623127 0.741224 0.936797 1.288439 2.002883 3.741096 8.957861 17.653430 8.964007 3.754191 2.024587 1.321393 0.984808 0.809530 0.718708 0.679684 0.677319 0.703305 0.749882 0.804472 0.846682 0.853499 0.813771 0.737064 0.644556 0.554235 0.475181 0.409643
0.155232 0.168872 0.185324 0.205395 0.230155 0.261004 0.299719 0.348394 0.409082 0.482728 0.566816 0.651741 0.718653 0.745295 0.721156 0.656750 0.574342 0.492785 0.421688 0.363572 0.317497 0.281415 0.253234 0.231183 0.213864 0.200214 0.189426 0.180896 0.174166 0.168889 0.164798 0.161687 0.159395 0.157798 0.156794 0.156305 0.156266 0.156625 0.157338 0.158370 0.159691 0.161273 0.163093 0.165128 0.167356 0.169755 0.172301 0.174967 0.177722 0.180533 0.183360 0.186159 0.188878 0.191465 0.193861 0.196011 0.197859 0.199357 0.200468 0.201164 0.201437 0.201290 0.200745 0.199834 0.198602 0.197099 0.195376 0.193489 0.191488 0.189418 0.187322 0.185236 0.183189 0.181206 0.179309 0.177514 0.175833 0.174277 0.172853 0.171569 0.170427 0.169433 0.168587 0.167893 0.167351 0.166964 0.166732 0.166656 0.166738 0.166980 0.167385 0.167955 0.168697 0.169614 0.170715 0.172010 0.173510 0.175231 0.177192 0.179419 0.181940 0.184797 0.188036 0.191719 0.195924 0.200752 0.206329 0.212824 0.220456 0.229519 0.240415 0.253700 0.270169 0.290979 0.317883 0.353628 0.402723 0.472984 0.578923 0.749893 1.052342 1.660972 3.134320 7.546845 14.898604 7.557176 3.155125 1.692544 1.095133 0.804529 0.646226 0.554006 0.498778 0.466355 0.449305 0.443591 0.447045 0.458622 0.478012 0.505408 0.541314 0.586279 0.640429 0.702636 0.769305 0.833249 0.884045 0.911424 0.910708 0.885607 0.845359 0.799262 0.753326 0.710051 0.669760 0.632000 0.596410 0.563017 0.532173 0.504348 0.479961 0.459308 0.442564 0.429835 0.421229 0.416928 0.417272 0.422857 0.434681 0.454370 0.484559 0.529588 0.596805 0.699160 0.860618 1.127840 1.594258 2.429445 3.733847 4.604880 3.738797 2.439944 1.611527 1.153781 0.897883 0.751229 0.668010 0.624991 0.609486 0.613271 0.628992 0.647925 0.659611 0.654374 0.627742 0.582722 0.527313 0.469810 0.415872 0.368179
0.150673 0.162911 0.177411 0.194722 0.215521 0.240608 0.270854 0.307049 0.349541 0.397544 0.448110 0.495168 0.529852 0.543486 0.532355 0.500178 0.455637 0.407602 0.362151 0.322235 0.288644 0.261036 0.238626 0.220546 0.206000 0.194316 0.184948 0.177461 0.171512 0.166830 0.163201 0.160458 0.158465 0.157116 0.156326 0.156025 0.156158 0.156679 0.157551 0.158743 0.160228 0.161985 0.163993 0.166233 0.168688 0.171337 0.174160 0.177132 0.180222 0.183396 0.186611 0.189816 0.192953 0.195956 0.198753 0.201270 0.203436 0.205185 0.206465 0.207240 0.207496 0.207241 0.206502 0.205327 0.203773 0.201909 0.199804 0.197525 0.195137 0.192695 0.190247 0.187833 0.185488 0.183236 0.181098 0.179090 0.177223 0.175506 0.173945 0.172544 0.171306 0.170232 0.169324 0.168581 0.168003 0.167591 0.167345 0.167263 0.167348 0.167599 0.168018 0.168608 0.169372 0.170314 0.171441 0.172762 0.174287 0.176031 0.178012 0.180252 0.182782 0.185638 0.188867 0.192529 0.196697 0.201469 0.206968 0.213353 0.220836 0.229694 0.240306 0.253192 0.269084 0.289035 0.314610 0.348204 0.393630 0.457213 0.549989 0.692276 0.923542 1.322752 2.033186 3.139669 3.879316 3.150170 2.054346 1.354891 0.967155 0.748053 0.618844 0.540319 0.492476 0.464664 0.451038 0.448393 0.455112 0.470637 0.495215 0.529786 0.575913 0.635640 0.711016 0.802829 0.907884 1.014817 1.101615 1.142304 1.124306 1.059089 0.971575 0.882826 0.803395 0.735861 0.679054 0.630810 0.589207 0.552917 0.521163 0.493544 0.469868 0.450042 0.434019 0.421790 0.413404 0.409007 0.408894 0.413581 0.423914 0.441229 0.467617 0.506358 0.562646 0.644808 0.766204 0.947516 1.216043 1.586533 1.987755 2.182083 1.991377 1.594200 1.228609 0.966278 0.792905 0.681613 0.612053 0.570969 0.549678 0.541828 0.541817 0.543930 0.542401 0.532494 0.511977 0.481794 0.445231 0.406234 0.368041 0.332670
0.145933 0.156799 0.169437 0.184200 0.201481 0.221685 0.245158 0.272048 0.302061 0.334109 0.365939 0.393987 0.413893 0.421870 0.416396 0.398997 0.373467 0.344171 0.314677 0.287245 0.262965 0.242138 0.224621 0.210071 0.198089 0.188285 0.180312 0.173875 0.168727 0.164666 0.161529 0.159181 0.157514 0.156440 0.155889 0.155802 0.156132 0.156841 0.157898 0.159277 0.160958 0.162923 0.165157 0.167646 0.170375 0.173331 0.176495 0.179846 0.183357 0.186991 0.190702 0.194435 0.198119 0.201673 0.205006 0.208019 0.210616 0.212705 0.214213 0.215091 0.215317 0.214904 0.213891 0.212345 0.210349 0.207995 0.205375 0.202579 0.199684 0.196760 0.193862 0.191036 0.188316 0.185729 0.183294 0.181025 0.178931 0.177018 0.175290 0.173747 0.172390 0.171219 0.170232 0.169428 0.168804 0.168360 0.168092 0.168001 0.168084 0.168342 0.168774 0.169382 0.170168 0.171134 0.172287 0.173634 0.175183 0.176947 0.178943 0.181192 0.183721 0.186565 0.189768 0.193386 0.197489 0.202167 0.207537 0.213748 0.220993 0.229530 0.239700 0.251966 0.266970 0.285613 0.309197 0.339637 0.379836 0.434293 0.510131 0.618706 0.777539 1.009721 1.327712 1.671285 1.839565 1.681925 1.349163 1.042329 0.821841 0.675455 0.580328 0.519235 0.481183 0.459503 0.450276 0.451361 0.461849 0.481811 0.512231 0.555102 0.613644 0.692594 0.798305 0.937768 1.114176 1.314927 1.493544 1.574280 1.514720 1.355903 1.172388 1.009771 0.880110 0.779962 0.702312 0.640924 0.591250 0.550235 0.515916 0.487064 0.462909 0.442972 0.426950 0.414675 0.406087 0.401249 0.400365 0.403829 0.412289 0.426751 0.448723 0.480434 0.525125 0.587385 0.673287 0.789545 0.939474 1.111980 1.264945 1.329427 1.267203 1.116779 0.947373 0.801372 0.690105 0.610433 0.555693 0.519645 0.497187 0.484063 0.476421 0.470585 0.463175 0.451580 0.434501 0.412160 0.385975 0.357886 0.329711 0.302794
0.141178 0.150754 0.161691 0.174197 0.188476 0.204698 0.222931 0.243049 0.264593 0.286618 0.307580 0.325402 0.337822 0.343028 0.340324 0.330412 0.315109 0.296683 0.277216 0.258257 0.240757 0.225180 0.211657 0.200125 0.190419 0.182339 0.175682 0.170259 0.165902 0.162467 0.159832 0.157896 0.156573 0.155794 0.155501 0.155649 0.156197 0.157118 0.158384 0.159978 0.161884 0.164090 0.166587 0.169367 0.172423 0.175744 0.179321 0.183136 0.187165 0.191375 0.195718 0.200129 0.204528 0.208812 0.212862 0.216549 0.219735 0.222292 0.224114 0.225128 0.225305 0.224661 0.223259 0.221194 0.218587 0.215567 0.212258 0.208779 0.205227 0.201686 0.198220 0.194879 0.191698 0.188702 0.185907 0.183324 0.180958 0.178811 0.176884 0.175173 0.173676 0.172390 0.171310 0.170432 0.169752 0.169268 0.168974 0.168868 0.168947 0.169210 0.169655 0.170282 0.171090 0.172083 0.173263 0.174636 0.176209 0.177993 0.180003 0.182257 0.184779 0.187602 0.190765 0.194320 0.198331 0.202883 0.208081 0.214059 0.220994 0.229111 0.238710 0.250186 0.264075 0.281105 0.302286 0.329037 0.363364 0.408112 0.467243 0.545959 0.649986 0.782159 0.933120 1.067274 1.126349 1.078014 0.954781 0.815112 0.694808 0.603459 0.538503 0.494544 0.466789 0.451796 0.447403 0.452514 0.466968 0.491520 0.528003 0.579701 0.652066 0.753979 0.899754 1.111561 1.418592 1.836156 2.285850 2.508179 2.308231 1.878952 1.478292 1.183765 0.979813 0.837454 0.734943 0.658413 0.599350 0.552515 0.514644 0.483675 0.458281 0.437601 0.421075 0.408354 0.399248 0.393707 0.391825 0.393854 0.400236 0.411655 0.429097 0.453922 0.487909 0.533195 0.591897 0.664982 0.749801 0.836257 0.904541 0.931275 0.905469 0.838286 0.753267 0.670365 0.599774 0.544176 0.502517 0.472424 0.451263 0.436457 0.425535 0.416171 0.406306 0.394386 0.379580 0.361857 0.341838 0.320502 0.298874 0.277806
0.136540 0.144944 0.154372 0.164937 0.176727 0.189777 0.204028 0.219264 0.235046 0.250652 0.265062 0.277044 0.285363 0.289086 0.287865 0.282054 0.272591 0.260719 0.247675 0.234483 0.221874 0.210290 0.199953 0.190929 0.183185 0.176641 0.171188 0.166716 0.163117 0.160294 0.158159 0.156640 0.155671 0.155199 0.155181 0.155579 0.156365 0.157517 0.159015 0.160848 0.163007 0.165487 0.168285 0.171401 0.174835 0.178587 0.182654 0.187027 0.191690 0.196615 0.201753 0.207036 0.212367 0.217622 0.222644 0.227253 0.231257 0.234470 0.236732 0.237932 0.238027 0.237046 0.235083 0.232285 0.228828 0.224896 0.220664 0.216284 0.211882 0.207556 0.203379 0.199401 0.195657 0.192168 0.188943 0.185988 0.183303 0.180883 0.178723 0.176817 0.175158 0.173738 0.172550 0.171588 0.170844 0.170312 0.169988 0.169865 0.169939 0.170207 0.170666 0.171313 0.172148 0.173169 0.174380 0.175783 0.177383 0.179189 0.181213 0.183470 0.185982 0.188777 0.191889 0.195366 0.199266 0.203663 0.208652 0.214353 0.220918 0.228542 0.237477 0.248049 0.260684 0.275942 0.294561 0.317516 0.346076 0.381851 0.426735 0.482590 0.550293 0.627652 0.706171 0.769135 0.796810 0.779927 0.727946 0.660801 0.595427 0.540566 0.498707 0.469329 0.451020 0.442467 0.442832 0.451897 0.470168 0.499052 0.541216 0.601284 0.687207 0.813027 1.004700 1.312701 1.838080 2.764261 4.199040 5.159477 4.226342 2.815615 1.907919 1.394531 1.092341 0.901315 0.772136 0.679803 0.610903 0.557797 0.515900 0.482343 0.455272 0.433466 0.416113 0.402681 0.392842 0.386427 0.383412 0.383906 0.388163 0.396589 0.409754 0.428384 0.453305 0.485280 0.524621 0.570469 0.619707 0.665942 0.699855 0.712342 0.699530 0.665384 0.619089 0.570021 0.524586 0.485855 0.454544 0.430069 0.411241 0.396628 0.384733 0.374109 0.363487 0.351900 0.338798 0.324070 0.307984 0.291044 0.273832 0.256880
0.132119 0.139481 0.147603 0.156536 0.166297 0.176857 0.188107 0.199825 0.211648 0.223049 0.233361 0.241833 0.247760 0.250631 0.250260 0.246840 0.240888 0.233116 0.224279 0.215054 0.205971 0.197401 0.189570 0.182594 0.176509 0.171301 0.166926 0.163325 0.160437 0.158199 0.156552 0.155446 0.154833 0.154677 0.154943 0.155606 0.156645 0.158046 0.159796 0.161891 0.164330 0.167114 0.170250 0.173746 0.177614 0.181863 0.186505 0.191544 0.196975 0.202779 0.208917 0.215318 0.221873 0.228426 0.234775 0.240669 0.245831 0.249981 0.252873 0.254335 0.254299 0.252813 0.250029 0.246177 0.241522 0.236333 0.230852 0.225283 0.219781 0.214460 0.209397 0.204641 0.200218 0.196140 0.192409 0.189019 0.185963 0.183228 0.180802 0.178674 0.176830 0.175259 0.173950 0.172891 0.172075 0.171491 0.171132 0.170991 0.171061 0.171336 0.171811 0.172483 0.173348 0.174405 0.175652 0.177090 0.178724 0.180557 0.182598 0.184861 0.187362 0.190125 0.193181 0.196569 0.200342 0.204564 0.209316 0.214704 0.220857 0.227938 0.236152 0.245760 0.257086 0.270541 0.286636 0.305996 0.329358 0.357528 0.391241 0.430842 0.475672 0.523154 0.567939 0.602199 0.618289 0.612988 0.589716 0.556326 0.520875 0.488974 0.463509 0.445520 0.435142 0.432268 0.436933 0.449560 0.471177 0.503715 0.550512 0.617289 0.714110 0.859697 1.091854 1.495969 2.296361 4.210476 9.904723 19.376425 9.943123 4.281174 2.389346 1.600453 1.198740 0.962581 0.809052 0.702046 0.623764 0.564494 0.518500 0.482202 0.453268 0.430150 0.411798 0.397509 0.386818 0.379442 0.375242 0.374200 0.376408 0.382053 0.391402 0.404765 0.422410 0.444417 0.470421 0.499238 0.528468 0.554350 0.572289 0.578307 0.570814 0.551433 0.524168 0.493611 0.463489 0.436114 0.412507 0.392785 0.376513 0.362957 0.351255 0.340533 0.330008 0.319071 0.307351 0.294732 0.281323 0.267386 0.253255 0.239264
0.127985 0.134439 0.141449 0.149027 0.157156 0.165776 0.174769 0.183939 0.193002 0.201585 0.209244 0.215513 0.219971 0.222324 0.222468 0.220515 0.216765 0.211646 0.205631 0.199171 0.192646 0.186346 0.180473 0.175153 0.170450 0.166388 0.162961 0.160147 0.157914 0.156226 0.155047 0.154344 0.154085 0.154246 0.154804 0.155742 0.157047 0.158711 0.160731 0.163110 0.165852 0.168970 0.172480 0.176400 0.180757 0.185575 0.190883 0.196704 0.203056 0.209938 0.217328 0.225163 0.233327 0.241634 0.249818 0.257534 0.264372 0.269898 0.273722 0.275563 0.275312 0.273052 0.269037 0.263636 0.257265 0.250320 0.243143 0.235998 0.229074 0.222497 0.216338 0.210635 0.205399 0.200627 0.196305 0.192414 0.188933 0.185839 0.183114 0.180735 0.178684 0.176945 0.175500 0.174337 0.173441 0.172801 0.172406 0.172246 0.172313 0.172599 0.173096 0.173799 0.174703 0.175802 0.177095 0.178578 0.180253 0.182121 0.184188 0.186462 0.188956 0.191689 0.194686 0.197980 0.201615 0.205646 0.210144 0.215196 0.220910 0.227419 0.234888 0.243516 0.253544 0.265260 0.279000 0.295140 0.314068 0.336123 0.361470 0.389884 0.420441 0.451181 0.478989 0.500048 0.511065 0.510773 0.500644 0.484183 0.465444 0.447812 0.433565 0.424024 0.419913 0.421723 0.429997 0.445569 0.469812 0.504986 0.554816 0.625586 0.728366 0.884027 1.135883 1.586905 2.536467 5.196603 19.408501 19.443607 19.469968 5.306760 2.675313 1.734783 1.278588 1.013772 0.842120 0.722919 0.636314 0.571361 0.521491 0.482534 0.451750 0.427291 0.407897 0.392705 0.381127 0.372776 0.367409 0.364903 0.365220 0.368386 0.374465 0.383510 0.395494 0.410207 0.427104 0.445142 0.462664 0.477459 0.487131 0.489764 0.484619 0.472428 0.455093 0.434973 0.414216 0.394371 0.376322 0.360390 0.346492 0.334294 0.323323 0.313069 0.303055 0.292897 0.282351 0.271317 0.259835 0.248044 0.236138 0.224326
0.124184 0.129858 0.135932 0.142398 0.149221 0.156333 0.163625 0.170934 0.178045 0.184694 0.190584 0.195417 0.198933 0.200956 0.201425 0.200410 0.198094 0.194743 0.190664 0.186161 0.181506 0.176922 0.172576 0.168586 0.165026 0.161938 0.159336 0.157222 0.155585 0.154408 0.153672 0.153357 0.153447 0.153924 0.154778 0.155997 0.157578 0.159519 0.161826 0.164506 0.167575 0.171054 0.174970 0.179357 0.184257 0.189715 0.195784 0.202516 0.209960 0.218153 0.227103 0.236776 0.247063 0.257758 0.268522 0.278874 0.288199 0.295813 0.301064 0.303477 0.302865 0.299378 0.293460 0.285729 0.276850 0.267421 0.257919 0.248680 0.239921 0.231762 0.224257 0.217414 0.211217 0.205634 0.200630 0.196166 0.192204 0.188708 0.185646 0.182989 0.180710 0.178786 0.177195 0.175917 0.174936 0.174237 0.173806 0.173630 0.173698 0.174000 0.174527 0.175270 0.176222 0.177376 0.178726 0.180267 0.181997 0.183913 0.186017 0.188312 0.190808 0.193516 0.196457 0.199657 0.203150 0.206984 0.211216 0.215918 0.221180 0.227107 0.233829 0.241496 0.250281 0.260380 0.272004 0.285362 0.300635 0.317916 0.337128 0.357902 0.379439 0.400415 0.419037 0.433356 0.441838 0.443952 0.440436 0.433040 0.423951 0.415235 0.408541 0.405067 0.405691 0.411152 0.422247 0.440026 0.466036 0.502652 0.553645 0.625207 0.727987 0.881487 1.124582 1.544087 2.366025 4.309317 10.040206 19.551724 10.151079 4.501458 2.595255 1.771771 1.328530 1.054323 0.870581 0.741397 0.647504 0.577472 0.524115 0.482758 0.450285 0.424585 0.404208 0.388152 0.375722 0.366438 0.359979 0.356131 0.354761 0.355785 0.359135 0.364721 0.372376 0.381792 0.392440 0.403507 0.413880 0.422229 0.427231 0.427881 0.423795 0.415325 0.403433 0.389387 0.374435 0.359579 0.345481 0.332471 0.320613 0.309783 0.299739 0.290194 0.280864 0.271514 0.261983 0.252198 0.242170 0.231973 0.221724 0.211556
0.120742 0.125752 0.131047 0.136606 0.142388 0.148328 0.154330 0.160267 0.165976 0.171270 0.175946 0.179811 0.182699 0.184502 0.185184 0.184790 0.183436 0.181295 0.178572 0.175476 0.172203 0.168922 0.165768 0.162846 0.160227 0.157960 0.156072 0.154576 0.153476 0.152770 0.152449 0.152507 0.152935 0.153727 0.154876 0.156383 0.158248 0.160477 0.163083 0.166081 0.169497 0.173361 0.177713 0.182606 0.188099 0.194266 0.201192 0.208968 0.217694 0.227462 0.238343 0.250364 0.263461 0.277432 0.291874 0.306126 0.319261 0.330159 0.337696 0.341012 0.339770 0.334259 0.325290 0.313950 0.301329 0.288335 0.275622 0.263597 0.252477 0.242344 0.233198 0.224997 0.217673 0.211156 0.205375 0.200264 0.195763 0.191820 0.188387 0.185425 0.182898 0.180773 0.179023 0.177624 0.176555 0.175795 0.175329 0.175140 0.175216 0.175543 0.176110 0.176905 0.177920 0.179143 0.180568 0.182184 0.183986 0.185967 0.188125 0.190459 0.192970 0.195665 0.198559 0.201668 0.205022 0.208656 0.212618 0.216966 0.221773 0.227122 0.233113 0.239858 0.247480 0.256110 0.265874 0.276880 0.289193 0.302794 0.317528 0.333044 0.348744 0.363769 0.377080 0.387643 0.394703 0.398041 0.398082 0.395797 0.392457 0.389373 0.387725 0.388509 0.392576 0.400731 0.413861 0.433091 0.459991 0.496865 0.547234 0.616661 0.714270 0.855712 1.069249 1.408673 1.979562 2.970630 4.493068 5.557913 4.718961 3.346671 2.396222 1.784581 1.374386 1.092762 0.896547 0.757415 0.656672 0.582110 0.525765 0.482399 0.448526 0.421788 0.400570 0.383756 0.370561 0.360436 0.352993 0.347956 0.345123 0.344336 0.345450 0.348302 0.352669 0.358233 0.364540 0.370982 0.376807 0.381189 0.383353 0.382731 0.379102 0.372637 0.363847 0.353439 0.342150 0.330620 0.319318 0.308523 0.298342 0.288756 0.279655 0.270885 0.262284 0.253710 0.245063 0.236293 0.227402 0.218430 0.209452 0.200551
0.117671 0.122122 0.126772 0.131593 0.136547 0.141574 0.146594 0.151507 0.156192 0.160516 0.164340 0.167533 0.169990 0.171640 0.172463 0.172490 0.171799 0.170506 0.168751 0.166681 0.164439 0.162154 0.159935 0.157870 0.156025 0.154448 0.153173 0.152221 0.151604 0.151328 0.151396 0.151809 0.152565 0.153665 0.155112 0.156909 0.159065 0.161592 0.164508 0.167839 0.171617 0.175886 0.180701 0.186131 0.192263 0.199202 0.207073 0.216027 0.226230 0.237864 0.251107 0.266105 0.282912 0.301406 0.321164 0.341327 0.360498 0.376800 0.388189 0.393016 0.390623 0.381601 0.367533 0.350413 0.332078 0.313901 0.296736 0.281013 0.266876 0.254303 0.243185 0.233385 0.224761 0.217180 0.210523 0.204690 0.199593 0.195158 0.191321 0.188028 0.185232 0.182892 0.180975 0.179449 0.178288 0.177469 0.176972 0.176777 0.176869 0.177232 0.177851 0.178715 0.179810 0.181123 0.182642 0.184357 0.186255 0.188326 0.190561 0.192955 0.195502 0.198203 0.201064 0.204095 0.207316 0.210755 0.214449 0.218444 0.222798 0.227579 0.232864 0.238737 0.245286 0.252596 0.260743 0.269778 0.279708 0.290471 0.301911 0.313745 0.325550 0.336779 0.346824 0.355119 0.361286 0.365248 0.367284 0.367985 0.368149 0.368651 0.370351 0.374055 0.380528 0.390550 0.405000 0.424982 0.451978 0.488096 0.536422 0.601617 0.690884 0.815584 0.993794 1.253630 1.633757 2.164116 2.785620 3.249716 3.314014 3.010709 2.477011 1.911586 1.460011 1.141095 0.922368 0.770753 0.663099 0.584600 0.525913 0.481074 0.446201 0.418715 0.396866 0.379449 0.365618 0.354773 0.346479 0.340417 0.336341 0.334050 0.333356 0.334062 0.335933 0.338676 0.341919 0.345209 0.348028 0.349843 0.350173 0.348675 0.345206 0.339848 0.332879 0.324704 0.315767 0.306478 0.297158 0.288025 0.279189 0.270675 0.262446 0.254426 0.246527 0.238668 0.230791 0.222862 0.214883 0.206879 0.198897 0.190994
0.114975 0.118959 0.123077 0.127302 0.131595 0.135908 0.140173 0.144315 0.148242 0.151859 0.155069 0.157783 0.159933 0.161472 0.162390 0.162709 0.162484 0.161795 0.160742 0.159430 0.157966 0.156449 0.154966 0.153590 0.152381 0.151385 0.150636 0.150161 0.149976 0.150095 0.150525 0.151274 0.152348 0.153752 0.155494 0.157585 0.160037 0.162870 0.166107 0.169782 0.173936 0.178626 0.183922 0.189915 0.196719 0.204479 0.213373 0.223623 0.235492 0.249294 0.265376 0.284099 0.305766 0.330500 0.358025 0.387356 0.416459 0.442131 0.460447 0.467993 0.463362 0.447865 0.424832 0.398111 0.370857 0.345071 0.321735 0.301141 0.283200 0.267657 0.254207 0.242559 0.232456 0.223679 0.216050 0.209422 0.203673 0.198703 0.194428 0.190779 0.187697 0.185130 0.183037 0.181381 0.180128 0.179253 0.178730 0.178537 0.178657 0.179069 0.179759 0.180711 0.181908 0.183335 0.184978 0.186819 0.188844 0.191036 0.193381 0.195865 0.198477 0.201210 0.204060 0.207031 0.210133 0.213385 0.216816 0.220463 0.224372 0.228598 0.233204 0.238253 0.243812 0.249940 0.256682 0.264060 0.272060 0.280614 0.289590 0.298777 0.307888 0.316578 0.324487 0.331305 0.336842 0.341093 0.344259 0.346736 0.349058 0.351842 0.355732 0.361382 0.369454 0.380661 0.395824 0.415961 0.442410 0.477008 0.522354 0.582191 0.662000 0.769819 0.917297 1.120522 1.399320 1.773217 2.259735 2.898927 3.717191 4.142670 3.364216 2.313777 1.616904 1.201831 0.946081 0.779567 0.665561 0.584181 0.524087 0.478483 0.443121 0.415249 0.393027 0.375199 0.360884 0.349455 0.340452 0.333531 0.328420 0.324895 0.322748 0.321774 0.321745 0.322402 0.323444 0.324528 0.325290 0.325369 0.324451 0.322313 0.318854 0.314109 0.308231 0.301455 0.294054 0.286289 0.278381 0.270491 0.262715 0.255097 0.247634 0.240295 0.233038 0.225820 0.218607 0.211384 0.204151 0.196926 0.189741 0.182635
0.112653 0.116249 0.119931 0.123672 0.127440 0.131192 0.134874 0.138427 0.141785 0.144876 0.147634 0.149999 0.151922 0.153377 0.154357 0.154881 0.154988 0.154736 0.154198 0.153453 0.152581 0.151659 0.150758 0.149939 0.149254 0.148747 0.148451 0.148394 0.148596 0.149074 0.149843 0.150912 0.152293 0.153996 0.156034 0.158421 0.161176 0.164321 0.167888 0.171917 0.176458 0.181579 0.187367 0.193937 0.201433 0.210045 0.220014 0.231650 0.245345 0.261593 0.280998 0.304274 0.332199 0.365470 0.404384 0.448223 0.494334 0.537271 0.569091 0.582012 0.572657 0.544269 0.504508 0.461217 0.419769 0.382782 0.350971 0.324069 0.301433 0.282358 0.266213 0.252471 0.240715 0.230619 0.221924 0.214430 0.207975 0.202429 0.197686 0.193659 0.190274 0.187470 0.185196 0.183407 0.182065 0.181138 0.180597 0.180419 0.180580 0.181060 0.181841 0.182904 0.184232 0.185804 0.187603 0.189609 0.191800 0.194154 0.196650 0.199266 0.201982 0.204781 0.207652 0.210588 0.213590 0.216670 0.219846 0.223150 0.226620 0.230302 0.234249 0.238516 0.243155 0.248213 0.253720 0.259690 0.266102 0.272901 0.279986 0.287209 0.294379 0.301282 0.307707 0.313483 0.318524 0.322858 0.326645 0.330168 0.333809 0.338023 0.343309 0.350195 0.359250 0.371104 0.386490 0.406314 0.431739 0.464321 0.506189 0.560308 0.630863 0.723806 0.847690 1.015169 1.246866 1.585106 2.148671 3.361079 6.878231 12.712088 6.709946 3.071464 1.807616 1.253267 0.958275 0.779880 0.662330 0.580070 0.519917 0.474447 0.439199 0.411348 0.389038 0.371006 0.356370 0.344500 0.334929 0.327303 0.321344 0.316817 0.313509 0.311219 0.309734 0.308830 0.308260 0.307763 0.307071 0.305930 0.304124 0.301497 0.297972 0.293559 0.288340 0.282453 0.276067 0.269349 0.262451 0.255488 0.248542 0.241656 0.234844 0.228101 0.221411 0.214752 0.208112 0.201481 0.194865 0.188277 0.181739 0.175281
0.110698 0.113975 0.117301 0.120654 0.124002 0.127311 0.130540 0.133640 0.136562 0.139257 0.141675 0.143776 0.145528 0.146914 0.147933 0.148599 0.148944 0.149011 0.148856 0.148537 0.148119 0.147661 0.147222 0.146854 0.146603 0.146508 0.146601 0.146911 0.147461 0.148270 0.149354 0.150729 0.152408 0.154407 0.156740 0.159428 0.162491 0.165957 0.169863 0.174253 0.179188 0.184746 0.191031 0.198180 0.206370 0.215839 0.226899 0.239964 0.255582 0.274483 0.297626 0.326270 0.362000 0.406683 0.462137 0.529186 0.605555 0.682649 0.743622 0.768583 0.748084 0.691381 0.618194 0.545225 0.480973 0.427665 0.384483 0.349661 0.321418 0.298278 0.279104 0.263048 0.249485 0.237954 0.228107 0.219680 0.212469 0.206309 0.201069 0.196643 0.192943 0.189894 0.187434 0.185513 0.184085 0.183114 0.182567 0.182417 0.182637 0.183207 0.184104 0.185309 0.186800 0.188556 0.190555 0.192771 0.195178 0.197747 0.200447 0.203249 0.206121 0.209035 0.211969 0.214904 0.217833 0.220757 0.223689 0.226653 0.229684 0.232825 0.236124 0.239634 0.243403 0.247473 0.251873 0.256616 0.261689 0.267052 0.272637 0.278344 0.284050 0.289626 0.294949 0.299931 0.304540 0.308824 0.312912 0.317021 0.321439 0.326514 0.332640 0.340251 0.349829 0.361918 0.377155 0.396323 0.420408 0.450700 0.488919 0.537410 0.599439 0.679682 0.785213 0.927852 1.130917 1.451465 2.066320 3.723590 12.572622 12.535926 12.484694 3.567709 1.873571 1.251965 0.945686 0.767314 0.651910 0.571771 0.513266 0.468958 0.434468 0.407059 0.384945 0.366913 0.352114 0.339937 0.329928 0.321738 0.315092 0.309755 0.305521 0.302196 0.299588 0.297500 0.295730 0.294071 0.292321 0.290292 0.287827 0.284812 0.281185 0.276938 0.272115 0.266796 0.261086 0.255092 0.248918 0.242647 0.236342 0.230044 0.223774 0.217539 0.211336 0.205160 0.199007 0.192875 0.186772 0.180709 0.174703 0.168775
0.109106 0.112123 0.115162 0.118201 0.121216 0.124175 0.127047 0.129795 0.132381 0.134769 0.136926 0.138822 0.140439 0.141765 0.142804 0.143567 0.144082 0.144382 0.144510 0.144514 0.144444 0.144350 0.144280 0.144278 0.144386 0.144640 0.145070 0.145704 0.146567 0.147680 0.149061 0.150729 0.152700 0.154992 0.157624 0.160617 0.163997 0.167793 0.172047 0.176808 0.182143 0.188140 0.194918 0.202633 0.211498 0.221797 0.233916 0.248384 0.265926 0.287551 0.314674 0.349299 0.394262 0.453507 0.532206 0.636032 0.767743 0.917873 1.050681 1.107703 1.056393 0.929023 0.783805 0.656279 0.555775 0.479475 0.421727 0.377446 0.342828 0.315205 0.292746 0.274201 0.258701 0.245634 0.234556 0.225135 0.217119 0.210310 0.204548 0.199706 0.195679 0.192378 0.189733 0.187683 0.186177 0.185172 0.184632 0.184527 0.184828 0.185512 0.186556 0.187937 0.189632 0.191619 0.193869 0.196354 0.199040 0.201891 0.204867 0.207925 0.211022 0.214116 0.217169 0.220150 0.223040 0.225830 0.228526 0.231149 0.233733 0.236321 0.238966 0.241723 0.244644 0.247774 0.251150 0.254790 0.258693 0.262838 0.267183 0.271664 0.276209 0.280740 0.285189 0.289517 0.293723 0.297860 0.302040 0.306433 0.311265 0.316813 0.323391 0.331360 0.341123 0.353143 0.367966 0.386250 0.408816 0.436715 0.471321 0.514484 0.568767 0.637907 0.727775 0.848699 1.021588 1.295662 1.806258 2.998001 6.537042 12.425027 6.488090 2.909302 1.692728 1.172958 0.902205 0.740431 0.634150 0.559474 0.504382 0.462238 0.429110 0.402525 0.380860 0.363005 0.348179 0.335812 0.325476 0.316842 0.309642 0.303653 0.298679 0.294537 0.291053 0.288055 0.285374 0.282842 0.280300 0.277605 0.274635 0.271302 0.267553 0.263373 0.258780 0.253822 0.248560 0.243067 0.237410 0.231652 0.225840 0.220009 0.214181 0.208368 0.202577 0.196810 0.191068 0.185356 0.179680 0.174052 0.168485 0.162995
0.107874 0.110682 0.113490 0.116280 0.119029 0.121711 0.124302 0.126772 0.129095 0.131242 0.133192 0.134925 0.136428 0.137699 0.138741 0.139567 0.140199 0.140667 0.141004 0.141251 0.141448 0.141639 0.141863 0.142160 0.142566 0.143115 0.143837 0.144760 0.145907 0.147302 0.148965 0.150916 0.153175 0.155762 0.158697 0.162004 0.165711 0.169851 0.174465 0.179607 0.185349 0.191785 0.199045 0.207304 0.216801 0.227868 0.240961 0.256720 0.276052 0.300267 0.331296 0.372051 0.427042 0.503391 0.612439 0.771668 1.004101 1.322087 1.665229 1.832410 1.672715 1.336658 1.024993 0.797822 0.642602 0.536238 0.461291 0.406573 0.365184 0.332877 0.306997 0.285845 0.268305 0.253613 0.241229 0.230755 0.221890 0.214397 0.208091 0.202818 0.198455 0.194902 0.192073 0.189899 0.188323 0.187297 0.186782 0.186742 0.187149 0.187977 0.189202 0.190801 0.192750 0.195023 0.197589 0.200415 0.203461 0.206681 0.210024 0.213432 0.216845 0.220204 0.223452 0.226542 0.229437 0.232119 0.234586 0.236858 0.238972 0.240977 0.242937 0.244916 0.246978 0.249180 0.251569 0.254175 0.257012 0.260076 0.263345 0.266787 0.270357 0.274015 0.277726 0.281478 0.285287 0.289206 0.293332 0.297804 0.302804 0.308554 0.315313 0.323376 0.333084 0.344824 0.359055 0.376324 0.397301 0.422829 0.453991 0.492219 0.539485 0.598654 0.674213 0.773848 0.912002 1.117877 1.452202 2.027917 2.912232 3.492336 2.884068 1.976095 1.384266 1.042224 0.835960 0.702643 0.610827 0.544241 0.493952 0.454756 0.423452 0.397978 0.376950 0.359406 0.344654 0.332186 0.321611 0.312626 0.304980 0.298464 0.292893 0.288100 0.283926 0.280219 0.276834 0.273632 0.270482 0.267271 0.263901 0.260299 0.256420 0.252243 0.247774 0.243036 0.238068 0.232916 0.227627 0.222244 0.216805 0.211337 0.205863 0.200396 0.194946 0.189519 0.184121 0.178758 0.173438 0.168170 0.162967 0.157841
0.107000 0.109644 0.112271 0.114864 0.117402 0.119866 0.122234 0.124484 0.126595 0.128549 0.130330 0.131926 0.133331 0.134546 0.135576 0.136436 0.137144 0.137728 0.138216 0.138643 0.139044 0.139456 0.139914 0.140454 0.141108 0.141909 0.142885 0.144064 0.145471 0.147130 0.149063 0.151291 0.153837 0.156723 0.159970 0.163605 0.167656 0.172156 0.177149 0.182688 0.188847 0.195724 0.203453 0.212222 0.222293 0.234031 0.247953 0.264797 0.285632 0.312048 0.346472 0.392749 0.457241 0.551008 0.694379 0.926808 1.327215 2.038789 3.146187 3.886154 3.156230 2.058288 1.355044 0.961403 0.733894 0.593502 0.500868 0.435925 0.387979 0.351077 0.321760 0.297932 0.278261 0.261855 0.248088 0.236499 0.226739 0.218533 0.211660 0.205945 0.201243 0.197437 0.194429 0.192141 0.190508 0.189477 0.189004 0.189053 0.189595 0.190601 0.192049 0.193914 0.196174 0.198800 0.201761 0.205018 0.208525 0.212225 0.216053 0.219935 0.223788 0.227529 0.231076 0.234358 0.237318 0.239923 0.242164 0.244061 0.245659 0.247023 0.248232 0.249371 0.250525 0.251767 0.253161 0.254752 0.256569 0.258625 0.260915 0.263424 0.266132 0.269017 0.272067 0.275282 0.278687 0.282333 0.286302 0.290711 0.295706 0.301471 0.308218 0.316193 0.325679 0.337001 0.350538 0.366739 0.386144 0.409417 0.437393 0.471150 0.512136 0.562389 0.624948 0.704603 0.809172 0.951145 1.147451 1.406785 1.680059 1.805904 1.664065 1.377061 1.107879 0.906235 0.763108 0.660631 0.585162 0.527829 0.483029 0.447183 0.417946 0.393732 0.373438 0.356272 0.341651 0.329136 0.318381 0.309111 0.301099 0.294151 0.288095 0.282776 0.278050 0.273782 0.269843 0.266114 0.262487 0.258864 0.255166 0.251332 0.247318 0.243103 0.238682 0.234069 0.229284 0.224358 0.219322 0.214208 0.209045 0.203855 0.198657 0.193465 0.188291 0.183143 0.178028 0.172954 0.167927 0.162958 0.158056 0.153232
0.106487 0.109008 0.111497 0.113937 0.116312 0.118603 0.120793 0.122866 0.124805 0.126599 0.128237 0.129713 0.131027 0.132181 0.133184 0.134052 0.134803 0.135461 0.136053 0.136609 0.137161 0.137742 0.138384 0.139120 0.139980 0.140996 0.142195 0.143604 0.145250 0.147158 0.149352 0.151856 0.154692 0.157885 0.161459 0.165441 0.169859 0.174746 0.180145 0.186106 0.192701 0.200025 0.208214 0.217459 0.228030 0.240316 0.254872 0.272505 0.294405 0.322366 0.359193 0.409459 0.481051 0.588543 0.761341 1.065921 1.676983 3.153051 7.568699 14.923674 7.582494 3.179773 1.714960 1.112814 0.814378 0.644823 0.537865 0.464556 0.410936 0.369769 0.337064 0.310484 0.288569 0.270338 0.255097 0.242326 0.231624 0.222672 0.215217 0.209051 0.204009 0.199954 0.196776 0.194386 0.192711 0.191693 0.191286 0.191451 0.192158 0.193381 0.195098 0.197286 0.199924 0.202985 0.206435 0.210235 0.214330 0.218653 0.223123 0.227643 0.232102 0.236385 0.240375 0.243966 0.247071 0.249638 0.251648 0.253126 0.254130 0.254752 0.255099 0.255288 0.255432 0.255632 0.255973 0.256518 0.257313 0.258381 0.259732 0.261363 0.263266 0.265433 0.267859 0.270554 0.273541 0.276868 0.280605 0.284847 0.289718 0.295366 0.301969 0.309731 0.318887 0.329708 0.342508 0.357650 0.375565 0.396770 0.421893 0.451718 0.487247 0.529804 0.581189 0.643873 0.721106 0.816404 0.930947 1.056283 1.163207 1.204730 1.155152 1.041237 0.910775 0.793338 0.697310 0.621119 0.560703 0.512257 0.472840 0.440308 0.413117 0.390147 0.370575 0.353783 0.339298 0.326749 0.315840 0.306327 0.298004 0.290692 0.284233 0.278482 0.273308 0.268587 0.264203 0.260052 0.256039 0.252080 0.248105 0.244061 0.239909 0.235625 0.231202 0.226642 0.221959 0.217171 0.212300 0.207370 0.202402 0.197415 0.192426 0.187448 0.182491 0.177566 0.172679 0.167839 0.163053 0.158329 0.153675 0.149100
0.106342 0.108777 0.111167 0.113494 0.115743 0.117900 0.119949 0.121877 0.123673 0.125330 0.126842 0.128208 0.129430 0.130516 0.131477 0.132328 0.133090 0.133786 0.134440 0.135082 0.135741 0.136447 0.137231 0.138124 0.139154 0.140352 0.141746 0.143364 0.145233 0.147380 0.149830 0.152609 0.155743 0.159258 0.163179 0.167535 0.172353 0.177666 0.183510 0.189934 0.196999 0.204795 0.213446 0.223136 0.234132 0.246826 0.261786 0.279849 0.302258 0.330900 0.368742 0.420663 0.495181 0.608345 0.793596 1.130772 1.852627 3.902136 14.933289 14.942999 14.952681 3.939645 1.905759 1.195982 0.866629 0.684755 0.570893 0.492433 0.434385 0.389286 0.353141 0.323630 0.299276 0.279059 0.262224 0.248188 0.236492 0.226766 0.218714 0.212095 0.206716 0.202422 0.199086 0.196609 0.194911 0.193928 0.193610 0.193921 0.194829 0.196311 0.198349 0.200924 0.204018 0.207608 0.211663 0.216142 0.220986 0.226118 0.231436 0.236817 0.242112 0.247161 0.251795 0.255859 0.259222 0.261801 0.263565 0.264546 0.264831 0.264548 0.263855 0.262914 0.261883 0.260899 0.260073 0.259492 0.259211 0.259267 0.259676 0.260442 0.261561 0.263029 0.264846 0.267019 0.269572 0.272542 0.275989 0.279991 0.284650 0.290091 0.296459 0.303927 0.312689 0.322973 0.335036 0.349174 0.365732 0.385107 0.407769 0.434268 0.465265 0.501541 0.544013 0.593668 0.651314 0.716843 0.787627 0.856015 0.907906 0.927024 0.905829 0.852154 0.782517 0.711165 0.645776 0.588887 0.540434 0.499401 0.464595 0.434933 0.409512 0.387606 0.368634 0.352133 0.337730 0.325121 0.314053 0.304309 0.295704 0.288074 0.281270 0.275158 0.269613 0.264519 0.259772 0.255275 0.250943 0.246699 0.242483 0.238246 0.233951 0.229575 0.225108 0.220547 0.215901 0.211182 0.206405 0.201588 0.196747 0.191899 0.187059 0.182237 0.177445 0.172692 0.167985 0.163331 0.158738 0.154213 0.149761 0.145391
0.106581 0.108966 0.111290 0.113540 0.115698 0.117751 0.119688 0.121497 0.123170 0.124705 0.126100 0.127357 0.128483 0.129489 0.130389 0.131200 0.131944 0.132643 0.133324 0.134013 0.134739 0.135532 0.136421 0.137435 0.138603 0.139956 0.141522 0.143330 0.145408 0.147785 0.150489 0.153549 0.156993 0.160849 0.165147 0.169914 0.175179 0.180970 0.187321 0.194269 0.201865 0.210179 0.219319 0.229446 0.240806 0.253770 0.268893 0.286995 0.309299 0.337658 0.374952 0.425850 0.498354 0.607168 0.781848 1.089033 1.703588 3.184182 7.605467 14.967122 7.633352 3.238119 1.779882 1.182238 0.885261 0.713736 0.601756 0.521334 0.459666 0.410498 0.370487 0.337608 0.310468 0.288017 0.269425 0.254026 0.241281 0.230755 0.222098 0.215029 0.209325 0.204805 0.201329 0.198784 0.197083 0.196158 0.195959 0.196446 0.197593 0.199381 0.201797 0.204829 0.208468 0.212698 0.217496 0.222823 0.228619 0.234798 0.241239 0.247783 0.254235 0.260368 0.265940 0.270717 0.274501 0.277159 0.278643 0.279000 0.278361 0.276922 0.274912 0.272568 0.270110 0.267722 0.265552 0.263705 0.262250 0.261228 0.260656 0.260537 0.260865 0.261632 0.262835 0.264477 0.266574 0.269156 0.272269 0.275978 0.280365 0.285535 0.291609 0.298732 0.307069 0.316810 0.328169 0.341393 0.356757 0.374576 0.395202 0.419027 0.446475 0.477982 0.513936 0.554548 0.599575 0.647821 0.696413 0.740155 0.771847 0.784563 0.775224 0.746507 0.705094 0.658150 0.610989 0.566657 0.526482 0.490781 0.459355 0.431801 0.407657 0.386482 0.367881 0.351514 0.337088 0.324350 0.313084 0.303097 0.294220 0.286297 0.279189 0.272765 0.266906 0.261502 0.256452 0.251666 0.247062 0.242572 0.238139 0.233716 0.229271 0.224781 0.220235 0.215629 0.210966 0.206257 0.201512 0.196747 0.191975 0.187209 0.182463 0.177746 0.173070 0.168442 0.163870 0.159360 0.154918 0.150550 0.146261 0.142058
0.107224 0.109593 0.111888 0.114092 0.116189 0.118168 0.120015 0.121723 0.123288 0.124709 0.125988 0.127132 0.128152 0.129062 0.129879 0.130624 0.131319 0.131989 0.132660 0.133361 0.134119 0.134963 0.135922 0.137026 0.138305 0.139788 0.141504 0.143485 0.145761 0.148363 0.151322 0.154671 0.158442 0.162668 0.167379 0.172608 0.178382 0.184728 0.191671 0.199239 0.207461 0.216384 0.226081 0.236675 0.248371 0.261494 0.276552 0.294309 0.315906 0.343050 0.378326 0.425781 0.492014 0.588361 0.735469 0.973147 1.380696 2.101674 3.221007 3.975436 3.261969 2.181129 1.493320 1.110512 0.886626 0.741585 0.637075 0.555617 0.489441 0.434888 0.389841 0.352730 0.322227 0.297184 0.276630 0.259757 0.245911 0.234567 0.225308 0.217802 0.211790 0.207066 0.203472 0.200882 0.199203 0.198362 0.198308 0.199006 0.200432 0.202574 0.205429 0.208997 0.213280 0.218278 0.223980 0.230360 0.237363 0.244900 0.252830 0.260957 0.269019 0.276699 0.283643 0.289495 0.293944 0.296778 0.297920 0.297443 0.295555 0.292561 0.288812 0.284654 0.280395 0.276287 0.272514 0.269202 0.266426 0.264222 0.262599 0.261549 0.261057 0.261106 0.261680 0.262775 0.264396 0.266562 0.269307 0.272683 0.276756 0.281612 0.287355 0.294106 0.302007 0.311221 0.321931 0.334346 0.348699 0.365248 0.384277 0.406084 0.430969 0.459196 0.490918 0.526052 0.564060 0.603636 0.642379 0.676652 0.702001 0.714353 0.711591 0.694482 0.666268 0.631265 0.593482 0.555882 0.520273 0.487547 0.457991 0.431554 0.408022 0.387122 0.368573 0.352114 0.337505 0.324531 0.313000 0.302735 0.293574 0.285369 0.277981 0.271283 0.265155 0.259488 0.254182 0.249149 0.244310 0.239600 0.234964 0.230359 0.225753 0.221127 0.216468 0.211773 0.207046 0.202294 0.197528 0.192759 0.188000 0.183264 0.178562 0.173903 0.169298 0.164752 0.160274 0.155867 0.151538 0.147291 0.143130 0.139059
0.108300 0.110690 0.112990 0.115181 0.117248 0.119175 0.120953 0.122575 0.124039 0.125347 0.126506 0.127526 0.128423 0.129216 0.129924 0.130573 0.131187 0.131794 0.132421 0.133097 0.133851 0.134712 0.135710 0.136875 0.138236 0.139825 0.141674 0.143813 0.146277 0.149100 0.152318 0.155969 0.160089 0.164718 0.169892 0.175647 0.182013 0.189017 0.196677 0.205005 0.214005 0.223688 0.234076 0.245234 0.257297 0.270517 0.285324 0.302393 0.322742 0.347867 0.379957 0.422246 0.479626 0.559664 0.674220 0.841385 1.084878 1.417812 1.780513 1.972286 1.841824 1.537659 1.256238 1.051250 0.903820 0.788119 0.689413 0.602818 0.527825 0.464465 0.412049 0.369258 0.334554 0.306462 0.283711 0.265258 0.250276 0.238115 0.228271 0.220355 0.214064 0.209165 0.205480 0.202873 0.201242 0.200513 0.200635 0.201576 0.203321 0.205867 0.209225 0.213411 0.218448 0.224357 0.231153 0.238832 0.247360 0.256655 0.266567 0.276857 0.287183 0.297100 0.306080 0.313570 0.319069 0.322227 0.322913 0.321252 0.317587 0.312411 0.306271 0.299685 0.293088 0.286811 0.281081 0.276033 0.271737 0.268209 0.265439 0.263395 0.262041 0.261342 0.261266 0.261795 0.262920 0.264647 0.266998 0.270011 0.273739 0.278253 0.283642 0.290009 0.297479 0.306195 0.316320 0.328040 0.341565 0.357126 0.374979 0.395395 0.418645 0.444969 0.474515 0.507232 0.542699 0.579883 0.616873 0.650717 0.677600 0.693599 0.695959 0.684273 0.660733 0.629192 0.593723 0.557574 0.522827 0.490564 0.461190 0.434728 0.411020 0.389838 0.370943 0.354104 0.339107 0.325755 0.313865 0.303265 0.293796 0.285307 0.277656 0.270711 0.264349 0.258458 0.252934 0.247689 0.242643 0.237731 0.232899 0.228107 0.223325 0.218536 0.213730 0.208906 0.204066 0.199221 0.194379 0.189554 0.184757 0.180000 0.175294 0.170649 0.166071 0.161567 0.157144 0.152805 0.148554 0.144395 0.140330 0.136362
0.109849 0.112300 0.114643 0.116856 0.118920 0.120820 0.122546 0.124091 0.125456 0.126647 0.127674 0.128552 0.129303 0.129950 0.130518 0.131036 0.131533 0.132039 0.132584 0.133198 0.133913 0.134757 0.135762 0.136958 0.138377 0.140050 0.142011 0.144295 0.146939 0.149981 0.153464 0.157431 0.161927 0.167000 0.172696 0.179059 0.186127 0.193928 0.202475 0.211766 0.221775 0.232461 0.243779 0.255702 0.268260 0.281596 0.296030 0.312123 0.330759 0.353221 0.381309 0.417498 0.465182 0.528952 0.614744 0.729168 0.876139 1.047622 1.209542 1.305080 1.302515 1.232380 1.145869 1.064606 0.981434 0.885726 0.779596 0.674408 0.580232 0.501383 0.437741 0.387204 0.347253 0.315618 0.290461 0.270361 0.254242 0.241295 0.230909 0.222626 0.216097 0.211061 0.207320 0.204726 0.203172 0.202583 0.202910 0.204127 0.206230 0.209230 0.213153 0.218042 0.223948 0.230925 0.239029 0.248299 0.258744 0.270312 0.282866 0.296135 0.309682 0.322884 0.334948 0.344989 0.352172 0.355890 0.355918 0.352473 0.346153 0.337784 0.328242 0.318309 0.308597 0.299532 0.291371 0.284239 0.278173 0.273149 0.269113 0.265997 0.263731 0.262250 0.261501 0.261443 0.262054 0.263323 0.265260 0.267888 0.271250 0.275404 0.280424 0.286404 0.293455 0.301707 0.311312 0.322447 0.335314 0.350144 0.367203 0.386788 0.409225 0.434861 0.464022 0.496954 0.533680 0.573753 0.615854 0.657255 0.693404 0.718344 0.726646 0.716279 0.689976 0.653591 0.613120 0.572823 0.534988 0.500504 0.469497 0.441765 0.417004 0.394909 0.375203 0.357643 0.342011 0.328104 0.315737 0.304731 0.294917 0.286134 0.278231 0.271064 0.264501 0.258421 0.252715 0.247287 0.242055 0.236952 0.231925 0.226936 0.221957 0.216974 0.211981 0.206980 0.201978 0.196986 0.192015 0.187080 0.182193 0.177367 0.172610 0.167932 0.163341 0.158841 0.154436 0.150131 0.145926 0.141825 0.137828 0.133935
0.111925 0.114483 0.116910 0.119182 0.121275 0.123172 0.124860 0.126335 0.127599 0.128660 0.129535 0.130245 0.130817 0.131281 0.131669 0.132015 0.132352 0.132715 0.133137 0.133650 0.134288 0.135080 0.136060 0.137258 0.138707 0.140442 0.142497 0.144911 0.147726 0.150986 0.154739 0.159039 0.163942 0.169508 0.175797 0.182868 0.190774 0.199553 0.209222 0.219765 0.231126 0.243199 0.255842 0.268896 0.282232 0.295829 0.309851 0.324730 0.341230 0.360481 0.384002 0.413722 0.452000 0.501585 0.565352 0.645458 0.741413 0.847066 0.948938 1.031527 1.090207 1.136637 1.182736 1.215466 1.194606 1.095290 0.943736 0.786838 0.652506 0.547004 0.466745 0.406022 0.359792 0.324227 0.296564 0.274838 0.257649 0.243991 0.233136 0.224550 0.217840 0.212713 0.208955 0.206409 0.204963 0.204542 0.205102 0.206627 0.209123 0.212620 0.217170 0.222844 0.229734 0.237945 0.247593 0.258790 0.271622 0.286118 0.302195 0.319589 0.337776 0.355899 0.372755 0.386893 0.396856 0.401544 0.400539 0.394249 0.383764 0.370529 0.355985 0.341324 0.327389 0.314693 0.303486 0.293836 0.285702 0.278982 0.273551 0.269279 0.266047 0.263750 0.262304 0.261644 0.261725 0.262522 0.264028 0.266256 0.269237 0.273017 0.277662 0.283256 0.289901 0.297722 0.306866 0.317511 0.329865 0.344181 0.360763 0.379979 0.402284 0.428235 0.458515 0.493934 0.535378 0.583580 0.638513 0.698061 0.755985 0.800763 0.819089 0.804749 0.764006 0.710123 0.654443 0.602946 0.557480 0.517884 0.483352 0.453050 0.426300 0.402593 0.381551 0.362875 0.346316 0.331649 0.318666 0.307169 0.296968 0.287881 0.279737 0.272376 0.265648 0.259417 0.253563 0.247981 0.242581 0.237295 0.232067 0.226862 0.221656 0.216439 0.211212 0.205981 0.200759 0.195561 0.190404 0.185302 0.180271 0.175323 0.170468 0.165714 0.161068 0.156533 0.152113 0.147809 0.143621 0.139549 0.135593 0.131752
0.114594 0.117313 0.119876 0.122251 0.124409 0.126328 0.127993 0.129400 0.130553 0.131465 0.132158 0.132662 0.133012 0.133245 0.133403 0.133525 0.133652 0.133823 0.134075 0.134443 0.134963 0.135666 0.136586 0.137755 0.139208 0.140980 0.143110 0.145640 0.148616 0.152090 0.156120 0.160770 0.166112 0.172223 0.179185 0.187083 0.195995 0.205985 0.217087 0.229288 0.242502 0.256554 0.271167 0.285987 0.300639 0.314837 0.328516 0.341957 0.355852 0.371293 0.389709 0.412769 0.442294 0.480133 0.527948 0.586796 0.656542 0.735542 0.821815 0.917061 1.032528 1.190731 1.409710 1.646948 1.739934 1.565350 1.249770 0.960735 0.747883 0.600052 0.497263 0.424298 0.371202 0.331654 0.301608 0.278419 0.260315 0.246080 0.234866 0.226067 0.219245 0.214084 0.210356 0.207894 0.206586 0.206361 0.207179 0.209037 0.211956 0.215988 0.221215 0.227748 0.235731 0.245339 0.256778 0.270271 0.286042 0.304274 0.325035 0.348164 0.373113 0.398765 0.423301 0.444280 0.459042 0.465457 0.462698 0.451580 0.434221 0.413269 0.391153 0.369678 0.349947 0.332497 0.317471 0.304789 0.294252 0.285624 0.278665 0.273157 0.268911 0.265771 0.263611 0.262335 0.261876 0.262189 0.263254 0.265070 0.267658 0.271055 0.275319 0.280528 0.286779 0.294195 0.302925 0.313153 0.325106 0.339071 0.355411 0.374599 0.397268 0.424277 0.456823 0.496592 0.545925 0.607900 0.685864 0.781223 0.887372 0.980533 1.022119 0.990611 0.907063 0.809596 0.721540 0.649136 0.590766 0.543068 0.503143 0.468967 0.439244 0.413158 0.390181 0.369933 0.352111 0.336447 0.322692 0.310612 0.299981 0.290585 0.282221 0.274702 0.267854 0.261519 0.255558 0.249852 0.244304 0.238836 0.233395 0.227946 0.222471 0.216968 0.211445 0.205919 0.200409 0.194938 0.189527 0.184196 0.178962 0.173838 0.168834 0.163959 0.159217 0.154611 0.150141 0.145807 0.141607 0.137539 0.133601 0.129789
0.117945 0.120892 0.123653 0.126185 0.128451 0.130422 0.132079 0.133417 0.134442 0.135173 0.135642 0.135888 0.135956 0.135896 0.135759 0.135594 0.135450 0.135371 0.135399 0.135572 0.135928 0.136501 0.137324 0.138431 0.139859 0.141644 0.143827 0.146456 0.149582 0.153265 0.157575 0.162590 0.168402 0.175112 0.182836 0.191694 0.201811 0.213300 0.226241 0.240655 0.256451 0.273385 0.291013 0.308687 0.325631 0.341107 0.354670 0.366394 0.376989 0.387717 0.400197 0.416170 0.437336 0.465255 0.501298 0.546648 0.602510 0.670949 0.757210 0.874784 1.055166 1.365568 1.928947 2.819939 3.404260 2.763185 1.818325 1.207304 0.859143 0.653850 0.525111 0.439618 0.380103 0.337100 0.305119 0.280816 0.262060 0.247447 0.236021 0.227120 0.220272 0.215143 0.211493 0.209154 0.208015 0.208009 0.209107 0.211316 0.214678 0.219272 0.225213 0.232662 0.241830 0.252982 0.266448 0.282619 0.301939 0.324868 0.351799 0.382889 0.417784 0.455201 0.492488 0.525462 0.549005 0.558673 0.552671 0.532780 0.503431 0.469729 0.435842 0.404407 0.376692 0.353038 0.333270 0.316980 0.303693 0.292951 0.284347 0.277538 0.272245 0.268244 0.265361 0.263465 0.262461 0.262285 0.262900 0.264296 0.266481 0.269487 0.273364 0.278187 0.284050 0.291077 0.299421 0.309280 0.320903 0.334618 0.350857 0.370214 0.393525 0.422009 0.457496 0.502826 0.562517 0.643811 0.757946 0.919762 1.137086 1.370053 1.486543 1.387301 1.170590 0.967579 0.817316 0.711396 0.634751 0.576311 0.529335 0.490014 0.456260 0.426919 0.401303 0.378944 0.359465 0.342533 0.327837 0.315081 0.303986 0.294289 0.285743 0.278122 0.271216 0.264839 0.258825 0.253035 0.247358 0.241709 0.236033 0.230299 0.224497 0.218637 0.212740 0.206835 0.200954 0.195127 0.189385 0.183752 0.178248 0.172888 0.167683 0.162639 0.157759 0.153043 0.148489 0.144095 0.139857 0.135768 0.131825 0.128022
0.122087 0.125349 0.128387 0.131146 0.133575 0.135635 0.137300 0.138563 0.139434 0.139940 0.140124 0.140039 0.139746 0.139310 0.138795 0.138264 0.137773 0.137374 0.137114 0.137036 0.137177 0.137573 0.138259 0.139270 0.140640 0.142410 0.144624 0.147332 0.150593 0.154477 0.159065 0.164455 0.170763 0.178124 0.186695 0.196656 0.208201 0.221531 0.236825 0.254196 0.273614 0.294810 0.317151 0.339565 0.360591 0.378658 0.392591 0.402131 0.408170 0.412541 0.417511 0.425300 0.437820 0.456649 0.483184 0.518957 0.566291 0.629715 0.719154 0.857334 1.098966 1.590464 2.799918 6.462300 12.579380 6.421529 2.720475 1.476586 0.956889 0.694706 0.543947 0.448928 0.384956 0.339752 0.306651 0.281773 0.262733 0.247997 0.236542 0.227670 0.220891 0.215864 0.212344 0.210167 0.209225 0.209458 0.210849 0.213421 0.217236 0.222401 0.229074 0.237471 0.247882 0.260688 0.276380 0.295581 0.319068 0.347760 0.382666 0.424699 0.474252 0.530396 0.589666 0.644941 0.685825 0.702146 0.689541 0.652357 0.600752 0.545106 0.492526 0.446458 0.407817 0.376191 0.350651 0.330172 0.313815 0.300792 0.290461 0.282317 0.275967 0.271106 0.267505 0.264993 0.263446 0.262779 0.262941 0.263909 0.265683 0.268288 0.271770 0.276201 0.281675 0.288316 0.296287 0.305795 0.317116 0.330616 0.346796 0.366366 0.390362 0.420354 0.458827 0.509902 0.580763 0.684660 0.847363 1.120489 1.597739 2.334384 2.829847 2.361057 1.649446 1.194000 0.938053 0.786933 0.688717 0.618068 0.562781 0.517014 0.477977 0.444285 0.415151 0.390020 0.368420 0.349917 0.334100 0.320584 0.309010 0.299046 0.290386 0.282749 0.275878 0.269546 0.263553 0.257732 0.251951 0.246116 0.240171 0.234091 0.227882 0.221569 0.215193 0.208800 0.202440 0.196157 0.189989 0.183969 0.178120 0.172457 0.166992 0.161728 0.156665 0.151801 0.147131 0.142649 0.138345 0.134213 0.130245 0.126433
0.127163 0.130851 0.134274 0.137352 0.140017 0.142214 0.143906 0.145084 0.145761 0.145976 0.145789 0.145273 0.144512 0.143590 0.142590 0.141590 0.140658 0.139855 0.139232 0.138835 0.138703 0.138873 0.139377 0.140251 0.141531 0.143256 0.145474 0.148238 0.151616 0.155685 0.160544 0.166311 0.173131 0.181182 0.190679 0.201879 0.215086 0.230642 0.248905 0.270196 0.294693 0.322240 0.352084 0.382580 0.411090 0.434383 0.449706 0.456107 0.455056 0.449838 0.444254 0.441574 0.444165 0.453666 0.471420 0.499055 0.539362 0.597927 0.686631 0.832186 1.100645 1.686493 3.378100 12.570075 12.554711 12.539667 3.318689 1.600817 0.992567 0.706267 0.547494 0.449557 0.384527 0.339005 0.305890 0.281124 0.262242 0.247677 0.236396 0.227695 0.221087 0.216233 0.212897 0.210917 0.210196 0.210683 0.212374 0.215308 0.219571 0.225300 0.232695 0.242036 0.253703 0.268208 0.286244 0.308736 0.336919 0.372419 0.417302 0.474009 0.544933 0.631168 0.729757 0.829439 0.908123 0.939727 0.911930 0.837036 0.741111 0.646229 0.563633 0.496262 0.443004 0.401446 0.369129 0.343966 0.324316 0.308924 0.296847 0.287381 0.279997 0.274302 0.270005 0.266893 0.264812 0.263658 0.263363 0.263896 0.265249 0.267442 0.270518 0.274545 0.279618 0.285866 0.293454 0.302604 0.313609 0.326869 0.342941 0.362624 0.387112 0.418254 0.459058 0.514712 0.594798 0.718633 0.929849 1.343002 2.324175 5.232953 10.068855 5.272929 2.401668 1.453029 1.065035 0.869854 0.752403 0.669989 0.605364 0.551457 0.505373 0.465808 0.431982 0.403244 0.378971 0.358561 0.341446 0.327109 0.315075 0.304920 0.296258 0.288737 0.282040 0.275882 0.270016 0.264236 0.258385 0.252355 0.246089 0.239576 0.232843 0.225943 0.218944 0.211920 0.204942 0.198074 0.191365 0.184856 0.178572 0.172531 0.166741 0.161202 0.155911 0.150861 0.146041 0.141440 0.137048 0.132851 0.128839 0.125000
0.133350 0.137617 0.141568 0.145093 0.148096 0.150495 0.152240 0.153314 0.153738 0.153567 0.152887 0.151801 0.150423 0.148867 0.147242 0.145642 0.144152 0.142841 0.141765 0.140972 0.140501 0.140387 0.140662 0.141357 0.142509 0.144157 0.146348 0.149143 0.152612 0.156846 0.161959 0.168091 0.175425 0.184185 0.194661 0.207214 0.222299 0.240472 0.262393 0.288787 0.320321 0.357330 0.399281 0.443976 0.486805 0.521007 0.539997 0.541075 0.527366 0.505896 0.483903 0.466534 0.456633 0.455569 0.464193 0.483701 0.516564 0.568004 0.648963 0.783057 1.025260 1.521396 2.738298 6.409484 12.535491 6.385876 2.691966 1.454025 0.939151 0.680815 0.533096 0.440471 0.378384 0.334671 0.302757 0.278835 0.260575 0.246487 0.235584 0.227197 0.220860 0.216250 0.213144 0.211394 0.210913 0.211662 0.213651 0.216936 0.221625 0.227887 0.235965 0.246203 0.259074 0.275238 0.295609 0.321474 0.354654 0.397744 0.454441 0.529909 0.630942 0.765014 0.935791 1.130879 1.303340 1.376366 1.307285 1.138751 0.947553 0.780611 0.650300 0.552933 0.481015 0.427732 0.387897 0.357792 0.334800 0.317081 0.303330 0.292615 0.284264 0.277789 0.272836 0.269151 0.266553 0.264917 0.264166 0.264256 0.265176 0.266941 0.269593 0.273198 0.277852 0.283683 0.290863 0.299621 0.310263 0.323208 0.339047 0.358630 0.383233 0.414845 0.456724 0.514542 0.598950 0.732051 0.966420 1.454906 2.815842 10.065848 10.094836 10.125466 2.931708 1.619736 1.168638 0.956567 0.829547 0.736996 0.661088 0.595979 0.539922 0.492178 0.452030 0.418622 0.391029 0.368358 0.349793 0.334615 0.322197 0.311991 0.303506 0.296304 0.289985 0.284190 0.278606 0.272974 0.267098 0.260855 0.254189 0.247113 0.239688 0.232009 0.224188 0.216338 0.208561 0.200943 0.193549 0.186427 0.179605 0.173099 0.166912 0.161040 0.155472 0.150194 0.145191 0.140445 0.135940 0.131659 0.127585 0.123705
0.140877 0.145931 0.150611 0.154764 0.158248 0.160945 0.162776 0.163717 0.163798 0.163102 0.161752 0.159898 0.157699 0.155310 0.152872 0.150505 0.148310 0.146364 0.144728 0.143450 0.142565 0.142104 0.142095 0.142567 0.143551 0.145085 0.147218 0.150011 0.153542 0.157912 0.163249 0.169721 0.177545 0.187005 0.198474 0.212442 0.229560 0.250687 0.276945 0.309753 0.350787 0.401701 0.463293 0.533688 0.605510 0.664213 0.692624 0.682728 0.642891 0.590654 0.540965 0.501661 0.475189 0.461505 0.460049 0.470840 0.495264 0.537079 0.604270 0.712893 0.895321 1.217230 1.798278 2.709454 3.313622 2.690372 1.760628 1.161968 0.823691 0.626198 0.503574 0.422869 0.367110 0.327067 0.297440 0.275026 0.257812 0.244480 0.234147 0.226203 0.220227 0.215923 0.213090 0.211596 0.211367 0.212378 0.214653 0.218266 0.223344 0.230085 0.238774 0.249813 0.263766 0.281434 0.303962 0.333019 0.371086 0.421939 0.491454 0.588959 0.729348 0.935627 1.238126 1.653174 2.101411 2.318329 2.105543 1.661420 1.250446 0.951961 0.749616 0.613058 0.519256 0.453292 0.405813 0.370919 0.344808 0.324977 0.309735 0.297920 0.288715 0.281544 0.275995 0.271776 0.268682 0.266574 0.265362 0.265000 0.265471 0.266789 0.268992 0.272149 0.276354 0.281736 0.288468 0.296782 0.306986 0.319507 0.334939 0.354138 0.378377 0.409619 0.451031 0.508022 0.590473 0.718111 0.935110 1.356735 2.349941 5.275291 10.133142 5.364696 2.524957 1.607710 1.244096 1.059138 0.934582 0.830816 0.737659 0.654849 0.583610 0.524100 0.475381 0.435987 0.404365 0.379102 0.358991 0.343031 0.330388 0.320359 0.312328 0.305746 0.300108 0.294957 0.289887 0.284560 0.278726 0.272238 0.265051 0.257214 0.248847 0.240113 0.231190 0.222246 0.213426 0.204845 0.196586 0.188701 0.181218 0.174148 0.167485 0.161216 0.155320 0.149775 0.144556 0.139638 0.134999 0.130614 0.126464 0.122530
0.150035 0.156166 0.161863 0.166907 0.171085 0.174218 0.176185 0.176948 0.176550 0.175120 0.172841 0.169933 0.166625 0.163128 0.159629 0.156278 0.153192 0.150457 0.148134 0.146267 0.144883 0.144007 0.143658 0.143857 0.144631 0.146014 0.148053 0.150809 0.154366 0.158832 0.164351 0.171117 0.179384 0.189493 0.201911 0.217274 0.236467 0.260733 0.291832 0.332262 0.385500 0.456109 0.549116 0.667027 0.801702 0.922080 0.977292 0.939149 0.836132 0.719415 0.620392 0.547598 0.499012 0.470258 0.457692 0.459221 0.474517 0.505314 0.556082 0.635252 0.756750 0.939435 1.193500 1.468568 1.596845 1.452550 1.161719 0.892339 0.694854 0.558951 0.465401 0.399603 0.352093 0.316929 0.290356 0.269952 0.254116 0.241765 0.232155 0.224763 0.219223 0.215277 0.212749 0.211528 0.211556 0.212822 0.215363 0.219268 0.224683 0.231828 0.241023 0.252717 0.267553 0.286452 0.310761 0.342500 0.384782 0.442580 0.524180 0.644060 0.828914 1.130640 1.653120 2.584885 4.037513 5.006722 4.041889 2.593617 1.666166 1.147938 0.850375 0.669573 0.553606 0.475752 0.421502 0.382542 0.353869 0.332341 0.315916 0.303224 0.293328 0.285575 0.279507 0.274802 0.271237 0.268663 0.266987 0.266156 0.266156 0.266998 0.268722 0.271396 0.275113 0.280003 0.286236 0.294040 0.303719 0.315687 0.330521 0.349037 0.372428 0.402486 0.442014 0.495569 0.570947 0.682231 0.856331 1.146392 1.648115 2.419218 2.961720 2.554237 1.916581 1.538979 1.346440 1.222139 1.103547 0.975749 0.848517 0.734181 0.638599 0.561942 0.501730 0.454867 0.418538 0.390450 0.368814 0.352245 0.339656 0.330158 0.322992 0.317475 0.312972 0.308888 0.304681 0.299897 0.294202 0.287414 0.279509 0.270603 0.260917 0.250721 0.240293 0.229884 0.219696 0.209877 0.200525 0.191695 0.183408 0.175661 0.168435 0.161701 0.155426 0.149573 0.144107 0.138993 0.134199 0.129695 0.125455 0.121455
0.161195 0.168813 0.175947 0.182273 0.187469 0.191253 0.193433 0.193944 0.192856 0.190370 0.186772 0.182393 0.177565 0.172581 0.167688 0.163070 0.158861 0.155150 0.151991 0.149416 0.147441 0.146075 0.145325 0.145202 0.145722 0.146914 0.148821 0.151501 0.155041 0.159557 0.165205 0.172198 0.180827 0.191490 0.204741 0.221366 0.242501 0.269821 0.305867 0.354575 0.422181 0.518618 0.659214 0.864165 1.144381 1.447266 1.597331 1.463000 1.176088 0.912334 0.724612 0.602333 0.525700 0.479909 0.455742 0.447992 0.454218 0.474077 0.509042 0.562208 0.637511 0.736769 0.851829 0.952764 0.990796 0.938869 0.824111 0.695323 0.582339 0.493057 0.425168 0.373936 0.335045 0.305207 0.282064 0.263953 0.249703 0.238485 0.229708 0.222946 0.217896 0.214343 0.212143 0.211204 0.211486 0.212992 0.215771 0.219923 0.225608 0.233064 0.242632 0.254795 0.270248 0.289995 0.315523 0.349101 0.394304 0.457029 0.547523 0.684841 0.907577 1.303143 2.101444 4.037623 9.842241 19.515287 9.846923 4.046966 2.115405 1.321656 0.930549 0.712154 0.579025 0.492537 0.433599 0.391927 0.361590 0.338977 0.321790 0.308516 0.298132 0.289935 0.283436 0.278295 0.274283 0.271247 0.269092 0.267769 0.267265 0.267595 0.268800 0.270947 0.274131 0.278476 0.284150 0.291371 0.300430 0.311718 0.325770 0.343333 0.365467 0.393712 0.430364 0.478919 0.544814 0.636588 0.767290 0.954305 1.209024 1.496493 1.691004 1.700392 1.626713 1.590801 1.590817 1.550935 1.418471 1.219666 1.014915 0.841035 0.706086 0.605005 0.530010 0.474318 0.432829 0.401900 0.378946 0.362109 0.350010 0.341565 0.335861 0.332065 0.329373 0.327000 0.324201 0.320333 0.314924 0.307738 0.298794 0.288329 0.276736 0.264463 0.251947 0.239552 0.227555 0.216140 0.205413 0.195420 0.186162 0.177613 0.169730 0.162463 0.155756 0.149556 0.143813 0.138480 0.133514 0.128878 0.124537 0.120462
0.174824 0.184526 0.193723 0.201935 0.208658 0.213435 0.215950 0.216088 0.213970 0.209921 0.204402 0.197927 0.190983 0.183984 0.177248 0.170999 0.165378 0.160465 0.156298 0.152883 0.150215 0.148281 0.147068 0.146572 0.146795 0.147756 0.149491 0.152054 0.155532 0.160042 0.165750 0.172886 0.181767 0.192838 0.206729 0.224356 0.247082 0.276999 0.317439 0.373931 0.456124 0.581777 0.785389 1.135970 1.758732 2.727813 3.376629 2.742321 1.787942 1.180275 0.845407 0.658382 0.550501 0.487658 0.452614 0.436415 0.434461 0.444633 0.466309 0.499589 0.544239 0.597780 0.652691 0.694732 0.707241 0.682356 0.627886 0.560394 0.493916 0.435616 0.387382 0.348525 0.317529 0.292841 0.273144 0.257400 0.244819 0.234806 0.226919 0.220831 0.216303 0.213164 0.211301 0.210645 0.211171 0.212895 0.215876 0.220223 0.226103 0.233763 0.243554 0.255972 0.271731 0.291864 0.317911 0.352231 0.398571 0.463176 0.557062 0.701157 0.939283 1.376361 2.318624 5.007145 19.515625 19.518093 19.520682 5.017238 2.333711 1.396374 0.964128 0.730708 0.591159 0.501618 0.441117 0.398592 0.367755 0.344814 0.327373 0.313861 0.303221 0.294732 0.287895 0.282368 0.277925 0.274417 0.271757 0.269905 0.268852 0.268620 0.269254 0.270822 0.273416 0.277158 0.282208 0.288771 0.297117 0.307606 0.320721 0.337118 0.357706 0.383753 0.417051 0.460142 0.516602 0.591278 0.690078 0.818154 0.974523 1.144053 1.301653 1.446401 1.626333 1.894141 2.203242 2.326522 2.087210 1.656644 1.264836 0.979284 0.783806 0.650418 0.557984 0.492791 0.446216 0.412797 0.388995 0.372440 0.361465 0.354811 0.351421 0.350304 0.350450 0.350799 0.350283 0.347937 0.343049 0.335287 0.324754 0.311920 0.297481 0.282189 0.266722 0.251608 0.237209 0.223736 0.211285 0.199870 0.189452 0.179965 0.171329 0.163457 0.156269 0.149687 0.143641 0.138070 0.132919 0.128139 0.123689 0.119533
0.191513 0.204172 0.216390 0.227443 0.236522 0.242864 0.245917 0.245481 0.241762 0.235321 0.226927 0.217398 0.207466 0.197707 0.188527 0.180175 0.172786 0.166406 0.161034 0.156636 0.153170 0.150588 0.148852 0.147933 0.147818 0.148510 0.150033 0.152438 0.155803 0.160247 0.165939 0.173117 0.182115 0.193405 0.207670 0.225915 0.249663 0.281311 0.324796 0.386947 0.480445 0.630942 0.896503 1.429789 2.718853 6.576353 13.002349 6.589745 2.745790 1.470583 0.951638 0.701096 0.566529 0.490151 0.446655 0.423789 0.415239 0.417640 0.429119 0.448364 0.473770 0.502471 0.529517 0.548039 0.551419 0.536801 0.506905 0.468166 0.427176 0.388459 0.354219 0.325049 0.300704 0.280605 0.264114 0.250644 0.239703 0.230895 0.223908 0.218505 0.214507 0.211786 0.210258 0.209876 0.210629 0.212545 0.215689 0.220174 0.226171 0.233924 0.243780 0.256228 0.271964 0.291996 0.317813 0.351684 0.397188 0.460220 0.551030 0.688673 0.911743 1.307656 2.106315 4.042867 9.847872 19.521323 9.853383 4.053868 2.122766 1.329493 0.938873 0.720967 0.588321 0.502294 0.443778 0.402467 0.372406 0.349961 0.332812 0.319429 0.308778 0.300149 0.293061 0.287185 0.282309 0.278302 0.275093 0.272653 0.270989 0.270130 0.270126 0.271049 0.272989 0.276063 0.280420 0.286250 0.293799 0.303389 0.315444 0.330529 0.349403 0.373089 0.402965 0.440873 0.489216 0.550964 0.629407 0.727465 0.846845 0.989335 1.165515 1.415064 1.835786 2.607027 3.838263 4.649212 3.761716 2.454977 1.613809 1.138636 0.862187 0.692099 0.582068 0.508185 0.457442 0.422381 0.398519 0.383033 0.374045 0.370183 0.370303 0.373276 0.377841 0.382541 0.385771 0.385986 0.382014 0.373344 0.360249 0.343655 0.324824 0.305031 0.285328 0.266457 0.248861 0.232743 0.218146 0.205011 0.193227 0.182660 0.173172 0.164630 0.156915 0.149921 0.143552 0.137729 0.132383 0.127453 0.122890 0.118649
0.211987 0.228901 0.245637 0.261094 0.273942 0.282846 0.286800 0.285428 0.279112 0.268867 0.256035 0.241955 0.227736 0.214168 0.201737 0.190688 0.181100 0.172948 0.166156 0.160626 0.156254 0.152949 0.150633 0.149248 0.148756 0.149143 0.150420 0.152624 0.155827 0.160143 0.165737 0.172846 0.181807 0.193100 0.207425 0.225814 0.249848 0.282033 0.326534 0.390686 0.488408 0.648817 0.941594 1.570061 3.358106 12.992908 12.998794 13.005296 3.382999 1.607698 0.992344 0.713187 0.567069 0.484494 0.436554 0.409566 0.396436 0.393198 0.397406 0.407224 0.420789 0.435729 0.448928 0.456839 0.456450 0.446506 0.428073 0.403931 0.377309 0.350855 0.326253 0.304319 0.285285 0.269054 0.255382 0.243980 0.234570 0.226908 0.220790 0.216053 0.212573 0.210259 0.209053 0.208928 0.209886 0.211963 0.215229 0.219796 0.225831 0.233570 0.243341 0.255605 0.271008 0.290479 0.315369 0.347699 0.390584 0.449001 0.531236 0.651770 0.837298 1.139721 1.662923 2.595439 4.048849 5.018877 4.054900 2.607524 1.681008 1.163749 0.867183 0.687389 0.572421 0.495527 0.442162 0.403966 0.375887 0.354733 0.338412 0.325519 0.315090 0.306463 0.299191 0.292978 0.287641 0.283078 0.279243 0.276132 0.273768 0.272194 0.271470 0.271668 0.272879 0.275213 0.278806 0.283831 0.290507 0.299116 0.310023 0.323709 0.340799 0.362116 0.388735 0.422047 0.463818 0.516246 0.582026 0.664639 0.769591 0.908528 1.110454 1.450338 2.133197 3.812654 8.902745 17.407065 8.852424 3.714323 1.992640 1.278192 0.922051 0.721055 0.597834 0.518183 0.465217 0.429896 0.407072 0.393674 0.387765 0.388008 0.393292 0.402433 0.413908 0.425681 0.435230 0.439897 0.437559 0.427328 0.409853 0.387004 0.361152 0.334482 0.308611 0.284522 0.262676 0.243183 0.225946 0.210764 0.197400 0.185613 0.175184 0.165916 0.157639 0.150210 0.143505 0.137423 0.131877 0.126795 0.122116 0.117790
0.237105 0.260220 0.283866 0.306377 0.325511 0.338824 0.344361 0.341370 0.330611 0.314046 0.294126 0.273103 0.252649 0.233798 0.217056 0.202570 0.190280 0.180020 0.171586 0.164774 0.159399 0.155304 0.152360 0.150473 0.149574 0.149627 0.150624 0.152591 0.155585 0.159711 0.165125 0.172052 0.180819 0.191890 0.205940 0.223968 0.247490 0.278895 0.322114 0.383969 0.477130 0.627239 0.892352 1.425113 2.713559 6.570329 12.995460 6.581827 2.736640 1.459954 0.939221 0.686503 0.549257 0.469540 0.421824 0.393542 0.377948 0.371114 0.370515 0.374258 0.380619 0.387766 0.393689 0.396395 0.394326 0.386829 0.374341 0.358163 0.339956 0.321259 0.303222 0.286560 0.271626 0.258529 0.247235 0.237635 0.229595 0.222980 0.217668 0.213555 0.210562 0.208630 0.207725 0.207835 0.208973 0.211179 0.214526 0.219123 0.225125 0.232753 0.242306 0.254200 0.269008 0.287539 0.310944 0.340894 0.379876 0.431666 0.502144 0.600640 0.742052 0.949388 1.252984 1.669172 2.118600 2.336765 2.125289 1.682539 1.273006 0.976024 0.775233 0.640259 0.548043 0.483618 0.437575 0.403939 0.378829 0.359656 0.344648 0.332575 0.322579 0.314067 0.306646 0.300068 0.294198 0.288977 0.284399 0.280492 0.277306 0.274902 0.273350 0.272727 0.273121 0.274635 0.277392 0.281543 0.287279 0.294842 0.304544 0.316786 0.332084 0.351106 0.374714 0.404018 0.440456 0.485934 0.543124 0.616221 0.712871 0.849005 1.061090 1.440819 2.259264 4.613512 17.392856 17.375506 17.359697 4.549285 2.168459 1.330537 0.940607 0.728433 0.601410 0.520894 0.468514 0.434721 0.414257 0.404128 0.402595 0.408589 0.421282 0.439657 0.462038 0.485620 0.506280 0.519097 0.519820 0.506671 0.481190 0.447377 0.409867 0.372446 0.337499 0.306161 0.278716 0.254980 0.234557 0.216990 0.201839 0.188710 0.177268 0.167233 0.158373 0.150499 0.143454 0.137113 0.131369 0.126138 0.121347 0.116938
0.267806 0.300045 0.334493 0.368719 0.398874 0.420250 0.428761 0.422762 0.403905 0.376283 0.344615 0.312754 0.283144 0.256966 0.234551 0.215750 0.200203 0.187489 0.177199 0.168974 0.162515 0.157578 0.153974 0.151559 0.150233 0.149930 0.150624 0.152320 0.155065 0.158945 0.164101 0.170741 0.179165 0.189801 0.203266 0.220461 0.242738 0.272174 0.312085 0.367987 0.449509 0.574392 0.777109 1.126643 1.748173 2.715797 3.362885 2.726518 1.769676 1.159052 0.820610 0.629234 0.516002 0.446495 0.403019 0.375969 0.359810 0.351140 0.347677 0.347709 0.349770 0.352465 0.354437 0.354464 0.351646 0.345585 0.336455 0.324901 0.311816 0.298111 0.284548 0.271675 0.259836 0.249208 0.239856 0.231773 0.224915 0.219221 0.214629 0.211081 0.208532 0.206948 0.206315 0.206632 0.207922 0.210227 0.213618 0.218197 0.224107 0.231545 0.240775 0.252156 0.266175 0.283499 0.305051 0.332122 0.366537 0.410895 0.468895 0.545706 0.648123 0.783628 0.955891 1.152527 1.326606 1.401332 1.334040 1.167395 0.978189 0.813343 0.685217 0.590105 0.520469 0.469433 0.431728 0.403530 0.382099 0.365460 0.352181 0.341219 0.331832 0.323507 0.315920 0.308891 0.302350 0.296303 0.290801 0.285920 0.281743 0.278356 0.275841 0.274279 0.273756 0.274362 0.276205 0.279415 0.284153 0.290622 0.299082 0.309865 0.323397 0.340225 0.361055 0.386813 0.418732 0.458544 0.508852 0.573962 0.661709 0.787596 0.984630 1.329544 2.025593 3.722398 8.830146 17.350106 8.808277 3.680267 1.966447 1.258197 0.907105 0.710443 0.591208 0.515528 0.466846 0.436488 0.419749 0.414113 0.418367 0.432065 0.455107 0.487192 0.526985 0.570944 0.612249 0.641128 0.648062 0.628913 0.587588 0.533360 0.475723 0.421169 0.372833 0.331523 0.296835 0.267891 0.243729 0.223467 0.206360 0.191801 0.179305 0.168487 0.159042 0.150727 0.143352 0.136760 0.130828 0.125455 0.120560 0.116075
0.304939 0.350632 0.402287 0.456723 0.507383 0.544697 0.559298 0.547174 0.512344 0.464183 0.412269 0.363166 0.320066 0.283826 0.254081 0.229991 0.210626 0.195139 0.182816 0.173083 0.165489 0.159685 0.155406 0.152456 0.150693 0.150025 0.150398 0.151801 0.154262 0.157848 0.162681 0.168943 0.176896 0.186916 0.199537 0.215524 0.235992 0.262598 0.297859 0.345691 0.412299 0.507589 0.646851 0.850239 1.128614 1.429321 1.576798 1.439380 1.148775 0.880583 0.687500 0.558699 0.474056 0.418297 0.381520 0.357493 0.342236 0.333104 0.328235 0.326202 0.325813 0.326007 0.325830 0.324475 0.321367 0.316236 0.309137 0.300405 0.290544 0.280107 0.269599 0.259428 0.249884 0.241154 0.233343 0.226498 0.220626 0.215716 0.211746 0.208691 0.206532 0.205256 0.204860 0.205355 0.206768 0.209143 0.212545 0.217069 0.222842 0.230033 0.238867 0.249643 0.262756 0.278729 0.298261 0.322285 0.352040 0.389155 0.435699 0.494118 0.566808 0.654870 0.755356 0.857016 0.937772 0.971558 0.946070 0.873627 0.780308 0.688192 0.608517 0.544199 0.494079 0.455669 0.426396 0.404028 0.386740 0.373075 0.361888 0.352298 0.343660 0.335541 0.327696 0.320037 0.312589 0.305451 0.298757 0.292645 0.287247 0.282675 0.279026 0.276383 0.274823 0.274424 0.275274 0.277477 0.281164 0.286500 0.293697 0.303024 0.314831 0.329566 0.347812 0.370344 0.398223 0.432972 0.476915 0.533852 0.610379 0.718563 0.881425 1.144572 1.599883 2.414266 3.686928 4.532710 3.672596 2.386788 1.561594 1.098844 0.832431 0.670914 0.568746 0.502687 0.460385 0.435114 0.423285 0.423237 0.434636 0.458148 0.495161 0.547265 0.615021 0.695378 0.777719 0.841521 0.862628 0.829583 0.753622 0.658666 0.564976 0.482856 0.414975 0.360280 0.316527 0.281432 0.253058 0.229877 0.210720 0.194702 0.181155 0.169572 0.159564 0.150833 0.143147 0.136325 0.130222 0.124722 0.119734 0.115183
0.348874 0.414195 0.493517 0.584126 0.675651 0.747742 0.776368 0.750183 0.680541 0.591479 0.503356 0.426551 0.363787 0.314054 0.275147 0.244815 0.221152 0.202660 0.188202 0.176924 0.168189 0.161526 0.156584 0.153109 0.150917 0.149883 0.149931 0.151027 0.153180 0.156437 0.160896 0.166708 0.174092 0.183363 0.194956 0.209483 0.227802 0.251130 0.281200 0.320475 0.372399 0.441493 0.532737 0.648581 0.780815 0.898300 0.950069 0.907814 0.799870 0.677227 0.571049 0.489558 0.430310 0.388320 0.359039 0.338973 0.325567 0.316954 0.311722 0.308755 0.307117 0.306002 0.304715 0.302693 0.299539 0.295058 0.289254 0.282308 0.274520 0.266242 0.257818 0.249550 0.241675 0.234367 0.227742 0.221872 0.216794 0.212527 0.209074 0.206434 0.204606 0.203590 0.203395 0.204038 0.205546 0.207965 0.211354 0.215796 0.221401 0.228311 0.236712 0.246841 0.259006 0.273598 0.291119 0.312197 0.337613 0.368290 0.405240 0.449378 0.501104 0.559496 0.621100 0.678811 0.722251 0.741273 0.731539 0.697426 0.649117 0.597010 0.548219 0.506178 0.471753 0.444446 0.423188 0.406751 0.393937 0.383646 0.374920 0.366967 0.359195 0.351233 0.342929 0.334321 0.325577 0.316935 0.308647 0.300942 0.294008 0.287989 0.282991 0.279094 0.276360 0.274848 0.274620 0.275753 0.278343 0.282516 0.288439 0.296325 0.306455 0.319189 0.335004 0.354537 0.378666 0.408647 0.446365 0.494762 0.558594 0.645690 0.768911 0.948469 1.211266 1.572051 1.961285 2.146137 1.952077 1.554511 1.187113 0.920171 0.739544 0.618753 0.537835 0.484078 0.449840 0.430748 0.424623 0.430916 0.450506 0.485748 0.540651 0.620927 0.733059 0.880121 1.050479 1.200752 1.260105 1.189151 1.027071 0.844479 0.684512 0.558518 0.463074 0.391253 0.336764 0.294815 0.261971 0.235810 0.214626 0.197203 0.182665 0.170374 0.159854 0.150751 0.142792 0.135770 0.129520 0.123914 0.118850 0.114246
0.398760 0.491748 0.615078 0.772140 0.951520 1.109964 1.176688 1.112369 0.956338 0.779384 0.624772 0.503922 0.413453 0.346474 0.296723 0.259437 0.231209 0.209645 0.193067 0.180290 0.170468 0.162994 0.157432 0.153464 0.150867 0.149482 0.149210 0.149997 0.151829 0.154735 0.158785 0.164099 0.170852 0.179291 0.189754 0.202701 0.218751 0.238730 0.263724 0.295113 0.334531 0.383577 0.442992 0.510827 0.579621 0.634727 0.658845 0.643811 0.597806 0.538142 0.479477 0.429274 0.389471 0.359307 0.337136 0.321261 0.310200 0.302732 0.297851 0.294722 0.292629 0.290959 0.289193 0.286921 0.283858 0.279854 0.274899 0.269099 0.262647 0.255783 0.248754 0.241792 0.235093 0.228811 0.223062 0.217927 0.213460 0.209695 0.206653 0.204347 0.202788 0.201984 0.201952 0.202711 0.204290 0.206732 0.210089 0.214433 0.219856 0.226475 0.234436 0.243924 0.255166 0.268442 0.284090 0.302507 0.324141 0.349455 0.378841 0.412464 0.449971 0.490088 0.530178 0.566078 0.592697 0.605625 0.603109 0.586975 0.561700 0.532432 0.503370 0.477158 0.455034 0.437250 0.423467 0.413011 0.405036 0.398616 0.392831 0.386856 0.380068 0.372123 0.362986 0.352883 0.342210 0.331423 0.320948 0.311135 0.302238 0.294430 0.287816 0.282459 0.278395 0.275652 0.274260 0.274258 0.275709 0.278698 0.283345 0.289813 0.298317 0.309139 0.322657 0.339374 0.359976 0.385429 0.417120 0.457084 0.508316 0.575138 0.663392 0.779634 0.927197 1.095367 1.243040 1.302806 1.237371 1.084696 0.912833 0.763474 0.647841 0.563029 0.502850 0.461843 0.436185 0.423658 0.423489 0.436330 0.464493 0.512551 0.588474 0.705518 0.884516 1.153126 1.526176 1.930462 2.122388 1.919251 1.503564 1.118723 0.837710 0.645439 0.513944 0.422006 0.355876 0.306934 0.269737 0.240780 0.217749 0.199076 0.183677 0.170780 0.159831 0.150420 0.142240 0.135058 0.128694 0.123008 0.117889 0.113249
0.451412 0.580574 0.770357 1.048728 1.430748 1.843280 2.042528 1.845648 1.435492 1.055862 0.779903 0.592561 0.465879 0.378649 0.317140 0.272753 0.240071 0.215612 0.197089 0.182962 0.172173 0.163986 0.157876 0.153472 0.150509 0.148802 0.148228 0.148713 0.150224 0.152770 0.156396 0.161189 0.167280 0.174854 0.184160 0.195523 0.209361 0.226191 0.246631 0.271359 0.300991 0.335798 0.375175 0.416837 0.456068 0.485982 0.499838 0.494751 0.473617 0.443183 0.410340 0.379794 0.353817 0.332980 0.316959 0.305062 0.296508 0.290543 0.286484 0.283719 0.281708 0.279979 0.278137 0.275872 0.272970 0.269321 0.264915 0.259828 0.254202 0.248219 0.242073 0.235954 0.230029 0.224438 0.219292 0.214674 0.210646 0.207248 0.204512 0.202458 0.201103 0.200463 0.200555 0.201401 0.203030 0.205478 0.208793 0.213034 0.218277 0.224614 0.232159 0.241048 0.251445 0.263537 0.277538 0.293679 0.312185 0.333240 0.356911 0.383039 0.411081 0.439925 0.467773 0.492206 0.510603 0.520881 0.522274 0.515668 0.503260 0.487775 0.471718 0.456943 0.444563 0.435052 0.428382 0.424145 0.421626 0.419876 0.417809 0.414369 0.408740 0.400539 0.389893 0.377357 0.363717 0.349782 0.336239 0.323591 0.312160 0.302126 0.293570 0.286512 0.280943 0.276842 0.274195 0.273000 0.273275 0.275064 0.278443 0.283522 0.290457 0.299459 0.310811 0.324888 0.342195 0.363419 0.389491 0.421673 0.461619 0.511342 0.572868 0.647151 0.731655 0.816596 0.882697 0.907200 0.879502 0.810731 0.724161 0.639553 0.567145 0.509907 0.467332 0.437923 0.420382 0.414124 0.419565 0.438465 0.474564 0.534854 0.632181 0.790748 1.058043 1.529464 2.378379 3.707356 4.591871 3.696578 2.356653 1.496439 1.013172 0.733259 0.561037 0.448692 0.371617 0.316454 0.275543 0.244276 0.219759 0.200104 0.184040 0.170688 0.159421 0.149787 0.141451 0.134160 0.127722 0.121987 0.116837 0.112180
0.500269 0.670297 0.947936 1.428947 2.287117 3.625302 4.517833 3.627633 2.291786 1.435968 0.957330 0.682094 0.514506 0.406727 0.334151 0.283430 0.246927 0.220055 0.199942 0.184727 0.173165 0.164405 0.157852 0.153089 0.149818 0.147830 0.146982 0.147183 0.148385 0.150575 0.153777 0.158047 0.163477 0.170197 0.178379 0.188239 0.200038 0.214074 0.230658 0.250057 0.272387 0.297421 0.324318 0.351331 0.375696 0.394027 0.403387 0.402595 0.392839 0.377065 0.358658 0.340375 0.323941 0.310161 0.299204 0.290875 0.284798 0.280526 0.277598 0.275567 0.274017 0.272576 0.270930 0.268835 0.266126 0.262725 0.258635 0.253931 0.248739 0.243220 0.237547 0.231889 0.226398 0.221205 0.216416 0.212113 0.208360 0.205200 0.202667 0.200784 0.199571 0.199046 0.199226 0.200133 0.201792 0.204236 0.207504 0.211647 0.216725 0.222809 0.229984 0.238349 0.248014 0.259099 0.271727 0.286015 0.302051 0.319858 0.339352 0.360267 0.382078 0.403936 0.424658 0.442821 0.457019 0.466215 0.470081 0.469127 0.464568 0.457986 0.450959 0.444810 0.440475 0.438481 0.438950 0.441594 0.445687 0.450049 0.453130 0.453270 0.449137 0.440171 0.426784 0.410158 0.391804 0.373130 0.355204 0.338702 0.323980 0.311175 0.300289 0.291258 0.283993 0.278404 0.274414 0.271970 0.271040 0.271623 0.273748 0.277477 0.282909 0.290188 0.299511 0.311141 0.325421 0.342797 0.363839 0.389238 0.419775 0.456167 0.498713 0.546596 0.596817 0.643205 0.676743 0.688647 0.675283 0.640716 0.594156 0.545039 0.499953 0.462331 0.433484 0.413730 0.403203 0.402387 0.412553 0.436300 0.478489 0.548101 0.662313 0.856365 1.210491 1.936133 3.709828 9.044872 17.941165 9.034562 3.689056 1.904591 1.167700 0.801653 0.594788 0.466604 0.381544 0.322038 0.278621 0.245839 0.220371 0.200102 0.183634 0.170011 0.158563 0.148808 0.140392 0.133051 0.126583 0.120834 0.115681 0.111030
0.535757 0.740563 1.104556 1.839655 3.623479 8.972888 17.887885 8.975181 3.628072 1.846561 1.113796 0.752166 0.549758 0.425997 0.345310 0.290131 0.251012 0.222516 0.201345 0.185406 0.173325 0.164174 0.157311 0.152284 0.148774 0.146556 0.145473 0.145419 0.146332 0.148183 0.150976 0.154740 0.159534 0.165443 0.172576 0.181067 0.191065 0.202720 0.216160 0.231435 0.248448 0.266847 0.285898 0.304408 0.320770 0.333231 0.340388 0.341706 0.337733 0.329880 0.319903 0.309404 0.299557 0.291059 0.284205 0.279010 0.275310 0.272835 0.271265 0.270255 0.269466 0.268583 0.267336 0.265519 0.263002 0.259736 0.255748 0.251133 0.246031 0.240610 0.235045 0.229504 0.224138 0.219073 0.214412 0.210235 0.206601 0.203554 0.201123 0.199333 0.198202 0.197745 0.197979 0.198922 0.200597 0.203030 0.206256 0.210315 0.215254 0.221127 0.227998 0.235935 0.245007 0.255287 0.266835 0.279695 0.293871 0.309307 0.325854 0.343233 0.361005 0.378549 0.395089 0.409776 0.421834 0.430746 0.436404 0.439179 0.439853 0.439468 0.439142 0.439915 0.442647 0.447948 0.456112 0.466991 0.479815 0.492981 0.504000 0.509862 0.507969 0.497259 0.478739 0.454953 0.428851 0.402876 0.378604 0.356840 0.337856 0.321621 0.307963 0.296664 0.287508 0.280302 0.274889 0.271148 0.268993 0.268373 0.269268 0.271693 0.275695 0.281358 0.288803 0.298194 0.309744 0.323713 0.340405 0.360139 0.383188 0.409635 0.439140 0.470580 0.501663 0.528785 0.547551 0.554192 0.547300 0.528645 0.502362 0.473216 0.445198 0.421026 0.402332 0.390113 0.385199 0.388667 0.402284 0.429102 0.474512 0.548347 0.669616 0.878441 1.271226 2.129708 4.596146 17.943033 17.937900 17.933213 4.576374 2.099718 1.230608 0.826621 0.605842 0.471658 0.383700 0.322675 0.278414 0.245144 0.219387 0.198945 0.182375 0.168695 0.157218 0.147455 0.139043 0.131714 0.125266 0.119540 0.114413 0.109790
0.548505 0.767337 1.169429 2.037053 4.514160 17.886035 17.887142 17.888290 4.518676 2.043842 1.178512 0.778742 0.562265 0.432369 0.348660 0.291847 0.251771 0.222677 0.201105 0.184879 0.172579 0.163246 0.156220 0.151038 0.147371 0.144983 0.143709 0.143435 0.144088 0.145627 0.148036 0.151327 0.155529 0.160691 0.166877 0.174159 0.182612 0.192295 0.203232 0.215375 0.228558 0.242442 0.256472 0.269863 0.281663 0.290924 0.296929 0.299415 0.298665 0.295412 0.290619 0.285236 0.280038 0.275550 0.272056 0.269640 0.268230 0.267650 0.267649 0.267931 0.268184 0.268107 0.267439 0.265983 0.263629 0.260357 0.256235 0.251400 0.246034 0.240341 0.234522 0.228761 0.223217 0.218018 0.213263 0.209026 0.205361 0.202303 0.199879 0.198106 0.196998 0.196565 0.196821 0.197780 0.199459 0.201882 0.205074 0.209070 0.213906 0.219624 0.226269 0.233887 0.242522 0.252211 0.262975 0.274812 0.287680 0.301485 0.316058 0.331144 0.346386 0.361332 0.375469 0.388281 0.399339 0.408405 0.415509 0.420986 0.425449 0.429716 0.434722 0.441437 0.450805 0.463679 0.480721 0.502182 0.527481 0.554550 0.579237 0.595554 0.597682 0.583144 0.554450 0.517447 0.478138 0.440686 0.407182 0.378269 0.353823 0.333406 0.316506 0.302643 0.291410 0.282472 0.275569 0.270498 0.267109 0.265298 0.264997 0.266174 0.268829 0.272990 0.278716 0.286090 0.295223 0.306240 0.319270 0.334407 0.351659 0.370847 0.391471 0.412557 0.432541 0.449339 0.460701 0.464872 0.461271 0.450791 0.435505 0.417991 0.400693 0.385581 0.374129 0.367490 0.366747 0.373223 0.388848 0.416714 0.462043 0.534074 0.650173 0.845713 1.201028 1.927629 3.702107 9.037798 17.934630 9.028480 3.683361 1.899229 1.162627 0.796833 0.590192 0.462208 0.377328 0.317985 0.274718 0.242074 0.216735 0.196587 0.180233 0.166717 0.155372 0.145715 0.137394 0.130143 0.123764 0.118099 0.113029 0.108458
0.534496 0.739269 1.103227 1.838292 3.622080 8.971452 17.886410 8.973667 3.626516 1.844962 1.112151 0.750471 0.548011 0.424193 0.343444 0.288197 0.249001 0.220421 0.199154 0.183107 0.170901 0.161607 0.154575 0.149352 0.145611 0.143117 0.141703 0.141250 0.141678 0.142936 0.144998 0.147856 0.151521 0.156014 0.161364 0.167605 0.174761 0.182841 0.191817 0.201604 0.212030 0.222820 0.233571 0.243773 0.252855 0.260282 0.265670 0.268890 0.270104 0.269727 0.268320 0.266470 0.264688 0.263359 0.262716 0.262849 0.263721 0.265187 0.267017 0.268912 0.270537 0.271553 0.271663 0.270645 0.268393 0.264922 0.260362 0.254927 0.248880 0.242492 0.236016 0.229671 0.223629 0.218023 0.212947 0.208466 0.204620 0.201435 0.198924 0.197095 0.195954 0.195505 0.195754 0.196711 0.198388 0.200802 0.203976 0.207936 0.212712 0.218337 0.224844 0.232265 0.240626 0.249944 0.260215 0.271410 0.283466 0.296271 0.309656 0.323389 0.337180 0.350689 0.363563 0.375479 0.386210 0.395683 0.404030 0.411610 0.419004 0.426985 0.436493 0.448603 0.464533 0.485640 0.513376 0.549058 0.593189 0.643934 0.694752 0.733009 0.743876 0.720405 0.669674 0.606620 0.543954 0.488266 0.441425 0.402981 0.371711 0.346331 0.325735 0.309045 0.295580 0.284823 0.276384 0.269967 0.265352 0.262375 0.260923 0.260917 0.262313 0.265093 0.269261 0.274842 0.281867 0.290373 0.300376 0.311848 0.324676 0.338600 0.353148 0.367576 0.380857 0.391766 0.399101 0.401992 0.400200 0.394236 0.385247 0.374729 0.364231 0.355160 0.348727 0.346016 0.348128 0.356391 0.372645 0.399680 0.441969 0.507029 0.608075 0.769577 1.039216 1.512532 2.362995 3.693250 4.578833 3.684440 2.345282 1.485728 1.003034 0.723624 0.551847 0.439900 0.363184 0.308346 0.267734 0.236744 0.212484 0.193070 0.177233 0.164095 0.153034 0.143596 0.135449 0.128340 0.122077 0.116513 0.111529 0.107033
0.497745 0.667706 0.945277 1.426218 2.284317 3.622428 4.514883 3.624603 2.288673 1.432768 0.954038 0.678704 0.511011 0.403118 0.330418 0.279562 0.242908 0.215867 0.195564 0.180133 0.168324 0.159278 0.152394 0.147241 0.143510 0.140975 0.139472 0.138882 0.139124 0.140139 0.141893 0.144368 0.147556 0.151461 0.156090 0.161449 0.167535 0.174329 0.181781 0.189801 0.198239 0.206882 0.215450 0.223611 0.231018 0.237363 0.242437 0.246183 0.248711 0.250280 0.251244 0.251988 0.252868 0.254169 0.256080 0.258682 0.261943 0.265722 0.269765 0.273725 0.277181 0.279691 0.280850 0.280366 0.278112 0.274153 0.268720 0.262164 0.254883 0.247263 0.239642 0.232284 0.225386 0.219078 0.213443 0.208527 0.204352 0.200922 0.198235 0.196282 0.195058 0.194555 0.194773 0.195714 0.197384 0.199798 0.202972 0.206928 0.211692 0.217292 0.223755 0.231106 0.239363 0.248529 0.258592 0.269511 0.281209 0.293570 0.306426 0.319563 0.332728 0.345643 0.358043 0.369713 0.380543 0.390565 0.400000 0.409271 0.419011 0.430066 0.443503 0.460656 0.483211 0.513369 0.554035 0.608920 0.682027 0.775154 0.881019 0.972843 1.007050 0.959541 0.854670 0.736220 0.631103 0.546666 0.481121 0.430469 0.391034 0.360005 0.335357 0.315649 0.299855 0.287234 0.277246 0.269491 0.263673 0.259570 0.257021 0.255904 0.256136 0.257658 0.260432 0.264434 0.269645 0.276039 0.283569 0.292147 0.301615 0.311714 0.322052 0.332089 0.341153 0.348511 0.353494 0.355653 0.354900 0.351559 0.346321 0.340114 0.333963 0.328878 0.325819 0.325722 0.329584 0.338596 0.354347 0.379117 0.416342 0.471377 0.552743 0.674086 0.856523 1.127915 1.503241 1.909410 2.102911 1.901103 1.486551 1.102687 0.822524 0.631000 0.500167 0.408820 0.343224 0.294768 0.258017 0.229473 0.206825 0.188513 0.173453 0.160879 0.150237 0.141121 0.133224 0.126315 0.120215 0.114785 0.109915 0.105517
0.447621 0.576683 0.766363 1.044630 1.426542 1.838963 2.038097 1.841098 1.430817 1.051057 0.774960 0.587473 0.460634 0.373234 0.311541 0.266952 0.234046 0.209337 0.190532 0.176084 0.164930 0.156319 0.149718 0.144737 0.141095 0.138580 0.137038 0.136356 0.136450 0.137262 0.138752 0.140892 0.143666 0.147065 0.151080 0.155703 0.160916 0.166686 0.172960 0.179654 0.186649 0.193788 0.200877 0.207703 0.214056 0.219758 0.224703 0.228877 0.232371 0.235371 0.238127 0.240919 0.244020 0.247663 0.252018 0.257165 0.263080 0.269612 0.276460 0.283176 0.289176 0.293807 0.296448 0.296646 0.294218 0.289307 0.282328 0.273871 0.264566 0.254984 0.245581 0.236686 0.228508 0.221166 0.214717 0.209171 0.204517 0.200730 0.197781 0.195642 0.194287 0.193699 0.193865 0.194779 0.196443 0.198866 0.202061 0.206048 0.210853 0.216500 0.223018 0.230430 0.238753 0.247992 0.258130 0.269126 0.280902 0.293336 0.306263 0.319468 0.332705 0.345712 0.358253 0.370158 0.381374 0.392008 0.402365 0.412965 0.424558 0.438140 0.455000 0.476834 0.505963 0.545761 0.601394 0.681017 0.797248 0.966785 1.198416 1.446863 1.562193 1.432168 1.169473 0.924392 0.742399 0.614746 0.524676 0.459472 0.410911 0.373833 0.344965 0.322177 0.304038 0.289562 0.278049 0.268991 0.262014 0.256840 0.253259 0.251111 0.250277 0.250664 0.252202 0.254829 0.258490 0.263123 0.268646 0.274946 0.281859 0.289155 0.296526 0.303586 0.309894 0.314998 0.318515 0.320208 0.320056 0.318283 0.315335 0.311824 0.308451 0.305955 0.305081 0.306598 0.311346 0.320315 0.334771 0.356424 0.387666 0.431879 0.493788 0.579608 0.696181 0.846845 1.020156 1.172877 1.234281 1.165063 1.004465 0.823153 0.664301 0.539289 0.444715 0.373675 0.319890 0.278584 0.246330 0.220716 0.200041 0.183096 0.169010 0.157147 0.147037 0.138326 0.130746 0.124087 0.118190 0.112926 0.108195 0.103914
0.393696 0.486550 0.609744 0.766665 0.945902 1.104199 1.170770 1.106293 0.950096 0.772969 0.618175 0.497131 0.406455 0.339252 0.289258 0.251705 0.223182 0.201289 0.184341 0.171143 0.160840 0.152813 0.146607 0.141887 0.138401 0.135962 0.134428 0.133694 0.133680 0.134328 0.135595 0.137450 0.139871 0.142840 0.146342 0.150357 0.154862 0.159821 0.165185 0.170883 0.176825 0.182897 0.188970 0.194911 0.200593 0.205924 0.210858 0.215416 0.219687 0.223828 0.228046 0.232578 0.237667 0.243542 0.250387 0.258318 0.267343 0.277318 0.287891 0.298463 0.308177 0.315993 0.320868 0.322009 0.319112 0.312458 0.302819 0.291223 0.278700 0.266111 0.254073 0.242971 0.233007 0.224257 0.216716 0.210339 0.205060 0.200809 0.197520 0.195138 0.193614 0.192913 0.193010 0.193891 0.195552 0.197996 0.201236 0.205292 0.210189 0.215958 0.222631 0.230237 0.238801 0.248337 0.258839 0.270271 0.282563 0.295594 0.309189 0.323118 0.337106 0.350858 0.364106 0.376661 0.388479 0.399716 0.410769 0.422290 0.435202 0.450719 0.470415 0.496401 0.531700 0.581014 0.652317 0.760254 0.933523 1.230127 1.756035 2.573841 3.114526 2.556718 1.722581 1.181715 0.871789 0.686791 0.568482 0.487878 0.430101 0.387059 0.354080 0.328309 0.307909 0.291651 0.278680 0.268384 0.260314 0.254137 0.249599 0.246506 0.244707 0.244080 0.244529 0.245968 0.248315 0.251487 0.255385 0.259891 0.264849 0.270068 0.275308 0.280295 0.284732 0.288337 0.290882 0.292242 0.292425 0.291595 0.290059 0.288234 0.286620 0.285758 0.286224 0.288626 0.293634 0.302023 0.314735 0.332961 0.358220 0.392418 0.437793 0.496531 0.569617 0.654307 0.740212 0.806977 0.830572 0.799638 0.725485 0.632094 0.539770 0.458853 0.392043 0.338309 0.295426 0.261125 0.233482 0.210979 0.192455 0.177032 0.164047 0.152999 0.143502 0.135262 0.128048 0.121682 0.116021 0.110950 0.106379 0.102234
0.342529 0.407682 0.486833 0.577266 0.668612 0.740518 0.768954 0.742571 0.672723 0.583446 0.495097 0.418051 0.355031 0.305022 0.265815 0.235154 0.211128 0.192232 0.177320 0.165526 0.156204 0.148863 0.143137 0.138744 0.135471 0.133155 0.131670 0.130922 0.130836 0.131357 0.132443 0.134061 0.136185 0.138794 0.141868 0.145386 0.149321 0.153641 0.158301 0.163249 0.168415 0.173724 0.179091 0.184438 0.189697 0.194829 0.199831 0.204752 0.209694 0.214810 0.220302 0.226408 0.233386 0.241506 0.251019 0.262133 0.274952 0.289404 0.305128 0.321343 0.336770 0.349679 0.358185 0.360776 0.356864 0.347027 0.332768 0.315967 0.298356 0.281228 0.265382 0.251219 0.238864 0.228282 0.219359 0.211949 0.205905 0.201093 0.197398 0.194725 0.193000 0.192166 0.192184 0.193029 0.194691 0.197171 0.200480 0.204642 0.209685 0.215649 0.222575 0.230509 0.239491 0.249556 0.260719 0.272967 0.286245 0.300441 0.315366 0.330755 0.346264 0.361503 0.376091 0.389741 0.402355 0.414109 0.425507 0.437391 0.450932 0.467631 0.489395 0.518750 0.559333 0.616972 0.702132 0.835938 1.066760 1.523378 2.620691 5.904074 11.373087 5.882856 2.579718 1.465110 0.993962 0.751094 0.607123 0.513036 0.447205 0.398887 0.362215 0.333727 0.311250 0.293346 0.279025 0.267583 0.258506 0.251408 0.245999 0.242051 0.239388 0.237866 0.237365 0.237783 0.239021 0.240985 0.243568 0.246655 0.250108 0.253765 0.257445 0.260947 0.264070 0.266631 0.268493 0.269587 0.269937 0.269664 0.268988 0.268204 0.267674 0.267799 0.269015 0.271792 0.276641 0.284137 0.294944 0.309832 0.329684 0.355445 0.387961 0.427591 0.473468 0.522393 0.567796 0.600093 0.609907 0.593209 0.553990 0.501589 0.445551 0.392410 0.345334 0.305157 0.271497 0.243494 0.220199 0.200743 0.184390 0.170541 0.158717 0.148539 0.139706 0.131981 0.125172 0.119129 0.113729 0.108872 0.104480 0.100484
0.297302 0.342793 0.394242 0.448467 0.498911 0.536003 0.550375 0.538015 0.502940 0.454522 0.402338 0.352950 0.309546 0.272979 0.242879 0.218402 0.198610 0.182648 0.169792 0.159457 0.151175 0.144581 0.139387 0.135369 0.132351 0.130195 0.128794 0.128064 0.127939 0.128368 0.129310 0.130733 0.132612 0.134924 0.137647 0.140760 0.144238 0.148053 0.152169 0.156547 0.161139 0.165896 0.170769 0.175717 0.180712 0.185754 0.190875 0.196149 0.201696 0.207686 0.214342 0.221934 0.230779 0.241235 0.253690 0.268531 0.286085 0.306502 0.329557 0.354359 0.379043 0.400654 0.415575 0.420662 0.414649 0.398802 0.376261 0.350651 0.324934 0.300990 0.279737 0.261435 0.245983 0.233114 0.222515 0.213883 0.206952 0.201500 0.197346 0.194349 0.192401 0.191422 0.191355 0.192166 0.193837 0.196368 0.199770 0.204072 0.209312 0.215540 0.222817 0.231208 0.240786 0.251617 0.263756 0.277232 0.292027 0.308050 0.325109 0.342883 0.360914 0.378627 0.395410 0.410744 0.424374 0.436453 0.447629 0.459031 0.472204 0.489049 0.511861 0.543545 0.588144 0.652031 0.746684 0.895883 1.157248 1.701742 3.229548 11.443875 11.433710 11.415621 3.175929 1.627407 1.067078 0.793832 0.635320 0.532629 0.461062 0.408659 0.368957 0.338155 0.313865 0.294503 0.278977 0.266508 0.256525 0.248602 0.242413 0.237706 0.234280 0.231974 0.230654 0.230200 0.230508 0.231473 0.232992 0.234952 0.237233 0.239701 0.242214 0.244626 0.246794 0.248599 0.249952 0.250818 0.251223 0.251261 0.251089 0.250925 0.251030 0.251703 0.253271 0.256084 0.260520 0.266987 0.275926 0.287803 0.303080 0.322144 0.345153 0.371786 0.400860 0.429930 0.455138 0.471765 0.475710 0.465313 0.442205 0.410457 0.374760 0.338946 0.305436 0.275393 0.249127 0.226472 0.207048 0.190412 0.176132 0.163826 0.153165 0.143875 0.135729 0.128541 0.122159 0.116459 0.111338 0.106712 0.102510 0.098676
0.258865 0.290866 0.325073 0.359052 0.388954 0.410072 0.418317 0.412043 0.392900 0.364982 0.333002 0.300812 0.270851 0.244298 0.221476 0.202233 0.186199 0.172944 0.162049 0.153142 0.145905 0.140076 0.135441 0.131826 0.129090 0.127121 0.125831 0.125146 0.125009 0.125376 0.126208 0.127476 0.129155 0.131223 0.133660 0.136445 0.139557 0.142973 0.146666 0.150610 0.154773 0.159127 0.163650 0.168328 0.173164 0.178186 0.183454 0.189067 0.195169 0.201962 0.209704 0.218727 0.229443 0.242355 0.258069 0.277287 0.300765 0.329181 0.362840 0.401103 0.441534 0.479102 0.506459 0.516414 0.505888 0.477964 0.439841 0.398875 0.360109 0.326000 0.297211 0.273474 0.254151 0.238539 0.225996 0.215986 0.208077 0.201930 0.197286 0.193947 0.191767 0.190638 0.190488 0.191269 0.192959 0.195555 0.199073 0.203547 0.209029 0.215586 0.223301 0.232276 0.242623 0.254461 0.267910 0.283071 0.299998 0.318661 0.338890 0.360313 0.382302 0.403974 0.424280 0.442230 0.457200 0.469242 0.479224 0.488768 0.500034 0.515523 0.538028 0.570814 0.618116 0.686173 0.785539 0.936791 1.186713 1.661209 2.771374 6.059120 11.522549 6.018141 2.695583 1.559999 1.069068 0.809059 0.651009 0.545722 0.471133 0.416009 0.374038 0.341388 0.315596 0.295000 0.278439 0.265081 0.254310 0.245667 0.238797 0.233428 0.229341 0.226359 0.224336 0.223146 0.222675 0.222818 0.223472 0.224533 0.225894 0.227444 0.229070 0.230661 0.232115 0.233348 0.234304 0.234963 0.235350 0.235537 0.235639 0.235815 0.236258 0.237187 0.238843 0.241483 0.245375 0.250797 0.258026 0.267323 0.278894 0.292830 0.309001 0.326912 0.345537 0.363206 0.377667 0.386467 0.387641 0.380422 0.365554 0.344982 0.321137 0.296251 0.271980 0.249339 0.228814 0.210536 0.194425 0.180294 0.167917 0.157064 0.147523 0.139104 0.131642 0.124998 0.119052 0.113705 0.108874 0.104487 0.100486 0.096821
0.226843 0.249686 0.273054 0.295282 0.314126 0.327143 0.332376 0.329072 0.317989 0.301087 0.280815 0.259419 0.238572 0.219299 0.202102 0.187123 0.174290 0.163430 0.154326 0.146759 0.140527 0.135450 0.131375 0.128172 0.125733 0.123969 0.122808 0.122190 0.122066 0.122396 0.123147 0.124294 0.125813 0.127683 0.129887 0.132407 0.135226 0.138326 0.141689 0.145298 0.149137 0.153194 0.157465 0.161958 0.166700 0.171742 0.177167 0.183097 0.189707 0.197232 0.205985 0.216379 0.228951 0.244406 0.263663 0.287914 0.318657 0.357649 0.406607 0.466326 0.534728 0.603857 0.658093 0.678989 0.657837 0.603355 0.533999 0.465401 0.405535 0.356498 0.317520 0.286917 0.262970 0.244225 0.229542 0.218058 0.209125 0.202266 0.197128 0.193449 0.191041 0.189770 0.189543 0.190303 0.192023 0.194698 0.198351 0.203024 0.208784 0.215723 0.223956 0.233627 0.244906 0.257990 0.273096 0.290444 0.310225 0.332545 0.357335 0.384218 0.412372 0.440429 0.466547 0.488770 0.505663 0.516988 0.524019 0.529316 0.536152 0.548001 0.568349 0.600873 0.649917 0.721277 0.823540 0.970764 1.188677 1.528728 2.087001 2.916236 3.443102 2.850327 1.969702 1.380466 1.026568 0.804671 0.656821 0.553169 0.477620 0.420904 0.377347 0.343303 0.316331 0.294740 0.277333 0.263237 0.251808 0.242557 0.235111 0.229179 0.224528 0.220973 0.218357 0.216548 0.215430 0.214897 0.214848 0.215189 0.215822 0.216654 0.217593 0.218552 0.219456 0.220244 0.220877 0.221344 0.221665 0.221895 0.222118 0.222452 0.223036 0.224032 0.225612 0.227961 0.231263 0.235698 0.241432 0.248594 0.257245 0.267339 0.278651 0.290711 0.302739 0.313630 0.322049 0.326655 0.326432 0.320991 0.310705 0.296572 0.279920 0.262071 0.244119 0.226837 0.210695 0.195919 0.182569 0.170602 0.159919 0.150395 0.141901 0.134312 0.127514 0.121403 0.115890 0.110899 0.106360 0.102218 0.098422 0.094931
0.200387 0.216992 0.233413 0.248550 0.261071 0.269642 0.273254 0.271530 0.264851 0.254230 0.241006 0.226514 0.211858 0.197826 0.184896 0.173306 0.163125 0.154319 0.146800 0.140451 0.135154 0.130791 0.127259 0.124463 0.122324 0.120774 0.119755 0.119219 0.119125 0.119440 0.120136 0.121189 0.122581 0.124292 0.126308 0.128615 0.131198 0.134047 0.137150 0.140499 0.144088 0.147920 0.152005 0.156369 0.161055 0.166133 0.171705 0.177919 0.184977 0.193154 0.202823 0.214489 0.228838 0.246820 0.269762 0.299534 0.338781 0.391187 0.461579 0.555266 0.674858 0.811600 0.932289 0.982587 0.932312 0.811658 0.674977 0.555484 0.461954 0.391796 0.339728 0.300949 0.271813 0.249713 0.232821 0.219858 0.209925 0.202383 0.196777 0.192783 0.190168 0.188770 0.188481 0.189232 0.190991 0.193758 0.197559 0.202449 0.208515 0.215876 0.224685 0.235143 0.247497 0.262048 0.279156 0.299227 0.322693 0.349935 0.381162 0.416173 0.454023 0.492674 0.528863 0.558620 0.578625 0.587887 0.588547 0.585180 0.583230 0.587803 0.603340 0.634001 0.684358 0.760119 0.868702 1.019300 1.221602 1.481059 1.784260 2.059594 2.144584 1.939212 1.582147 1.245482 0.985488 0.795830 0.658151 0.556929 0.481197 0.423523 0.378883 0.343836 0.315991 0.293651 0.275594 0.260923 0.248971 0.239232 0.231316 0.224920 0.219803 0.215770 0.212661 0.210339 0.208688 0.207601 0.206983 0.206743 0.206797 0.207061 0.207461 0.207926 0.208396 0.208827 0.209189 0.209475 0.209700 0.209904 0.210150 0.210522 0.211122 0.212065 0.213474 0.215477 0.218196 0.221744 0.226211 0.231646 0.238038 0.245284 0.253157 0.261268 0.269051 0.275783 0.280651 0.282888 0.281933 0.277579 0.270021 0.259808 0.247697 0.234493 0.220912 0.207517 0.194697 0.182687 0.171600 0.161465 0.152258 0.143922 0.136385 0.129570 0.123399 0.117802 0.112711 0.108068 0.103821 0.099922 0.096333 0.093018
0.178553 0.190865 0.202731 0.213426 0.222140 0.228111 0.230784 0.229958 0.225838 0.218982 0.210157 0.200177 0.189769 0.179506 0.169785 0.160849 0.152822 0.145742 0.139592 0.134323 0.129873 0.126172 0.123151 0.120747 0.118903 0.117567 0.116696 0.116252 0.116202 0.116519 0.117179 0.118164 0.119455 0.121040 0.122904 0.125038 0.127432 0.130079 0.132974 0.136116 0.139510 0.143167 0.147109 0.151375 0.156022 0.161134 0.166831 0.173280 0.180711 0.189437 0.199889 0.212665 0.228609 0.248934 0.275426 0.310786 0.359199 0.427288 0.525614 0.670474 0.883346 1.175799 1.491692 1.643867 1.491960 1.176349 0.884206 0.671688 0.527245 0.429419 0.361937 0.314265 0.279812 0.254426 0.235445 0.221124 0.210291 0.202147 0.196139 0.191877 0.189091 0.187593 0.187260 0.188017 0.189827 0.192693 0.196650 0.201766 0.208151 0.215952 0.225374 0.236679 0.250211 0.266409 0.285828 0.309154 0.337206 0.370886 0.411036 0.458090 0.511411 0.568299 0.623072 0.667399 0.693236 0.697500 0.684532 0.663756 0.645149 0.636486 0.643256 0.669931 0.721436 0.804374 0.927751 1.102254 1.335211 1.615627 1.888487 2.049008 2.010172 1.790882 1.493020 1.207549 0.973505 0.794093 0.659575 0.558759 0.482497 0.424058 0.378664 0.342947 0.314521 0.291676 0.273173 0.258096 0.245764 0.235658 0.227380 0.220620 0.215130 0.210711 0.207200 0.204460 0.202373 0.200836 0.199757 0.199051 0.198640 0.198453 0.198424 0.198495 0.198618 0.198755 0.198886 0.199001 0.199113 0.199249 0.199455 0.199790 0.200327 0.201147 0.202336 0.203979 0.206155 0.208930 0.212345 0.216405 0.221067 0.226215 0.231649 0.237067 0.242070 0.246177 0.248882 0.249727 0.248389 0.244747 0.238913 0.231203 0.222068 0.212008 0.201500 0.190944 0.180642 0.170803 0.161551 0.152948 0.145009 0.137717 0.131040 0.124932 0.119346 0.114233 0.109545 0.105239 0.101275 0.097618 0.094233 0.091093
0.160479 0.169796 0.178602 0.186417 0.192736 0.197103 0.199198 0.198909 0.196352 0.191850 0.185863 0.178899 0.171443 0.163902 0.156587 0.149715 0.143418 0.137765 0.132777 0.128448 0.124751 0.121648 0.119100 0.117064 0.115501 0.114375 0.113653 0.113306 0.113310 0.113641 0.114282 0.115217 0.116432 0.117915 0.119657 0.121650 0.123890 0.126373 0.129099 0.132074 0.135309 0.138824 0.142649 0.146832 0.151441 0.156571 0.162356 0.168978 0.176689 0.185833 0.196893 0.210546 0.227775 0.250035 0.279555 0.319880 0.376895 0.460866 0.590701 0.803142 1.171711 1.829830 2.856468 3.540995 2.856949 1.830808 1.173216 0.805220 0.593419 0.464308 0.381169 0.325119 0.285922 0.257722 0.237010 0.221590 0.210047 0.201438 0.195124 0.190665 0.187759 0.186197 0.185846 0.186623 0.188493 0.191462 0.195575 0.200914 0.207612 0.215852 0.225887 0.238056 0.252813 0.270765 0.292719 0.319747 0.353258 0.395038 0.447206 0.511865 0.590068 0.679551 0.771205 0.847003 0.885709 0.877664 0.833877 0.777081 0.727115 0.695453 0.687623 0.707275 0.759329 0.852413 1.001320 1.229407 1.567041 2.028349 2.525911 2.778561 2.570032 2.094265 1.626262 1.261106 0.994618 0.802308 0.662429 0.559180 0.481679 0.422522 0.376655 0.340587 0.311874 0.288776 0.270035 0.254725 0.242158 0.231810 0.223279 0.216251 0.210477 0.205758 0.201930 0.198856 0.196419 0.194521 0.193070 0.191990 0.191207 0.190658 0.190285 0.190039 0.189879 0.189773 0.189702 0.189658 0.189649 0.189692 0.189818 0.190071 0.190500 0.191161 0.192112 0.193407 0.195096 0.197211 0.199766 0.202743 0.206087 0.209690 0.213386 0.216950 0.220097 0.222508 0.223859 0.223866 0.222334 0.219190 0.214502 0.208459 0.201340 0.193466 0.185156 0.176693 0.168308 0.160173 0.152403 0.145070 0.138208 0.131824 0.125909 0.120440 0.115390 0.110727 0.106419 0.102434 0.098744 0.095319 0.092135 0.089168
0.145437 0.152630 0.159332 0.165221 0.169973 0.173306 0.175028 0.175072 0.173508 0.170531 0.166428 0.161526 0.156149 0.150590 0.145083 0.139810 0.134892 0.130406 0.126395 0.122871 0.119832 0.117264 0.115143 0.113446 0.112147 0.111221 0.110645 0.110398 0.110460 0.110816 0.111449 0.112349 0.113505 0.114907 0.116550 0.118429 0.120541 0.122888 0.125475 0.128310 0.131411 0.134803 0.138524 0.142627 0.147188 0.152309 0.158133 0.164853 0.172735 0.182144 0.193595 0.207822 0.225902 0.249463 0.281058 0.324880 0.388201 0.484524 0.641174 0.920022 1.483767 2.852618 6.958766 13.802218 6.959433 2.853967 1.485829 0.922846 0.644825 0.489088 0.393785 0.331615 0.289102 0.259000 0.237149 0.221027 0.209041 0.200151 0.193660 0.189094 0.186129 0.184547 0.184204 0.185018 0.186956 0.190027 0.194285 0.199832 0.206819 0.215466 0.226078 0.239072 0.255022 0.274723 0.299282 0.330261 0.369877 0.421274 0.488839 0.578334 0.696122 0.845446 1.016268 1.169927 1.243060 1.200818 1.079469 0.943957 0.834897 0.764939 0.734577 0.743111 0.793844 0.897762 1.079398 1.389468 1.931288 2.893028 4.383047 5.376490 4.396145 2.910282 1.939553 1.376379 1.035310 0.814914 0.664422 0.557207 0.478292 0.418693 0.372736 0.336688 0.308007 0.284921 0.266159 0.250794 0.238138 0.227671 0.218993 0.211792 0.205821 0.200883 0.196814 0.193481 0.190771 0.188585 0.186840 0.185460 0.184380 0.183541 0.182892 0.182388 0.181994 0.181683 0.181436 0.181246 0.181113 0.181051 0.181078 0.181224 0.181521 0.182009 0.182722 0.183696 0.184957 0.186519 0.188378 0.190507 0.192850 0.195312 0.197764 0.200036 0.201927 0.203221 0.203706 0.203200 0.201582 0.198806 0.194913 0.190023 0.184314 0.177997 0.171287 0.164389 0.157473 0.150677 0.144103 0.137819 0.131866 0.126265 0.121018 0.116120 0.111556 0.107308 0.103354 0.099672 0.096241 0.093040 0.090049 0.087251
0.132832 0.138494 0.143717 0.148281 0.151973 0.154615 0.156084 0.156341 0.155428 0.153471 0.150651 0.147185 0.143296 0.139192 0.135050 0.131014 0.127191 0.123656 0.120455 0.117615 0.115146 0.113046 0.111307 0.109918 0.108862 0.108123 0.107687 0.107538 0.107662 0.108047 0.108683 0.109560 0.110670 0.112008 0.113569 0.115352 0.117358 0.119591 0.122058 0.124772 0.127755 0.131036 0.134656 0.138674 0.143168 0.148246 0.154054 0.160788 0.168720 0.178223 0.189822 0.204269 0.222675 0.246728 0.279101 0.324231 0.389931 0.491027 0.658542 0.966737 1.632318 3.533497 13.798558 13.798945 13.799384 3.535166 1.634860 0.970201 0.662993 0.496549 0.396630 0.332234 0.288560 0.257820 0.235605 0.219274 0.207169 0.198215 0.191696 0.187125 0.184172 0.182615 0.182311 0.183177 0.185185 0.188351 0.192738 0.198460 0.205694 0.214688 0.225797 0.239513 0.256528 0.277827 0.304837 0.339669 0.385521 0.447353 0.533009 0.654986 0.832553 1.091111 1.444485 1.827084 2.019603 1.857835 1.507432 1.189328 0.971146 0.841832 0.780064 0.772978 0.818874 0.929569 1.139422 1.533753 2.342929 4.309566 10.199364 20.008751 10.198025 4.302520 2.322984 1.492708 1.068925 0.820732 0.660876 0.550860 0.471486 0.412203 0.366750 0.331182 0.302894 0.280101 0.261540 0.246299 0.233701 0.223236 0.214514 0.207230 0.201143 0.196059 0.191821 0.188297 0.185379 0.182972 0.180995 0.179380 0.178063 0.176992 0.176120 0.175406 0.174820 0.174335 0.173935 0.173610 0.173358 0.173185 0.173104 0.173132 0.173290 0.173603 0.174093 0.174778 0.175671 0.176774 0.178074 0.179541 0.181122 0.182741 0.184295 0.185659 0.186689 0.187237 0.187160 0.186339 0.184697 0.182204 0.178886 0.174821 0.170126 0.164943 0.159421 0.153706 0.147927 0.142191 0.136583 0.131164 0.125977 0.121046 0.116383 0.111991 0.107865 0.103994 0.100366 0.096967 0.093781 0.090792 0.087987 0.085350
0.122191 0.126731 0.130892 0.134522 0.137477 0.139639 0.140930 0.141325 0.140852 0.139592 0.137666 0.135221 0.132410 0.129384 0.126277 0.123202 0.120248 0.117482 0.114952 0.112687 0.110705 0.109013 0.107612 0.106498 0.105662 0.105097 0.104792 0.104737 0.104923 0.105341 0.105985 0.106847 0.107922 0.109208 0.110702 0.112405 0.114319 0.116452 0.118814 0.121420 0.124294 0.127468 0.130985 0.134906 0.139310 0.144306 0.150038 0.156701 0.164560 0.173981 0.185475 0.199773 0.217949 0.241624 0.273348 0.317311 0.380781 0.477257 0.634062 0.913066 1.476965 2.845970 6.952269 13.795871 6.953233 2.847912 1.479917 0.917075 0.639192 0.483591 0.388421 0.326380 0.283992 0.254012 0.232278 0.216268 0.204389 0.195601 0.189209 0.184739 0.181870 0.180386 0.180148 0.181081 0.183159 0.186406 0.190894 0.196750 0.204167 0.213421 0.224905 0.239175 0.257023 0.279602 0.308630 0.346743 0.398136 0.469769 0.573766 0.732426 0.989023 1.430063 2.212441 3.429197 4.246392 3.459410 2.274296 1.526598 1.125304 0.916307 0.817251 0.791496 0.828158 0.936486 1.153957 1.582541 2.529569 5.250895 19.959592 19.956657 19.950775 5.230646 2.493168 1.523742 1.065146 0.808077 0.647052 0.538173 0.460449 0.402728 0.358580 0.324041 0.296539 0.274331 0.256196 0.241253 0.228854 0.218508 0.209841 0.202559 0.196431 0.191271 0.186926 0.183272 0.180204 0.177631 0.175479 0.173680 0.172178 0.170923 0.169871 0.168987 0.168242 0.167610 0.167076 0.166629 0.166265 0.165984 0.165793 0.165701 0.165722 0.165869 0.166153 0.166584 0.167165 0.167891 0.168744 0.169695 0.170698 0.171691 0.172593 0.173312 0.173746 0.173789 0.173345 0.172334 0.170704 0.168437 0.165549 0.162093 0.158147 0.153809 0.149184 0.144377 0.139485 0.134592 0.129767 0.125063 0.120520 0.116162 0.112007 0.108061 0.104326 0.100797 0.097468 0.094330 0.091373 0.088585 0.085956 0.083474
0.113138 0.116845 0.120228 0.123183 0.125610 0.127430 0.128591 0.129077 0.128907 0.128135 0.126844 0.125135 0.123116 0.120898 0.118581 0.116253 0.113989 0.111845 0.109866 0.108082 0.106515 0.105175 0.104069 0.103199 0.102561 0.102153 0.101969 0.102002 0.102248 0.102701 0.103356 0.104209 0.105258 0.106500 0.107937 0.109570 0.111405 0.113449 0.115715 0.118221 0.120990 0.124057 0.127465 0.131274 0.135563 0.140437 0.146034 0.152542 0.160211 0.169383 0.180535 0.194338 0.211765 0.234262 0.264049 0.304663 0.361982 0.446266 0.576416 0.789173 1.158055 1.816485 2.843428 3.528257 2.844508 1.818659 1.161354 0.793643 0.582120 0.453283 0.370411 0.314623 0.275679 0.247724 0.227247 0.212053 0.200725 0.192322 0.186205 0.181939 0.179223 0.177856 0.177710 0.178719 0.180863 0.184172 0.188727 0.194663 0.202184 0.211585 0.223287 0.237885 0.256241 0.279623 0.309956 0.350261 0.405496 0.484251 0.602451 0.792278 1.126508 1.796343 3.412812 8.244873 16.292950 8.274157 3.472738 1.889802 1.258312 0.969877 0.837197 0.793693 0.817728 0.912762 1.109278 1.490738 2.286833 4.240501 10.118700 19.919763 10.105773 4.212777 2.240698 1.420904 1.008536 0.771129 0.620602 0.518208 0.444839 0.390182 0.348241 0.315314 0.288997 0.267662 0.250168 0.235690 0.223622 0.213503 0.204981 0.197779 0.191679 0.186505 0.182112 0.178381 0.175214 0.172525 0.170243 0.168306 0.166661 0.165262 0.164068 0.163046 0.162169 0.161414 0.160764 0.160208 0.159740 0.159357 0.159060 0.158854 0.158744 0.158738 0.158839 0.159051 0.159369 0.159786 0.160283 0.160833 0.161395 0.161921 0.162348 0.162608 0.162625 0.162325 0.161642 0.160519 0.158923 0.156841 0.154285 0.151290 0.147910 0.144214 0.140278 0.136178 0.131987 0.127771 0.123584 0.119472 0.115470 0.111602 0.107886 0.104333 0.100945 0.097725 0.094668 0.091771 0.089026 0.086426 0.083963 0.081629
0.105378 0.108454 0.111259 0.113716 0.115756 0.117326 0.118389 0.118934 0.118976 0.118552 0.117719 0.116548 0.115119 0.113511 0.111800 0.110057 0.108340 0.106699 0.105173 0.103790 0.102572 0.101534 0.100684 0.100028 0.099566 0.099299 0.099225 0.099340 0.099643 0.100130 0.100798 0.101646 0.102673 0.103879 0.105266 0.106838 0.108600 0.110563 0.112740 0.115149 0.117815 0.120771 0.124062 0.127744 0.131892 0.136606 0.142016 0.148293 0.155666 0.164445 0.175050 0.188069 0.204330 0.225031 0.251945 0.287759 0.336645 0.405218 0.504031 0.649376 0.862729 1.155656 1.472014 1.624648 1.473192 1.158025 0.866320 0.654233 0.510214 0.412804 0.345729 0.298455 0.264387 0.239373 0.220750 0.206770 0.196264 0.188431 0.182720 0.178746 0.176242 0.175031 0.174999 0.176089 0.178290 0.181639 0.186220 0.192173 0.199709 0.209130 0.220865 0.235526 0.253997 0.277590 0.308303 0.349297 0.405820 0.487096 0.610603 0.812861 1.181186 1.970183 4.211210 16.274114 16.286851 16.302105 4.268435 2.059282 1.306525 0.981143 0.831910 0.776720 0.787557 0.861648 1.016768 1.300123 1.813595 2.745966 4.208608 5.181761 4.193434 2.714112 1.762020 1.224107 0.909470 0.713119 0.582753 0.491561 0.425025 0.374823 0.335929 0.305152 0.280386 0.260184 0.243523 0.229660 0.218041 0.208246 0.199950 0.192899 0.186889 0.181755 0.177364 0.173604 0.170383 0.167620 0.165249 0.163213 0.161461 0.159951 0.158645 0.157513 0.156529 0.155670 0.154922 0.154271 0.153709 0.153231 0.152836 0.152523 0.152294 0.152150 0.152091 0.152114 0.152215 0.152381 0.152595 0.152832 0.153059 0.153236 0.153315 0.153245 0.152970 0.152437 0.151598 0.150416 0.148866 0.146940 0.144645 0.142008 0.139066 0.135869 0.132470 0.128928 0.125296 0.121626 0.117962 0.114343 0.110797 0.107348 0.104013 0.100803 0.097725 0.094781 0.091971 0.089294 0.086745 0.084320 0.082013 0.079819
