0.057934 0.058578 0.059214 0.059843 0.060463 0.061073 0.061673 0.062262 0.062841 0.063407 0.063962 0.064505 0.065035 0.065553 0.066058 0.066551 0.067033 0.067502 0.067961 0.068408 0.068846 0.069274 0.069692 0.070103 0.070506 0.070902 0.071292 0.071677 0.072057 0.072435 0.072809 0.073182 0.073553 0.073925 0.074297 0.074671 0.075047 0.075426 0.075810 0.076198 0.076592 0.076993 0.077402 0.077818 0.078245 0.078681 0.079129 0.079589 0.080063 0.080551 0.081055 0.081575 0.082113 0.082670 0.083247 0.083846 0.084468 0.085114 0.085786 0.086485 0.087212 0.087969 0.088758 0.089580 0.090435 0.091327 0.092256 0.093224 0.094232 0.095281 0.096374 0.097510 0.098691 0.099918 0.101191 0.102512 0.103879 0.105295 0.106757 0.108265 0.109819 0.111416 0.113054 0.114732 0.116446 0.118192 0.119967 0.121765 0.123583 0.125414 0.127253 0.129093 0.130930 0.132756 0.134567 0.136355 0.138115 0.139841 0.141528 0.143171 0.144762 0.146296 0.147766 0.149163 0.150479 0.151703 0.152824 0.153830 0.154707 0.155443 0.156026 0.156444 0.156690 0.156758 0.156648 0.156362 0.155907 0.155296 0.154544 0.153669 0.152691 0.151633 0.150515 0.149358 0.148181 0.147001 0.145829 0.144677 0.143550 0.142450 0.141377 0.140324 0.139283 0.138240 0.137182 0.136090 0.134946 0.133732 0.132428 0.131020 0.129496 0.127847 0.126070 0.124169 0.122150 0.120025 0.117809 0.115521 0.113177 0.110799 0.108404 0.106010 0.103631 0.101280 0.098969 0.096705 0.094495 0.092344 0.090256 0.088231 0.086271 0.084376 0.082545 0.080776 0.079068 0.077418 0.075826 0.074287 0.072801 0.071364 0.069975 0.068631 0.067331 0.066071 0.064851 0.063668 0.062520 0.061406 0.060324 0.059273 0.058252 0.057258 0.056292 0.055351 0.054434 0.053542 0.052672 0.051824 0.050997 0.050190 0.049403 0.048634 0.047884 0.047151 0.046435 0.045736 0.045052 0.044384 0.043731 0.043092
0.059216 0.059887 0.060551 0.061205 0.061850 0.062484 0.063108 0.063719 0.064318 0.064904 0.065476 0.066035 0.066581 0.067113 0.067631 0.068136 0.068627 0.069105 0.069571 0.070025 0.070468 0.070901 0.071323 0.071736 0.072141 0.072539 0.072930 0.073315 0.073696 0.074073 0.074447 0.074819 0.075190 0.075561 0.075933 0.076306 0.076682 0.077061 0.077445 0.077834 0.078229 0.078632 0.079042 0.079461 0.079891 0.080331 0.080783 0.081248 0.081728 0.082223 0.082734 0.083263 0.083811 0.084379 0.084969 0.085583 0.086220 0.086884 0.087576 0.088296 0.089047 0.089831 0.090649 0.091502 0.092393 0.093323 0.094294 0.095308 0.096366 0.097469 0.098620 0.099820 0.101070 0.102371 0.103725 0.105132 0.106592 0.108107 0.109675 0.111296 0.112970 0.114695 0.116468 0.118288 0.120150 0.122052 0.123989 0.125955 0.127945 0.129953 0.131973 0.133997 0.136020 0.138034 0.140032 0.142009 0.143958 0.145872 0.147747 0.149577 0.151355 0.153076 0.154731 0.156312 0.157809 0.159209 0.160500 0.161665 0.162689 0.163553 0.164242 0.164741 0.165037 0.165123 0.164996 0.164660 0.164123 0.163400 0.162513 0.161483 0.160338 0.159106 0.157814 0.156489 0.155154 0.153831 0.152535 0.151278 0.150070 0.148911 0.147800 0.146729 0.145687 0.144657 0.143619 0.142549 0.141424 0.140216 0.138902 0.137460 0.135872 0.134128 0.132223 0.130160 0.127950 0.125608 0.123154 0.120613 0.118008 0.115366 0.112709 0.110058 0.107432 0.104846 0.102312 0.099840 0.097437 0.095107 0.092852 0.090675 0.088574 0.086550 0.084600 0.082721 0.080913 0.079170 0.077492 0.075875 0.074315 0.072811 0.071359 0.069956 0.068600 0.067289 0.066021 0.064792 0.063602 0.062448 0.061328 0.060241 0.059185 0.058159 0.057162 0.056191 0.055247 0.054327 0.053432 0.052559 0.051709 0.050879 0.050070 0.049281 0.048510 0.047758 0.047024 0.046307 0.045606 0.044922 0.044252 0.043598
0.060557 0.061257 0.061950 0.062632 0.063304 0.063964 0.064611 0.065246 0.065867 0.066473 0.067065 0.067641 0.068203 0.068749 0.069280 0.069796 0.070297 0.070784 0.071258 0.071718 0.072166 0.072602 0.073027 0.073442 0.073848 0.074246 0.074637 0.075022 0.075402 0.075778 0.076151 0.076521 0.076891 0.077260 0.077630 0.078003 0.078378 0.078756 0.079139 0.079528 0.079924 0.080327 0.080738 0.081159 0.081590 0.082034 0.082489 0.082959 0.083444 0.083945 0.084463 0.085001 0.085558 0.086138 0.086740 0.087367 0.088021 0.088702 0.089413 0.090155 0.090931 0.091742 0.092589 0.093475 0.094402 0.095372 0.096387 0.097448 0.098558 0.099718 0.100931 0.102198 0.103521 0.104902 0.106341 0.107841 0.109401 0.111023 0.112706 0.114451 0.116256 0.118120 0.120042 0.122019 0.124046 0.126121 0.128237 0.130391 0.132574 0.134781 0.137004 0.139236 0.141468 0.143693 0.145903 0.148093 0.150254 0.152381 0.154468 0.156509 0.158500 0.160434 0.162303 0.164098 0.165809 0.167420 0.168916 0.170278 0.171483 0.172508 0.173333 0.173934 0.174296 0.174407 0.174261 0.173862 0.173221 0.172357 0.171296 0.170070 0.168713 0.167262 0.165752 0.164218 0.162691 0.161195 0.159751 0.158376 0.157077 0.155859 0.154718 0.153644 0.152622 0.151631 0.150645 0.149632 0.148559 0.147389 0.146091 0.144633 0.142990 0.141148 0.139100 0.136851 0.134413 0.131810 0.129069 0.126223 0.123304 0.120345 0.117375 0.114423 0.111508 0.108650 0.105861 0.103153 0.100531 0.098001 0.095563 0.093217 0.090964 0.088799 0.086721 0.084726 0.082810 0.080970 0.079202 0.077501 0.075865 0.074290 0.072772 0.071308 0.069896 0.068532 0.067213 0.065938 0.064704 0.063508 0.062349 0.061225 0.060135 0.059075 0.058046 0.057045 0.056072 0.055125 0.054203 0.053305 0.052431 0.051578 0.050747 0.049936 0.049145 0.048374 0.047620 0.046885 0.046167 0.045465 0.044780 0.044110
0.061959 0.062692 0.063415 0.064127 0.064828 0.065516 0.066190 0.066849 0.067493 0.068121 0.068733 0.069328 0.069906 0.070467 0.071012 0.071539 0.072050 0.072546 0.073026 0.073492 0.073943 0.074382 0.074810 0.075226 0.075632 0.076030 0.076419 0.076803 0.077181 0.077554 0.077924 0.078292 0.078659 0.079026 0.079394 0.079764 0.080137 0.080513 0.080895 0.081283 0.081678 0.082081 0.082492 0.082914 0.083347 0.083792 0.084251 0.084724 0.085214 0.085720 0.086245 0.086790 0.087357 0.087947 0.088561 0.089202 0.089871 0.090569 0.091300 0.092064 0.092864 0.093702 0.094580 0.095500 0.096464 0.097475 0.098535 0.099645 0.100810 0.102030 0.103308 0.104646 0.106046 0.107511 0.109042 0.110641 0.112309 0.114046 0.115854 0.117733 0.119682 0.121701 0.123786 0.125936 0.128146 0.130414 0.132732 0.135095 0.137496 0.139927 0.142379 0.144844 0.147313 0.149776 0.152227 0.154655 0.157056 0.159422 0.161749 0.164031 0.166264 0.168442 0.170559 0.172605 0.174569 0.176434 0.178180 0.179784 0.181217 0.182448 0.183448 0.184186 0.184637 0.184783 0.184616 0.184138 0.183363 0.182316 0.181033 0.179553 0.177925 0.176196 0.174412 0.172617 0.170850 0.169144 0.167525 0.166011 0.164614 0.163338 0.162178 0.161122 0.160151 0.159238 0.158348 0.157439 0.156466 0.155382 0.154138 0.152693 0.151011 0.149071 0.146862 0.144392 0.141680 0.138757 0.135664 0.132443 0.129140 0.125797 0.122454 0.119141 0.115887 0.112712 0.109630 0.106653 0.103786 0.101031 0.098390 0.095861 0.093440 0.091124 0.088909 0.086789 0.084760 0.082816 0.080953 0.079166 0.077450 0.075801 0.074215 0.072689 0.071217 0.069799 0.068429 0.067106 0.065826 0.064588 0.063389 0.062227 0.061100 0.060007 0.058945 0.057914 0.056911 0.055936 0.054987 0.054063 0.053164 0.052287 0.051433 0.050601 0.049789 0.048997 0.048225 0.047470 0.046734 0.046016 0.045314 0.044628
0.063429 0.064196 0.064953 0.065698 0.066429 0.067147 0.067849 0.068535 0.069204 0.069855 0.070488 0.071103 0.071698 0.072275 0.072832 0.073372 0.073893 0.074396 0.074882 0.075353 0.075808 0.076249 0.076677 0.077093 0.077498 0.077894 0.078281 0.078662 0.079036 0.079406 0.079772 0.080137 0.080500 0.080863 0.081227 0.081594 0.081963 0.082337 0.082716 0.083102 0.083495 0.083897 0.084308 0.084730 0.085163 0.085610 0.086071 0.086547 0.087040 0.087551 0.088082 0.088634 0.089209 0.089809 0.090435 0.091088 0.091772 0.092488 0.093238 0.094025 0.094849 0.095715 0.096623 0.097577 0.098580 0.099633 0.100739 0.101901 0.103122 0.104404 0.105751 0.107164 0.108646 0.110201 0.111830 0.113535 0.115318 0.117181 0.119125 0.121150 0.123256 0.125443 0.127709 0.130051 0.132466 0.134948 0.137493 0.140092 0.142738 0.145423 0.148135 0.150864 0.153601 0.156335 0.159057 0.161757 0.164428 0.167065 0.169662 0.172216 0.174725 0.177183 0.179586 0.181926 0.184191 0.186362 0.188417 0.190324 0.192048 0.193546 0.194777 0.195697 0.196270 0.196469 0.196279 0.195701 0.194754 0.193470 0.191895 0.190088 0.188108 0.186021 0.183888 0.181764 0.179700 0.177736 0.175905 0.174230 0.172724 0.171392 0.170229 0.169221 0.168344 0.167561 0.166830 0.166094 0.165294 0.164362 0.163233 0.161845 0.160149 0.158112 0.155721 0.152985 0.149933 0.146612 0.143076 0.139388 0.135610 0.131797 0.127998 0.124256 0.120600 0.117054 0.113634 0.110350 0.107205 0.104201 0.101336 0.098605 0.096003 0.093524 0.091162 0.088910 0.086761 0.084708 0.082746 0.080868 0.079069 0.077344 0.075688 0.074096 0.072564 0.071089 0.069667 0.068295 0.066969 0.065687 0.064447 0.063246 0.062083 0.060954 0.059859 0.058796 0.057763 0.056759 0.055782 0.054832 0.053907 0.053007 0.052130 0.051275 0.050441 0.049629 0.048836 0.048063 0.047309 0.046572 0.045853 0.045151
0.064971 0.065776 0.066569 0.067349 0.068114 0.068864 0.069597 0.070311 0.071007 0.071683 0.072338 0.072973 0.073587 0.074179 0.074750 0.075301 0.075831 0.076342 0.076834 0.077309 0.077766 0.078208 0.078636 0.079050 0.079453 0.079845 0.080229 0.080605 0.080974 0.081339 0.081700 0.082059 0.082417 0.082775 0.083134 0.083496 0.083861 0.084231 0.084607 0.084989 0.085380 0.085779 0.086189 0.086609 0.087043 0.087489 0.087951 0.088430 0.088925 0.089441 0.089977 0.090535 0.091118 0.091726 0.092363 0.093029 0.093728 0.094460 0.095229 0.096037 0.096887 0.097780 0.098719 0.099708 0.100749 0.101846 0.103000 0.104215 0.105495 0.106843 0.108261 0.109753 0.111322 0.112972 0.114705 0.116524 0.118431 0.120430 0.122520 0.124705 0.126984 0.129357 0.131822 0.134378 0.137020 0.139744 0.142543 0.145409 0.148333 0.151305 0.154313 0.157344 0.160387 0.163429 0.166458 0.169466 0.172444 0.175386 0.178288 0.181150 0.183971 0.186750 0.189485 0.192170 0.194794 0.197339 0.199776 0.202068 0.204167 0.206016 0.207556 0.208726 0.209471 0.209749 0.209536 0.208832 0.207659 0.206061 0.204104 0.201864 0.199426 0.196875 0.194292 0.191750 0.189312 0.187029 0.184941 0.183075 0.181449 0.180067 0.178925 0.178005 0.177278 0.176700 0.176215 0.175752 0.175226 0.174548 0.173622 0.172361 0.170692 0.168565 0.165963 0.162899 0.159416 0.155584 0.151483 0.147202 0.142825 0.138428 0.134073 0.129810 0.125677 0.121697 0.117886 0.114252 0.110795 0.107513 0.104400 0.101449 0.098651 0.095998 0.093480 0.091087 0.088811 0.086645 0.084579 0.082607 0.080722 0.078918 0.077189 0.075530 0.073937 0.072404 0.070928 0.069505 0.068132 0.066806 0.065524 0.064283 0.063082 0.061918 0.060788 0.059693 0.058629 0.057595 0.056590 0.055613 0.054662 0.053737 0.052836 0.051958 0.051103 0.050269 0.049456 0.048664 0.047890 0.047136 0.046400 0.045681
0.066591 0.067436 0.068269 0.069087 0.069889 0.070674 0.071440 0.072185 0.072910 0.073612 0.074291 0.074947 0.075580 0.076189 0.076774 0.077336 0.077875 0.078393 0.078890 0.079367 0.079826 0.080267 0.080693 0.081104 0.081502 0.081890 0.082267 0.082637 0.083000 0.083358 0.083712 0.084064 0.084415 0.084766 0.085119 0.085475 0.085835 0.086199 0.086570 0.086948 0.087335 0.087731 0.088138 0.088556 0.088988 0.089434 0.089896 0.090376 0.090873 0.091392 0.091932 0.092495 0.093085 0.093702 0.094348 0.095026 0.095739 0.096487 0.097275 0.098104 0.098978 0.099899 0.100870 0.101894 0.102975 0.104115 0.105319 0.106589 0.107930 0.109346 0.110839 0.112414 0.114075 0.115825 0.117669 0.119610 0.121651 0.123795 0.126046 0.128404 0.130872 0.133449 0.136136 0.138929 0.141825 0.144820 0.147907 0.151076 0.154316 0.157617 0.160963 0.164340 0.167733 0.171127 0.174509 0.177867 0.181191 0.184478 0.187725 0.190934 0.194108 0.197253 0.200371 0.203461 0.206516 0.209518 0.212434 0.215218 0.217808 0.220127 0.222089 0.223606 0.224598 0.224997 0.224767 0.223900 0.222427 0.220410 0.217940 0.215124 0.212079 0.208920 0.205754 0.202677 0.199766 0.197086 0.194683 0.192591 0.190830 0.189407 0.188317 0.187540 0.187041 0.186770 0.186654 0.186602 0.186503 0.186228 0.185642 0.184616 0.183040 0.180839 0.177986 0.174503 0.170457 0.165954 0.161114 0.156064 0.150923 0.145790 0.140748 0.135854 0.131150 0.126660 0.122397 0.118363 0.114555 0.110965 0.107580 0.104391 0.101382 0.098542 0.095858 0.093317 0.090909 0.088624 0.086450 0.084381 0.082408 0.080522 0.078719 0.076992 0.075334 0.073742 0.072211 0.070737 0.069315 0.067944 0.066619 0.065338 0.064098 0.062897 0.061733 0.060604 0.059509 0.058445 0.057411 0.056406 0.055429 0.054478 0.053552 0.052651 0.051773 0.050918 0.050084 0.049271 0.048479 0.047706 0.046952 0.046216
0.068296 0.069185 0.070061 0.070921 0.071763 0.072586 0.073387 0.074166 0.074922 0.075652 0.076357 0.077036 0.077688 0.078313 0.078913 0.079486 0.080034 0.080558 0.081058 0.081537 0.081995 0.082434 0.082856 0.083262 0.083654 0.084035 0.084404 0.084766 0.085120 0.085469 0.085814 0.086158 0.086500 0.086843 0.087188 0.087536 0.087889 0.088246 0.088611 0.088984 0.089365 0.089757 0.090160 0.090575 0.091004 0.091449 0.091910 0.092389 0.092887 0.093407 0.093950 0.094518 0.095113 0.095737 0.096393 0.097082 0.097807 0.098572 0.099377 0.100228 0.101125 0.102074 0.103076 0.104136 0.105256 0.106442 0.107696 0.109024 0.110428 0.111913 0.113485 0.115147 0.116904 0.118762 0.120723 0.122794 0.124978 0.127280 0.129704 0.132252 0.134926 0.137729 0.140660 0.143719 0.146901 0.150201 0.153613 0.157127 0.160729 0.164407 0.168142 0.171918 0.175715 0.179515 0.183301 0.187059 0.190779 0.194456 0.198090 0.201688 0.205260 0.208819 0.212378 0.215943 0.219515 0.223079 0.226599 0.230020 0.233261 0.236217 0.238766 0.240779 0.242130 0.242718 0.242481 0.241403 0.239525 0.236938 0.233769 0.230175 0.226318 0.222354 0.218428 0.214660 0.211149 0.207970 0.205181 0.202819 0.200907 0.199454 0.198456 0.197893 0.197728 0.197901 0.198327 0.198887 0.199434 0.199788 0.199753 0.199133 0.197759 0.195514 0.192353 0.188315 0.183509 0.178097 0.172266 0.166201 0.160067 0.154000 0.148100 0.142435 0.137048 0.131959 0.127174 0.122687 0.118485 0.114554 0.110873 0.107425 0.104191 0.101152 0.098293 0.095598 0.093052 0.090643 0.088359 0.086189 0.084124 0.082156 0.080276 0.078479 0.076757 0.075104 0.073517 0.071990 0.070520 0.069102 0.067733 0.066410 0.065131 0.063893 0.062694 0.061531 0.060403 0.059308 0.058245 0.057211 0.056207 0.055230 0.054279 0.053354 0.052453 0.051575 0.050720 0.049887 0.049075 0.048283 0.047511 0.046757
0.070092 0.071030 0.071953 0.072858 0.073744 0.074608 0.075449 0.076264 0.077053 0.077814 0.078546 0.079249 0.079921 0.080564 0.081178 0.081762 0.082318 0.082846 0.083349 0.083828 0.084283 0.084718 0.085134 0.085533 0.085916 0.086287 0.086647 0.086997 0.087341 0.087679 0.088013 0.088346 0.088677 0.089010 0.089345 0.089684 0.090028 0.090378 0.090735 0.091100 0.091475 0.091861 0.092259 0.092669 0.093095 0.093536 0.093995 0.094472 0.094970 0.095491 0.096036 0.096607 0.097206 0.097837 0.098500 0.099199 0.099936 0.100715 0.101538 0.102409 0.103330 0.104305 0.105339 0.106434 0.107595 0.108827 0.110133 0.111518 0.112988 0.114546 0.116200 0.117953 0.119811 0.121781 0.123868 0.126077 0.128415 0.130887 0.133497 0.136252 0.139153 0.142205 0.145407 0.148761 0.152264 0.155910 0.159692 0.163600 0.167619 0.171732 0.175920 0.180159 0.184426 0.188697 0.192950 0.197168 0.201339 0.205456 0.209525 0.213558 0.217574 0.221599 0.225660 0.229781 0.233972 0.238228 0.242516 0.246770 0.250886 0.254722 0.258102 0.260831 0.262720 0.263607 0.263386 0.262030 0.259594 0.256213 0.252078 0.247415 0.242455 0.237417 0.232489 0.227826 0.223548 0.219745 0.216479 0.213792 0.211709 0.210242 0.209389 0.209133 0.209439 0.210243 0.211447 0.212907 0.214426 0.215754 0.216602 0.216665 0.215675 0.213438 0.209886 0.205082 0.199208 0.192528 0.185331 0.177896 0.170455 0.163185 0.156209 0.149600 0.143395 0.137603 0.132217 0.127217 0.122578 0.118272 0.114270 0.110545 0.107070 0.103823 0.100781 0.097924 0.095236 0.092699 0.090301 0.088029 0.085871 0.083818 0.081861 0.079992 0.078204 0.076490 0.074846 0.073266 0.071745 0.070280 0.068866 0.067501 0.066182 0.064906 0.063670 0.062473 0.061312 0.060185 0.059092 0.058029 0.056997 0.055993 0.055017 0.054067 0.053142 0.052242 0.051365 0.050511 0.049678 0.048867 0.048076 0.047305
0.071987 0.072979 0.073954 0.074910 0.075843 0.076753 0.077636 0.078491 0.079316 0.080110 0.080871 0.081599 0.082293 0.082954 0.083581 0.084176 0.084738 0.085271 0.085774 0.086250 0.086702 0.087130 0.087537 0.087925 0.088298 0.088656 0.089003 0.089340 0.089670 0.089994 0.090315 0.090634 0.090953 0.091274 0.091597 0.091925 0.092258 0.092598 0.092946 0.093302 0.093670 0.094048 0.094439 0.094844 0.095264 0.095701 0.096156 0.096631 0.097127 0.097647 0.098192 0.098765 0.099368 0.100003 0.100672 0.101380 0.102128 0.102921 0.103760 0.104650 0.105594 0.106596 0.107660 0.108791 0.109993 0.111271 0.112629 0.114074 0.115610 0.117244 0.118982 0.120830 0.122795 0.124883 0.127102 0.129459 0.131961 0.134615 0.137428 0.140407 0.143557 0.146882 0.150387 0.154071 0.157934 0.161972 0.166178 0.170539 0.175039 0.179660 0.184375 0.189156 0.193974 0.198797 0.203597 0.208348 0.213035 0.217652 0.222206 0.226719 0.231225 0.235768 0.240397 0.245160 0.250090 0.255202 0.260470 0.265823 0.271131 0.276200 0.280777 0.284570 0.287279 0.288644 0.288486 0.286754 0.283529 0.279019 0.273516 0.267360 0.260885 0.254394 0.248139 0.242311 0.237055 0.232467 0.228613 0.225534 0.223256 0.221793 0.221150 0.221318 0.222272 0.223955 0.226266 0.229037 0.232015 0.234853 0.237116 0.238324 0.238027 0.235900 0.231821 0.225905 0.218469 0.209954 0.200827 0.191505 0.182315 0.173485 0.165153 0.157386 0.150204 0.143592 0.137519 0.131943 0.126821 0.122107 0.117760 0.113740 0.110013 0.106547 0.103315 0.100292 0.097457 0.094790 0.092276 0.089899 0.087647 0.085508 0.083472 0.081530 0.079675 0.077900 0.076197 0.074563 0.072991 0.071478 0.070020 0.068612 0.067252 0.065937 0.064664 0.063431 0.062236 0.061077 0.059952 0.058860 0.057799 0.056768 0.055765 0.054790 0.053841 0.052917 0.052018 0.051142 0.050289 0.049458 0.048648 0.047858
0.073991 0.075042 0.076074 0.077085 0.078071 0.079031 0.079961 0.080859 0.081724 0.082553 0.083345 0.084100 0.084817 0.085496 0.086137 0.086741 0.087310 0.087844 0.088346 0.088818 0.089261 0.089679 0.090075 0.090450 0.090808 0.091150 0.091481 0.091801 0.092114 0.092422 0.092727 0.093030 0.093334 0.093640 0.093949 0.094264 0.094585 0.094913 0.095250 0.095596 0.095954 0.096324 0.096707 0.097105 0.097518 0.097949 0.098399 0.098869 0.099362 0.099880 0.100424 0.100996 0.101601 0.102239 0.102914 0.103629 0.104386 0.105191 0.106045 0.106953 0.107919 0.108946 0.110041 0.111207 0.112449 0.113774 0.115185 0.116690 0.118295 0.120007 0.121832 0.123779 0.125854 0.128067 0.130425 0.132939 0.135616 0.138466 0.141498 0.144720 0.148142 0.151769 0.155608 0.159662 0.163932 0.168415 0.173105 0.177990 0.183051 0.188265 0.193602 0.199026 0.204498 0.209975 0.215418 0.220793 0.226077 0.231261 0.236356 0.241396 0.246433 0.251538 0.256796 0.262291 0.268098 0.274263 0.280787 0.287602 0.294553 0.301379 0.307717 0.313120 0.317111 0.319255 0.319250 0.316995 0.312618 0.306454 0.298971 0.290688 0.282100 0.273630 0.265604 0.258260 0.251752 0.246181 0.241603 0.238053 0.235551 0.234115 0.233758 0.234492 0.236317 0.239203 0.243068 0.247738 0.252908 0.258100 0.262660 0.265806 0.266758 0.264928 0.260093 0.252470 0.242640 0.231373 0.219435 0.207462 0.195905 0.185038 0.174996 0.165814 0.157470 0.149908 0.143058 0.136844 0.131194 0.126042 0.121328 0.116998 0.113008 0.109316 0.105889 0.102696 0.099711 0.096912 0.094280 0.091797 0.089449 0.087224 0.085108 0.083094 0.081171 0.079333 0.077572 0.075883 0.074260 0.072698 0.071193 0.069742 0.068340 0.066985 0.065675 0.064406 0.063176 0.061984 0.060827 0.059705 0.058614 0.057555 0.056525 0.055524 0.054550 0.053602 0.052680 0.051782 0.050908 0.050056 0.049226 0.048418
0.076113 0.077229 0.078325 0.079396 0.080441 0.081456 0.082438 0.083384 0.084291 0.085159 0.085985 0.086769 0.087509 0.088207 0.088861 0.089474 0.090047 0.090581 0.091079 0.091543 0.091976 0.092381 0.092760 0.093118 0.093457 0.093780 0.094091 0.094391 0.094684 0.094972 0.095257 0.095541 0.095827 0.096116 0.096409 0.096708 0.097014 0.097329 0.097653 0.097988 0.098335 0.098694 0.099067 0.099456 0.099861 0.100285 0.100728 0.101192 0.101680 0.102193 0.102734 0.103306 0.103910 0.104549 0.105227 0.105948 0.106713 0.107528 0.108396 0.109320 0.110307 0.111359 0.112483 0.113684 0.114966 0.116337 0.117802 0.119368 0.121043 0.122834 0.124749 0.126797 0.128988 0.131331 0.133836 0.136515 0.139378 0.142437 0.145705 0.149192 0.152910 0.156869 0.161079 0.165547 0.170276 0.175266 0.180513 0.186005 0.191723 0.197638 0.203715 0.209908 0.216165 0.222428 0.228641 0.234756 0.240736 0.246566 0.252262 0.257869 0.263466 0.269165 0.275099 0.281412 0.288242 0.295698 0.303831 0.312602 0.321839 0.331208 0.340187 0.348091 0.354138 0.357587 0.357900 0.354888 0.348767 0.340102 0.329670 0.318295 0.306717 0.295523 0.285130 0.275808 0.267710 0.260914 0.255453 0.251337 0.248577 0.247190 0.247206 0.248672 0.251637 0.256136 0.262153 0.269559 0.278026 0.286933 0.295296 0.301807 0.305046 0.303881 0.297873 0.287456 0.273759 0.258191 0.242044 0.226281 0.211491 0.197960 0.185768 0.174871 0.165164 0.156517 0.148798 0.141886 0.135669 0.130053 0.124954 0.120304 0.116042 0.112120 0.108494 0.105129 0.101993 0.099062 0.096311 0.093722 0.091278 0.088965 0.086770 0.084682 0.082692 0.080791 0.078971 0.077226 0.075551 0.073940 0.072388 0.070892 0.069448 0.068053 0.066704 0.065398 0.064133 0.062906 0.061717 0.060563 0.059442 0.058354 0.057297 0.056269 0.055269 0.054297 0.053351 0.052430 0.051534 0.050661 0.049812 0.048984
0.078364 0.079552 0.080718 0.081858 0.082968 0.084044 0.085083 0.086082 0.087037 0.087947 0.088809 0.089624 0.090389 0.091105 0.091773 0.092393 0.092967 0.093499 0.093989 0.094442 0.094860 0.095247 0.095607 0.095942 0.096258 0.096557 0.096843 0.097119 0.097387 0.097651 0.097913 0.098176 0.098440 0.098709 0.098983 0.099265 0.099554 0.099853 0.100163 0.100484 0.100818 0.101165 0.101527 0.101905 0.102300 0.102714 0.103149 0.103606 0.104087 0.104594 0.105130 0.105697 0.106299 0.106938 0.107618 0.108341 0.109113 0.109936 0.110815 0.111755 0.112760 0.113836 0.114988 0.116222 0.117544 0.118961 0.120479 0.122107 0.123852 0.125724 0.127732 0.129885 0.132195 0.134673 0.137332 0.140185 0.143245 0.146528 0.150048 0.153821 0.157862 0.162186 0.166807 0.171736 0.176984 0.182552 0.188442 0.194641 0.201132 0.207882 0.214848 0.221972 0.229184 0.236407 0.243559 0.250565 0.257370 0.263944 0.270303 0.276508 0.282675 0.288968 0.295595 0.302789 0.310787 0.319803 0.329989 0.341380 0.353828 0.366928 0.379953 0.391842 0.401293 0.406992 0.407944 0.403780 0.394891 0.382294 0.367336 0.351362 0.335489 0.320521 0.306959 0.295071 0.284967 0.276662 0.270133 0.265347 0.262288 0.260972 0.261453 0.263830 0.268244 0.274855 0.283800 0.295105 0.308538 0.323383 0.338209 0.350785 0.358387 0.358657 0.350645 0.335301 0.314982 0.292402 0.269781 0.248521 0.229301 0.212305 0.197443 0.184498 0.173217 0.163354 0.154686 0.147024 0.140210 0.134110 0.128616 0.123638 0.119102 0.114948 0.111123 0.107585 0.104299 0.101235 0.098366 0.095672 0.093132 0.090732 0.088458 0.086296 0.084238 0.082273 0.080394 0.078594 0.076866 0.075204 0.073605 0.072064 0.070577 0.069141 0.067752 0.066408 0.065106 0.063845 0.062622 0.061436 0.060285 0.059166 0.058080 0.057025 0.055999 0.055001 0.054031 0.053087 0.052168 0.051274 0.050404 0.049556
0.080756 0.082026 0.083270 0.084486 0.085669 0.086813 0.087916 0.088972 0.089980 0.090936 0.091839 0.092686 0.093477 0.094212 0.094892 0.095517 0.096092 0.096617 0.097096 0.097532 0.097931 0.098295 0.098629 0.098937 0.099224 0.099493 0.099749 0.099995 0.100234 0.100470 0.100705 0.100942 0.101182 0.101428 0.101680 0.101941 0.102212 0.102493 0.102786 0.103091 0.103410 0.103744 0.104093 0.104458 0.104842 0.105245 0.105669 0.106115 0.106587 0.107087 0.107616 0.108177 0.108774 0.109410 0.110089 0.110813 0.111588 0.112418 0.113307 0.114260 0.115282 0.116380 0.117558 0.118824 0.120184 0.121646 0.123218 0.124907 0.126724 0.128677 0.130779 0.133040 0.135473 0.138091 0.140910 0.143945 0.147213 0.150733 0.154523 0.158603 0.162995 0.167718 0.172793 0.178239 0.184070 0.190299 0.196930 0.203957 0.211363 0.219115 0.227160 0.235426 0.243821 0.252237 0.260555 0.268661 0.276461 0.283904 0.290994 0.297812 0.304518 0.311355 0.318634 0.326718 0.335999 0.346861 0.359636 0.374527 0.391501 0.410144 0.429494 0.447927 0.463225 0.472961 0.475188 0.469154 0.455622 0.436555 0.414405 0.391429 0.369309 0.349090 0.331298 0.316112 0.303509 0.293376 0.285581 0.280013 0.276612 0.275383 0.276413 0.279882 0.286069 0.295354 0.308178 0.324953 0.345832 0.370281 0.396435 0.420502 0.436962 0.440423 0.428575 0.403734 0.371299 0.336785 0.303971 0.274694 0.249444 0.228009 0.209898 0.194567 0.181517 0.170325 0.160645 0.152200 0.144770 0.138178 0.132286 0.126981 0.122172 0.117787 0.113765 0.110058 0.106624 0.103428 0.100443 0.097644 0.095010 0.092524 0.090171 0.087936 0.085810 0.083782 0.081843 0.079986 0.078205 0.076493 0.074846 0.073259 0.071728 0.070249 0.068820 0.067437 0.066098 0.064801 0.063544 0.062325 0.061141 0.059992 0.058877 0.057793 0.056740 0.055716 0.054720 0.053752 0.052811 0.051894 0.051003 0.050135
0.083304 0.084664 0.085997 0.087298 0.088562 0.089783 0.090957 0.092079 0.093145 0.094152 0.095098 0.095980 0.096798 0.097552 0.098243 0.098872 0.099442 0.099957 0.100419 0.100834 0.101207 0.101541 0.101843 0.102117 0.102368 0.102602 0.102822 0.103032 0.103237 0.103440 0.103643 0.103849 0.104061 0.104280 0.104508 0.104746 0.104995 0.105256 0.105530 0.105818 0.106120 0.106438 0.106772 0.107123 0.107493 0.107883 0.108294 0.108729 0.109190 0.109678 0.110198 0.110751 0.111341 0.111971 0.112646 0.113369 0.114145 0.114978 0.115874 0.116838 0.117875 0.118992 0.120195 0.121491 0.122888 0.124394 0.126017 0.127768 0.129655 0.131691 0.133888 0.136259 0.138818 0.141581 0.144565 0.147791 0.151277 0.155046 0.159123 0.163533 0.168303 0.173462 0.179037 0.185057 0.191547 0.198528 0.206016 0.214014 0.222509 0.231470 0.240838 0.250524 0.260408 0.270337 0.280139 0.289637 0.298676 0.307153 0.315052 0.322469 0.329624 0.336865 0.344652 0.353536 0.364137 0.377105 0.393077 0.412591 0.435933 0.462876 0.492309 0.521839 0.547637 0.565001 0.569842 0.560510 0.538650 0.508354 0.474335 0.440451 0.409153 0.381637 0.358255 0.338894 0.323244 0.310947 0.301689 0.295232 0.291444 0.290311 0.291956 0.296666 0.304922 0.317444 0.335212 0.359429 0.391296 0.431346 0.477982 0.525216 0.561332 0.572501 0.552200 0.506973 0.450659 0.394982 0.345918 0.305036 0.271755 0.244800 0.222870 0.204858 0.189892 0.177301 0.166579 0.157342 0.149296 0.142219 0.135935 0.130310 0.125236 0.120627 0.116414 0.112541 0.108962 0.105639 0.102540 0.099639 0.096912 0.094341 0.091910 0.089603 0.087409 0.085317 0.083319 0.081406 0.079571 0.077808 0.076112 0.074478 0.072902 0.071380 0.069910 0.068487 0.067110 0.065776 0.064483 0.063229 0.062013 0.060832 0.059686 0.058573 0.057492 0.056441 0.055420 0.054427 0.053461 0.052522 0.051609 0.050720
0.086023 0.087484 0.088917 0.090314 0.091669 0.092977 0.094231 0.095426 0.096558 0.097621 0.098615 0.099535 0.100382 0.101154 0.101854 0.102484 0.103046 0.103545 0.103985 0.104371 0.104710 0.105007 0.105269 0.105501 0.105709 0.105898 0.106075 0.106243 0.106407 0.106570 0.106737 0.106908 0.107087 0.107276 0.107476 0.107688 0.107913 0.108151 0.108405 0.108673 0.108956 0.109256 0.109573 0.109908 0.110262 0.110637 0.111033 0.111454 0.111901 0.112376 0.112883 0.113425 0.114005 0.114627 0.115295 0.116013 0.116787 0.117621 0.118521 0.119492 0.120541 0.121675 0.122900 0.124225 0.125657 0.127205 0.128879 0.130689 0.132647 0.134766 0.137058 0.139540 0.142227 0.145138 0.148293 0.151715 0.155429 0.159460 0.163840 0.168601 0.173778 0.179408 0.185531 0.192187 0.199416 0.207254 0.215732 0.224868 0.234664 0.245094 0.256099 0.267575 0.279365 0.291259 0.303003 0.314321 0.324951 0.334702 0.343506 0.351465 0.358878 0.366238 0.374218 0.383636 0.395434 0.410661 0.430442 0.455928 0.488118 0.527488 0.573249 0.622250 0.667940 0.700738 0.711258 0.695470 0.657377 0.606343 0.551941 0.500733 0.455917 0.418362 0.387732 0.363223 0.343967 0.329193 0.318302 0.310870 0.306660 0.305621 0.307911 0.313945 0.324465 0.340668 0.364369 0.398195 0.445666 0.510695 0.595195 0.692585 0.777973 0.810639 0.767970 0.672614 0.565324 0.471006 0.396240 0.339086 0.295577 0.262104 0.235921 0.215055 0.198116 0.184123 0.172376 0.162369 0.153732 0.146190 0.139534 0.133604 0.128277 0.123455 0.119059 0.115028 0.111311 0.107865 0.104656 0.101656 0.098839 0.096185 0.093676 0.091297 0.089037 0.086882 0.084824 0.082854 0.080965 0.079150 0.077404 0.075723 0.074101 0.072535 0.071022 0.069558 0.068142 0.066769 0.065440 0.064151 0.062900 0.061687 0.060510 0.059366 0.058256 0.057177 0.056129 0.055111 0.054121 0.053158 0.052222 0.051312
0.088930 0.090506 0.092051 0.093557 0.095017 0.096423 0.097768 0.099045 0.100250 0.101377 0.102423 0.103385 0.104261 0.105052 0.105759 0.106385 0.106934 0.107410 0.107820 0.108169 0.108465 0.108716 0.108927 0.109107 0.109262 0.109399 0.109524 0.109641 0.109757 0.109875 0.109998 0.110129 0.110272 0.110426 0.110594 0.110777 0.110975 0.111189 0.111419 0.111665 0.111928 0.112209 0.112507 0.112823 0.113160 0.113516 0.113896 0.114299 0.114729 0.115189 0.115680 0.116207 0.116774 0.117384 0.118041 0.118752 0.119520 0.120351 0.121251 0.122227 0.123285 0.124433 0.125677 0.127027 0.128491 0.130079 0.131802 0.133671 0.135698 0.137899 0.140286 0.142879 0.145696 0.148757 0.152087 0.155712 0.159660 0.163965 0.168663 0.173794 0.179405 0.185543 0.192262 0.199619 0.207672 0.216481 0.226098 0.236570 0.247920 0.260144 0.273192 0.286950 0.301224 0.315729 0.330091 0.343875 0.356642 0.368033 0.377873 0.386251 0.393567 0.400528 0.408108 0.417500 0.430093 0.447487 0.471543 0.504430 0.548577 0.606300 0.678664 0.762963 0.848810 0.915816 0.939902 0.909680 0.836477 0.744317 0.653548 0.574543 0.510026 0.459000 0.419285 0.388675 0.365330 0.347848 0.335220 0.326773 0.322125 0.321168 0.324087 0.331426 0.344221 0.364249 0.394446 0.439623 0.507583 0.610471 0.764347 0.977871 1.208973 1.317386 1.197925 0.955838 0.731444 0.566851 0.453409 0.375036 0.319528 0.278978 0.248429 0.224749 0.205921 0.190611 0.177913 0.167198 0.158020 0.150052 0.143053 0.136843 0.131282 0.126261 0.121695 0.117516 0.113667 0.110105 0.106791 0.103695 0.100790 0.098055 0.095471 0.093022 0.090695 0.088478 0.086360 0.084333 0.082389 0.080522 0.078726 0.076996 0.075327 0.073716 0.072159 0.070653 0.069195 0.067784 0.066416 0.065090 0.063805 0.062558 0.061347 0.060173 0.059032 0.057925 0.056849 0.055804 0.054789 0.053802 0.052843 0.051911
0.092046 0.093752 0.095425 0.097055 0.098634 0.100151 0.101600 0.102972 0.104260 0.105458 0.106563 0.107569 0.108477 0.109285 0.109997 0.110614 0.111143 0.111588 0.111958 0.112259 0.112501 0.112692 0.112842 0.112958 0.113049 0.113122 0.113185 0.113243 0.113302 0.113366 0.113440 0.113525 0.113625 0.113740 0.113873 0.114023 0.114192 0.114378 0.114583 0.114806 0.115047 0.115306 0.115583 0.115879 0.116195 0.116532 0.116891 0.117275 0.117685 0.118125 0.118598 0.119106 0.119656 0.120250 0.120893 0.121591 0.122349 0.123174 0.124071 0.125048 0.126111 0.127268 0.128528 0.129901 0.131394 0.133019 0.134788 0.136713 0.138808 0.141088 0.143571 0.146274 0.149221 0.152434 0.155940 0.159771 0.163960 0.168547 0.173575 0.179096 0.185164 0.191844 0.199207 0.207329 0.216296 0.226196 0.237119 0.249150 0.262356 0.276775 0.292386 0.309086 0.326653 0.344709 0.362713 0.379980 0.395761 0.409392 0.420475 0.429040 0.435632 0.441284 0.447422 0.455763 0.468288 0.487314 0.515697 0.557148 0.616607 0.700426 0.815520 0.965255 1.138163 1.290905 1.352591 1.283816 1.123877 0.943562 0.786123 0.662966 0.570701 0.502444 0.451959 0.414532 0.386831 0.366568 0.352212 0.342781 0.337718 0.336835 0.340319 0.348819 0.363642 0.387146 0.423503 0.480226 0.571361 0.724374 0.994346 1.481292 2.244435 2.751158 2.232107 1.456737 0.957753 0.676000 0.511494 0.409143 0.341415 0.294144 0.259637 0.233483 0.213022 0.196583 0.183073 0.171751 0.162105 0.153767 0.146469 0.140010 0.134239 0.129039 0.124317 0.120000 0.116030 0.112358 0.108944 0.105757 0.102768 0.099955 0.097298 0.094780 0.092387 0.090108 0.087930 0.085846 0.083847 0.081927 0.080079 0.078299 0.076582 0.074924 0.073322 0.071772 0.070273 0.068820 0.067413 0.066049 0.064727 0.063445 0.062201 0.060993 0.059822 0.058684 0.057580 0.056508 0.055466 0.054454 0.053471 0.052516
0.095392 0.097248 0.099067 0.100839 0.102554 0.104200 0.105768 0.107248 0.108631 0.109910 0.111079 0.112135 0.113076 0.113901 0.114612 0.115215 0.115715 0.116118 0.116435 0.116676 0.116849 0.116967 0.117040 0.117078 0.117091 0.117088 0.117076 0.117064 0.117056 0.117059 0.117075 0.117108 0.117159 0.117231 0.117325 0.117439 0.117575 0.117732 0.117910 0.118107 0.118323 0.118559 0.118813 0.119087 0.119380 0.119694 0.120031 0.120391 0.120779 0.121195 0.121645 0.122132 0.122659 0.123233 0.123857 0.124539 0.125283 0.126096 0.126985 0.127958 0.129022 0.130185 0.131457 0.132848 0.134367 0.136026 0.137838 0.139816 0.141976 0.144333 0.146908 0.149721 0.152797 0.156161 0.159845 0.163884 0.168317 0.173192 0.178561 0.184484 0.191031 0.198284 0.206332 0.215282 0.225250 0.236366 0.248771 0.262611 0.278022 0.295118 0.313954 0.334478 0.356471 0.379470 0.402710 0.425112 0.445392 0.462302 0.474988 0.483326 0.488088 0.490855 0.493773 0.499315 0.510214 0.529628 0.561600 0.611861 0.689149 0.807223 0.987256 1.257144 1.631850 2.038087 2.231812 2.029976 1.615457 1.232131 0.953134 0.763367 0.634843 0.546348 0.484177 0.439783 0.407831 0.384959 0.369041 0.358759 0.353365 0.352570 0.356529 0.365935 0.382269 0.408310 0.449219 0.514898 0.625685 0.827883 1.243437 2.262316 5.332889 10.455242 5.318955 2.234604 1.202244 0.773618 0.558824 0.435924 0.358547 0.306211 0.268789 0.240823 0.219162 0.201882 0.187755 0.175963 0.165946 0.157308 0.149760 0.143092 0.137140 0.131783 0.126922 0.122481 0.118399 0.114626 0.111119 0.107846 0.104777 0.101888 0.099160 0.096575 0.094117 0.091775 0.089538 0.087396 0.085342 0.083367 0.081467 0.079636 0.077869 0.076163 0.074514 0.072919 0.071375 0.069880 0.068432 0.067029 0.065668 0.064349 0.063070 0.061829 0.060624 0.059456 0.058322 0.057221 0.056152 0.055115 0.054107 0.053128
0.098995 0.101021 0.103009 0.104945 0.106817 0.108612 0.110318 0.111922 0.113415 0.114786 0.116029 0.117140 0.118115 0.118954 0.119661 0.120241 0.120700 0.121049 0.121298 0.121460 0.121548 0.121574 0.121553 0.121495 0.121414 0.121318 0.121219 0.121123 0.121037 0.120967 0.120918 0.120890 0.120888 0.120912 0.120962 0.121037 0.121138 0.121263 0.121411 0.121581 0.121772 0.121982 0.122212 0.122461 0.122729 0.123018 0.123329 0.123663 0.124023 0.124412 0.124835 0.125294 0.125795 0.126343 0.126943 0.127603 0.128327 0.129123 0.130000 0.130963 0.132023 0.133188 0.134467 0.135871 0.137412 0.139101 0.140952 0.142979 0.145200 0.147633 0.150297 0.153217 0.156419 0.159932 0.163792 0.168039 0.172718 0.177884 0.183598 0.189933 0.196975 0.204823 0.213594 0.223425 0.234476 0.246929 0.260995 0.276907 0.294913 0.315257 0.338137 0.363646 0.391656 0.421677 0.452684 0.483012 0.510428 0.532538 0.547516 0.554866 0.555779 0.552878 0.549562 0.549439 0.556160 0.573736 0.607359 0.664903 0.759732 0.916356 1.182475 1.653717 2.503783 3.835415 4.722237 3.826242 2.485184 1.625186 1.143263 0.865482 0.696008 0.586979 0.513808 0.463208 0.427634 0.402631 0.385506 0.374628 0.369071 0.368433 0.372796 0.382813 0.399964 0.427130 0.469804 0.538829 0.657291 0.880790 1.371790 2.788662 10.474642 10.466571 10.458644 2.756899 1.324713 0.819032 0.581608 0.450015 0.368588 0.314062 0.275310 0.246458 0.224162 0.206401 0.191894 0.179793 0.169517 0.160657 0.152919 0.146082 0.139982 0.134491 0.129510 0.124960 0.120778 0.116912 0.113319 0.109965 0.106820 0.103859 0.101062 0.098410 0.095889 0.093486 0.091189 0.088989 0.086877 0.084847 0.082893 0.081009 0.079191 0.077435 0.075737 0.074095 0.072505 0.070966 0.069475 0.068030 0.066630 0.065272 0.063956 0.062679 0.061441 0.060240 0.059076 0.057945 0.056848 0.055784 0.054751 0.053748
0.102884 0.105106 0.107288 0.109414 0.111470 0.113438 0.115304 0.117054 0.118673 0.120152 0.121479 0.122651 0.123662 0.124513 0.125209 0.125754 0.126159 0.126436 0.126598 0.126661 0.126640 0.126553 0.126415 0.126241 0.126044 0.125838 0.125633 0.125439 0.125262 0.125109 0.124983 0.124888 0.124826 0.124796 0.124798 0.124831 0.124895 0.124986 0.125103 0.125244 0.125407 0.125591 0.125794 0.126016 0.126257 0.126518 0.126799 0.127103 0.127432 0.127789 0.128179 0.128606 0.129074 0.129591 0.130161 0.130792 0.131491 0.132265 0.133122 0.134071 0.135120 0.136280 0.137562 0.138975 0.140532 0.142246 0.144131 0.146204 0.148482 0.150985 0.153735 0.156757 0.160082 0.163741 0.167774 0.172226 0.177149 0.182604 0.188664 0.195415 0.202959 0.211418 0.220937 0.231692 0.243891 0.257788 0.273683 0.291931 0.312942 0.337169 0.365076 0.397058 0.433286 0.473439 0.516323 0.559463 0.598960 0.630074 0.648773 0.653641 0.646801 0.633102 0.618353 0.607956 0.606605 0.618926 0.650808 0.711666 0.818800 1.007452 1.357880 2.081789 3.856891 9.201270 18.114697 9.191040 3.836074 2.049664 1.313365 0.949092 0.744770 0.619779 0.538562 0.483622 0.445623 0.419280 0.401489 0.390401 0.384954 0.384643 0.389437 0.399846 0.417149 0.443923 0.485141 0.550568 0.660484 0.861224 1.274839 2.291452 5.359598 10.479509 5.340880 2.254357 1.220036 0.789672 0.573354 0.449128 0.370604 0.317273 0.278990 0.250274 0.227958 0.210103 0.195469 0.183227 0.172810 0.163813 0.155943 0.148983 0.142767 0.137168 0.132086 0.127441 0.123170 0.119221 0.115549 0.112120 0.108903 0.105873 0.103010 0.100293 0.097709 0.095244 0.092887 0.090628 0.088459 0.086372 0.084362 0.082423 0.080552 0.078744 0.076995 0.075303 0.073665 0.072079 0.070543 0.069055 0.067612 0.066215 0.064860 0.063546 0.062273 0.061038 0.059841 0.058680 0.057554 0.056462 0.055402 0.054374
0.107091 0.109540 0.111949 0.114297 0.116567 0.118739 0.120794 0.122714 0.124483 0.126085 0.127510 0.128750 0.129800 0.130660 0.131334 0.131832 0.132164 0.132346 0.132396 0.132333 0.132177 0.131948 0.131666 0.131349 0.131013 0.130674 0.130344 0.130033 0.129750 0.129500 0.129288 0.129117 0.128986 0.128897 0.128848 0.128836 0.128860 0.128915 0.129000 0.129112 0.129247 0.129403 0.129578 0.129771 0.129982 0.130211 0.130460 0.130729 0.131021 0.131341 0.131693 0.132081 0.132511 0.132989 0.133522 0.134118 0.134784 0.135528 0.136359 0.137286 0.138320 0.139469 0.140746 0.142162 0.143730 0.145463 0.147378 0.149491 0.151821 0.154389 0.157219 0.160340 0.163782 0.167581 0.171782 0.176433 0.181593 0.187333 0.193734 0.200898 0.208943 0.218016 0.228294 0.239995 0.253389 0.268808 0.286669 0.307486 0.331894 0.360666 0.394702 0.434980 0.482373 0.537258 0.598753 0.663584 0.725034 0.773330 0.798984 0.798120 0.775274 0.740723 0.705306 0.677280 0.662231 0.664655 0.690103 0.748025 0.856903 1.056387 1.442587 2.297389 4.764958 18.135688 18.129379 18.124475 4.742045 2.261790 1.392799 0.990354 0.771966 0.640865 0.556681 0.500209 0.461432 0.434776 0.417006 0.406210 0.401270 0.401605 0.407051 0.417882 0.434981 0.460253 0.497440 0.553738 0.643058 0.792945 1.058740 1.540823 2.298795 2.800363 2.276412 1.496542 0.993526 0.708221 0.540622 0.435592 0.365552 0.316284 0.280048 0.252392 0.230620 0.213032 0.198507 0.186288 0.175841 0.166786 0.158843 0.151802 0.145503 0.139820 0.134656 0.129932 0.125584 0.121560 0.117817 0.114318 0.111034 0.107938 0.105010 0.102230 0.099584 0.097058 0.094640 0.092320 0.090092 0.087946 0.085878 0.083883 0.081956 0.080092 0.078290 0.076546 0.074858 0.073223 0.071639 0.070105 0.068618 0.067178 0.065783 0.064430 0.063120 0.061850 0.060619 0.059426 0.058270 0.057148 0.056061 0.055007
0.111654 0.114368 0.117041 0.119650 0.122172 0.124585 0.126864 0.128987 0.130933 0.132682 0.134221 0.135539 0.136630 0.137493 0.138135 0.138566 0.138802 0.138861 0.138767 0.138544 0.138217 0.137811 0.137351 0.136859 0.136355 0.135856 0.135377 0.134929 0.134521 0.134160 0.133850 0.133592 0.133387 0.133233 0.133128 0.133068 0.133051 0.133070 0.133123 0.133204 0.133310 0.133437 0.133583 0.133746 0.133925 0.134119 0.134330 0.134560 0.134811 0.135087 0.135393 0.135735 0.136119 0.136551 0.137040 0.137592 0.138217 0.138923 0.139720 0.140619 0.141628 0.142760 0.144025 0.145437 0.147009 0.148756 0.150695 0.152842 0.155217 0.157845 0.160750 0.163962 0.167514 0.171447 0.175807 0.180649 0.186038 0.192051 0.198783 0.206347 0.214882 0.224558 0.235587 0.248234 0.262834 0.279814 0.299724 0.323275 0.351400 0.385313 0.426587 0.477200 0.539466 0.615636 0.706713 0.809857 0.914379 0.999372 1.040227 1.025472 0.967120 0.890470 0.817415 0.760127 0.723694 0.710613 0.724293 0.772092 0.869811 1.051645 1.397140 2.117506 3.890108 9.232775 18.145085 9.220749 3.865413 2.078834 1.342476 0.978193 0.773869 0.648877 0.567684 0.512844 0.475092 0.449231 0.432236 0.422315 0.418411 0.419921 0.426551 0.438278 0.455434 0.478979 0.511040 0.555807 0.620825 0.718415 0.865171 1.070469 1.292943 1.392895 1.265521 1.016277 0.785557 0.615455 0.497260 0.414802 0.355786 0.312219 0.279067 0.253131 0.232336 0.215301 0.201084 0.189023 0.178644 0.169603 0.161639 0.154556 0.148203 0.142460 0.137232 0.132443 0.128029 0.123940 0.120131 0.116569 0.113221 0.110063 0.107072 0.104231 0.101522 0.098934 0.096454 0.094073 0.091783 0.089577 0.087449 0.085393 0.083407 0.081486 0.079627 0.077828 0.076086 0.074398 0.072764 0.071182 0.069649 0.068164 0.066726 0.065333 0.063983 0.062676 0.061410 0.060184 0.058995 0.057844 0.056729 0.055647
0.116616 0.119640 0.122623 0.125541 0.128364 0.131064 0.133611 0.135977 0.138135 0.140060 0.141734 0.143142 0.144276 0.145137 0.145731 0.146072 0.146179 0.146079 0.145799 0.145372 0.144830 0.144203 0.143523 0.142816 0.142107 0.141415 0.140758 0.140149 0.139596 0.139107 0.138685 0.138331 0.138043 0.137819 0.137656 0.137547 0.137487 0.137470 0.137490 0.137542 0.137619 0.137718 0.137834 0.137965 0.138108 0.138265 0.138434 0.138619 0.138822 0.139047 0.139301 0.139588 0.139917 0.140294 0.140728 0.141227 0.141802 0.142461 0.143216 0.144076 0.145053 0.146158 0.147405 0.148806 0.150375 0.152129 0.154083 0.156258 0.158673 0.161353 0.164326 0.167621 0.171276 0.175334 0.179843 0.184864 0.190468 0.196740 0.203785 0.211729 0.220730 0.230983 0.242735 0.256298 0.272076 0.290597 0.312558 0.338898 0.370904 0.410357 0.459762 0.522644 0.603890 0.709897 0.847667 1.020565 1.216744 1.391681 1.472658 1.419374 1.272455 1.105116 0.962712 0.858428 0.790970 0.756485 0.753479 0.785010 0.861182 1.004338 1.260735 1.725018 2.570202 3.898526 4.783230 3.885993 2.544306 1.684070 1.202114 0.924366 0.754909 0.645865 0.572700 0.522239 0.487103 0.463029 0.447517 0.439091 0.436885 0.440369 0.449173 0.462957 0.481387 0.504264 0.531904 0.565725 0.608749 0.665276 0.738315 0.822659 0.894673 0.914547 0.860204 0.754522 0.638275 0.536282 0.454976 0.392257 0.344007 0.306479 0.276809 0.252929 0.233367 0.217076 0.203305 0.191506 0.181272 0.172301 0.164359 0.157269 0.150888 0.145104 0.139828 0.134986 0.130517 0.126371 0.122505 0.118884 0.115477 0.112258 0.109207 0.106304 0.103534 0.100883 0.098340 0.095895 0.093541 0.091271 0.089079 0.086961 0.084912 0.082929 0.081010 0.079152 0.077352 0.075610 0.073922 0.072288 0.070705 0.069173 0.067690 0.066254 0.064863 0.063517 0.062214 0.060953 0.059732 0.058549 0.057404 0.056295
0.122026 0.125413 0.128765 0.132049 0.135233 0.138279 0.141150 0.143811 0.146226 0.148364 0.150199 0.151714 0.152896 0.153745 0.154271 0.154489 0.154428 0.154119 0.153600 0.152912 0.152097 0.151194 0.150240 0.149269 0.148310 0.147387 0.146518 0.145719 0.144998 0.144362 0.143813 0.143352 0.142974 0.142676 0.142450 0.142291 0.142190 0.142138 0.142128 0.142151 0.142201 0.142272 0.142358 0.142455 0.142561 0.142676 0.142798 0.142932 0.143080 0.143246 0.143438 0.143661 0.143923 0.144234 0.144603 0.145039 0.145552 0.146154 0.146856 0.147668 0.148603 0.149673 0.150892 0.152273 0.153832 0.155584 0.157548 0.159742 0.162190 0.164915 0.167947 0.171318 0.175066 0.179237 0.183884 0.189070 0.194872 0.201383 0.208716 0.217011 0.226443 0.237231 0.249653 0.264070 0.280952 0.300925 0.324838 0.353868 0.389682 0.434713 0.492600 0.568951 0.672599 0.817591 1.025584 1.325089 1.731301 2.168863 2.387289 2.198776 1.791085 1.414884 1.146135 0.970803 0.862222 0.801454 0.778400 0.790088 0.839888 0.938194 1.104008 1.363775 1.731454 2.133022 2.323867 2.120472 1.705308 1.321898 1.043073 0.853504 0.725060 0.636502 0.574216 0.529859 0.498389 0.476796 0.463319 0.456977 0.457250 0.463842 0.476444 0.494481 0.516875 0.541973 0.567885 0.593320 0.618433 0.644660 0.672757 0.699452 0.715235 0.707649 0.670800 0.611359 0.543021 0.477242 0.419706 0.371702 0.332406 0.300340 0.274034 0.252250 0.234006 0.218547 0.205300 0.193826 0.183788 0.174928 0.167041 0.159967 0.153579 0.147773 0.142463 0.137580 0.133065 0.128869 0.124951 0.121276 0.117813 0.114538 0.111427 0.108463 0.105631 0.102916 0.100307 0.097796 0.095375 0.093038 0.090778 0.088592 0.086476 0.084428 0.082444 0.080523 0.078662 0.076860 0.075115 0.073426 0.071790 0.070208 0.068676 0.067194 0.065761 0.064374 0.063032 0.061734 0.060478 0.059263 0.058087 0.056949
0.127939 0.131756 0.135546 0.139270 0.142888 0.146354 0.149622 0.152644 0.155375 0.157775 0.159809 0.161450 0.162685 0.163512 0.163941 0.163995 0.163709 0.163127 0.162299 0.161278 0.160116 0.158864 0.157570 0.156274 0.155011 0.153808 0.152688 0.151665 0.150748 0.149944 0.149253 0.148673 0.148198 0.147821 0.147533 0.147324 0.147183 0.147099 0.147062 0.147061 0.147086 0.147131 0.147187 0.147250 0.147316 0.147385 0.147455 0.147531 0.147614 0.147712 0.147830 0.147977 0.148162 0.148395 0.148685 0.149044 0.149484 0.150016 0.150652 0.151405 0.152287 0.153312 0.154494 0.155846 0.157385 0.159128 0.161092 0.163299 0.165770 0.168533 0.171615 0.175052 0.178884 0.183157 0.187927 0.193261 0.199241 0.205966 0.213558 0.222166 0.231982 0.243246 0.256264 0.271439 0.289301 0.310566 0.336220 0.367656 0.406907 0.457039 0.522866 0.612310 0.739108 0.928475 1.229368 1.739784 2.637652 4.027981 4.960132 4.061332 2.703686 1.837522 1.358141 1.088627 0.932699 0.843790 0.799808 0.791071 0.814934 0.873226 0.970034 1.106860 1.270953 1.418028 1.476458 1.406211 1.246023 1.066162 0.909424 0.786842 0.694798 0.626359 0.575441 0.537669 0.510199 0.491330 0.480171 0.476385 0.479999 0.491211 0.510101 0.536176 0.567690 0.601020 0.630833 0.651893 0.661885 0.662567 0.657544 0.648615 0.634068 0.610323 0.575509 0.531660 0.483618 0.436300 0.392940 0.354916 0.322351 0.294740 0.271366 0.251508 0.234531 0.219905 0.207202 0.196079 0.186263 0.177536 0.169724 0.162686 0.156306 0.150489 0.145156 0.140242 0.135689 0.131452 0.127488 0.123763 0.120248 0.116917 0.113748 0.110724 0.107827 0.105046 0.102370 0.099789 0.097297 0.094887 0.092554 0.090296 0.088108 0.085988 0.083935 0.081945 0.080018 0.078152 0.076346 0.074597 0.072905 0.071269 0.069686 0.068156 0.066677 0.065247 0.063864 0.062527 0.061236 0.059986 0.058779 0.057611
0.134419 0.138746 0.143060 0.147316 0.151462 0.155443 0.159199 0.162670 0.165796 0.168523 0.170803 0.172601 0.173896 0.174685 0.174980 0.174812 0.174229 0.173289 0.172057 0.170605 0.169000 0.167309 0.165590 0.163892 0.162258 0.160719 0.159298 0.158012 0.156870 0.155875 0.155024 0.154314 0.153735 0.153277 0.152927 0.152671 0.152495 0.152384 0.152325 0.152305 0.152310 0.152332 0.152360 0.152388 0.152412 0.152431 0.152443 0.152451 0.152461 0.152478 0.152510 0.152567 0.152659 0.152798 0.152995 0.153263 0.153615 0.154062 0.154620 0.155300 0.156117 0.157085 0.158218 0.159531 0.161041 0.162765 0.164721 0.166931 0.169419 0.172209 0.175334 0.178827 0.182730 0.187092 0.191970 0.197435 0.203570 0.210481 0.218295 0.227173 0.237316 0.248982 0.262502 0.278310 0.296985 0.319312 0.346386 0.379769 0.421776 0.475965 0.548090 0.648002 0.793833 1.022108 1.415380 2.190776 4.043098 9.554532 18.723940 9.593597 4.119442 2.301501 1.557548 1.193827 0.995086 0.881155 0.818179 0.790878 0.792339 0.819479 0.870032 0.939114 1.014831 1.075681 1.096697 1.065709 0.993303 0.902775 0.813778 0.736095 0.672067 0.620604 0.579772 0.547917 0.523992 0.507535 0.498581 0.497584 0.505370 0.523059 0.551817 0.592167 0.642479 0.696622 0.742541 0.765904 0.759639 0.729653 0.688656 0.646384 0.606174 0.567199 0.527837 0.487664 0.447647 0.409320 0.373976 0.342311 0.314471 0.290245 0.269244 0.251029 0.235180 0.221323 0.209138 0.198359 0.188767 0.180182 0.172455 0.165461 0.159098 0.153280 0.147933 0.142995 0.138412 0.134138 0.130134 0.126364 0.122800 0.119415 0.116189 0.113102 0.110141 0.107291 0.104542 0.101887 0.099318 0.096830 0.094419 0.092082 0.089816 0.087618 0.085489 0.083425 0.081426 0.079490 0.077617 0.075805 0.074053 0.072359 0.070722 0.069140 0.067612 0.066136 0.064710 0.063333 0.062003 0.060719 0.059478 0.058279
0.141536 0.146473 0.151419 0.156320 0.161115 0.165733 0.170099 0.174133 0.177759 0.180900 0.183494 0.185489 0.186855 0.187585 0.187696 0.187229 0.186249 0.184833 0.183073 0.181061 0.178889 0.176639 0.174387 0.172192 0.170104 0.168159 0.166382 0.164788 0.163385 0.162172 0.161145 0.160294 0.159606 0.159066 0.158656 0.158359 0.158155 0.158027 0.157955 0.157923 0.157916 0.157919 0.157922 0.157917 0.157897 0.157860 0.157805 0.157737 0.157660 0.157582 0.157513 0.157463 0.157445 0.157473 0.157559 0.157717 0.157963 0.158310 0.158773 0.159366 0.160104 0.161001 0.162073 0.163336 0.164806 0.166501 0.168440 0.170645 0.173140 0.175950 0.179107 0.182646 0.186610 0.191047 0.196017 0.201592 0.207859 0.214925 0.222922 0.232019 0.242424 0.254408 0.268317 0.284610 0.303895 0.327005 0.355096 0.389829 0.433667 0.490413 0.566254 0.671890 0.827367 1.074291 1.511868 2.429401 5.000049 18.752075 18.778882 18.801135 5.094237 2.562278 1.676637 1.265718 1.042905 0.911968 0.834039 0.791354 0.774915 0.779405 0.800434 0.832469 0.867305 0.894130 0.902556 0.887628 0.852405 0.805225 0.754598 0.706110 0.662275 0.623775 0.590669 0.563078 0.541408 0.526368 0.518961 0.520562 0.533087 0.559211 0.602487 0.666841 0.754132 0.857447 0.950970 0.992479 0.958207 0.870705 0.770814 0.682747 0.611752 0.554603 0.506698 0.464690 0.426825 0.392444 0.361384 0.333582 0.308903 0.287120 0.267938 0.251047 0.236143 0.222949 0.211223 0.200757 0.191373 0.182922 0.175276 0.168329 0.161988 0.156174 0.150819 0.145864 0.141257 0.136953 0.132913 0.129102 0.125491 0.122054 0.118770 0.115621 0.112591 0.109669 0.106844 0.104108 0.101456 0.098882 0.096385 0.093961 0.091608 0.089326 0.087113 0.084968 0.082890 0.080879 0.078933 0.077052 0.075234 0.073478 0.071783 0.070146 0.068566 0.067042 0.065571 0.064152 0.062782 0.061460 0.060185 0.058953
0.149373 0.155039 0.160751 0.166443 0.172040 0.177454 0.182588 0.187341 0.191607 0.195286 0.198286 0.200536 0.201991 0.202636 0.202493 0.201620 0.200104 0.198054 0.195594 0.192850 0.189944 0.186983 0.184059 0.181248 0.178605 0.176171 0.173970 0.172017 0.170314 0.168857 0.167635 0.166633 0.165833 0.165213 0.164751 0.164422 0.164202 0.164068 0.163996 0.163964 0.163954 0.163947 0.163930 0.163892 0.163826 0.163728 0.163598 0.163441 0.163262 0.163072 0.162882 0.162705 0.162556 0.162450 0.162403 0.162432 0.162552 0.162779 0.163129 0.163617 0.164260 0.165072 0.166070 0.167269 0.168688 0.170344 0.172256 0.174447 0.176939 0.179760 0.182940 0.186516 0.190529 0.195028 0.200075 0.205740 0.212112 0.219301 0.227441 0.236702 0.247299 0.259509 0.273686 0.290300 0.309974 0.333555 0.362218 0.397639 0.442277 0.499891 0.576488 0.682247 0.835694 1.073784 1.479450 2.269958 4.139693 9.669473 18.855595 9.736887 4.266106 2.441865 1.682991 1.298493 1.076027 0.937239 0.848575 0.793654 0.763372 0.751808 0.754174 0.765597 0.780518 0.792956 0.797770 0.792291 0.776997 0.754545 0.727963 0.699396 0.669994 0.640538 0.612063 0.586064 0.564353 0.548852 0.541581 0.544909 0.562077 0.598040 0.660708 0.762389 0.919383 1.140338 1.381616 1.498403 1.381888 1.139770 0.915701 0.752106 0.639172 0.559644 0.500644 0.454175 0.415660 0.382607 0.353686 0.328148 0.305518 0.285435 0.267593 0.251717 0.237560 0.224905 0.213559 0.203354 0.194146 0.185809 0.178236 0.171330 0.165010 0.159203 0.153844 0.148877 0.144252 0.139923 0.135852 0.132004 0.128349 0.124861 0.121520 0.118305 0.115204 0.112203 0.109295 0.106471 0.103727 0.101060 0.098466 0.095946 0.093498 0.091121 0.088815 0.086580 0.084416 0.082322 0.080298 0.078342 0.076453 0.074630 0.072871 0.071176 0.069541 0.067965 0.066446 0.064982 0.063571 0.062211 0.060899 0.059634
0.158018 0.164564 0.171209 0.177875 0.184472 0.190890 0.197006 0.202686 0.207789 0.212175 0.215717 0.218308 0.219879 0.220404 0.219912 0.218481 0.216234 0.213327 0.209933 0.206224 0.202362 0.198488 0.194717 0.191139 0.187818 0.184794 0.182092 0.179720 0.177674 0.175944 0.174510 0.173350 0.172438 0.171745 0.171241 0.170895 0.170676 0.170554 0.170500 0.170485 0.170486 0.170480 0.170450 0.170383 0.170268 0.170103 0.169887 0.169625 0.169326 0.169002 0.168668 0.168338 0.168032 0.167767 0.167562 0.167435 0.167405 0.167489 0.167705 0.168069 0.168599 0.169309 0.170218 0.171341 0.172696 0.174301 0.176176 0.178343 0.180824 0.183647 0.186842 0.190445 0.194496 0.199046 0.204153 0.209890 0.216343 0.223622 0.231862 0.241233 0.251951 0.264291 0.278611 0.295378 0.315213 0.338951 0.367744 0.403207 0.447671 0.504605 0.579361 0.680562 0.822830 1.032428 1.359380 1.902419 2.839146 4.272043 5.244629 4.375180 3.026790 2.145690 1.630574 1.312725 1.103741 0.961392 0.863899 0.798624 0.757384 0.734329 0.724790 0.724604 0.729807 0.736743 0.742495 0.745325 0.744673 0.740525 0.732579 0.719890 0.701453 0.677333 0.649352 0.620747 0.595204 0.576126 0.566568 0.569791 0.590329 0.635815 0.720438 0.872123 1.147196 1.648225 2.435753 2.960929 2.431100 1.637913 1.129201 0.843398 0.676962 0.572715 0.502089 0.450532 0.410384 0.377507 0.349615 0.325404 0.304091 0.285168 0.268276 0.253142 0.239542 0.227292 0.216232 0.206224 0.197148 0.188897 0.181376 0.174502 0.168199 0.162398 0.157039 0.152065 0.147427 0.143079 0.138983 0.135102 0.131406 0.127869 0.124468 0.121186 0.118008 0.114923 0.111922 0.109000 0.106154 0.103381 0.100680 0.098052 0.095496 0.093014 0.090605 0.088270 0.086011 0.083825 0.081714 0.079676 0.077710 0.075815 0.073989 0.072230 0.070536 0.068906 0.067336 0.065825 0.064371 0.062970 0.061621 0.060321
0.167574 0.175185 0.182972 0.190847 0.198700 0.206396 0.213779 0.220673 0.226887 0.232227 0.236507 0.239569 0.241303 0.241665 0.240687 0.238481 0.235226 0.231146 0.226487 0.221491 0.216376 0.211325 0.206481 0.201948 0.197797 0.194065 0.190772 0.187914 0.185481 0.183447 0.181786 0.180464 0.179445 0.178690 0.178162 0.177820 0.177627 0.177542 0.177530 0.177556 0.177588 0.177598 0.177566 0.177473 0.177308 0.177067 0.176751 0.176366 0.175924 0.175439 0.174930 0.174418 0.173922 0.173466 0.173072 0.172760 0.172552 0.172467 0.172524 0.172741 0.173136 0.173726 0.174528 0.175560 0.176838 0.178381 0.180208 0.182341 0.184803 0.187621 0.190823 0.194444 0.198525 0.203115 0.208269 0.214059 0.220571 0.227911 0.236211 0.245638 0.256406 0.268784 0.283123 0.299880 0.319657 0.343259 0.371779 0.406724 0.450220 0.505320 0.576520 0.670592 0.797930 0.974608 1.224723 1.579265 2.054786 2.573595 2.875203 2.751708 2.366871 1.959716 1.616844 1.347041 1.142178 0.991068 0.882516 0.806792 0.756121 0.724489 0.707229 0.700616 0.701644 0.707968 0.717956 0.730624 0.745193 0.760181 0.772392 0.776792 0.768375 0.745429 0.711320 0.672855 0.637096 0.609482 0.593926 0.594072 0.615145 0.666873 0.769601 0.970387 1.394186 2.441933 5.604312 10.880860 5.596201 2.424769 1.366076 0.928477 0.710077 0.584992 0.505290 0.449857 0.408390 0.375496 0.348214 0.324853 0.304412 0.286273 0.270029 0.255400 0.242176 0.230194 0.219319 0.209434 0.200435 0.192233 0.184741 0.177884 0.171591 0.165795 0.160438 0.155462 0.150818 0.146459 0.142344 0.138435 0.134702 0.131116 0.127655 0.124300 0.121039 0.117860 0.114757 0.111725 0.108763 0.105870 0.103047 0.100296 0.097618 0.095016 0.092492 0.090046 0.087679 0.085393 0.083186 0.081058 0.079008 0.077034 0.075135 0.073309 0.071553 0.069864 0.068241 0.066680 0.065180 0.063737 0.062349 0.061013
0.178152 0.187054 0.196248 0.205632 0.215077 0.224417 0.233456 0.241961 0.249677 0.256328 0.261643 0.265380 0.267360 0.267502 0.265842 0.262543 0.257871 0.252160 0.245768 0.239036 0.232263 0.225685 0.219477 0.213756 0.208591 0.204013 0.200025 0.196610 0.193740 0.191376 0.189476 0.187992 0.186876 0.186080 0.185554 0.185248 0.185113 0.185100 0.185164 0.185261 0.185351 0.185400 0.185379 0.185267 0.185051 0.184725 0.184291 0.183758 0.183142 0.182462 0.181742 0.181007 0.180283 0.179597 0.178976 0.178443 0.178022 0.177736 0.177606 0.177650 0.177887 0.178336 0.179013 0.179937 0.181123 0.182591 0.184361 0.186451 0.188886 0.191690 0.194893 0.198527 0.202631 0.207252 0.212443 0.218273 0.224824 0.232198 0.240522 0.249957 0.260709 0.273037 0.287281 0.303876 0.323396 0.346602 0.374509 0.408497 0.450461 0.503040 0.569947 0.656427 0.769835 0.920079 1.119072 1.376628 1.688006 2.012278 2.265464 2.364031 2.277643 2.039738 1.734194 1.443691 1.208186 1.032177 0.905987 0.817938 0.758326 0.719939 0.697622 0.687767 0.687984 0.696935 0.714237 0.740199 0.775034 0.817079 0.860061 0.891399 0.896158 0.867641 0.813913 0.751349 0.694107 0.650226 0.623480 0.616549 0.633925 0.685480 0.793805 1.015117 1.515788 2.972874 10.887055 10.881180 10.876596 2.951032 1.480693 0.963910 0.722570 0.589151 0.506162 0.449587 0.408014 0.375525 0.348868 0.326180 0.306361 0.288742 0.272904 0.258570 0.245547 0.233693 0.222892 0.213044 0.204062 0.195863 0.188371 0.181514 0.175222 0.169430 0.164078 0.159108 0.154467 0.150106 0.145980 0.142051 0.138284 0.134650 0.131127 0.127695 0.124341 0.121057 0.117837 0.114679 0.111583 0.108552 0.105589 0.102697 0.099881 0.097143 0.094487 0.091916 0.089430 0.087031 0.084718 0.082491 0.080349 0.078290 0.076312 0.074413 0.072590 0.070840 0.069160 0.067547 0.065999 0.064512 0.063083 0.061710
0.189872 0.200349 0.211283 0.222563 0.234038 0.245512 0.256736 0.267413 0.277195 0.285693 0.292503 0.297245 0.299620 0.299473 0.296843 0.291971 0.285266 0.277241 0.268433 0.259333 0.250347 0.241780 0.233836 0.226637 0.220240 0.214654 0.209857 0.205808 0.202453 0.199734 0.197587 0.195949 0.194758 0.193950 0.193463 0.193234 0.193203 0.193310 0.193496 0.193707 0.193893 0.194009 0.194019 0.193898 0.193628 0.193204 0.192629 0.191916 0.191088 0.190168 0.189189 0.188182 0.187180 0.186217 0.185322 0.184524 0.183852 0.183328 0.182976 0.182817 0.182870 0.183154 0.183685 0.184482 0.185562 0.186942 0.188642 0.190681 0.193082 0.195868 0.199067 0.202710 0.206833 0.211481 0.216703 0.222564 0.229140 0.236527 0.244845 0.254247 0.264924 0.277126 0.291169 0.307468 0.326558 0.349147 0.376170 0.408876 0.448954 0.498700 0.561263 0.640959 0.743649 0.877091 1.050997 1.276380 1.563884 1.920666 2.337200 2.728760 2.863203 2.582384 2.090222 1.641374 1.311926 1.085911 0.933232 0.830505 0.762207 0.718423 0.692911 0.681908 0.683509 0.697439 0.725060 0.769335 0.834174 0.921627 1.024420 1.114748 1.146988 1.096062 0.988154 0.870036 0.770761 0.699030 0.654588 0.636136 0.645141 0.688847 0.786036 0.982800 1.403495 2.448692 5.608856 10.883415 5.596960 2.423957 1.363996 0.925532 0.706761 0.581849 0.502845 0.448542 0.408491 0.377128 0.351333 0.329296 0.309947 0.292644 0.276993 0.262749 0.249747 0.237869 0.227019 0.217114 0.208076 0.199830 0.192304 0.185427 0.179128 0.173341 0.168001 0.163047 0.158421 0.154071 0.149946 0.146005 0.142211 0.138532 0.134943 0.131426 0.127969 0.124564 0.121209 0.117904 0.114653 0.111461 0.108334 0.105279 0.102303 0.099409 0.096604 0.093890 0.091269 0.088744 0.086314 0.083978 0.081735 0.079583 0.077520 0.075543 0.073648 0.071832 0.070092 0.068425 0.066826 0.065293 0.063822 0.062411
0.202864 0.215265 0.228359 0.242034 0.256119 0.270385 0.284529 0.298171 0.310847 0.322010 0.331050 0.337352 0.340400 0.339894 0.335855 0.328655 0.318957 0.307576 0.295338 0.282962 0.271000 0.259831 0.249678 0.240647 0.232760 0.225983 0.220255 0.215492 0.211609 0.208515 0.206124 0.204351 0.203116 0.202338 0.201941 0.201848 0.201983 0.202272 0.202643 0.203026 0.203357 0.203580 0.203649 0.203531 0.203206 0.202666 0.201919 0.200985 0.199892 0.198675 0.197375 0.196034 0.194692 0.193391 0.192166 0.191051 0.190078 0.189274 0.188662 0.188265 0.188103 0.188194 0.188557 0.189207 0.190164 0.191443 0.193062 0.195042 0.197403 0.200166 0.203360 0.207011 0.211154 0.215829 0.221082 0.226971 0.233566 0.240954 0.249246 0.258581 0.269138 0.281146 0.294902 0.310787 0.329301 0.351092 0.377015 0.408204 0.446175 0.492978 0.551420 0.625399 0.720440 0.844627 1.010506 1.239488 1.572767 2.096374 2.974610 4.306318 5.169694 4.236880 2.855362 1.957983 1.445244 1.144308 0.959170 0.841308 0.765435 0.717756 0.690584 0.679881 0.684230 0.704637 0.744979 0.813071 0.922064 1.089866 1.326253 1.583779 1.704026 1.568353 1.296286 1.047155 0.869388 0.754332 0.685499 0.651793 0.648775 0.678714 0.752607 0.896463 1.165441 1.661395 2.444447 2.965529 2.431935 1.635392 1.123920 0.836201 0.668923 0.565045 0.495967 0.446929 0.409922 0.380410 0.355746 0.334367 0.315349 0.298149 0.282451 0.268070 0.254884 0.242807 0.231768 0.221695 0.212521 0.204172 0.196576 0.189659 0.183348 0.177569 0.172252 0.167330 0.162738 0.158416 0.154310 0.150370 0.146556 0.142834 0.139176 0.135565 0.131990 0.128444 0.124930 0.121451 0.118015 0.114633 0.111314 0.108068 0.104905 0.101831 0.098854 0.095978 0.093205 0.090538 0.087977 0.085521 0.083167 0.080915 0.078759 0.076698 0.074726 0.072841 0.071037 0.069312 0.067661 0.066080 0.064566 0.063115
0.217260 0.232018 0.247807 0.264523 0.281985 0.299935 0.318015 0.335760 0.352566 0.367670 0.380149 0.388989 0.393252 0.392334 0.386193 0.375435 0.361184 0.344801 0.327594 0.310623 0.294627 0.280048 0.267092 0.255806 0.246135 0.237972 0.231184 0.225633 0.221183 0.217707 0.215086 0.213209 0.211976 0.211288 0.211050 0.211169 0.211553 0.212111 0.212750 0.213384 0.213929 0.214315 0.214481 0.214384 0.213998 0.213319 0.212359 0.211145 0.209718 0.208128 0.206427 0.204670 0.202910 0.201195 0.199571 0.198076 0.196745 0.195608 0.194690 0.194015 0.193603 0.193472 0.193640 0.194123 0.194938 0.196102 0.197631 0.199543 0.201859 0.204600 0.207788 0.211452 0.215620 0.220330 0.225621 0.231544 0.238161 0.245549 0.253806 0.263055 0.273458 0.285222 0.298618 0.313995 0.331808 0.352651 0.377303 0.406792 0.442495 0.486283 0.540758 0.609669 0.698679 0.816974 0.980985 1.223861 1.622321 2.383583 4.181369 9.531821 18.436698 9.499272 4.125467 2.319333 1.565720 1.188121 0.975062 0.846041 0.765480 0.715969 0.688607 0.679198 0.686871 0.714047 0.767705 0.862738 1.029595 1.330242 1.877687 2.738943 3.311582 2.725451 1.851410 1.292606 0.982782 0.809769 0.712614 0.662248 0.645855 0.659821 0.707273 0.797743 0.945864 1.159262 1.393690 1.504021 1.381374 1.133614 0.904756 0.737729 0.623219 0.544290 0.488048 0.446096 0.413175 0.386023 0.362643 0.341842 0.322937 0.305557 0.289513 0.274708 0.261086 0.248602 0.237205 0.226839 0.217436 0.208922 0.201218 0.194245 0.187919 0.182158 0.176884 0.172017 0.167485 0.163218 0.159153 0.155234 0.151413 0.147651 0.143921 0.140203 0.136488 0.132775 0.129070 0.125382 0.121725 0.118115 0.114567 0.111095 0.107712 0.104429 0.101253 0.098191 0.095246 0.092419 0.089712 0.087122 0.084647 0.082284 0.080029 0.077877 0.075824 0.073864 0.071994 0.070209 0.068503 0.066873 0.065313 0.063821
0.233189 0.250839 0.270004 0.290603 0.312465 0.335311 0.358746 0.382229 0.405023 0.426107 0.444093 0.457265 0.463854 0.462570 0.453180 0.436736 0.415277 0.391196 0.366625 0.343126 0.321637 0.302598 0.286111 0.272079 0.260304 0.250550 0.242583 0.236179 0.231139 0.227287 0.224464 0.222533 0.221367 0.220847 0.220860 0.221295 0.222039 0.222979 0.224002 0.224994 0.225849 0.226474 0.226788 0.226736 0.226286 0.225434 0.224200 0.222627 0.220772 0.218705 0.216497 0.214220 0.211940 0.209719 0.207610 0.205657 0.203899 0.202369 0.201092 0.200093 0.199391 0.199004 0.198949 0.199241 0.199895 0.200928 0.202356 0.204195 0.206463 0.209182 0.212371 0.216055 0.220261 0.225020 0.230365 0.236341 0.242997 0.250398 0.258626 0.267787 0.278020 0.289508 0.302490 0.317281 0.334293 0.354063 0.377298 0.404930 0.438211 0.478858 0.529301 0.593145 0.676077 0.787813 0.946667 1.191399 1.616513 2.501928 4.990052 18.368797 18.364714 18.355507 4.968136 2.479285 1.602148 1.193567 0.971889 0.840808 0.760299 0.711604 0.685514 0.678002 0.688764 0.721450 0.785833 0.903972 1.127620 1.594336 2.745075 6.218334 12.014239 6.205772 2.720524 1.558936 1.083082 0.852593 0.730550 0.665940 0.637634 0.637017 0.661631 0.711994 0.787922 0.881233 0.965324 0.997552 0.954062 0.857677 0.749892 0.655890 0.581971 0.525659 0.482417 0.448147 0.419765 0.395156 0.372985 0.352492 0.333314 0.315322 0.298504 0.282891 0.268507 0.255351 0.243395 0.232585 0.222849 0.214104 0.206257 0.199213 0.192879 0.187157 0.181954 0.177180 0.172747 0.168573 0.164583 0.160711 0.156899 0.153105 0.149296 0.145454 0.141573 0.137656 0.133717 0.129774 0.125847 0.121961 0.118136 0.114394 0.110752 0.107222 0.103816 0.100539 0.097398 0.094392 0.091521 0.088783 0.086175 0.083692 0.081328 0.079079 0.076939 0.074901 0.072961 0.071112 0.069350 0.067668 0.066062 0.064528
0.250766 0.271972 0.295380 0.320971 0.348604 0.378008 0.408778 0.440355 0.471947 0.502316 0.529469 0.550466 0.561790 0.560518 0.545842 0.519764 0.486315 0.449941 0.414208 0.381334 0.352362 0.327536 0.306662 0.289345 0.275137 0.263603 0.254353 0.247053 0.241421 0.237219 0.234246 0.232330 0.231318 0.231071 0.231456 0.232342 0.233593 0.235070 0.236631 0.238131 0.239430 0.240400 0.240936 0.240962 0.240439 0.239364 0.237772 0.235728 0.233315 0.230630 0.227773 0.224837 0.221909 0.219064 0.216363 0.213858 0.211591 0.209596 0.207899 0.206522 0.205485 0.204804 0.204494 0.204569 0.205043 0.205930 0.207246 0.209006 0.211227 0.213927 0.217127 0.220847 0.225110 0.229942 0.235372 0.241431 0.248159 0.255605 0.263832 0.272923 0.282992 0.294192 0.306728 0.320877 0.337005 0.355596 0.377284 0.402911 0.433605 0.470918 0.517062 0.575350 0.651059 0.753223 0.898681 1.121952 1.502333 2.250501 4.043330 9.398250 18.315706 9.395791 4.040950 2.252636 1.514323 1.149106 0.945691 0.824030 0.749088 0.704028 0.680553 0.675195 0.688123 0.723617 0.792680 0.920567 1.169567 1.723039 3.325514 12.021777 12.014808 12.009340 3.301122 1.687641 1.124543 0.867687 0.734045 0.661583 0.625160 0.613563 0.621490 0.645787 0.682576 0.724267 0.757836 0.768354 0.748566 0.704734 0.650642 0.597854 0.551948 0.513900 0.482447 0.455678 0.431828 0.409602 0.388251 0.367492 0.347366 0.328074 0.309853 0.292894 0.277313 0.263151 0.250389 0.238962 0.228779 0.219732 0.211709 0.204593 0.198267 0.192619 0.187535 0.182906 0.178629 0.174602 0.170736 0.166948 0.163171 0.159352 0.155458 0.151468 0.147383 0.143214 0.138983 0.134721 0.130461 0.126234 0.122074 0.118006 0.114054 0.110233 0.106558 0.103035 0.099668 0.096459 0.093406 0.090504 0.087750 0.085136 0.082656 0.080303 0.078070 0.075950 0.073936 0.072022 0.070200 0.068465 0.066812 0.065235
0.270069 0.295648 0.324416 0.356469 0.391747 0.430014 0.470896 0.513936 0.558543 0.603612 0.646639 0.682676 0.704366 0.704537 0.680605 0.636887 0.582222 0.525410 0.472395 0.426004 0.386920 0.354709 0.328504 0.307363 0.290424 0.276956 0.266359 0.258154 0.251957 0.247458 0.244410 0.242603 0.241860 0.242021 0.242935 0.244448 0.246401 0.248626 0.250940 0.253156 0.255086 0.256556 0.257418 0.257569 0.256957 0.255586 0.253512 0.250834 0.247678 0.244182 0.240483 0.236707 0.232963 0.229343 0.225920 0.222749 0.219876 0.217332 0.215143 0.213329 0.211907 0.210889 0.210289 0.210118 0.210389 0.211114 0.212308 0.213984 0.216159 0.218850 0.222074 0.225852 0.230202 0.235145 0.240702 0.246895 0.253751 0.261298 0.269579 0.278647 0.288586 0.299512 0.311593 0.325064 0.340244 0.357562 0.377586 0.401065 0.429000 0.462756 0.504260 0.556357 0.623476 0.712935 0.837577 1.021339 1.311307 1.802542 2.668369 4.011519 4.906246 4.015608 2.678017 1.820385 1.340667 1.065739 0.900417 0.797393 0.732642 0.693594 0.673790 0.670577 0.684406 0.719368 0.785498 0.905008 1.129731 1.597254 2.748537 6.222056 12.017910 6.209031 2.722933 1.559934 1.081905 0.848144 0.721187 0.649135 0.609417 0.591126 0.588347 0.597051 0.613216 0.631607 0.645664 0.649221 0.639434 0.618273 0.590853 0.562309 0.535819 0.512380 0.491471 0.471873 0.452334 0.432012 0.410661 0.388571 0.366347 0.344665 0.324096 0.305030 0.287672 0.272081 0.258216 0.245974 0.235220 0.225807 0.217585 0.210405 0.204125 0.198604 0.193708 0.189303 0.185261 0.181461 0.177787 0.174139 0.170432 0.166604 0.162613 0.158443 0.154101 0.149610 0.145009 0.140344 0.135663 0.131014 0.126440 0.121976 0.117651 0.113486 0.109496 0.105687 0.102064 0.098626 0.095368 0.092285 0.089370 0.086614 0.084009 0.081545 0.079215 0.077008 0.074917 0.072934 0.071051 0.069262 0.067561 0.065940
0.291108 0.322062 0.357627 0.398131 0.443674 0.494086 0.549030 0.608296 0.672082 0.740607 0.812132 0.879156 0.925681 0.932227 0.890153 0.810574 0.715487 0.623269 0.543153 0.477420 0.424968 0.383617 0.351166 0.325741 0.305858 0.290377 0.278429 0.269357 0.262659 0.257949 0.254927 0.253353 0.253024 0.253764 0.255406 0.257778 0.260694 0.263951 0.267317 0.270546 0.273379 0.275572 0.276914 0.277257 0.276530 0.274747 0.272004 0.268455 0.264290 0.259710 0.254906 0.250047 0.245272 0.240689 0.236380 0.232407 0.228810 0.225620 0.222858 0.220539 0.218673 0.217271 0.216342 0.215895 0.215939 0.216486 0.217547 0.219136 0.221269 0.223962 0.227232 0.231097 0.235574 0.240679 0.246427 0.252829 0.259895 0.267634 0.276058 0.285190 0.295070 0.305772 0.317418 0.330196 0.344377 0.360338 0.378583 0.399777 0.424792 0.454793 0.491375 0.536810 0.594467 0.669541 0.770298 0.910052 1.109560 1.396380 1.785291 2.203055 2.405947 2.211429 1.802938 1.424945 1.151194 0.967160 0.845361 0.765067 0.713087 0.681539 0.666067 0.664874 0.678457 0.710061 0.767160 0.864931 1.033963 1.336268 1.884846 2.746669 3.319247 2.732336 1.856655 1.295119 0.981087 0.801750 0.695100 0.630310 0.591622 0.570477 0.561743 0.561778 0.567317 0.574931 0.581095 0.582906 0.579058 0.570240 0.558530 0.546182 0.534614 0.523992 0.513352 0.501105 0.485743 0.466496 0.443638 0.418310 0.392028 0.366204 0.341869 0.319626 0.299725 0.282179 0.266865 0.253591 0.242143 0.232307 0.223879 0.216667 0.210492 0.205183 0.200574 0.196505 0.192815 0.189353 0.185972 0.182544 0.178960 0.175141 0.171039 0.166642 0.161967 0.157058 0.151975 0.146790 0.141573 0.136392 0.131303 0.126354 0.121580 0.117005 0.112644 0.108505 0.104589 0.100891 0.097406 0.094123 0.091033 0.088124 0.085384 0.082803 0.080369 0.078071 0.075900 0.073847 0.071902 0.070057 0.068306 0.066641
0.313771 0.351300 0.395516 0.447208 0.506819 0.574279 0.649130 0.731340 0.822786 0.928146 1.051966 1.187764 1.301089 1.332028 1.247576 1.084054 0.905202 0.749650 0.627296 0.534718 0.465356 0.413261 0.373878 0.343915 0.321035 0.303579 0.290358 0.280517 0.273427 0.268626 0.265765 0.264576 0.264841 0.266373 0.268996 0.272525 0.276752 0.281431 0.286271 0.290941 0.295080 0.298332 0.300386 0.301018 0.300129 0.297754 0.294053 0.289273 0.283709 0.277656 0.271384 0.265117 0.259028 0.253244 0.247852 0.242911 0.238455 0.234507 0.231078 0.228175 0.225803 0.223964 0.222664 0.221906 0.221697 0.222047 0.222965 0.224465 0.226562 0.229273 0.232615 0.236606 0.241263 0.246600 0.252625 0.259340 0.266737 0.274802 0.283513 0.292846 0.302793 0.313369 0.324639 0.336733 0.349875 0.364395 0.380742 0.399511 0.421458 0.447557 0.479074 0.517709 0.565799 0.626617 0.704721 0.806118 0.937431 1.101809 1.287676 1.451731 1.523269 1.463192 1.311172 1.138406 0.988567 0.873462 0.790086 0.731933 0.693188 0.669677 0.658841 0.659581 0.672268 0.699025 0.744411 0.816619 0.928964 1.099380 1.337596 1.596088 1.716345 1.579607 1.305217 1.052199 0.868458 0.744457 0.662215 0.608100 0.573264 0.552068 0.540737 0.536463 0.536858 0.539719 0.543083 0.545523 0.546482 0.546368 0.546228 0.547121 0.549430 0.552335 0.553659 0.550324 0.539490 0.519939 0.492732 0.460643 0.426890 0.394088 0.363863 0.336961 0.313534 0.293407 0.276261 0.261735 0.249482 0.239188 0.230572 0.223389 0.217413 0.212436 0.208259 0.204683 0.201511 0.198549 0.195608 0.192516 0.189132 0.185352 0.181117 0.176422 0.171304 0.165836 0.160116 0.154249 0.148338 0.142478 0.136744 0.131196 0.125876 0.120812 0.116017 0.111495 0.107244 0.103255 0.099516 0.096014 0.092734 0.089659 0.086777 0.084071 0.081529 0.079137 0.076883 0.074757 0.072748 0.070847 0.069046 0.067337
0.337738 0.383220 0.438436 0.505122 0.584566 0.676986 0.781247 0.896303 1.025894 1.185359 1.403439 1.702207 2.024884 2.158989 1.943580 1.543303 1.176314 0.907389 0.722184 0.594861 0.505755 0.442032 0.395565 0.361170 0.335475 0.316235 0.301923 0.291478 0.284155 0.279420 0.276885 0.276264 0.277336 0.279918 0.283838 0.288910 0.294911 0.301553 0.308470 0.315214 0.321269 0.326102 0.329228 0.330300 0.329166 0.325901 0.320780 0.314214 0.306664 0.298576 0.290328 0.282216 0.274449 0.267166 0.260449 0.254344 0.248872 0.244036 0.239835 0.236263 0.233313 0.230979 0.229260 0.228155 0.227665 0.227798 0.228563 0.229972 0.232041 0.234788 0.238235 0.242401 0.247306 0.252963 0.259381 0.266551 0.274451 0.283039 0.292249 0.302003 0.312221 0.322839 0.333842 0.345293 0.357362 0.370338 0.384641 0.400819 0.419548 0.441643 0.468092 0.500105 0.539182 0.587170 0.646202 0.718337 0.804429 0.901622 0.999455 1.077563 1.111981 1.091515 1.027739 0.944950 0.863781 0.794880 0.741240 0.702133 0.675683 0.660060 0.653951 0.656718 0.668510 0.690401 0.724575 0.774421 0.843968 0.935205 1.040721 1.132566 1.164999 1.112822 1.002037 0.879087 0.772432 0.689734 0.628951 0.585685 0.555860 0.536280 0.524498 0.518576 0.516908 0.518143 0.521246 0.525638 0.531339 0.538970 0.549539 0.563967 0.582350 0.603026 0.621773 0.632062 0.627380 0.604917 0.567506 0.521744 0.474364 0.429950 0.390699 0.357157 0.329008 0.305604 0.286238 0.270262 0.257126 0.246373 0.237626 0.230571 0.224931 0.220459 0.216914 0.214056 0.211640 0.209413 0.207127 0.204548 0.201479 0.197781 0.193380 0.188280 0.182553 0.176320 0.169735 0.162957 0.156136 0.149400 0.142851 0.136561 0.130578 0.124929 0.119623 0.114660 0.110028 0.105712 0.101693 0.097951 0.094465 0.091214 0.088180 0.085344 0.082689 0.080199 0.077861 0.075661 0.073588 0.071630 0.069779 0.068026
0.362365 0.417244 0.486278 0.573179 0.681466 0.812773 0.964465 1.129884 1.309095 1.534591 1.902582 2.590810 3.710084 4.440332 3.585786 2.343786 1.541881 1.085839 0.818176 0.651707 0.542517 0.467772 0.414926 0.376702 0.348667 0.328013 0.312900 0.302091 0.294739 0.290259 0.288241 0.288400 0.290528 0.294466 0.300070 0.307177 0.315568 0.324924 0.334795 0.344571 0.353499 0.360749 0.365538 0.367287 0.365754 0.361091 0.353791 0.344550 0.334118 0.323168 0.312232 0.301687 0.291772 0.282618 0.274286 0.266790 0.260119 0.254252 0.249162 0.244824 0.241218 0.238326 0.236136 0.234642 0.233841 0.233736 0.234335 0.235650 0.237701 0.240508 0.244098 0.248497 0.253732 0.259823 0.266782 0.274599 0.283240 0.292632 0.302661 0.313174 0.323989 0.334926 0.345856 0.356743 0.367694 0.378978 0.391019 0.404370 0.419680 0.437670 0.459124 0.484888 0.515872 0.553001 0.597061 0.648336 0.705879 0.766427 0.823378 0.867161 0.888465 0.883384 0.856083 0.816104 0.773206 0.734125 0.702225 0.678539 0.662907 0.654737 0.653434 0.658599 0.670130 0.688272 0.713601 0.746824 0.788116 0.835532 0.882470 0.916102 0.921364 0.891490 0.834434 0.766296 0.700658 0.644484 0.599659 0.565551 0.540674 0.523444 0.512434 0.506433 0.504453 0.505765 0.509973 0.517139 0.527891 0.543477 0.565669 0.596389 0.636781 0.685318 0.734970 0.771534 0.778110 0.746730 0.685476 0.611402 0.538927 0.475379 0.422653 0.379992 0.345795 0.318430 0.296514 0.278955 0.264916 0.253756 0.244983 0.238205 0.233095 0.229363 0.226729 0.224905 0.223585 0.222441 0.221134 0.219334 0.216761 0.213210 0.208588 0.202917 0.196325 0.189017 0.181234 0.173217 0.165184 0.157310 0.149722 0.142508 0.135717 0.129370 0.123467 0.117995 0.112932 0.108252 0.103926 0.099923 0.096217 0.092780 0.089586 0.086615 0.083843 0.081254 0.078830 0.076555 0.074417 0.072403 0.070502 0.068705
0.386557 0.452046 0.537861 0.651632 0.802642 0.998875 1.238362 1.497262 1.742679 2.010839 2.527653 3.965180 8.618573 16.498284 8.428991 3.576618 1.935435 1.245532 0.896529 0.696325 0.571176 0.488120 0.430647 0.389743 0.360145 0.338618 0.323096 0.312221 0.305083 0.301073 0.299785 0.300953 0.304413 0.310060 0.317812 0.327573 0.339171 0.352293 0.366406 0.380696 0.394045 0.405118 0.412580 0.415408 0.413184 0.406220 0.395433 0.382059 0.367337 0.352294 0.337666 0.323903 0.311241 0.299766 0.289477 0.280328 0.272257 0.265197 0.259088 0.253880 0.249532 0.246011 0.243294 0.241366 0.240219 0.239852 0.240272 0.241492 0.243533 0.246425 0.250200 0.254899 0.260561 0.267225 0.274914 0.283630 0.293336 0.303937 0.315262 0.327056 0.338993 0.350711 0.361893 0.372350 0.382112 0.391450 0.400861 0.410990 0.422549 0.436248 0.452758 0.472691 0.496575 0.524805 0.557509 0.594310 0.633976 0.674025 0.710586 0.738966 0.755123 0.757495 0.747834 0.730347 0.709857 0.690317 0.674254 0.662929 0.656752 0.655675 0.659444 0.667742 0.680225 0.696507 0.716103 0.738310 0.761917 0.784668 0.802650 0.810427 0.802912 0.778491 0.740605 0.695946 0.651113 0.610560 0.576415 0.549192 0.528549 0.513794 0.504161 0.498957 0.497650 0.499966 0.506005 0.516399 0.532503 0.556615 0.592188 0.643881 0.716873 0.813860 0.927011 1.025847 1.060299 1.002567 0.880613 0.744688 0.625488 0.531105 0.459122 0.404627 0.363158 0.331317 0.306673 0.287516 0.272642 0.261198 0.252564 0.246272 0.241951 0.239277 0.237935 0.237590 0.237863 0.238320 0.238488 0.237888 0.236094 0.232797 0.227862 0.221350 0.213489 0.204624 0.195142 0.185411 0.175744 0.166374 0.157459 0.149094 0.141319 0.134141 0.127542 0.121490 0.115944 0.110862 0.106200 0.101918 0.097978 0.094345 0.090987 0.087875 0.084985 0.082295 0.079784 0.077435 0.075232 0.073162 0.071213 0.069372
0.408685 0.485229 0.589988 0.737502 0.950297 1.259139 1.686924 2.184010 2.563470 2.744633 3.147822 5.021358 16.753468 16.584096 16.470298 4.410023 2.136988 1.322046 0.935065 0.719900 0.587793 0.501142 0.441704 0.399718 0.369566 0.347836 0.332371 0.321770 0.315112 0.311800 0.311460 0.313877 0.318961 0.326703 0.337143 0.350318 0.366191 0.384541 0.404816 0.425969 0.446338 0.463712 0.475685 0.480319 0.476822 0.465857 0.449234 0.429240 0.407974 0.386996 0.367263 0.349247 0.333092 0.318760 0.306125 0.295034 0.285339 0.276912 0.269644 0.263452 0.258267 0.254041 0.250734 0.248323 0.246792 0.246135 0.246359 0.247479 0.249520 0.252520 0.256526 0.261597 0.267798 0.275196 0.283848 0.293788 0.305000 0.317384 0.330716 0.344614 0.358534 0.371817 0.383816 0.394076 0.402500 0.409422 0.415538 0.421742 0.428952 0.437976 0.449462 0.463882 0.481536 0.502522 0.526678 0.553456 0.581786 0.609967 0.635749 0.656711 0.670949 0.677781 0.678048 0.673792 0.667524 0.661530 0.657493 0.656430 0.658830 0.664819 0.674291 0.686944 0.702222 0.719212 0.736569 0.752570 0.765306 0.772880 0.773503 0.765630 0.748421 0.722454 0.690021 0.654536 0.619431 0.587314 0.559711 0.537239 0.519920 0.507458 0.499446 0.495506 0.495407 0.499195 0.507359 0.521061 0.542481 0.575352 0.625821 0.703798 0.824567 1.008226 1.265698 1.545296 1.674199 1.522786 1.220863 0.941446 0.736449 0.595193 0.497834 0.429318 0.379896 0.343463 0.316178 0.295580 0.280058 0.268534 0.260269 0.254738 0.251541 0.250342 0.250810 0.252570 0.255160 0.258008 0.260438 0.261720 0.261175 0.258304 0.252901 0.245093 0.235300 0.224112 0.212163 0.200018 0.188120 0.176773 0.166158 0.156359 0.147393 0.139234 0.131831 0.125122 0.119040 0.113518 0.108497 0.103919 0.099734 0.095897 0.092370 0.089116 0.086107 0.083316 0.080719 0.078296 0.076030 0.073905 0.071908 0.070026
0.426659 0.513214 0.636562 0.821121 1.113651 1.606680 2.467742 3.806725 4.808301 4.320932 3.758295 4.574879 8.932110 16.670938 8.531498 3.642237 1.980641 1.278944 0.922897 0.718399 0.590621 0.505992 0.447651 0.406375 0.376782 0.355574 0.340660 0.330686 0.324778 0.322387 0.323204 0.327099 0.334095 0.344334 0.358053 0.375539 0.397046 0.422638 0.451937 0.483750 0.515680 0.543975 0.564052 0.571916 0.565912 0.547536 0.520627 0.489621 0.458136 0.428453 0.401663 0.378064 0.357523 0.339726 0.324319 0.310975 0.299421 0.289440 0.280862 0.273560 0.267436 0.262419 0.258454 0.255504 0.253545 0.252569 0.252577 0.253588 0.255633 0.258764 0.263045 0.268563 0.275421 0.283736 0.293626 0.305197 0.318498 0.333475 0.349882 0.367197 0.384557 0.400795 0.414646 0.425121 0.431895 0.435477 0.437042 0.438040 0.439826 0.443442 0.449577 0.458609 0.470668 0.485669 0.503312 0.523044 0.544021 0.565108 0.584974 0.602320 0.616203 0.626331 0.633173 0.637816 0.641638 0.645965 0.651846 0.659972 0.670725 0.684265 0.700592 0.719485 0.740296 0.761623 0.781080 0.795509 0.801828 0.798184 0.784567 0.762464 0.734037 0.701571 0.667309 0.633365 0.601556 0.573224 0.549173 0.529736 0.514907 0.504479 0.498179 0.495769 0.497174 0.502628 0.512889 0.529560 0.555630 0.596428 0.661494 0.768472 0.951560 1.278971 1.874260 2.810616 3.431430 2.788147 1.829513 1.212347 0.863694 0.660263 0.534116 0.451308 0.394384 0.353887 0.324416 0.302750 0.286894 0.275579 0.267981 0.263547 0.261891 0.262702 0.265671 0.270414 0.276396 0.282866 0.288836 0.293153 0.294675 0.292533 0.286377 0.276476 0.263615 0.248848 0.233228 0.217625 0.202655 0.188686 0.175895 0.164321 0.153924 0.144619 0.136299 0.128857 0.122187 0.116194 0.110791 0.105903 0.101466 0.097422 0.093723 0.090328 0.087200 0.084309 0.081627 0.079133 0.076806 0.074628 0.072585 0.070663
0.438285 0.531757 0.668929 0.884051 1.253462 1.975244 3.676439 8.672564 16.985682 9.078539 4.617092 3.757087 4.287160 4.757563 3.776083 2.467242 1.628054 1.150276 0.869529 0.695034 0.580912 0.503216 0.448750 0.409854 0.381872 0.361878 0.347986 0.338974 0.334062 0.332792 0.334947 0.340516 0.349677 0.362787 0.380385 0.403175 0.431960 0.467478 0.510020 0.558710 0.610434 0.658842 0.694683 0.708891 0.697522 0.664321 0.618158 0.568105 0.520345 0.477853 0.441391 0.410590 0.384656 0.362748 0.344132 0.328218 0.314561 0.302828 0.292776 0.284227 0.277051 0.271148 0.266447 0.262897 0.260463 0.259130 0.258899 0.259787 0.261837 0.265113 0.269707 0.275741 0.283374 0.292798 0.304236 0.317922 0.334064 0.352756 0.373842 0.396707 0.420060 0.441853 0.459576 0.471067 0.475499 0.473840 0.468397 0.461816 0.456282 0.453208 0.453313 0.456825 0.463665 0.473564 0.486109 0.500757 0.516839 0.533581 0.550180 0.565931 0.580377 0.593440 0.605453 0.617075 0.629122 0.642373 0.657428 0.674670 0.694312 0.716524 0.741516 0.769446 0.799969 0.831391 0.859764 0.878916 0.882533 0.867681 0.836726 0.795623 0.750569 0.705975 0.664335 0.626893 0.594234 0.566605 0.544033 0.526389 0.513433 0.504867 0.500383 0.499745 0.502888 0.510083 0.522190 0.541079 0.570334 0.616605 0.692495 0.823520 1.067195 1.574219 2.825673 6.607535 12.919978 6.584362 2.779514 1.505467 0.976500 0.711843 0.561136 0.467215 0.404847 0.361594 0.330791 0.308642 0.292885 0.282141 0.275558 0.272614 0.272991 0.276473 0.282849 0.291805 0.302781 0.314827 0.326498 0.335899 0.340991 0.340140 0.332688 0.319211 0.301257 0.280776 0.259558 0.238931 0.219702 0.202260 0.186700 0.172953 0.160860 0.150235 0.140888 0.132643 0.125342 0.118850 0.113050 0.107846 0.103152 0.098901 0.095033 0.091498 0.088254 0.085267 0.082504 0.079941 0.077555 0.075328 0.073241 0.071282
0.441888 0.537297 0.678810 0.904802 1.305858 2.143463 4.469476 16.789939 16.908217 17.080910 5.095501 3.174437 2.753855 2.568281 2.195510 1.710894 1.295956 0.998595 0.796031 0.657951 0.562198 0.494499 0.445877 0.410642 0.385125 0.366925 0.354459 0.346693 0.342985 0.342992 0.346616 0.353994 0.365497 0.381769 0.403768 0.432832 0.470713 0.519509 0.581288 0.656970 0.743898 0.832063 0.901875 0.930198 0.906037 0.840135 0.755383 0.671139 0.597202 0.536058 0.486656 0.446848 0.414502 0.387870 0.365632 0.346842 0.330832 0.317138 0.305432 0.295483 0.287124 0.280229 0.274706 0.270486 0.267523 0.265793 0.265291 0.266038 0.268085 0.271512 0.276442 0.283046 0.291556 0.302271 0.315572 0.331918 0.351816 0.375728 0.403865 0.435780 0.469766 0.502294 0.528202 0.542450 0.542912 0.531824 0.514336 0.495712 0.479581 0.467737 0.460697 0.458293 0.460061 0.465442 0.473855 0.484718 0.497455 0.511511 0.526397 0.541749 0.557405 0.573452 0.590225 0.608237 0.628059 0.650175 0.674872 0.702219 0.732189 0.764942 0.801141 0.842024 0.888736 0.940415 0.991098 1.027720 1.034278 1.003207 0.942460 0.868652 0.795788 0.731009 0.676308 0.631280 0.594813 0.565806 0.543350 0.526720 0.515324 0.508652 0.506258 0.507783 0.513021 0.522094 0.535743 0.555812 0.586070 0.633730 0.712770 0.852320 1.121528 1.721156 3.463242 12.936071 12.923182 12.911400 3.414048 1.647784 1.024596 0.732830 0.572201 0.474086 0.409840 0.365807 0.334842 0.312950 0.297804 0.288030 0.282835 0.281801 0.284760 0.291695 0.302633 0.317492 0.335856 0.356650 0.377805 0.396133 0.407763 0.409336 0.399476 0.379477 0.352611 0.322657 0.292703 0.264694 0.239563 0.217553 0.198522 0.182159 0.168098 0.155988 0.145514 0.136409 0.128446 0.121441 0.115239 0.109717 0.104771 0.100317 0.096284 0.092615 0.089261 0.086182 0.083343 0.080715 0.078275 0.076001 0.073874 0.071880
0.436943 0.528585 0.662949 0.873682 1.236056 1.946188 3.627332 8.587311 16.831750 8.786700 4.035335 2.567429 2.040676 1.771458 1.530583 1.279550 1.049245 0.862366 0.720507 0.615674 0.538689 0.482047 0.440257 0.409461 0.386988 0.371003 0.360265 0.353959 0.351602 0.352983 0.358140 0.367372 0.381279 0.400841 0.427554 0.463631 0.512278 0.578019 0.666824 0.785268 0.936553 1.109680 1.263098 1.328837 1.269054 1.121272 0.953146 0.805926 0.690339 0.602956 0.537044 0.486553 0.446958 0.415117 0.388916 0.366964 0.348346 0.332457 0.318891 0.307365 0.297674 0.289664 0.283220 0.278252 0.274699 0.272523 0.271715 0.272294 0.274319 0.277889 0.283160 0.290361 0.299813 0.311959 0.327403 0.346946 0.371616 0.402633 0.441199 0.487870 0.541185 0.595532 0.639892 0.661256 0.653505 0.622843 0.582363 0.543166 0.510936 0.487204 0.471464 0.462548 0.459244 0.460500 0.465455 0.473414 0.483820 0.496242 0.510387 0.526123 0.543515 0.562831 0.584530 0.609188 0.637374 0.669489 0.705604 0.745405 0.788397 0.834512 0.885099 0.943806 1.016309 1.107070 1.210650 1.299019 1.324169 1.259387 1.132462 0.992877 0.870699 0.773727 0.699515 0.643303 0.600890 0.569197 0.546103 0.530166 0.520368 0.515940 0.516235 0.520667 0.528731 0.540159 0.555250 0.575439 0.604151 0.648219 0.720700 0.847681 1.087202 1.590352 2.838431 6.617505 12.927743 6.590452 2.784383 1.509499 0.980016 0.715113 0.564400 0.470693 0.408761 0.366185 0.336338 0.315490 0.301478 0.293068 0.289616 0.290897 0.296997 0.308249 0.325143 0.348160 0.377445 0.412186 0.449712 0.484646 0.509187 0.515714 0.500937 0.468064 0.424631 0.378348 0.334488 0.295604 0.262366 0.234455 0.211173 0.191745 0.175465 0.161734 0.150065 0.140068 0.131432 0.123913 0.117316 0.111485 0.106296 0.101649 0.097461 0.093666 0.090210 0.087046 0.084137 0.081451 0.078961 0.076644 0.074481 0.072456
0.424343 0.507431 0.625485 0.801816 1.081254 1.552799 2.377230 3.650712 4.528015 3.786297 2.646885 1.947704 1.576385 1.352337 1.177754 1.019024 0.875169 0.752222 0.652497 0.574250 0.513963 0.467980 0.433179 0.407122 0.387990 0.374470 0.365650 0.360937 0.360010 0.362794 0.369464 0.380487 0.396696 0.419436 0.450809 0.494090 0.554437 0.640072 0.764147 0.946984 1.215369 1.583694 1.981769 2.175750 1.990168 1.600087 1.238941 0.976524 0.798072 0.676489 0.591242 0.529095 0.481875 0.444585 0.414177 0.388790 0.367277 0.348918 0.333241 0.319921 0.308719 0.299451 0.291972 0.286168 0.281956 0.279283 0.278126 0.278503 0.280476 0.284163 0.289754 0.297539 0.307942 0.321576 0.339330 0.362481 0.392864 0.433055 0.486445 0.556776 0.645887 0.747594 0.838439 0.880033 0.851065 0.772914 0.684034 0.607947 0.550899 0.511103 0.484867 0.468835 0.460457 0.457913 0.459926 0.465614 0.474382 0.485865 0.499913 0.516585 0.536166 0.559173 0.586333 0.618511 0.656568 0.701116 0.752186 0.808949 0.869840 0.933673 1.002124 1.083082 1.193221 1.356566 1.588730 1.842568 1.949824 1.783541 1.471982 1.185622 0.975244 0.829880 0.729655 0.659575 0.610030 0.575115 0.551218 0.536107 0.528350 0.526941 0.531038 0.539769 0.552153 0.567188 0.584257 0.603846 0.628523 0.664092 0.721257 0.819073 0.992963 1.311974 1.900089 2.830618 3.446889 2.800192 1.839098 1.220257 0.870579 0.666665 0.540509 0.458130 0.402072 0.362912 0.335327 0.316223 0.303802 0.297086 0.295665 0.299590 0.309322 0.325736 0.350123 0.384111 0.429338 0.486504 0.553318 0.621323 0.674011 0.691914 0.665819 0.604859 0.528418 0.452914 0.386704 0.331963 0.287852 0.252567 0.224267 0.201393 0.182713 0.167286 0.154398 0.143513 0.134220 0.126207 0.119235 0.113115 0.107702 0.102877 0.098548 0.094640 0.091092 0.087852 0.084881 0.082143 0.079609 0.077255 0.075060 0.073007
0.406085 0.477877 0.575434 0.711864 0.907243 1.187941 1.568590 1.983015 2.208418 2.076692 1.752337 1.452616 1.235893 1.079994 0.955733 0.847297 0.750520 0.666118 0.595019 0.536905 0.490465 0.453989 0.425791 0.404413 0.388685 0.377723 0.370905 0.367838 0.368351 0.372496 0.380575 0.393205 0.411430 0.436934 0.472403 0.522199 0.593634 0.699513 0.863446 1.131322 1.594952 2.420929 3.707799 4.568017 3.719541 2.443906 1.628132 1.173132 0.911786 0.751826 0.647058 0.573772 0.519289 0.476617 0.441828 0.412690 0.387912 0.366716 0.348600 0.333212 0.320279 0.309581 0.300938 0.294201 0.289257 0.286028 0.284477 0.284610 0.286491 0.290249 0.296108 0.304415 0.315697 0.330751 0.350783 0.377656 0.414284 0.465315 0.538186 0.644397 0.799115 1.010513 1.238909 1.352024 1.250657 1.034061 0.834571 0.691920 0.597990 0.537661 0.499483 0.476065 0.462808 0.456848 0.456385 0.460300 0.467930 0.478952 0.493335 0.511329 0.533479 0.560644 0.594012 0.635057 0.685397 0.746443 0.818725 0.900930 0.989256 1.078719 1.168533 1.271607 1.425855 1.708560 2.251855 3.134869 3.712624 3.049426 2.081338 1.455771 1.099689 0.890536 0.760643 0.676140 0.619649 0.581856 0.557584 0.543887 0.539043 0.541959 0.551727 0.567241 0.586870 0.608373 0.629353 0.648429 0.666781 0.689242 0.724592 0.785704 0.890192 1.059517 1.305142 1.575382 1.697155 1.540488 1.234835 0.952915 0.746403 0.604447 0.507091 0.439220 0.391080 0.356615 0.332094 0.315242 0.304737 0.299928 0.300703 0.307453 0.321125 0.343345 0.376636 0.424668 0.492363 0.585181 0.705766 0.844821 0.967338 1.016077 0.959225 0.828517 0.681112 0.551931 0.450174 0.373085 0.315075 0.271061 0.237175 0.210645 0.189516 0.172411 0.158350 0.146626 0.136723 0.128261 0.120951 0.114574 0.108962 0.103982 0.099531 0.095525 0.091897 0.088594 0.085569 0.082787 0.080216 0.077830 0.075608 0.073532
0.384600 0.444504 0.521935 0.622978 0.754331 0.919491 1.108350 1.281460 1.373754 1.348190 1.238580 1.106267 0.986623 0.886434 0.801127 0.725871 0.658599 0.599179 0.547949 0.504913 0.469608 0.441267 0.419018 0.402034 0.389605 0.381175 0.376352 0.374914 0.376818 0.382221 0.391527 0.405467 0.425245 0.452794 0.491238 0.545783 0.625512 0.747313 0.945356 1.296964 2.005363 3.720215 8.854381 17.407765 8.870720 3.752283 2.051886 1.355919 1.013935 0.821989 0.702259 0.620430 0.559870 0.512093 0.472678 0.439296 0.410690 0.386127 0.365121 0.347305 0.332366 0.320037 0.310082 0.302305 0.296552 0.292710 0.290715 0.290559 0.292297 0.296065 0.302108 0.310821 0.322821 0.339067 0.361074 0.391293 0.433835 0.495913 0.590858 0.744610 1.009117 1.478674 2.209092 2.698068 2.220060 1.500655 1.042198 0.788924 0.646585 0.563283 0.513130 0.482858 0.465322 0.456498 0.454051 0.456628 0.463499 0.474384 0.489375 0.508929 0.533903 0.565625 0.605985 0.657514 0.723370 0.807007 0.911096 1.035081 1.171548 1.304987 1.421542 1.533790 1.710578 2.126566 3.278572 6.940776 13.116110 6.818857 3.031174 1.750625 1.212313 0.940121 0.784597 0.688681 0.627173 0.587770 0.564096 0.552793 0.552144 0.561297 0.579663 0.606232 0.638736 0.672926 0.702840 0.723077 0.732436 0.735930 0.743202 0.765130 0.811006 0.885358 0.980640 1.065897 1.090325 1.025392 0.898435 0.759212 0.638053 0.542793 0.470847 0.417220 0.377433 0.348148 0.327071 0.312729 0.304290 0.301451 0.304416 0.313952 0.331550 0.359752 0.402730 0.467269 0.564335 0.710962 0.929655 1.232510 1.560379 1.716252 1.552364 1.216405 0.905308 0.678137 0.522705 0.416400 0.342067 0.288592 0.249007 0.218916 0.195487 0.176850 0.161741 0.149284 0.138857 0.130012 0.122418 0.115828 0.110052 0.104946 0.100395 0.096310 0.092619 0.089264 0.086197 0.083380 0.080779 0.078368 0.076125 0.074030
0.362112 0.411056 0.471280 0.545020 0.633411 0.734132 0.837762 0.925556 0.975075 0.975020 0.934288 0.872865 0.807191 0.745007 0.688123 0.636290 0.589240 0.547105 0.510155 0.478524 0.452106 0.430591 0.413563 0.400582 0.391247 0.385240 0.382344 0.382468 0.385668 0.392180 0.402474 0.417347 0.438082 0.466719 0.506566 0.563173 0.646341 0.774664 0.986996 1.376204 2.213051 4.594354 17.421852 17.432515 17.444527 4.639041 2.278272 1.459440 1.084493 0.881444 0.756531 0.670634 0.605646 0.552873 0.508177 0.469618 0.436248 0.407512 0.382980 0.362261 0.344977 0.330777 0.319349 0.310423 0.303783 0.299272 0.296787 0.296295 0.297835 0.301539 0.307658 0.316615 0.329084 0.346139 0.369515 0.402113 0.449017 0.519721 0.633493 0.834028 1.236298 2.207987 5.114844 9.956870 5.125130 2.228594 1.267298 0.875534 0.685660 0.582756 0.523187 0.487758 0.467067 0.456150 0.452267 0.453907 0.460314 0.471264 0.486988 0.508171 0.536032 0.572488 0.620393 0.683904 0.768902 0.883262 1.036091 1.233570 1.467339 1.697368 1.859973 1.940572 2.049843 2.462752 4.027762 13.261050 13.162522 13.090027 3.671398 1.897901 1.262215 0.960657 0.793956 0.693455 0.630448 0.591435 0.569705 0.562016 0.567125 0.585013 0.616243 0.660979 0.717158 0.777783 0.829329 0.856051 0.851128 0.823491 0.790965 0.768872 0.764920 0.778988 0.803000 0.820996 0.814385 0.773823 0.706354 0.628276 0.553482 0.488944 0.436333 0.394775 0.362643 0.338369 0.320730 0.308910 0.302505 0.301534 0.306492 0.318495 0.339565 0.373177 0.425320 0.506635 0.636887 0.854634 1.237158 1.924794 3.000581 3.716630 2.992683 1.908926 1.213175 0.822313 0.595920 0.456612 0.365721 0.303347 0.258687 0.225552 0.200216 0.180341 0.164402 0.151373 0.140542 0.131407 0.123599 0.116849 0.110952 0.105753 0.101130 0.096988 0.093251 0.089859 0.086762 0.083919 0.081297 0.078868 0.076609 0.074500
0.340285 0.379933 0.426590 0.480711 0.541611 0.606415 0.669070 0.720611 0.752042 0.758991 0.744150 0.714901 0.678812 0.640978 0.603973 0.568914 0.536365 0.506750 0.480412 0.457565 0.438273 0.422459 0.409957 0.400563 0.394077 0.390340 0.389265 0.390854 0.395231 0.402680 0.413700 0.429096 0.450136 0.478811 0.518308 0.573906 0.654776 0.777922 0.977662 1.331498 2.042877 3.761705 8.901104 17.461211 8.932515 3.823965 2.134536 1.449648 1.117370 0.932010 0.814290 0.729316 0.661026 0.602384 0.550708 0.505154 0.465438 0.431296 0.402344 0.378103 0.358063 0.341727 0.328655 0.318473 0.310880 0.305651 0.302639 0.301770 0.303058 0.306618 0.312692 0.321702 0.334334 0.351696 0.375599 0.409108 0.457679 0.531732 0.653140 0.874342 1.348474 2.696262 9.956292 9.961002 9.965988 2.715681 1.377672 0.913412 0.702217 0.591002 0.527396 0.489611 0.467338 0.455267 0.450535 0.451606 0.457762 0.468868 0.485301 0.507983 0.538520 0.579483 0.634898 0.711085 0.818073 0.971825 1.196985 1.526419 1.980406 2.485796 2.788891 2.715109 2.520442 2.619376 3.566361 7.107872 13.213419 6.875315 3.063218 1.767846 1.220551 0.943144 0.785020 0.688520 0.628204 0.591841 0.573465 0.570580 0.583003 0.612418 0.662113 0.736193 0.836660 0.955680 1.063977 1.113741 1.078689 0.986068 0.884469 0.803466 0.750153 0.719929 0.703427 0.689578 0.668491 0.635002 0.590343 0.540042 0.490121 0.444705 0.405709 0.373531 0.347817 0.327982 0.313495 0.304009 0.299453 0.300094 0.306660 0.320534 0.344141 0.381679 0.440627 0.535051 0.693591 0.981261 1.569195 3.004775 7.321305 14.518743 7.313539 2.989176 1.545626 0.949513 0.653376 0.485988 0.382234 0.313354 0.265139 0.229936 0.203337 0.182656 0.166186 0.152796 0.141714 0.132400 0.124462 0.117616 0.111647 0.106393 0.101727 0.097552 0.093788 0.090375 0.087260 0.084402 0.081768 0.079329 0.077060 0.074942
0.320161 0.352335 0.388775 0.429246 0.472700 0.516884 0.558179 0.592065 0.614454 0.623333 0.619565 0.606170 0.586772 0.564395 0.541080 0.518081 0.496181 0.475922 0.457690 0.441749 0.428240 0.417209 0.408627 0.402429 0.398542 0.396915 0.397544 0.400492 0.405927 0.414146 0.425641 0.441173 0.461911 0.489648 0.527192 0.579046 0.652700 0.761194 0.928439 1.200700 1.670253 2.504235 3.801793 4.675972 3.845169 2.590949 1.799563 1.369909 1.131404 0.987362 0.887671 0.807020 0.734311 0.666455 0.603927 0.547957 0.499273 0.457887 0.423301 0.394774 0.371507 0.352757 0.337881 0.326352 0.317754 0.311780 0.308215 0.306941 0.307935 0.311279 0.317189 0.326057 0.338532 0.355666 0.379172 0.411932 0.459006 0.529865 0.643752 0.844338 1.246565 2.218093 5.124650 9.966217 5.133846 2.236504 1.274231 0.881328 0.690177 0.585887 0.524862 0.487954 0.465819 0.453565 0.448543 0.449353 0.455387 0.466626 0.483595 0.507430 0.540093 0.584780 0.646698 0.734548 0.863472 1.061194 1.381240 1.930134 2.900755 4.410714 5.459276 4.604651 3.339421 2.740789 2.818269 3.454293 3.896036 3.154814 2.140399 1.486725 1.113605 0.894577 0.759819 0.674328 0.620272 0.588474 0.574555 0.577279 0.598070 0.641324 0.715438 0.834234 1.016362 1.271885 1.551083 1.688400 1.559749 1.289484 1.043251 0.870434 0.759912 0.690916 0.646277 0.613302 0.583238 0.551235 0.516105 0.479220 0.442908 0.409232 0.379487 0.354247 0.333616 0.317482 0.305703 0.298235 0.295225 0.297111 0.304759 0.319693 0.344514 0.383716 0.445374 0.544969 0.715047 1.033668 1.728814 3.724618 14.522558 14.518611 14.514938 3.709315 1.705702 1.002553 0.675660 0.496960 0.388302 0.317032 0.267546 0.231622 0.204591 0.183641 0.166997 0.153492 0.142332 0.132964 0.124988 0.118115 0.112127 0.106858 0.102182 0.097999 0.094229 0.090810 0.087691 0.084830 0.082193 0.079750 0.077478 0.075357
0.302276 0.328636 0.357573 0.388651 0.420929 0.452832 0.482201 0.506619 0.524027 0.533378 0.534939 0.530051 0.520540 0.508168 0.494348 0.480109 0.466180 0.453087 0.441210 0.430817 0.422085 0.415115 0.409954 0.406616 0.405106 0.405441 0.407668 0.411888 0.418280 0.427136 0.438905 0.454263 0.474215 0.500263 0.534675 0.580930 0.644447 0.733804 0.862620 1.051825 1.328968 1.709379 2.123968 2.340105 2.183475 1.829834 1.512078 1.297047 1.163515 1.074733 1.000632 0.923863 0.840331 0.754546 0.673089 0.600553 0.538747 0.487519 0.445757 0.412061 0.385083 0.363662 0.346857 0.333926 0.324306 0.317581 0.313463 0.311776 0.312449 0.315524 0.321173 0.329732 0.341768 0.358199 0.380497 0.411071 0.453987 0.516414 0.611628 0.765516 1.029971 1.499235 2.229071 2.717136 2.237863 1.516826 1.056378 0.800779 0.655823 0.569674 0.516520 0.483190 0.462656 0.451037 0.446174 0.446936 0.452883 0.464127 0.481317 0.505755 0.539655 0.586671 0.652904 0.748979 0.894553 1.129176 1.541857 2.365456 4.341854 10.221313 20.009875 10.372368 4.668480 2.917820 2.384512 2.277937 2.196133 1.923172 1.548408 1.223588 0.989839 0.830986 0.724266 0.653148 0.607395 0.581278 0.572299 0.580698 0.609772 0.667325 0.769231 0.947429 1.266614 1.844632 2.751240 3.357495 2.754969 1.851983 1.277228 0.960403 0.782657 0.677711 0.611438 0.565368 0.529032 0.496704 0.465815 0.435824 0.407234 0.380842 0.357323 0.337093 0.320350 0.307169 0.297601 0.291768 0.289942 0.292644 0.300783 0.315871 0.340427 0.378714 0.438261 0.533169 0.692104 0.980099 1.568304 3.004111 7.320834 14.518435 7.313371 2.989129 1.545684 0.949663 0.653606 0.486289 0.382597 0.313772 0.265606 0.230447 0.203887 0.183241 0.166802 0.153440 0.142383 0.133090 0.125172 0.118343 0.112389 0.107148 0.102494 0.098328 0.094573 0.091166 0.088056 0.085203 0.082571 0.080133 0.077864 0.075746
0.286813 0.308748 0.332244 0.356865 0.381877 0.406217 0.428572 0.447578 0.462113 0.471583 0.476056 0.476167 0.472885 0.467245 0.460180 0.452447 0.444632 0.437180 0.430423 0.424607 0.419910 0.416455 0.414325 0.413581 0.414274 0.416458 0.420211 0.425648 0.432943 0.442360 0.454285 0.469279 0.488150 0.512063 0.542709 0.582544 0.635112 0.705411 0.800066 0.926526 1.089136 1.278355 1.454473 1.551783 1.535057 1.444388 1.348749 1.286818 1.258777 1.240242 1.199629 1.119123 1.005910 0.881645 0.765133 0.665503 0.584413 0.519969 0.469268 0.429521 0.398417 0.374151 0.355362 0.341033 0.330418 0.322976 0.318334 0.316250 0.316602 0.319385 0.324712 0.332848 0.344248 0.359646 0.380190 0.407676 0.444957 0.496605 0.569978 0.676490 0.831220 1.042253 1.269828 1.381599 1.278321 1.059228 0.856663 0.710398 0.612381 0.547586 0.504682 0.476425 0.458389 0.447923 0.443489 0.444293 0.450090 0.461113 0.478102 0.502436 0.536430 0.583896 0.651255 0.749843 0.901107 1.149699 1.601982 2.567151 5.295189 19.920788 19.968230 20.032425 5.527715 2.935558 2.115694 1.789565 1.599628 1.412879 1.212898 1.028373 0.878746 0.766050 0.684595 0.627831 0.590782 0.570521 0.566217 0.579421 0.615060 0.684024 0.809754 1.046483 1.537832 2.743922 6.374501 12.429441 6.374330 2.743293 1.536073 1.042347 0.801144 0.667670 0.586208 0.531622 0.491250 0.458405 0.429671 0.403544 0.379582 0.357847 0.338555 0.321918 0.308091 0.297195 0.289357 0.284770 0.283754 0.286844 0.294899 0.309292 0.332231 0.367320 0.420645 0.502916 0.633949 0.852339 1.235399 1.923485 2.999653 3.716027 2.992358 1.908841 1.213299 0.822620 0.596386 0.457219 0.366452 0.304188 0.259626 0.226578 0.201320 0.181514 0.165637 0.152663 0.141882 0.132790 0.125022 0.118306 0.112440 0.107267 0.102666 0.098543 0.094823 0.091444 0.088357 0.085521 0.082905 0.080478 0.078220 0.076109
0.273745 0.292363 0.311944 0.332118 0.352342 0.371907 0.389996 0.405803 0.418683 0.428283 0.434604 0.437969 0.438914 0.438061 0.436012 0.433294 0.430337 0.427484 0.424999 0.423085 0.421900 0.421568 0.422190 0.423852 0.426631 0.430606 0.435864 0.442519 0.450728 0.460713 0.472786 0.487381 0.505096 0.526759 0.553521 0.586971 0.629243 0.683025 0.751242 0.836010 0.936271 1.044150 1.142913 1.213296 1.249537 1.269131 1.302337 1.372202 1.476809 1.573826 1.588753 1.478597 1.281986 1.070540 0.887694 0.744165 0.635585 0.554148 0.492861 0.446406 0.410964 0.383839 0.363128 0.347487 0.335963 0.327883 0.322780 0.320348 0.320413 0.322914 0.327907 0.335576 0.346253 0.360475 0.379051 0.403180 0.434607 0.475808 0.530064 0.600991 0.690299 0.791673 0.881531 0.921384 0.889850 0.808274 0.715121 0.633968 0.571155 0.525026 0.492055 0.469080 0.453787 0.444634 0.440688 0.441489 0.446978 0.457486 0.473788 0.497246 0.530092 0.575953 0.640867 0.735340 0.878837 1.110602 1.519150 2.336520 4.303188 10.166940 19.929362 10.247201 4.465992 2.583852 1.847094 1.502079 1.300781 1.147408 1.011203 0.889995 0.787960 0.706756 0.645149 0.600813 0.571687 0.556681 0.556131 0.572432 0.611361 0.685200 0.820792 1.083400 1.664475 3.340954 12.420938 12.418615 12.417756 3.334238 1.653459 1.066790 0.796597 0.650557 0.562362 0.504007 0.461981 0.429238 0.402020 0.378389 0.357442 0.338832 0.322485 0.308443 0.296788 0.287622 0.281087 0.277387 0.276841 0.279936 0.287424 0.300452 0.320782 0.351147 0.395858 0.461800 0.560014 0.707589 0.927073 1.230592 1.559025 1.715378 1.551903 1.216301 0.905514 0.678614 0.523419 0.417324 0.343175 0.289864 0.250425 0.220464 0.197151 0.178618 0.163602 0.151227 0.140874 0.132095 0.124559 0.118020 0.112290 0.107223 0.102706 0.098650 0.094983 0.091648 0.088596 0.085790 0.083197 0.080790 0.078547 0.076448
0.262939 0.279105 0.295889 0.313001 0.330051 0.346564 0.362024 0.375943 0.387937 0.397793 0.405503 0.411243 0.415325 0.418129 0.420036 0.421396 0.422500 0.423582 0.424826 0.426381 0.428372 0.430913 0.434112 0.438073 0.442894 0.448666 0.455480 0.463434 0.472658 0.483325 0.495672 0.510011 0.526738 0.546363 0.569551 0.597200 0.630489 0.670832 0.719601 0.777489 0.843539 0.914337 0.984743 1.051722 1.120567 1.209501 1.349572 1.578984 1.919619 2.298539 2.463380 2.223883 1.769015 1.350943 1.044732 0.834014 0.689159 0.587666 0.514901 0.461639 0.422025 0.392266 0.369853 0.353090 0.340815 0.332223 0.326763 0.324067 0.323908 0.326179 0.330879 0.338112 0.348097 0.361186 0.377892 0.398921 0.425191 0.457795 0.497784 0.545546 0.599432 0.653641 0.696972 0.716262 0.705280 0.670179 0.624064 0.578111 0.538135 0.505844 0.480948 0.462529 0.449668 0.441657 0.438053 0.438680 0.443629 0.453288 0.468414 0.490257 0.520806 0.563212 0.622552 0.707302 0.832237 1.024502 1.336688 1.873776 2.825991 4.306216 5.304932 4.363351 2.939936 2.042586 1.554498 1.279369 1.106201 0.980055 0.877006 0.789209 0.715258 0.655057 0.608152 0.573751 0.551188 0.540379 0.542281 0.559547 0.597781 0.668288 0.794756 1.031561 1.522394 2.727392 6.356287 12.408915 6.350819 2.716101 1.504535 1.005927 0.759582 0.621151 0.535505 0.478133 0.436864 0.405193 0.379516 0.357834 0.339078 0.322712 0.308500 0.296369 0.286334 0.278462 0.272875 0.269760 0.269397 0.272199 0.278774 0.290008 0.307192 0.332199 0.367727 0.417575 0.486760 0.580811 0.702426 0.842348 0.965601 1.014970 0.958659 0.828420 0.681423 0.552598 0.451154 0.374342 0.316575 0.272778 0.239085 0.212727 0.191752 0.174784 0.160845 0.149231 0.139427 0.131051 0.123818 0.117510 0.111958 0.107030 0.102624 0.098657 0.095061 0.091784 0.088779 0.086012 0.083450 0.081070 0.078848 0.076767
0.254220 0.268603 0.283416 0.298438 0.313394 0.327968 0.341834 0.354694 0.366324 0.376604 0.385537 0.393233 0.399888 0.405736 0.411016 0.415936 0.420668 0.425335 0.430032 0.434838 0.439837 0.445127 0.450827 0.457065 0.463964 0.471629 0.480145 0.489586 0.500041 0.511636 0.524547 0.538988 0.555177 0.573320 0.593622 0.616374 0.642073 0.671493 0.705590 0.745208 0.790766 0.842338 0.900797 0.970578 1.064204 1.208901 1.458261 1.916161 2.766627 4.118680 5.012283 4.059450 2.648148 1.739008 1.224767 0.924541 0.738508 0.616657 0.533153 0.473910 0.430812 0.398951 0.375237 0.357654 0.344858 0.335932 0.330255 0.327408 0.327125 0.329256 0.333752 0.340653 0.350079 0.362236 0.377407 0.395943 0.418224 0.444556 0.474956 0.508750 0.543971 0.576812 0.601845 0.613796 0.610366 0.593710 0.568992 0.541584 0.515298 0.492168 0.472987 0.457897 0.446781 0.439481 0.435904 0.436081 0.440203 0.448675 0.462180 0.481792 0.509151 0.546757 0.598454 0.670243 0.771643 0.917824 1.132160 1.445436 1.874366 2.339385 2.574554 2.380120 1.954789 1.562904 1.281603 1.091190 0.958337 0.858818 0.778908 0.712236 0.656398 0.610583 0.574414 0.547626 0.530148 0.522346 0.525354 0.541590 0.575663 0.636178 0.739479 0.917774 1.235878 1.811663 2.714833 3.316344 2.707648 1.796967 1.212999 0.885646 0.696597 0.580534 0.504699 0.452156 0.413689 0.384054 0.360189 0.340293 0.323324 0.308697 0.296111 0.285429 0.276615 0.269704 0.264788 0.262019 0.261623 0.263926 0.269388 0.278644 0.292565 0.312312 0.339383 0.375556 0.422580 0.481239 0.549303 0.618363 0.671949 0.690622 0.665189 0.604803 0.528863 0.453798 0.387973 0.333573 0.289764 0.254746 0.226685 0.204024 0.185535 0.170277 0.157542 0.146793 0.137621 0.129717 0.122841 0.116807 0.111467 0.106708 0.102435 0.098575 0.095066 0.091859 0.088913 0.086193 0.083671 0.081323 0.079128 0.077069
0.247410 0.260534 0.273992 0.287621 0.301231 0.314616 0.327576 0.339939 0.351585 0.362467 0.372611 0.382110 0.391102 0.399739 0.408160 0.416467 0.424714 0.432909 0.441036 0.449085 0.457085 0.465121 0.473337 0.481910 0.491015 0.500781 0.511282 0.522546 0.534604 0.547536 0.561495 0.576659 0.593132 0.610821 0.629401 0.648450 0.667776 0.687767 0.709529 0.734731 0.765381 0.804033 0.854907 0.926474 1.036479 1.222603 1.570284 2.301729 4.122437 9.646917 18.875996 9.598816 4.026590 2.159148 1.383157 0.994818 0.773848 0.636345 0.545167 0.481897 0.436582 0.403463 0.379023 0.361026 0.348002 0.338963 0.333242 0.330387 0.330104 0.332218 0.336644 0.343373 0.352458 0.363999 0.378124 0.394959 0.414570 0.436870 0.461460 0.487425 0.513113 0.536074 0.553396 0.562556 0.562461 0.553952 0.539355 0.521481 0.502780 0.484999 0.469216 0.456029 0.445750 0.438550 0.434558 0.433932 0.436912 0.443876 0.455400 0.472339 0.495948 0.528045 0.571257 0.629350 0.707594 0.812926 0.952986 1.131589 1.336378 1.520180 1.605638 1.549480 1.393901 1.214981 1.058366 0.934826 0.839341 0.763921 0.702350 0.650937 0.607858 0.572337 0.544071 0.522997 0.509272 0.503389 0.506384 0.520157 0.547991 0.595391 0.671406 0.790213 0.970616 1.222677 1.496556 1.626482 1.488089 1.205456 0.944059 0.753414 0.623110 0.533963 0.471387 0.425908 0.391586 0.364704 0.342928 0.324800 0.309417 0.296238 0.284955 0.275407 0.267532 0.261337 0.256883 0.254283 0.253708 0.255399 0.259678 0.266969 0.277811 0.292852 0.312810 0.338332 0.369684 0.406148 0.445121 0.481281 0.506869 0.514293 0.500292 0.468092 0.425248 0.379481 0.336075 0.297594 0.264712 0.237119 0.214119 0.194943 0.178889 0.165361 0.153873 0.144038 0.135547 0.128157 0.121674 0.115945 0.110845 0.106276 0.102155 0.098417 0.095008 0.091883 0.089003 0.086339 0.083863 0.081553 0.079389 0.077356
0.242352 0.254633 0.267207 0.279959 0.292760 0.305484 0.318018 0.330282 0.342238 0.353901 0.365337 0.376653 0.387973 0.399411 0.411042 0.422878 0.434851 0.446830 0.458648 0.470164 0.481326 0.492210 0.503025 0.514062 0.525601 0.537833 0.550807 0.564461 0.578715 0.593596 0.609304 0.626143 0.644269 0.663339 0.682278 0.699465 0.713515 0.724306 0.733515 0.744286 0.760509 0.786643 0.828701 0.896842 1.010827 1.212783 1.603799 2.477898 5.023731 18.882359 18.861049 18.842060 4.943461 2.358442 1.446587 1.020043 0.785568 0.642579 0.548982 0.484612 0.438810 0.405508 0.381046 0.363111 0.350198 0.341297 0.335726 0.333025 0.332890 0.335134 0.339654 0.346418 0.355436 0.366750 0.380404 0.396403 0.414660 0.434918 0.456643 0.478917 0.500378 0.519274 0.533721 0.542163 0.543850 0.539088 0.529095 0.515588 0.500337 0.484864 0.470333 0.457557 0.447075 0.439240 0.434298 0.432465 0.433979 0.439153 0.448432 0.462445 0.482073 0.508526 0.543425 0.588859 0.647308 0.721219 0.811737 0.915923 1.022450 1.109035 1.149266 1.130409 1.064290 0.976359 0.887899 0.809310 0.742883 0.687297 0.640484 0.600804 0.567270 0.539403 0.517038 0.500213 0.489154 0.484326 0.486545 0.497136 0.518145 0.552572 0.604469 0.678344 0.776342 0.890571 0.991517 1.030967 0.982085 0.871465 0.747069 0.638153 0.552334 0.487175 0.437870 0.400061 0.370444 0.346677 0.327152 0.310789 0.296878 0.284965 0.274773 0.266145 0.259009 0.253352 0.249210 0.246660 0.245821 0.246859 0.249985 0.255458 0.263579 0.274662 0.288971 0.306599 0.327259 0.349974 0.372751 0.392456 0.405265 0.407852 0.398871 0.379638 0.353442 0.324077 0.294642 0.267094 0.242371 0.220725 0.202020 0.185947 0.172146 0.160270 0.150006 0.141087 0.133292 0.126436 0.120367 0.114963 0.110120 0.105756 0.101801 0.098198 0.094899 0.091864 0.089059 0.086457 0.084032 0.081765 0.079637 0.077634
0.238922 0.250699 0.262765 0.275035 0.287429 0.299877 0.312336 0.324797 0.337295 0.349915 0.362781 0.376044 0.389857 0.404341 0.419540 0.435390 0.451688 0.468107 0.484248 0.499752 0.514425 0.528342 0.541858 0.555508 0.569816 0.585108 0.601393 0.618402 0.635798 0.653484 0.671843 0.691672 0.713670 0.737524 0.761019 0.780032 0.790294 0.790373 0.783323 0.775387 0.773421 0.783686 0.812762 0.870265 0.973889 1.160154 1.512604 2.251401 4.080347 9.612808 18.849003 9.577853 4.010577 2.147125 1.374321 0.988522 0.769583 0.633717 0.543873 0.481709 0.437324 0.405004 0.381266 0.363898 0.351449 0.342946 0.337730 0.335354 0.335526 0.338061 0.342861 0.349889 0.359150 0.370670 0.384468 0.400518 0.418692 0.438690 0.459961 0.481625 0.502447 0.520901 0.535373 0.544481 0.547423 0.544202 0.535617 0.523039 0.508075 0.492272 0.476921 0.462993 0.451158 0.441853 0.435360 0.431882 0.431607 0.434755 0.441623 0.452622 0.468307 0.489398 0.516782 0.551445 0.594293 0.645713 0.704763 0.767935 0.828010 0.874422 0.896752 0.890316 0.859081 0.812747 0.761189 0.711032 0.665382 0.625059 0.589862 0.559348 0.533164 0.511128 0.493217 0.479533 0.470308 0.465922 0.466955 0.474239 0.488897 0.512302 0.545813 0.589989 0.642866 0.697289 0.739327 0.752552 0.729154 0.676741 0.611538 0.547266 0.490866 0.444086 0.406144 0.375468 0.350477 0.329854 0.312591 0.297951 0.285418 0.274640 0.265391 0.257531 0.250991 0.245746 0.241813 0.239239 0.238100 0.238501 0.240567 0.244442 0.250267 0.258155 0.268135 0.280069 0.293528 0.307661 0.321099 0.332010 0.338398 0.338665 0.332186 0.319558 0.302349 0.282525 0.261887 0.241774 0.223004 0.205970 0.190776 0.177356 0.165557 0.155196 0.146085 0.138051 0.130939 0.124617 0.118968 0.113897 0.109321 0.105172 0.101392 0.097932 0.094750 0.091813 0.089089 0.086554 0.084186 0.081965 0.079877 0.077906
0.237033 0.248601 0.260469 0.272579 0.284881 0.297350 0.309997 0.322878 0.336105 0.349844 0.364306 0.379731 0.396353 0.414354 0.433803 0.454582 0.476333 0.498440 0.520111 0.540571 0.559344 0.576498 0.592697 0.609007 0.626498 0.645816 0.666898 0.689003 0.711133 0.732795 0.754730 0.779057 0.808355 0.843556 0.881063 0.911074 0.921133 0.905605 0.871612 0.833622 0.804477 0.792325 0.802787 0.842674 0.924270 1.071770 1.333911 1.809562 2.678875 4.048510 4.957349 4.017147 2.616045 1.715028 1.207219 0.912087 0.730111 0.611520 0.530670 0.473622 0.432372 0.402102 0.379785 0.363457 0.351810 0.343958 0.339296 0.337416 0.338053 0.341047 0.346318 0.353851 0.363676 0.375849 0.390422 0.407414 0.426749 0.448182 0.471216 0.495000 0.518269 0.539368 0.556418 0.567660 0.571884 0.568806 0.559168 0.544529 0.526837 0.508000 0.489602 0.472791 0.458314 0.446608 0.437905 0.432327 0.429957 0.430888 0.435261 0.443285 0.455246 0.471499 0.492436 0.518392 0.549481 0.585305 0.624527 0.664423 0.700704 0.728096 0.741953 0.740229 0.724407 0.698592 0.667549 0.635147 0.603820 0.574787 0.548517 0.525133 0.504652 0.487104 0.472569 0.461190 0.453180 0.448833 0.448533 0.452758 0.462040 0.476858 0.497369 0.522907 0.551223 0.577779 0.595988 0.599405 0.585221 0.556079 0.518260 0.478184 0.440225 0.406469 0.377426 0.352792 0.331954 0.314262 0.299139 0.286125 0.274868 0.265116 0.256694 0.249490 0.243442 0.238521 0.234729 0.232092 0.230651 0.230466 0.231602 0.234121 0.238070 0.243452 0.250186 0.258062 0.266670 0.275360 0.283220 0.289158 0.292076 0.291145 0.286044 0.277068 0.265021 0.250972 0.235988 0.220951 0.206485 0.192967 0.180579 0.169368 0.159296 0.150283 0.142226 0.135020 0.128561 0.122756 0.117521 0.112782 0.108476 0.104546 0.100946 0.097634 0.094576 0.091741 0.089102 0.086639 0.084330 0.082160 0.080113 0.078178
0.236648 0.248275 0.260228 0.272457 0.284932 0.297659 0.310696 0.324162 0.338255 0.353247 0.369477 0.387332 0.407204 0.429433 0.454205 0.481424 0.510569 0.540595 0.570003 0.597177 0.620998 0.641454 0.659855 0.678433 0.699479 0.724406 0.753079 0.783698 0.813566 0.840860 0.866735 0.896335 0.937526 0.996801 1.071424 1.139202 1.161120 1.115366 1.024641 0.929649 0.855833 0.811294 0.797039 0.814228 0.867863 0.969310 1.138634 1.403606 1.779075 2.188623 2.378829 2.159652 1.720780 1.315208 1.018760 0.815701 0.676905 0.580262 0.511436 0.461430 0.424559 0.397162 0.376829 0.361940 0.351387 0.344410 0.340485 0.339260 0.340514 0.344124 0.350051 0.358324 0.369028 0.382292 0.398266 0.417092 0.438848 0.463461 0.490588 0.519445 0.548638 0.576058 0.598992 0.614589 0.620648 0.616419 0.602932 0.582617 0.558472 0.533270 0.509116 0.487368 0.468764 0.453621 0.442006 0.433868 0.429120 0.427692 0.429554 0.434729 0.443287 0.455321 0.470910 0.490032 0.512454 0.537555 0.564142 0.590312 0.613509 0.630936 0.640291 0.640542 0.632275 0.617361 0.598205 0.577030 0.555498 0.534671 0.515152 0.497267 0.481205 0.467110 0.455123 0.445408 0.438156 0.433592 0.431966 0.433532 0.438497 0.446919 0.458527 0.472468 0.487030 0.499540 0.506733 0.505767 0.495456 0.476851 0.452661 0.426019 0.399473 0.374618 0.352199 0.332393 0.315066 0.299953 0.286763 0.275230 0.265134 0.256302 0.248611 0.241974 0.236340 0.231680 0.227988 0.225272 0.223551 0.222851 0.223195 0.224597 0.227049 0.230500 0.234830 0.239825 0.245146 0.250317 0.254734 0.257727 0.258664 0.257084 0.252809 0.245993 0.237073 0.226660 0.215398 0.203866 0.192516 0.181660 0.171484 0.162081 0.153470 0.145632 0.138517 0.132067 0.126216 0.120903 0.116066 0.111652 0.107612 0.103901 0.100482 0.097321 0.094388 0.091658 0.089108 0.086718 0.084472 0.082355 0.080353 0.078454
0.237779 0.249739 0.262054 0.274672 0.287566 0.300756 0.314336 0.328495 0.343530 0.359852 0.377985 0.398547 0.422207 0.449618 0.481277 0.517299 0.557100 0.599046 0.640353 0.677596 0.708056 0.731348 0.750147 0.769285 0.793803 0.826963 0.868768 0.915242 0.959389 0.995100 1.023120 1.054906 1.111423 1.217743 1.388716 1.585755 1.670891 1.539802 1.296148 1.078458 0.928494 0.838447 0.794075 0.786215 0.811551 0.871409 0.969725 1.107997 1.273107 1.419344 1.472697 1.391994 1.217825 1.023507 0.853814 0.720485 0.619910 0.544850 0.488729 0.446541 0.414699 0.390681 0.372715 0.359556 0.350326 0.344407 0.341373 0.340941 0.342945 0.347314 0.354063 0.363287 0.375157 0.389920 0.407890 0.429431 0.454910 0.484606 0.518545 0.556204 0.596114 0.635420 0.669747 0.693822 0.703126 0.695905 0.674098 0.642381 0.606141 0.569822 0.536302 0.507053 0.482585 0.462865 0.447613 0.436473 0.429104 0.425223 0.424613 0.427122 0.432641 0.441079 0.452322 0.466167 0.482251 0.499959 0.518345 0.536110 0.551694 0.563513 0.570316 0.571517 0.567335 0.558665 0.546759 0.532893 0.518136 0.503275 0.488841 0.475180 0.462529 0.451073 0.440980 0.432421 0.425574 0.420619 0.417729 0.417040 0.418607 0.422329 0.427854 0.434460 0.440982 0.445855 0.447370 0.444147 0.435617 0.422238 0.405281 0.386351 0.366919 0.348066 0.330447 0.314363 0.299886 0.286954 0.275444 0.265222 0.256157 0.248143 0.241095 0.234952 0.229671 0.225229 0.221612 0.218818 0.216850 0.215711 0.215399 0.215901 0.217178 0.219159 0.221718 0.224667 0.227740 0.230593 0.232824 0.234009 0.233767 0.231827 0.228083 0.222621 0.215690 0.207649 0.198901 0.189827 0.180747 0.171904 0.163464 0.155525 0.148135 0.141304 0.135018 0.129246 0.123953 0.119097 0.114637 0.110535 0.106752 0.103257 0.100017 0.097006 0.094200 0.091576 0.089116 0.086802 0.084620 0.082557 0.080601 0.078741
0.240499 0.253095 0.266085 0.279389 0.292958 0.306807 0.321050 0.335943 0.351904 0.369530 0.389604 0.413086 0.441095 0.474853 0.515535 0.563936 0.619842 0.681066 0.742588 0.796923 0.837075 0.861186 0.874993 0.889418 0.915666 0.961317 1.027667 1.107044 1.181936 1.232557 1.254678 1.272709 1.336800 1.520938 1.933936 2.636862 3.101456 2.564091 1.784325 1.287912 1.015450 0.867806 0.790975 0.758924 0.759424 0.786789 0.837483 0.905938 0.979694 1.036549 1.050858 1.010378 0.926579 0.824188 0.724174 0.637179 0.565926 0.509283 0.464889 0.430353 0.403653 0.383202 0.367799 0.356548 0.348795 0.344070 0.342047 0.342521 0.345386 0.350631 0.358337 0.368683 0.381955 0.398563 0.419057 0.444141 0.474662 0.511549 0.555624 0.607179 0.665159 0.725956 0.782273 0.823533 0.839433 0.825600 0.786537 0.732664 0.674651 0.619856 0.571929 0.531941 0.499609 0.474112 0.454523 0.439994 0.429824 0.423456 0.420464 0.420523 0.423375 0.428795 0.436548 0.446349 0.457806 0.470376 0.483338 0.495799 0.506769 0.515296 0.520643 0.522435 0.520728 0.515950 0.508758 0.499872 0.489944 0.479502 0.468938 0.458535 0.448512 0.439049 0.430320 0.422496 0.415752 0.410256 0.406149 0.403523 0.402383 0.402607 0.403885 0.405689 0.407255 0.407653 0.405942 0.401394 0.393706 0.383086 0.370170 0.355817 0.340883 0.326076 0.311888 0.298614 0.286389 0.275247 0.265158 0.256064 0.247900 0.240602 0.234118 0.228403 0.223428 0.219169 0.215613 0.212751 0.210574 0.209073 0.208230 0.208017 0.208384 0.209255 0.210514 0.212005 0.213525 0.214826 0.215635 0.215677 0.214713 0.212575 0.209197 0.204627 0.199012 0.192574 0.185568 0.178247 0.170839 0.163526 0.156445 0.149688 0.143309 0.137333 0.131766 0.126597 0.121807 0.117371 0.113263 0.109455 0.105919 0.102631 0.099567 0.096704 0.094022 0.091505 0.089135 0.086898 0.084782 0.082773 0.080864 0.079043
0.244949 0.258557 0.272613 0.286978 0.301540 0.316266 0.331266 0.346852 0.363589 0.382317 0.404171 0.430600 0.463398 0.504741 0.557125 0.623054 0.704048 0.798458 0.898057 0.986098 1.043069 1.061464 1.054995 1.050069 1.071447 1.135897 1.250369 1.404748 1.558007 1.644506 1.634241 1.584572 1.609513 1.871290 2.766503 5.725030 10.739973 5.620542 2.546808 1.515666 1.091669 0.887790 0.782896 0.731113 0.712377 0.716590 0.737164 0.767486 0.798742 0.819728 0.819900 0.794545 0.747461 0.688115 0.626261 0.568569 0.518242 0.476085 0.441653 0.414021 0.392186 0.375242 0.362433 0.353162 0.346972 0.343528 0.342604 0.344067 0.347877 0.354085 0.362844 0.374430 0.389264 0.407961 0.431379 0.460698 0.497491 0.543782 0.601973 0.674419 0.762162 0.862149 0.962931 1.042109 1.073271 1.043976 0.966763 0.868138 0.770576 0.685588 0.616270 0.561609 0.519268 0.486855 0.462345 0.444159 0.431103 0.422289 0.417055 0.414906 0.415453 0.418368 0.423345 0.430059 0.438131 0.447103 0.456426 0.465474 0.473594 0.480181 0.484763 0.487080 0.487109 0.485033 0.481177 0.475920 0.469622 0.462589 0.455060 0.447220 0.439229 0.431242 0.423425 0.415957 0.409026 0.402813 0.397470 0.393095 0.389705 0.387210 0.385387 0.383874 0.382180 0.379739 0.376007 0.370569 0.363246 0.354132 0.343557 0.331994 0.319952 0.307882 0.296137 0.284956 0.274481 0.264777 0.255862 0.247722 0.240330 0.233651 0.227655 0.222312 0.217600 0.213501 0.209999 0.207082 0.204735 0.202941 0.201676 0.200904 0.200572 0.200609 0.200915 0.201364 0.201801 0.202047 0.201914 0.201219 0.199805 0.197563 0.194452 0.190497 0.185788 0.180466 0.174696 0.168650 0.162488 0.156346 0.150333 0.144528 0.138983 0.133731 0.128784 0.124144 0.119804 0.115751 0.111966 0.108433 0.105131 0.102041 0.099145 0.096426 0.093868 0.091456 0.089175 0.087015 0.084964 0.083011 0.081148 0.079367
0.251350 0.266474 0.282138 0.298098 0.314108 0.330012 0.345853 0.361982 0.379137 0.398479 0.421611 0.450638 0.488297 0.538202 0.605159 0.695332 0.815536 0.969644 1.148684 1.315881 1.410769 1.402034 1.330180 1.266869 1.264489 1.354712 1.563083 1.900169 2.292353 2.503348 2.362747 2.069882 1.916273 2.133053 3.356390 10.847012 10.763403 10.707408 3.055202 1.622103 1.116410 0.884601 0.764702 0.700863 0.669429 0.658510 0.660707 0.669942 0.680069 0.684842 0.679130 0.660633 0.630658 0.593168 0.552853 0.513563 0.477721 0.446468 0.420082 0.398361 0.380898 0.367233 0.356933 0.349630 0.345029 0.342914 0.343144 0.345655 0.350467 0.357690 0.367554 0.380429 0.396888 0.417773 0.444311 0.478283 0.522260 0.579937 0.656504 0.758806 0.894383 1.066927 1.263871 1.437660 1.510497 1.439185 1.267002 1.071822 0.901272 0.767975 0.668291 0.594713 0.540423 0.500246 0.470489 0.448570 0.432683 0.421555 0.414277 0.410184 0.408771 0.409633 0.412416 0.416783 0.422380 0.428823 0.435693 0.442540 0.448919 0.454424 0.458739 0.461668 0.463143 0.463213 0.462002 0.459661 0.456331 0.452122 0.447114 0.441375 0.434982 0.428049 0.420734 0.413239 0.405790 0.398615 0.391913 0.385826 0.380417 0.375654 0.371401 0.367421 0.363401 0.358987 0.353844 0.347719 0.340491 0.332193 0.322998 0.313169 0.303008 0.292802 0.282793 0.273161 0.264027 0.255463 0.247503 0.240155 0.233413 0.227263 0.221686 0.216664 0.212181 0.208222 0.204770 0.201813 0.199332 0.197307 0.195711 0.194506 0.193642 0.193056 0.192663 0.192364 0.192040 0.191562 0.190797 0.189619 0.187923 0.185636 0.182728 0.179214 0.175152 0.170630 0.165759 0.160657 0.155436 0.150199 0.145030 0.139994 0.135138 0.130494 0.126079 0.121902 0.117962 0.114253 0.110765 0.107486 0.104403 0.101501 0.098767 0.096187 0.093748 0.091438 0.089246 0.087161 0.085174 0.083277 0.081460 0.079719
0.260011 0.277363 0.295449 0.313840 0.332036 0.349609 0.366410 0.382775 0.399659 0.418662 0.442020 0.472665 0.514516 0.573104 0.656708 0.778159 0.957018 1.219050 1.578927 1.973606 2.189492 2.068847 1.781775 1.558195 1.487613 1.604130 1.977547 2.760486 4.044219 4.923326 4.098424 2.891315 2.249082 2.190743 2.931782 5.811653 10.783281 5.637771 2.546595 1.502250 1.066784 0.851508 0.733946 0.666952 0.629202 0.609532 0.601046 0.598604 0.597775 0.594678 0.586398 0.571548 0.550503 0.525005 0.497385 0.469826 0.443954 0.420753 0.400689 0.383872 0.370207 0.359508 0.351559 0.346155 0.343130 0.342359 0.343775 0.347372 0.353220 0.361484 0.372456 0.386601 0.404630 0.427618 0.457183 0.495780 0.547190 0.617339 0.715657 0.857228 1.065360 1.370791 1.790079 2.242837 2.461098 2.243896 1.792268 1.374252 1.070300 0.863916 0.724415 0.628535 0.561229 0.513085 0.478186 0.452737 0.434251 0.421052 0.411987 0.406235 0.403195 0.402400 0.403468 0.406060 0.409854 0.414529 0.419761 0.425223 0.430605 0.435631 0.440079 0.443799 0.446703 0.448758 0.449952 0.450270 0.449666 0.448060 0.445358 0.441475 0.436384 0.430145 0.422919 0.414955 0.406562 0.398058 0.389730 0.381798 0.374394 0.367550 0.361203 0.355209 0.349361 0.343426 0.337181 0.330453 0.323147 0.315258 0.306868 0.298121 0.289192 0.280260 0.271484 0.262992 0.254879 0.247208 0.240015 0.233316 0.227117 0.221412 0.216192 0.211446 0.207161 0.203324 0.199921 0.196937 0.194355 0.192151 0.190299 0.188763 0.187497 0.186446 0.185542 0.184704 0.183844 0.182865 0.181672 0.180176 0.178305 0.176008 0.173263 0.170079 0.166491 0.162559 0.158357 0.153966 0.149468 0.144938 0.140440 0.136028 0.131741 0.127610 0.123651 0.119877 0.116291 0.112891 0.109673 0.106628 0.103748 0.101023 0.098442 0.095995 0.093671 0.091461 0.089355 0.087344 0.085421 0.083578 0.081808 0.080105
0.271325 0.291954 0.313740 0.335965 0.357655 0.377813 0.395818 0.411868 0.427226 0.444175 0.465840 0.496170 0.540378 0.606104 0.705871 0.862139 1.118083 1.559669 2.342587 3.560254 4.393842 3.661277 2.559493 1.928066 1.710833 1.832776 2.416677 4.082843 9.267760 17.963937 9.298559 4.155235 2.558684 2.106094 2.234214 2.794133 3.179523 2.593804 1.781158 1.259445 0.964689 0.794614 0.692538 0.629693 0.590826 0.567150 0.553015 0.544317 0.537793 0.530823 0.521525 0.508935 0.493047 0.474627 0.454860 0.434983 0.416039 0.398768 0.383616 0.370797 0.360371 0.352301 0.346510 0.342908 0.341419 0.341990 0.344611 0.349321 0.356228 0.365537 0.377588 0.392914 0.412342 0.437146 0.469295 0.511890 0.569943 0.651837 0.772253 0.958258 1.262467 1.790169 2.732423 4.202319 5.182353 4.202788 2.733428 1.791842 1.265007 0.961931 0.777388 0.658823 0.579217 0.523923 0.484570 0.456136 0.435482 0.420570 0.410035 0.402931 0.398581 0.396477 0.396224 0.397490 0.399986 0.403447 0.407621 0.412275 0.417196 0.422201 0.427143 0.431910 0.436415 0.440577 0.444289 0.447394 0.449663 0.450807 0.450503 0.448465 0.444511 0.438632 0.431011 0.422001 0.412057 0.401660 0.391241 0.381133 0.371554 0.362599 0.354258 0.346441 0.339001 0.331763 0.324558 0.317246 0.309738 0.302000 0.294057 0.285976 0.277851 0.269788 0.261885 0.254230 0.246889 0.239911 0.233328 0.227156 0.221403 0.216070 0.211152 0.206640 0.202526 0.198797 0.195442 0.192444 0.189787 0.187448 0.185401 0.183614 0.182046 0.180651 0.179373 0.178148 0.176908 0.175581 0.174098 0.172394 0.170418 0.168133 0.165524 0.162594 0.159366 0.155879 0.152186 0.148342 0.144407 0.140435 0.136477 0.132574 0.128760 0.125061 0.121494 0.118071 0.114797 0.111674 0.108700 0.105870 0.103179 0.100619 0.098183 0.095863 0.093649 0.091535 0.089512 0.087574 0.085712 0.083923 0.082198 0.080533
0.285741 0.311213 0.338777 0.367309 0.394982 0.419589 0.439384 0.454127 0.465630 0.477448 0.494137 0.520897 0.564109 0.633104 0.744057 0.929013 1.260070 1.926235 3.530593 8.310503 16.269331 8.412681 3.750683 2.302410 1.872359 1.953665 2.634393 4.960433 17.961913 17.950190 17.967806 4.971733 2.647259 1.948723 1.767337 1.785220 1.768597 1.573527 1.285055 1.031926 0.850020 0.727240 0.645364 0.590692 0.554136 0.529677 0.513134 0.501414 0.492112 0.483371 0.473879 0.462905 0.450294 0.436356 0.421696 0.407020 0.392984 0.380115 0.368780 0.359208 0.351518 0.345757 0.341930 0.340023 0.340023 0.341932 0.345777 0.351630 0.359624 0.369981 0.383062 0.399437 0.419998 0.446144 0.480089 0.525405 0.588051 0.678428 0.815884 1.039582 1.438159 2.244622 4.203887 10.082631 19.880892 10.082374 4.203437 2.244104 1.437771 1.039599 0.816658 0.680393 0.591710 0.531314 0.488832 0.458298 0.436095 0.419930 0.408293 0.400157 0.394798 0.391693 0.390443 0.390738 0.392321 0.394977 0.398519 0.402791 0.407660 0.413025 0.418809 0.424953 0.431392 0.438031 0.444699 0.451112 0.456842 0.461324 0.463914 0.464003 0.461166 0.455289 0.446618 0.435709 0.423294 0.410129 0.396872 0.384015 0.371868 0.360577 0.350157 0.340532 0.331568 0.323106 0.314988 0.307077 0.299273 0.291514 0.283782 0.276092 0.268483 0.261008 0.253722 0.246677 0.239917 0.233473 0.227370 0.221622 0.216235 0.211210 0.206544 0.202231 0.198264 0.194631 0.191321 0.188319 0.185609 0.183170 0.180977 0.179002 0.177210 0.175562 0.174011 0.172508 0.171000 0.169432 0.167753 0.165915 0.163880 0.161623 0.159129 0.156401 0.153453 0.150313 0.147014 0.143599 0.140108 0.136583 0.133063 0.129580 0.126161 0.122828 0.119597 0.116480 0.113482 0.110606 0.107853 0.105220 0.102704 0.100299 0.097999 0.095798 0.093690 0.091668 0.089726 0.087857 0.086057 0.084318 0.082638 0.081010
0.303673 0.336306 0.373075 0.412455 0.451155 0.484343 0.507423 0.518886 0.521853 0.522778 0.528922 0.547091 0.584351 0.650477 0.762792 0.957232 1.319893 2.102003 4.320592 16.224064 16.264521 16.322294 4.531629 2.460844 1.898378 1.907318 2.444383 4.085770 9.252675 17.929895 9.237473 4.047509 2.360858 1.721798 1.461410 1.347440 1.260363 1.142654 0.999264 0.861054 0.747163 0.660685 0.597454 0.551959 0.519420 0.496109 0.479165 0.466370 0.455980 0.446655 0.437441 0.427770 0.417435 0.406536 0.395373 0.384350 0.373882 0.364334 0.355992 0.349064 0.343690 0.339956 0.337916 0.337605 0.339056 0.342306 0.347412 0.354462 0.363593 0.375026 0.389109 0.406398 0.427781 0.454675 0.489367 0.535603 0.599710 0.692902 0.836473 1.074934 1.514711 2.466190 5.186927 19.883732 19.883040 19.882590 5.184699 2.462995 1.510745 1.070482 0.831924 0.688759 0.596581 0.534183 0.490401 0.458911 0.435914 0.419023 0.406678 0.397829 0.391744 0.387904 0.385927 0.385528 0.386491 0.388649 0.391878 0.396090 0.401235 0.407294 0.414273 0.422192 0.431052 0.440790 0.451217 0.461943 0.472307 0.481362 0.487950 0.490908 0.489365 0.483025 0.472283 0.458105 0.441743 0.424432 0.407180 0.390683 0.375338 0.361303 0.348569 0.337025 0.326501 0.316811 0.307774 0.299231 0.291054 0.283155 0.275476 0.267992 0.260702 0.253618 0.246763 0.240160 0.233833 0.227800 0.222073 0.216663 0.211572 0.206800 0.202344 0.198200 0.194358 0.190810 0.187543 0.184546 0.181800 0.179289 0.176989 0.174875 0.172918 0.171084 0.169337 0.167635 0.165939 0.164205 0.162395 0.160474 0.158413 0.156191 0.153799 0.151237 0.148514 0.145647 0.142662 0.139588 0.136454 0.133292 0.130131 0.126996 0.123910 0.120890 0.117949 0.115099 0.112346 0.109692 0.107139 0.104686 0.102331 0.100070 0.097899 0.095812 0.093804 0.091871 0.090006 0.088204 0.086462 0.084774 0.083135 0.081543
0.325286 0.368393 0.419986 0.478791 0.539448 0.591281 0.621739 0.625326 0.609110 0.587446 0.573356 0.575564 0.600587 0.656547 0.758213 0.936441 1.262419 1.924456 3.525051 8.300963 16.254770 8.390763 3.716459 2.244969 1.765188 1.722288 2.021932 2.762737 4.014289 4.858869 3.984751 2.692959 1.884318 1.455060 1.228484 1.098731 1.004845 0.915928 0.825102 0.738350 0.662576 0.600687 0.552210 0.515125 0.487074 0.465880 0.449690 0.436972 0.426487 0.417269 0.408616 0.400083 0.391466 0.382763 0.374118 0.365765 0.357967 0.350977 0.345017 0.340268 0.336869 0.334926 0.334525 0.335733 0.338615 0.343237 0.349672 0.358015 0.368393 0.380995 0.396118 0.414244 0.436171 0.463207 0.497511 0.542645 0.604607 0.693886 0.829950 1.052090 1.449063 2.253975 4.211813 10.089297 19.886484 10.087076 4.207415 2.247499 1.440688 1.042107 0.818789 0.682142 0.593041 0.532163 0.489109 0.457900 0.434907 0.417834 0.405174 0.395915 0.389355 0.385005 0.382515 0.381638 0.382200 0.384087 0.387238 0.391639 0.397325 0.404375 0.412909 0.423069 0.434989 0.448724 0.464157 0.480858 0.497918 0.513844 0.526611 0.534009 0.534271 0.526740 0.512146 0.492320 0.469536 0.445870 0.422852 0.401406 0.381959 0.364595 0.349194 0.335532 0.323349 0.312382 0.302394 0.293180 0.284574 0.276450 0.268716 0.261312 0.254204 0.247373 0.240815 0.234531 0.228525 0.222804 0.217371 0.212229 0.207376 0.202812 0.198531 0.194527 0.190792 0.187318 0.184094 0.181105 0.178339 0.175777 0.173400 0.171185 0.169108 0.167140 0.165251 0.163410 0.161583 0.159737 0.157843 0.155874 0.153807 0.151628 0.149327 0.146904 0.144365 0.141721 0.138990 0.136192 0.133350 0.130487 0.127624 0.124782 0.121977 0.119226 0.116538 0.113923 0.111386 0.108932 0.106561 0.104274 0.102068 0.099942 0.097891 0.095911 0.094000 0.092151 0.090360 0.088624 0.086937 0.085297 0.083699 0.082140
0.350096 0.407998 0.483218 0.577781 0.685752 0.784030 0.834709 0.817095 0.753340 0.683008 0.631320 0.607172 0.613009 0.652136 0.733344 0.876345 1.122362 1.555940 2.331624 3.541710 4.365959 3.620055 2.496698 1.826403 1.531317 1.477972 1.608877 1.896597 2.248364 2.414951 2.211625 1.812912 1.453635 1.201672 1.037474 0.927524 0.845237 0.774517 0.708946 0.648324 0.594491 0.548752 0.511223 0.481149 0.457371 0.438643 0.423796 0.411802 0.401796 0.393088 0.385161 0.377671 0.370438 0.363419 0.356679 0.350354 0.344615 0.339646 0.335620 0.332692 0.331000 0.330662 0.331784 0.334461 0.338785 0.344846 0.352733 0.362538 0.374366 0.388348 0.404685 0.423718 0.446051 0.472752 0.505650 0.547816 0.604352 0.683845 0.801242 0.983900 1.284696 1.809127 2.748401 4.215691 5.193526 4.212157 2.741348 1.798608 1.270841 0.966975 0.781708 0.662408 0.581988 0.525744 0.485256 0.455467 0.433217 0.416461 0.403841 0.394436 0.387613 0.382932 0.380093 0.378893 0.379209 0.380985 0.384225 0.388996 0.395430 0.403729 0.414169 0.427085 0.442844 0.461776 0.484022 0.509301 0.536550 0.563544 0.586760 0.601875 0.605139 0.595057 0.573172 0.543280 0.509745 0.476123 0.444655 0.416411 0.391658 0.370219 0.351711 0.335688 0.321717 0.309410 0.298435 0.288518 0.279443 0.271038 0.263179 0.255771 0.248751 0.242076 0.235718 0.229660 0.223893 0.218409 0.213204 0.208273 0.203612 0.199216 0.195079 0.191192 0.187550 0.184141 0.180955 0.177980 0.175203 0.172607 0.170176 0.167890 0.165727 0.163664 0.161676 0.159737 0.157820 0.155902 0.153957 0.151964 0.149908 0.147774 0.145556 0.143253 0.140868 0.138408 0.135887 0.133318 0.130718 0.128104 0.125492 0.122898 0.120336 0.117817 0.115350 0.112944 0.110601 0.108327 0.106123 0.103988 0.101921 0.099920 0.097983 0.096106 0.094286 0.092518 0.090799 0.089125 0.087492 0.085898 0.084338 0.082811
0.376364 0.453636 0.564594 0.724567 0.941944 1.177408 1.299287 1.209071 1.006561 0.824873 0.705122 0.641332 0.621633 0.639577 0.695655 0.797782 0.962356 1.212986 1.562701 1.946944 2.150344 2.012542 1.699089 1.431089 1.279624 1.238128 1.285205 1.391059 1.501486 1.539955 1.463339 1.306707 1.136402 0.991851 0.881036 0.797285 0.731042 0.674878 0.624790 0.579543 0.539280 0.504367 0.474852 0.450396 0.430396 0.414131 0.400869 0.389929 0.380716 0.372740 0.365626 0.359114 0.353054 0.347393 0.342157 0.337431 0.333333 0.330000 0.327576 0.326200 0.326009 0.327131 0.329694 0.333820 0.339633 0.347250 0.356781 0.368323 0.381950 0.397716 0.415678 0.435953 0.458836 0.485001 0.515781 0.553556 0.602276 0.668243 0.761386 0.897306 1.099766 1.399849 1.814338 2.262969 2.477802 2.257840 1.804039 1.384333 1.079047 0.871556 0.731047 0.634137 0.565670 0.516141 0.479557 0.452069 0.431152 0.415117 0.402821 0.393478 0.386549 0.381665 0.378585 0.377162 0.377328 0.379088 0.382518 0.387773 0.395099 0.404849 0.417507 0.433693 0.454170 0.479785 0.511315 0.549107 0.592385 0.638221 0.680573 0.710608 0.719687 0.704114 0.667615 0.618860 0.566701 0.517200 0.473290 0.435741 0.404188 0.377819 0.355734 0.337107 0.321232 0.307533 0.295549 0.284916 0.275351 0.266638 0.258609 0.251144 0.244151 0.237564 0.231339 0.225442 0.219849 0.214545 0.209515 0.204752 0.200244 0.195985 0.191965 0.188178 0.184612 0.181260 0.178111 0.175152 0.172371 0.169755 0.167287 0.164951 0.162728 0.160599 0.158543 0.156538 0.154564 0.152600 0.150627 0.148629 0.146592 0.144507 0.142366 0.140168 0.137914 0.135611 0.133266 0.130890 0.128494 0.126092 0.123694 0.121315 0.118962 0.116647 0.114376 0.112155 0.109988 0.107879 0.105827 0.103833 0.101896 0.100014 0.098185 0.096405 0.094672 0.092982 0.091332 0.089718 0.088137 0.086586 0.085063 0.083565
0.400533 0.499685 0.657934 0.927320 1.402195 2.138549 2.635269 2.168481 1.463151 1.021591 0.789252 0.673616 0.625100 0.621013 0.652508 0.718233 0.820578 0.960588 1.127255 1.282049 1.362614 1.335102 1.236066 1.130443 1.058754 1.032125 1.044937 1.081001 1.114943 1.119078 1.079191 1.003914 0.914591 0.829051 0.755354 0.694187 0.643014 0.598917 0.559863 0.524890 0.493739 0.466404 0.442840 0.422845 0.406077 0.392105 0.380468 0.370717 0.362447 0.355314 0.349049 0.343459 0.338426 0.333904 0.329903 0.326480 0.323726 0.321752 0.320683 0.320655 0.321805 0.324280 0.328231 0.333817 0.341202 0.350549 0.362010 0.375702 0.391688 0.409937 0.430318 0.452624 0.476681 0.502570 0.530953 0.563437 0.602893 0.653709 0.721967 0.815397 0.942270 1.106790 1.296695 1.464560 1.532592 1.457508 1.282445 1.085102 0.912909 0.778297 0.677430 0.602627 0.546911 0.504970 0.473006 0.448354 0.429156 0.414117 0.402336 0.393188 0.386246 0.381226 0.377957 0.376352 0.376405 0.378183 0.381837 0.387618 0.395899 0.407215 0.422311 0.442206 0.468260 0.502219 0.546158 0.602118 0.671038 0.750412 0.830660 0.892977 0.915155 0.886713 0.818148 0.731682 0.646129 0.571074 0.509020 0.459014 0.418991 0.386840 0.360769 0.339357 0.321514 0.306413 0.293431 0.282095 0.272047 0.263018 0.254804 0.247252 0.240248 0.233707 0.227567 0.221783 0.216319 0.211151 0.206258 0.201626 0.197241 0.193092 0.189169 0.185463 0.181963 0.178660 0.175544 0.172602 0.169824 0.167197 0.164706 0.162337 0.160073 0.157900 0.155798 0.153751 0.151741 0.149752 0.147769 0.145778 0.143768 0.141731 0.139662 0.137558 0.135420 0.133252 0.131058 0.128847 0.126627 0.124407 0.122196 0.120003 0.117835 0.115701 0.113605 0.111552 0.109545 0.107586 0.105676 0.103814 0.101999 0.100230 0.098504 0.096818 0.095169 0.093554 0.091970 0.090414 0.088882 0.087373 0.085884 0.084413
0.417419 0.535128 0.739820 1.146443 2.122267 5.030986 9.872898 5.058964 2.179108 1.233987 0.861001 0.694197 0.620247 0.597365 0.608489 0.646319 0.706957 0.785439 0.871263 0.945836 0.987826 0.987539 0.955683 0.914250 0.881571 0.865972 0.866731 0.876529 0.884024 0.877988 0.852636 0.810248 0.758474 0.705237 0.655577 0.611384 0.572557 0.538240 0.507595 0.480097 0.455507 0.433736 0.414704 0.398275 0.384239 0.372329 0.362253 0.353713 0.346437 0.340186 0.334769 0.330048 0.325935 0.322396 0.319439 0.317110 0.315484 0.314663 0.314764 0.315923 0.318292 0.322037 0.327345 0.334424 0.343500 0.354809 0.368586 0.385024 0.404220 0.426096 0.450309 0.476202 0.502878 0.529489 0.555734 0.582391 0.611594 0.646690 0.691714 0.750526 0.825294 0.913671 1.004554 1.075638 1.100429 1.066302 0.985552 0.884406 0.785050 0.698709 0.628206 0.572278 0.528371 0.493903 0.466705 0.445085 0.427778 0.413862 0.402679 0.393772 0.386837 0.381683 0.378213 0.376408 0.376322 0.378088 0.381932 0.388201 0.397402 0.410272 0.427867 0.451706 0.483976 0.527808 0.587592 0.669113 0.778739 0.919597 1.081136 1.223368 1.280861 1.217262 1.068927 0.901292 0.754342 0.638623 0.550995 0.485071 0.435038 0.396469 0.366186 0.341948 0.322172 0.305729 0.291808 0.279816 0.269319 0.259993 0.251596 0.243949 0.236916 0.230395 0.224311 0.218607 0.213239 0.208174 0.203388 0.198859 0.194572 0.190513 0.186669 0.183031 0.179586 0.176326 0.173239 0.170315 0.167543 0.164911 0.162407 0.160017 0.157728 0.155526 0.153395 0.151323 0.149294 0.147295 0.145313 0.143338 0.141360 0.139373 0.137372 0.135354 0.133319 0.131269 0.129208 0.127141 0.125074 0.123014 0.120967 0.118939 0.116937 0.114965 0.113028 0.111128 0.109269 0.107450 0.105673 0.103936 0.102238 0.100576 0.098949 0.097354 0.095786 0.094245 0.092725 0.091224 0.089740 0.088271 0.086813 0.085367
0.421955 0.546959 0.771927 1.249900 2.600750 9.854802 9.866889 9.880707 2.653250 1.330416 0.882676 0.691057 0.603520 0.568642 0.565458 0.584043 0.618380 0.662809 0.709975 0.750595 0.776025 0.782643 0.774060 0.758537 0.744127 0.735411 0.732774 0.733149 0.731535 0.723072 0.705147 0.678349 0.645675 0.610763 0.576469 0.544383 0.515056 0.488457 0.464362 0.442565 0.422941 0.405420 0.389934 0.376393 0.364664 0.354579 0.345949 0.338581 0.332290 0.326915 0.322322 0.318417 0.315138 0.312466 0.310411 0.309019 0.308361 0.308534 0.309659 0.311879 0.315364 0.320312 0.326957 0.335573 0.346477 0.360029 0.376613 0.396598 0.420243 0.447545 0.478008 0.510398 0.542666 0.572323 0.597406 0.617661 0.635085 0.653319 0.676301 0.706893 0.745709 0.789988 0.832712 0.863235 0.870992 0.851252 0.808110 0.751560 0.691849 0.635929 0.587071 0.546005 0.512152 0.484442 0.461749 0.443083 0.427646 0.414835 0.404218 0.395502 0.388509 0.383147 0.379398 0.377310 0.376998 0.378656 0.382582 0.389213 0.399186 0.413440 0.433358 0.461024 0.499627 0.554153 0.632534 0.747449 0.918497 1.171517 1.520423 1.897598 2.077666 1.891595 1.508411 1.153482 0.894413 0.717276 0.596212 0.511598 0.450721 0.405611 0.371234 0.344348 0.322811 0.305173 0.290430 0.277872 0.266988 0.257406 0.248850 0.241117 0.234052 0.227540 0.221495 0.215850 0.210555 0.205571 0.200867 0.196421 0.192212 0.188225 0.184447 0.180864 0.177465 0.174241 0.171181 0.168274 0.165510 0.162878 0.160368 0.157966 0.155662 0.153444 0.151298 0.149213 0.147176 0.145178 0.143206 0.141253 0.139311 0.137373 0.135436 0.133497 0.131556 0.129613 0.127670 0.125732 0.123801 0.121883 0.119983 0.118104 0.116252 0.114429 0.112638 0.110881 0.109159 0.107473 0.105822 0.104204 0.102618 0.101062 0.099531 0.098024 0.096537 0.095067 0.093610 0.092164 0.090726 0.089294 0.087866 0.086441
0.411980 0.529050 0.732979 1.138679 2.113366 5.020660 9.860756 5.044464 2.161496 1.212193 0.833494 0.658769 0.573693 0.535054 0.523845 0.530416 0.548778 0.574021 0.601163 0.625129 0.641777 0.649342 0.649034 0.644127 0.638164 0.633448 0.630424 0.627859 0.623557 0.615349 0.602011 0.583689 0.561662 0.537685 0.513356 0.489784 0.467571 0.446955 0.427985 0.410641 0.394894 0.380716 0.368070 0.356901 0.347127 0.338644 0.331330 0.325061 0.319714 0.315181 0.311375 0.308231 0.305713 0.303814 0.302552 0.301976 0.302159 0.303201 0.305229 0.308401 0.312911 0.318997 0.326953 0.337141 0.350008 0.366099 0.386058 0.410597 0.440394 0.475851 0.516627 0.560936 0.604889 0.642733 0.668907 0.681317 0.683008 0.680373 0.679698 0.684819 0.696476 0.712529 0.728502 0.738656 0.737865 0.723727 0.697530 0.663315 0.625861 0.589047 0.555233 0.525433 0.499761 0.477858 0.459188 0.443208 0.429461 0.417601 0.407397 0.398716 0.391506 0.385777 0.381594 0.379071 0.378381 0.379772 0.383600 0.390379 0.400855 0.416141 0.437918 0.468808 0.513016 0.577577 0.674807 0.827433 1.079664 1.520004 2.309091 3.541993 4.362991 3.536054 2.297197 1.502123 1.055744 0.797400 0.638561 0.534986 0.463910 0.412975 0.375098 0.346018 0.323057 0.304470 0.289085 0.276089 0.264909 0.255133 0.246458 0.238660 0.231573 0.225070 0.219056 0.213459 0.208221 0.203301 0.198664 0.194284 0.190138 0.186210 0.182483 0.178946 0.175586 0.172393 0.169356 0.166465 0.163710 0.161082 0.158569 0.156163 0.153851 0.151625 0.149472 0.147384 0.145349 0.143358 0.141404 0.139477 0.137573 0.135684 0.133809 0.131944 0.130089 0.128243 0.126408 0.124585 0.122779 0.120991 0.119224 0.117482 0.115768 0.114083 0.112429 0.110807 0.109216 0.107657 0.106128 0.104626 0.103150 0.101696 0.100261 0.098842 0.097434 0.096035 0.094640 0.093248 0.091854 0.090458 0.089057 0.087650
0.389684 0.487571 0.644314 0.911878 1.384514 2.118069 2.611225 2.139820 1.428398 0.978656 0.735128 0.603931 0.533421 0.497833 0.483807 0.483779 0.492825 0.507108 0.523217 0.538102 0.549455 0.556195 0.558616 0.558011 0.555924 0.553465 0.550936 0.547851 0.543252 0.536161 0.526008 0.512841 0.497263 0.480174 0.462486 0.444930 0.428002 0.411987 0.397033 0.383208 0.370544 0.359049 0.348717 0.339520 0.331413 0.324332 0.318203 0.312947 0.308486 0.304749 0.301682 0.299246 0.297423 0.296219 0.295661 0.295803 0.296722 0.298525 0.301351 0.305374 0.310818 0.317967 0.327186 0.338948 0.353870 0.372759 0.396658 0.426888 0.465001 0.512544 0.570321 0.636781 0.705513 0.763765 0.796453 0.796584 0.771611 0.736964 0.705490 0.683275 0.670936 0.665995 0.664571 0.662522 0.656450 0.644517 0.626753 0.604661 0.580383 0.555914 0.532665 0.511383 0.492286 0.475266 0.460062 0.446391 0.434028 0.422835 0.412762 0.403835 0.396136 0.389783 0.384924 0.381740 0.380453 0.381354 0.384840 0.391472 0.402071 0.417866 0.440747 0.473725 0.521786 0.593631 0.705469 0.890160 1.222168 1.897371 3.542151 8.483127 16.720282 8.477222 3.530318 1.879560 1.198304 0.860138 0.669151 0.550839 0.472300 0.417279 0.377020 0.346481 0.322590 0.303393 0.287600 0.274330 0.262969 0.253077 0.244335 0.236506 0.229415 0.222929 0.216946 0.211391 0.206202 0.201335 0.196752 0.192425 0.188330 0.184448 0.180764 0.177264 0.173936 0.170768 0.167750 0.164873 0.162128 0.159504 0.156994 0.154586 0.152273 0.150045 0.147892 0.145806 0.143779 0.141803 0.139869 0.137972 0.136106 0.134268 0.132452 0.130657 0.128882 0.127126 0.125391 0.123676 0.121983 0.120315 0.118673 0.117060 0.115475 0.113921 0.112397 0.110904 0.109441 0.108005 0.106596 0.105209 0.103842 0.102491 0.101152 0.099821 0.098493 0.097165 0.095833 0.094493 0.093143 0.091781 0.090404 0.089013
0.360160 0.435566 0.544309 0.701612 0.915717 1.147102 1.263806 1.166901 0.955584 0.762078 0.626156 0.539796 0.487940 0.459103 0.445709 0.442752 0.446683 0.454717 0.464508 0.474094 0.482032 0.487557 0.490608 0.491643 0.491309 0.490113 0.488225 0.485453 0.481381 0.475574 0.467776 0.458026 0.446642 0.434118 0.420995 0.407754 0.394766 0.382289 0.370487 0.359463 0.349279 0.339969 0.331545 0.324004 0.317325 0.311472 0.306405 0.302073 0.298432 0.295438 0.293059 0.291278 0.290091 0.289514 0.289583 0.290358 0.291924 0.294393 0.297918 0.302691 0.308969 0.317083 0.327479 0.340754 0.357729 0.379547 0.407812 0.444786 0.493605 0.558375 0.643619 0.751631 0.875270 0.987080 1.042030 1.015143 0.931575 0.836449 0.757137 0.700421 0.663301 0.640179 0.625602 0.615057 0.605239 0.594161 0.581089 0.566258 0.550426 0.534444 0.518971 0.504355 0.490664 0.477782 0.465522 0.453729 0.442334 0.431378 0.420995 0.411387 0.402784 0.395426 0.389550 0.385396 0.383227 0.383358 0.386200 0.392332 0.402592 0.418245 0.441252 0.474760 0.524045 0.598453 0.715783 0.913342 1.280506 2.078184 4.363838 16.720948 16.717946 16.715058 4.352027 2.060387 1.256625 0.883242 0.679288 0.555342 0.474048 0.417552 0.376449 0.345399 0.321187 0.301783 0.285855 0.272499 0.261087 0.251169 0.242420 0.234600 0.227529 0.221073 0.215127 0.209613 0.204468 0.199646 0.195108 0.190824 0.186770 0.182926 0.179276 0.175805 0.172502 0.169354 0.166353 0.163488 0.160751 0.158133 0.155625 0.153220 0.150908 0.148682 0.146534 0.144456 0.142441 0.140482 0.138572 0.136707 0.134881 0.133091 0.131334 0.129606 0.127907 0.126237 0.124594 0.122980 0.121395 0.119841 0.118317 0.116825 0.115365 0.113937 0.112540 0.111174 0.109835 0.108523 0.107233 0.105963 0.104706 0.103460 0.102219 0.100978 0.099733 0.098477 0.097208 0.095922 0.094615 0.093284 0.091930 0.090550
0.328613 0.384083 0.456428 0.547541 0.651306 0.744362 0.788446 0.762343 0.687450 0.602208 0.530134 0.477471 0.442399 0.421124 0.410089 0.406414 0.407798 0.412345 0.418461 0.424837 0.430509 0.434900 0.437823 0.439381 0.439813 0.439330 0.438010 0.435775 0.432445 0.427831 0.421831 0.414489 0.405992 0.396634 0.386751 0.376663 0.366641 0.356896 0.347580 0.338800 0.330629 0.323113 0.316280 0.310140 0.304690 0.299915 0.295795 0.292303 0.289414 0.287107 0.285366 0.284188 0.283582 0.283572 0.284202 0.285537 0.287667 0.290714 0.294840 0.300259 0.307254 0.316205 0.327635 0.342271 0.361152 0.385801 0.418505 0.462796 0.524243 0.611695 0.738783 0.923450 1.175405 1.448065 1.585914 1.472305 1.223922 0.996256 0.835753 0.732404 0.667774 0.627560 0.602138 0.585196 0.572668 0.562081 0.552128 0.542309 0.532586 0.523082 0.513880 0.504913 0.495966 0.486756 0.477025 0.466646 0.455672 0.444330 0.432980 0.422040 0.411929 0.403029 0.395670 0.390146 0.386741 0.385771 0.387631 0.392872 0.402295 0.417107 0.439176 0.471492 0.519023 0.590452 0.701972 0.886427 1.218269 1.893364 3.538082 8.479031 16.716186 8.473144 3.526270 1.875547 1.194328 0.856196 0.665237 0.546949 0.468428 0.413419 0.373169 0.342636 0.318753 0.299567 0.283790 0.270544 0.259215 0.249365 0.240674 0.232905 0.225883 0.219473 0.213571 0.208100 0.202998 0.198215 0.193715 0.189467 0.185446 0.181631 0.178007 0.174559 0.171274 0.168142 0.165153 0.162297 0.159567 0.156954 0.154451 0.152049 0.149741 0.147520 0.145379 0.143312 0.141311 0.139372 0.137489 0.135657 0.133871 0.132129 0.130428 0.128766 0.127141 0.125552 0.123998 0.122481 0.120999 0.119553 0.118143 0.116769 0.115431 0.114127 0.112856 0.111616 0.110404 0.109216 0.108049 0.106897 0.105755 0.104618 0.103479 0.102332 0.101172 0.099993 0.098790 0.097557 0.096293 0.094994 0.093658 0.092287
0.298611 0.338762 0.386881 0.441542 0.497176 0.542813 0.565492 0.559127 0.529924 0.490958 0.453292 0.422563 0.400217 0.385624 0.377435 0.374186 0.374513 0.377199 0.381185 0.385592 0.389750 0.393223 0.395796 0.397430 0.398177 0.398106 0.397241 0.395547 0.392945 0.389357 0.384754 0.379181 0.372762 0.365685 0.358169 0.350432 0.342672 0.335056 0.327713 0.320742 0.314216 0.308188 0.302690 0.297744 0.293357 0.289529 0.286254 0.283522 0.281323 0.279648 0.278495 0.277873 0.277797 0.278300 0.279430 0.281257 0.283877 0.287417 0.292049 0.298000 0.305577 0.315202 0.327463 0.343200 0.363652 0.390706 0.427348 0.478515 0.552792 0.665954 0.848606 1.161933 1.716914 2.579247 3.158209 2.600480 1.759356 1.225502 0.933092 0.770929 0.677510 0.621833 0.587695 0.566128 0.551943 0.542093 0.534833 0.529208 0.524694 0.520932 0.517536 0.514005 0.509732 0.504099 0.496639 0.487170 0.475865 0.463213 0.449898 0.436656 0.424162 0.412971 0.403511 0.396111 0.391049 0.388606 0.389125 0.393085 0.401186 0.414493 0.434642 0.464208 0.507359 0.571093 0.667692 0.819855 1.071764 1.511897 2.300868 3.533726 4.354732 3.527839 2.289048 1.494049 1.047747 0.789473 0.630694 0.527166 0.456123 0.405211 0.367349 0.338280 0.315331 0.296764 0.281409 0.268458 0.257342 0.247649 0.239078 0.231403 0.224457 0.218109 0.212261 0.206836 0.201774 0.197028 0.192560 0.188341 0.184345 0.180552 0.176947 0.173515 0.170243 0.167122 0.164141 0.161292 0.158567 0.155958 0.153457 0.151059 0.148756 0.146541 0.144410 0.142355 0.140371 0.138453 0.136597 0.134799 0.133054 0.131361 0.129715 0.128116 0.126562 0.125052 0.123586 0.122162 0.120780 0.119441 0.118143 0.116886 0.115669 0.114490 0.113346 0.112235 0.111152 0.110093 0.109053 0.108026 0.107005 0.105983 0.104952 0.103906 0.102838 0.101739 0.100605 0.099429 0.098208 0.096939 0.095620 0.094252
0.271895 0.301095 0.333857 0.368492 0.401485 0.427690 0.442072 0.442495 0.431171 0.413203 0.393789 0.376473 0.362940 0.353567 0.348024 0.345662 0.345737 0.347504 0.350282 0.353482 0.356638 0.359420 0.361632 0.363182 0.364047 0.364227 0.363720 0.362501 0.360538 0.357803 0.354298 0.350065 0.345194 0.339813 0.334071 0.328122 0.322113 0.316172 0.310408 0.304906 0.299736 0.294948 0.290579 0.286656 0.283193 0.280201 0.277682 0.275638 0.274067 0.272974 0.272364 0.272252 0.272661 0.273628 0.275205 0.277464 0.280503 0.284455 0.289494 0.295858 0.303868 0.313972 0.326802 0.343275 0.364773 0.393450 0.432825 0.488983 0.573193 0.708217 0.945537 1.420455 2.565478 5.986915 11.684790 6.005822 2.603260 1.477027 1.020724 0.801712 0.684511 0.617436 0.577525 0.553362 0.538802 0.530377 0.526083 0.524726 0.525516 0.527769 0.530699 0.533305 0.534401 0.532793 0.527574 0.518406 0.505642 0.490220 0.473376 0.456356 0.440202 0.425682 0.413308 0.403407 0.396200 0.391885 0.390706 0.393020 0.399380 0.410638 0.428101 0.453781 0.490805 0.544104 0.621558 0.735801 0.906388 1.159120 1.507876 1.885007 2.065109 1.879123 1.496054 1.141252 0.882307 0.705282 0.584310 0.499765 0.438936 0.393854 0.359492 0.332615 0.311089 0.293472 0.278769 0.266275 0.255485 0.246029 0.237633 0.230090 0.223243 0.216973 0.211186 0.205811 0.200788 0.196075 0.191634 0.187437 0.183459 0.179682 0.176089 0.172666 0.169402 0.166286 0.163309 0.160463 0.157740 0.155133 0.152635 0.150240 0.147941 0.145733 0.143611 0.141570 0.139603 0.137708 0.135880 0.134116 0.132412 0.130766 0.129176 0.127639 0.126155 0.124723 0.123342 0.122010 0.120728 0.119495 0.118309 0.117170 0.116076 0.115024 0.114011 0.113033 0.112086 0.111163 0.110258 0.109364 0.108473 0.107576 0.106663 0.105727 0.104757 0.103746 0.102686 0.101571 0.100395 0.099155 0.097850 0.096480
0.248938 0.270546 0.293638 0.316921 0.338338 0.355366 0.365815 0.368819 0.365288 0.357449 0.347850 0.338557 0.330842 0.325268 0.321898 0.320505 0.320712 0.322089 0.324207 0.326679 0.329181 0.331471 0.333381 0.334814 0.335717 0.336064 0.335837 0.335019 0.333594 0.331558 0.328922 0.325728 0.322041 0.317954 0.313572 0.309009 0.304374 0.299767 0.295278 0.290979 0.286933 0.283187 0.279779 0.276738 0.274084 0.271832 0.269991 0.268570 0.267576 0.267018 0.266908 0.267267 0.268121 0.269509 0.271485 0.274121 0.277516 0.281801 0.287152 0.293807 0.302091 0.312459 0.325555 0.342325 0.364198 0.393425 0.433727 0.491635 0.579512 0.723188 0.984438 1.543454 3.130347 11.671054 11.679234 11.688192 3.164608 1.594800 1.052793 0.808424 0.681437 0.610004 0.568270 0.543904 0.530483 0.524480 0.523889 0.527515 0.534514 0.544042 0.554964 0.565658 0.574022 0.577789 0.575152 0.565421 0.549306 0.528636 0.505694 0.482586 0.460890 0.441607 0.425270 0.412113 0.402216 0.395620 0.392406 0.392768 0.397063 0.405892 0.420195 0.441389 0.471571 0.513795 0.572379 0.653043 0.762098 0.902619 1.064004 1.206223 1.263801 1.200353 1.052202 0.884761 0.737995 0.622436 0.534936 0.469103 0.419126 0.380583 0.350306 0.326063 0.306284 0.289855 0.275975 0.264062 0.253688 0.244532 0.236355 0.228974 0.222247 0.216066 0.210346 0.205021 0.200036 0.195351 0.190931 0.186749 0.182783 0.179014 0.175426 0.172006 0.168744 0.165628 0.162650 0.159803 0.157079 0.154471 0.151974 0.149580 0.147285 0.145084 0.142972 0.140943 0.138995 0.137122 0.135323 0.133592 0.131929 0.130331 0.128795 0.127320 0.125906 0.124551 0.123254 0.122015 0.120833 0.119707 0.118635 0.117617 0.116650 0.115730 0.114854 0.114017 0.113214 0.112437 0.111679 0.110931 0.110182 0.109422 0.108641 0.107826 0.106967 0.106053 0.105075 0.104025 0.102897 0.101686 0.100392 0.099013
0.229549 0.245928 0.262840 0.279403 0.294419 0.306584 0.314853 0.318832 0.318938 0.316232 0.312026 0.307512 0.303547 0.300620 0.298913 0.298389 0.298879 0.300144 0.301924 0.303968 0.306054 0.308005 0.309690 0.311019 0.311935 0.312404 0.312403 0.311918 0.310941 0.309474 0.307535 0.305159 0.302396 0.299317 0.296000 0.292528 0.288987 0.285456 0.282006 0.278701 0.275595 0.272732 0.270148 0.267873 0.265930 0.264336 0.263106 0.262253 0.261788 0.261726 0.262082 0.262877 0.264142 0.265915 0.268249 0.271215 0.274908 0.279456 0.285028 0.291855 0.300254 0.310664 0.323713 0.340312 0.361836 0.390432 0.429614 0.485459 0.569224 0.703661 0.940240 1.414250 2.558187 5.978349 11.674762 5.994158 2.589823 1.461747 1.003649 0.783056 0.664719 0.597237 0.557983 0.535899 0.525205 0.522777 0.526933 0.536758 0.551641 0.570843 0.593024 0.615792 0.635509 0.647773 0.648780 0.637003 0.613985 0.583540 0.550068 0.517169 0.487146 0.461138 0.439515 0.422226 0.409057 0.399781 0.394245 0.392421 0.394444 0.400647 0.411609 0.428207 0.451684 0.483681 0.526180 0.581139 0.649422 0.728453 0.808586 0.870960 0.893314 0.865121 0.796839 0.710657 0.625365 0.550529 0.488641 0.438745 0.398777 0.366638 0.340547 0.319099 0.301225 0.286116 0.273165 0.261914 0.252015 0.243203 0.235277 0.228077 0.221482 0.215397 0.209746 0.204468 0.199518 0.194855 0.190450 0.186276 0.182313 0.178544 0.174954 0.171531 0.168263 0.165142 0.162158 0.159306 0.156577 0.153965 0.151465 0.149072 0.146779 0.144583 0.142479 0.140464 0.138533 0.136683 0.134911 0.133215 0.131592 0.130041 0.128559 0.127147 0.125802 0.124524 0.123313 0.122167 0.121087 0.120071 0.119117 0.118224 0.117389 0.116609 0.115879 0.115194 0.114548 0.113930 0.113334 0.112747 0.112157 0.111552 0.110919 0.110242 0.109508 0.108705 0.107819 0.106842 0.105766 0.104584 0.103296 0.101902
0.213279 0.226029 0.238893 0.251287 0.262505 0.271833 0.278736 0.283014 0.284874 0.284857 0.283670 0.282010 0.280431 0.279303 0.278810 0.278994 0.279793 0.281082 0.282707 0.284507 0.286335 0.288063 0.289591 0.290846 0.291774 0.292342 0.292529 0.292320 0.291713 0.290713 0.289337 0.287614 0.285587 0.283307 0.280836 0.278239 0.275581 0.272926 0.270333 0.267857 0.265543 0.263434 0.261562 0.259957 0.258643 0.257640 0.256965 0.256633 0.256658 0.257058 0.257849 0.259055 0.260703 0.262832 0.265492 0.268749 0.272692 0.277440 0.283152 0.290043 0.298409 0.308657 0.321364 0.337357 0.357864 0.384760 0.421014 0.471549 0.544929 0.656907 0.838060 1.149545 1.702312 2.562037 3.137987 2.576860 1.732013 1.194241 0.897940 0.732254 0.636156 0.579254 0.546063 0.528397 0.521852 0.524140 0.534229 0.551849 0.577071 0.609796 0.648968 0.691472 0.731129 0.759000 0.766362 0.749484 0.712110 0.662964 0.610969 0.562249 0.519804 0.484470 0.455968 0.433591 0.416579 0.404277 0.396202 0.392053 0.391716 0.395261 0.402942 0.415198 0.432637 0.455976 0.485876 0.522577 0.565210 0.610756 0.653091 0.683311 0.692709 0.677531 0.641452 0.593101 0.541301 0.492089 0.448387 0.410960 0.379451 0.353058 0.330904 0.312186 0.296225 0.282472 0.270491 0.259938 0.250545 0.242100 0.234438 0.227430 0.220971 0.214981 0.209395 0.204162 0.199238 0.194590 0.190190 0.186016 0.182048 0.178271 0.174671 0.171236 0.167956 0.164823 0.161828 0.158965 0.156227 0.153608 0.151102 0.148706 0.146414 0.144221 0.142125 0.140121 0.138207 0.136378 0.134634 0.132971 0.131389 0.129884 0.128457 0.127107 0.125832 0.124633 0.123508 0.122459 0.121483 0.120580 0.119749 0.118988 0.118295 0.117664 0.117092 0.116573 0.116098 0.115658 0.115242 0.114837 0.114429 0.114001 0.113538 0.113020 0.112432 0.111756 0.110978 0.110084 0.109065 0.107914 0.106629 0.105211
0.199624 0.209818 0.219951 0.229642 0.238459 0.245996 0.251958 0.256235 0.258934 0.260346 0.260870 0.260917 0.260846 0.260915 0.261282 0.262009 0.263086 0.264454 0.266023 0.267693 0.269367 0.270954 0.272381 0.273590 0.274537 0.275193 0.275538 0.275561 0.275262 0.274646 0.273729 0.272536 0.271101 0.269466 0.267679 0.265791 0.263854 0.261922 0.260044 0.258265 0.256626 0.255165 0.253914 0.252900 0.252149 0.251680 0.251513 0.251663 0.252148 0.252984 0.254189 0.255785 0.257799 0.260264 0.263228 0.266748 0.270904 0.275803 0.281588 0.288452 0.296659 0.306570 0.318687 0.333722 0.352693 0.377106 0.409226 0.452559 0.512644 0.598293 0.723092 0.904933 1.153471 1.422071 1.555186 1.436164 1.181751 0.947602 0.780476 0.670879 0.601131 0.557944 0.532915 0.521081 0.519728 0.527667 0.544832 0.572041 0.610765 0.662655 0.728398 0.805311 0.883664 0.944491 0.965434 0.935944 0.866583 0.779708 0.694266 0.619928 0.559258 0.511357 0.474226 0.445835 0.424498 0.408927 0.398199 0.391692 0.389024 0.390016 0.394650 0.403030 0.415336 0.431734 0.452225 0.476399 0.503071 0.529909 0.553287 0.568789 0.572584 0.563102 0.541825 0.512499 0.479448 0.446200 0.414984 0.386864 0.362121 0.340595 0.321932 0.305724 0.291575 0.279135 0.268110 0.258253 0.249366 0.241288 0.233891 0.227070 0.220742 0.214841 0.209312 0.204112 0.199204 0.194561 0.190157 0.185971 0.181989 0.178194 0.174574 0.171119 0.167820 0.164668 0.161655 0.158776 0.156023 0.153393 0.150878 0.148476 0.146181 0.143990 0.141900 0.139906 0.138007 0.136199 0.134482 0.132852 0.131309 0.129851 0.128479 0.127191 0.125987 0.124868 0.123833 0.122882 0.122014 0.121231 0.120530 0.119909 0.119367 0.118899 0.118500 0.118163 0.117879 0.117639 0.117428 0.117232 0.117033 0.116811 0.116547 0.116217 0.115801 0.115277 0.114625 0.113828 0.112875 0.111756 0.110469 0.109015
0.188124 0.196482 0.204718 0.212578 0.219794 0.226121 0.231388 0.235529 0.238602 0.240770 0.242262 0.243329 0.244201 0.245056 0.246016 0.247143 0.248447 0.249906 0.251469 0.253076 0.254661 0.256165 0.257532 0.258720 0.259694 0.260430 0.260912 0.261133 0.261091 0.260794 0.260255 0.259496 0.258545 0.257436 0.256209 0.254904 0.253565 0.252236 0.250958 0.249772 0.248714 0.247817 0.247112 0.246625 0.246382 0.246402 0.246705 0.247308 0.248229 0.249483 0.251089 0.253065 0.255436 0.258230 0.261485 0.265253 0.269600 0.274617 0.280426 0.287194 0.295147 0.304588 0.315938 0.329769 0.346880 0.368387 0.395867 0.431547 0.478520 0.540840 0.622959 0.727091 0.846002 0.952138 1.000379 0.965687 0.873233 0.768283 0.678568 0.611541 0.565281 0.535734 0.519403 0.513977 0.518337 0.532488 0.557573 0.596013 0.651726 0.730193 0.837598 0.976945 1.137541 1.279132 1.335905 1.271307 1.121909 0.953532 0.806413 0.691196 0.604768 0.540761 0.493396 0.458300 0.432369 0.413458 0.400102 0.391317 0.386453 0.385104 0.387028 0.392091 0.400201 0.411222 0.424865 0.440543 0.457203 0.473214 0.486425 0.494512 0.495608 0.488963 0.475231 0.456182 0.434041 0.410851 0.388127 0.366793 0.347290 0.329730 0.314037 0.300039 0.287529 0.276304 0.266174 0.256976 0.248570 0.240840 0.233690 0.227041 0.220829 0.215002 0.209515 0.204334 0.199430 0.194776 0.190354 0.186146 0.182136 0.178312 0.174663 0.171180 0.167852 0.164673 0.161636 0.158734 0.155963 0.153315 0.150788 0.148376 0.146076 0.143883 0.141796 0.139811 0.137925 0.136137 0.134445 0.132847 0.131343 0.129933 0.128615 0.127390 0.126259 0.125221 0.124278 0.123429 0.122676 0.122018 0.121455 0.120985 0.120607 0.120316 0.120108 0.119975 0.119907 0.119894 0.119919 0.119965 0.120011 0.120033 0.120006 0.119901 0.119692 0.119350 0.118850 0.118171 0.117295 0.116211 0.114916 0.113412
0.178390 0.185402 0.192280 0.198854 0.204948 0.210413 0.215140 0.219090 0.222293 0.224841 0.226873 0.228542 0.229997 0.231359 0.232719 0.234129 0.235608 0.237150 0.238730 0.240310 0.241850 0.243307 0.244645 0.245830 0.246837 0.247649 0.248251 0.248640 0.248816 0.248785 0.248561 0.248161 0.247610 0.246937 0.246173 0.245353 0.244514 0.243694 0.242927 0.242250 0.241696 0.241295 0.241075 0.241064 0.241284 0.241757 0.242502 0.243537 0.244879 0.246543 0.248546 0.250903 0.253633 0.256760 0.260312 0.264328 0.268861 0.273982 0.279790 0.286420 0.294055 0.302943 0.313415 0.325914 0.341028 0.359533 0.382441 0.411027 0.446790 0.491200 0.544965 0.606411 0.668979 0.719742 0.743429 0.732872 0.695408 0.646490 0.599262 0.560557 0.532412 0.514612 0.506376 0.507195 0.517235 0.537630 0.570867 0.621431 0.696922 0.809828 0.979680 1.232354 1.581776 1.959930 2.140190 1.952599 1.567145 1.210476 0.950607 0.773577 0.653426 0.570473 0.511992 0.470029 0.439598 0.417517 0.401725 0.390865 0.384034 0.380628 0.380235 0.382554 0.387329 0.394274 0.402997 0.412916 0.423195 0.432718 0.440173 0.444254 0.443964 0.438899 0.429359 0.416233 0.400716 0.384004 0.367085 0.350658 0.335141 0.320737 0.307496 0.295379 0.284300 0.274152 0.264827 0.256223 0.248251 0.240831 0.233896 0.227392 0.221271 0.215495 0.210029 0.204848 0.199927 0.195247 0.190791 0.186545 0.182495 0.178630 0.174940 0.171417 0.168052 0.164838 0.161768 0.158838 0.156040 0.153371 0.150825 0.148400 0.146090 0.143893 0.141806 0.139827 0.137953 0.136183 0.134515 0.132948 0.131483 0.130119 0.128856 0.127696 0.126638 0.125684 0.124836 0.124095 0.123461 0.122937 0.122521 0.122215 0.122016 0.121920 0.121925 0.122021 0.122199 0.122446 0.122746 0.123076 0.123412 0.123726 0.123985 0.124155 0.124199 0.124081 0.123769 0.123233 0.122450 0.121406 0.120096 0.118524
0.170103 0.176109 0.181989 0.187625 0.192903 0.197724 0.202019 0.205760 0.208963 0.211683 0.214002 0.216016 0.217823 0.219505 0.221128 0.222732 0.224338 0.225949 0.227552 0.229125 0.230644 0.232080 0.233407 0.234603 0.235648 0.236530 0.237240 0.237774 0.238135 0.238330 0.238369 0.238270 0.238053 0.237742 0.237366 0.236955 0.236539 0.236152 0.235825 0.235590 0.235478 0.235516 0.235734 0.236156 0.236805 0.237704 0.238871 0.240326 0.242083 0.244158 0.246565 0.249315 0.252423 0.255903 0.259772 0.264057 0.268791 0.274025 0.279831 0.286310 0.293603 0.301899 0.311449 0.322581 0.335710 0.351348 0.370099 0.392628 0.419542 0.451148 0.486973 0.525054 0.561276 0.589602 0.604132 0.602392 0.587053 0.564230 0.540211 0.519430 0.504266 0.495763 0.494421 0.500797 0.515971 0.542021 0.582718 0.644773 0.740299 0.891959 1.144081 1.585586 2.377968 3.616818 4.441695 3.609752 2.363890 1.564594 1.116294 0.857486 0.699192 0.596972 0.527984 0.479851 0.445505 0.420719 0.402864 0.390249 0.381757 0.376630 0.374328 0.374446 0.376632 0.380536 0.385746 0.391749 0.397898 0.403421 0.407482 0.409298 0.408291 0.404211 0.397190 0.387691 0.376376 0.363953 0.351058 0.338187 0.325683 0.313751 0.302492 0.291935 0.282063 0.272836 0.264203 0.256109 0.248503 0.241338 0.234574 0.228175 0.222110 0.216353 0.210881 0.205673 0.200713 0.195986 0.191477 0.187175 0.183069 0.179148 0.175405 0.171831 0.168418 0.165159 0.162049 0.159082 0.156252 0.153555 0.150986 0.148542 0.146219 0.144015 0.141925 0.139949 0.138084 0.136330 0.134685 0.133148 0.131721 0.130403 0.129195 0.128100 0.127117 0.126250 0.125501 0.124872 0.124365 0.123983 0.123726 0.123597 0.123594 0.123716 0.123958 0.124314 0.124774 0.125323 0.125944 0.126611 0.127296 0.127963 0.128573 0.129081 0.129440 0.129604 0.129527 0.129170 0.128503 0.127506 0.126172 0.124506
0.163009 0.168248 0.173375 0.178309 0.182971 0.187295 0.191235 0.194770 0.197907 0.200678 0.203134 0.205336 0.207347 0.209225 0.211014 0.212746 0.214441 0.216103 0.217728 0.219305 0.220817 0.222247 0.223576 0.224790 0.225876 0.226824 0.227629 0.228290 0.228810 0.229195 0.229457 0.229611 0.229675 0.229671 0.229623 0.229558 0.229504 0.229490 0.229544 0.229697 0.229977 0.230411 0.231026 0.231849 0.232901 0.234206 0.235785 0.237654 0.239831 0.242329 0.245159 0.248330 0.251848 0.255720 0.259950 0.264546 0.269524 0.274908 0.280740 0.287086 0.294044 0.301749 0.310385 0.320185 0.331433 0.344458 0.359605 0.377190 0.397391 0.420088 0.444613 0.469492 0.492351 0.510267 0.520719 0.522755 0.517547 0.507854 0.496878 0.487343 0.481178 0.479677 0.483842 0.494784 0.514144 0.544650 0.591036 0.661815 0.773099 0.957802 1.290719 1.968780 3.621838 8.589423 16.871567 8.582374 3.607827 1.947971 1.263327 0.924061 0.733223 0.615938 0.539161 0.486586 0.449448 0.422714 0.403337 0.389388 0.379601 0.373113 0.369306 0.367711 0.367934 0.369601 0.372322 0.375656 0.379104 0.382115 0.384132 0.384651 0.383304 0.379917 0.374536 0.367399 0.358877 0.349391 0.339343 0.329075 0.318847 0.308835 0.299152 0.289857 0.280973 0.272501 0.264431 0.256745 0.249422 0.242444 0.235791 0.229445 0.223391 0.217613 0.212098 0.206833 0.201806 0.197006 0.192422 0.188044 0.183864 0.179872 0.176061 0.172422 0.168950 0.165637 0.162477 0.159465 0.156596 0.153864 0.151267 0.148799 0.146459 0.144242 0.142146 0.140170 0.138312 0.136571 0.134947 0.133439 0.132049 0.130777 0.129625 0.128594 0.127689 0.126912 0.126265 0.125754 0.125381 0.125150 0.125065 0.125129 0.125342 0.125705 0.126215 0.126867 0.127651 0.128553 0.129553 0.130623 0.131730 0.132831 0.133875 0.134807 0.135565 0.136087 0.136311 0.136185 0.135665 0.134725 0.133354 0.131560
0.156909 0.161552 0.166099 0.170493 0.174678 0.178608 0.182251 0.185590 0.188628 0.191384 0.193889 0.196181 0.198303 0.200292 0.202181 0.203995 0.205747 0.207446 0.209089 0.210673 0.212186 0.213618 0.214958 0.216195 0.217321 0.218330 0.219220 0.219991 0.220648 0.221196 0.221648 0.222016 0.222319 0.222575 0.222807 0.223039 0.223296 0.223605 0.223994 0.224491 0.225122 0.225915 0.226898 0.228095 0.229532 0.231232 0.233217 0.235506 0.238116 0.241060 0.244347 0.247982 0.251965 0.256290 0.260949 0.265931 0.271226 0.276829 0.282750 0.289014 0.295677 0.302826 0.310588 0.319126 0.328637 0.339333 0.351417 0.365031 0.380187 0.396669 0.413922 0.430977 0.446496 0.459011 0.467371 0.471204 0.471118 0.468519 0.465171 0.462781 0.462794 0.466414 0.474769 0.489184 0.511543 0.544860 0.594268 0.669011 0.786861 0.985252 1.354019 2.155521 4.453120 16.877908 16.874137 16.870584 4.438606 2.134070 1.325979 0.951030 0.746872 0.623627 0.543763 0.489357 0.450975 0.423271 0.403033 0.388237 0.377552 0.370070 0.365139 0.362263 0.361035 0.361089 0.362065 0.363591 0.365274 0.366708 0.367498 0.367300 0.365856 0.363029 0.358814 0.353324 0.346759 0.339363 0.331387 0.323056 0.314556 0.306031 0.297582 0.289280 0.281171 0.273285 0.265640 0.258245 0.251109 0.244232 0.237617 0.231261 0.225161 0.219314 0.213713 0.208352 0.203225 0.198322 0.193637 0.189161 0.184886 0.180805 0.176910 0.173194 0.169649 0.166270 0.163051 0.159985 0.157068 0.154296 0.151663 0.149166 0.146803 0.144570 0.142464 0.140485 0.138631 0.136901 0.135296 0.133815 0.132460 0.131233 0.130136 0.129172 0.128346 0.127660 0.127121 0.126733 0.126502 0.126433 0.126533 0.126807 0.127258 0.127890 0.128702 0.129691 0.130850 0.132166 0.133616 0.135173 0.136795 0.138432 0.140021 0.141491 0.142761 0.143747 0.144365 0.144540 0.144213 0.143344 0.141919 0.139951
0.151643 0.155816 0.159908 0.163877 0.167684 0.171295 0.174687 0.177847 0.180773 0.183478 0.185979 0.188302 0.190474 0.192521 0.194466 0.196326 0.198113 0.199835 0.201492 0.203083 0.204601 0.206040 0.207394 0.208656 0.209822 0.210887 0.211853 0.212720 0.213495 0.214183 0.214797 0.215348 0.215854 0.216333 0.216805 0.217293 0.217820 0.218413 0.219098 0.219901 0.220850 0.221974 0.223298 0.224852 0.226661 0.228751 0.231146 0.233868 0.236934 0.240360 0.244153 0.248316 0.252840 0.257711 0.262902 0.268380 0.274106 0.280041 0.286153 0.292425 0.298866 0.305519 0.312464 0.319818 0.327726 0.336342 0.345806 0.356199 0.367500 0.379530 0.391908 0.404044 0.415193 0.424607 0.431748 0.436488 0.439200 0.440687 0.442004 0.444266 0.448545 0.455863 0.467293 0.484148 0.508291 0.542640 0.592071 0.665202 0.778225 0.964123 1.297763 1.976149 3.629211 8.596562 16.878301 8.588597 3.613479 1.953027 1.267781 0.927914 0.736472 0.618570 0.541147 0.487873 0.449959 0.422344 0.401947 0.386808 0.375626 0.367504 0.361796 0.358010 0.355751 0.354673 0.354454 0.354779 0.355332 0.355802 0.355897 0.355361 0.353999 0.351689 0.348393 0.344147 0.339043 0.333213 0.326800 0.319945 0.312773 0.305392 0.297892 0.290344 0.282809 0.275335 0.267965 0.260732 0.253667 0.246793 0.240127 0.233684 0.227471 0.221496 0.215758 0.210257 0.204989 0.199951 0.195135 0.190534 0.186143 0.181952 0.177956 0.174146 0.170515 0.167058 0.163768 0.160640 0.157667 0.154846 0.152171 0.149640 0.147248 0.144994 0.142874 0.140888 0.139034 0.137313 0.135724 0.134268 0.132947 0.131765 0.130723 0.129826 0.129079 0.128488 0.128060 0.127801 0.127719 0.127824 0.128123 0.128626 0.129339 0.130270 0.131423 0.132798 0.134392 0.136193 0.138181 0.140326 0.142582 0.144889 0.147170 0.149333 0.151270 0.152868 0.154009 0.154589 0.154519 0.153743 0.152241 0.150031
0.147086 0.150882 0.154612 0.158242 0.161744 0.165093 0.168271 0.171268 0.174082 0.176717 0.179186 0.181504 0.183689 0.185758 0.187728 0.189612 0.191418 0.193153 0.194819 0.196416 0.197940 0.199389 0.200759 0.202046 0.203248 0.204365 0.205398 0.206349 0.207226 0.208034 0.208786 0.209495 0.210175 0.210845 0.211523 0.212233 0.212997 0.213839 0.214787 0.215866 0.217107 0.218536 0.220184 0.222080 0.224254 0.226734 0.229550 0.232725 0.236283 0.240240 0.244606 0.249382 0.254555 0.260098 0.265967 0.272103 0.278430 0.284866 0.291327 0.297743 0.304071 0.310307 0.316494 0.322721 0.329114 0.335817 0.342964 0.350643 0.358868 0.367543 0.376451 0.385260 0.393572 0.401012 0.407341 0.412544 0.416886 0.420874 0.425190 0.430599 0.437898 0.447915 0.461574 0.480036 0.504936 0.538781 0.585646 0.652451 0.751466 0.905491 1.158998 1.601066 2.393356 3.631628 4.455596 3.622541 2.375466 1.574922 1.125377 0.865340 0.705823 0.602363 0.532079 0.482549 0.446652 0.420100 0.400200 0.385191 0.373883 0.365441 0.359260 0.354879 0.351928 0.350093 0.349090 0.348653 0.348524 0.348458 0.348226 0.347627 0.346499 0.344725 0.342241 0.339027 0.335106 0.330525 0.325351 0.319658 0.313523 0.307021 0.300229 0.293217 0.286057 0.278816 0.271557 0.264340 0.257214 0.250223 0.243402 0.236780 0.230375 0.224201 0.218266 0.212573 0.207121 0.201908 0.196927 0.192174 0.187640 0.183318 0.179201 0.175280 0.171550 0.168002 0.164630 0.161428 0.158390 0.155512 0.152788 0.150215 0.147790 0.145509 0.143371 0.141374 0.139517 0.137801 0.136225 0.134792 0.133504 0.132364 0.131377 0.130547 0.129881 0.129387 0.129073 0.128949 0.129025 0.129313 0.129826 0.130577 0.131578 0.132842 0.134378 0.136194 0.138292 0.140664 0.143296 0.146156 0.149197 0.152348 0.155516 0.158581 0.161403 0.163822 0.165675 0.166808 0.167092 0.166441 0.164827 0.162278
0.143138 0.146630 0.150066 0.153422 0.156675 0.159807 0.162803 0.165654 0.168359 0.170918 0.173339 0.175632 0.177807 0.179877 0.181853 0.183745 0.185558 0.187299 0.188970 0.190571 0.192102 0.193561 0.194947 0.196259 0.197495 0.198658 0.199750 0.200774 0.201738 0.202650 0.203521 0.204363 0.205193 0.206027 0.206884 0.207786 0.208757 0.209820 0.211003 0.212334 0.213841 0.215557 0.217512 0.219740 0.222276 0.225153 0.228404 0.232062 0.236156 0.240709 0.245735 0.251238 0.257201 0.263589 0.270340 0.277362 0.284536 0.291722 0.298767 0.305530 0.311900 0.317817 0.323292 0.328403 0.333290 0.338128 0.343091 0.348326 0.353916 0.359864 0.366088 0.372432 0.378707 0.384742 0.390450 0.395876 0.401224 0.406849 0.413223 0.420893 0.430452 0.442546 0.457907 0.477456 0.502462 0.534823 0.577514 0.635330 0.716087 0.832472 1.004238 1.257517 1.606523 1.983522 2.162146 1.972654 1.585191 1.226506 0.964669 0.785729 0.663706 0.578873 0.518444 0.474388 0.441633 0.416903 0.398032 0.383549 0.372430 0.363941 0.357543 0.352823 0.349450 0.347148 0.345673 0.344801 0.344321 0.344034 0.343754 0.343314 0.342568 0.341399 0.339716 0.337458 0.334588 0.331089 0.326965 0.322232 0.316926 0.311094 0.304799 0.298116 0.291128 0.283925 0.276595 0.269221 0.261877 0.254630 0.247530 0.240620 0.233928 0.227475 0.221273 0.215328 0.209641 0.204209 0.199027 0.194088 0.189384 0.184907 0.180648 0.176600 0.172753 0.169100 0.165633 0.162347 0.159235 0.156291 0.153510 0.150889 0.148424 0.146112 0.143950 0.141938 0.140074 0.138359 0.136795 0.135382 0.134124 0.133025 0.132091 0.131328 0.130743 0.130348 0.130151 0.130166 0.130407 0.130890 0.131632 0.132651 0.133966 0.135598 0.137565 0.139883 0.142562 0.145607 0.149009 0.152743 0.156759 0.160981 0.165296 0.169554 0.173564 0.177108 0.179948 0.181857 0.182639 0.182165 0.180387 0.177351
0.139719 0.142964 0.146162 0.149293 0.152341 0.155290 0.158131 0.160854 0.163457 0.165941 0.168307 0.170564 0.172717 0.174775 0.176745 0.178634 0.180447 0.182189 0.183862 0.185467 0.187004 0.188473 0.189874 0.191208 0.192476 0.193679 0.194822 0.195910 0.196949 0.197949 0.198921 0.199878 0.200835 0.201810 0.202821 0.203891 0.205043 0.206302 0.207696 0.209254 0.211009 0.212993 0.215243 0.217797 0.220694 0.223975 0.227684 0.231860 0.236545 0.241772 0.247567 0.253940 0.260879 0.268345 0.276256 0.284488 0.292865 0.301169 0.309151 0.316563 0.323195 0.328915 0.333695 0.337624 0.340890 0.343747 0.346464 0.349285 0.352394 0.355895 0.359817 0.364128 0.368764 0.373670 0.378838 0.384343 0.390357 0.397150 0.405070 0.414525 0.425960 0.439854 0.456740 0.477252 0.502223 0.532855 0.570969 0.619357 0.682174 0.765136 0.874739 1.014384 1.173830 1.313276 1.367311 1.299704 1.147250 0.975906 0.825970 0.708084 0.619093 0.552551 0.502585 0.464707 0.435690 0.413250 0.395773 0.382107 0.371419 0.363098 0.356685 0.351827 0.348243 0.345698 0.343989 0.342931 0.342354 0.342094 0.341998 0.341917 0.341716 0.341268 0.340459 0.339183 0.337352 0.334887 0.331730 0.327845 0.323225 0.317892 0.311901 0.305335 0.298300 0.290912 0.283293 0.275557 0.267808 0.260134 0.252607 0.245278 0.238188 0.231361 0.224812 0.218548 0.212568 0.206870 0.201445 0.196286 0.191382 0.186724 0.182302 0.178105 0.174125 0.170352 0.166778 0.163396 0.160199 0.157181 0.154336 0.151659 0.149148 0.146798 0.144608 0.142575 0.140700 0.138983 0.137426 0.136030 0.134799 0.133740 0.132857 0.132160 0.131657 0.131360 0.131283 0.131442 0.131854 0.132541 0.133524 0.134831 0.136488 0.138525 0.140972 0.143858 0.147208 0.151042 0.155365 0.160164 0.165398 0.170987 0.176801 0.182651 0.188286 0.193397 0.197640 0.200667 0.202174 0.201954 0.199932 0.196181
0.136768 0.139810 0.142812 0.145758 0.148636 0.151433 0.154141 0.156752 0.159264 0.161675 0.163986 0.166202 0.168327 0.170365 0.172323 0.174204 0.176013 0.177753 0.179425 0.181032 0.182575 0.184054 0.185470 0.186825 0.188120 0.189359 0.190546 0.191687 0.192791 0.193865 0.194923 0.195976 0.197042 0.198136 0.199280 0.200495 0.201805 0.203237 0.204820 0.206585 0.208568 0.210806 0.213339 0.216211 0.219471 0.223168 0.227357 0.232093 0.237432 0.243426 0.250120 0.257542 0.265695 0.274544 0.283998 0.293895 0.303993 0.313965 0.323421 0.331947 0.339176 0.344855 0.348910 0.351462 0.352804 0.353338 0.353497 0.353675 0.354184 0.355237 0.356955 0.359386 0.362540 0.366423 0.371069 0.376564 0.383062 0.390785 0.400014 0.411071 0.424301 0.440054 0.458670 0.480491 0.505894 0.535365 0.569638 0.609854 0.657642 0.714882 0.782682 0.858973 0.934748 0.991758 1.008258 0.974160 0.900326 0.809272 0.719993 0.642127 0.578153 0.527049 0.486671 0.454831 0.429666 0.409703 0.393812 0.381140 0.371044 0.363040 0.356756 0.351909 0.348268 0.345648 0.343886 0.342838 0.342368 0.342346 0.342640 0.343121 0.343654 0.344101 0.344317 0.344153 0.343459 0.342090 0.339919 0.336850 0.332827 0.327848 0.321966 0.315283 0.307939 0.300095 0.291918 0.283565 0.275178 0.266871 0.258735 0.250835 0.243216 0.235906 0.228919 0.222259 0.215924 0.209905 0.204193 0.198776 0.193640 0.188773 0.184164 0.179798 0.175667 0.171758 0.168064 0.164574 0.161281 0.158179 0.155261 0.152521 0.149957 0.147563 0.145339 0.143281 0.141390 0.139667 0.138113 0.136730 0.135524 0.134501 0.133668 0.133034 0.132611 0.132414 0.132457 0.132762 0.133351 0.134249 0.135487 0.137099 0.139123 0.141601 0.144579 0.148104 0.152222 0.156976 0.162396 0.168494 0.175249 0.182589 0.190374 0.198378 0.206269 0.213615 0.219900 0.224585 0.227179 0.227341 0.224946 0.220116
0.134233 0.137108 0.139949 0.142743 0.145480 0.148150 0.150745 0.153259 0.155690 0.158034 0.160294 0.162469 0.164564 0.166580 0.168522 0.170392 0.172195 0.173931 0.175603 0.177212 0.178760 0.180248 0.181677 0.183050 0.184369 0.185639 0.186864 0.188051 0.189207 0.190344 0.191473 0.192607 0.193763 0.194959 0.196214 0.197553 0.199000 0.200584 0.202335 0.204288 0.206482 0.208957 0.211761 0.214946 0.218569 0.222692 0.227386 0.232725 0.238787 0.245653 0.253398 0.262085 0.271749 0.282380 0.293893 0.306100 0.318680 0.331161 0.342934 0.353319 0.361674 0.367538 0.370755 0.371520 0.370329 0.367853 0.364798 0.361785 0.359292 0.357642 0.357024 0.357531 0.359203 0.362067 0.366167 0.371591 0.378484 0.387046 0.397533 0.410233 0.425446 0.443442 0.464422 0.488462 0.515484 0.545253 0.577457 0.611846 0.648357 0.687013 0.727341 0.767227 0.801696 0.822962 0.823235 0.799421 0.755632 0.700743 0.643676 0.590454 0.543918 0.504713 0.472346 0.445890 0.424349 0.406825 0.392561 0.380955 0.371532 0.363927 0.357861 0.353116 0.349523 0.346945 0.345266 0.344381 0.344189 0.344592 0.345483 0.346745 0.348245 0.349829 0.351318 0.352507 0.353174 0.353089 0.352035 0.349832 0.346368 0.341610 0.335617 0.328528 0.320541 0.311889 0.302806 0.293511 0.284190 0.274993 0.266028 0.257372 0.249072 0.241153 0.233625 0.226485 0.219724 0.213328 0.207281 0.201565 0.196163 0.191058 0.186236 0.181681 0.177379 0.173319 0.169489 0.165878 0.162479 0.159283 0.156282 0.153472 0.150847 0.148404 0.146139 0.144051 0.142140 0.140405 0.138850 0.137477 0.136292 0.135302 0.134515 0.133942 0.133597 0.133497 0.133661 0.134113 0.134881 0.135996 0.137498 0.139431 0.141845 0.144799 0.148357 0.152592 0.157580 0.163398 0.170116 0.177790 0.186439 0.196026 0.206422 0.217370 0.228446 0.239044 0.248389 0.255614 0.259903 0.260664 0.257677 0.251160
0.132075 0.134813 0.137522 0.140191 0.142811 0.145375 0.147875 0.150307 0.152667 0.154953 0.157164 0.159302 0.161367 0.163362 0.165288 0.167148 0.168943 0.170675 0.172347 0.173958 0.175512 0.177008 0.178450 0.179839 0.181179 0.182475 0.183731 0.184955 0.186155 0.187342 0.188529 0.189729 0.190959 0.192238 0.193586 0.195029 0.196593 0.198308 0.200207 0.202328 0.204713 0.207410 0.210472 0.213961 0.217945 0.222503 0.227723 0.233706 0.240562 0.248412 0.257378 0.267581 0.279119 0.292041 0.306309 0.321737 0.337930 0.354229 0.369694 0.383186 0.393564 0.399968 0.402088 0.400271 0.395408 0.388674 0.381236 0.374058 0.367825 0.362958 0.359674 0.358060 0.358139 0.359915 0.363420 0.368729 0.375983 0.385387 0.397210 0.411768 0.429388 0.450355 0.474822 0.502691 0.533462 0.566132 0.599215 0.630993 0.659957 0.685170 0.706179 0.722371 0.732232 0.733273 0.723086 0.700986 0.668896 0.630698 0.590667 0.552176 0.517248 0.486728 0.460679 0.438751 0.420424 0.405154 0.392447 0.381888 0.373144 0.365957 0.360133 0.355529 0.352036 0.349572 0.348067 0.347463 0.347697 0.348704 0.350406 0.352702 0.355463 0.358518 0.361648 0.364582 0.366999 0.368549 0.368885 0.367709 0.364818 0.360142 0.353757 0.345871 0.336785 0.326841 0.316382 0.305712 0.295078 0.284666 0.274604 0.264972 0.255814 0.247144 0.238960 0.231247 0.223985 0.217150 0.210716 0.204659 0.198955 0.193582 0.188521 0.183753 0.179262 0.175032 0.171052 0.167308 0.163790 0.160489 0.157398 0.154509 0.151816 0.149316 0.147005 0.144881 0.142944 0.141193 0.139632 0.138265 0.137096 0.136135 0.135390 0.134875 0.134605 0.134599 0.134881 0.135479 0.136426 0.137761 0.139533 0.141796 0.144619 0.148077 0.152262 0.157276 0.163235 0.170268 0.178505 0.188073 0.199071 0.211536 0.225398 0.240405 0.256049 0.271494 0.285563 0.296833 0.303880 0.305623 0.301659 0.292391
0.130261 0.132888 0.135490 0.138056 0.140581 0.143057 0.145478 0.147841 0.150141 0.152377 0.154547 0.156652 0.158691 0.160666 0.162578 0.164428 0.166217 0.167947 0.169619 0.171234 0.172793 0.174298 0.175752 0.177155 0.178513 0.179830 0.181111 0.182365 0.183600 0.184826 0.186058 0.187309 0.188597 0.189941 0.191365 0.192892 0.194552 0.196377 0.198403 0.200671 0.203229 0.206129 0.209434 0.213214 0.217553 0.222547 0.228310 0.234973 0.242688 0.251631 0.261997 0.273996 0.287833 0.303683 0.321624 0.341553 0.363057 0.385261 0.406735 0.425542 0.439575 0.447149 0.447623 0.441675 0.431023 0.417811 0.404009 0.391085 0.379952 0.371072 0.364606 0.360553 0.358847 0.359423 0.362263 0.367419 0.375031 0.385333 0.398656 0.415412 0.436069 0.461076 0.490735 0.524969 0.562998 0.602968 0.641792 0.675555 0.700668 0.715276 0.719822 0.716221 0.706369 0.691245 0.671077 0.646134 0.617358 0.586394 0.555144 0.525263 0.497866 0.473505 0.452290 0.434049 0.418471 0.405202 0.393910 0.384310 0.376182 0.369364 0.363747 0.359261 0.355865 0.353534 0.352256 0.352018 0.352806 0.354595 0.357340 0.360970 0.365367 0.370349 0.375657 0.380933 0.385724 0.389504 0.391723 0.391889 0.389655 0.384891 0.377715 0.368460 0.357604 0.345678 0.333187 0.320555 0.308109 0.296072 0.284584 0.273716 0.263495 0.253913 0.244947 0.236562 0.228720 0.221380 0.214507 0.208064 0.202020 0.196347 0.191020 0.186016 0.181314 0.176898 0.172751 0.168860 0.165212 0.161797 0.158605 0.155628 0.152860 0.150296 0.147932 0.145766 0.143797 0.142026 0.140454 0.139087 0.137930 0.136993 0.136285 0.135823 0.135623 0.135707 0.136103 0.136842 0.137965 0.139519 0.141561 0.144161 0.147403 0.151387 0.156233 0.162085 0.169112 0.177508 0.187495 0.199310 0.213185 0.229313 0.247769 0.268405 0.290691 0.313532 0.335150 0.353148 0.364919 0.368373 0.362703 0.348714
0.128767 0.131305 0.133820 0.136304 0.138752 0.141157 0.143515 0.145820 0.148071 0.150266 0.152402 0.154479 0.156497 0.158456 0.160356 0.162199 0.163986 0.165716 0.167390 0.169010 0.170576 0.172091 0.173555 0.174972 0.176345 0.177679 0.178980 0.180255 0.181515 0.182770 0.184034 0.185322 0.186652 0.188045 0.189524 0.191117 0.192852 0.194766 0.196897 0.199291 0.201998 0.205080 0.208607 0.212662 0.217342 0.222766 0.229076 0.236441 0.245067 0.255201 0.267139 0.281221 0.297832 0.317365 0.340159 0.366366 0.395724 0.427228 0.458774 0.487033 0.507923 0.517904 0.515561 0.502346 0.481839 0.458159 0.434679 0.413547 0.395823 0.381833 0.371505 0.364605 0.360875 0.360112 0.362209 0.367174 0.375150 0.386425 0.401441 0.420804 0.445272 0.475705 0.512909 0.557302 0.608269 0.663199 0.716573 0.760226 0.786008 0.790081 0.775125 0.748050 0.715728 0.682466 0.650010 0.618705 0.588555 0.559728 0.532606 0.507612 0.485055 0.465049 0.447523 0.432271 0.419022 0.407492 0.397433 0.388649 0.381009 0.374441 0.368922 0.364463 0.361095 0.358864 0.357816 0.357997 0.359447 0.362192 0.366240 0.371563 0.378077 0.385608 0.393860 0.402380 0.410534 0.417526 0.422479 0.424562 0.423172 0.418080 0.409485 0.397961 0.384305 0.369363 0.353895 0.338495 0.323577 0.309397 0.296081 0.283673 0.272157 0.261488 0.251605 0.242443 0.233936 0.226025 0.218657 0.211783 0.205361 0.199356 0.193734 0.188469 0.183537 0.178916 0.174587 0.170534 0.166743 0.163202 0.159899 0.156826 0.153975 0.151340 0.148917 0.146703 0.144697 0.142898 0.141311 0.139938 0.138788 0.137868 0.137193 0.136777 0.136641 0.136809 0.137312 0.138186 0.139478 0.141244 0.143552 0.146486 0.150149 0.154667 0.160197 0.166929 0.175099 0.184991 0.196949 0.211374 0.228715 0.249437 0.273936 0.302377 0.334418 0.368806 0.402941 0.432717 0.453109 0.459755 0.450896 0.428289
0.127574 0.130042 0.132489 0.134909 0.137296 0.139645 0.141952 0.144213 0.146426 0.148587 0.150697 0.152753 0.154755 0.156703 0.158597 0.160437 0.162224 0.163957 0.165637 0.167264 0.168840 0.170364 0.171840 0.173269 0.174654 0.176002 0.177317 0.178608 0.179884 0.181156 0.182440 0.183750 0.185106 0.186530 0.188046 0.189683 0.191473 0.193453 0.195666 0.198160 0.200993 0.204232 0.207955 0.212259 0.217258 0.223094 0.229938 0.238007 0.247569 0.258963 0.272612 0.289044 0.308907 0.332964 0.362047 0.396911 0.437894 0.484274 0.533295 0.579268 0.613883 0.629005 0.621162 0.593867 0.555294 0.513801 0.475124 0.442072 0.415434 0.394949 0.379961 0.369767 0.363766 0.361527 0.362803 0.367537 0.375873 0.388173 0.405048 0.427403 0.456486 0.493924 0.541654 0.601588 0.674619 0.758455 0.844280 0.914745 0.949278 0.937909 0.889730 0.824431 0.758504 0.700025 0.650774 0.609684 0.575034 0.545372 0.519707 0.497407 0.478035 0.461226 0.446626 0.433876 0.422639 0.412621 0.403599 0.395437 0.388084 0.381560 0.375940 0.371329 0.367844 0.365609 0.364741 0.365351 0.367544 0.371418 0.377053 0.384497 0.393739 0.404655 0.416950 0.430074 0.443159 0.455003 0.464166 0.469207 0.469033 0.463218 0.452140 0.436845 0.418726 0.399174 0.379342 0.360047 0.341789 0.324812 0.309190 0.294891 0.281826 0.269882 0.258941 0.248894 0.239639 0.231090 0.223171 0.215820 0.208981 0.202609 0.196665 0.191114 0.185929 0.181083 0.176555 0.172327 0.168380 0.164702 0.161279 0.158100 0.155158 0.152445 0.149956 0.147687 0.145637 0.143806 0.142196 0.140813 0.139662 0.138755 0.138105 0.137729 0.137649 0.137892 0.138493 0.139492 0.140943 0.142909 0.145471 0.148726 0.152799 0.157846 0.164061 0.171690 0.181048 0.192531 0.206642 0.224010 0.245412 0.271764 0.304068 0.343230 0.389645 0.442408 0.498119 0.549786 0.587195 0.600356 0.584984 0.545362
0.126667 0.129083 0.131479 0.133850 0.136192 0.138499 0.140769 0.142996 0.145180 0.147319 0.149409 0.151451 0.153444 0.155387 0.157280 0.159123 0.160914 0.162655 0.164345 0.165983 0.167570 0.169107 0.170594 0.172035 0.173432 0.174789 0.176113 0.177412 0.178695 0.179975 0.181265 0.182583 0.183949 0.185385 0.186918 0.188578 0.190399 0.192421 0.194690 0.197257 0.200187 0.203552 0.207441 0.211961 0.217245 0.223457 0.230804 0.239551 0.250037 0.262707 0.278144 0.297116 0.320641 0.350045 0.387008 0.433509 0.491490 0.561849 0.642239 0.723651 0.788395 0.815581 0.795355 0.737615 0.663295 0.590135 0.527196 0.476889 0.438389 0.409846 0.389395 0.375502 0.367030 0.363212 0.363605 0.368062 0.376723 0.390041 0.408841 0.434427 0.468757 0.514681 0.576215 0.658661 0.767846 0.906607 1.065213 1.206909 1.271554 1.225566 1.101894 0.960061 0.836252 0.739722 0.667310 0.613060 0.571740 0.539552 0.513936 0.493191 0.476151 0.461952 0.449904 0.439425 0.430033 0.421360 0.413173 0.405379 0.398013 0.391211 0.385169 0.380110 0.376260 0.373831 0.373021 0.374016 0.377002 0.382163 0.389687 0.399750 0.412480 0.427891 0.445779 0.465561 0.486103 0.505598 0.521630 0.531579 0.533342 0.526087 0.510580 0.488858 0.463476 0.436784 0.410524 0.385765 0.363024 0.342448 0.323963 0.307387 0.292503 0.279092 0.266954 0.255916 0.245831 0.236576 0.228053 0.220177 0.212882 0.206109 0.199812 0.193950 0.188489 0.183400 0.178656 0.174236 0.170121 0.166294 0.162740 0.159447 0.156405 0.153606 0.151044 0.148714 0.146614 0.144744 0.143106 0.141705 0.140549 0.139647 0.139015 0.138670 0.138637 0.138945 0.139631 0.140743 0.142337 0.144486 0.147281 0.150836 0.155296 0.160845 0.167720 0.176229 0.186773 0.199880 0.216247 0.236801 0.262771 0.295766 0.337827 0.391364 0.458737 0.541028 0.635339 0.730606 0.805124 0.833262 0.802914 0.726185
0.126037 0.128417 0.130778 0.133115 0.135425 0.137704 0.139947 0.142153 0.144319 0.146442 0.148523 0.150559 0.152550 0.154494 0.156392 0.158243 0.160046 0.161800 0.163504 0.165157 0.166760 0.168312 0.169814 0.171267 0.172673 0.174038 0.175366 0.176666 0.177948 0.179223 0.180507 0.181817 0.183175 0.184604 0.186133 0.187793 0.189620 0.191657 0.193953 0.196564 0.199558 0.203014 0.207030 0.211724 0.217246 0.223783 0.231576 0.240939 0.252287 0.266179 0.283377 0.304939 0.332349 0.367712 0.414013 0.475416 0.557390 0.665950 0.804056 0.961796 1.101550 1.161756 1.108221 0.975184 0.824257 0.693109 0.591714 0.517178 0.463569 0.425518 0.398989 0.381158 0.370131 0.364703 0.364186 0.368317 0.377225 0.391456 0.412070 0.440836 0.480590 0.535847 0.613839 0.726158 0.890731 1.131190 1.460217 1.815760 1.991183 1.831426 1.491112 1.176457 0.949137 0.796167 0.693706 0.623735 0.574670 0.539353 0.513355 0.493855 0.478968 0.467331 0.457878 0.449740 0.442220 0.434815 0.427249 0.419473 0.411644 0.404061 0.397096 0.391132 0.386527 0.383600 0.382637 0.383906 0.387679 0.394256 0.403972 0.417201 0.434327 0.455665 0.481305 0.510838 0.542959 0.575036 0.602952 0.621684 0.626869 0.616724 0.592945 0.559810 0.522258 0.484320 0.448544 0.416154 0.387479 0.362352 0.340385 0.321131 0.304161 0.289100 0.275633 0.263505 0.252511 0.242488 0.233305 0.224860 0.217067 0.209858 0.203177 0.196977 0.191217 0.185864 0.180887 0.176260 0.171963 0.167975 0.164280 0.160863 0.157714 0.154821 0.152179 0.149781 0.147624 0.145709 0.144037 0.142612 0.141442 0.140538 0.139915 0.139592 0.139595 0.139956 0.140714 0.141921 0.143639 0.145947 0.148948 0.152769 0.157576 0.163580 0.171062 0.180390 0.192056 0.206731 0.225333 0.249142 0.279961 0.320354 0.373965 0.445879 0.542781 0.672027 0.837227 1.026206 1.192833 1.261618 1.190623 1.021784
0.125679 0.128037 0.130377 0.132695 0.134987 0.137249 0.139479 0.141673 0.143830 0.145949 0.148027 0.150065 0.152062 0.154015 0.155926 0.157792 0.159613 0.161386 0.163112 0.164787 0.166411 0.167982 0.169501 0.170968 0.172384 0.173754 0.175083 0.176377 0.177647 0.178907 0.180170 0.181456 0.182787 0.184188 0.185689 0.187324 0.189131 0.191154 0.193446 0.196066 0.199087 0.202594 0.206691 0.211508 0.217209 0.224001 0.232156 0.242034 0.254123 0.269093 0.287890 0.311877 0.343068 0.384511 0.440941 0.519858 0.633226 0.799514 1.043067 1.377000 1.737701 1.913086 1.744104 1.389855 1.062473 0.825626 0.666260 0.560104 0.488777 0.440422 0.407674 0.385974 0.372500 0.365541 0.364136 0.367896 0.376923 0.391842 0.413928 0.445402 0.490000 0.554090 0.648899 0.795212 1.033495 1.444792 2.176221 3.314806 4.076438 3.328542 2.203410 1.484885 1.085713 0.858596 0.722372 0.636522 0.580262 0.542371 0.516452 0.498627 0.486353 0.477786 0.471456 0.466123 0.460772 0.454677 0.447476 0.439197 0.430197 0.421042 0.412374 0.404806 0.398865 0.394989 0.393548 0.394888 0.399375 0.407437 0.419609 0.436560 0.459095 0.488108 0.524402 0.568280 0.618765 0.672419 0.722257 0.758111 0.770039 0.753748 0.713422 0.658897 0.600229 0.544301 0.494442 0.451529 0.415155 0.384423 0.358345 0.336031 0.316736 0.299866 0.284958 0.271654 0.259681 0.248829 0.238934 0.229872 0.221540 0.213859 0.206762 0.200196 0.194113 0.188474 0.183245 0.178396 0.173903 0.169742 0.165895 0.162346 0.159080 0.156086 0.153356 0.150884 0.148664 0.146697 0.144983 0.143527 0.142337 0.141422 0.140799 0.140489 0.140516 0.140916 0.141730 0.143012 0.144829 0.147269 0.150440 0.154483 0.159581 0.165972 0.173973 0.184010 0.196664 0.212743 0.233390 0.260261 0.295809 0.343755 0.409887 0.503381 0.638885 0.839022 1.133611 1.538708 1.976316 2.186446 1.974105 1.534284
0.125591 0.127942 0.130276 0.132587 0.134874 0.137131 0.139358 0.141551 0.143710 0.145832 0.147918 0.149967 0.151977 0.153948 0.155879 0.157769 0.159616 0.161418 0.163173 0.164877 0.166529 0.168126 0.169667 0.171151 0.172578 0.173952 0.175277 0.176559 0.177809 0.179040 0.180267 0.181511 0.182795 0.184145 0.185593 0.187175 0.188931 0.190909 0.193162 0.195755 0.198762 0.202273 0.206400 0.211280 0.217087 0.224046 0.232453 0.242708 0.255355 0.271163 0.291238 0.317222 0.351635 0.398486 0.464439 0.561124 0.709968 0.952607 1.372364 2.120446 3.286350 4.064774 3.292499 2.132794 1.391014 0.977719 0.741766 0.599909 0.510601 0.452529 0.414205 0.389145 0.373578 0.365300 0.363095 0.366447 0.375422 0.390686 0.413664 0.446905 0.494840 0.565347 0.673211 0.848493 1.159379 1.785295 3.300089 7.835355 15.391020 7.847911 3.325044 1.822350 1.208121 0.908435 0.743835 0.646146 0.585338 0.546640 0.522108 0.507087 0.498544 0.494220 0.492190 0.490704 0.488235 0.483662 0.476472 0.466836 0.455488 0.443475 0.431880 0.421651 0.413526 0.408056 0.405674 0.406778 0.411808 0.421334 0.436133 0.457278 0.486223 0.524861 0.575453 0.640228 0.720156 0.812277 0.905564 0.978468 1.005563 0.974807 0.898107 0.800755 0.704168 0.619239 0.548797 0.491742 0.445721 0.408346 0.377607 0.351931 0.330136 0.311344 0.294910 0.280362 0.267348 0.255610 0.244951 0.235223 0.226309 0.218117 0.210570 0.203607 0.197175 0.191228 0.185728 0.180641 0.175938 0.171593 0.167583 0.163891 0.160500 0.157398 0.154573 0.152019 0.149730 0.147705 0.145943 0.144448 0.143229 0.142296 0.141663 0.141354 0.141393 0.141816 0.142667 0.144002 0.145893 0.148429 0.151728 0.155939 0.161258 0.167946 0.176349 0.186939 0.200371 0.217571 0.239880 0.269298 0.308897 0.363578 0.441493 0.556882 0.735992 1.029844 1.540553 2.453442 3.878194 4.827664 3.875981 2.449014
0.125775 0.128134 0.130474 0.132793 0.135086 0.137351 0.139586 0.141788 0.143958 0.146094 0.148196 0.150264 0.152297 0.154295 0.156256 0.158180 0.160063 0.161903 0.163697 0.165441 0.167130 0.168761 0.170331 0.171837 0.173278 0.174656 0.175974 0.177238 0.178458 0.179646 0.180821 0.182003 0.183216 0.184490 0.185857 0.187355 0.189028 0.190925 0.193103 0.195626 0.198574 0.202040 0.206139 0.211012 0.216843 0.223867 0.232396 0.242852 0.255822 0.272139 0.293019 0.320304 0.356883 0.407503 0.480403 0.590881 0.769903 1.087586 1.728309 3.281604 7.937120 15.694878 7.943023 3.293461 1.746224 1.111722 0.800488 0.628219 0.524893 0.459656 0.417352 0.389929 0.372879 0.363632 0.360780 0.363705 0.372429 0.387613 0.410720 0.444414 0.493379 0.566081 0.678760 0.865552 1.208309 1.946051 4.047600 15.377105 15.382775 15.389014 4.071368 1.981592 1.255527 0.924377 0.749192 0.648222 0.587451 0.550735 0.529610 0.519187 0.516240 0.518209 0.522647 0.527024 0.528890 0.526347 0.518576 0.506055 0.490296 0.473255 0.456778 0.442292 0.430767 0.422822 0.418878 0.419317 0.424611 0.435451 0.452882 0.478481 0.514597 0.564664 0.633563 0.727774 0.854448 1.017047 1.203425 1.367858 1.435588 1.365048 1.197640 1.007958 0.841563 0.710435 0.610952 0.535801 0.478344 0.433542 0.397803 0.368620 0.344253 0.323490 0.305485 0.289640 0.275531 0.262851 0.251374 0.240929 0.231385 0.222638 0.214604 0.207212 0.200403 0.194126 0.188335 0.182992 0.178064 0.173522 0.169340 0.165496 0.161972 0.158753 0.155827 0.153184 0.150819 0.148728 0.146912 0.145372 0.144116 0.143155 0.142503 0.142183 0.142220 0.142651 0.143519 0.144884 0.146817 0.149413 0.152791 0.157108 0.162568 0.169445 0.178105 0.189051 0.202986 0.220916 0.244320 0.275441 0.317805 0.377219 0.463764 0.596178 0.812403 1.198368 1.980063 3.880098 9.582462 19.087156 9.580247 3.875664
0.126237 0.128618 0.130980 0.133319 0.135631 0.137915 0.140168 0.142391 0.144581 0.146740 0.148867 0.150964 0.153029 0.155064 0.157066 0.159034 0.160965 0.162856 0.164702 0.166498 0.168237 0.169914 0.171523 0.173058 0.174518 0.175902 0.177211 0.178450 0.179629 0.180762 0.181866 0.182963 0.184079 0.185247 0.186501 0.187882 0.189436 0.191213 0.193272 0.195683 0.198523 0.201889 0.205897 0.210691 0.216456 0.223432 0.231935 0.242397 0.255416 0.271849 0.292952 0.320637 0.357931 0.409858 0.485272 0.600972 0.792118 1.142863 1.898794 4.055144 15.690002 15.692692 15.695662 4.066516 1.915981 1.166028 0.821488 0.636852 0.528057 0.460056 0.416192 0.387792 0.370067 0.360303 0.357011 0.359517 0.367793 0.382445 0.404855 0.437543 0.484915 0.554832 0.662071 0.836684 1.146863 1.772048 3.286115 7.820703 15.375807 7.832340 3.309434 1.807154 1.193952 0.896085 0.734295 0.640633 0.585322 0.553875 0.538645 0.535225 0.540643 0.552261 0.567029 0.581129 0.590284 0.590878 0.581376 0.562989 0.538963 0.513100 0.488560 0.467419 0.450800 0.439223 0.432936 0.432170 0.437334 0.449182 0.469010 0.498947 0.542420 0.604936 0.695383 0.828086 1.025275 1.316313 1.716960 2.149955 2.358026 2.148200 1.713252 1.310251 1.016261 0.815320 0.677864 0.581463 0.511593 0.459167 0.418475 0.385875 0.359000 0.336293 0.316706 0.299530 0.284273 0.270591 0.258232 0.247010 0.236781 0.227432 0.218869 0.211013 0.203797 0.197163 0.191061 0.185445 0.180279 0.175527 0.171161 0.167156 0.163491 0.160148 0.157114 0.154376 0.151929 0.149766 0.147888 0.146295 0.144995 0.143997 0.143316 0.142973 0.142994 0.143415 0.144281 0.145650 0.147594 0.150209 0.153615 0.157971 0.163485 0.170433 0.179189 0.190265 0.204383 0.222576 0.246372 0.278102 0.321461 0.382596 0.472343 0.611283 0.842494 1.269114 2.192160 4.831539 19.089130 19.088019 19.086911 4.827098
0.126988 0.129406 0.131803 0.134176 0.136520 0.138834 0.141117 0.143369 0.145590 0.147781 0.149943 0.152078 0.154186 0.156267 0.158322 0.160348 0.162342 0.164299 0.166213 0.168077 0.169883 0.171620 0.173282 0.174859 0.176345 0.177738 0.179037 0.180246 0.181374 0.182434 0.183446 0.184432 0.185423 0.186451 0.187556 0.188780 0.190173 0.191787 0.193684 0.195932 0.198613 0.201821 0.205673 0.210311 0.215918 0.222728 0.231053 0.241314 0.254097 0.270231 0.290933 0.318041 0.354445 0.404888 0.477608 0.587902 0.766734 1.084219 1.724737 3.277816 7.933107 15.690629 7.938525 3.288703 1.741193 1.106405 0.794873 0.622291 0.518634 0.453046 0.410365 0.382529 0.365015 0.355231 0.351735 0.353853 0.361514 0.375228 0.396190 0.426562 0.470033 0.532936 0.626474 0.771419 1.008242 1.418012 2.147902 3.285025 4.045405 3.296647 2.171278 1.453425 1.056166 0.832576 0.701914 0.624129 0.578981 0.555886 0.549177 0.555709 0.573412 0.600088 0.632176 0.663721 0.686548 0.692796 0.679031 0.648393 0.608406 0.566821 0.529004 0.497656 0.473668 0.457035 0.447499 0.444912 0.449461 0.461854 0.483559 0.517200 0.567287 0.641608 0.754017 0.930275 1.220676 1.726070 2.629626 4.039697 4.979745 4.039275 2.628541 1.723844 1.216583 0.923345 0.743031 0.625099 0.543539 0.484246 0.439175 0.403533 0.374367 0.349810 0.328657 0.310114 0.293647 0.278887 0.265569 0.253497 0.242519 0.232511 0.223370 0.215011 0.207355 0.200339 0.193903 0.187997 0.182577 0.177604 0.173044 0.168869 0.165055 0.161581 0.158432 0.155593 0.153056 0.150816 0.148869 0.147216 0.145864 0.144820 0.144100 0.143722 0.143714 0.144109 0.144952 0.146299 0.148222 0.150816 0.154198 0.158525 0.164001 0.170898 0.179582 0.190554 0.204519 0.222480 0.245916 0.277068 0.319465 0.378908 0.465481 0.597921 0.814169 1.200153 1.981861 3.881905 9.584275 19.088967 9.582051 3.877456
0.128042 0.130514 0.132961 0.135381 0.137770 0.140127 0.142450 0.144742 0.147002 0.149234 0.151440 0.153622 0.155783 0.157924 0.160045 0.162144 0.164218 0.166260 0.168263 0.170217 0.172109 0.173929 0.175662 0.177296 0.178821 0.180231 0.181522 0.182695 0.183760 0.184729 0.185623 0.186469 0.187298 0.188147 0.189061 0.190084 0.191268 0.192671 0.194355 0.196390 0.198855 0.201846 0.205475 0.209880 0.215236 0.221766 0.229765 0.239628 0.251899 0.267341 0.287059 0.312691 0.346752 0.393249 0.458842 0.555159 0.703621 0.945864 1.365209 2.112858 3.278309 4.056257 3.283482 2.123254 1.380925 0.967055 0.730500 0.588013 0.498042 0.439266 0.400188 0.374307 0.357822 0.348488 0.345023 0.346806 0.353738 0.366208 0.385165 0.412290 0.450351 0.503806 0.579845 0.690036 0.852304 1.090311 1.416812 1.769884 1.943091 1.781653 1.440563 1.126496 0.901663 0.753686 0.659395 0.601525 0.569386 0.556936 0.561165 0.580993 0.616319 0.666713 0.729139 0.794645 0.846397 0.864714 0.840264 0.782127 0.709698 0.639454 0.579859 0.533255 0.499045 0.475764 0.462052 0.457029 0.460444 0.472804 0.495596 0.531752 0.586580 0.669711 0.799400 1.012942 1.395131 2.169319 4.050100 9.692136 19.095280 9.693414 4.052370 2.172008 1.397368 1.013556 0.796910 0.662326 0.572196 0.507954 0.459650 0.421618 0.390495 0.364223 0.341513 0.321543 0.303771 0.287826 0.273446 0.260431 0.248621 0.237886 0.228114 0.219205 0.211075 0.203648 0.196856 0.190642 0.184954 0.179748 0.174984 0.170631 0.166661 0.163049 0.159778 0.156832 0.154201 0.151876 0.149853 0.148134 0.146722 0.145624 0.144854 0.144431 0.144379 0.144732 0.145531 0.146832 0.148705 0.151237 0.154545 0.158777 0.164128 0.170856 0.179308 0.189952 0.203444 0.220707 0.243081 0.272565 0.312228 0.366970 0.444942 0.560384 0.739540 1.033429 1.544167 2.457076 3.881836 4.831304 3.879607 2.452617
0.129420 0.131962 0.134477 0.136959 0.139406 0.141817 0.144192 0.146532 0.148841 0.151123 0.153381 0.155621 0.157846 0.160059 0.162261 0.164451 0.166625 0.168776 0.170893 0.172964 0.174972 0.176901 0.178732 0.180446 0.182029 0.183467 0.184753 0.185887 0.186875 0.187731 0.188479 0.189146 0.189771 0.190396 0.191067 0.191836 0.192759 0.193896 0.195312 0.197076 0.199269 0.201981 0.205320 0.209417 0.214434 0.220578 0.228115 0.237404 0.248926 0.263347 0.281608 0.305066 0.335729 0.376640 0.432529 0.510891 0.623685 0.789377 1.032307 1.365587 1.725601 1.900266 1.730526 1.375483 1.047269 0.809550 0.649272 0.542161 0.469832 0.420418 0.386541 0.363617 0.348788 0.340282 0.337052 0.338569 0.344718 0.355771 0.372413 0.395837 0.427907 0.471390 0.530240 0.609707 0.715603 0.850786 1.005604 1.143460 1.204477 1.155462 1.029894 0.887971 0.766677 0.676169 0.614267 0.576101 0.557740 0.557110 0.574112 0.610607 0.670279 0.757742 0.875064 1.012555 1.134935 1.184781 1.130178 1.002840 0.859963 0.736548 0.641917 0.573492 0.525934 0.494518 0.475873 0.467931 0.469754 0.481468 0.504389 0.541451 0.598198 0.684939 0.821703 1.050832 1.474114 2.389087 5.002212 19.107568 19.109320 19.111033 5.008805 2.398130 1.484572 1.061295 0.830376 0.689632 0.596325 0.530040 0.480083 0.440484 0.407775 0.379891 0.355575 0.334051 0.314815 0.297529 0.281942 0.267858 0.255116 0.243572 0.233103 0.223596 0.214953 0.207085 0.199915 0.193375 0.187405 0.181954 0.176978 0.172439 0.168305 0.164549 0.161151 0.158092 0.155360 0.152945 0.150841 0.149048 0.147569 0.146409 0.145580 0.145101 0.144993 0.145288 0.146025 0.147257 0.149049 0.151484 0.154671 0.158748 0.163895 0.170349 0.178425 0.188547 0.201293 0.217469 0.238216 0.265188 0.300835 0.348877 0.415097 0.508672 0.644247 0.844442 1.139076 1.544203 1.981825 2.191952 1.979591 1.539733
0.131149 0.133780 0.136379 0.138940 0.141459 0.143936 0.146373 0.148771 0.151137 0.153476 0.155796 0.158102 0.160402 0.162701 0.165002 0.167304 0.169603 0.171891 0.174155 0.176379 0.178541 0.180617 0.182581 0.184408 0.186073 0.187557 0.188847 0.189938 0.190835 0.191553 0.192117 0.192562 0.192931 0.193272 0.193640 0.194093 0.194692 0.195500 0.196586 0.198019 0.199877 0.202248 0.205232 0.208950 0.213548 0.219210 0.226173 0.234745 0.245334 0.258492 0.274974 0.295829 0.322534 0.357187 0.402765 0.463425 0.544630 0.652389 0.789658 0.946517 1.085347 1.144578 1.090019 0.955906 0.803850 0.671520 0.568890 0.493063 0.438103 0.398632 0.370597 0.351147 0.338346 0.330920 0.328078 0.329400 0.334773 0.344364 0.358624 0.378321 0.404582 0.438918 0.483169 0.539162 0.607737 0.686595 0.766980 0.831711 0.860530 0.843966 0.791841 0.724804 0.660517 0.608363 0.571505 0.550343 0.544872 0.556021 0.586582 0.642270 0.733255 0.875995 1.092592 1.394859 1.723435 1.881119 1.720034 1.387911 1.081788 0.860828 0.712968 0.615775 0.552346 0.511924 0.488036 0.476984 0.476932 0.487476 0.509567 0.545811 0.601315 0.685577 0.816763 1.032101 1.416328 2.192746 4.075898 9.720400 19.126053 9.726694 4.088098 2.210061 1.437541 1.055533 0.840241 0.706411 0.616305 0.551272 0.501358 0.460986 0.426958 0.397425 0.371311 0.347976 0.327015 0.308146 0.291148 0.275833 0.262028 0.249577 0.238337 0.228177 0.218980 0.210643 0.203072 0.196189 0.189925 0.184219 0.179022 0.174289 0.169985 0.166080 0.162549 0.159372 0.156533 0.154022 0.151832 0.149960 0.148406 0.147176 0.146280 0.145734 0.145558 0.145782 0.146441 0.147583 0.149269 0.151575 0.154600 0.158470 0.163346 0.169439 0.177025 0.186471 0.198265 0.213074 0.231815 0.255764 0.286720 0.327246 0.380980 0.453006 0.550007 0.679334 0.844597 1.033618 1.200264 1.269046 1.198024 1.029135
0.133261 0.136004 0.138707 0.141364 0.143971 0.146527 0.149035 0.151501 0.153930 0.156333 0.158720 0.161101 0.163487 0.165887 0.168304 0.170742 0.173197 0.175658 0.178112 0.180535 0.182900 0.185175 0.187323 0.189307 0.191093 0.192650 0.193958 0.195005 0.195794 0.196341 0.196676 0.196841 0.196886 0.196872 0.196862 0.196922 0.197122 0.197530 0.198215 0.199250 0.200709 0.202675 0.205241 0.208513 0.212621 0.217725 0.224024 0.231774 0.241307 0.253057 0.267596 0.285683 0.308326 0.336840 0.372896 0.418465 0.475479 0.544829 0.624160 0.704458 0.768027 0.793974 0.772443 0.713328 0.637566 0.562895 0.498378 0.446425 0.406209 0.375871 0.353532 0.337631 0.326985 0.320756 0.318394 0.319589 0.324238 0.332429 0.344428 0.360676 0.381775 0.408428 0.441296 0.480655 0.525778 0.573979 0.619746 0.655041 0.672043 0.667516 0.645098 0.613063 0.580000 0.552158 0.533249 0.525514 0.530978 0.552656 0.595958 0.670982 0.797041 1.012350 1.393951 2.082038 3.159551 3.878255 3.157473 2.077790 1.387340 1.003064 0.784625 0.654803 0.575171 0.526174 0.497485 0.483573 0.481642 0.490695 0.511194 0.545157 0.596713 0.673405 0.788917 0.968883 1.263487 1.773480 2.681929 4.097093 5.042335 4.107063 2.701434 1.801623 1.298868 1.009530 0.832213 0.716035 0.634661 0.573775 0.525308 0.484666 0.449280 0.417766 0.389396 0.363778 0.340664 0.319857 0.301167 0.284404 0.269377 0.255904 0.243811 0.232939 0.223146 0.214309 0.206317 0.199076 0.192506 0.186537 0.181111 0.176179 0.171700 0.167640 0.163971 0.160671 0.157721 0.155109 0.152827 0.150868 0.149234 0.147928 0.146957 0.146336 0.146082 0.146221 0.146787 0.147822 0.149381 0.151532 0.154363 0.157984 0.162538 0.168204 0.175218 0.183882 0.194594 0.207877 0.224426 0.245164 0.271314 0.304483 0.346707 0.400391 0.467893 0.550292 0.644686 0.740010 0.814555 0.842689 0.812308 0.735514
0.135799 0.138680 0.141510 0.144283 0.146994 0.149642 0.152233 0.154771 0.157269 0.159740 0.162199 0.164661 0.167143 0.169657 0.172213 0.174815 0.177461 0.180142 0.182838 0.185522 0.188158 0.190701 0.193102 0.195307 0.197268 0.198939 0.200286 0.201290 0.201952 0.202288 0.202334 0.202144 0.201781 0.201319 0.200835 0.200409 0.200119 0.200039 0.200244 0.200806 0.201797 0.203293 0.205378 0.208144 0.211703 0.216186 0.221758 0.228621 0.237033 0.247318 0.259888 0.275257 0.294060 0.317048 0.345039 0.378778 0.418592 0.463748 0.511481 0.556097 0.589275 0.602878 0.593429 0.564441 0.524088 0.480729 0.440104 0.405024 0.376277 0.353602 0.336330 0.323734 0.315172 0.310145 0.308299 0.309423 0.313431 0.320355 0.330329 0.343572 0.360349 0.380901 0.405313 0.433290 0.463836 0.494910 0.523304 0.545110 0.556990 0.557730 0.548982 0.534577 0.519028 0.506351 0.499733 0.501875 0.515735 0.545599 0.598820 0.689261 0.845357 1.131954 1.720099 3.157258 7.477396 14.680433 7.476591 3.155607 1.717515 1.128302 0.840448 0.682854 0.590629 0.535338 0.503212 0.487199 0.483716 0.491242 0.509730 0.540497 0.586463 0.652803 0.748180 0.886739 1.090558 1.388853 1.797233 2.238285 2.454594 2.253050 1.826293 1.431239 1.144724 0.950437 0.818303 0.725248 0.656091 0.601274 0.554999 0.513992 0.476632 0.442277 0.410755 0.382046 0.356114 0.332853 0.312090 0.293606 0.277168 0.262541 0.249505 0.237861 0.227434 0.218070 0.209638 0.202027 0.195142 0.188902 0.183243 0.178107 0.173448 0.169229 0.165417 0.161989 0.158923 0.156206 0.153826 0.151777 0.150057 0.148667 0.147615 0.146910 0.146570 0.146615 0.147076 0.147990 0.149405 0.151381 0.153994 0.157338 0.161533 0.166731 0.173123 0.180950 0.190522 0.202230 0.216572 0.234174 0.255805 0.282378 0.314889 0.354240 0.400821 0.453721 0.509540 0.561279 0.598725 0.611884 0.596471 0.556769
0.138817 0.141866 0.144851 0.147763 0.150596 0.153351 0.156031 0.158649 0.161217 0.163756 0.166288 0.168834 0.171419 0.174061 0.176777 0.179576 0.182458 0.185414 0.188422 0.191448 0.194444 0.197352 0.200102 0.202620 0.204835 0.206679 0.208100 0.209069 0.209578 0.209648 0.209327 0.208681 0.207797 0.206766 0.205687 0.204655 0.203762 0.203092 0.202723 0.202727 0.203175 0.204135 0.205678 0.207885 0.210844 0.214662 0.219466 0.225411 0.232687 0.241525 0.252202 0.265043 0.280416 0.298699 0.320215 0.345102 0.373084 0.403143 0.433165 0.459809 0.478985 0.487146 0.482874 0.467619 0.444961 0.419024 0.393187 0.369604 0.349342 0.332731 0.319696 0.309986 0.303310 0.299406 0.298068 0.299162 0.302623 0.308450 0.316692 0.327426 0.340726 0.356596 0.374886 0.395161 0.416562 0.437706 0.456750 0.471714 0.481073 0.484374 0.482527 0.477566 0.472103 0.468821 0.470293 0.479161 0.498662 0.533589 0.592120 0.689728 0.858913 1.177692 1.874064 3.872449 14.676999 14.676626 14.677403 3.873259 1.875289 1.179347 0.861032 0.692383 0.595458 0.537902 0.504510 0.487591 0.483185 0.489440 0.505895 0.533213 0.573170 0.628831 0.704817 0.807402 0.943552 1.116534 1.313997 1.490003 1.569595 1.511038 1.355598 1.177732 1.022776 0.902256 0.811747 0.742770 0.687373 0.639482 0.595225 0.552774 0.511824 0.472872 0.436594 0.403481 0.373736 0.347308 0.323979 0.303445 0.285377 0.269455 0.255387 0.242916 0.231819 0.221907 0.213023 0.205032 0.197826 0.191312 0.185414 0.180070 0.175228 0.170846 0.166888 0.163327 0.160141 0.157314 0.154832 0.152687 0.150876 0.149398 0.148258 0.147464 0.147030 0.146974 0.147321 0.148104 0.149364 0.151151 0.153530 0.156579 0.160398 0.165108 0.170859 0.177839 0.186275 0.196449 0.208695 0.223411 0.241039 0.262037 0.286795 0.315473 0.347723 0.382285 0.416555 0.446424 0.466865 0.473510 0.464603 0.441899
0.142382 0.145637 0.148810 0.151888 0.154865 0.157740 0.160519 0.163216 0.165853 0.168455 0.171054 0.173682 0.176372 0.179154 0.182053 0.185085 0.188256 0.191558 0.194967 0.198441 0.201920 0.205325 0.208560 0.211523 0.214107 0.216213 0.217764 0.218708 0.219033 0.218765 0.217966 0.216729 0.215168 0.213407 0.211572 0.209782 0.208146 0.206759 0.205705 0.205057 0.204879 0.205232 0.206175 0.207772 0.210091 0.213212 0.217230 0.222255 0.228420 0.235877 0.244801 0.255382 0.267805 0.282224 0.298700 0.317112 0.337028 0.357560 0.377260 0.394181 0.406203 0.411633 0.409825 0.401452 0.388237 0.372328 0.355706 0.339852 0.325695 0.313709 0.304066 0.296763 0.291712 0.288803 0.287933 0.289026 0.292035 0.296943 0.303749 0.312453 0.323029 0.335379 0.349284 0.364336 0.379888 0.395042 0.408732 0.419920 0.427886 0.432499 0.434344 0.434652 0.435082 0.437526 0.444043 0.457004 0.479500 0.516148 0.574669 0.669262 0.828637 1.117855 1.708127 3.147040 7.468650 14.672941 7.470186 3.150154 1.712903 1.124434 0.837230 0.680183 0.588380 0.533338 0.501204 0.484789 0.480278 0.485756 0.500514 0.524716 0.559255 0.605661 0.665947 0.742135 0.834991 0.941319 1.049817 1.138639 1.182082 1.167904 1.107930 1.027454 0.947826 0.879516 0.824200 0.778702 0.737960 0.697209 0.653627 0.606990 0.559045 0.512194 0.468417 0.428851 0.393869 0.363329 0.336829 0.313867 0.293940 0.276587 0.261407 0.248063 0.236271 0.225799 0.216455 0.208082 0.200553 0.193763 0.187625 0.182071 0.177042 0.172493 0.168385 0.164688 0.161378 0.158435 0.155847 0.153602 0.151695 0.150124 0.148892 0.148004 0.147470 0.147308 0.147535 0.148181 0.149279 0.150870 0.153009 0.155758 0.159196 0.163418 0.168539 0.174696 0.182051 0.190794 0.201137 0.213310 0.227540 0.244009 0.262786 0.283716 0.306260 0.329319 0.351106 0.369223 0.381055 0.384512 0.378786 0.364681
0.146580 0.150087 0.153489 0.156768 0.159912 0.162922 0.165805 0.168580 0.171276 0.173928 0.176581 0.179279 0.182070 0.184998 0.188101 0.191407 0.194929 0.198666 0.202591 0.206655 0.210783 0.214869 0.218784 0.222381 0.225505 0.228009 0.229773 0.230717 0.230816 0.230105 0.228673 0.226651 0.224200 0.221488 0.218683 0.215936 0.213378 0.211119 0.209248 0.207835 0.206940 0.206612 0.206896 0.207837 0.209484 0.211890 0.215119 0.219243 0.224347 0.230523 0.237869 0.246479 0.256428 0.267742 0.280357 0.294067 0.308458 0.322847 0.336278 0.347596 0.355643 0.359549 0.358996 0.354324 0.346431 0.336497 0.325704 0.315038 0.305211 0.296673 0.289669 0.284305 0.280601 0.278538 0.278078 0.279186 0.281830 0.285986 0.291631 0.298727 0.307203 0.316933 0.327702 0.339178 0.350902 0.362298 0.372744 0.381686 0.388787 0.394058 0.397923 0.401207 0.405050 0.410843 0.420223 0.435195 0.458439 0.493890 0.547851 0.631172 0.763761 0.984279 1.370104 2.061675 3.142113 3.863315 3.144698 2.066916 1.378151 0.995369 0.778244 0.649540 0.570787 0.522344 0.493731 0.479158 0.475399 0.480728 0.494370 0.516198 0.546537 0.585990 0.635163 0.694195 0.761912 0.834607 0.904927 0.962274 0.996287 1.002414 0.984876 0.953884 0.919997 0.890150 0.866344 0.845841 0.822439 0.789396 0.743383 0.686529 0.624662 0.563805 0.507957 0.458857 0.416694 0.380873 0.350519 0.324741 0.302739 0.283841 0.267494 0.253251 0.240756 0.229722 0.219921 0.211169 0.203320 0.196254 0.189876 0.184110 0.178892 0.174173 0.169911 0.166074 0.162635 0.159573 0.156874 0.154524 0.152518 0.150850 0.149522 0.148536 0.147900 0.147627 0.147733 0.148239 0.149173 0.150568 0.152468 0.154921 0.157988 0.161740 0.166262 0.171649 0.178010 0.185465 0.194137 0.204144 0.215575 0.228459 0.242716 0.258085 0.274048 0.289763 0.304044 0.315462 0.322588 0.324340 0.320310 0.310903
0.151518 0.155338 0.159021 0.162542 0.165885 0.169046 0.172036 0.174879 0.177614 0.180291 0.182969 0.185713 0.188590 0.191663 0.194988 0.198610 0.202558 0.206837 0.211426 0.216269 0.221272 0.226298 0.231172 0.235683 0.239605 0.242714 0.244822 0.245806 0.245620 0.244315 0.242022 0.238936 0.235289 0.231320 0.227254 0.223287 0.219579 0.216255 0.213406 0.211101 0.209387 0.208299 0.207864 0.208108 0.209056 0.210738 0.213187 0.216445 0.220554 0.225562 0.231512 0.238437 0.246341 0.255187 0.264861 0.275150 0.285706 0.296032 0.305498 0.313401 0.319079 0.322055 0.322161 0.319586 0.314826 0.308562 0.301519 0.294351 0.287578 0.281574 0.276581 0.272739 0.270121 0.268754 0.268639 0.269767 0.272119 0.275672 0.280393 0.286232 0.293106 0.300893 0.309409 0.318402 0.327555 0.336502 0.344878 0.352386 0.358879 0.364431 0.369373 0.374295 0.380024 0.387604 0.398317 0.413771 0.436100 0.468324 0.514962 0.583050 0.683740 0.834203 1.057059 1.364491 1.697410 1.858810 1.700955 1.371677 1.068084 0.849383 0.703525 0.608063 0.546039 0.506584 0.483025 0.471321 0.469065 0.474892 0.488121 0.508525 0.536158 0.571177 0.613599 0.662951 0.717792 0.775208 0.830599 0.878270 0.913144 0.932981 0.939675 0.938650 0.936810 0.940032 0.950494 0.963753 0.967314 0.945280 0.889948 0.808953 0.718519 0.632260 0.556886 0.493847 0.442055 0.399643 0.364758 0.335827 0.311595 0.291087 0.273555 0.258418 0.245233 0.233653 0.223409 0.214288 0.206125 0.198788 0.192172 0.186193 0.180784 0.175891 0.171471 0.167489 0.163916 0.160732 0.157917 0.155459 0.153349 0.151581 0.150154 0.149068 0.148328 0.147944 0.147927 0.148294 0.149067 0.150272 0.151940 0.154110 0.156826 0.160140 0.164109 0.168798 0.174273 0.180603 0.187850 0.196058 0.205235 0.215334 0.226213 0.237605 0.249075 0.260006 0.269614 0.277024 0.281416 0.282190 0.279129 0.272448
0.157333 0.161546 0.165579 0.169398 0.172976 0.176306 0.179401 0.182293 0.185033 0.187690 0.190347 0.193093 0.196022 0.199223 0.202781 0.206763 0.211220 0.216175 0.221617 0.227488 0.233677 0.240010 0.246248 0.252091 0.257203 0.261240 0.263906 0.264997 0.264440 0.262309 0.258811 0.254245 0.248959 0.243297 0.237570 0.232033 0.226880 0.222249 0.218232 0.214885 0.212238 0.210305 0.209091 0.208598 0.208828 0.209784 0.211473 0.213906 0.217096 0.221054 0.225785 0.231281 0.237510 0.244402 0.251833 0.259611 0.267460 0.275025 0.281886 0.287601 0.291776 0.294136 0.294589 0.293243 0.290388 0.286437 0.281846 0.277052 0.272430 0.268270 0.264785 0.262117 0.260353 0.259542 0.259708 0.260854 0.262974 0.266048 0.270041 0.274904 0.280561 0.286904 0.293788 0.301029 0.308411 0.315702 0.322688 0.329214 0.335230 0.340831 0.346284 0.352029 0.358681 0.367026 0.378043 0.392955 0.413342 0.441316 0.479761 0.532621 0.605029 0.702604 0.828119 0.972384 1.100472 1.155216 1.104886 0.981328 0.841831 0.721456 0.629550 0.563526 0.517991 0.488099 0.470259 0.462025 0.461826 0.468730 0.482254 0.502228 0.528670 0.561642 0.601077 0.646536 0.696920 0.750204 0.803357 0.852682 0.894708 0.927521 0.952060 0.972820 0.997543 1.035543 1.093646 1.167555 1.229776 1.232698 1.149634 1.007711 0.855509 0.722466 0.615992 0.533291 0.469181 0.418967 0.379038 0.346765 0.320260 0.298163 0.279486 0.263502 0.249667 0.237575 0.226912 0.217441 0.208977 0.201375 0.194522 0.188329 0.182726 0.177655 0.173072 0.168939 0.165228 0.161914 0.158980 0.156409 0.154192 0.152321 0.150793 0.149606 0.148762 0.148267 0.148130 0.148363 0.148982 0.150005 0.151457 0.153364 0.155759 0.158674 0.162149 0.166222 0.170929 0.176302 0.182363 0.189108 0.196505 0.204468 0.212844 0.221392 0.229767 0.237523 0.244135 0.249052 0.251776 0.251962 0.249481 0.244457
0.164201 0.168912 0.173390 0.177579 0.181441 0.184962 0.188154 0.191060 0.193749 0.196316 0.198874 0.201549 0.204469 0.207762 0.211546 0.215927 0.220987 0.226779 0.233313 0.240542 0.248344 0.256504 0.264702 0.272513 0.279429 0.284914 0.288485 0.289800 0.288736 0.285414 0.280170 0.273486 0.265899 0.257918 0.249973 0.242396 0.235417 0.229180 0.223766 0.219205 0.215499 0.212633 0.210580 0.209315 0.208810 0.209044 0.209998 0.211655 0.214003 0.217024 0.220699 0.224992 0.229852 0.235196 0.240906 0.246818 0.252721 0.258356 0.263441 0.267690 0.270859 0.272781 0.273403 0.272791 0.271123 0.268657 0.265690 0.262517 0.259406 0.256581 0.254215 0.252435 0.251329 0.250953 0.251338 0.252498 0.254432 0.257125 0.260549 0.264658 0.269388 0.274653 0.280342 0.286324 0.292452 0.298582 0.304589 0.310397 0.316003 0.321507 0.327122 0.333183 0.340149 0.348606 0.359279 0.373054 0.391027 0.414553 0.445291 0.485154 0.536000 0.598706 0.671122 0.744912 0.803671 0.828026 0.808866 0.755434 0.687238 0.620831 0.564721 0.521254 0.489788 0.468748 0.456567 0.452001 0.454191 0.462623 0.477074 0.497540 0.524176 0.557208 0.596818 0.642986 0.695270 0.752537 0.812706 0.872638 0.928500 0.977002 1.017700 1.055754 1.103899 1.182763 1.318093 1.525421 1.757454 1.847342 1.669204 1.349136 1.055034 0.836800 0.683416 0.575001 0.496405 0.437714 0.392625 0.357089 0.328442 0.304888 0.285182 0.268443 0.254031 0.241479 0.230436 0.220639 0.211888 0.204028 0.196941 0.190532 0.184730 0.179476 0.174722 0.170432 0.166576 0.163127 0.160067 0.157379 0.155052 0.153076 0.151445 0.150156 0.149209 0.148607 0.148355 0.148460 0.148934 0.149790 0.151044 0.152715 0.154822 0.157388 0.160434 0.163979 0.168039 0.172620 0.177715 0.183298 0.189311 0.195659 0.202194 0.208710 0.214940 0.220560 0.225207 0.228524 0.230197 0.230012 0.227892 0.223911
0.172349 0.177705 0.182755 0.187417 0.191630 0.195367 0.198640 0.201503 0.204052 0.206418 0.208757 0.211243 0.214053 0.217366 0.221349 0.226155 0.231916 0.238733 0.246658 0.255676 0.265674 0.276403 0.287450 0.298210 0.307916 0.315708 0.320771 0.322516 0.320724 0.315603 0.307735 0.297926 0.287028 0.275806 0.264862 0.254614 0.245319 0.237109 0.230027 0.224058 0.219159 0.215267 0.212319 0.210249 0.209002 0.208524 0.208771 0.209704 0.211285 0.213477 0.216239 0.219522 0.223262 0.227375 0.231753 0.236260 0.240733 0.244984 0.248817 0.252042 0.254502 0.256092 0.256779 0.256605 0.255684 0.254183 0.252300 0.250237 0.248189 0.246323 0.244777 0.243661 0.243052 0.243005 0.243555 0.244721 0.246504 0.248896 0.251873 0.255398 0.259421 0.263874 0.268677 0.273735 0.278954 0.284241 0.289526 0.294776 0.300012 0.305326 0.310886 0.316948 0.323853 0.332028 0.341993 0.354362 0.369847 0.389257 0.413445 0.443180 0.478830 0.519767 0.563469 0.604691 0.635746 0.649121 0.641636 0.616614 0.581715 0.544785 0.511251 0.483839 0.463417 0.449902 0.442867 0.441862 0.446566 0.456833 0.472712 0.494444 0.522449 0.557312 0.599740 0.650488 0.710173 0.778920 0.855694 0.937350 1.017918 1.089637 1.147529 1.196920 1.260108 1.381475 1.638639 2.159590 3.019365 3.579732 2.916762 1.953191 1.327392 0.967287 0.751930 0.614412 0.521054 0.454340 0.404623 0.366275 0.335839 0.311093 0.290555 0.273204 0.258317 0.245376 0.234001 0.223907 0.214885 0.206774 0.199451 0.192822 0.186813 0.181366 0.176433 0.171977 0.167966 0.164375 0.161184 0.158374 0.155932 0.153848 0.152114 0.150724 0.149677 0.148971 0.148610 0.148597 0.148939 0.149645 0.150724 0.152188 0.154049 0.156317 0.159003 0.162111 0.165642 0.169585 0.173918 0.178599 0.183561 0.188707 0.193904 0.198979 0.203722 0.207893 0.211237 0.213510 0.214503 0.214079 0.212188 0.208877
0.182072 0.188277 0.194083 0.199364 0.204023 0.208009 0.211332 0.214062 0.216333 0.218326 0.220261 0.222377 0.224918 0.228128 0.232241 0.237475 0.244032 0.252085 0.261765 0.273129 0.286114 0.300474 0.315701 0.330962 0.345085 0.356654 0.364249 0.366796 0.363887 0.355911 0.343930 0.329345 0.313558 0.297730 0.282683 0.268920 0.256689 0.246061 0.237001 0.229414 0.223181 0.218175 0.214278 0.211381 0.209387 0.208214 0.207790 0.208050 0.208939 0.210399 0.212377 0.214811 0.217632 0.220760 0.224097 0.227530 0.230931 0.234163 0.237085 0.239567 0.241504 0.242827 0.243514 0.243595 0.243143 0.242271 0.241112 0.239810 0.238504 0.237321 0.236371 0.235741 0.235499 0.235697 0.236366 0.237527 0.239186 0.241336 0.243961 0.247032 0.250511 0.254347 0.258481 0.262851 0.267391 0.272045 0.276776 0.281573 0.286467 0.291535 0.296911 0.302786 0.309409 0.317088 0.326180 0.337093 0.350265 0.366140 0.385098 0.407340 0.432670 0.460198 0.488011 0.513055 0.531579 0.540342 0.538081 0.526209 0.508127 0.487753 0.468328 0.451977 0.439838 0.432392 0.429786 0.432048 0.439230 0.451489 0.469144 0.492718 0.522995 0.561082 0.608485 0.667175 0.739557 0.828126 0.934339 1.056060 1.183608 1.297877 1.378690 1.425869 1.477166 1.615638 2.010937 3.143193 6.754421 12.843731 6.630461 2.890503 1.621735 1.083819 0.807325 0.644822 0.539836 0.467153 0.414133 0.373841 0.342197 0.316655 0.295557 0.277782 0.262550 0.249305 0.237650 0.227290 0.218011 0.209650 0.202086 0.195226 0.188998 0.183344 0.178218 0.173583 0.169407 0.165665 0.162334 0.159397 0.156837 0.154643 0.152804 0.151315 0.150170 0.149366 0.148904 0.148784 0.149009 0.149584 0.150514 0.151805 0.153462 0.155487 0.157883 0.160644 0.163761 0.167212 0.170966 0.174971 0.179159 0.183437 0.187683 0.191755 0.195481 0.198680 0.201161 0.202750 0.203303 0.202724 0.200978 0.198097
0.193756 0.201103 0.207932 0.214047 0.219292 0.223576 0.226898 0.229354 0.231131 0.232489 0.233737 0.235206 0.237233 0.240146 0.244261 0.249884 0.257310 0.266825 0.278685 0.293092 0.310120 0.329615 0.351038 0.373293 0.394606 0.412590 0.424652 0.428712 0.423960 0.411182 0.392431 0.370277 0.347081 0.324597 0.303898 0.285508 0.269570 0.256006 0.244627 0.235203 0.227499 0.221300 0.216413 0.212674 0.209942 0.208098 0.207040 0.206683 0.206949 0.207768 0.209073 0.210794 0.212861 0.215195 0.217709 0.220309 0.222892 0.225354 0.227593 0.229515 0.231049 0.232147 0.232795 0.233012 0.232848 0.232381 0.231703 0.230917 0.230125 0.229423 0.228896 0.228616 0.228640 0.229011 0.229760 0.230907 0.232458 0.234412 0.236757 0.239472 0.242528 0.245889 0.249514 0.253358 0.257380 0.261545 0.265835 0.270252 0.274826 0.279622 0.284741 0.290326 0.296556 0.303643 0.311828 0.321369 0.332521 0.345501 0.360439 0.377287 0.395703 0.414918 0.433639 0.450111 0.462418 0.469044 0.469451 0.464335 0.455379 0.444671 0.434164 0.425368 0.419303 0.416607 0.417682 0.422823 0.432334 0.446609 0.466215 0.491978 0.525104 0.567353 0.621295 0.690671 0.780826 0.898960 1.053319 1.248815 1.474852 1.687039 1.813471 1.823821 1.790238 1.858942 2.273605 3.837553 12.961507 12.875514 12.809184 3.520815 1.769099 1.137137 0.832777 0.659636 0.549871 0.474799 0.420493 0.379468 0.347377 0.321537 0.300210 0.282232 0.266798 0.253341 0.241458 0.230857 0.221325 0.212708 0.204889 0.197779 0.191311 0.185431 0.180094 0.175263 0.170909 0.167003 0.163524 0.160451 0.157769 0.155462 0.153519 0.151932 0.150693 0.149798 0.149243 0.149029 0.149154 0.149620 0.150429 0.151582 0.153078 0.154918 0.157094 0.159597 0.162410 0.165504 0.168843 0.172373 0.176023 0.179705 0.183310 0.186714 0.189774 0.192342 0.194270 0.195426 0.195700 0.195021 0.193365 0.190753
0.207910 0.216828 0.225081 0.232360 0.238406 0.243060 0.246300 0.248256 0.249202 0.249519 0.249649 0.250058 0.251202 0.253518 0.257423 0.263329 0.271656 0.282843 0.297352 0.315637 0.338074 0.364806 0.395469 0.428795 0.462189 0.491568 0.511940 0.518973 0.510909 0.489471 0.458956 0.424322 0.389615 0.357397 0.328899 0.304455 0.283893 0.266820 0.252772 0.241303 0.232012 0.224559 0.218660 0.214081 0.210630 0.208147 0.206502 0.205583 0.205297 0.205557 0.206287 0.207411 0.208857 0.210547 0.212405 0.214349 0.216296 0.218164 0.219876 0.221363 0.222574 0.223474 0.224055 0.224329 0.224332 0.224116 0.223750 0.223308 0.222865 0.222494 0.222262 0.222225 0.222433 0.222921 0.223718 0.224840 0.226297 0.228089 0.230208 0.232640 0.235364 0.238355 0.241583 0.245020 0.248637 0.252416 0.256347 0.260437 0.264715 0.269231 0.274062 0.279311 0.285103 0.291582 0.298905 0.307226 0.316683 0.327365 0.339280 0.352293 0.366078 0.380055 0.393391 0.405066 0.414063 0.419634 0.421549 0.420205 0.416518 0.411689 0.406936 0.403319 0.401674 0.402634 0.406698 0.414304 0.425919 0.442120 0.463687 0.491737 0.527914 0.574694 0.635903 0.717579 0.829413 0.987015 1.214679 1.544795 1.996282 2.491214 2.764084 2.623130 2.297293 2.114672 2.303611 3.315689 6.858566 12.908756 6.672722 2.919282 1.642419 1.099612 0.820176 0.655937 0.549966 0.476763 0.423497 0.383106 0.351418 0.325826 0.304629 0.286681 0.271192 0.257608 0.245539 0.234707 0.224915 0.216019 0.207916 0.200526 0.193787 0.187652 0.182078 0.177031 0.172479 0.168396 0.164757 0.161541 0.158730 0.156307 0.154260 0.152576 0.151248 0.150269 0.149633 0.149337 0.149380 0.149761 0.150477 0.151528 0.152911 0.154621 0.156648 0.158980 0.161593 0.164459 0.167535 0.170768 0.174086 0.177407 0.180627 0.183634 0.186303 0.188504 0.190114 0.191020 0.191133 0.190397 0.188788 0.186326
0.225209 0.236343 0.246637 0.255599 0.262794 0.267934 0.270956 0.272048 0.271627 0.270268 0.268624 0.267352 0.267068 0.268342 0.271708 0.277696 0.286876 0.299894 0.317510 0.340602 0.370122 0.406924 0.451356 0.502479 0.556895 0.607655 0.644630 0.657915 0.643252 0.604852 0.552576 0.496505 0.443539 0.397026 0.357851 0.325616 0.299416 0.278254 0.261218 0.247535 0.236578 0.227845 0.220938 0.215542 0.211406 0.208329 0.206148 0.204729 0.203958 0.203737 0.203980 0.204606 0.205540 0.206709 0.208040 0.209462 0.210905 0.212304 0.213598 0.214735 0.215677 0.216399 0.216893 0.217170 0.217254 0.217185 0.217011 0.216788 0.216572 0.216420 0.216384 0.216510 0.216837 0.217397 0.218214 0.219303 0.220673 0.222328 0.224262 0.226466 0.228926 0.231624 0.234540 0.237655 0.240951 0.244417 0.248050 0.251859 0.255865 0.260110 0.264648 0.269552 0.274908 0.280810 0.287355 0.294632 0.302706 0.311600 0.321267 0.331564 0.342223 0.352837 0.362875 0.371738 0.378873 0.383902 0.386740 0.387641 0.387162 0.386044 0.385090 0.385062 0.386633 0.390385 0.396838 0.406505 0.419957 0.437899 0.461285 0.491477 0.530507 0.581524 0.649601 0.743263 0.877499 1.080046 1.404876 1.959937 2.941059 4.466201 5.507535 4.582075 3.199483 2.426304 2.214175 2.489438 3.216481 3.702628 2.996887 2.008075 1.367142 0.997910 0.777083 0.636366 0.541228 0.473611 0.423506 0.385036 0.354570 0.329761 0.309045 0.291350 0.275938 0.262293 0.250057 0.238982 0.228895 0.219677 0.211240 0.203521 0.196467 0.190036 0.184192 0.178899 0.174127 0.169848 0.166036 0.162667 0.159721 0.157180 0.155027 0.153250 0.151837 0.150781 0.150074 0.149712 0.149692 0.150010 0.150664 0.151651 0.152966 0.154604 0.156553 0.158797 0.161315 0.164073 0.167030 0.170132 0.173308 0.176475 0.179537 0.182382 0.184893 0.186948 0.188431 0.189238 0.189287 0.188525 0.186931 0.184523
0.246553 0.260887 0.274205 0.285700 0.294623 0.300449 0.303029 0.302651 0.299983 0.295939 0.291505 0.287622 0.285119 0.284712 0.287053 0.292791 0.302656 0.317549 0.338633 0.367433 0.405896 0.456333 0.521008 0.600933 0.693187 0.786784 0.860222 0.888124 0.858493 0.783269 0.687768 0.593434 0.511185 0.443874 0.390416 0.348467 0.315636 0.289894 0.269642 0.253658 0.241019 0.231026 0.223150 0.216986 0.212220 0.208608 0.205952 0.204097 0.202910 0.202283 0.202118 0.202333 0.202848 0.203593 0.204499 0.205501 0.206541 0.207562 0.208517 0.209364 0.210074 0.210628 0.211022 0.211262 0.211367 0.211367 0.211298 0.211202 0.211124 0.211106 0.211191 0.211415 0.211811 0.212406 0.213219 0.214266 0.215556 0.217091 0.218870 0.220888 0.223135 0.225599 0.228266 0.231123 0.234161 0.237371 0.240755 0.244319 0.248083 0.252074 0.256333 0.260908 0.265856 0.271238 0.277109 0.283517 0.290485 0.298002 0.306008 0.314375 0.322902 0.331311 0.339266 0.346415 0.352454 0.357196 0.360627 0.362937 0.364494 0.365796 0.367405 0.369894 0.373812 0.379683 0.388025 0.399380 0.414380 0.433817 0.458761 0.490746 0.532074 0.586375 0.659659 0.762433 0.914336 1.155256 1.575564 2.412638 4.424284 10.422160 20.410153 10.515972 4.627873 2.760824 2.125212 1.975369 2.024454 2.014273 1.778917 1.425148 1.110853 0.880471 0.719866 0.607306 0.526497 0.466787 0.421372 0.385849 0.357302 0.333750 0.313825 0.296576 0.281340 0.267663 0.255240 0.243869 0.233417 0.223798 0.214951 0.206830 0.199397 0.192617 0.186456 0.180882 0.175861 0.171365 0.167364 0.163831 0.160743 0.158079 0.155820 0.153951 0.152459 0.151334 0.150568 0.150154 0.150089 0.150369 0.150991 0.151951 0.153246 0.154868 0.156808 0.159050 0.161572 0.164343 0.167321 0.170452 0.173667 0.176882 0.179998 0.182903 0.185475 0.187589 0.189123 0.189970 0.190042 0.189284 0.187675 0.185232
0.273132 0.292210 0.310163 0.325645 0.337318 0.344189 0.345933 0.343027 0.336624 0.328241 0.319428 0.311543 0.305680 0.302700 0.303339 0.308330 0.318549 0.335167 0.359850 0.395006 0.444115 0.512098 0.605465 0.731403 0.893409 1.079383 1.243661 1.311562 1.241584 1.075158 0.886893 0.722375 0.593621 0.497043 0.425354 0.371930 0.331730 0.301142 0.277621 0.259373 0.245124 0.233954 0.225193 0.218341 0.213021 0.208945 0.205886 0.203665 0.202134 0.201172 0.200676 0.200556 0.200733 0.201135 0.201698 0.202362 0.203073 0.203785 0.204457 0.205056 0.205559 0.205953 0.206233 0.206406 0.206486 0.206497 0.206468 0.206431 0.206421 0.206472 0.206619 0.206890 0.207315 0.207913 0.208705 0.209702 0.210913 0.212342 0.213990 0.215853 0.217925 0.220199 0.222665 0.225315 0.228142 0.231143 0.234318 0.237674 0.241224 0.244987 0.248992 0.253269 0.257855 0.262784 0.268089 0.273788 0.279884 0.286351 0.293130 0.300120 0.307174 0.314106 0.320708 0.326773 0.332139 0.336720 0.340546 0.343769 0.346659 0.349578 0.352947 0.357217 0.362852 0.370328 0.380144 0.392855 0.409122 0.429780 0.455957 0.489261 0.532097 0.588264 0.664088 0.770793 0.929823 1.186278 1.648319 2.631559 5.413878 20.360914 20.390871 20.431427 5.563260 2.875906 2.008133 1.675512 1.533318 1.424853 1.277958 1.098310 0.923472 0.776867 0.662453 0.575362 0.509113 0.458150 0.418262 0.386380 0.360286 0.338378 0.319502 0.302839 0.287825 0.274089 0.261399 0.249620 0.238678 0.228531 0.219156 0.210529 0.202629 0.195427 0.188892 0.182991 0.177688 0.172948 0.168739 0.165030 0.161792 0.159001 0.156635 0.154677 0.153111 0.151925 0.151111 0.150661 0.150571 0.150837 0.151457 0.152428 0.153748 0.155413 0.157413 0.159736 0.162364 0.165267 0.168407 0.171731 0.175169 0.178636 0.182026 0.185219 0.188079 0.190466 0.192238 0.193270 0.193458 0.192737 0.191080 0.188510
0.306512 0.332804 0.358127 0.380193 0.396513 0.405117 0.405295 0.397920 0.385137 0.369625 0.353899 0.339928 0.329092 0.322332 0.320372 0.323937 0.333978 0.351908 0.379923 0.421494 0.482152 0.570813 0.701820 0.897426 1.187018 1.586393 2.018367 2.225831 2.015951 1.581476 1.179428 0.886894 0.687977 0.553171 0.460093 0.394244 0.346537 0.311236 0.284650 0.264343 0.248666 0.236475 0.226961 0.219534 0.213759 0.209309 0.205927 0.203416 0.201614 0.200391 0.199635 0.199252 0.199162 0.199292 0.199579 0.199969 0.200411 0.200864 0.201295 0.201675 0.201988 0.202223 0.202377 0.202457 0.202477 0.202454 0.202412 0.202380 0.202383 0.202452 0.202613 0.202891 0.203310 0.203888 0.204641 0.205580 0.206714 0.208047 0.209580 0.211312 0.213240 0.215358 0.217661 0.220143 0.222800 0.225629 0.228632 0.231812 0.235179 0.238746 0.242529 0.246548 0.250823 0.255374 0.260214 0.265347 0.270764 0.276435 0.282309 0.288309 0.294331 0.300255 0.305953 0.311308 0.316239 0.320722 0.324808 0.328632 0.332409 0.336423 0.341011 0.346548 0.353438 0.362120 0.373074 0.386856 0.404131 0.425749 0.452838 0.486983 0.530512 0.587034 0.662459 0.767103 0.920294 1.161489 1.580520 2.414112 4.419231 10.406275 20.376943 10.454859 4.520606 2.575422 1.808642 1.457101 1.270432 1.142231 1.025023 0.907058 0.794370 0.694894 0.612019 0.545162 0.491921 0.449526 0.415461 0.387639 0.364397 0.344444 0.326813 0.310815 0.295994 0.282084 0.268954 0.256565 0.244925 0.234057 0.223980 0.214703 0.206217 0.198499 0.191518 0.185235 0.179609 0.174597 0.170160 0.166260 0.162864 0.159942 0.157469 0.155424 0.153789 0.152551 0.151700 0.151229 0.151132 0.151408 0.152056 0.153075 0.154466 0.156229 0.158358 0.160848 0.163685 0.166845 0.170294 0.173982 0.177842 0.181784 0.185692 0.189431 0.192841 0.195749 0.197980 0.199371 0.199787 0.199140 0.197397 0.194587
0.348676 0.386210 0.423723 0.457266 0.482007 0.493764 0.490908 0.475241 0.451125 0.423600 0.396855 0.373678 0.355637 0.343533 0.337858 0.339146 0.348276 0.366790 0.397339 0.444439 0.515875 0.625503 0.799088 1.086927 1.589860 2.491022 3.898774 4.837054 3.896035 2.485444 1.581240 1.074949 0.783311 0.605342 0.490574 0.413042 0.358650 0.319322 0.290199 0.268230 0.251425 0.238444 0.228357 0.220501 0.214393 0.209671 0.206059 0.203341 0.201346 0.199934 0.198988 0.198410 0.198117 0.198037 0.198108 0.198276 0.198495 0.198729 0.198948 0.199130 0.199261 0.199333 0.199349 0.199313 0.199239 0.199144 0.199049 0.198975 0.198948 0.198991 0.199128 0.199379 0.199764 0.200300 0.201000 0.201874 0.202930 0.204173 0.205604 0.207224 0.209031 0.211021 0.213191 0.215538 0.218058 0.220749 0.223612 0.226649 0.229866 0.233269 0.236869 0.240674 0.244696 0.248940 0.253411 0.258102 0.262998 0.268071 0.273278 0.278563 0.283853 0.289074 0.294149 0.299018 0.303651 0.308059 0.312308 0.316523 0.320888 0.325642 0.331072 0.337503 0.345303 0.354880 0.366703 0.381317 0.399388 0.421752 0.449505 0.484136 0.527756 0.583497 0.656265 0.754196 0.891626 1.095366 1.418227 1.966807 2.935315 4.439395 5.447171 4.467734 2.994664 2.061356 1.551387 1.266634 1.093819 0.973175 0.874490 0.785615 0.704439 0.632368 0.570609 0.519123 0.476901 0.442471 0.414261 0.390786 0.370736 0.353018 0.336788 0.321459 0.306693 0.292358 0.278472 0.265136 0.252472 0.240591 0.229569 0.219442 0.210214 0.201862 0.194347 0.187618 0.181622 0.176306 0.171619 0.167515 0.163952 0.160896 0.158315 0.156186 0.154488 0.153206 0.152329 0.151850 0.151765 0.152073 0.152778 0.153881 0.155388 0.157305 0.159634 0.162376 0.165527 0.169073 0.172988 0.177231 0.181735 0.186409 0.191125 0.195723 0.200008 0.203757 0.206734 0.208715 0.209509 0.208988 0.207107 0.203907
0.401969 0.457372 0.515871 0.570711 0.612015 0.630133 0.620981 0.588821 0.543492 0.495083 0.450600 0.413620 0.385393 0.366035 0.355366 0.353410 0.360741 0.378826 0.410544 0.461149 0.540228 0.666005 0.875756 1.254253 2.024786 3.901687 9.538550 18.935295 9.535511 3.895495 2.015206 1.240922 0.858159 0.643455 0.511828 0.425745 0.366662 0.324595 0.293788 0.270739 0.253216 0.239742 0.229306 0.221194 0.214892 0.210015 0.206273 0.203439 0.201332 0.199807 0.198741 0.198035 0.197601 0.197368 0.197272 0.197263 0.197297 0.197341 0.197369 0.197363 0.197313 0.197217 0.197077 0.196902 0.196705 0.196502 0.196314 0.196161 0.196065 0.196045 0.196124 0.196319 0.196646 0.197121 0.197755 0.198557 0.199534 0.200691 0.202031 0.203553 0.205257 0.207142 0.209205 0.211444 0.213855 0.216439 0.219193 0.222119 0.225219 0.228496 0.231953 0.235592 0.239417 0.243426 0.247614 0.251970 0.256476 0.261106 0.265826 0.270592 0.275358 0.280077 0.284709 0.289229 0.293639 0.297972 0.302305 0.306758 0.311499 0.316739 0.322735 0.329783 0.338226 0.348455 0.360927 0.376185 0.394890 0.417864 0.446161 0.481153 0.524680 0.579284 0.648611 0.738142 0.856508 1.017723 1.244055 1.565675 1.999177 2.463730 2.688775 2.471971 2.018705 1.601432 1.300841 1.097858 0.958179 0.855323 0.772771 0.701972 0.639598 0.584895 0.537824 0.498160 0.465286 0.438262 0.415960 0.397177 0.380739 0.365592 0.350910 0.336162 0.321143 0.305918 0.290732 0.275898 0.261709 0.248388 0.236075 0.224832 0.214664 0.205533 0.197380 0.190132 0.183717 0.178063 0.173104 0.168782 0.165046 0.161852 0.159164 0.156954 0.155198 0.153880 0.152988 0.152515 0.152459 0.152822 0.153610 0.154831 0.156497 0.158622 0.161219 0.164301 0.167876 0.171946 0.176500 0.181509 0.186916 0.192631 0.198515 0.204376 0.209969 0.214995 0.219124 0.222026 0.223416 0.223098 0.221002 0.217194
0.468687 0.552794 0.648817 0.746044 0.823425 0.856106 0.832399 0.764173 0.676471 0.590559 0.517404 0.460103 0.417976 0.389241 0.372273 0.366114 0.370714 0.387186 0.418289 0.469423 0.550793 0.682361 0.906423 1.324725 2.234707 4.842366 18.937672 18.935789 18.934364 4.835622 2.224264 1.310172 0.887175 0.657630 0.519538 0.430286 0.369507 0.326470 0.295081 0.271670 0.253917 0.240294 0.229762 0.221588 0.215246 0.210342 0.206578 0.203722 0.201589 0.200029 0.198916 0.198146 0.197632 0.197298 0.197083 0.196936 0.196815 0.196690 0.196539 0.196349 0.196113 0.195834 0.195518 0.195177 0.194826 0.194482 0.194165 0.193896 0.193694 0.193579 0.193569 0.193680 0.193928 0.194324 0.194880 0.195603 0.196499 0.197573 0.198828 0.200265 0.201883 0.203681 0.205659 0.207814 0.210144 0.212647 0.215323 0.218171 0.221189 0.224377 0.227734 0.231258 0.234944 0.238786 0.242772 0.246888 0.251114 0.255425 0.259793 0.264185 0.268572 0.272925 0.277229 0.281482 0.285705 0.289950 0.294297 0.298869 0.303822 0.309355 0.315705 0.323154 0.332027 0.342710 0.355655 0.371408 0.390638 0.414170 0.443040 0.478550 0.522338 0.576454 0.643434 0.726397 0.829156 0.956289 1.112527 1.299106 1.502354 1.675208 1.741421 1.660136 1.477478 1.273408 1.095895 0.956411 0.849467 0.765855 0.697858 0.640490 0.591128 0.548633 0.512524 0.482430 0.457840 0.438009 0.421960 0.408518 0.396397 0.384360 0.371424 0.357042 0.341178 0.324226 0.306812 0.289592 0.273108 0.257729 0.243654 0.230950 0.219595 0.209513 0.200605 0.192761 0.185875 0.179850 0.174599 0.170048 0.166132 0.162799 0.160006 0.157719 0.155912 0.154566 0.153668 0.153214 0.153203 0.153640 0.154536 0.155906 0.157772 0.160156 0.163088 0.166596 0.170708 0.175448 0.180830 0.186848 0.193466 0.200603 0.208116 0.215781 0.223285 0.230217 0.236099 0.240428 0.242754 0.242759 0.240327 0.235570
0.549888 0.679631 0.844557 1.032875 1.199786 1.271963 1.208710 1.050902 0.872054 0.717177 0.598316 0.512235 0.452149 0.412061 0.387725 0.376599 0.377654 0.391360 0.419962 0.468310 0.545725 0.670257 0.879062 1.256833 2.026801 3.903259 9.539771 18.936239 9.536234 3.896043 2.015618 1.241228 0.858386 0.643627 0.511965 0.425866 0.366784 0.324734 0.293958 0.270954 0.253487 0.240079 0.229716 0.221684 0.215462 0.210663 0.206992 0.204216 0.202147 0.200635 0.199550 0.198785 0.198251 0.197870 0.197579 0.197327 0.197075 0.196796 0.196470 0.196091 0.195656 0.195174 0.194655 0.194116 0.193575 0.193053 0.192571 0.192148 0.191806 0.191563 0.191435 0.191438 0.191585 0.191886 0.192351 0.192988 0.193801 0.194794 0.195970 0.197330 0.198875 0.200604 0.202516 0.204609 0.206882 0.209334 0.211961 0.214763 0.217736 0.220876 0.224179 0.227639 0.231245 0.234986 0.238847 0.242809 0.246851 0.250946 0.255071 0.259199 0.263310 0.267391 0.271440 0.275471 0.279520 0.283648 0.287945 0.292532 0.297564 0.303232 0.309765 0.317434 0.326561 0.337528 0.350796 0.366925 0.386608 0.410712 0.440316 0.476767 0.521702 0.577014 0.644686 0.726356 0.822519 0.931406 1.047936 1.162992 1.262430 1.326215 1.333666 1.278290 1.176789 1.057603 0.943319 0.844434 0.762599 0.695473 0.639886 0.593238 0.553847 0.520783 0.493551 0.471798 0.455100 0.442808 0.433945 0.427139 0.420684 0.412780 0.401954 0.387501 0.369668 0.349464 0.328221 0.307174 0.287226 0.268905 0.252436 0.237834 0.225000 0.213776 0.203989 0.195470 0.188065 0.181641 0.176082 0.171293 0.167195 0.163724 0.160829 0.158470 0.156617 0.155251 0.154358 0.153933 0.153980 0.154508 0.155534 0.157081 0.159182 0.161875 0.165205 0.169224 0.173987 0.179551 0.185967 0.193270 0.201463 0.210499 0.220246 0.230457 0.240736 0.250518 0.259092 0.265662 0.269482 0.270008 0.267041 0.260778
0.642760 0.841398 1.132091 1.530492 1.960820 2.170368 1.969636 1.548298 1.159243 0.878458 0.690531 0.566730 0.485409 0.432799 0.400626 0.384185 0.381186 0.391226 0.415735 0.458449 0.526647 0.633846 0.805583 1.091998 1.593823 2.494114 3.901178 4.838910 3.897457 2.486521 1.582047 1.075548 0.783756 0.605677 0.490843 0.413281 0.358893 0.319601 0.290543 0.268666 0.251978 0.239134 0.229200 0.221509 0.215570 0.211013 0.207553 0.204961 0.203053 0.201676 0.200700 0.200014 0.199523 0.199148 0.198824 0.198500 0.198137 0.197710 0.197205 0.196622 0.195965 0.195248 0.194491 0.193714 0.192943 0.192201 0.191512 0.190898 0.190379 0.189975 0.189700 0.189569 0.189594 0.189784 0.190147 0.190690 0.191415 0.192328 0.193430 0.194723 0.196206 0.197880 0.199744 0.201797 0.204037 0.206464 0.209073 0.211863 0.214828 0.217964 0.221262 0.224711 0.228299 0.232009 0.235820 0.239710 0.243654 0.247625 0.251597 0.255548 0.259463 0.263335 0.267174 0.271004 0.274871 0.278846 0.283024 0.287532 0.292524 0.298189 0.304753 0.312485 0.321706 0.332806 0.346257 0.362649 0.382727 0.407438 0.438003 0.475982 0.523336 0.582405 0.655649 0.744830 0.849157 0.962270 1.069878 1.152656 1.195845 1.196223 1.159094 1.093245 1.009762 0.920566 0.835257 0.759237 0.694170 0.639505 0.593869 0.555902 0.524603 0.499375 0.479909 0.466029 0.457509 0.453864 0.454102 0.456473 0.458378 0.456715 0.448779 0.433374 0.411330 0.384988 0.357083 0.329846 0.304664 0.282170 0.262488 0.245465 0.230824 0.218257 0.207470 0.198206 0.190244 0.183399 0.177524 0.172495 0.168217 0.164612 0.161620 0.159195 0.157304 0.155924 0.155043 0.154658 0.154774 0.155406 0.156579 0.158327 0.160694 0.163736 0.167521 0.172131 0.177656 0.184201 0.191872 0.200769 0.210971 0.222500 0.235277 0.249065 0.263389 0.277484 0.290272 0.300456 0.306739 0.308138 0.304284 0.295543
0.736555 1.026269 1.527038 2.419082 3.809085 4.737375 3.817740 2.436554 1.553668 1.062589 0.783323 0.616831 0.513824 0.449211 0.409724 0.388238 0.381125 0.387035 0.406453 0.441758 0.497772 0.582935 0.711274 0.904817 1.192800 1.590906 2.021875 2.228540 2.018023 1.583043 1.180599 0.887761 0.688618 0.553655 0.460481 0.394593 0.346898 0.311657 0.285177 0.265017 0.249524 0.237552 0.228283 0.221121 0.215621 0.211441 0.208312 0.206016 0.204373 0.203228 0.202449 0.201921 0.201544 0.201234 0.200922 0.200554 0.200093 0.199518 0.198820 0.198006 0.197090 0.196096 0.195052 0.193988 0.192936 0.191924 0.190981 0.190132 0.189397 0.188796 0.188344 0.188054 0.187936 0.187998 0.188246 0.188686 0.189321 0.190154 0.191185 0.192417 0.193849 0.195482 0.197315 0.199348 0.201579 0.204007 0.206630 0.209444 0.212443 0.215620 0.218964 0.222463 0.226098 0.229849 0.233689 0.237591 0.241523 0.245454 0.249356 0.253204 0.256985 0.260696 0.264350 0.267981 0.271643 0.275416 0.279403 0.283734 0.288571 0.294102 0.300555 0.308201 0.317365 0.328445 0.341936 0.358466 0.378852 0.404171 0.435875 0.475941 0.527072 0.592911 0.678102 0.787633 0.923938 1.079182 1.223618 1.307973 1.302081 1.226539 1.123302 1.018894 0.922513 0.836292 0.760715 0.695724 0.640735 0.594776 0.556779 0.525832 0.501317 0.482946 0.470711 0.464794 0.465406 0.472516 0.485375 0.501828 0.517686 0.526938 0.523712 0.505413 0.474344 0.436080 0.396341 0.359019 0.325971 0.297643 0.273749 0.253719 0.236937 0.222840 0.210956 0.200896 0.192353 0.185082 0.178890 0.173628 0.169177 0.165446 0.162364 0.159881 0.157958 0.156572 0.155711 0.155372 0.155566 0.156313 0.157646 0.159610 0.162265 0.165689 0.169977 0.175245 0.181635 0.189311 0.198463 0.209293 0.222001 0.236750 0.253598 0.272400 0.292666 0.313395 0.332968 0.349206 0.359740 0.362673 0.357271 0.344264
0.810178 1.189402 1.953577 3.805293 9.354070 18.599962 9.362511 3.822330 1.979524 1.224754 0.855636 0.652672 0.532597 0.458891 0.413827 0.388267 0.377479 0.379300 0.393338 0.420690 0.463982 0.527563 0.617554 0.740872 0.900824 1.085174 1.248162 1.315034 1.244236 1.077159 0.888383 0.723473 0.594429 0.497651 0.425844 0.372377 0.332204 0.301708 0.278341 0.260305 0.246322 0.235468 0.227062 0.220597 0.215683 0.212013 0.209339 0.207458 0.206191 0.205387 0.204907 0.204630 0.204448 0.204268 0.204016 0.203634 0.203084 0.202350 0.201431 0.200343 0.199115 0.197783 0.196388 0.194971 0.193573 0.192232 0.190979 0.189844 0.188849 0.188012 0.187350 0.186873 0.186589 0.186506 0.186628 0.186957 0.187497 0.188248 0.189212 0.190389 0.191780 0.193384 0.195203 0.197235 0.199482 0.201940 0.204609 0.207485 0.210561 0.213830 0.217279 0.220892 0.224648 0.228519 0.232474 0.236477 0.240488 0.244469 0.248382 0.252198 0.255899 0.259482 0.262964 0.266383 0.269802 0.273310 0.277020 0.281071 0.285631 0.290896 0.297097 0.304507 0.313459 0.324361 0.337729 0.354236 0.374780 0.400597 0.433439 0.475863 0.531717 0.606935 0.710780 0.857314 1.064805 1.342624 1.641521 1.799234 1.692944 1.440210 1.199210 1.017156 0.884889 0.786085 0.709402 0.648226 0.598743 0.558626 0.526395 0.501143 0.482434 0.470265 0.465036 0.467531 0.478830 0.500040 0.531574 0.571596 0.613632 0.645148 0.651385 0.625316 0.573728 0.511141 0.449846 0.396071 0.351401 0.315157 0.285939 0.262326 0.243116 0.227355 0.214315 0.203444 0.194323 0.186637 0.180145 0.174664 0.170054 0.166209 0.163049 0.160516 0.158570 0.157184 0.156347 0.156059 0.156335 0.157202 0.158701 0.160891 0.163848 0.167674 0.172495 0.178475 0.185812 0.194754 0.205602 0.218707 0.234469 0.253298 0.275543 0.301345 0.330386 0.361523 0.392391 0.419266 0.437587 0.443398 0.435102 0.414292
0.838722 1.257416 2.158952 4.729406 18.595788 18.599679 18.603973 4.745917 2.184076 1.291604 0.882609 0.664618 0.537596 0.459965 0.412117 0.384041 0.370453 0.368679 0.377669 0.397532 0.429283 0.474605 0.535333 0.612178 0.702005 0.793676 0.865576 0.892249 0.861635 0.785630 0.689517 0.594713 0.512120 0.444576 0.390986 0.348998 0.316215 0.290607 0.270569 0.254877 0.242602 0.233042 0.225657 0.220033 0.215839 0.212809 0.210720 0.209380 0.208619 0.208281 0.208221 0.208307 0.208417 0.208447 0.208311 0.207944 0.207308 0.206392 0.205205 0.203780 0.202162 0.200407 0.198572 0.196716 0.194891 0.193144 0.191515 0.190034 0.188727 0.187612 0.186703 0.186009 0.185537 0.185290 0.185271 0.185481 0.185920 0.186589 0.187488 0.188616 0.189974 0.191563 0.193384 0.195436 0.197721 0.200239 0.202989 0.205967 0.209169 0.212585 0.216204 0.220005 0.223964 0.228048 0.232217 0.236424 0.240620 0.244750 0.248765 0.252624 0.256299 0.259783 0.263092 0.266270 0.269390 0.272552 0.275882 0.279534 0.283685 0.288540 0.294337 0.301354 0.309929 0.320477 0.333534 0.349807 0.370270 0.396310 0.429984 0.474479 0.534978 0.620393 0.746976 0.946148 1.280668 1.864359 2.764026 3.369390 2.799215 1.931735 1.374848 1.060417 0.874477 0.755107 0.672291 0.611340 0.564787 0.528679 0.500881 0.480317 0.466645 0.460155 0.461782 0.473222 0.497089 0.536969 0.596871 0.678693 0.775349 0.860400 0.890672 0.842139 0.738628 0.623112 0.521828 0.441653 0.380466 0.334020 0.298456 0.270831 0.249033 0.231571 0.217390 0.205739 0.196077 0.188011 0.181249 0.175574 0.170827 0.166885 0.163660 0.161089 0.159126 0.157746 0.156938 0.156704 0.157063 0.158049 0.159714 0.162128 0.165388 0.169621 0.174989 0.181706 0.190043 0.200349 0.213069 0.228766 0.248133 0.271991 0.301242 0.336697 0.378709 0.426449 0.476832 0.523514 0.557235 0.568936 0.554733 0.518507
0.810433 1.189553 1.953599 3.805154 9.353731 18.599378 9.361623 3.821063 1.977785 1.222417 0.852539 0.648593 0.527231 0.451814 0.404437 0.375692 0.360437 0.355865 0.360568 0.374016 0.396224 0.427407 0.467469 0.515158 0.566852 0.615440 0.650675 0.662562 0.646779 0.607488 0.554513 0.497909 0.444554 0.397783 0.358470 0.326209 0.300091 0.279115 0.262367 0.249072 0.238600 0.230443 0.224196 0.219532 0.216183 0.213923 0.212555 0.211900 0.211793 0.212072 0.212582 0.213172 0.213700 0.214040 0.214089 0.213770 0.213044 0.211904 0.210378 0.208519 0.206400 0.204101 0.201708 0.199297 0.196939 0.194693 0.192603 0.190706 0.189028 0.187585 0.186389 0.185446 0.184759 0.184329 0.184156 0.184237 0.184570 0.185156 0.185991 0.187076 0.188411 0.189997 0.191835 0.193927 0.196276 0.198883 0.201749 0.204874 0.208254 0.211882 0.215743 0.219819 0.224079 0.228485 0.232988 0.237526 0.242033 0.246435 0.250662 0.254652 0.258362 0.261774 0.264901 0.267793 0.270533 0.273241 0.276062 0.279168 0.282755 0.287039 0.292266 0.298720 0.306738 0.316740 0.329265 0.345042 0.365089 0.390894 0.424738 0.470295 0.533859 0.627027 0.773182 1.025218 1.522308 2.709859 6.243223 12.121590 6.268192 2.758024 1.590457 1.109265 0.868825 0.730327 0.641640 0.580346 0.535856 0.502865 0.478677 0.462060 0.452765 0.451402 0.459553 0.480132 0.518090 0.581566 0.683289 0.840123 1.061102 1.301627 1.413304 1.284822 1.027325 0.789035 0.614379 0.494139 0.411255 0.352777 0.310310 0.278583 0.254267 0.235212 0.219997 0.207660 0.197534 0.189149 0.182164 0.176334 0.171477 0.167461 0.164188 0.161590 0.159619 0.158250 0.157472 0.157291 0.157730 0.158829 0.160651 0.163279 0.166830 0.171456 0.177359 0.184806 0.194151 0.205860 0.220558 0.239076 0.262517 0.292334 0.330368 0.378798 0.439754 0.514215 0.599546 0.685717 0.753050 0.778312 0.750530 0.680673
0.737091 1.026601 1.527114 2.418839 3.808449 4.736253 3.816017 2.434086 1.550270 1.058019 0.777261 0.608847 0.503329 0.435383 0.391401 0.363741 0.347981 0.341534 0.342905 0.351251 0.366065 0.386879 0.412898 0.442545 0.473003 0.500025 0.518498 0.523999 0.514704 0.492284 0.461001 0.425782 0.390654 0.358163 0.329531 0.305084 0.284649 0.267828 0.254159 0.243193 0.234532 0.227831 0.222802 0.219199 0.216811 0.215454 0.214957 0.215154 0.215881 0.216968 0.218241 0.219522 0.220635 0.221420 0.221745 0.221514 0.220681 0.219251 0.217274 0.214838 0.212055 0.209046 0.205928 0.202810 0.199782 0.196915 0.194264 0.191866 0.189746 0.187919 0.186391 0.185164 0.184236 0.183603 0.183261 0.183203 0.183426 0.183926 0.184699 0.185746 0.187066 0.188660 0.190532 0.192684 0.195122 0.197850 0.200872 0.204192 0.207808 0.211716 0.215906 0.220357 0.225036 0.229900 0.234885 0.239916 0.244899 0.249734 0.254318 0.258556 0.262378 0.265748 0.268672 0.271207 0.273455 0.275562 0.277703 0.280081 0.282913 0.286437 0.290906 0.296607 0.303874 0.313119 0.324871 0.339849 0.359068 0.384036 0.417090 0.462067 0.525676 0.620599 0.773349 1.047421 1.628306 3.268328 12.076350 12.086161 12.094608 3.303766 1.678954 1.110733 0.846583 0.701180 0.611473 0.551579 0.509554 0.479504 0.458499 0.445275 0.439720 0.442771 0.456679 0.485711 0.537711 0.627444 0.783846 1.065034 1.576604 2.381021 2.915138 2.365569 1.545556 1.018100 0.720583 0.547249 0.439804 0.369109 0.320156 0.284793 0.258343 0.237988 0.221956 0.209093 0.198620 0.190002 0.182860 0.176922 0.171992 0.167927 0.164624 0.162011 0.160041 0.158686 0.157938 0.157806 0.158317 0.159518 0.161480 0.164301 0.168115 0.173100 0.179497 0.187629 0.197932 0.211004 0.227668 0.249076 0.276856 0.313323 0.361774 0.426810 0.514488 0.631468 0.781018 0.952101 1.102899 1.164989 1.100359 0.947018
0.643631 0.841970 1.132285 1.530217 1.959966 2.168800 1.967187 1.544758 1.154344 0.871853 0.681761 0.555179 0.470240 0.412845 0.374246 0.349012 0.333747 0.326306 0.325311 0.329844 0.339199 0.352666 0.369311 0.387747 0.405986 0.421486 0.431535 0.433964 0.427897 0.414069 0.394495 0.371719 0.348081 0.325320 0.304502 0.286143 0.270387 0.257155 0.246262 0.237481 0.230581 0.225348 0.221588 0.219131 0.217819 0.217507 0.218051 0.219298 0.221086 0.223230 0.225525 0.227753 0.229685 0.231107 0.231836 0.231744 0.230774 0.228945 0.226346 0.223118 0.219435 0.215475 0.211406 0.207375 0.203496 0.199857 0.196519 0.193518 0.190876 0.188601 0.186692 0.185144 0.183946 0.183090 0.182563 0.182357 0.182464 0.182877 0.183591 0.184604 0.185917 0.187532 0.189453 0.191685 0.194238 0.197119 0.200338 0.203902 0.207819 0.212088 0.216705 0.221650 0.226893 0.232383 0.238045 0.243779 0.249463 0.254952 0.260093 0.264743 0.268786 0.272152 0.274838 0.276911 0.278503 0.279802 0.281032 0.282440 0.284280 0.286812 0.290304 0.295042 0.301349 0.309615 0.320340 0.334200 0.352154 0.375621 0.406802 0.449289 0.509291 0.598328 0.739727 0.986370 1.477493 2.658678 6.185584 12.057854 6.199265 2.685369 1.515960 1.034998 0.796756 0.662082 0.578376 0.522755 0.484267 0.457392 0.439377 0.429095 0.426603 0.433123 0.451436 0.486926 0.550015 0.662150 0.872192 1.308924 2.384420 5.629532 11.044185 5.615339 2.355909 1.265843 0.814155 0.588626 0.460316 0.380175 0.326531 0.288670 0.260817 0.239641 0.223114 0.209944 0.199278 0.190537 0.183315 0.177325 0.172362 0.168277 0.164964 0.162350 0.160387 0.159049 0.158329 0.158238 0.158810 0.160095 0.162174 0.165155 0.169189 0.174478 0.181298 0.190022 0.201169 0.215462 0.233927 0.258060 0.290075 0.333339 0.393092 0.477645 0.600271 0.781470 1.048265 1.415207 1.811598 2.001788 1.809037 1.410081
0.551176 0.680530 0.844966 1.032675 1.198834 1.270085 1.205693 1.046477 0.865883 0.708823 0.587204 0.497597 0.432947 0.386860 0.354512 0.332490 0.318438 0.310731 0.308225 0.310068 0.315545 0.323930 0.334367 0.345761 0.356745 0.365757 0.371268 0.372118 0.367834 0.358761 0.345920 0.330689 0.314450 0.298351 0.283209 0.269522 0.257540 0.247340 0.238892 0.232111 0.226887 0.223104 0.220648 0.219413 0.219294 0.220185 0.221970 0.224515 0.227654 0.231186 0.234864 0.238404 0.241498 0.243839 0.245162 0.245281 0.244118 0.241716 0.238228 0.233883 0.228949 0.223694 0.218357 0.213134 0.208170 0.203568 0.199388 0.195664 0.192408 0.189614 0.187271 0.185361 0.183865 0.182763 0.182039 0.181676 0.181661 0.181986 0.182642 0.183627 0.184941 0.186587 0.188572 0.190904 0.193597 0.196664 0.200122 0.203987 0.208274 0.212994 0.218150 0.223734 0.229718 0.236048 0.242639 0.249366 0.256060 0.262519 0.268514 0.273819 0.278242 0.281663 0.284055 0.285505 0.286195 0.286385 0.286377 0.286487 0.287024 0.288280 0.290536 0.294073 0.299195 0.306256 0.315706 0.328146 0.344423 0.365778 0.394106 0.432414 0.485700 0.562692 0.679498 0.867476 1.189470 1.759623 2.645377 3.237436 2.655825 1.780095 1.219178 0.905387 0.724477 0.613656 0.541768 0.493036 0.459187 0.435815 0.420678 0.412916 0.412760 0.421599 0.442451 0.481158 0.549213 0.671009 0.905236 1.423481 2.921488 11.047170 11.040375 11.034154 2.895346 1.383993 0.852061 0.603679 0.467117 0.383513 0.328269 0.289623 0.261373 0.239996 0.223371 0.210158 0.199478 0.190736 0.183520 0.177540 0.172587 0.168513 0.165210 0.162608 0.160658 0.159337 0.158640 0.158581 0.159197 0.160544 0.162708 0.165807 0.170005 0.175523 0.182664 0.191847 0.203654 0.218916 0.238843 0.265238 0.300880 0.350204 0.420595 0.524955 0.687068 0.953176 1.415829 2.243000 3.534099 4.394397 3.531514 2.237827
0.470501 0.554139 0.649570 0.746060 0.822531 0.854094 0.829017 0.759104 0.669319 0.580814 0.504403 0.442967 0.395523 0.359854 0.333697 0.315149 0.302720 0.295276 0.291939 0.291997 0.294815 0.299752 0.306097 0.313021 0.319584 0.324795 0.327740 0.327751 0.324549 0.318300 0.309552 0.299085 0.287735 0.276259 0.265252 0.255135 0.246169 0.238495 0.232169 0.227195 0.223545 0.221179 0.220050 0.220111 0.221308 0.223581 0.226849 0.231001 0.235876 0.241250 0.246822 0.252214 0.256989 0.260689 0.262904 0.263343 0.261890 0.258631 0.253828 0.247858 0.241147 0.234095 0.227044 0.220253 0.213899 0.208091 0.202886 0.198299 0.194322 0.190933 0.188099 0.185787 0.183963 0.182598 0.181662 0.181134 0.180994 0.181229 0.181829 0.182791 0.184113 0.185801 0.187864 0.190315 0.193173 0.196458 0.200198 0.204420 0.209152 0.214422 0.220249 0.226641 0.233584 0.241030 0.248887 0.257001 0.265152 0.273047 0.280344 0.286682 0.291741 0.295305 0.297314 0.297885 0.297292 0.295919 0.294196 0.292550 0.291367 0.290983 0.291691 0.293760 0.297461 0.303096 0.311043 0.321801 0.336068 0.354847 0.379626 0.412664 0.457483 0.519680 0.608208 0.736917 0.924073 1.179432 1.454704 1.589311 1.462792 1.195336 0.947285 0.766768 0.643968 0.560658 0.503139 0.462720 0.434176 0.414491 0.402085 0.396417 0.397855 0.407797 0.429130 0.467304 0.532791 0.647069 0.859028 1.297472 2.374495 5.620967 11.036830 5.609058 2.350579 1.261353 0.810406 0.585529 0.457790 0.378147 0.324935 0.287447 0.259913 0.239008 0.222709 0.209730 0.199221 0.190606 0.183486 0.177577 0.172677 0.168642 0.165369 0.162789 0.160858 0.159552 0.158871 0.158832 0.159472 0.160853 0.163065 0.166233 0.170527 0.176182 0.183520 0.192986 0.205209 0.221093 0.241970 0.269867 0.307974 0.361549 0.439724 0.559479 0.755199 1.104766 1.813009 3.534885 8.703105 17.317669 8.700494 3.529659
0.404448 0.459312 0.517128 0.571117 0.611371 0.628203 0.617478 0.583392 0.535697 0.484362 0.436229 0.394652 0.360563 0.333631 0.313026 0.297823 0.287166 0.280317 0.276647 0.275602 0.276663 0.279305 0.282967 0.287034 0.290854 0.293775 0.295225 0.294796 0.292309 0.287845 0.281711 0.274370 0.266342 0.258129 0.250164 0.242780 0.236218 0.230640 0.226144 0.222789 0.220607 0.219618 0.219833 0.221263 0.223912 0.227772 0.232815 0.238967 0.246088 0.253938 0.262150 0.270212 0.277484 0.283253 0.286850 0.287788 0.285877 0.281281 0.274460 0.266059 0.256759 0.247172 0.237778 0.228911 0.220772 0.213462 0.207010 0.201400 0.196589 0.192522 0.189141 0.186388 0.184210 0.182562 0.181403 0.180703 0.180435 0.180581 0.181128 0.182070 0.183408 0.185148 0.187302 0.189889 0.192934 0.196469 0.200533 0.205169 0.210425 0.216353 0.222998 0.230397 0.238566 0.247478 0.257049 0.267104 0.277359 0.287401 0.296707 0.304692 0.310808 0.314666 0.316140 0.315409 0.312916 0.309268 0.305114 0.301053 0.297581 0.295088 0.293870 0.294169 0.296200 0.300197 0.306445 0.315323 0.327356 0.343289 0.364184 0.391568 0.427626 0.475426 0.539008 0.622815 0.728966 0.849831 0.956824 1.003252 0.963135 0.862274 0.747211 0.646426 0.567511 0.508384 0.464722 0.432688 0.409521 0.393455 0.383545 0.379542 0.381885 0.391835 0.411839 0.446295 0.503138 0.597198 0.757468 1.042107 1.556753 2.363907 2.900456 2.353043 1.534939 1.009168 0.713137 0.541108 0.434806 0.365107 0.317018 0.282400 0.256587 0.236772 0.221195 0.208709 0.198547 0.190179 0.183237 0.177457 0.172650 0.168681 0.165454 0.162905 0.160994 0.159700 0.159026 0.158991 0.159634 0.161019 0.163237 0.166417 0.170733 0.176422 0.183814 0.193365 0.205717 0.221803 0.242998 0.271409 0.310381 0.365479 0.446522 0.572157 0.781429 1.167816 2.004150 4.396130 17.318613 17.317294 17.315972 4.390845
0.351991 0.388927 0.425679 0.458272 0.481841 0.492167 0.487566 0.469775 0.443066 0.412357 0.381675 0.353583 0.329338 0.309309 0.293367 0.281151 0.272222 0.266136 0.262467 0.260807 0.260756 0.261904 0.263823 0.266061 0.268160 0.269681 0.270252 0.269608 0.267631 0.264359 0.259974 0.254759 0.249049 0.243188 0.237487 0.232212 0.227573 0.223732 0.220810 0.218902 0.218085 0.218429 0.220002 0.222875 0.227120 0.232803 0.239969 0.248618 0.258664 0.269879 0.281835 0.293843 0.304944 0.313987 0.319818 0.321565 0.318893 0.312114 0.302079 0.289919 0.276760 0.263537 0.250912 0.239288 0.228861 0.219688 0.211736 0.204927 0.199161 0.194336 0.190352 0.187121 0.184566 0.182621 0.181232 0.180356 0.179958 0.180016 0.180513 0.181441 0.182800 0.184600 0.186856 0.189593 0.192846 0.196659 0.201085 0.206190 0.212049 0.218746 0.226370 0.235005 0.244720 0.255542 0.267424 0.280197 0.293516 0.306811 0.319280 0.329953 0.337862 0.342282 0.342954 0.340184 0.334748 0.327668 0.319972 0.312528 0.305981 0.300768 0.297164 0.295348 0.295455 0.297618 0.302012 0.308880 0.318573 0.331582 0.348591 0.370517 0.398546 0.434085 0.478510 0.532400 0.593875 0.656014 0.705331 0.725927 0.710262 0.665756 0.608209 0.551038 0.501141 0.460428 0.428414 0.403883 0.385667 0.372918 0.365184 0.362437 0.365118 0.374259 0.391709 0.420568 0.465915 0.535989 0.643598 0.805679 1.031326 1.275998 1.391354 1.266129 1.011510 0.775761 0.603341 0.485064 0.403896 0.346913 0.305740 0.275128 0.251764 0.233514 0.218975 0.207197 0.197529 0.189511 0.182818 0.177216 0.172535 0.168653 0.165485 0.162972 0.161080 0.159793 0.159114 0.159065 0.159687 0.161044 0.163226 0.166360 0.170618 0.176235 0.183533 0.192959 0.205140 0.220981 0.241816 0.269669 0.307733 0.361264 0.439396 0.559108 0.754786 1.104312 1.812515 3.534353 8.702538 17.317069 8.699864 3.529002
0.310867 0.336515 0.361012 0.382042 0.397088 0.404137 0.402429 0.392771 0.377219 0.358338 0.338484 0.319416 0.302222 0.287444 0.275245 0.265560 0.258203 0.252927 0.249459 0.247516 0.246800 0.247003 0.247806 0.248879 0.249898 0.250562 0.250619 0.249894 0.248305 0.245871 0.242703 0.238983 0.234936 0.230802 0.226814 0.223182 0.220089 0.217692 0.216125 0.215509 0.215957 0.217588 0.220526 0.224913 0.230904 0.238665 0.248362 0.260122 0.273987 0.289818 0.307171 0.325159 0.342345 0.356803 0.366442 0.369581 0.365569 0.355039 0.339651 0.321480 0.302430 0.283918 0.266810 0.251529 0.238190 0.226731 0.216998 0.208806 0.201968 0.196308 0.191675 0.187938 0.184989 0.182738 0.181114 0.180061 0.179536 0.179508 0.179958 0.180876 0.182262 0.184128 0.186495 0.189394 0.192870 0.196983 0.201804 0.207428 0.213963 0.221540 0.230309 0.240430 0.252064 0.265344 0.280323 0.296904 0.314724 0.333036 0.350620 0.365836 0.376898 0.382381 0.381749 0.375582 0.365349 0.352883 0.339878 0.327612 0.316897 0.308172 0.301627 0.297316 0.295238 0.295395 0.297824 0.302623 0.309971 0.320138 0.333498 0.350520 0.371733 0.397612 0.428317 0.463207 0.500104 0.534614 0.560362 0.571118 0.564190 0.542189 0.511275 0.477776 0.446072 0.418362 0.395357 0.377014 0.363038 0.353151 0.347228 0.345376 0.347990 0.355840 0.370187 0.392954 0.426920 0.475804 0.543722 0.632672 0.735655 0.826313 0.861547 0.817398 0.717756 0.605648 0.507360 0.429810 0.370917 0.326466 0.292625 0.266482 0.245946 0.229548 0.216255 0.205336 0.196269 0.188677 0.182287 0.176899 0.172368 0.168588 0.165485 0.163010 0.161134 0.159844 0.159148 0.159067 0.159643 0.160938 0.163040 0.166071 0.170196 0.175636 0.182698 0.191798 0.203521 0.218698 0.238538 0.264846 0.300400 0.349636 0.419940 0.524213 0.686241 0.952265 1.414839 2.241934 3.532961 4.393193 3.530249 2.236508
0.278771 0.297171 0.314245 0.328622 0.338933 0.344145 0.343887 0.338573 0.329273 0.317398 0.304352 0.291304 0.279084 0.268205 0.258920 0.251302 0.245303 0.240805 0.237644 0.235628 0.234547 0.234176 0.234279 0.234621 0.234968 0.235113 0.234882 0.234156 0.232878 0.231057 0.228768 0.226132 0.223306 0.220467 0.217791 0.215452 0.213611 0.212419 0.212020 0.212554 0.214172 0.217036 0.221336 0.227293 0.235170 0.245275 0.257952 0.273555 0.292386 0.314562 0.339795 0.367073 0.394308 0.418213 0.434770 0.440486 0.433952 0.416563 0.391793 0.363646 0.335395 0.309108 0.285783 0.265690 0.248696 0.234482 0.222680 0.212929 0.204912 0.198358 0.193041 0.188781 0.185430 0.182872 0.181015 0.179788 0.179139 0.179030 0.179437 0.180350 0.181768 0.183705 0.186187 0.189254 0.192964 0.197390 0.202630 0.208809 0.216081 0.224637 0.234712 0.246577 0.260544 0.276931 0.296014 0.317909 0.342385 0.368581 0.394713 0.417960 0.434865 0.442437 0.439478 0.427224 0.408708 0.387426 0.366246 0.347004 0.330614 0.317373 0.307240 0.300027 0.295517 0.293526 0.293927 0.296661 0.301743 0.309257 0.319340 0.332160 0.347855 0.366435 0.387602 0.410502 0.433458 0.453867 0.468567 0.474816 0.471491 0.459657 0.442005 0.421662 0.401216 0.382358 0.365986 0.352475 0.341938 0.334401 0.329925 0.328677 0.330981 0.337367 0.348613 0.365771 0.390123 0.422940 0.464777 0.513929 0.564040 0.602689 0.615221 0.594699 0.547995 0.489702 0.432173 0.381694 0.339899 0.306148 0.279082 0.257313 0.239667 0.225221 0.213272 0.203293 0.194890 0.187770 0.181716 0.176564 0.172195 0.168523 0.165487 0.163046 0.161177 0.159874 0.159145 0.159013 0.159518 0.160720 0.162701 0.165576 0.169496 0.174667 0.181364 0.189964 0.200983 0.215145 0.233480 0.257480 0.289361 0.332492 0.392111 0.476532 0.599028 0.780100 1.046773 1.413599 1.809881 1.999968 1.807125 1.408087
0.253762 0.267397 0.279796 0.290129 0.297616 0.301697 0.302179 0.299294 0.293639 0.286029 0.277326 0.268303 0.259564 0.251534 0.244468 0.238489 0.233622 0.229825 0.227006 0.225042 0.223790 0.223089 0.222770 0.222661 0.222601 0.222441 0.222062 0.221381 0.220361 0.219007 0.217371 0.215542 0.213633 0.211780 0.210124 0.208812 0.207990 0.207806 0.208410 0.209965 0.212653 0.216686 0.222322 0.229879 0.239753 0.252440 0.268552 0.288810 0.314002 0.344843 0.381636 0.423649 0.468162 0.509583 0.539757 0.550703 0.538996 0.508047 0.465825 0.420475 0.377573 0.339827 0.307958 0.281648 0.260173 0.242731 0.228593 0.217139 0.207868 0.200382 0.194369 0.189584 0.185836 0.182978 0.180896 0.179504 0.178739 0.178556 0.178926 0.179837 0.181289 0.183299 0.185898 0.189136 0.193080 0.197824 0.203493 0.210247 0.218295 0.227904 0.239417 0.253265 0.269982 0.290199 0.314607 0.343834 0.378156 0.416953 0.457887 0.496143 0.524688 0.536641 0.529066 0.504934 0.471159 0.434811 0.400745 0.371340 0.347264 0.328294 0.313862 0.303346 0.296193 0.291960 0.290320 0.291048 0.294005 0.299118 0.306352 0.315679 0.327025 0.340195 0.354771 0.369996 0.384704 0.397352 0.406279 0.410154 0.408447 0.401642 0.391030 0.378243 0.364805 0.351887 0.340262 0.330392 0.322535 0.316855 0.313496 0.312635 0.314522 0.319494 0.327985 0.340486 0.357450 0.379043 0.404702 0.432444 0.458243 0.476238 0.480699 0.469152 0.444011 0.410947 0.375759 0.342413 0.312824 0.287492 0.266174 0.248343 0.233419 0.220875 0.210269 0.201246 0.193526 0.186894 0.181185 0.176274 0.172069 0.168502 0.165525 0.163109 0.161237 0.159906 0.159127 0.158924 0.159334 0.160413 0.162237 0.164908 0.168565 0.173387 0.179617 0.187578 0.197707 0.210603 0.227089 0.248317 0.275915 0.312201 0.360469 0.425326 0.512827 0.629634 0.779017 0.949940 1.100588 1.162540 1.097783 0.944329
0.234329 0.244755 0.254103 0.261854 0.267547 0.270866 0.271709 0.270215 0.266740 0.261777 0.255874 0.249547 0.243231 0.237257 0.231849 0.227141 0.223189 0.219993 0.217508 0.215662 0.214358 0.213483 0.212920 0.212547 0.212247 0.211918 0.211478 0.210869 0.210066 0.209077 0.207941 0.206723 0.205516 0.204424 0.203569 0.203077 0.203085 0.203740 0.205202 0.207652 0.211305 0.216424 0.223340 0.232478 0.244397 0.259834 0.279766 0.305470 0.338571 0.380983 0.434583 0.500229 0.575600 0.651862 0.711686 0.734613 0.710979 0.650437 0.573438 0.497299 0.430846 0.376388 0.333060 0.298975 0.272210 0.251136 0.234468 0.221228 0.210678 0.202263 0.195567 0.190276 0.186150 0.183011 0.180721 0.179178 0.178308 0.178059 0.178399 0.179312 0.180801 0.182884 0.185597 0.188998 0.193170 0.198225 0.204314 0.211640 0.220471 0.231164 0.244195 0.260201 0.280025 0.304777 0.335865 0.374951 0.423667 0.482763 0.550246 0.618492 0.672538 0.694714 0.676687 0.626820 0.562812 0.499657 0.445013 0.400908 0.366630 0.340590 0.321173 0.307022 0.297087 0.290587 0.286955 0.285789 0.286803 0.289795 0.294605 0.301086 0.309051 0.318232 0.328219 0.338414 0.348022 0.356105 0.361736 0.364212 0.363257 0.359109 0.352435 0.344133 0.335119 0.326176 0.317900 0.310707 0.304882 0.300627 0.298109 0.297488 0.298946 0.302682 0.308909 0.317801 0.329407 0.343491 0.359300 0.375318 0.389171 0.397962 0.399174 0.391774 0.376736 0.356522 0.333971 0.311399 0.290267 0.271269 0.254586 0.240110 0.227610 0.216818 0.207479 0.199374 0.192316 0.186157 0.180782 0.176101 0.172047 0.168571 0.165640 0.163233 0.161341 0.159966 0.159119 0.158824 0.159116 0.160046 0.161681 0.164111 0.167456 0.171871 0.177559 0.184787 0.193909 0.205393 0.219863 0.238150 0.261360 0.290943 0.328744 0.376942 0.437670 0.511908 0.597023 0.682988 0.750128 0.775211 0.747266 0.677264
0.219344 0.227561 0.234847 0.240873 0.245358 0.248117 0.249099 0.248396 0.246234 0.242926 0.238833 0.234308 0.229663 0.225152 0.220963 0.217218 0.213984 0.211283 0.209100 0.207394 0.206104 0.205154 0.204460 0.203939 0.203508 0.203097 0.202647 0.202121 0.201504 0.200805 0.200056 0.199312 0.198645 0.198148 0.197922 0.198086 0.198769 0.200119 0.202303 0.205522 0.210024 0.216119 0.224214 0.234849 0.248763 0.266978 0.290933 0.322672 0.365097 0.422265 0.499506 0.602686 0.734680 0.885769 1.019134 1.074527 1.018478 0.884450 0.732683 0.599987 0.496075 0.418064 0.360083 0.316794 0.284138 0.259207 0.239956 0.224947 0.213161 0.203868 0.196538 0.190784 0.186318 0.182927 0.180453 0.178779 0.177820 0.177517 0.177834 0.178754 0.180279 0.182431 0.185250 0.188804 0.193187 0.198530 0.205012 0.212876 0.222455 0.234203 0.248746 0.266964 0.290098 0.319914 0.358924 0.410636 0.479666 0.571088 0.687398 0.820205 0.937695 0.987806 0.941622 0.828084 0.699279 0.587048 0.499809 0.435095 0.387863 0.353530 0.328623 0.310669 0.297942 0.289244 0.283738 0.280838 0.280123 0.281283 0.284068 0.288255 0.293607 0.299839 0.306588 0.313396 0.319713 0.324950 0.328556 0.330131 0.329518 0.326838 0.322458 0.316897 0.310719 0.304445 0.298513 0.293263 0.288949 0.285766 0.283870 0.283397 0.284471 0.287203 0.291673 0.297897 0.305761 0.314933 0.324761 0.334205 0.341870 0.346241 0.346100 0.340957 0.331243 0.318122 0.303051 0.287370 0.272068 0.257748 0.244694 0.232980 0.222554 0.213308 0.205114 0.197848 0.191399 0.185674 0.180601 0.176121 0.172192 0.168783 0.165875 0.163455 0.161523 0.160082 0.159148 0.158741 0.158894 0.159652 0.161073 0.163234 0.166234 0.170202 0.175303 0.181748 0.189811 0.199839 0.212279 0.227692 0.246772 0.270342 0.299303 0.334471 0.376198 0.423660 0.473774 0.520199 0.553678 0.565155 0.550749 0.514342
0.207990 0.214653 0.220502 0.225324 0.228945 0.231256 0.232235 0.231953 0.230561 0.228274 0.225336 0.221997 0.218486 0.214997 0.211682 0.208646 0.205958 0.203648 0.201720 0.200152 0.198907 0.197936 0.197182 0.196585 0.196090 0.195647 0.195218 0.194777 0.194319 0.193852 0.193407 0.193030 0.192785 0.192751 0.193021 0.193706 0.194931 0.196844 0.199622 0.203483 0.208700 0.215631 0.224752 0.236717 0.252444 0.273259 0.301121 0.339000 0.391513 0.465982 0.574096 0.733904 0.969201 1.292799 1.642450 1.810668 1.641842 1.291579 0.967356 0.731417 0.570946 0.462142 0.386952 0.333683 0.295013 0.266322 0.244642 0.228016 0.215126 0.205062 0.197184 0.191035 0.186283 0.182684 0.180060 0.178280 0.177250 0.176907 0.177209 0.178140 0.179701 0.181916 0.184831 0.188518 0.193085 0.198678 0.205503 0.213842 0.224085 0.236782 0.252716 0.273023 0.299391 0.334385 0.381995 0.448551 0.544158 0.684423 0.889919 1.171728 1.476053 1.623563 1.479765 1.179174 0.901141 0.699485 0.563147 0.471576 0.409189 0.365908 0.335427 0.313782 0.298437 0.287729 0.280545 0.276119 0.273912 0.273524 0.274644 0.277001 0.280337 0.284374 0.288801 0.293264 0.297376 0.300746 0.303029 0.303981 0.303502 0.301656 0.298655 0.294809 0.290475 0.286004 0.281710 0.277855 0.274651 0.272265 0.270829 0.270452 0.271215 0.273175 0.276344 0.280668 0.285987 0.291992 0.298187 0.303878 0.308232 0.310410 0.309771 0.306054 0.299460 0.290570 0.280166 0.269027 0.257795 0.246922 0.236676 0.227188 0.218492 0.210568 0.203367 0.196834 0.190914 0.185562 0.180738 0.176415 0.172571 0.169193 0.166275 0.163814 0.161815 0.160286 0.159242 0.158703 0.158698 0.159266 0.160454 0.162327 0.164963 0.168466 0.172963 0.178615 0.185623 0.194232 0.204742 0.217506 0.232922 0.251402 0.273296 0.298749 0.327443 0.358240 0.388779 0.415339 0.433364 0.438900 0.430356 0.409326
0.199693 0.205244 0.210063 0.214006 0.216966 0.218883 0.219757 0.219648 0.218668 0.216973 0.214741 0.212155 0.209385 0.206583 0.203870 0.201337 0.199046 0.197030 0.195302 0.193853 0.192662 0.191698 0.190921 0.190292 0.189772 0.189328 0.188933 0.188573 0.188247 0.187967 0.187761 0.187669 0.187751 0.188076 0.188733 0.189824 0.191474 0.193831 0.197079 0.201448 0.207233 0.214828 0.224768 0.237803 0.255010 0.277989 0.309197 0.352546 0.414545 0.506556 0.649526 0.884170 1.291980 2.020850 3.158308 3.916573 3.157743 2.019717 1.290272 0.881874 0.646628 0.503038 0.410387 0.347728 0.303697 0.271787 0.248089 0.230152 0.216384 0.205717 0.197416 0.190967 0.185999 0.182245 0.179512 0.177657 0.176579 0.176211 0.176509 0.177454 0.179049 0.181319 0.184313 0.188110 0.192825 0.198618 0.205716 0.214430 0.225204 0.238666 0.255735 0.277784 0.306928 0.346544 0.402253 0.483877 0.609521 0.814379 1.168894 1.800905 2.786075 3.443485 2.789583 1.807939 1.179488 0.828586 0.627412 0.505541 0.427796 0.376092 0.340624 0.315788 0.298223 0.285828 0.277239 0.271540 0.268094 0.266436 0.266210 0.267120 0.268902 0.271294 0.274029 0.276830 0.279412 0.281505 0.282878 0.283373 0.282919 0.281552 0.279395 0.276641 0.273522 0.270275 0.267125 0.264270 0.261876 0.260079 0.258986 0.258679 0.259214 0.260612 0.262858 0.265873 0.269505 0.273501 0.277502 0.281048 0.283626 0.284747 0.284044 0.281364 0.276795 0.270639 0.263323 0.255302 0.246983 0.238679 0.230607 0.222898 0.215617 0.208790 0.202419 0.196494 0.191005 0.185941 0.181296 0.177066 0.173253 0.169859 0.166889 0.164350 0.162253 0.160608 0.159430 0.158740 0.158560 0.158923 0.159867 0.161442 0.163709 0.166746 0.170647 0.175528 0.181529 0.188813 0.197567 0.207992 0.220291 0.234624 0.251053 0.269436 0.289285 0.309605 0.328780 0.344637 0.354812 0.357414 0.351712 0.338440
0.194076 0.198825 0.202880 0.206148 0.208564 0.210104 0.210784 0.210663 0.209838 0.208430 0.206578 0.204423 0.202099 0.199725 0.197400 0.195198 0.193176 0.191365 0.189781 0.188423 0.187279 0.186330 0.185550 0.184911 0.184386 0.183954 0.183599 0.183311 0.183094 0.182962 0.182941 0.183069 0.183400 0.184000 0.184950 0.186350 0.188320 0.191011 0.194606 0.199345 0.205536 0.213597 0.224102 0.237863 0.256070 0.280517 0.314026 0.361233 0.430186 0.535841 0.708478 1.016673 1.640774 3.157453 7.708640 15.294334 7.708113 3.156396 1.639183 1.014541 0.705797 0.532600 0.426376 0.356843 0.309049 0.274947 0.249906 0.231112 0.216778 0.205727 0.197161 0.190526 0.185427 0.181582 0.178786 0.176891 0.175791 0.175416 0.175720 0.176684 0.178310 0.180625 0.183680 0.187557 0.192377 0.198308 0.205590 0.214556 0.225680 0.239648 0.257471 0.280690 0.311733 0.354599 0.416241 0.509582 0.660792 0.929147 1.470533 2.783408 6.719181 13.277855 6.722494 2.790050 1.480531 0.942545 0.677647 0.529964 0.440235 0.382301 0.343250 0.316142 0.296982 0.283348 0.273698 0.267013 0.262591 0.259926 0.258637 0.258418 0.259005 0.260158 0.261645 0.263242 0.264731 0.265918 0.266638 0.266782 0.266297 0.265200 0.263565 0.261515 0.259203 0.256792 0.254443 0.252303 0.250499 0.249139 0.248306 0.248063 0.248446 0.249461 0.251081 0.253231 0.255781 0.258539 0.261249 0.263604 0.265279 0.265971 0.265458 0.263633 0.260529 0.256297 0.251167 0.245400 0.239243 0.232901 0.226531 0.220241 0.214103 0.208163 0.202453 0.196998 0.191820 0.186942 0.182384 0.178168 0.174315 0.170842 0.167767 0.165105 0.162871 0.161079 0.159743 0.158881 0.158511 0.158658 0.159352 0.160628 0.162532 0.165117 0.168450 0.172609 0.177682 0.183770 0.190978 0.199404 0.209125 0.220165 0.232447 0.245737 0.259565 0.273169 0.285481 0.295208 0.301060 0.302061 0.297849 0.288792
0.190931 0.195097 0.198569 0.201284 0.203213 0.204357 0.204752 0.204466 0.203589 0.202230 0.200506 0.198533 0.196422 0.194268 0.192154 0.190141 0.188276 0.186588 0.185093 0.183792 0.182680 0.181744 0.180965 0.180324 0.179804 0.179389 0.179069 0.178842 0.178711 0.178694 0.178813 0.179107 0.179624 0.180425 0.181590 0.183211 0.185408 0.188327 0.192151 0.197121 0.203549 0.211860 0.222641 0.236728 0.255349 0.280371 0.314749 0.363394 0.434957 0.545865 0.730500 1.071171 1.808102 3.914830 15.293446 15.293149 15.292950 3.913836 1.806608 1.069174 0.727997 0.542854 0.431435 0.359360 0.310207 0.275327 0.249816 0.230726 0.216199 0.205021 0.196370 0.189677 0.184541 0.180674 0.177867 0.175969 0.174875 0.174511 0.174832 0.175819 0.177474 0.179824 0.182919 0.186845 0.191722 0.197723 0.205090 0.214164 0.225430 0.239592 0.257696 0.281341 0.313071 0.357121 0.420961 0.518785 0.680306 0.976669 1.615512 3.438327 13.275384 13.276916 13.278515 3.444600 1.624951 0.989307 0.696190 0.537971 0.443514 0.383112 0.342581 0.314452 0.294492 0.280155 0.269835 0.262470 0.257335 0.253911 0.251808 0.250723 0.250400 0.250617 0.251174 0.251883 0.252574 0.253097 0.253333 0.253198 0.252651 0.251699 0.250386 0.248791 0.247018 0.245180 0.243393 0.241764 0.240392 0.239359 0.238731 0.238554 0.238853 0.239630 0.240855 0.242466 0.244362 0.246401 0.248402 0.250160 0.251460 0.252108 0.251955 0.250921 0.249000 0.246257 0.242804 0.238776 0.234309 0.229523 0.224516 0.219367 0.214141 0.208891 0.203671 0.198533 0.193527 0.188708 0.184123 0.179818 0.175835 0.172206 0.168960 0.166120 0.163704 0.161728 0.160207 0.159152 0.158579 0.158504 0.158947 0.159932 0.161488 0.163649 0.166457 0.169958 0.174202 0.179243 0.185126 0.191883 0.199519 0.207984 0.217150 0.226773 0.236462 0.245661 0.253666 0.259689 0.262993 0.263044 0.259649 0.253010
0.190198 0.193947 0.196955 0.199184 0.200631 0.201326 0.201329 0.200723 0.199607 0.198090 0.196280 0.194282 0.192188 0.190082 0.188029 0.186081 0.184276 0.182637 0.181178 0.179899 0.178798 0.177863 0.177081 0.176439 0.175924 0.175524 0.175234 0.175053 0.174988 0.175055 0.175277 0.175689 0.176337 0.177279 0.178588 0.180355 0.182692 0.185741 0.189682 0.194747 0.201243 0.209585 0.220345 0.234337 0.252748 0.277376 0.311043 0.358386 0.427457 0.533211 0.705932 1.014197 1.638355 3.155081 7.706306 15.292030 7.705832 3.154134 1.636935 1.012304 0.703568 0.530379 0.424160 0.354633 0.306845 0.272749 0.247716 0.228931 0.214609 0.203572 0.195023 0.188407 0.183332 0.179513 0.176747 0.174886 0.173825 0.173492 0.173843 0.174857 0.176538 0.178911 0.182028 0.185970 0.190856 0.196855 0.204205 0.213238 0.224427 0.238455 0.256333 0.279598 0.310677 0.353567 0.415217 0.508549 0.659731 0.928036 1.469348 2.782122 6.717764 13.276277 6.720723 2.788049 1.478262 0.939966 0.674714 0.526627 0.436440 0.377988 0.338352 0.310582 0.290678 0.276205 0.265614 0.257876 0.252282 0.248325 0.245627 0.243893 0.242885 0.242399 0.242257 0.242304 0.242399 0.242426 0.242290 0.241927 0.241304 0.240419 0.239300 0.237999 0.236586 0.235140 0.233747 0.232486 0.231432 0.230648 0.230187 0.230084 0.230358 0.231010 0.232016 0.233329 0.234875 0.236551 0.238234 0.239784 0.241057 0.241921 0.242269 0.242031 0.241178 0.239715 0.237675 0.235105 0.232054 0.228569 0.224697 0.220480 0.215970 0.211226 0.206316 0.201319 0.196320 0.191403 0.186647 0.182125 0.177898 0.174016 0.170518 0.167434 0.164784 0.162584 0.160846 0.159579 0.158791 0.158490 0.158687 0.159394 0.160626 0.162400 0.164737 0.167657 0.171182 0.175328 0.180102 0.185496 0.191470 0.197944 0.204778 0.211751 0.218557 0.224796 0.229999 0.233675 0.235384 0.234820 0.231878 0.226677
0.191975 0.195439 0.198059 0.199817 0.200738 0.200887 0.200356 0.199257 0.197709 0.195832 0.193736 0.191521 0.189272 0.187058 0.184935 0.182943 0.181110 0.179452 0.177978 0.176686 0.175571 0.174624 0.173832 0.173184 0.172668 0.172277 0.172007 0.171859 0.171839 0.171964 0.172256 0.172746 0.173478 0.174507 0.175900 0.177743 0.180143 0.183233 0.187185 0.192218 0.198622 0.206786 0.217244 0.230743 0.248362 0.271705 0.303231 0.346854 0.409087 0.501298 0.644435 0.879218 1.287143 2.016106 3.153638 3.911964 3.153180 2.015190 1.285772 0.877396 0.642166 0.498590 0.405950 0.343302 0.299282 0.267386 0.243703 0.225785 0.212040 0.201401 0.193134 0.186724 0.181802 0.178102 0.175429 0.173643 0.172642 0.172360 0.172751 0.173799 0.175504 0.177892 0.181011 0.184939 0.189788 0.195720 0.202956 0.211807 0.222712 0.236298 0.253480 0.275625 0.304844 0.344510 0.400240 0.481850 0.607439 0.812199 1.166567 1.798377 2.783288 3.440376 2.786086 1.803981 1.174994 0.823472 0.621588 0.498908 0.420246 0.367502 0.330859 0.304696 0.285634 0.271551 0.261063 0.253235 0.247413 0.243126 0.240019 0.237818 0.236303 0.235292 0.234627 0.234174 0.233819 0.233465 0.233037 0.232485 0.231777 0.230911 0.229902 0.228786 0.227610 0.226433 0.225316 0.224320 0.223502 0.222913 0.222593 0.222574 0.222870 0.223486 0.224407 0.225599 0.227014 0.228582 0.230220 0.231835 0.233329 0.234611 0.235597 0.236222 0.236434 0.236197 0.235480 0.234257 0.232501 0.230191 0.227316 0.223881 0.219920 0.215495 0.210696 0.205634 0.200435 0.195222 0.190112 0.185209 0.180597 0.176342 0.172493 0.169085 0.166139 0.163669 0.161682 0.160181 0.159167 0.158641 0.158602 0.159051 0.159991 0.161423 0.163350 0.165773 0.168691 0.172094 0.175963 0.180262 0.184932 0.189880 0.194971 0.200019 0.204787 0.208987 0.212304 0.214423 0.215075 0.214077 0.211373 0.207038
0.196541 0.199836 0.202107 0.203357 0.203647 0.203090 0.201829 0.200019 0.197814 0.195356 0.192767 0.190146 0.187573 0.185108 0.182792 0.180656 0.178715 0.176977 0.175441 0.174102 0.172950 0.171974 0.171160 0.170498 0.169975 0.169586 0.169325 0.169195 0.169203 0.169361 0.169693 0.170227 0.171002 0.172070 0.173493 0.175352 0.177745 0.180796 0.184664 0.189551 0.195721 0.203524 0.213436 0.226108 0.242464 0.263830 0.292171 0.330464 0.383330 0.458098 0.566462 0.726478 0.961946 1.285683 1.635444 1.803751 1.634993 1.284782 0.960600 0.724691 0.564243 0.455458 0.380284 0.327031 0.288377 0.259705 0.238048 0.221450 0.208594 0.198572 0.190745 0.184655 0.179972 0.176454 0.173921 0.172245 0.171332 0.171118 0.171564 0.172650 0.174379 0.176774 0.179879 0.183768 0.188542 0.194348 0.201387 0.209937 0.220386 0.233277 0.249387 0.269846 0.296336 0.331414 0.379062 0.445604 0.541136 0.681259 0.886538 1.168048 1.471986 1.619015 1.474634 1.173352 0.894512 0.691924 0.554517 0.461729 0.397961 0.353115 0.320863 0.297216 0.279606 0.266340 0.256268 0.248592 0.242741 0.238294 0.234935 0.232415 0.230538 0.229138 0.228081 0.227250 0.226549 0.225898 0.225236 0.224520 0.223726 0.222846 0.221892 0.220886 0.219863 0.218867 0.217942 0.217137 0.216497 0.216062 0.215868 0.215941 0.216298 0.216946 0.217882 0.219088 0.220534 0.222180 0.223975 0.225861 0.227775 0.229652 0.231428 0.233036 0.234408 0.235468 0.236128 0.236289 0.235848 0.234702 0.232775 0.230023 0.226460 0.222153 0.217226 0.211838 0.206170 0.200403 0.194701 0.189206 0.184028 0.179252 0.174932 0.171106 0.167792 0.165000 0.162729 0.160973 0.159725 0.158976 0.158715 0.158932 0.159617 0.160759 0.162345 0.164360 0.166784 0.169589 0.172739 0.176181 0.179844 0.183634 0.187426 0.191068 0.194373 0.197137 0.199141 0.200181 0.200087 0.198750 0.196142 0.192319
0.204409 0.207650 0.209576 0.210214 0.209684 0.208169 0.205891 0.203075 0.199929 0.196628 0.193311 0.190083 0.187015 0.184155 0.181531 0.179157 0.177034 0.175158 0.173518 0.172100 0.170888 0.169867 0.169021 0.168335 0.167797 0.167400 0.167139 0.167014 0.167032 0.167203 0.167549 0.168095 0.168877 0.169943 0.171350 0.173171 0.175496 0.178438 0.182140 0.186783 0.192600 0.199895 0.209072 0.220673 0.235439 0.254401 0.279002 0.311296 0.354195 0.411761 0.489336 0.592790 0.725009 0.876280 1.009790 1.065298 1.009337 0.875376 0.723659 0.591002 0.487119 0.409131 0.351169 0.307899 0.275264 0.250357 0.231135 0.216163 0.204422 0.195185 0.187921 0.182246 0.177874 0.174591 0.172241 0.170707 0.169906 0.169778 0.170288 0.171420 0.173174 0.175572 0.178653 0.182482 0.187151 0.192788 0.199567 0.207728 0.217594 0.229615 0.244409 0.262847 0.286159 0.316102 0.355178 0.406886 0.475828 0.567071 0.683099 0.815514 0.932491 0.981962 0.935000 0.820538 0.690653 0.577174 0.488504 0.422161 0.373077 0.336647 0.309364 0.288719 0.272941 0.260785 0.251361 0.244024 0.238302 0.233835 0.230350 0.227631 0.225502 0.223822 0.222472 0.221353 0.220382 0.219495 0.218639 0.217780 0.216897 0.215982 0.215043 0.214095 0.213165 0.212286 0.211493 0.210825 0.210319 0.210010 0.209928 0.210101 0.210548 0.211282 0.212310 0.213629 0.215230 0.217097 0.219208 0.221535 0.224043 0.226694 0.229438 0.232212 0.234931 0.237482 0.239719 0.241460 0.242503 0.242644 0.241711 0.239596 0.236281 0.231851 0.226482 0.220413 0.213911 0.207239 0.200628 0.194266 0.188295 0.182811 0.177876 0.173522 0.169760 0.166588 0.163995 0.161964 0.160476 0.159510 0.159046 0.159062 0.159536 0.160445 0.161763 0.163462 0.165506 0.167855 0.170456 0.173249 0.176154 0.179078 0.181910 0.184520 0.186765 0.188492 0.189550 0.189803 0.189145 0.187514 0.184899 0.181347
0.216430 0.219748 0.221288 0.221115 0.219437 0.216564 0.212841 0.208604 0.204137 0.199663 0.195343 0.191279 0.187532 0.184132 0.181085 0.178383 0.176010 0.173944 0.172161 0.170636 0.169345 0.168265 0.167375 0.166658 0.166098 0.165686 0.165415 0.165283 0.165295 0.165460 0.165797 0.166328 0.167087 0.168114 0.169464 0.171200 0.173405 0.176179 0.179648 0.183968 0.189340 0.196018 0.204332 0.214711 0.227720 0.244106 0.264857 0.291262 0.324957 0.367867 0.421882 0.487869 0.563517 0.640001 0.700002 0.723066 0.699537 0.639075 0.562135 0.486040 0.419619 0.365186 0.321879 0.287816 0.261074 0.240028 0.223396 0.210200 0.199705 0.191359 0.184747 0.179555 0.175547 0.172544 0.170411 0.169046 0.168377 0.168352 0.168939 0.170123 0.171906 0.174306 0.177357 0.181116 0.185661 0.191100 0.197580 0.205297 0.214511 0.225571 0.238942 0.255248 0.275323 0.300261 0.331456 0.370559 0.419186 0.478076 0.545220 0.612985 0.666395 0.687773 0.668771 0.617745 0.552379 0.487656 0.431213 0.385059 0.348454 0.319775 0.297366 0.279820 0.266026 0.255134 0.246500 0.239631 0.234152 0.229772 0.226260 0.223433 0.221141 0.219262 0.217694 0.216352 0.215169 0.214088 0.213068 0.212079 0.211104 0.210138 0.209184 0.208255 0.207374 0.206564 0.205858 0.205286 0.204880 0.204674 0.204696 0.204974 0.205532 0.206392 0.207569 0.209078 0.210930 0.213132 0.215690 0.218606 0.221877 0.225492 0.229423 0.233616 0.237978 0.242360 0.246549 0.250260 0.253158 0.254884 0.255121 0.253653 0.250420 0.245539 0.239282 0.232021 0.224164 0.216098 0.208146 0.200556 0.193499 0.187081 0.181358 0.176348 0.172046 0.168433 0.165480 0.163154 0.161423 0.160252 0.159609 0.159460 0.159773 0.160513 0.161642 0.163121 0.164900 0.166928 0.169142 0.171470 0.173830 0.176128 0.178261 0.180120 0.181586 0.182547 0.182896 0.182542 0.181422 0.179505 0.176796 0.173340
0.233970 0.237546 0.238593 0.237241 0.233865 0.228986 0.223164 0.216900 0.210591 0.204517 0.198852 0.193690 0.189063 0.184971 0.181386 0.178272 0.175586 0.173285 0.171326 0.169672 0.168285 0.167135 0.166194 0.165439 0.164852 0.164418 0.164128 0.163979 0.163972 0.164115 0.164422 0.164915 0.165622 0.166580 0.167837 0.169449 0.171490 0.174047 0.177229 0.181168 0.186030 0.192022 0.199403 0.208497 0.219714 0.233565 0.250674 0.271781 0.297689 0.329126 0.366413 0.408830 0.453669 0.495350 0.525728 0.536831 0.525243 0.494383 0.452226 0.406922 0.364053 0.326332 0.294485 0.268196 0.246745 0.229335 0.215236 0.203834 0.194628 0.187225 0.181311 0.176646 0.173040 0.170348 0.168457 0.167283 0.166763 0.166855 0.167530 0.168776 0.170593 0.172998 0.176020 0.179705 0.184119 0.189351 0.195518 0.202774 0.211317 0.221404 0.233365 0.247616 0.264674 0.285155 0.309733 0.339016 0.373263 0.411837 0.452386 0.490078 0.517868 0.528864 0.520116 0.494584 0.459169 0.420924 0.384684 0.352803 0.325916 0.303756 0.285704 0.271073 0.259230 0.249637 0.241854 0.235525 0.230364 0.226144 0.222676 0.219810 0.217421 0.215403 0.213673 0.212158 0.210801 0.209557 0.208391 0.207280 0.206209 0.205176 0.204184 0.203245 0.202376 0.201600 0.200943 0.200434 0.200103 0.199980 0.200096 0.200481 0.201165 0.202177 0.203547 0.205305 0.207482 0.210112 0.213231 0.216875 0.221079 0.225870 0.231255 0.237207 0.243638 0.250375 0.257130 0.263486 0.268905 0.272787 0.274567 0.273840 0.270473 0.264648 0.256814 0.247584 0.237600 0.227438 0.217550 0.208252 0.199737 0.192106 0.185390 0.179580 0.174640 0.170521 0.167171 0.164535 0.162562 0.161203 0.160411 0.160141 0.160350 0.160992 0.162018 0.163378 0.165012 0.166856 0.168836 0.170872 0.172875 0.174749 0.176396 0.177715 0.178610 0.178990 0.178780 0.177924 0.176389 0.174166 0.171279 0.167775
0.259251 0.263365 0.263698 0.260501 0.254467 0.246515 0.237564 0.228378 0.219499 0.211262 0.203833 0.197265 0.191538 0.186596 0.182363 0.178759 0.175705 0.173131 0.170972 0.169171 0.167678 0.166451 0.165455 0.164659 0.164040 0.163579 0.163265 0.163090 0.163054 0.163160 0.163421 0.163855 0.164486 0.165347 0.166480 0.167936 0.169776 0.172078 0.174931 0.178447 0.182760 0.188032 0.194459 0.202277 0.211769 0.223261 0.237121 0.253723 0.273391 0.296261 0.322065 0.349804 0.377410 0.401609 0.418392 0.424281 0.417876 0.400580 0.375876 0.347775 0.319554 0.293290 0.269983 0.249910 0.232940 0.218759 0.206999 0.197307 0.189364 0.182904 0.177704 0.173585 0.170401 0.168038 0.166408 0.165440 0.165085 0.165305 0.166079 0.167395 0.169256 0.171673 0.174671 0.178289 0.182579 0.187610 0.193474 0.200284 0.208185 0.217354 0.228009 0.240405 0.254832 0.271588 0.290926 0.312939 0.337374 0.363350 0.389062 0.411671 0.427706 0.434161 0.429827 0.415925 0.395476 0.371959 0.348219 0.326063 0.306366 0.289376 0.274985 0.262924 0.252874 0.244522 0.237586 0.231819 0.227016 0.223000 0.219625 0.216769 0.214328 0.212217 0.210363 0.208708 0.207205 0.205816 0.204515 0.203283 0.202111 0.200996 0.199945 0.198968 0.198082 0.197308 0.196671 0.196197 0.195916 0.195859 0.196058 0.196548 0.197365 0.198548 0.200140 0.202189 0.204749 0.207883 0.211661 0.216164 0.221475 0.227678 0.234841 0.242993 0.252087 0.261952 0.272233 0.282341 0.291440 0.298518 0.302560 0.302803 0.298976 0.291390 0.280848 0.268404 0.255104 0.241819 0.229166 0.217524 0.207084 0.197904 0.189963 0.183194 0.177513 0.172826 0.169045 0.166089 0.163882 0.162357 0.161454 0.161115 0.161285 0.161908 0.162926 0.164278 0.165892 0.167694 0.169598 0.171511 0.173335 0.174968 0.176308 0.177258 0.177733 0.177659 0.176984 0.175675 0.173727 0.171154 0.167995 0.164308
0.295983 0.301135 0.300303 0.294004 0.283587 0.270739 0.257013 0.243563 0.231096 0.219960 0.210254 0.201929 0.194866 0.188918 0.183933 0.179770 0.176307 0.173433 0.171057 0.169100 0.167497 0.166192 0.165140 0.164304 0.163653 0.163165 0.162823 0.162616 0.162541 0.162599 0.162799 0.163156 0.163690 0.164431 0.165414 0.166684 0.168294 0.170310 0.172806 0.175873 0.179617 0.184162 0.189653 0.196253 0.204147 0.213532 0.224601 0.237514 0.252336 0.268954 0.286950 0.305453 0.323049 0.337827 0.347710 0.351033 0.347153 0.336717 0.321391 0.303260 0.284236 0.265739 0.248645 0.233379 0.220061 0.208633 0.198946 0.190817 0.184061 0.178508 0.174008 0.170433 0.167676 0.165653 0.164292 0.163542 0.163361 0.163720 0.164603 0.166001 0.167914 0.170355 0.173343 0.176908 0.181091 0.185945 0.191536 0.197945 0.205270 0.213624 0.223138 0.233951 0.246199 0.259986 0.275339 0.292131 0.309972 0.328086 0.345232 0.359746 0.369826 0.374031 0.371813 0.363739 0.351267 0.336213 0.320247 0.304616 0.290088 0.277043 0.265594 0.255694 0.247211 0.239984 0.233843 0.228626 0.224188 0.220399 0.217145 0.214329 0.211868 0.209692 0.207741 0.205967 0.204333 0.202810 0.201376 0.200019 0.198734 0.197522 0.196391 0.195351 0.194421 0.193621 0.192975 0.192510 0.192257 0.192247 0.192516 0.193105 0.194055 0.195417 0.197249 0.199617 0.202601 0.206298 0.210819 0.216300 0.222892 0.230763 0.240082 0.250989 0.263544 0.277650 0.292931 0.308606 0.323399 0.335582 0.343277 0.344980 0.340124 0.329311 0.314077 0.296335 0.277843 0.259905 0.243329 0.228510 0.215566 0.204448 0.195025 0.187135 0.180611 0.175300 0.171064 0.167785 0.165360 0.163702 0.162734 0.162386 0.162592 0.163287 0.164404 0.165871 0.167606 0.169521 0.171515 0.173483 0.175308 0.176876 0.178075 0.178804 0.178977 0.178535 0.177439 0.175684 0.173285 0.170284 0.166742 0.162732
0.350668 0.357842 0.354904 0.342989 0.324924 0.303967 0.282780 0.263048 0.245585 0.230612 0.218022 0.207559 0.198923 0.191822 0.185998 0.181227 0.177325 0.174138 0.171541 0.169429 0.167720 0.166343 0.165242 0.164371 0.163692 0.163178 0.162807 0.162566 0.162445 0.162446 0.162571 0.162835 0.163253 0.163852 0.164662 0.165722 0.167079 0.168785 0.170904 0.173508 0.176680 0.180512 0.185107 0.190576 0.197032 0.204583 0.213317 0.223269 0.234389 0.246482 0.259145 0.271715 0.283257 0.292639 0.298726 0.300659 0.298117 0.291425 0.281445 0.269315 0.256171 0.242954 0.230334 0.218717 0.208306 0.199161 0.191255 0.184512 0.178837 0.174130 0.170295 0.167246 0.164911 0.163225 0.162139 0.161611 0.161612 0.162119 0.163121 0.164611 0.166591 0.169070 0.172066 0.175601 0.179705 0.184418 0.189785 0.195860 0.202703 0.210379 0.218953 0.228485 0.239010 0.250524 0.262942 0.276060 0.289496 0.302645 0.314677 0.324596 0.331414 0.334389 0.333252 0.328301 0.320300 0.310256 0.299177 0.287899 0.277018 0.266905 0.257745 0.249595 0.242431 0.236182 0.230755 0.226049 0.221963 0.218403 0.215283 0.212525 0.210062 0.207838 0.205804 0.203923 0.202164 0.200506 0.198934 0.197443 0.196030 0.194701 0.193466 0.192338 0.191336 0.190482 0.189800 0.189319 0.189069 0.189087 0.189410 0.190085 0.191162 0.192702 0.194778 0.197478 0.200911 0.205210 0.210538 0.217097 0.225133 0.234935 0.246829 0.261155 0.278207 0.298112 0.320632 0.344866 0.368936 0.389867 0.404018 0.408228 0.401232 0.384326 0.360698 0.334020 0.307293 0.282419 0.260323 0.241264 0.225130 0.211644 0.200475 0.191306 0.183853 0.177875 0.173173 0.169581 0.166967 0.165218 0.164241 0.163954 0.164283 0.165154 0.166493 0.168216 0.170232 0.172437 0.174715 0.176935 0.178961 0.180653 0.181880 0.182524 0.182495 0.181737 0.180227 0.177983 0.175052 0.171507 0.167437 0.162941
0.435434 0.446808 0.439624 0.416658 0.384392 0.349455 0.316383 0.287380 0.263032 0.243083 0.226941 0.213957 0.203533 0.195165 0.188443 0.183039 0.178692 0.175196 0.172387 0.170134 0.168332 0.166896 0.165758 0.164862 0.164165 0.163631 0.163234 0.162957 0.162787 0.162722 0.162762 0.162918 0.163204 0.163642 0.164258 0.165087 0.166168 0.167547 0.169275 0.171411 0.174017 0.177162 0.180917 0.185353 0.190537 0.196520 0.203325 0.210929 0.219235 0.228042 0.237017 0.245680 0.253415 0.259534 0.263388 0.264507 0.262717 0.258195 0.251414 0.243027 0.233727 0.224132 0.214730 0.205859 0.197728 0.190442 0.184034 0.178492 0.173778 0.169840 0.166623 0.164073 0.162142 0.160787 0.159972 0.159669 0.159856 0.160519 0.161648 0.163242 0.165304 0.167841 0.170867 0.174401 0.178465 0.183085 0.188293 0.194119 0.200595 0.207749 0.215602 0.224158 0.233393 0.243240 0.253566 0.264153 0.274667 0.284653 0.293551 0.300743 0.305660 0.307898 0.307323 0.304107 0.298692 0.291673 0.283685 0.275294 0.266949 0.258964 0.251535 0.244759 0.238666 0.233239 0.228432 0.224183 0.220423 0.217084 0.214097 0.211403 0.208947 0.206682 0.204570 0.202582 0.200694 0.198893 0.197172 0.195528 0.193967 0.192496 0.191130 0.189886 0.188783 0.187846 0.187100 0.186575 0.186305 0.186326 0.186683 0.187426 0.188615 0.190322 0.192635 0.195665 0.199551 0.204467 0.210637 0.218346 0.227957 0.239927 0.254821 0.273309 0.296123 0.323932 0.357030 0.394767 0.434683 0.471698 0.498390 0.507499 0.495920 0.466784 0.427378 0.385149 0.345199 0.310013 0.280264 0.255673 0.235591 0.219300 0.206144 0.195569 0.187127 0.180464 0.175303 0.171425 0.168661 0.166875 0.165958 0.165816 0.166368 0.167535 0.169237 0.171382 0.173870 0.176578 0.179368 0.182082 0.184547 0.186586 0.188031 0.188737 0.188594 0.187545 0.185585 0.182760 0.179157 0.174894 0.170104 0.164920
0.574888 0.595973 0.579064 0.532015 0.471465 0.411506 0.359316 0.316777 0.283182 0.256996 0.236653 0.220824 0.208462 0.198768 0.191135 0.185106 0.180335 0.176555 0.173562 0.171193 0.169323 0.167851 0.166696 0.165793 0.165090 0.164546 0.164130 0.163819 0.163599 0.163462 0.163408 0.163443 0.163580 0.163838 0.164241 0.164819 0.165606 0.166641 0.167968 0.169633 0.171686 0.174175 0.177149 0.180654 0.184722 0.189373 0.194595 0.200339 0.206500 0.212901 0.219282 0.225300 0.230548 0.234598 0.237061 0.237667 0.236316 0.233111 0.228325 0.222348 0.215615 0.208536 0.201459 0.194650 0.188292 0.182501 0.177336 0.172818 0.168943 0.165693 0.163039 0.160952 0.159402 0.158364 0.157814 0.157734 0.158110 0.158933 0.160201 0.161912 0.164071 0.166687 0.169771 0.173339 0.177408 0.181995 0.187118 0.192794 0.199033 0.205837 0.213195 0.221074 0.229415 0.238115 0.247024 0.255927 0.264542 0.272522 0.279473 0.284998 0.288751 0.290502 0.290188 0.287932 0.284012 0.278815 0.272763 0.266257 0.259633 0.253152 0.246992 0.241262 0.236013 0.231255 0.226970 0.223118 0.219651 0.216516 0.213658 0.211026 0.208577 0.206270 0.204076 0.201972 0.199943 0.197983 0.196089 0.194268 0.192530 0.190888 0.189360 0.187966 0.186730 0.185678 0.184836 0.184238 0.183919 0.183918 0.184284 0.185072 0.186350 0.188202 0.190731 0.194071 0.198391 0.203912 0.210922 0.219803 0.231061 0.245371 0.263626 0.287001 0.316986 0.355340 0.403790 0.463132 0.531266 0.600148 0.653986 0.674133 0.651789 0.595776 0.524768 0.454577 0.393270 0.342968 0.302895 0.271344 0.246572 0.227106 0.211787 0.199735 0.190290 0.182958 0.177371 0.173254 0.170396 0.168640 0.167861 0.167960 0.168851 0.170453 0.172684 0.175451 0.178641 0.182117 0.185710 0.189225 0.192436 0.195109 0.197014 0.197954 0.197788 0.196446 0.193945 0.190372 0.185878 0.180644 0.174866 0.168729
0.824802 0.872284 0.828994 0.722162 0.600801 0.494865 0.412256 0.350625 0.305194 0.271619 0.246594 0.227749 0.213416 0.202420 0.193925 0.187326 0.182184 0.178171 0.175037 0.172594 0.170693 0.169217 0.168073 0.167187 0.166498 0.165960 0.165535 0.165196 0.164926 0.164713 0.164556 0.164457 0.164429 0.164488 0.164657 0.164962 0.165436 0.166113 0.167029 0.168224 0.169735 0.171600 0.173851 0.176516 0.179608 0.183128 0.187049 0.191314 0.195826 0.200438 0.204954 0.209131 0.212696 0.215374 0.216924 0.217184 0.216094 0.213716 0.210215 0.205834 0.200851 0.195543 0.190158 0.184898 0.179917 0.175320 0.171175 0.167519 0.164368 0.161722 0.159574 0.157910 0.156716 0.155978 0.155683 0.155822 0.156387 0.157377 0.158790 0.160631 0.162906 0.165624 0.168798 0.172441 0.176566 0.181186 0.186311 0.191947 0.198090 0.204723 0.211816 0.219310 0.227122 0.235130 0.243173 0.251043 0.258494 0.265245 0.271003 0.275496 0.278501 0.279887 0.279637 0.277854 0.274744 0.270587 0.265690 0.260356 0.254848 0.249381 0.244113 0.239147 0.234540 0.230313 0.226457 0.222944 0.219736 0.216787 0.214047 0.211473 0.209025 0.206668 0.204380 0.202143 0.199951 0.197803 0.195707 0.193674 0.191722 0.189870 0.188141 0.186560 0.185153 0.183949 0.182978 0.182273 0.181873 0.181820 0.182164 0.182968 0.184306 0.186271 0.188982 0.192594 0.197306 0.203384 0.211185 0.221194 0.234079 0.250771 0.272584 0.301386 0.339834 0.391634 0.461661 0.555277 0.675119 0.812332 0.933341 0.983198 0.931381 0.808432 0.669323 0.547649 0.452286 0.380616 0.327297 0.287474 0.257458 0.234610 0.217080 0.203572 0.193173 0.185232 0.179285 0.174995 0.172116 0.170469 0.169921 0.170368 0.171728 0.173926 0.176885 0.180512 0.184692 0.189272 0.194050 0.198777 0.203156 0.206859 0.209559 0.210967 0.210880 0.209210 0.205999 0.201407 0.195676 0.189094 0.181951 0.174506
1.331899 1.471180 1.336137 1.053383 0.791740 0.601854 0.473294 0.386694 0.327361 0.285779 0.255985 0.234217 0.218053 0.205895 0.196660 0.189598 0.184175 0.180003 0.176796 0.174334 0.172451 0.171015 0.169919 0.169082 0.168434 0.167921 0.167503 0.167146 0.166829 0.166538 0.166268 0.166022 0.165811 0.165650 0.165561 0.165572 0.165711 0.166011 0.166505 0.167226 0.168206 0.169474 0.171052 0.172957 0.175191 0.177745 0.180588 0.183664 0.186890 0.190148 0.193292 0.196149 0.198533 0.200261 0.201182 0.201192 0.200256 0.198409 0.195758 0.192457 0.188690 0.184646 0.180502 0.176412 0.172497 0.168850 0.165538 0.162602 0.160069 0.157950 0.156251 0.154969 0.154102 0.153645 0.153594 0.153945 0.154700 0.155858 0.157426 0.159410 0.161819 0.164666 0.167963 0.171724 0.175963 0.180690 0.185911 0.191626 0.197824 0.204477 0.211539 0.218938 0.226570 0.234300 0.241952 0.249321 0.256171 0.262255 0.267334 0.271200 0.273700 0.274765 0.274413 0.272752 0.269967 0.266291 0.261979 0.257280 0.252417 0.247572 0.242882 0.238442 0.234303 0.230483 0.226976 0.223754 0.220776 0.217997 0.215369 0.212846 0.210390 0.207970 0.205568 0.203171 0.200782 0.198408 0.196065 0.193774 0.191559 0.189450 0.187473 0.185658 0.184037 0.182640 0.181499 0.180651 0.180134 0.179993 0.180283 0.181067 0.182427 0.184464 0.187310 0.191136 0.196172 0.202724 0.211214 0.222227 0.236595 0.255523 0.280797 0.315130 0.362736 0.430302 0.528497 0.673799 0.887924 1.182571 1.500963 1.653827 1.499209 1.179083 0.882741 0.666981 0.520125 0.420473 0.351568 0.302761 0.267384 0.241241 0.221641 0.206819 0.195593 0.187154 0.180944 0.176571 0.173759 0.172314 0.172098 0.173014 0.174990 0.177967 0.181883 0.186662 0.192193 0.198314 0.204791 0.211307 0.217458 0.222774 0.226764 0.228983 0.229115 0.227032 0.222821 0.216759 0.209253 0.200755 0.191701 0.182458
2.565390 3.184795 2.569700 1.645998 1.054688 0.724546 0.535229 0.420425 0.347000 0.297906 0.263893 0.239660 0.222019 0.208967 0.199198 0.191831 0.186253 0.182026 0.178830 0.176423 0.174620 0.173277 0.172278 0.171530 0.170957 0.170499 0.170107 0.169745 0.169387 0.169015 0.168624 0.168216 0.167800 0.167394 0.167021 0.166709 0.166486 0.166387 0.166442 0.166682 0.167135 0.167826 0.168771 0.169980 0.171451 0.173171 0.175108 0.177213 0.179416 0.181627 0.183735 0.185616 0.187140 0.188185 0.188650 0.188468 0.187615 0.186115 0.184036 0.181480 0.178570 0.175439 0.172214 0.169009 0.165923 0.163032 0.160396 0.158058 0.156048 0.154385 0.153081 0.152142 0.151574 0.151378 0.151556 0.152114 0.153054 0.154385 0.156114 0.158254 0.160817 0.163819 0.167275 0.171202 0.175615 0.180527 0.185946 0.191870 0.198285 0.205159 0.212438 0.220039 0.227843 0.235696 0.243406 0.250749 0.257480 0.263352 0.268136 0.271653 0.273789 0.274514 0.273886 0.272041 0.269176 0.265526 0.261333 0.256829 0.252218 0.247664 0.243288 0.239169 0.235350 0.231838 0.228616 0.225648 0.222885 0.220271 0.217752 0.215276 0.212803 0.210302 0.207757 0.205163 0.202529 0.199874 0.197226 0.194615 0.192077 0.189648 0.187364 0.185261 0.183373 0.181735 0.180380 0.179346 0.178672 0.178406 0.178601 0.179325 0.180663 0.182722 0.185643 0.189612 0.194880 0.201786 0.210806 0.222611 0.238177 0.258959 0.287194 0.326452 0.382670 0.466220 0.596215 0.809807 1.181347 1.845766 2.882926 3.574151 2.881352 1.842638 1.176701 0.803701 0.588724 0.457439 0.372712 0.315451 0.275306 0.246359 0.225064 0.209210 0.197368 0.188595 0.182253 0.177907 0.175262 0.174118 0.174343 0.175856 0.178608 0.182568 0.187711 0.193992 0.201329 0.209568 0.218450 0.227580 0.236406 0.244236 0.250302 0.253879 0.254439 0.251776 0.246059 0.237783 0.227637 0.216352 0.204588 0.192862
6.268115 12.442916 6.272523 2.571210 1.338978 0.832969 0.583951 0.445175 0.360838 0.306299 0.269385 0.243543 0.224997 0.211446 0.201424 0.193960 0.188387 0.184231 0.181150 0.178885 0.177238 0.176055 0.175211 0.174603 0.174149 0.173780 0.173442 0.173093 0.172701 0.172248 0.171726 0.171136 0.170491 0.169809 0.169117 0.168446 0.167828 0.167298 0.166889 0.166632 0.166555 0.166678 0.167017 0.167579 0.168360 0.169345 0.170507 0.171803 0.173176 0.174555 0.175858 0.176993 0.177869 0.178401 0.178519 0.178179 0.177364 0.176089 0.174399 0.172363 0.170065 0.167600 0.165060 0.162530 0.160088 0.157798 0.155711 0.153869 0.152300 0.151028 0.150069 0.149436 0.149137 0.149182 0.149577 0.150332 0.151456 0.152960 0.154858 0.157166 0.159902 0.163084 0.166735 0.170877 0.175529 0.180711 0.186435 0.192705 0.199512 0.206825 0.214589 0.222712 0.231065 0.239469 0.247703 0.255505 0.262589 0.268670 0.273495 0.276876 0.278715 0.279019 0.277894 0.275533 0.272185 0.268122 0.263612 0.258898 0.254184 0.249623 0.245326 0.241355 0.237734 0.234453 0.231476 0.228747 0.226200 0.223762 0.221362 0.218937 0.216439 0.213834 0.211108 0.208263 0.205321 0.202312 0.199279 0.196267 0.193325 0.190499 0.187836 0.185377 0.183161 0.181225 0.179605 0.178338 0.177464 0.177028 0.177087 0.177706 0.178972 0.180996 0.183924 0.187950 0.193336 0.200447 0.209791 0.222097 0.238442 0.260455 0.290707 0.333424 0.395950 0.491928 0.648987 0.929692 1.498580 2.881751 7.033279 13.953171 7.031863 2.878938 1.494406 0.924211 0.642271 0.484070 0.387060 0.323637 0.280175 0.249357 0.226981 0.210508 0.198340 0.189439 0.183121 0.178929 0.176559 0.175820 0.176598 0.178840 0.182534 0.187701 0.194373 0.202573 0.212285 0.223402 0.235673 0.248628 0.261522 0.273319 0.282774 0.288643 0.289981 0.286423 0.278303 0.266531 0.252320 0.236882 0.221221 0.206049
12.440057 12.442299 12.444589 3.188003 1.475774 0.878091 0.602803 0.454443 0.366033 0.309595 0.271760 0.245485 0.226771 0.213208 0.203271 0.195953 0.190569 0.186630 0.183784 0.181763 0.180363 0.179419 0.178800 0.178396 0.178115 0.177881 0.177631 0.177318 0.176905 0.176369 0.175703 0.174908 0.173999 0.173002 0.171946 0.170869 0.169810 0.168807 0.167899 0.167119 0.166495 0.166050 0.165798 0.165744 0.165887 0.166211 0.166693 0.167298 0.167978 0.168678 0.169335 0.169881 0.170249 0.170378 0.170220 0.169743 0.168933 0.167801 0.166376 0.164706 0.162850 0.160875 0.158848 0.156835 0.154896 0.153084 0.151442 0.150008 0.148811 0.147873 0.147215 0.146851 0.146796 0.147061 0.147659 0.148602 0.149904 0.151583 0.153656 0.156143 0.159069 0.162458 0.166341 0.170745 0.175702 0.181239 0.187382 0.194147 0.201535 0.209527 0.218073 0.227083 0.236415 0.245864 0.255162 0.263982 0.271956 0.278715 0.283929 0.287363 0.288913 0.288627 0.286689 0.283390 0.279077 0.274108 0.268811 0.263467 0.258292 0.253440 0.249005 0.245030 0.241512 0.238414 0.235671 0.233198 0.230898 0.228670 0.226419 0.224061 0.221533 0.218797 0.215839 0.212672 0.209332 0.205869 0.202344 0.198823 0.195372 0.192052 0.188918 0.186021 0.183404 0.181105 0.179161 0.177609 0.176486 0.175835 0.175711 0.176177 0.177320 0.179247 0.182107 0.186093 0.191474 0.198618 0.208045 0.220506 0.237111 0.259554 0.290526 0.334502 0.399375 0.500128 0.668131 0.978476 1.650322 3.571825 13.952005 13.951309 13.950728 3.569288 1.646560 0.973542 0.662095 0.493081 0.391427 0.325786 0.281196 0.249791 0.227127 0.210546 0.198392 0.189601 0.183479 0.179570 0.177586 0.177353 0.178791 0.181887 0.186690 0.193294 0.201827 0.212428 0.225211 0.240199 0.257228 0.275812 0.294983 0.313192 0.328358 0.338225 0.340981 0.335918 0.323715 0.306152 0.285459 0.263682 0.242342 0.222373
6.266925 12.441851 6.271607 2.570470 1.338443 0.832669 0.583918 0.445441 0.361438 0.307267 0.270755 0.245349 0.227271 0.214221 0.204729 0.197820 0.192824 0.189262 0.186784 0.185123 0.184071 0.183461 0.183153 0.183029 0.182990 0.182948 0.182833 0.182587 0.182168 0.181549 0.180722 0.179690 0.178475 0.177108 0.175628 0.174083 0.172521 0.170989 0.169531 0.168187 0.166988 0.165959 0.165114 0.164462 0.163999 0.163713 0.163584 0.163581 0.163666 0.163794 0.163916 0.163979 0.163934 0.163735 0.163346 0.162742 0.161914 0.160868 0.159622 0.158210 0.156673 0.155060 0.153420 0.151804 0.150259 0.148827 0.147546 0.146449 0.145562 0.144910 0.144512 0.144386 0.144548 0.145015 0.145800 0.146922 0.148399 0.150251 0.152502 0.155178 0.158310 0.161930 0.166078 0.170793 0.176119 0.182100 0.188780 0.196195 0.204369 0.213307 0.222978 0.233302 0.244134 0.255239 0.266288 0.276849 0.286417 0.294459 0.300495 0.304182 0.305386 0.304210 0.300969 0.296125 0.290197 0.283691 0.277039 0.270581 0.264557 0.259118 0.254338 0.250226 0.246747 0.243821 0.241343 0.239185 0.237205 0.235260 0.233218 0.230962 0.228408 0.225506 0.222248 0.218660 0.214798 0.210741 0.206580 0.202406 0.198309 0.194368 0.190651 0.187216 0.184110 0.181373 0.179040 0.177143 0.175718 0.174804 0.174449 0.174714 0.175677 0.177446 0.180159 0.184008 0.189253 0.196252 0.205512 0.217760 0.234071 0.256072 0.286332 0.329076 0.391645 0.487683 0.644816 0.925608 1.494594 2.877873 7.029518 13.949536 7.028362 2.875577 1.491192 0.921151 0.639375 0.481347 0.384523 0.321301 0.278061 0.247491 0.225397 0.209251 0.197468 0.189030 0.183275 0.179779 0.178280 0.178644 0.180833 0.184896 0.190958 0.199220 0.209954 0.223486 0.240164 0.260287 0.283962 0.310867 0.339897 0.368799 0.394029 0.411254 0.416713 0.408884 0.389262 0.361580 0.330143 0.298466 0.268774 0.242138
2.562986 3.182638 2.567842 1.644493 1.053593 0.723924 0.535144 0.420944 0.348190 0.299838 0.266636 0.243283 0.226590 0.214551 0.205855 0.199615 0.195210 0.192191 0.190224 0.189052 0.188467 0.188301 0.188407 0.188660 0.188949 0.189174 0.189253 0.189116 0.188712 0.188010 0.186999 0.185689 0.184107 0.182297 0.180313 0.178215 0.176067 0.173927 0.171851 0.169884 0.168065 0.166421 0.164970 0.163718 0.162665 0.161801 0.161105 0.160552 0.160110 0.159740 0.159403 0.159057 0.158663 0.158185 0.157594 0.156871 0.156007 0.155005 0.153877 0.152645 0.151339 0.149994 0.148647 0.147337 0.146100 0.144971 0.143982 0.143162 0.142535 0.142125 0.141952 0.142034 0.142391 0.143039 0.143999 0.145289 0.146934 0.148957 0.151388 0.154260 0.157610 0.161483 0.165926 0.170996 0.176753 0.183265 0.190600 0.198829 0.208012 0.218194 0.229385 0.241539 0.254524 0.268086 0.281818 0.295140 0.307319 0.317537 0.325025 0.329226 0.329929 0.327334 0.321991 0.314664 0.306172 0.297256 0.288503 0.280334 0.273010 0.266664 0.261333 0.256978 0.253510 0.250796 0.248671 0.246947 0.245421 0.243890 0.242162 0.240075 0.237509 0.234402 0.230748 0.226596 0.222037 0.217193 0.212194 0.207174 0.202250 0.197525 0.193082 0.188987 0.185289 0.182026 0.179229 0.176926 0.175144 0.173916 0.173281 0.173293 0.174025 0.175572 0.178066 0.181682 0.186665 0.193349 0.202202 0.213892 0.229390 0.250148 0.278401 0.317713 0.374020 0.457692 0.587837 0.801604 1.173342 1.837981 2.875378 3.566856 2.874326 1.835893 1.170253 0.797563 0.582913 0.451974 0.367617 0.310758 0.271053 0.242598 0.221863 0.206656 0.195576 0.187717 0.182486 0.179513 0.178586 0.179617 0.182626 0.187736 0.195174 0.205282 0.218529 0.235524 0.257007 0.283798 0.316641 0.355847 0.400614 0.448002 0.491990 0.523794 0.534821 0.521382 0.487140 0.440664 0.390709 0.343273 0.301264 0.265457
1.328227 1.467880 1.333284 1.051061 0.790039 0.600866 0.473118 0.387433 0.329120 0.288666 0.260107 0.239683 0.224967 0.214358 0.206767 0.201435 0.197818 0.195511 0.194207 0.193664 0.193681 0.194089 0.194736 0.195487 0.196215 0.196806 0.197159 0.197188 0.196829 0.196044 0.194819 0.193171 0.191140 0.188787 0.186187 0.183422 0.180575 0.177722 0.174934 0.172265 0.169762 0.167455 0.165364 0.163499 0.161856 0.160426 0.159191 0.158126 0.157202 0.156385 0.155642 0.154937 0.154237 0.153512 0.152739 0.151900 0.150987 0.149998 0.148943 0.147834 0.146694 0.145547 0.144421 0.143346 0.142350 0.141463 0.140710 0.140118 0.139708 0.139503 0.139523 0.139787 0.140316 0.141129 0.142248 0.143697 0.145501 0.147691 0.150302 0.153373 0.156952 0.161092 0.165856 0.171319 0.177564 0.184686 0.192794 0.202001 0.212427 0.224182 0.237352 0.251963 0.267940 0.285042 0.302788 0.320398 0.336778 0.350612 0.360583 0.365697 0.365582 0.360617 0.351805 0.340474 0.327955 0.315360 0.303490 0.292842 0.283674 0.276066 0.269982 0.265309 0.261878 0.259482 0.257878 0.256798 0.255954 0.255053 0.253818 0.252015 0.249472 0.246105 0.241916 0.236993 0.231483 0.225572 0.219458 0.213324 0.207333 0.201614 0.196267 0.191363 0.186950 0.183062 0.179720 0.176941 0.174744 0.173149 0.172187 0.171900 0.172349 0.173618 0.175822 0.179121 0.183730 0.189949 0.198189 0.209031 0.223299 0.242194 0.267497 0.301916 0.349660 0.417412 0.515838 0.661408 0.875837 1.170818 1.489572 1.642821 1.488610 1.168911 0.873017 0.657725 0.511360 0.412227 0.343876 0.295667 0.260945 0.235532 0.216759 0.202891 0.192787 0.185690 0.181110 0.178749 0.178452 0.180191 0.184054 0.190250 0.199124 0.211194 0.227186 0.248102 0.275278 0.310430 0.355593 0.412767 0.482859 0.563361 0.644757 0.708397 0.732266 0.705960 0.639859 0.555954 0.472873 0.400103 0.340127 0.292010
0.819782 0.867757 0.825066 0.718944 0.598416 0.493442 0.411929 0.351536 0.307489 0.275446 0.252104 0.235091 0.222739 0.213866 0.207629 0.203415 0.200767 0.199340 0.198858 0.199100 0.199874 0.201013 0.202358 0.203760 0.205076 0.206166 0.206903 0.207179 0.206908 0.206039 0.204558 0.202489 0.199893 0.196858 0.193488 0.189898 0.186199 0.182492 0.178865 0.175388 0.172113 0.169076 0.166299 0.163788 0.161541 0.159546 0.157783 0.156227 0.154851 0.153621 0.152507 0.151477 0.150500 0.149551 0.148607 0.147653 0.146680 0.145683 0.144666 0.143639 0.142615 0.141614 0.140654 0.139760 0.138953 0.138258 0.137696 0.137290 0.137061 0.137029 0.137214 0.137636 0.138317 0.139277 0.140541 0.142136 0.144091 0.146442 0.149228 0.152499 0.156309 0.160727 0.165830 0.171715 0.178493 0.186296 0.195281 0.205627 0.217533 0.231216 0.246885 0.264711 0.284759 0.306885 0.330595 0.354880 0.378101 0.398058 0.412357 0.419086 0.417515 0.408397 0.393670 0.375754 0.356880 0.338720 0.322315 0.308194 0.296526 0.287266 0.280243 0.275222 0.271927 0.270051 0.269253 0.269159 0.269362 0.269442 0.268995 0.267670 0.265215 0.261510 0.256577 0.250568 0.243728 0.236346 0.228716 0.221103 0.213723 0.206738 0.200263 0.194370 0.189100 0.184472 0.180495 0.177170 0.174498 0.172487 0.171151 0.170521 0.170642 0.171581 0.173437 0.176345 0.180490 0.186125 0.193596 0.203379 0.216135 0.232787 0.254644 0.283567 0.322207 0.374265 0.444608 0.538594 0.658851 0.796521 0.918023 0.968404 0.917138 0.794768 0.656261 0.535215 0.440509 0.369532 0.316948 0.277916 0.248762 0.226872 0.210423 0.198158 0.189214 0.183010 0.179169 0.177472 0.177834 0.180288 0.184996 0.192257 0.202550 0.216586 0.235404 0.260501 0.294035 0.339100 0.400033 0.482548 0.592937 0.734282 0.896115 1.038818 1.097575 1.036371 0.891199 0.726853 0.582927 0.469866 0.384564 0.320701
0.568410 0.590108 0.573946 0.527790 0.468291 0.409548 0.358752 0.317791 0.285963 0.261739 0.243557 0.230087 0.220281 0.213334 0.208633 0.205710 0.204202 0.203819 0.204328 0.205529 0.207242 0.209302 0.211543 0.213800 0.215900 0.217673 0.218953 0.219591 0.219472 0.218523 0.216726 0.214120 0.210794 0.206876 0.202521 0.197887 0.193127 0.188375 0.183743 0.179316 0.175156 0.171301 0.167771 0.164570 0.161691 0.159118 0.156827 0.154790 0.152978 0.151357 0.149896 0.148563 0.147329 0.146170 0.145064 0.143995 0.142952 0.141929 0.140926 0.139949 0.139005 0.138108 0.137273 0.136516 0.135857 0.135314 0.134906 0.134652 0.134573 0.134686 0.135011 0.135570 0.136383 0.137473 0.138868 0.140596 0.142692 0.145194 0.148149 0.151614 0.155655 0.160351 0.165802 0.172125 0.179467 0.188004 0.197953 0.209576 0.223188 0.239156 0.257892 0.279819 0.305299 0.334481 0.367049 0.401853 0.436509 0.467254 0.489487 0.499218 0.494852 0.478024 0.452765 0.423721 0.394703 0.368143 0.345246 0.326381 0.311447 0.300124 0.292009 0.286684 0.283727 0.282708 0.283166 0.284593 0.286425 0.288055 0.288878 0.288356 0.286102 0.281941 0.275933 0.268348 0.259594 0.250135 0.240415 0.230811 0.221609 0.213007 0.205126 0.198027 0.191734 0.186242 0.181533 0.177587 0.174382 0.171906 0.170156 0.169143 0.168897 0.169466 0.170927 0.173388 0.177001 0.181969 0.188570 0.197172 0.208274 0.222541 0.240860 0.264398 0.294636 0.333328 0.382190 0.442011 0.510683 0.580154 0.634627 0.655446 0.633807 0.578530 0.508285 0.438888 0.378408 0.328972 0.289813 0.259240 0.235530 0.217235 0.203233 0.192689 0.185002 0.179760 0.176699 0.175685 0.176697 0.179835 0.185328 0.193567 0.205161 0.221024 0.242519 0.271709 0.311748 0.367574 0.447038 0.562693 0.733938 0.986356 1.333717 1.709049 1.889146 1.706604 1.328808 0.978941 0.723955 0.550057 0.431641 0.349283
0.427353 0.439456 0.433168 0.411279 0.380288 0.346833 0.315465 0.288399 0.266229 0.248704 0.235241 0.225190 0.217953 0.213024 0.209985 0.208496 0.208281 0.209112 0.210793 0.213150 0.216019 0.219237 0.222629 0.226008 0.229167 0.231885 0.233937 0.235114 0.235247 0.234228 0.232030 0.228714 0.224415 0.219328 0.213678 0.207693 0.201585 0.195532 0.189676 0.184119 0.178928 0.174141 0.169774 0.165824 0.162274 0.159100 0.156271 0.153755 0.151514 0.149514 0.147721 0.146100 0.144624 0.143265 0.142001 0.140816 0.139697 0.138635 0.137627 0.136675 0.135783 0.134960 0.134216 0.133564 0.133019 0.132595 0.132310 0.132181 0.132224 0.132458 0.132902 0.133577 0.134504 0.135709 0.137219 0.139067 0.141290 0.143932 0.147045 0.150694 0.154956 0.159925 0.165718 0.172482 0.180398 0.189694 0.200661 0.213665 0.229167 0.247747 0.270117 0.297119 0.329674 0.368614 0.414304 0.465918 0.520346 0.571182 0.609073 0.624874 0.614681 0.582455 0.537401 0.488935 0.443527 0.404361 0.372343 0.347187 0.328144 0.314371 0.305086 0.299607 0.297331 0.297688 0.300089 0.303866 0.308246 0.312349 0.315246 0.316083 0.314231 0.309420 0.301787 0.291823 0.280233 0.267770 0.255116 0.242803 0.231198 0.220525 0.210895 0.202337 0.194833 0.188340 0.182801 0.178160 0.174367 0.171383 0.169182 0.167756 0.167112 0.167280 0.168312 0.170290 0.173328 0.177584 0.183265 0.190645 0.200076 0.212005 0.226988 0.245688 0.268827 0.297062 0.330681 0.369021 0.409611 0.447362 0.474843 0.484785 0.474077 0.445845 0.407373 0.366108 0.327157 0.293012 0.264355 0.240924 0.222094 0.207176 0.195551 0.186719 0.180301 0.176030 0.173749 0.173398 0.175019 0.178769 0.184939 0.193999 0.206671 0.224047 0.247793 0.280506 0.326360 0.392325 0.490601 0.643699 0.895403 1.333359 2.116649 3.339419 4.154226 3.336989 2.111769 1.325991 0.885490 0.631163 0.475340 0.374215
0.340800 0.348814 0.346919 0.336268 0.319707 0.300510 0.281356 0.263945 0.249101 0.237056 0.227711 0.220815 0.216068 0.213180 0.211884 0.211950 0.213179 0.215398 0.218451 0.222194 0.226481 0.231153 0.236031 0.240899 0.245502 0.249547 0.252718 0.254708 0.255254 0.254188 0.251466 0.247181 0.241546 0.234864 0.227471 0.219701 0.211849 0.204150 0.196782 0.189862 0.183458 0.177603 0.172297 0.167524 0.163254 0.159449 0.156066 0.153064 0.150397 0.148025 0.145909 0.144011 0.142301 0.140749 0.139332 0.138030 0.136829 0.135718 0.134691 0.133746 0.132884 0.132110 0.131432 0.130858 0.130400 0.130070 0.129883 0.129853 0.129997 0.130330 0.130873 0.131646 0.132671 0.133974 0.135584 0.137537 0.139873 0.142639 0.145896 0.149713 0.154179 0.159403 0.165521 0.172707 0.181183 0.191232 0.203226 0.217652 0.235153 0.256583 0.283071 0.316096 0.357536 0.409607 0.474479 0.553155 0.642988 0.733847 0.805842 0.835489 0.811719 0.745676 0.660922 0.577429 0.505419 0.447638 0.403193 0.370032 0.346070 0.329563 0.319157 0.313824 0.312756 0.315255 0.320615 0.328010 0.336402 0.344505 0.350858 0.354031 0.352941 0.347136 0.336917 0.323211 0.307272 0.290359 0.273515 0.257478 0.242693 0.229375 0.217581 0.207271 0.198354 0.190718 0.184250 0.178846 0.174416 0.170888 0.168209 0.166346 0.165284 0.165031 0.165615 0.167090 0.169536 0.173066 0.177826 0.184007 0.191841 0.201607 0.213624 0.228221 0.245680 0.266117 0.289282 0.314259 0.339157 0.360990 0.376103 0.381323 0.375379 0.359558 0.337046 0.311513 0.285963 0.262307 0.241479 0.223758 0.209056 0.197125 0.187681 0.180461 0.175254 0.171916 0.170374 0.170635 0.172792 0.177049 0.183743 0.193403 0.206832 0.225246 0.250529 0.285673 0.335632 0.409036 0.521951 0.706929 1.037723 1.708324 3.339060 8.234051 16.393285 8.231644 3.334228 1.701032 1.027918 0.694538 0.506881 0.391173
0.284101 0.290197 0.290551 0.285703 0.277025 0.266229 0.254885 0.244167 0.234800 0.227144 0.221310 0.217258 0.214874 0.214012 0.214520 0.216253 0.219079 0.222875 0.227528 0.232926 0.238950 0.245456 0.252261 0.259124 0.265726 0.271671 0.276502 0.279743 0.280975 0.279914 0.276483 0.270828 0.263298 0.254373 0.244574 0.234394 0.224245 0.214438 0.205184 0.196608 0.188769 0.181678 0.175314 0.169635 0.164589 0.160117 0.156160 0.152662 0.149568 0.146828 0.144395 0.142228 0.140291 0.138552 0.136984 0.135565 0.134279 0.133111 0.132054 0.131102 0.130253 0.129511 0.128877 0.128360 0.127968 0.127711 0.127600 0.127649 0.127874 0.128288 0.128913 0.129766 0.130872 0.132257 0.133953 0.135994 0.138426 0.141300 0.144680 0.148644 0.153290 0.158740 0.165151 0.172721 0.181712 0.192464 0.205436 0.221244 0.240736 0.265090 0.295967 0.335723 0.387707 0.456594 0.548526 0.670263 0.825135 1.001994 1.158553 1.225601 1.164712 1.014406 0.843991 0.695860 0.581276 0.497039 0.436540 0.393804 0.364352 0.345048 0.333764 0.329065 0.329955 0.335668 0.345461 0.358401 0.373158 0.387860 0.400133 0.407454 0.407803 0.400354 0.385768 0.365886 0.343034 0.319355 0.296437 0.275250 0.256259 0.239584 0.225145 0.212762 0.202219 0.193303 0.185816 0.179590 0.174484 0.170387 0.167213 0.164899 0.163409 0.162727 0.162856 0.163825 0.165682 0.168500 0.172374 0.177425 0.183796 0.191643 0.201126 0.212373 0.225434 0.240194 0.256265 0.272847 0.288647 0.301921 0.310773 0.313688 0.310084 0.300555 0.286633 0.270228 0.253100 0.236561 0.221430 0.208122 0.196778 0.187385 0.179856 0.174087 0.169987 0.167504 0.166632 0.167427 0.170024 0.174656 0.181690 0.191685 0.205477 0.224335 0.250223 0.286285 0.337772 0.413964 0.532510 0.730376 1.096091 1.888053 4.153512 16.392935 16.391723 16.390559 4.148744 1.880861 1.086424 0.718169 0.517677 0.396400
0.245076 0.250226 0.251880 0.250321 0.246270 0.240673 0.234478 0.228470 0.223216 0.219069 0.216211 0.214710 0.214556 0.215698 0.218067 0.221584 0.226172 0.231757 0.238272 0.245647 0.253800 0.262621 0.271944 0.281508 0.290923 0.299650 0.307006 0.312234 0.314627 0.313684 0.309254 0.301583 0.291262 0.279083 0.265874 0.252374 0.239157 0.226618 0.214994 0.204400 0.194860 0.186344 0.178788 0.172112 0.166228 0.161052 0.156500 0.152496 0.148972 0.145865 0.143121 0.140691 0.138534 0.136612 0.134897 0.133362 0.131988 0.130759 0.129663 0.128694 0.127846 0.127120 0.126516 0.126038 0.125694 0.125492 0.125440 0.125551 0.125839 0.126319 0.127008 0.127927 0.129099 0.130550 0.132314 0.134428 0.136937 0.139898 0.143378 0.147463 0.152257 0.157894 0.164549 0.172444 0.181874 0.193236 0.207067 0.224113 0.245431 0.272543 0.307707 0.354346 0.417776 0.506428 0.633752 0.820515 1.094094 1.469241 1.874446 2.071266 1.880890 1.482242 1.113882 0.847452 0.668341 0.549340 0.469879 0.416737 0.381762 0.359963 0.348296 0.344927 0.348765 0.359125 0.375420 0.396810 0.421766 0.447633 0.470458 0.485500 0.488658 0.478234 0.455746 0.425102 0.390824 0.356608 0.324785 0.296473 0.271961 0.251082 0.233464 0.218677 0.206307 0.195989 0.187411 0.180322 0.174519 0.169840 0.166163 0.163398 0.161481 0.160372 0.160054 0.160529 0.161817 0.163957 0.167004 0.171024 0.176094 0.182288 0.189665 0.198242 0.207957 0.218624 0.229867 0.241075 0.251390 0.259779 0.265206 0.266889 0.264540 0.258462 0.249447 0.238546 0.226809 0.215111 0.204082 0.194119 0.185440 0.178138 0.172236 0.167729 0.164605 0.162876 0.162583 0.163818 0.166742 0.171603 0.178778 0.188821 0.202556 0.221216 0.246697 0.282001 0.332089 0.405598 0.518598 0.703646 1.034498 1.705148 3.335927 8.230956 16.390225 8.228618 3.331236 1.698075 1.024997 0.691657 0.504042 0.388380
0.217161 0.221849 0.224345 0.224814 0.223667 0.221463 0.218794 0.216194 0.214088 0.212782 0.212475 0.213279 0.215245 0.218386 0.222687 0.228122 0.234664 0.242285 0.250967 0.260697 0.271458 0.283206 0.295829 0.309086 0.322526 0.335421 0.346741 0.355237 0.359659 0.359073 0.353172 0.342389 0.327781 0.310714 0.292541 0.274377 0.257007 0.240907 0.226302 0.213249 0.201700 0.191547 0.182657 0.174890 0.168110 0.162193 0.157026 0.152509 0.148554 0.145084 0.142035 0.139349 0.136977 0.134879 0.133019 0.131370 0.129907 0.128614 0.127475 0.126480 0.125624 0.124902 0.124315 0.123865 0.123555 0.123392 0.123384 0.123543 0.123880 0.124410 0.125149 0.126119 0.127341 0.128844 0.130660 0.132828 0.135395 0.138421 0.141975 0.146147 0.151050 0.156827 0.163663 0.171802 0.181567 0.193398 0.207902 0.225933 0.248730 0.278134 0.316971 0.369748 0.443955 0.552668 0.719979 0.992710 1.464555 2.305540 3.616312 4.491431 3.623030 2.319110 1.485248 1.020951 0.756368 0.598010 0.499306 0.436468 0.396799 0.373283 0.362003 0.360848 0.368826 0.385620 0.411208 0.445354 0.486799 0.532136 0.574761 0.605200 0.614220 0.597816 0.559802 0.509203 0.455262 0.404302 0.359379 0.321291 0.289658 0.263635 0.242300 0.224807 0.210445 0.198637 0.188928 0.180960 0.174455 0.169200 0.165030 0.161824 0.159491 0.157970 0.157222 0.157225 0.157978 0.159490 0.161783 0.164885 0.168826 0.173625 0.179283 0.185760 0.192954 0.200669 0.208593 0.216281 0.223167 0.228621 0.232051 0.233029 0.231403 0.227336 0.221270 0.213810 0.205600 0.197223 0.189142 0.181691 0.175091 0.169475 0.164923 0.161481 0.159190 0.158100 0.158284 0.159858 0.162990 0.167934 0.175051 0.184867 0.198144 0.216005 0.240141 0.273170 0.319278 0.385448 0.483892 0.637128 0.888946 1.326998 2.110371 3.333216 4.148092 3.330922 2.105769 1.320060 0.879632 0.625383 0.469645 0.368611
0.196573 0.201059 0.204157 0.205980 0.206783 0.206917 0.206775 0.206729 0.207104 0.208159 0.210084 0.213014 0.217035 0.222199 0.228534 0.236058 0.244782 0.254728 0.265935 0.278467 0.292408 0.307842 0.324795 0.343134 0.362417 0.381712 0.399468 0.413566 0.421685 0.421975 0.413773 0.397907 0.376388 0.351697 0.326099 0.301270 0.278233 0.257479 0.239134 0.223110 0.209211 0.197199 0.186833 0.177887 0.170159 0.163473 0.157677 0.152643 0.148259 0.144433 0.141086 0.138152 0.135574 0.133305 0.131307 0.129546 0.127996 0.126637 0.125451 0.124426 0.123554 0.122829 0.122249 0.121814 0.121527 0.121392 0.121417 0.121610 0.121983 0.122550 0.123326 0.124333 0.125591 0.127130 0.128981 0.131186 0.133791 0.136856 0.140455 0.144680 0.149647 0.155506 0.162451 0.170736 0.180707 0.192829 0.207755 0.226416 0.250176 0.281100 0.322436 0.379520 0.461614 0.585923 0.787270 1.144500 1.864939 3.611460 8.846082 17.568860 8.853055 3.625557 1.886472 1.173957 0.825346 0.633559 0.520059 0.450410 0.407907 0.383942 0.374035 0.376071 0.389463 0.414714 0.453097 0.506116 0.574297 0.654667 0.736906 0.801070 0.823685 0.793623 0.721813 0.631513 0.542428 0.464579 0.400571 0.349390 0.308862 0.276778 0.251265 0.230847 0.214401 0.201077 0.190239 0.181409 0.174225 0.168417 0.163778 0.160153 0.157428 0.155520 0.154368 0.153933 0.154193 0.155135 0.156755 0.159054 0.162030 0.165670 0.169942 0.174782 0.180076 0.185652 0.191264 0.196592 0.201259 0.204873 0.207078 0.207628 0.206438 0.203605 0.199386 0.194148 0.188298 0.182227 0.176272 0.170698 0.165702 0.161426 0.157968 0.155405 0.153804 0.153237 0.153795 0.155603 0.158831 0.163719 0.170601 0.179948 0.192429 0.209003 0.231071 0.260721 0.301133 0.357260 0.436968 0.552823 0.724233 0.976791 1.324273 1.699712 1.879910 1.697466 1.319768 0.970003 0.715125 0.541343 0.423054 0.340833
0.181003 0.185436 0.189007 0.191804 0.194002 0.195842 0.197600 0.199554 0.201960 0.205042 0.208983 0.213928 0.219988 0.227247 0.235767 0.245598 0.256790 0.269411 0.283563 0.299412 0.317199 0.337230 0.359824 0.385160 0.413016 0.442369 0.470964 0.495143 0.510370 0.512705 0.500621 0.475854 0.442556 0.405474 0.368473 0.333993 0.303200 0.276399 0.253414 0.233850 0.217248 0.203163 0.191194 0.180997 0.172284 0.164813 0.158385 0.152838 0.148034 0.143862 0.140229 0.137057 0.134283 0.131852 0.129721 0.127853 0.126219 0.124794 0.123560 0.122502 0.121609 0.120875 0.120295 0.119867 0.119593 0.119476 0.119522 0.119739 0.120137 0.120729 0.121531 0.122561 0.123842 0.125402 0.127273 0.129495 0.132116 0.135196 0.138809 0.143049 0.148032 0.153912 0.160884 0.169209 0.179236 0.191444 0.206500 0.225364 0.249443 0.280888 0.323099 0.381729 0.466733 0.597008 0.812091 1.206617 2.056733 4.481480 17.563719 17.567089 17.570915 4.496039 2.079004 1.237147 0.851663 0.646695 0.527971 0.456427 0.413798 0.390983 0.383510 0.389633 0.409550 0.445178 0.500199 0.580039 0.690922 0.835793 1.003316 1.151311 1.210921 1.143860 0.988212 0.812617 0.659009 0.538422 0.447534 0.379622 0.328575 0.289747 0.259804 0.236403 0.217894 0.203106 0.191199 0.181564 0.173755 0.167439 0.162371 0.158364 0.155280 0.153016 0.151496 0.150663 0.150478 0.150912 0.151943 0.153551 0.155714 0.158400 0.161562 0.165127 0.168989 0.173003 0.176979 0.180688 0.183876 0.186290 0.187710 0.187988 0.187074 0.185028 0.182008 0.178246 0.174006 0.169557 0.165142 0.160969 0.157204 0.153978 0.151394 0.149540 0.148493 0.148337 0.149171 0.151117 0.154337 0.159050 0.165551 0.174243 0.185680 0.200636 0.220192 0.245882 0.279895 0.325346 0.386592 0.469362 0.579962 0.721484 0.883469 1.026309 1.085194 1.024115 0.879069 0.714855 0.571072 0.458165 0.373031 0.309351
0.168978 0.173446 0.177417 0.180965 0.184225 0.187380 0.190643 0.194234 0.198374 0.203264 0.209089 0.216006 0.224151 0.233637 0.244556 0.256989 0.271017 0.286745 0.304343 0.324097 0.346467 0.372126 0.401939 0.436811 0.477279 0.522740 0.570294 0.613668 0.643538 0.650737 0.631403 0.589656 0.534930 0.476832 0.421928 0.373393 0.332055 0.297515 0.268890 0.245210 0.225581 0.209245 0.195582 0.184093 0.174380 0.166126 0.159078 0.153032 0.147825 0.143323 0.139419 0.136025 0.133066 0.130483 0.128228 0.126259 0.124544 0.123056 0.121774 0.120682 0.119766 0.119017 0.118431 0.118004 0.117736 0.117629 0.117688 0.117919 0.118332 0.118939 0.119755 0.120797 0.122089 0.123655 0.125530 0.127751 0.130367 0.133436 0.137032 0.141247 0.146198 0.152034 0.158950 0.167201 0.177132 0.189210 0.204089 0.222701 0.246411 0.277287 0.318578 0.375622 0.457685 0.581976 0.783320 1.140567 1.861049 3.607646 8.842385 17.565331 8.849761 3.622580 1.883920 1.171975 0.824124 0.633365 0.521263 0.453549 0.413771 0.393725 0.389596 0.400381 0.427414 0.474608 0.549395 0.664464 0.839945 1.102644 1.466928 1.861613 2.049910 1.854221 1.451944 1.079653 0.808287 0.623187 0.497171 0.409620 0.347177 0.301468 0.267211 0.241006 0.220610 0.204511 0.191662 0.181325 0.172972 0.166217 0.160775 0.156434 0.153034 0.150455 0.148608 0.147422 0.146844 0.146833 0.147355 0.148375 0.149860 0.151767 0.154044 0.156617 0.159394 0.162255 0.165055 0.167631 0.169806 0.171413 0.172311 0.172407 0.171672 0.170144 0.167926 0.165167 0.162047 0.158752 0.155461 0.152333 0.149507 0.147096 0.145200 0.143905 0.143292 0.143446 0.144464 0.146463 0.149590 0.154035 0.160047 0.167957 0.178204 0.191374 0.208250 0.229876 0.257622 0.293233 0.338766 0.396241 0.466579 0.547287 0.628861 0.692661 0.716680 0.690521 0.624571 0.540827 0.457919 0.385339 0.325572 0.277685
0.159516 0.164077 0.168401 0.172563 0.176679 0.180903 0.185415 0.190410 0.196091 0.202659 0.210307 0.219217 0.229557 0.241475 0.255098 0.270536 0.287890 0.307290 0.328951 0.353279 0.381005 0.413341 0.452090 0.499610 0.558401 0.629886 0.711799 0.794196 0.857078 0.876677 0.841828 0.763997 0.667281 0.572052 0.488672 0.419827 0.364459 0.320308 0.285067 0.256775 0.233881 0.215191 0.199801 0.187022 0.176330 0.167319 0.159679 0.153163 0.147578 0.142771 0.138617 0.135016 0.131889 0.129167 0.126797 0.124736 0.122946 0.121399 0.120071 0.118943 0.118003 0.117238 0.116642 0.116211 0.115943 0.115839 0.115903 0.116141 0.116560 0.117173 0.117993 0.119037 0.120326 0.121886 0.123749 0.125952 0.128541 0.131575 0.135123 0.139276 0.144146 0.149877 0.156654 0.164723 0.174408 0.186149 0.200557 0.218488 0.241183 0.270487 0.309232 0.361927 0.436068 0.544740 0.712040 0.984801 1.456727 2.297858 3.608856 4.484304 3.616360 2.313060 1.480030 1.016843 0.753745 0.597383 0.501391 0.442291 0.407866 0.391863 0.391607 0.407079 0.440908 0.499288 0.594331 0.749328 1.010287 1.469838 2.296427 3.589708 4.451031 3.582437 2.281690 1.447235 0.979182 0.708803 0.543115 0.435646 0.362484 0.310647 0.272697 0.244161 0.222233 0.205084 0.191487 0.180596 0.171812 0.164705 0.158960 0.154343 0.150677 0.147831 0.145701 0.144209 0.143292 0.142899 0.142986 0.143513 0.144437 0.145712 0.147283 0.149084 0.151034 0.153036 0.154981 0.156746 0.158210 0.159258 0.159798 0.159768 0.159152 0.157974 0.156304 0.154242 0.151913 0.149448 0.146981 0.144634 0.142519 0.140736 0.139373 0.138509 0.138225 0.138600 0.139726 0.141707 0.144672 0.148781 0.154238 0.161302 0.170303 0.181664 0.195916 0.213716 0.235843 0.263150 0.296406 0.335946 0.380984 0.428599 0.472781 0.504758 0.515950 0.502675 0.468604 0.422312 0.372560 0.325349 0.283590 0.248060
0.151945 0.156630 0.161278 0.165966 0.170805 0.175937 0.181532 0.187779 0.194883 0.203059 0.212528 0.223511 0.236224 0.250869 0.267622 0.286628 0.308000 0.331855 0.358400 0.388099 0.421948 0.461844 0.511016 0.574416 0.658815 0.771802 0.917494 1.085127 1.231940 1.287476 1.212611 1.046786 0.860840 0.698021 0.569698 0.472417 0.399207 0.343726 0.301134 0.267952 0.241719 0.220693 0.203627 0.189620 0.178008 0.168297 0.160113 0.153169 0.147243 0.142161 0.137783 0.133999 0.130721 0.127875 0.125404 0.123259 0.121401 0.119800 0.118429 0.117269 0.116303 0.115520 0.114912 0.114473 0.114201 0.114095 0.114158 0.114396 0.114814 0.115425 0.116239 0.117275 0.118551 0.120092 0.121929 0.124097 0.126641 0.129615 0.133087 0.137142 0.141886 0.147453 0.154018 0.161804 0.171111 0.182335 0.196017 0.212908 0.234067 0.261024 0.296041 0.342548 0.405872 0.494451 0.621748 0.808544 1.082231 1.457582 1.863110 2.060401 1.870683 1.472930 1.105772 0.840943 0.663966 0.547823 0.472226 0.424380 0.396785 0.385483 0.389103 0.408609 0.447769 0.514712 0.625755 0.814902 1.159977 1.866390 3.591654 8.778611 17.427129 8.771518 3.577286 1.844368 1.129702 0.775514 0.576070 0.453125 0.372122 0.315984 0.275518 0.245426 0.222486 0.204648 0.190560 0.179299 0.170222 0.162868 0.156902 0.152076 0.148201 0.145137 0.142774 0.141025 0.139821 0.139106 0.138828 0.138944 0.139408 0.140171 0.141182 0.142380 0.143697 0.145053 0.146364 0.147541 0.148496 0.149148 0.149434 0.149314 0.148777 0.147840 0.146552 0.144982 0.143217 0.141355 0.139495 0.137731 0.136155 0.134850 0.133892 0.133355 0.133310 0.133832 0.135001 0.136908 0.139663 0.143396 0.148267 0.154471 0.162247 0.171881 0.183713 0.198120 0.215496 0.236174 0.260290 0.287546 0.316860 0.345995 0.371424 0.388828 0.394458 0.386802 0.367365 0.339886 0.308677 0.277259 0.247857 0.221547
0.145783 0.150614 0.155563 0.160715 0.166185 0.172116 0.178682 0.186080 0.194535 0.204294 0.215624 0.228811 0.244148 0.261923 0.282395 0.305770 0.332171 0.361656 0.394301 0.430453 0.471200 0.519118 0.579288 0.660661 0.777893 0.953414 1.216401 1.582915 1.980498 2.165701 1.955823 1.533831 1.143562 0.858093 0.662248 0.527937 0.433825 0.366066 0.315957 0.277987 0.248590 0.225403 0.206818 0.191713 0.179289 0.168964 0.160307 0.152993 0.146773 0.141454 0.136884 0.132943 0.129536 0.126583 0.124024 0.121807 0.119890 0.118241 0.116832 0.115641 0.114652 0.113851 0.113229 0.112780 0.112500 0.112388 0.112446 0.112677 0.113088 0.113689 0.114491 0.115509 0.116762 0.118273 0.120071 0.122189 0.124669 0.127562 0.130932 0.134857 0.139435 0.144789 0.151076 0.158498 0.167317 0.177878 0.190643 0.206234 0.225503 0.249637 0.280303 0.319869 0.371693 0.440464 0.532340 0.654099 0.809090 0.986194 1.143150 1.210788 1.150730 1.001557 0.832661 0.686552 0.574649 0.493987 0.438287 0.402077 0.381635 0.375013 0.381984 0.404259 0.446263 0.517019 0.634646 0.837905 1.220339 2.055680 4.454114 17.428331 17.424650 17.421469 4.440222 2.034409 1.191138 0.799990 0.586942 0.458087 0.374190 0.316500 0.275135 0.244488 0.221182 0.203087 0.188804 0.177385 0.168169 0.160684 0.154587 0.149622 0.145599 0.142371 0.139823 0.137866 0.136426 0.135444 0.134866 0.134644 0.134733 0.135085 0.135651 0.136377 0.137206 0.138072 0.138910 0.139653 0.140235 0.140600 0.140703 0.140516 0.140032 0.139264 0.138245 0.137026 0.135669 0.134247 0.132835 0.131506 0.130335 0.129389 0.128736 0.128439 0.128561 0.129168 0.130329 0.132122 0.134637 0.137975 0.142260 0.147631 0.154254 0.162312 0.172004 0.183527 0.197038 0.212599 0.230077 0.249013 0.268464 0.286899 0.302256 0.312295 0.315217 0.310328 0.298315 0.280969 0.260526 0.239038 0.218029 0.198435
0.140683 0.145666 0.150895 0.156464 0.162497 0.169147 0.176600 0.185078 0.194838 0.206179 0.219440 0.235001 0.253280 0.274708 0.299701 0.328592 0.361559 0.398549 0.439316 0.483702 0.532373 0.588152 0.658000 0.755962 0.908433 1.165489 1.624956 2.462183 3.780983 4.655832 3.749336 2.398941 1.530452 1.040781 0.755879 0.579765 0.464407 0.385036 0.328163 0.286034 0.253957 0.228971 0.209137 0.193137 0.180054 0.169234 0.160196 0.152583 0.146126 0.140616 0.135891 0.131823 0.128310 0.125270 0.122639 0.120362 0.118396 0.116707 0.115264 0.114047 0.113036 0.112218 0.111583 0.111122 0.110832 0.110711 0.110759 0.110979 0.111378 0.111962 0.112744 0.113737 0.114959 0.116430 0.118176 0.120231 0.122632 0.125426 0.128671 0.132439 0.136817 0.141916 0.147874 0.154867 0.163118 0.172917 0.184639 0.198777 0.215982 0.237115 0.263316 0.296078 0.337291 0.389186 0.453954 0.532621 0.622565 0.713684 0.786126 0.816451 0.793646 0.728927 0.645950 0.564814 0.495918 0.442259 0.403303 0.377528 0.363643 0.361124 0.370538 0.393971 0.435860 0.504744 0.617196 0.807384 1.153242 1.860253 3.585978 8.773295 17.422097 8.766710 3.572655 1.839877 1.125322 0.771218 0.571835 0.448933 0.367955 0.311825 0.271351 0.241235 0.218254 0.200359 0.186194 0.174837 0.165642 0.158145 0.152009 0.146981 0.142870 0.139531 0.136847 0.134729 0.133102 0.131905 0.131082 0.130587 0.130373 0.130396 0.130610 0.130967 0.131417 0.131910 0.132391 0.132808 0.133115 0.133268 0.133235 0.132997 0.132548 0.131898 0.131072 0.130105 0.129046 0.127946 0.126864 0.125859 0.124990 0.124312 0.123883 0.123756 0.123986 0.124630 0.125745 0.127397 0.129655 0.132600 0.136320 0.140913 0.146488 0.153153 0.161013 0.170151 0.180595 0.192280 0.204988 0.218278 0.231429 0.243427 0.253049 0.259068 0.260555 0.257160 0.249227 0.237678 0.223735 0.208614 0.193324 0.178578
0.136380 0.141515 0.147002 0.152946 0.159484 0.166785 0.175057 0.184554 0.195582 0.208508 0.223774 0.241898 0.263486 0.289213 0.319781 0.355820 0.397714 0.445350 0.497913 0.554021 0.612713 0.675725 0.751023 0.857680 1.034998 1.367857 2.071734 3.826672 9.151410 18.046234 9.110764 3.744894 1.948228 1.202701 0.830134 0.618244 0.486176 0.398134 0.336372 0.291291 0.257331 0.231089 0.210380 0.193753 0.180207 0.169035 0.159725 0.151898 0.145268 0.139619 0.134779 0.130616 0.127024 0.123919 0.121232 0.118909 0.116905 0.115183 0.113714 0.112475 0.111446 0.110612 0.109963 0.109490 0.109189 0.109056 0.109091 0.109297 0.109678 0.110242 0.110998 0.111959 0.113141 0.114563 0.116249 0.118229 0.120537 0.123216 0.126318 0.129906 0.134059 0.138873 0.144465 0.150985 0.158618 0.167597 0.178217 0.190851 0.205969 0.224162 0.246153 0.272800 0.305040 0.343724 0.389241 0.440790 0.495292 0.546376 0.584732 0.601264 0.592129 0.561366 0.518279 0.472417 0.430433 0.395764 0.369673 0.352396 0.343947 0.344630 0.355426 0.378422 0.417503 0.479630 0.577402 0.734424 0.996910 1.457628 2.285122 3.579110 4.440990 3.572838 2.272442 1.438263 0.970427 0.700215 0.534648 0.427264 0.354150 0.302329 0.264363 0.235779 0.213770 0.196505 0.182757 0.171674 0.162654 0.155262 0.149176 0.144156 0.140017 0.136618 0.133846 0.131613 0.129843 0.128477 0.127461 0.126748 0.126292 0.126053 0.125989 0.126057 0.126215 0.126419 0.126628 0.126801 0.126900 0.126894 0.126759 0.126480 0.126054 0.125488 0.124800 0.124017 0.123173 0.122311 0.121473 0.120707 0.120060 0.119579 0.119310 0.119298 0.119591 0.120234 0.121277 0.122771 0.124771 0.127336 0.130529 0.134416 0.139061 0.144524 0.150850 0.158055 0.166102 0.174878 0.184161 0.193584 0.202623 0.210610 0.216799 0.220487 0.221164 0.218638 0.213095 0.205040 0.195172 0.184230 0.172877 0.161632
0.132676 0.137953 0.143672 0.149950 0.156938 0.164825 0.173847 0.184298 0.196544 0.211043 0.228366 0.249225 0.274500 0.305255 0.342710 0.388136 0.442559 0.506189 0.577579 0.652972 0.727153 0.797391 0.870211 0.968563 1.141360 1.494039 2.314911 4.751183 18.091920 18.063365 18.039893 4.645500 2.152817 1.272884 0.860843 0.633899 0.494959 0.403339 0.339520 0.293162 0.258360 0.231534 0.210404 0.193463 0.179676 0.168315 0.158854 0.150904 0.144174 0.138440 0.133529 0.129306 0.125663 0.122514 0.119791 0.117436 0.115405 0.113660 0.112172 0.110915 0.109871 0.109024 0.108363 0.107878 0.107564 0.107418 0.107439 0.107627 0.107988 0.108527 0.109252 0.110175 0.111311 0.112677 0.114294 0.116189 0.118393 0.120945 0.123889 0.127283 0.131192 0.135699 0.140903 0.146926 0.153918 0.162059 0.171574 0.182733 0.195858 0.211331 0.229575 0.251033 0.276085 0.304903 0.337200 0.371852 0.406514 0.437462 0.460142 0.470615 0.467354 0.452073 0.428905 0.402627 0.377226 0.355375 0.338616 0.327794 0.323492 0.326392 0.337577 0.358868 0.393286 0.445785 0.524459 0.642426 0.820103 1.084489 1.450083 1.845797 2.034907 1.839865 1.438101 1.066217 0.795170 0.610313 0.484478 0.397051 0.334679 0.288993 0.254711 0.228434 0.207917 0.191646 0.178570 0.167947 0.159241 0.152058 0.146106 0.141160 0.137049 0.133639 0.130823 0.128515 0.126644 0.125152 0.123987 0.123102 0.122457 0.122012 0.121730 0.121572 0.121502 0.121485 0.121486 0.121471 0.121413 0.121286 0.121073 0.120762 0.120350 0.119844 0.119255 0.118604 0.117919 0.117229 0.116571 0.115981 0.115496 0.115156 0.114997 0.115059 0.115379 0.115995 0.116948 0.118278 0.120026 0.122234 0.124946 0.128203 0.132041 0.136487 0.141547 0.147204 0.153393 0.159993 0.166806 0.173548 0.179843 0.185248 0.189296 0.191566 0.191762 0.189775 0.185709 0.179856 0.172632 0.164500 0.155897 0.147195
0.129412 0.134815 0.140735 0.147303 0.154683 0.163086 0.172780 0.184103 0.197492 0.213509 0.232885 0.256580 0.285853 0.322348 0.368164 0.425839 0.498053 0.586683 0.690660 0.802682 0.907597 0.989048 1.046199 1.106927 1.228631 1.510386 2.173589 3.898539 9.201987 18.081923 9.136056 3.762883 1.961031 1.211777 0.836492 0.622591 0.489015 0.399825 0.337177 0.291403 0.256894 0.230210 0.209142 0.192219 0.178427 0.167048 0.157562 0.149585 0.142827 0.137065 0.132128 0.127881 0.124215 0.121046 0.118304 0.115933 0.113887 0.112128 0.110628 0.109360 0.108305 0.107448 0.106776 0.106280 0.105954 0.105794 0.105798 0.105967 0.106304 0.106814 0.107505 0.108386 0.109471 0.110774 0.112316 0.114119 0.116212 0.118626 0.121404 0.124591 0.128245 0.132435 0.137241 0.142761 0.149112 0.156431 0.164881 0.174650 0.185948 0.199004 0.214045 0.231259 0.250736 0.272358 0.295661 0.319672 0.342792 0.362866 0.377550 0.384991 0.384525 0.376986 0.364410 0.349342 0.334176 0.320799 0.310553 0.304375 0.303013 0.307234 0.318029 0.336829 0.365750 0.407907 0.467752 0.551215 0.664862 0.811867 0.981058 1.130368 1.191022 1.124793 0.969808 0.794739 0.641544 0.521274 0.430621 0.362869 0.311916 0.273115 0.243139 0.219642 0.200973 0.185956 0.173749 0.163734 0.155456 0.148573 0.142825 0.138013 0.133979 0.130602 0.127781 0.125436 0.123502 0.121920 0.120644 0.119630 0.118838 0.118233 0.117781 0.117448 0.117202 0.117014 0.116855 0.116697 0.116518 0.116299 0.116025 0.115688 0.115284 0.114819 0.114301 0.113747 0.113177 0.112614 0.112087 0.111624 0.111255 0.111013 0.110927 0.111029 0.111350 0.111922 0.112775 0.113940 0.115448 0.117330 0.119611 0.122317 0.125464 0.129058 0.133085 0.137511 0.142266 0.147235 0.152257 0.157113 0.161538 0.165233 0.167898 0.169271 0.169173 0.167538 0.164427 0.160017 0.154564 0.148365 0.141715 0.134875
0.126466 0.131972 0.138057 0.144863 0.152571 0.161411 0.171682 0.183770 0.198184 0.215600 0.236929 0.263422 0.296818 0.339557 0.395081 0.468175 0.565153 0.693154 0.856516 1.046765 1.227538 1.339210 1.353750 1.320201 1.327412 1.462496 1.831597 2.605484 3.880783 4.725829 3.798779 2.434043 1.555410 1.058455 0.768244 0.588202 0.469894 0.388274 0.329664 0.286173 0.253014 0.227159 0.206616 0.190032 0.176463 0.165233 0.155846 0.147936 0.141222 0.135489 0.130571 0.126334 0.122675 0.119508 0.116766 0.114393 0.112344 0.110582 0.109077 0.107804 0.106743 0.105879 0.105198 0.104692 0.104354 0.104180 0.104166 0.104314 0.104625 0.105104 0.105757 0.106593 0.107622 0.108860 0.110321 0.112027 0.114002 0.116274 0.118878 0.121854 0.125249 0.129118 0.133528 0.138553 0.144283 0.150819 0.158273 0.166771 0.176443 0.187414 0.199787 0.213611 0.228836 0.245252 0.262413 0.279581 0.295707 0.309524 0.319773 0.325519 0.326462 0.323058 0.316402 0.307935 0.299133 0.291293 0.285464 0.282478 0.283048 0.287876 0.297773 0.313766 0.337207 0.369834 0.413725 0.470921 0.542314 0.625183 0.709388 0.775110 0.798968 0.769901 0.698887 0.609222 0.520635 0.443170 0.379446 0.328458 0.288042 0.255992 0.230435 0.209898 0.193252 0.179645 0.168435 0.159133 0.151368 0.144854 0.139368 0.134738 0.130825 0.127517 0.124727 0.122379 0.120412 0.118775 0.117422 0.116312 0.115410 0.114684 0.114101 0.113632 0.113252 0.112932 0.112649 0.112382 0.112110 0.111820 0.111499 0.111139 0.110740 0.110303 0.109837 0.109352 0.108864 0.108394 0.107960 0.107588 0.107301 0.107123 0.107082 0.107200 0.107504 0.108019 0.108768 0.109774 0.111060 0.112645 0.114547 0.116777 0.119339 0.122226 0.125417 0.128869 0.132515 0.136259 0.139968 0.143481 0.146606 0.149141 0.150886 0.151673 0.151391 0.149997 0.147528 0.144096 0.139864 0.135027 0.129785 0.124325
0.123739 0.129319 0.135528 0.142517 0.150478 0.159663 0.170397 0.183110 0.198379 0.216991 0.240039 0.269083 0.306397 0.355387 0.421289 0.512323 0.641509 0.828862 1.100838 1.472657 1.880264 2.105947 1.989234 1.704641 1.487118 1.424250 1.530348 1.795100 2.126094 2.266987 2.027059 1.584292 1.179392 0.883434 0.679942 0.539964 0.441588 0.370572 0.317940 0.277988 0.247013 0.222553 0.202929 0.186965 0.173823 0.162893 0.153721 0.145965 0.139363 0.133713 0.128856 0.124664 0.121038 0.117896 0.115172 0.112812 0.110772 0.109016 0.107513 0.106241 0.105179 0.104311 0.103625 0.103111 0.102762 0.102573 0.102542 0.102667 0.102952 0.103398 0.104011 0.104798 0.105770 0.106937 0.108315 0.109921 0.111775 0.113902 0.116331 0.119094 0.122230 0.125784 0.129807 0.134357 0.139499 0.145305 0.151850 0.159214 0.167470 0.176677 0.186866 0.198015 0.210021 0.222665 0.235581 0.248237 0.259950 0.269962 0.277565 0.282268 0.283932 0.282832 0.279604 0.275111 0.270292 0.266036 0.263126 0.262238 0.263970 0.268898 0.277633 0.290863 0.309374 0.334013 0.365536 0.404233 0.449213 0.497325 0.542149 0.574343 0.584772 0.569502 0.532398 0.482528 0.429161 0.378643 0.334048 0.296185 0.264679 0.238693 0.217305 0.199669 0.185070 0.172927 0.162776 0.154247 0.147050 0.140954 0.135774 0.131364 0.127605 0.124400 0.121669 0.119346 0.117376 0.115710 0.114308 0.113133 0.112152 0.111334 0.110653 0.110082 0.109598 0.109177 0.108800 0.108449 0.108106 0.107761 0.107402 0.107025 0.106627 0.106210 0.105779 0.105344 0.104916 0.104511 0.104144 0.103835 0.103602 0.103466 0.103447 0.103564 0.103839 0.104289 0.104934 0.105790 0.106873 0.108195 0.109765 0.111587 0.113658 0.115963 0.118478 0.121160 0.123950 0.126767 0.129507 0.132049 0.134255 0.135985 0.137103 0.137499 0.137100 0.135878 0.133857 0.131108 0.127739 0.123881 0.119673 0.115248
0.121155 0.126776 0.133061 0.140170 0.148304 0.157728 0.168790 0.181954 0.197853 0.217367 0.241747 0.272830 0.313400 0.367840 0.443363 0.552442 0.717881 0.983729 1.437740 2.238802 3.481935 4.329651 3.572189 2.427505 1.741771 1.428564 1.333592 1.358551 1.416755 1.415061 1.302012 1.110006 0.905680 0.729690 0.591748 0.487321 0.408717 0.349101 0.303295 0.267578 0.239320 0.216654 0.198244 0.183123 0.170577 0.160075 0.151216 0.143692 0.137264 0.131745 0.126988 0.122873 0.119306 0.116209 0.113520 0.111187 0.109167 0.107426 0.105935 0.104669 0.103610 0.102743 0.102053 0.101533 0.101174 0.100972 0.100923 0.101026 0.101283 0.101695 0.102266 0.103004 0.103916 0.105012 0.106304 0.107808 0.109541 0.111522 0.113776 0.116330 0.119213 0.122463 0.126116 0.130218 0.134813 0.139951 0.145680 0.152048 0.159089 0.166824 0.175243 0.184294 0.193862 0.203755 0.213688 0.223288 0.232109 0.239686 0.245610 0.249609 0.251626 0.251837 0.250637 0.248569 0.246245 0.244282 0.243252 0.243673 0.246016 0.250722 0.258222 0.268946 0.283309 0.301642 0.324059 0.350205 0.378898 0.407728 0.432922 0.449870 0.454569 0.445390 0.423909 0.394072 0.360433 0.326711 0.295255 0.267192 0.242822 0.221982 0.204301 0.189349 0.176707 0.166002 0.156915 0.149181 0.142579 0.136929 0.132084 0.127921 0.124342 0.121264 0.118617 0.116343 0.114392 0.112722 0.111295 0.110079 0.109043 0.108161 0.107408 0.106761 0.106199 0.105702 0.105254 0.104838 0.104441 0.104053 0.103665 0.103273 0.102875 0.102470 0.102065 0.101664 0.101279 0.100919 0.100598 0.100331 0.100134 0.100020 0.100008 0.100112 0.100349 0.100732 0.101276 0.101993 0.102893 0.103983 0.105266 0.106742 0.108402 0.110230 0.112200 0.114274 0.116400 0.118512 0.120530 0.122362 0.123908 0.125068 0.125751 0.125880 0.125407 0.124312 0.122613 0.120355 0.117611 0.114471 0.111033 0.107394
0.118653 0.124277 0.130589 0.137750 0.145968 0.155516 0.166755 0.180168 0.196425 0.216463 0.241639 0.273983 0.316646 0.374753 0.457116 0.579979 0.776009 1.118822 1.801363 3.439330 8.317519 16.437445 8.390100 3.588674 2.035382 1.447605 1.207798 1.113306 1.070653 1.023513 0.944589 0.836650 0.718796 0.608382 0.513873 0.436723 0.375057 0.326054 0.287022 0.255727 0.230420 0.209769 0.192764 0.178639 0.166814 0.156841 0.148375 0.141148 0.134945 0.129600 0.124976 0.120967 0.117482 0.114450 0.111812 0.109518 0.107530 0.105813 0.104339 0.103086 0.102035 0.101172 0.100482 0.099958 0.099590 0.099375 0.099309 0.099390 0.099619 0.099996 0.100526 0.101213 0.102064 0.103088 0.104295 0.105697 0.107308 0.109146 0.111229 0.113579 0.116220 0.119179 0.122485 0.126169 0.130263 0.134799 0.139807 0.145309 0.151320 0.157835 0.164827 0.172232 0.179945 0.187808 0.195608 0.203083 0.209939 0.215886 0.220678 0.224165 0.226325 0.227281 0.227287 0.226700 0.225932 0.225410 0.225549 0.226735 0.229319 0.233623 0.239937 0.248512 0.259535 0.273071 0.288969 0.306722 0.325309 0.343082 0.357835 0.367168 0.369155 0.363040 0.349536 0.330527 0.308369 0.285227 0.262708 0.241793 0.222956 0.206321 0.191810 0.179240 0.168391 0.159041 0.150982 0.144030 0.138026 0.132833 0.128337 0.124439 0.121058 0.118125 0.115580 0.113374 0.111462 0.109807 0.108376 0.107140 0.106071 0.105145 0.104341 0.103639 0.103019 0.102466 0.101964 0.101500 0.101062 0.100641 0.100231 0.099827 0.099426 0.099031 0.098642 0.098266 0.097909 0.097581 0.097291 0.097051 0.096873 0.096769 0.096753 0.096836 0.097030 0.097346 0.097795 0.098384 0.099121 0.100007 0.101044 0.102227 0.103546 0.104983 0.106515 0.108108 0.109717 0.111290 0.112765 0.114071 0.115136 0.115889 0.116263 0.116208 0.115689 0.114693 0.113230 0.111333 0.109052 0.106449 0.103595 0.100559
0.116186 0.121774 0.128060 0.135205 0.143416 0.152967 0.164220 0.177664 0.193972 0.214100 0.239434 0.272063 0.315260 0.374412 0.458934 0.586577 0.794298 1.170233 1.970975 4.235065 16.388116 16.413972 16.445403 4.351435 2.149462 1.413755 1.103184 0.955074 0.872090 0.808203 0.741885 0.667929 0.590473 0.515946 0.448923 0.391284 0.342994 0.303065 0.270201 0.243141 0.220782 0.202212 0.186698 0.173660 0.162635 0.153261 0.145249 0.138367 0.132432 0.127295 0.122835 0.118954 0.115572 0.112621 0.110048 0.107807 0.105859 0.104174 0.102725 0.101491 0.100453 0.099596 0.098910 0.098383 0.098010 0.097783 0.097701 0.097760 0.097960 0.098303 0.098791 0.099428 0.100219 0.101171 0.102293 0.103594 0.105087 0.106785 0.108702 0.110857 0.113267 0.115953 0.118935 0.122236 0.125876 0.129876 0.134250 0.139008 0.144150 0.149658 0.155499 0.161611 0.167902 0.174248 0.180492 0.186449 0.191924 0.196731 0.200722 0.203809 0.205990 0.207352 0.208068 0.208376 0.208560 0.208919 0.209751 0.211335 0.213927 0.217752 0.222996 0.229793 0.238204 0.248171 0.259465 0.271611 0.283835 0.295049 0.303940 0.309193 0.309808 0.305401 0.296324 0.283543 0.268342 0.252002 0.235584 0.219838 0.205216 0.191939 0.180064 0.169547 0.160293 0.152180 0.145082 0.138878 0.133455 0.128716 0.124572 0.120946 0.117775 0.114999 0.112570 0.110446 0.108588 0.106965 0.105546 0.104305 0.103220 0.102269 0.101432 0.100691 0.100032 0.099437 0.098896 0.098396 0.097927 0.097482 0.097054 0.096640 0.096238 0.095847 0.095470 0.095110 0.094772 0.094464 0.094194 0.093970 0.093801 0.093698 0.093669 0.093726 0.093875 0.094127 0.094487 0.094961 0.095553 0.096263 0.097090 0.098026 0.099061 0.100180 0.101359 0.102569 0.103775 0.104933 0.105996 0.106910 0.107621 0.108077 0.108231 0.108047 0.107501 0.106582 0.105300 0.103675 0.101743 0.099548 0.097142 0.094576
0.113721 0.119235 0.125443 0.132502 0.140615 0.150048 0.161153 0.174404 0.190453 0.210220 0.235041 0.266911 0.308941 0.366198 0.447418 0.568732 0.762650 1.102561 1.781072 3.413391 8.283581 16.392083 8.328346 3.503453 1.917086 1.284432 0.988230 0.832349 0.738962 0.671693 0.612948 0.555794 0.499382 0.445417 0.395840 0.351825 0.313687 0.281144 0.253605 0.230383 0.210804 0.194265 0.180250 0.168328 0.158145 0.149411 0.141890 0.135391 0.129754 0.124852 0.120579 0.116848 0.113585 0.110730 0.108235 0.106056 0.104158 0.102512 0.101094 0.099883 0.098862 0.098017 0.097336 0.096810 0.096431 0.096195 0.096097 0.096135 0.096309 0.096618 0.097064 0.097651 0.098382 0.099264 0.100302 0.101506 0.102884 0.104446 0.106206 0.108176 0.110369 0.112800 0.115484 0.118437 0.121670 0.125194 0.129017 0.133138 0.137548 0.142227 0.147138 0.152227 0.157418 0.162614 0.167700 0.172545 0.177018 0.180998 0.184393 0.187152 0.189281 0.190843 0.191958 0.192792 0.193540 0.194413 0.195622 0.197369 0.199832 0.203165 0.207481 0.212844 0.219248 0.226592 0.234647 0.243028 0.251175 0.258374 0.263826 0.266776 0.266672 0.263303 0.256855 0.247857 0.237039 0.225179 0.212974 0.200967 0.189534 0.178902 0.169181 0.160399 0.152531 0.145521 0.139300 0.133792 0.128922 0.124621 0.120822 0.117470 0.114511 0.111900 0.109597 0.107565 0.105773 0.104193 0.102799 0.101569 0.100482 0.099519 0.098663 0.097898 0.097211 0.096589 0.096020 0.095494 0.095003 0.094540 0.094099 0.093677 0.093273 0.092885 0.092515 0.092165 0.091840 0.091545 0.091285 0.091068 0.090901 0.090792 0.090747 0.090773 0.090879 0.091069 0.091348 0.091719 0.092184 0.092742 0.093389 0.094118 0.094919 0.095777 0.096671 0.097578 0.098467 0.099305 0.100053 0.100670 0.101118 0.101356 0.101351 0.101077 0.100516 0.099661 0.098518 0.097102 0.095438 0.093559 0.091502 0.089306
0.111236 0.116637 0.122717 0.129625 0.137554 0.146755 0.157559 0.170407 0.185905 0.204894 0.228581 0.258742 0.298077 0.350862 0.424154 0.530211 0.691532 0.951717 1.397864 2.187880 3.415311 4.240443 3.450169 2.257536 1.501941 1.089042 0.859489 0.724151 0.637170 0.574253 0.522528 0.475809 0.431885 0.390583 0.352446 0.317997 0.287469 0.260798 0.237716 0.217851 0.200798 0.186164 0.173594 0.162775 0.153440 0.145363 0.138356 0.132260 0.126943 0.122296 0.118228 0.114660 0.111531 0.108784 0.106376 0.104268 0.102428 0.100829 0.099447 0.098265 0.097264 0.096433 0.095761 0.095237 0.094856 0.094611 0.094499 0.094518 0.094665 0.094941 0.095347 0.095885 0.096558 0.097371 0.098329 0.099438 0.100705 0.102140 0.103749 0.105545 0.107536 0.109732 0.112145 0.114782 0.117652 0.120758 0.124102 0.127679 0.131475 0.135469 0.139627 0.143901 0.148231 0.152542 0.156749 0.160759 0.164484 0.167842 0.170775 0.173255 0.175288 0.176923 0.178244 0.179366 0.180426 0.181574 0.182958 0.184720 0.186984 0.189850 0.193383 0.197607 0.202485 0.207910 0.213686 0.219515 0.225002 0.229677 0.233040 0.234639 0.234154 0.231465 0.226673 0.220083 0.212129 0.203296 0.194043 0.184758 0.175735 0.167174 0.159195 0.151858 0.145176 0.139134 0.133699 0.128827 0.124471 0.120584 0.117119 0.114032 0.111286 0.108842 0.106669 0.104737 0.103019 0.101492 0.100134 0.098924 0.097846 0.096883 0.096020 0.095242 0.094539 0.093899 0.093311 0.092768 0.092261 0.091785 0.091335 0.090908 0.090501 0.090115 0.089749 0.089406 0.089088 0.088800 0.088545 0.088330 0.088160 0.088039 0.087974 0.087971 0.088033 0.088166 0.088371 0.088650 0.089005 0.089431 0.089926 0.090483 0.091090 0.091735 0.092400 0.093064 0.093704 0.094292 0.094798 0.095191 0.095441 0.095518 0.095397 0.095060 0.094493 0.093691 0.092659 0.091407 0.089953 0.088321 0.086540 0.084638
0.108718 0.113972 0.119877 0.126574 0.134242 0.143110 0.153478 0.165744 0.180443 0.198308 0.220365 0.248086 0.283628 0.330237 0.392930 0.479620 0.602885 0.782100 1.042766 1.398667 1.783537 1.976210 1.810715 1.452725 1.122973 0.887038 0.730156 0.625619 0.552844 0.498354 0.453960 0.415115 0.379661 0.346845 0.316589 0.289020 0.264229 0.242197 0.222789 0.205801 0.190986 0.178093 0.166876 0.157115 0.148609 0.141186 0.134698 0.129015 0.124030 0.119650 0.115798 0.112407 0.109421 0.106792 0.104480 0.102450 0.100674 0.099126 0.097786 0.096636 0.095660 0.094846 0.094185 0.093666 0.093284 0.093032 0.092908 0.092908 0.093030 0.093275 0.093642 0.094133 0.094750 0.095496 0.096377 0.097395 0.098558 0.099870 0.101339 0.102972 0.104776 0.106757 0.108923 0.111277 0.113825 0.116565 0.119495 0.122607 0.125888 0.129314 0.132857 0.136477 0.140126 0.143745 0.147273 0.150642 0.153792 0.156668 0.159231 0.161466 0.163379 0.165008 0.166411 0.167670 0.168882 0.170150 0.171581 0.173272 0.175307 0.177749 0.180634 0.183962 0.187686 0.191709 0.195872 0.199955 0.203678 0.206728 0.208787 0.209573 0.208895 0.206677 0.202982 0.197990 0.191970 0.185233 0.178086 0.170803 0.163607 0.156664 0.150087 0.143943 0.138266 0.133062 0.128321 0.124021 0.120136 0.116635 0.113484 0.110654 0.108114 0.105837 0.103796 0.101967 0.100329 0.098862 0.097547 0.096367 0.095307 0.094352 0.093491 0.092710 0.091999 0.091349 0.090751 0.090196 0.089680 0.089195 0.088739 0.088308 0.087900 0.087514 0.087151 0.086811 0.086497 0.086212 0.085958 0.085741 0.085563 0.085429 0.085343 0.085310 0.085331 0.085411 0.085550 0.085749 0.086007 0.086321 0.086688 0.087099 0.087546 0.088016 0.088496 0.088967 0.089410 0.089803 0.090122 0.090343 0.090443 0.090400 0.090196 0.089815 0.089248 0.088492 0.087549 0.086427 0.085140 0.083706 0.082144 0.080479
0.106161 0.111236 0.116928 0.123364 0.130705 0.139156 0.148980 0.160522 0.174235 0.190728 0.210825 0.235666 0.266840 0.306590 0.358085 0.425725 0.515276 0.633075 0.782265 0.952543 1.104683 1.174425 1.125969 0.994757 0.844622 0.714248 0.613265 0.537789 0.480797 0.436044 0.398995 0.366755 0.337693 0.311040 0.286515 0.264058 0.243667 0.225315 0.208925 0.194375 0.181516 0.170183 0.160210 0.151440 0.143727 0.136941 0.130963 0.125694 0.121045 0.116938 0.113310 0.110102 0.107266 0.104762 0.102552 0.100607 0.098899 0.097408 0.096113 0.094999 0.094051 0.093257 0.092609 0.092097 0.091716 0.091459 0.091324 0.091307 0.091406 0.091620 0.091950 0.092396 0.092959 0.093643 0.094449 0.095382 0.096445 0.097643 0.098981 0.100464 0.102095 0.103881 0.105823 0.107925 0.110186 0.112606 0.115178 0.117894 0.120740 0.123695 0.126734 0.129824 0.132926 0.135997 0.138990 0.141857 0.144554 0.147045 0.149303 0.151320 0.153102 0.154676 0.156084 0.157384 0.158644 0.159938 0.161338 0.162911 0.164713 0.166782 0.169136 0.171762 0.174615 0.177611 0.180628 0.183501 0.186037 0.188023 0.189250 0.189540 0.188772 0.186901 0.183963 0.180072 0.175399 0.170148 0.164529 0.158735 0.152934 0.147259 0.141807 0.136644 0.131811 0.127325 0.123191 0.119402 0.115943 0.112795 0.109939 0.107351 0.105010 0.102894 0.100985 0.099261 0.097706 0.096303 0.095037 0.093892 0.092857 0.091919 0.091066 0.090289 0.089578 0.088925 0.088321 0.087761 0.087239 0.086750 0.086291 0.085857 0.085448 0.085063 0.084701 0.084363 0.084050 0.083765 0.083510 0.083287 0.083100 0.082951 0.082844 0.082781 0.082765 0.082796 0.082876 0.083005 0.083180 0.083398 0.083656 0.083946 0.084261 0.084589 0.084919 0.085235 0.085522 0.085762 0.085936 0.086025 0.086012 0.085879 0.085613 0.085202 0.084639 0.083923 0.083053 0.082037 0.080885 0.079610 0.078227 0.076755
0.103568 0.108438 0.113883 0.120017 0.126980 0.134950 0.144152 0.154872 0.167481 0.182460 0.200436 0.222238 0.248955 0.282000 0.323160 0.374534 0.438182 0.515067 0.602759 0.691859 0.763883 0.796961 0.780665 0.725084 0.651715 0.578621 0.514733 0.462010 0.419072 0.383589 0.353394 0.326863 0.302947 0.281055 0.260905 0.242380 0.225435 0.210035 0.196128 0.183639 0.172474 0.162525 0.153679 0.145825 0.138857 0.132677 0.127196 0.122332 0.118015 0.114183 0.110780 0.107759 0.105079 0.102703 0.100600 0.098743 0.097109 0.095678 0.094432 0.093356 0.092439 0.091668 0.091035 0.090532 0.090153 0.089894 0.089749 0.089716 0.089794 0.089980 0.090274 0.090677 0.091190 0.091813 0.092549 0.093401 0.094372 0.095463 0.096679 0.098023 0.099497 0.101104 0.102846 0.104722 0.106731 0.108871 0.111134 0.113511 0.115989 0.118550 0.121173 0.123829 0.126489 0.129120 0.131685 0.134149 0.136483 0.138659 0.140660 0.142481 0.144127 0.145617 0.146983 0.148264 0.149509 0.150769 0.152093 0.153527 0.155107 0.156855 0.158776 0.160854 0.163048 0.165290 0.167485 0.169514 0.171240 0.172516 0.173206 0.173192 0.172396 0.170789 0.168395 0.165287 0.161579 0.157406 0.152913 0.148241 0.143514 0.138836 0.134288 0.129931 0.125804 0.121932 0.118325 0.114985 0.111908 0.109083 0.106497 0.104135 0.101982 0.100023 0.098241 0.096622 0.095151 0.093815 0.092601 0.091497 0.090492 0.089576 0.088738 0.087970 0.087264 0.086613 0.086010 0.085449 0.084925 0.084434 0.083973 0.083539 0.083130 0.082745 0.082383 0.082046 0.081733 0.081446 0.081187 0.080958 0.080760 0.080597 0.080469 0.080379 0.080327 0.080315 0.080343 0.080410 0.080513 0.080650 0.080817 0.081006 0.081211 0.081423 0.081631 0.081823 0.081986 0.082105 0.082166 0.082154 0.082054 0.081854 0.081543 0.081113 0.080558 0.079876 0.079069 0.078140 0.077098 0.075952 0.074716 0.073402
0.100944 0.105588 0.110762 0.116563 0.123113 0.130560 0.139091 0.148937 0.160387 0.173806 0.189648 0.208481 0.230996 0.258007 0.290399 0.328978 0.374107 0.425038 0.478891 0.529705 0.568758 0.587477 0.582097 0.556089 0.517719 0.475387 0.434721 0.398284 0.366564 0.339031 0.314841 0.293211 0.273553 0.255488 0.238803 0.223392 0.209203 0.196203 0.184355 0.173610 0.163907 0.155176 0.147341 0.140324 0.134048 0.128439 0.123430 0.118958 0.114967 0.111404 0.108227 0.105394 0.102870 0.100625 0.098632 0.096866 0.095308 0.093940 0.092745 0.091711 0.090826 0.090079 0.089464 0.088972 0.088598 0.088336 0.088184 0.088137 0.088195 0.088354 0.088616 0.088978 0.089443 0.090009 0.090680 0.091456 0.092340 0.093332 0.094435 0.095652 0.096983 0.098429 0.099990 0.101665 0.103453 0.105348 0.107343 0.109430 0.111596 0.113826 0.116101 0.118400 0.120698 0.122969 0.125186 0.127324 0.129358 0.131272 0.133053 0.134696 0.136208 0.137600 0.138895 0.140122 0.141314 0.142505 0.143731 0.145020 0.146396 0.147869 0.149440 0.151090 0.152784 0.154468 0.156070 0.157504 0.158671 0.159471 0.159810 0.159610 0.158821 0.157423 0.155433 0.152899 0.149898 0.146524 0.142877 0.139061 0.135168 0.131278 0.127460 0.123764 0.120227 0.116876 0.113724 0.110779 0.108041 0.105507 0.103168 0.101016 0.099041 0.097229 0.095571 0.094054 0.092667 0.091399 0.090240 0.089179 0.088208 0.087317 0.086499 0.085745 0.085048 0.084404 0.083804 0.083246 0.082723 0.082234 0.081773 0.081339 0.080931 0.080546 0.080185 0.079848 0.079534 0.079244 0.078981 0.078744 0.078536 0.078357 0.078209 0.078094 0.078011 0.077961 0.077943 0.077956 0.077997 0.078065 0.078154 0.078260 0.078375 0.078492 0.078601 0.078693 0.078757 0.078781 0.078754 0.078663 0.078497 0.078248 0.077905 0.077463 0.076917 0.076266 0.075511 0.074655 0.073705 0.072667 0.071551 0.070368
