0.353498 0.362630 0.354562 0.331876 0.300596 0.266878 0.234938 0.206824 0.183083 0.163475 0.147454 0.134414 0.123802 0.115150 0.108076 0.102277 0.097513 0.093593 0.090368 0.087720 0.085553 0.083791 0.082375 0.081254 0.080389 0.079748 0.079303 0.079033 0.078920 0.078949 0.079110 0.079391 0.079786 0.080288 0.080894 0.081599 0.082403 0.083305 0.084304 0.085403 0.086604 0.087911 0.089329 0.090863 0.092523 0.094316 0.096255 0.098352 0.100623 0.103087 0.105766 0.108686 0.111880 0.115385 0.119247 0.123522 0.128279 0.133603 0.139601 0.146407 0.154195 0.163189 0.173685 0.186084 0.200928 0.218981 0.241330 0.269569 0.306094 0.354599 0.420904 0.514248 0.648851 0.843442 1.108283 1.395415 1.544178 1.434328 1.187500 0.965801 0.818730 0.737642 0.705355 0.708764 0.738568 0.786607 0.843632 0.899228 0.945567 0.984158 1.031633 1.123894 1.330071 1.811897 3.067202 6.932972 13.409047 6.889629 2.979362 1.677820 1.148772 0.897476 0.768269 0.699958 0.662175 0.635885 0.608159 0.572359 0.528422 0.480512 0.433465 0.390586 0.353306 0.321758 0.295418 0.273535 0.255358 0.240220 0.227567 0.216952 0.208017 0.200480 0.194119 0.188758 0.184259 0.180514 0.177437 0.174963 0.173042 0.171636 0.170722 0.170285 0.170321 0.170836 0.171845 0.173378 0.175473 0.178188 0.181597 0.185799 0.190921 0.197129 0.204635 0.213713 0.224712 0.238075 0.254347 0.274179 0.298280 0.327293 0.361495 0.400226 0.441033 0.478880 0.506413 0.516439 0.505877 0.477809 0.439430 0.398093 0.358837 0.324112 0.294576 0.269949 0.249586 0.232771 0.218848 0.207265 0.197572 0.189413 0.182504 0.176623 0.171596 0.167284 0.163577 0.160386 0.157641 0.155283 0.153267 0.151553 0.150109 0.148909 0.147932 0.147157 0.146570 0.146158 0.145909 0.145815 0.145867 0.146060 0.146389 0.146849 0.147436 0.148146 0.148975 0.149917 0.150965 0.152108 0.153333 0.154619 0.155942 0.157271 0.158566 0.159783 0.160870 0.161771 0.162429 0.162789 0.162802 0.162429 0.161646 0.160444 0.158833 0.156839 0.154501 0.151870 0.149001 0.145954 0.142785 0.139547 0.136287 0.133043 0.129848 0.126726 0.123695 0.120770 0.117958 0.115264 0.112689 0.110234 0.107895 0.105670 0.103555 0.101546 0.099637 0.097825 0.096104 0.094470 0.092919 0.091447 0.090050 0.088725 0.087469 0.086278 0.085150 0.084083 0.083074 0.082122 0.081224 0.080380 0.079587 0.078845 0.078153 0.077509 0.076914 0.076366 0.075865 0.075410 0.075002 0.074639 0.074321 0.074048 0.073819 0.073634 0.073492 0.073392 0.073332 0.073310 0.073324 0.073372 0.073449 0.073552 0.073674 0.073809 0.073951 0.074091 0.074220 0.074328 0.074405 0.074439 0.074422 0.074341 0.074189 0.073958 0.073641 0.073235 0.072738 0.072151 0.071477 0.070722 0.069892 0.068996 0.068043 0.067043 0.066006 0.064942 0.063860 0.062768 0.061674 0.060584
0.484938 0.503107 0.486018 0.440969 0.383412 0.326434 0.276703 0.235968 0.203573 0.178097 0.158085 0.142306 0.129789 0.119791 0.111754 0.105255 0.099976 0.095672 0.092158 0.089290 0.086955 0.085065 0.083548 0.082351 0.081426 0.080739 0.080260 0.079964 0.079833 0.079850 0.080002 0.080280 0.080675 0.081180 0.081791 0.082505 0.083318 0.084232 0.085245 0.086359 0.087577 0.088903 0.090341 0.091898 0.093582 0.095402 0.097370 0.099499 0.101806 0.104309 0.107032 0.110002 0.113252 0.116822 0.120759 0.125122 0.129983 0.135434 0.141586 0.148585 0.156618 0.165930 0.176849 0.189820 0.205466 0.224676 0.248754 0.279687 0.320610 0.376695 0.456917 0.577726 0.770976 1.100252 1.680796 2.581071 3.189842 2.624130 1.768819 1.237198 0.963158 0.834219 0.789953 0.801699 0.855048 0.939257 1.039462 1.132746 1.194952 1.219815 1.233210 1.290692 1.485045 2.033555 3.773755 13.477862 13.443484 13.422004 3.658907 1.854017 1.234316 0.965732 0.842237 0.791021 0.775740 0.769350 0.749264 0.704029 0.637993 0.564344 0.494559 0.434283 0.384639 0.344590 0.312460 0.286620 0.265707 0.248651 0.234633 0.223030 0.213370 0.205295 0.198531 0.192867 0.188141 0.184227 0.181029 0.178473 0.176503 0.175079 0.174175 0.173777 0.173879 0.174491 0.175631 0.177333 0.179644 0.182630 0.186382 0.191016 0.196692 0.203615 0.212062 0.222398 0.235112 0.250857 0.270506 0.295202 0.326403 0.365833 0.415179 0.475213 0.543841 0.613096 0.667352 0.688159 0.666806 0.612008 0.542215 0.473056 0.412500 0.362638 0.322699 0.290991 0.265787 0.245623 0.229349 0.216085 0.205171 0.196109 0.188523 0.182129 0.176707 0.172091 0.168148 0.164775 0.161891 0.159431 0.157341 0.155579 0.154109 0.152903 0.151936 0.151189 0.150646 0.150291 0.150114 0.150106 0.150260 0.150569 0.151031 0.151641 0.152398 0.153301 0.154346 0.155530 0.156850 0.158295 0.159853 0.161505 0.163224 0.164973 0.166708 0.168371 0.169897 0.171212 0.172240 0.172904 0.173136 0.172881 0.172103 0.170790 0.168957 0.166639 0.163893 0.160788 0.157403 0.153815 0.150101 0.146327 0.142551 0.138821 0.135172 0.131633 0.128222 0.124951 0.121827 0.118852 0.116025 0.113344 0.110802 0.108396 0.106117 0.103961 0.101921 0.099989 0.098161 0.096430 0.094791 0.093240 0.091771 0.090381 0.089065 0.087821 0.086645 0.085535 0.084487 0.083500 0.082572 0.081702 0.080887 0.080126 0.079419 0.078764 0.078161 0.077610 0.077109 0.076658 0.076258 0.075908 0.075607 0.075356 0.075155 0.075002 0.074898 0.074842 0.074832 0.074867 0.074945 0.075063 0.075216 0.075401 0.075611 0.075840 0.076080 0.076320 0.076550 0.076759 0.076932 0.077058 0.077123 0.077113 0.077018 0.076827 0.076532 0.076129 0.075616 0.074993 0.074266 0.073440 0.072526 0.071533 0.070475 0.069364 0.068212 0.067032 0.065834 0.064628 0.063424 0.062228
0.718710 0.761394 0.719807 0.619235 0.505190 0.405484 0.327456 0.268930 0.225471 0.193046 0.168589 0.149901 0.135437 0.124109 0.115142 0.107982 0.102224 0.097571 0.093797 0.090733 0.088251 0.086248 0.084646 0.083383 0.082409 0.081685 0.081178 0.080863 0.080718 0.080726 0.080875 0.081152 0.081549 0.082059 0.082677 0.083400 0.084224 0.085150 0.086177 0.087306 0.088541 0.089884 0.091342 0.092919 0.094625 0.096469 0.098462 0.100619 0.102956 0.105491 0.108250 0.111260 0.114554 0.118173 0.122167 0.126596 0.131534 0.137076 0.143339 0.150474 0.158677 0.168208 0.179415 0.192776 0.208967 0.228963 0.254226 0.287030 0.331079 0.392754 0.483830 0.628030 0.878874 1.376771 2.570054 6.122917 12.036132 6.169976 2.666668 1.528235 1.093914 0.919852 0.871608 0.903347 0.999885 1.154397 1.349617 1.536680 1.639324 1.619752 1.533388 1.483842 1.577409 1.981239 3.186037 7.020458 13.478196 6.949716 3.037875 1.742077 1.227454 1.002246 0.915165 0.908811 0.949612 0.997510 1.001384 0.932626 0.813039 0.684861 0.573804 0.486169 0.419301 0.368516 0.329624 0.299439 0.275668 0.256685 0.241337 0.228796 0.218462 0.209895 0.202768 0.196834 0.191908 0.187848 0.184546 0.181922 0.179915 0.178482 0.177595 0.177239 0.177411 0.178121 0.179391 0.181259 0.183779 0.187028 0.191108 0.196159 0.202366 0.209980 0.219341 0.230915 0.245349 0.263547 0.286794 0.316918 0.356527 0.409269 0.479943 0.573834 0.693532 0.830268 0.950836 1.000899 0.950274 0.829150 0.691866 0.571632 0.477219 0.406037 0.352800 0.312706 0.282102 0.258374 0.239686 0.224745 0.212638 0.202709 0.194481 0.187603 0.181814 0.176915 0.172756 0.169218 0.166210 0.163660 0.161509 0.159710 0.158226 0.157024 0.156080 0.155373 0.154884 0.154599 0.154507 0.154599 0.154869 0.155311 0.155922 0.156703 0.157653 0.158774 0.160066 0.161530 0.163166 0.164968 0.166925 0.169021 0.171228 0.173505 0.175799 0.178041 0.180146 0.182017 0.183549 0.184634 0.185176 0.185095 0.184339 0.182890 0.180767 0.178023 0.174741 0.171019 0.166965 0.162688 0.158285 0.153845 0.149437 0.145119 0.140931 0.136901 0.133048 0.129382 0.125905 0.122615 0.119509 0.116579 0.113817 0.111214 0.108760 0.106447 0.104266 0.102208 0.100267 0.098434 0.096703 0.095069 0.093525 0.092067 0.090690 0.089390 0.088165 0.087009 0.085922 0.084900 0.083941 0.083043 0.082205 0.081426 0.080704 0.080038 0.079428 0.078873 0.078373 0.077928 0.077537 0.077201 0.076921 0.076695 0.076524 0.076408 0.076348 0.076341 0.076389 0.076489 0.076639 0.076838 0.077081 0.077363 0.077678 0.078019 0.078376 0.078738 0.079092 0.079425 0.079719 0.079960 0.080128 0.080210 0.080188 0.080050 0.079785 0.079388 0.078856 0.078190 0.077396 0.076484 0.075465 0.074355 0.073168 0.071921 0.070631 0.069311 0.067975 0.066636 0.065303 0.063985
1.191066 1.318975 1.192180 0.928242 0.683908 0.506205 0.385450 0.303665 0.247209 0.207250 0.178255 0.156733 0.140440 0.127895 0.118098 0.110360 0.104191 0.099239 0.095247 0.092023 0.089420 0.087327 0.085657 0.084344 0.083332 0.082581 0.082054 0.081726 0.081573 0.081578 0.081726 0.082006 0.082408 0.082925 0.083552 0.084285 0.085121 0.086059 0.087100 0.088244 0.089495 0.090855 0.092330 0.093926 0.095652 0.097516 0.099531 0.101711 0.104071 0.106633 0.109419 0.112458 0.115784 0.119438 0.123469 0.127940 0.132926 0.138522 0.144847 0.152055 0.160347 0.169986 0.181328 0.194866 0.211293 0.231619 0.257364 0.290912 0.336185 0.400040 0.495408 0.649215 0.925673 1.511735 3.164031 12.020714 12.043396 12.071338 3.268394 1.676552 1.162378 0.975981 0.940630 1.008034 1.175570 1.462302 1.879551 2.344956 2.590603 2.418939 2.040687 1.742395 1.639480 1.785189 2.275661 3.162998 3.757642 3.076093 2.089771 1.473350 1.154555 1.013384 0.991931 1.071777 1.243685 1.452075 1.539766 1.389699 1.113013 0.859442 0.673320 0.544575 0.455330 0.392038 0.345887 0.311319 0.284799 0.264031 0.247486 0.234121 0.223205 0.214219 0.206786 0.200628 0.195537 0.191359 0.187976 0.185301 0.183270 0.181838 0.180975 0.180666 0.180909 0.181717 0.183114 0.185141 0.187861 0.191357 0.195745 0.201181 0.207878 0.216126 0.226327 0.239045 0.255087 0.275625 0.302406 0.338092 0.386830 0.455209 0.553759 0.698748 0.911631 1.203959 1.519588 1.671384 1.519001 1.202793 0.909899 0.696469 0.550955 0.451905 0.383048 0.333850 0.297718 0.270496 0.249516 0.233019 0.219824 0.209112 0.200309 0.193001 0.186885 0.181738 0.177388 0.173708 0.170594 0.167970 0.165773 0.163951 0.162465 0.161281 0.160373 0.159718 0.159297 0.159096 0.159104 0.159311 0.159712 0.160303 0.161084 0.162056 0.163222 0.164589 0.166162 0.167947 0.169949 0.172169 0.174603 0.177238 0.180046 0.182987 0.185998 0.188995 0.191870 0.194493 0.196719 0.198397 0.199384 0.199562 0.198853 0.197230 0.194721 0.191406 0.187405 0.182863 0.177932 0.172762 0.167483 0.162208 0.157022 0.151991 0.147159 0.142553 0.138189 0.134070 0.130195 0.126555 0.123140 0.119938 0.116937 0.114121 0.111480 0.109000 0.106671 0.104480 0.102420 0.100480 0.098654 0.096933 0.095311 0.093782 0.092342 0.090985 0.089708 0.088507 0.087378 0.086320 0.085329 0.084404 0.083542 0.082743 0.082006 0.081329 0.080712 0.080154 0.079656 0.079218 0.078838 0.078519 0.078260 0.078062 0.077926 0.077852 0.077839 0.077890 0.078002 0.078176 0.078411 0.078703 0.079049 0.079446 0.079885 0.080360 0.080859 0.081370 0.081877 0.082363 0.082809 0.083194 0.083496 0.083694 0.083767 0.083699 0.083475 0.083088 0.082533 0.081813 0.080937 0.079916 0.078767 0.077510 0.076165 0.074752 0.073292 0.071804 0.070304 0.068807 0.067324 0.065864
2.337673 2.911343 2.338804 1.479722 0.929250 0.621259 0.444016 0.335955 0.266314 0.219267 0.186229 0.162282 0.144470 0.130940 0.120486 0.112296 0.105811 0.100634 0.096479 0.093136 0.090446 0.088289 0.086573 0.085225 0.084190 0.083422 0.082885 0.082552 0.082397 0.082404 0.082556 0.082842 0.083251 0.083778 0.084415 0.085160 0.086009 0.086961 0.088015 0.089175 0.090440 0.091816 0.093308 0.094921 0.096663 0.098545 0.100578 0.102775 0.105154 0.107734 0.110539 0.113597 0.116942 0.120614 0.124665 0.129153 0.134156 0.139767 0.146105 0.153322 0.161616 0.171248 0.182567 0.196057 0.212394 0.232561 0.258025 0.291069 0.335408 0.397439 0.488961 0.633727 0.885306 1.384176 2.578775 6.133460 12.049265 6.186900 2.689316 1.559839 1.140105 0.990895 0.987189 1.103315 1.369145 1.879571 2.821318 4.306042 5.312617 4.368125 2.953678 2.100439 1.710212 1.611671 1.710427 1.900933 1.979220 1.798855 1.487549 1.222745 1.062846 1.010027 1.072148 1.292158 1.767152 2.554154 3.074523 2.495877 1.645874 1.097520 0.786091 0.603111 0.488692 0.412794 0.359878 0.321452 0.292615 0.270390 0.252892 0.238882 0.227518 0.218213 0.210550 0.204224 0.199012 0.194749 0.191309 0.188603 0.186562 0.185141 0.184309 0.184052 0.184369 0.185273 0.186792 0.188971 0.191877 0.195600 0.200265 0.206044 0.213170 0.221965 0.232883 0.246570 0.263974 0.286510 0.316370 0.357057 0.414420 0.498687 0.628733 0.841265 1.209771 1.867635 2.893798 3.577743 2.893172 1.866394 1.207936 0.838864 0.625800 0.495259 0.410531 0.352739 0.311646 0.281398 0.258477 0.240683 0.226586 0.215228 0.205949 0.198285 0.191898 0.186544 0.182038 0.178240 0.175044 0.172365 0.170137 0.168308 0.166835 0.165684 0.164825 0.164237 0.163900 0.163798 0.163921 0.164261 0.164810 0.165569 0.166539 0.167723 0.169131 0.170772 0.172661 0.174810 0.177234 0.179944 0.182944 0.186229 0.189780 0.193555 0.197488 0.201476 0.205384 0.209038 0.212235 0.214758 0.216392 0.216960 0.216339 0.214488 0.211450 0.207347 0.202362 0.196710 0.190610 0.184270 0.177865 0.171535 0.165387 0.159490 0.153890 0.148609 0.143654 0.139021 0.134698 0.130668 0.126915 0.123418 0.120157 0.117116 0.114275 0.111618 0.109132 0.106803 0.104618 0.102568 0.100641 0.098830 0.097128 0.095527 0.094021 0.092605 0.091275 0.090026 0.088855 0.087759 0.086735 0.085782 0.084896 0.084078 0.083325 0.082637 0.082013 0.081454 0.080958 0.080527 0.080161 0.079860 0.079625 0.079458 0.079360 0.079331 0.079373 0.079487 0.079673 0.079932 0.080262 0.080662 0.081129 0.081660 0.082246 0.082881 0.083551 0.084243 0.084939 0.085618 0.086255 0.086824 0.087297 0.087646 0.087844 0.087868 0.087699 0.087326 0.086744 0.085957 0.084975 0.083816 0.082503 0.081061 0.079518 0.077900 0.076233 0.074542 0.072845 0.071159 0.069499 0.067875
5.776723 11.508388 5.777872 2.339805 1.194190 0.722833 0.490069 0.359646 0.279757 0.227524 0.191650 0.166054 0.147235 0.133064 0.122188 0.113714 0.107033 0.101719 0.097468 0.094055 0.091316 0.089125 0.087386 0.086023 0.084979 0.084206 0.083669 0.083338 0.083189 0.083202 0.083363 0.083659 0.084080 0.084618 0.085269 0.086026 0.086889 0.087855 0.088924 0.090098 0.091379 0.092770 0.094276 0.095904 0.097661 0.099557 0.101604 0.103814 0.106206 0.108797 0.111612 0.114679 0.118030 0.121706 0.125755 0.130238 0.135228 0.140816 0.147118 0.154281 0.162494 0.172006 0.183149 0.196375 0.212312 0.231860 0.256335 0.287741 0.329234 0.386019 0.467114 0.589031 0.783712 1.114875 1.697960 2.601738 3.215459 2.656943 1.812413 1.297513 1.050435 0.966959 1.003460 1.167949 1.533580 2.326072 4.289119 10.198586 20.054415 10.248365 4.392851 2.492081 1.773370 1.491484 1.404589 1.392896 1.366680 1.279814 1.153848 1.040210 0.977654 0.994217 1.135857 1.527949 2.585571 5.866213 11.366983 5.813005 2.475646 1.353860 0.885374 0.649221 0.513502 0.427905 0.370114 0.329037 0.298662 0.275495 0.257394 0.242981 0.231340 0.221838 0.214034 0.207606 0.202321 0.198009 0.194541 0.191823 0.189788 0.188388 0.187595 0.187394 0.187786 0.188784 0.190420 0.192741 0.195817 0.199743 0.204651 0.210720 0.218199 0.227429 0.238899 0.253310 0.271703 0.295668 0.327716 0.372001 0.435753 0.532433 0.689329 0.968271 1.531905 2.900336 7.005422 13.847162 7.004737 2.898983 1.529913 0.965683 0.686195 0.528807 0.431686 0.367542 0.322903 0.290528 0.266251 0.247546 0.232810 0.220987 0.211360 0.203429 0.196838 0.191326 0.186701 0.182816 0.179560 0.176847 0.174608 0.172789 0.171345 0.170243 0.169451 0.168946 0.168710 0.168725 0.168982 0.169471 0.170189 0.171134 0.172313 0.173732 0.175406 0.177352 0.179593 0.182152 0.185057 0.188333 0.192000 0.196069 0.200534 0.205361 0.210481 0.215781 0.221088 0.226172 0.230748 0.234496 0.237092 0.238254 0.237788 0.235627 0.231840 0.226622 0.220257 0.213070 0.205386 0.197493 0.189625 0.181959 0.174615 0.167667 0.161151 0.155080 0.149446 0.144230 0.139408 0.134950 0.130827 0.127011 0.123474 0.120191 0.117139 0.114297 0.111648 0.109173 0.106860 0.104694 0.102664 0.100760 0.098974 0.097298 0.095725 0.094248 0.092863 0.091566 0.090351 0.089217 0.088160 0.087177 0.086267 0.085429 0.084660 0.083961 0.083331 0.082770 0.082277 0.081854 0.081502 0.081222 0.081014 0.080881 0.080825 0.080847 0.080949 0.081133 0.081402 0.081755 0.082194 0.082719 0.083326 0.084013 0.084774 0.085600 0.086478 0.087392 0.088321 0.089240 0.090119 0.090924 0.091619 0.092166 0.092529 0.092676 0.092582 0.092230 0.091614 0.090740 0.089622 0.088286 0.086761 0.085084 0.083291 0.081417 0.079496 0.077555 0.075621 0.073711 0.071843 0.070028
11.508217 11.508794 11.509382 2.913338 1.321980 0.765416 0.508155 0.368714 0.284908 0.230763 0.193870 0.167695 0.148529 0.134142 0.123128 0.114564 0.107824 0.102472 0.098196 0.094769 0.092023 0.089830 0.088092 0.086734 0.085696 0.084932 0.084406 0.084086 0.083948 0.083975 0.084149 0.084459 0.084894 0.085447 0.086112 0.086885 0.087762 0.088743 0.089828 0.091016 0.092311 0.093716 0.095236 0.096877 0.098647 0.100554 0.102611 0.104830 0.107229 0.109825 0.112642 0.115707 0.119052 0.122716 0.126747 0.131201 0.136149 0.141679 0.147900 0.154950 0.163005 0.172296 0.183126 0.195900 0.211176 0.229727 0.252659 0.281591 0.318951 0.368476 0.436047 0.530989 0.667647 0.864931 1.133371 1.425426 1.581081 1.481136 1.248960 1.049647 0.938050 0.915619 0.985405 1.178276 1.592288 2.533790 5.262343 20.023777 20.038345 20.062543 5.341462 2.655849 1.759152 1.387080 1.220954 1.139920 1.083101 1.022974 0.960103 0.911900 0.901309 0.958507 1.143866 1.630671 3.126265 11.389224 11.362918 11.341464 3.028276 1.477376 0.927376 0.668083 0.524013 0.434886 0.375422 0.333481 0.302625 0.279174 0.260893 0.246361 0.234636 0.225074 0.217226 0.210766 0.205461 0.201138 0.197669 0.194961 0.192947 0.191581 0.190833 0.190692 0.191159 0.192251 0.193998 0.196450 0.199680 0.203783 0.208896 0.215200 0.222947 0.232487 0.244317 0.259157 0.278079 0.302732 0.335742 0.381503 0.447780 0.549354 0.717205 1.025544 1.691014 3.591661 13.854573 13.854278 13.853801 3.590141 1.688791 1.022677 0.713768 0.545425 0.443434 0.376809 0.330759 0.297501 0.272627 0.253492 0.238430 0.226351 0.216519 0.208424 0.201701 0.196085 0.191381 0.187441 0.184151 0.181426 0.179195 0.177404 0.176009 0.174973 0.174266 0.173864 0.173748 0.173901 0.174311 0.174970 0.175876 0.177030 0.178439 0.180116 0.182081 0.184361 0.186988 0.190003 0.193450 0.197375 0.201823 0.206829 0.212413 0.218562 0.225218 0.232260 0.239480 0.246576 0.253146 0.258711 0.262766 0.264855 0.264657 0.262057 0.257172 0.250323 0.241968 0.232615 0.222746 0.212767 0.202986 0.193616 0.184786 0.176561 0.168959 0.161969 0.155560 0.149689 0.144314 0.139387 0.134865 0.130707 0.126877 0.123340 0.120067 0.117032 0.114212 0.111588 0.109141 0.106856 0.104720 0.102721 0.100849 0.099096 0.097453 0.095914 0.094473 0.093125 0.091866 0.090693 0.089601 0.088589 0.087654 0.086795 0.086010 0.085300 0.084663 0.084101 0.083612 0.083199 0.082862 0.082603 0.082425 0.082329 0.082318 0.082395 0.082564 0.082827 0.083187 0.083647 0.084210 0.084876 0.085646 0.086516 0.087482 0.088536 0.089666 0.090852 0.092071 0.093293 0.094481 0.095591 0.096575 0.097384 0.097967 0.098281 0.098289 0.097968 0.097309 0.096320 0.095024 0.093454 0.091655 0.089675 0.087564 0.085367 0.083128 0.080883 0.078660 0.076484 0.074370 0.072331
5.777522 11.509204 5.778706 2.340658 1.195061 0.723724 0.490979 0.360577 0.280709 0.228498 0.192646 0.167072 0.148277 0.134129 0.123278 0.114828 0.108172 0.102885 0.098660 0.095275 0.092564 0.090401 0.088690 0.087357 0.086342 0.085600 0.085094 0.084794 0.084676 0.084721 0.084914 0.085241 0.085694 0.086265 0.086947 0.087736 0.088630 0.089627 0.090727 0.091931 0.093240 0.094659 0.096191 0.097843 0.099623 0.101539 0.103602 0.105826 0.108226 0.110821 0.113632 0.116686 0.120014 0.123652 0.127647 0.132051 0.136933 0.142372 0.148471 0.155357 0.163189 0.172174 0.182579 0.194756 0.209173 0.226465 0.247505 0.273506 0.306176 0.347923 0.402087 0.473055 0.565699 0.682677 0.817006 0.940872 1.008586 0.995756 0.930783 0.864211 0.830769 0.848595 0.935039 1.125053 1.503729 2.302175 4.266434 10.173117 20.021825 10.202955 4.326323 2.391992 1.621725 1.265557 1.085237 0.985573 0.921658 0.873136 0.835805 0.816301 0.828808 0.897825 1.074104 1.488674 2.560919 5.851188 11.358400 5.808804 2.474476 1.354815 0.887837 0.652761 0.517816 0.432777 0.375384 0.334590 0.304413 0.281382 0.263371 0.249015 0.237407 0.227925 0.220131 0.213712 0.208438 0.204142 0.200700 0.198022 0.196043 0.194720 0.194025 0.193948 0.194491 0.195673 0.197526 0.200101 0.203468 0.207726 0.213007 0.219491 0.227424 0.237148 0.249144 0.264109 0.283075 0.307619 0.340242 0.385080 0.449349 0.546492 0.703783 0.983039 1.546896 2.915454 7.020570 13.862246 7.019671 2.913691 1.544332 0.979763 0.699900 0.542112 0.444580 0.380022 0.334976 0.302207 0.277557 0.258502 0.243442 0.231326 0.221438 0.213281 0.206498 0.200832 0.196089 0.192125 0.188828 0.186113 0.183911 0.182169 0.180841 0.179891 0.179290 0.179013 0.179039 0.179352 0.179939 0.180793 0.181911 0.183295 0.184957 0.186914 0.189194 0.191834 0.194881 0.198395 0.202443 0.207102 0.212452 0.218568 0.225514 0.233318 0.241959 0.251325 0.261185 0.271151 0.280658 0.288983 0.295317 0.298894 0.299159 0.295907 0.289344 0.280025 0.268718 0.256233 0.243299 0.230484 0.218184 0.206638 0.195964 0.186196 0.177314 0.169264 0.161977 0.155379 0.149398 0.143964 0.139016 0.134496 0.130357 0.126555 0.123052 0.119817 0.116822 0.114043 0.111459 0.109052 0.106807 0.104710 0.102751 0.100918 0.099204 0.097601 0.096103 0.094704 0.093399 0.092185 0.091058 0.090015 0.089055 0.088175 0.087374 0.086652 0.086009 0.085445 0.084961 0.084558 0.084238 0.084002 0.083855 0.083799 0.083837 0.083975 0.084216 0.084565 0.085027 0.085607 0.086308 0.087136 0.088091 0.089175 0.090383 0.091710 0.093143 0.094664 0.096245 0.097850 0.099434 0.100941 0.102309 0.103468 0.104350 0.104891 0.105041 0.104764 0.104049 0.102907 0.101371 0.099490 0.097328 0.094953 0.092430 0.089824 0.087187 0.084565 0.081993 0.079496 0.077092 0.074794
2.339271 2.912975 2.340473 1.481428 0.930993 0.623041 0.445838 0.337818 0.268218 0.221215 0.188220 0.164318 0.146553 0.133071 0.122665 0.114525 0.108091 0.102966 0.098865 0.095576 0.092942 0.090842 0.089183 0.087894 0.086919 0.086211 0.085736 0.085465 0.085373 0.085443 0.085659 0.086009 0.086483 0.087074 0.087776 0.088584 0.089495 0.090509 0.091625 0.092844 0.094167 0.095599 0.097143 0.098805 0.100593 0.102515 0.104582 0.106806 0.109203 0.111790 0.114588 0.117623 0.120922 0.124523 0.128466 0.132803 0.137594 0.142916 0.148859 0.155538 0.163094 0.171709 0.181609 0.193087 0.206525 0.222417 0.241414 0.264372 0.292403 0.326915 0.369583 0.422100 0.485437 0.558192 0.634038 0.700243 0.741934 0.753062 0.743271 0.731717 0.737034 0.774645 0.861241 1.023505 1.313005 1.834205 2.777955 4.257139 5.249828 4.280230 2.823772 1.901658 1.399545 1.124048 0.967063 0.873010 0.812806 0.772217 0.746791 0.739131 0.757730 0.818561 0.951663 1.216320 1.719887 2.525554 3.058372 2.488192 1.644047 1.099805 0.791295 0.610405 0.497488 0.422670 0.370526 0.332648 0.304192 0.282226 0.264898 0.250993 0.239691 0.230419 0.222773 0.216459 0.211265 0.207031 0.203642 0.201012 0.199082 0.197811 0.197175 0.197165 0.197786 0.199057 0.201011 0.203700 0.207193 0.211585 0.217004 0.223622 0.231670 0.241467 0.253457 0.268275 0.286849 0.310574 0.341612 0.383438 0.441864 0.527086 0.657946 0.871123 1.240085 1.898205 2.924422 3.608227 2.923338 1.896087 1.237025 0.867250 0.653410 0.522046 0.436473 0.377833 0.335909 0.304857 0.281174 0.262667 0.247914 0.235961 0.226154 0.218030 0.211256 0.205588 0.200844 0.196886 0.193606 0.190924 0.188772 0.187098 0.185858 0.185018 0.184547 0.184419 0.184614 0.185114 0.185906 0.186981 0.188337 0.189978 0.191916 0.194176 0.196792 0.199815 0.203310 0.207359 0.212062 0.217536 0.223911 0.231324 0.239907 0.249771 0.260966 0.273439 0.286967 0.301083 0.315010 0.327647 0.337661 0.343714 0.344793 0.340518 0.331268 0.318056 0.302221 0.285098 0.267792 0.251085 0.235455 0.221132 0.208182 0.196567 0.186190 0.176931 0.168664 0.161268 0.154633 0.148658 0.143259 0.138362 0.133902 0.129825 0.126087 0.122647 0.119472 0.116535 0.113811 0.111279 0.108923 0.106727 0.104678 0.102764 0.100978 0.099310 0.097753 0.096301 0.094950 0.093694 0.092530 0.091456 0.090469 0.089568 0.088751 0.088017 0.087368 0.086802 0.086323 0.085930 0.085627 0.085417 0.085302 0.085289 0.085380 0.085582 0.085901 0.086344 0.086918 0.087630 0.088487 0.089497 0.090665 0.091996 0.093489 0.095140 0.096941 0.098872 0.100905 0.102998 0.105095 0.107126 0.109005 0.110640 0.111933 0.112791 0.113140 0.112928 0.112137 0.110784 0.108919 0.106616 0.103967 0.101066 0.098008 0.094875 0.091736 0.088647 0.085649 0.082768 0.080023 0.077422
1.193463 1.321425 1.194684 0.930801 0.686524 0.508879 0.388184 0.306460 0.250067 0.210173 0.181244 0.159790 0.143566 0.131092 0.121369 0.113705 0.107613 0.102740 0.098828 0.095686 0.093166 0.091159 0.089576 0.088351 0.087430 0.086769 0.086335 0.086101 0.086042 0.086143 0.086387 0.086763 0.087262 0.087876 0.088599 0.089428 0.090359 0.091391 0.092524 0.093758 0.095096 0.096540 0.098094 0.099765 0.101560 0.103485 0.105553 0.107774 0.110164 0.112738 0.115517 0.118524 0.121787 0.125338 0.129217 0.133470 0.138153 0.143334 0.149094 0.155535 0.162778 0.170977 0.180321 0.191047 0.203452 0.217908 0.234878 0.254933 0.278750 0.307084 0.340667 0.379959 0.424672 0.473063 0.521273 0.563617 0.594784 0.613360 0.623777 0.634843 0.656827 0.700157 0.776561 0.901905 1.099523 1.399905 1.819261 2.276526 2.502375 2.294779 1.855250 1.452412 1.166280 0.979195 0.858996 0.781046 0.729631 0.696055 0.676985 0.673311 0.689577 0.734194 0.820325 0.965208 1.177925 1.412745 1.518017 1.379912 1.111518 0.863780 0.681809 0.556038 0.468933 0.407177 0.362124 0.328331 0.302348 0.281940 0.265626 0.252400 0.241560 0.232609 0.225190 0.219040 0.213966 0.209824 0.206509 0.203944 0.202073 0.200862 0.200289 0.200349 0.201048 0.202408 0.204461 0.207259 0.210869 0.215383 0.220920 0.227639 0.235752 0.245542 0.257399 0.271870 0.289733 0.312127 0.340757 0.378231 0.428644 0.498529 0.598360 0.744362 0.957956 1.250674 1.566369 1.717922 1.565014 1.248037 0.954175 0.739623 0.592879 0.492533 0.422350 0.371829 0.334403 0.305936 0.283777 0.266181 0.251975 0.240350 0.230735 0.222723 0.216014 0.210386 0.205672 0.201745 0.198506 0.195876 0.193795 0.192211 0.191083 0.190377 0.190062 0.190114 0.190509 0.191229 0.192259 0.193588 0.195214 0.197140 0.199381 0.201965 0.204937 0.208360 0.212321 0.216931 0.222330 0.228687 0.236201 0.245098 0.255621 0.268011 0.282467 0.299080 0.317727 0.337921 0.358645 0.378233 0.394436 0.404803 0.407368 0.401374 0.387576 0.367937 0.344909 0.320742 0.297106 0.275025 0.254995 0.237153 0.221422 0.207621 0.195526 0.184912 0.175569 0.167313 0.159982 0.153440 0.147573 0.142286 0.137497 0.133141 0.129162 0.125514 0.122157 0.119060 0.116194 0.113536 0.111067 0.108769 0.106628 0.104633 0.102773 0.101038 0.099421 0.097915 0.096516 0.095218 0.094017 0.092911 0.091897 0.090973 0.090139 0.089393 0.088736 0.088170 0.087695 0.087313 0.087028 0.086844 0.086764 0.086794 0.086942 0.087213 0.087615 0.088160 0.088855 0.089712 0.090742 0.091957 0.093367 0.094981 0.096806 0.098844 0.101089 0.103525 0.106125 0.108840 0.111606 0.114332 0.116905 0.119196 0.121063 0.122372 0.123007 0.122890 0.121993 0.120343 0.118017 0.115128 0.111811 0.108204 0.104438 0.100623 0.096848 0.093178 0.089659 0.086318 0.083170 0.080219
0.721907 0.764661 0.723147 0.622649 0.508679 0.409051 0.331103 0.272659 0.229284 0.196945 0.172576 0.153980 0.139609 0.128376 0.119507 0.112447 0.106792 0.102243 0.098576 0.095622 0.093252 0.091363 0.089878 0.088733 0.087880 0.087278 0.086895 0.086705 0.086687 0.086823 0.087100 0.087507 0.088034 0.088674 0.089421 0.090273 0.091225 0.092276 0.093427 0.094677 0.096029 0.097485 0.099050 0.100728 0.102528 0.104455 0.106521 0.108736 0.111114 0.113671 0.116425 0.119398 0.122616 0.126109 0.129913 0.134070 0.138630 0.143653 0.149211 0.155391 0.162297 0.170056 0.178821 0.188779 0.200155 0.213219 0.228288 0.245724 0.265917 0.289236 0.315940 0.346010 0.378917 0.413369 0.447234 0.477947 0.503539 0.523919 0.541556 0.561084 0.588343 0.629731 0.692218 0.783606 0.911840 1.080680 1.277416 1.454145 1.532564 1.469066 1.306785 1.123468 0.966346 0.847367 0.762101 0.702405 0.661289 0.634194 0.619063 0.616050 0.627183 0.655964 0.706500 0.780746 0.871441 0.951521 0.976820 0.922685 0.813272 0.692279 0.586350 0.502399 0.438182 0.389299 0.351761 0.322525 0.299404 0.280849 0.265767 0.253376 0.243113 0.234567 0.227436 0.221493 0.216572 0.212546 0.209321 0.206831 0.205028 0.203882 0.203376 0.203507 0.204286 0.205734 0.207886 0.210792 0.214517 0.219148 0.224796 0.231604 0.239758 0.249503 0.261164 0.275186 0.292177 0.312995 0.338861 0.371532 0.413534 0.468430 0.540938 0.636272 0.756969 0.894235 1.014859 1.064529 1.013106 0.890839 0.752134 0.630272 0.534089 0.461057 0.405942 0.363983 0.331565 0.306100 0.285773 0.269310 0.255807 0.244618 0.235274 0.227428 0.220824 0.215266 0.210607 0.206731 0.203550 0.200992 0.199001 0.197529 0.196538 0.195994 0.195868 0.196133 0.196766 0.197746 0.199055 0.200680 0.202614 0.204860 0.207433 0.210365 0.213709 0.217542 0.221976 0.227155 0.233268 0.240550 0.249293 0.259844 0.272607 0.288035 0.306591 0.328670 0.354449 0.383623 0.415025 0.446217 0.473343 0.491675 0.497109 0.487988 0.465964 0.435138 0.400234 0.365109 0.332205 0.302695 0.276898 0.254652 0.235582 0.219246 0.205218 0.193117 0.182620 0.173455 0.165400 0.158275 0.151931 0.146248 0.141128 0.136491 0.132270 0.128413 0.124873 0.121614 0.118605 0.115819 0.113236 0.110835 0.108602 0.106524 0.104588 0.102785 0.101106 0.099546 0.098098 0.096756 0.095517 0.094378 0.093336 0.092389 0.091536 0.090778 0.090114 0.089546 0.089075 0.088704 0.088438 0.088280 0.088236 0.088312 0.088518 0.088861 0.089353 0.090005 0.090831 0.091846 0.093066 0.094508 0.096190 0.098129 0.100340 0.102834 0.105613 0.108670 0.111980 0.115495 0.119138 0.122798 0.126324 0.129534 0.132223 0.134185 0.135241 0.135266 0.134217 0.132136 0.129146 0.125425 0.121177 0.116606 0.111894 0.107189 0.102601 0.098206 0.094051 0.090160 0.086539 0.083184
0.488937 0.507194 0.490196 0.445239 0.387777 0.330896 0.281266 0.240633 0.208344 0.182975 0.163075 0.147409 0.135008 0.125130 0.117216 0.110843 0.105691 0.101519 0.098140 0.095410 0.093215 0.091468 0.090098 0.089049 0.088276 0.087743 0.087419 0.087281 0.087309 0.087487 0.087802 0.088243 0.088801 0.089470 0.090244 0.091120 0.092095 0.093167 0.094336 0.095603 0.096969 0.098438 0.100012 0.101698 0.103501 0.105429 0.107491 0.109697 0.112060 0.114596 0.117321 0.120255 0.123422 0.126850 0.130570 0.134621 0.139047 0.143901 0.149245 0.155152 0.161709 0.169020 0.177207 0.186412 0.196803 0.208569 0.221922 0.237082 0.254261 0.273619 0.295203 0.318855 0.344114 0.370150 0.395824 0.419970 0.441876 0.461805 0.481264 0.502871 0.529965 0.566210 0.615274 0.680355 0.762985 0.860342 0.961006 1.042463 1.078079 1.055172 0.986054 0.896966 0.810017 0.736255 0.678307 0.634819 0.603413 0.582102 0.569805 0.566404 0.572550 0.589216 0.616812 0.653502 0.692707 0.721646 0.725243 0.696287 0.641656 0.576107 0.512128 0.456031 0.409397 0.371503 0.340897 0.316115 0.295913 0.279311 0.265558 0.254086 0.244468 0.236379 0.229574 0.223868 0.219120 0.215224 0.212101 0.209693 0.207962 0.206883 0.206445 0.206649 0.207508 0.209045 0.211298 0.214314 0.218159 0.222913 0.228678 0.235584 0.243790 0.253500 0.264976 0.278556 0.294684 0.313952 0.337146 0.365310 0.399785 0.442168 0.494027 0.556027 0.625996 0.695927 0.750192 0.770380 0.747852 0.691413 0.619615 0.548189 0.485197 0.432814 0.390337 0.356131 0.328511 0.306049 0.287617 0.272357 0.259619 0.248915 0.239877 0.232226 0.225747 0.220277 0.215686 0.211876 0.208767 0.206297 0.204414 0.203077 0.202250 0.201900 0.201999 0.202521 0.203438 0.204728 0.206368 0.208340 0.210632 0.213243 0.216184 0.219489 0.223217 0.227462 0.232358 0.238090 0.244902 0.253113 0.263126 0.275449 0.290713 0.309686 0.333264 0.362421 0.398035 0.440498 0.488972 0.540269 0.587812 0.621993 0.633408 0.618022 0.579860 0.528320 0.473005 0.420490 0.373965 0.334276 0.301046 0.273416 0.250439 0.231247 0.215107 0.201423 0.189720 0.179623 0.170835 0.163124 0.156304 0.150228 0.144779 0.139862 0.135402 0.131336 0.127614 0.124194 0.121042 0.118128 0.115429 0.112925 0.110598 0.108435 0.106422 0.104550 0.102809 0.101193 0.099694 0.098307 0.097029 0.095856 0.094785 0.093814 0.092943 0.092171 0.091499 0.090928 0.090462 0.090102 0.089853 0.089722 0.089714 0.089838 0.090103 0.090521 0.091106 0.091871 0.092837 0.094021 0.095447 0.097140 0.099126 0.101432 0.104088 0.107116 0.110535 0.114351 0.118552 0.123095 0.127898 0.132824 0.137678 0.142203 0.146094 0.149031 0.150723 0.150967 0.149690 0.146963 0.142989 0.138056 0.132482 0.126573 0.120582 0.114705 0.109076 0.103776 0.098847 0.094300 0.090127 0.086310
0.358300 0.367539 0.359579 0.337005 0.305839 0.272238 0.240418 0.212428 0.188813 0.169336 0.153448 0.140545 0.130073 0.121565 0.114639 0.108991 0.104382 0.100621 0.097558 0.095075 0.093078 0.091489 0.090250 0.089309 0.088627 0.088171 0.087914 0.087835 0.087915 0.088139 0.088496 0.088975 0.089567 0.090268 0.091071 0.091974 0.092973 0.094067 0.095256 0.096540 0.097922 0.099403 0.100987 0.102679 0.104485 0.106412 0.108468 0.110664 0.113010 0.115521 0.118213 0.121104 0.124215 0.127572 0.131203 0.135142 0.139427 0.144105 0.149228 0.154858 0.161066 0.167936 0.175561 0.184051 0.193526 0.204117 0.215961 0.229188 0.243906 0.260171 0.277948 0.297071 0.317205 0.337848 0.358400 0.378330 0.397415 0.415960 0.434905 0.455765 0.480420 0.510838 0.548741 0.595113 0.649385 0.708251 0.764562 0.807755 0.827433 0.819056 0.786898 0.741096 0.691976 0.646528 0.608051 0.577376 0.554163 0.537784 0.527773 0.523952 0.526342 0.534861 0.548787 0.566010 0.582349 0.591756 0.588306 0.569397 0.537408 0.498048 0.457161 0.418728 0.384648 0.355381 0.330639 0.309846 0.292379 0.277670 0.265241 0.254704 0.245751 0.238138 0.231676 0.226219 0.221653 0.217893 0.214874 0.212550 0.210890 0.209878 0.209507 0.209783 0.210722 0.212350 0.214706 0.217840 0.221814 0.226708 0.232615 0.239651 0.247954 0.257692 0.269066 0.282323 0.297760 0.315742 0.336706 0.361163 0.389657 0.422650 0.460238 0.501599 0.544166 0.582840 0.610271 0.619333 0.607054 0.576660 0.535496 0.491061 0.448523 0.410442 0.377566 0.349682 0.326195 0.306428 0.289751 0.275631 0.263631 0.253401 0.244666 0.237207 0.230854 0.225471 0.220952 0.217212 0.214185 0.211815 0.210059 0.208880 0.208246 0.208127 0.208496 0.209325 0.210586 0.212250 0.214289 0.216676 0.219392 0.222425 0.225781 0.229490 0.233615 0.238262 0.243589 0.249825 0.257277 0.266357 0.277605 0.291727 0.309648 0.332573 0.362062 0.400074 0.448909 0.510812 0.586817 0.674208 0.762577 0.831496 0.856839 0.827211 0.753993 0.661297 0.569544 0.489133 0.422786 0.369473 0.326966 0.292992 0.265622 0.243338 0.224981 0.209674 0.196758 0.185736 0.176228 0.167945 0.160661 0.154203 0.148434 0.143246 0.138551 0.134281 0.130378 0.126798 0.123503 0.120461 0.117646 0.115037 0.112616 0.110366 0.108276 0.106333 0.104528 0.102854 0.101304 0.099872 0.098553 0.097345 0.096244 0.095248 0.094357 0.093571 0.092890 0.092316 0.091852 0.091502 0.091271 0.091166 0.091194 0.091365 0.091691 0.092186 0.092866 0.093750 0.094861 0.096225 0.097872 0.099836 0.102156 0.104874 0.108035 0.111683 0.115863 0.120604 0.125919 0.131785 0.138125 0.144787 0.151520 0.157964 0.163660 0.168095 0.170784 0.171376 0.169742 0.166010 0.160529 0.153782 0.146280 0.138481 0.130744 0.123317 0.116352 0.109925 0.104056 0.098733 0.093923 0.089582
0.278190 0.283511 0.279489 0.267183 0.249223 0.228639 0.207906 0.188591 0.171448 0.156684 0.144199 0.133753 0.125066 0.117865 0.111908 0.106988 0.102932 0.099597 0.096868 0.094648 0.092862 0.091445 0.090346 0.089523 0.088940 0.088569 0.088386 0.088371 0.088508 0.088784 0.089186 0.089706 0.090336 0.091071 0.091906 0.092837 0.093862 0.094980 0.096190 0.097493 0.098890 0.100384 0.101978 0.103677 0.105486 0.107411 0.109460 0.111643 0.113971 0.116455 0.119111 0.121956 0.125008 0.128290 0.131828 0.135651 0.139793 0.144292 0.149194 0.154549 0.160416 0.166859 0.173953 0.181777 0.190419 0.199966 0.210506 0.222114 0.234839 0.248689 0.263609 0.279464 0.296029 0.313006 0.330082 0.347019 0.363775 0.380599 0.398075 0.417072 0.438613 0.463685 0.492979 0.526558 0.563424 0.601078 0.635375 0.661147 0.673856 0.671611 0.656120 0.631754 0.603549 0.575589 0.550428 0.529295 0.512580 0.500268 0.492221 0.488288 0.488269 0.491756 0.497877 0.505017 0.510706 0.511946 0.506127 0.492154 0.470978 0.445070 0.417289 0.389964 0.364555 0.341746 0.321694 0.304270 0.289213 0.276230 0.265040 0.255395 0.247085 0.239938 0.233814 0.228601 0.224214 0.220586 0.217667 0.215422 0.213830 0.212880 0.212572 0.212917 0.213935 0.215656 0.218121 0.221382 0.225503 0.230561 0.236647 0.243869 0.252348 0.262224 0.273653 0.286807 0.301868 0.319024 0.338451 0.360287 0.384575 0.411162 0.439520 0.468496 0.496032 0.519079 0.534032 0.537860 0.529482 0.510381 0.483927 0.453945 0.423572 0.394823 0.368713 0.345571 0.325338 0.307772 0.292568 0.279421 0.268057 0.258236 0.249760 0.242465 0.236216 0.230907 0.226451 0.222779 0.219835 0.217574 0.215961 0.214964 0.214556 0.214712 0.215404 0.216604 0.218282 0.220403 0.222930 0.225825 0.229053 0.232589 0.236425 0.240580 0.245116 0.250144 0.255849 0.262500 0.270473 0.280283 0.292622 0.308426 0.328969 0.356018 0.392042 0.440520 0.506276 0.595631 0.715524 0.869361 1.045688 1.201086 1.264501 1.196457 1.036409 0.855390 0.696802 0.572090 0.477845 0.407136 0.353659 0.312621 0.280587 0.255138 0.234574 0.217686 0.203608 0.191707 0.181519 0.172696 0.164976 0.158156 0.152082 0.146633 0.141711 0.137242 0.133163 0.129425 0.125987 0.122817 0.119886 0.117172 0.114655 0.112318 0.110148 0.108133 0.106264 0.104531 0.102928 0.101449 0.100088 0.098843 0.097711 0.096689 0.095777 0.094975 0.094284 0.093706 0.093244 0.092903 0.092689 0.092608 0.092672 0.092890 0.093276 0.093848 0.094624 0.095629 0.096890 0.098441 0.100320 0.102574 0.105256 0.108427 0.112155 0.116515 0.121586 0.127442 0.134140 0.141704 0.150090 0.159150 0.168581 0.177890 0.186377 0.193202 0.197518 0.198687 0.196469 0.191103 0.183224 0.173677 0.163302 0.152795 0.142650 0.133166 0.124492 0.116668 0.109670 0.103439 0.097900 0.092974
0.225727 0.229136 0.227048 0.219949 0.209099 0.196070 0.182307 0.168882 0.156453 0.145342 0.135636 0.127288 0.120184 0.114182 0.109138 0.104920 0.101407 0.098498 0.096106 0.094156 0.092589 0.091351 0.090401 0.089703 0.089226 0.088946 0.088842 0.088897 0.089095 0.089425 0.089876 0.090441 0.091112 0.091884 0.092753 0.093714 0.094768 0.095911 0.097143 0.098466 0.099880 0.101387 0.102992 0.104697 0.106508 0.108431 0.110473 0.112642 0.114950 0.117406 0.120025 0.122822 0.125813 0.129019 0.132461 0.136167 0.140165 0.144487 0.149171 0.154260 0.159799 0.165839 0.172438 0.179654 0.187548 0.196180 0.205605 0.215863 0.226975 0.238930 0.251674 0.265108 0.279087 0.293436 0.307990 0.322645 0.337417 0.352483 0.368194 0.385034 0.403532 0.424135 0.447038 0.471989 0.498087 0.523650 0.546296 0.563367 0.572695 0.573403 0.566246 0.553284 0.537100 0.520054 0.503891 0.489679 0.477962 0.468944 0.462639 0.458938 0.457605 0.458212 0.460030 0.461958 0.462547 0.460234 0.453760 0.442615 0.427229 0.408776 0.388738 0.368474 0.348987 0.330885 0.314451 0.299750 0.286720 0.275235 0.265147 0.256309 0.248590 0.241873 0.236061 0.231074 0.226850 0.223340 0.220509 0.218332 0.216798 0.215902 0.215651 0.216060 0.217155 0.218969 0.221549 0.224949 0.229237 0.234493 0.240809 0.248291 0.257055 0.267224 0.278929 0.292292 0.307417 0.324366 0.343133 0.363601 0.385492 0.408300 0.431217 0.453063 0.472262 0.486948 0.495279 0.495944 0.488666 0.474376 0.454919 0.432470 0.408991 0.385943 0.364241 0.344353 0.326445 0.310498 0.296396 0.283984 0.273096 0.263575 0.255281 0.248094 0.241909 0.236644 0.232231 0.228613 0.225748 0.223602 0.222145 0.221355 0.221210 0.221690 0.222769 0.224421 0.226610 0.229297 0.232431 0.235959 0.239824 0.243979 0.248389 0.253055 0.258022 0.263405 0.269405 0.276333 0.284636 0.294934 0.308081 0.325252 0.348105 0.379037 0.421630 0.481391 0.567002 0.692280 0.878533 1.153832 1.533286 1.943483 2.139724 1.938481 1.523250 1.138698 0.858213 0.666668 0.535982 0.444854 0.379487 0.331232 0.294639 0.266196 0.243593 0.225267 0.210141 0.197452 0.186653 0.177343 0.169224 0.162072 0.155714 0.150018 0.144880 0.140218 0.135967 0.132074 0.128496 0.125197 0.122150 0.119329 0.116715 0.114290 0.112039 0.109951 0.108015 0.106222 0.104564 0.103037 0.101633 0.100351 0.099186 0.098137 0.097202 0.096383 0.095681 0.095097 0.094635 0.094301 0.094102 0.094045 0.094142 0.094405 0.094850 0.095497 0.096369 0.097495 0.098908 0.100649 0.102769 0.105326 0.108392 0.112051 0.116404 0.121565 0.127666 0.134845 0.143242 0.152968 0.164070 0.176458 0.189817 0.203501 0.216454 0.227257 0.234367 0.236545 0.233312 0.225146 0.213282 0.199263 0.184505 0.170062 0.156579 0.144370 0.133521 0.123986 0.115650 0.108374 0.102018 0.096449
0.189616 0.192005 0.190957 0.186716 0.179931 0.171462 0.162167 0.152755 0.143729 0.135396 0.127907 0.121305 0.115566 0.110629 0.106420 0.102856 0.099862 0.097367 0.095307 0.093627 0.092281 0.091226 0.090429 0.089860 0.089494 0.089310 0.089289 0.089417 0.089680 0.090068 0.090572 0.091185 0.091899 0.092711 0.093615 0.094610 0.095693 0.096863 0.098120 0.099464 0.100895 0.102418 0.104033 0.105745 0.107558 0.109479 0.111513 0.113670 0.115956 0.118384 0.120965 0.123712 0.126642 0.129770 0.133118 0.136708 0.140563 0.144713 0.149187 0.154020 0.159250 0.164915 0.171059 0.177725 0.184957 0.192793 0.201268 0.210403 0.220205 0.230656 0.241714 0.253308 0.265344 0.277722 0.290352 0.303189 0.316259 0.329675 0.343639 0.358406 0.374229 0.391274 0.409519 0.428651 0.447977 0.466407 0.482552 0.494978 0.502574 0.504894 0.502300 0.495834 0.486881 0.476821 0.466787 0.457579 0.449681 0.443332 0.438596 0.435398 0.433536 0.432655 0.432219 0.431505 0.429657 0.425824 0.419360 0.410015 0.398010 0.383958 0.368673 0.352969 0.337518 0.322792 0.309077 0.296507 0.285117 0.274875 0.265722 0.257580 0.250373 0.244029 0.238487 0.233693 0.229605 0.226191 0.223429 0.221304 0.219812 0.218957 0.218752 0.219218 0.220384 0.222291 0.224990 0.228541 0.233020 0.238513 0.245119 0.252950 0.262131 0.272787 0.285044 0.299010 0.314750 0.332258 0.351411 0.371916 0.393261 0.414675 0.435126 0.453370 0.468071 0.477981 0.482158 0.480180 0.472278 0.459311 0.442575 0.423515 0.403461 0.383470 0.364278 0.346330 0.329852 0.314917 0.301504 0.289540 0.278928 0.269564 0.261347 0.254188 0.248009 0.242743 0.238339 0.234754 0.231957 0.229923 0.228635 0.228077 0.228236 0.229098 0.230643 0.232845 0.235669 0.239064 0.242967 0.247302 0.251983 0.256924 0.262052 0.267327 0.272768 0.278475 0.284659 0.291669 0.300022 0.310446 0.323948 0.341936 0.366429 0.400441 0.448685 0.518909 0.624570 0.790399 1.064430 1.542770 2.399823 3.738798 4.630642 3.733396 2.388970 1.526375 1.042362 0.762498 0.590658 0.478809 0.402236 0.347528 0.307002 0.276040 0.251746 0.232235 0.216244 0.202899 0.191585 0.181857 0.173390 0.165941 0.159324 0.153400 0.148058 0.143212 0.138793 0.134747 0.131029 0.127603 0.124439 0.121510 0.118798 0.116282 0.113949 0.111786 0.109782 0.107927 0.106214 0.104636 0.103188 0.101866 0.100667 0.099589 0.098631 0.097793 0.097077 0.096486 0.096023 0.095694 0.095507 0.095472 0.095599 0.095904 0.096405 0.097125 0.098090 0.099333 0.100896 0.102827 0.105189 0.108056 0.111520 0.115694 0.120717 0.126759 0.134021 0.142741 0.153185 0.165628 0.180303 0.197309 0.216442 0.236958 0.257320 0.275094 0.287306 0.291370 0.286247 0.272974 0.254135 0.232701 0.211104 0.190881 0.172772 0.156979 0.143403 0.131808 0.121918 0.113466 0.106212 0.099954
0.163774 0.165583 0.165137 0.162567 0.158229 0.152618 0.146254 0.139604 0.133035 0.126801 0.121057 0.115881 0.111294 0.107285 0.103820 0.100855 0.098345 0.096241 0.094502 0.093086 0.091958 0.091086 0.090444 0.090007 0.089754 0.089668 0.089734 0.089938 0.090269 0.090719 0.091279 0.091941 0.092702 0.093556 0.094499 0.095529 0.096644 0.097843 0.099126 0.100492 0.101943 0.103481 0.105108 0.106827 0.108644 0.110563 0.112590 0.114733 0.116999 0.119398 0.121941 0.124639 0.127507 0.130560 0.133814 0.137290 0.141008 0.144991 0.149265 0.153858 0.158799 0.164118 0.169849 0.176023 0.182670 0.189817 0.197484 0.205684 0.214414 0.223659 0.233386 0.243546 0.254079 0.264925 0.276035 0.287386 0.298999 0.310940 0.323315 0.336249 0.349844 0.364130 0.379006 0.394189 0.409178 0.423272 0.435644 0.445486 0.452195 0.455526 0.455665 0.453165 0.448798 0.443379 0.437629 0.432100 0.427160 0.423009 0.419709 0.417207 0.415341 0.413843 0.412339 0.410362 0.407402 0.402985 0.396770 0.388640 0.378729 0.367390 0.355105 0.342382 0.329675 0.317338 0.305617 0.294662 0.284548 0.275296 0.266896 0.259320 0.252530 0.246489 0.241161 0.236515 0.232526 0.229176 0.226455 0.224358 0.222889 0.222058 0.221884 0.222394 0.223624 0.225620 0.228441 0.232155 0.236847 0.242615 0.249574 0.257854 0.267599 0.278961 0.292093 0.307126 0.324143 0.343131 0.363919 0.386100 0.408955 0.431415 0.452099 0.469478 0.482136 0.489069 0.489880 0.484823 0.474675 0.460538 0.443633 0.425123 0.406006 0.387056 0.368827 0.351672 0.335790 0.321267 0.308110 0.296282 0.285717 0.276339 0.268071 0.260843 0.254591 0.249265 0.244824 0.241239 0.238490 0.236563 0.235451 0.235150 0.235659 0.236971 0.239076 0.241953 0.245566 0.249859 0.254753 0.260141 0.265895 0.271873 0.277939 0.283987 0.289980 0.295986 0.302211 0.309039 0.317057 0.327100 0.340320 0.358320 0.383405 0.419060 0.470878 0.548440 0.669440 0.869615 1.229845 1.962809 3.748560 9.113066 18.056295 9.107239 3.736838 1.945062 1.205884 0.839204 0.632314 0.504322 0.419505 0.360216 0.316957 0.284257 0.258791 0.238448 0.221833 0.208001 0.196290 0.186228 0.177471 0.169765 0.162918 0.156784 0.151250 0.146227 0.141645 0.137449 0.133592 0.130037 0.126754 0.123717 0.120904 0.118297 0.115879 0.113639 0.111565 0.109646 0.107875 0.106246 0.104752 0.103389 0.102154 0.101046 0.100062 0.099204 0.098473 0.097872 0.097405 0.097079 0.096902 0.096884 0.097039 0.097382 0.097935 0.098721 0.099773 0.101129 0.102835 0.104951 0.107549 0.110722 0.114586 0.119286 0.125008 0.131987 0.140519 0.150979 0.163824 0.179597 0.198891 0.222243 0.249884 0.281279 0.314414 0.345148 0.367434 0.375354 0.366373 0.343023 0.311221 0.277010 0.244530 0.215792 0.191330 0.170910 0.153994 0.139986 0.128344 0.118606 0.110399 0.103423
0.144700 0.146162 0.146085 0.144545 0.141749 0.137991 0.133596 0.128876 0.124091 0.119440 0.115061 0.111037 0.107412 0.104197 0.101385 0.098958 0.096890 0.095153 0.093716 0.092553 0.091638 0.090947 0.090458 0.090153 0.090015 0.090029 0.090183 0.090467 0.090869 0.091383 0.092001 0.092717 0.093526 0.094424 0.095409 0.096476 0.097626 0.098856 0.100166 0.101556 0.103028 0.104583 0.106223 0.107952 0.109773 0.111691 0.113711 0.115841 0.118087 0.120458 0.122963 0.125614 0.128422 0.131400 0.134564 0.137931 0.141517 0.145342 0.149427 0.153795 0.158469 0.163473 0.168831 0.174567 0.180701 0.187253 0.194233 0.201649 0.209497 0.217762 0.226421 0.235440 0.244781 0.254406 0.264285 0.274407 0.284781 0.295441 0.306438 0.317822 0.329619 0.341798 0.354243 0.366725 0.378893 0.390295 0.400426 0.408814 0.415116 0.419192 0.421136 0.421253 0.419984 0.417813 0.415186 0.412464 0.409895 0.407617 0.405667 0.403993 0.402466 0.400886 0.398997 0.396502 0.393096 0.388518 0.382596 0.375290 0.366703 0.357066 0.346689 0.335910 0.325045 0.314360 0.304058 0.294280 0.285113 0.276606 0.268778 0.261629 0.255150 0.249327 0.244146 0.239592 0.235656 0.232331 0.229617 0.227518 0.226045 0.225215 0.225053 0.225591 0.226873 0.228951 0.231892 0.235775 0.240699 0.246778 0.254151 0.262977 0.273439 0.285742 0.300101 0.316726 0.335788 0.357357 0.381313 0.407213 0.434149 0.460635 0.484646 0.503908 0.516441 0.521152 0.518139 0.508521 0.493959 0.476152 0.456549 0.436252 0.416047 0.396474 0.377886 0.360501 0.344437 0.329739 0.316401 0.304380 0.293614 0.284033 0.275567 0.268153 0.261736 0.256275 0.251739 0.248109 0.245377 0.243541 0.242609 0.242590 0.243495 0.245336 0.248114 0.251820 0.256423 0.261866 0.268052 0.274840 0.282043 0.289439 0.296789 0.303880 0.310575 0.316873 0.322960 0.329250 0.336413 0.345400 0.357500 0.374461 0.398753 0.434078 0.486383 0.565973 0.692275 0.905855 1.303775 2.169304 4.650504 18.066329 18.063078 18.060062 4.637877 2.150133 1.277793 0.872726 0.651609 0.517350 0.429388 0.368342 0.324002 0.290577 0.264585 0.243829 0.226873 0.212745 0.200767 0.190460 0.181475 0.173554 0.166505 0.160180 0.154465 0.149272 0.144531 0.140185 0.136188 0.132504 0.129100 0.125952 0.123036 0.120334 0.117830 0.115510 0.113364 0.111379 0.109549 0.107866 0.106324 0.104919 0.103647 0.102506 0.101495 0.100615 0.099866 0.099253 0.098780 0.098454 0.098283 0.098279 0.098456 0.098832 0.099430 0.100277 0.101408 0.102866 0.104705 0.106992 0.109814 0.113280 0.117530 0.122746 0.129166 0.137103 0.146968 0.159312 0.174860 0.194565 0.219635 0.251497 0.291547 0.340426 0.396415 0.452966 0.497223 0.514011 0.496161 0.450840 0.393220 0.336153 0.286187 0.245036 0.212058 0.185855 0.164997 0.148276 0.134737 0.123651 0.114469 0.106777
0.130265 0.131510 0.131673 0.130798 0.129010 0.126492 0.123453 0.120102 0.116625 0.113173 0.109859 0.106763 0.103931 0.101389 0.099145 0.097195 0.095527 0.094125 0.092972 0.092049 0.091337 0.090820 0.090482 0.090308 0.090285 0.090401 0.090646 0.091010 0.091485 0.092065 0.092744 0.093516 0.094376 0.095322 0.096350 0.097458 0.098644 0.099907 0.101247 0.102664 0.104158 0.105732 0.107387 0.109126 0.110952 0.112871 0.114886 0.117003 0.119230 0.121574 0.124043 0.126648 0.129398 0.132305 0.135383 0.138645 0.142106 0.145783 0.149692 0.153852 0.158282 0.162999 0.168023 0.173370 0.179056 0.185093 0.191489 0.198246 0.205361 0.212821 0.220611 0.228707 0.237083 0.245716 0.254585 0.263683 0.273012 0.282584 0.292419 0.302527 0.312900 0.323486 0.334180 0.344807 0.355125 0.364840 0.373640 0.381241 0.387441 0.392155 0.395432 0.397443 0.398439 0.398702 0.398499 0.398044 0.397483 0.396885 0.396248 0.395509 0.394551 0.393221 0.391340 0.388718 0.385185 0.380607 0.374916 0.368129 0.360346 0.351743 0.342543 0.332988 0.323311 0.313718 0.304372 0.295400 0.286890 0.278898 0.271460 0.264595 0.258313 0.252615 0.247503 0.242977 0.239037 0.235690 0.232941 0.230804 0.229295 0.228438 0.228263 0.228809 0.230125 0.232273 0.235327 0.239380 0.244546 0.250964 0.258801 0.268259 0.279582 0.293053 0.309000 0.327780 0.349753 0.375212 0.404261 0.436599 0.471214 0.506060 0.537926 0.562864 0.577340 0.579675 0.570735 0.553325 0.530821 0.506064 0.480950 0.456545 0.433374 0.411667 0.391517 0.372951 0.355962 0.340515 0.326552 0.313998 0.302769 0.292780 0.283954 0.276221 0.269530 0.263842 0.259136 0.255402 0.252644 0.250876 0.250119 0.250401 0.251754 0.254210 0.257793 0.262516 0.268366 0.275290 0.283182 0.291864 0.301073 0.310470 0.319659 0.328245 0.335917 0.342546 0.348266 0.353532 0.359129 0.366162 0.376072 0.390718 0.412601 0.445336 0.494584 0.569947 0.689108 0.887775 1.246787 1.978779 3.763760 9.127657 18.070400 9.120949 3.750216 1.958146 1.218696 0.851751 0.644591 0.516317 0.431203 0.371598 0.328004 0.294952 0.269118 0.248394 0.231388 0.217158 0.205046 0.194583 0.185429 0.177333 0.170107 0.163606 0.157719 0.152360 0.147460 0.142964 0.138825 0.135008 0.131481 0.128217 0.125195 0.122396 0.119802 0.117401 0.115179 0.113127 0.111235 0.109497 0.107905 0.106455 0.105144 0.103969 0.102928 0.102024 0.101256 0.100628 0.100145 0.099815 0.099647 0.099652 0.099847 0.100250 0.100885 0.101783 0.102982 0.104530 0.106485 0.108925 0.111948 0.115679 0.120284 0.125982 0.133064 0.141927 0.153114 0.167383 0.185801 0.209887 0.241796 0.284540 0.342076 0.418758 0.516722 0.628761 0.727557 0.768413 0.726498 0.626640 0.513534 0.414492 0.336722 0.278083 0.234219 0.201171 0.175925 0.156323 0.140846 0.128424 0.118300 0.109926
0.119115 0.120223 0.120547 0.120117 0.119012 0.117348 0.115263 0.112901 0.110393 0.107854 0.105375 0.103023 0.100845 0.098871 0.097115 0.095583 0.094272 0.093176 0.092285 0.091586 0.091068 0.090720 0.090528 0.090483 0.090574 0.090791 0.091127 0.091573 0.092124 0.092772 0.093514 0.094344 0.095258 0.096254 0.097328 0.098479 0.099704 0.101003 0.102375 0.103821 0.105340 0.106935 0.108606 0.110358 0.112191 0.114111 0.116122 0.118230 0.120439 0.122758 0.125193 0.127753 0.130448 0.133288 0.136284 0.139447 0.142791 0.146330 0.150076 0.154046 0.158253 0.162712 0.167437 0.172442 0.177736 0.183328 0.189224 0.195425 0.201926 0.208720 0.215793 0.223132 0.230717 0.238533 0.246567 0.254811 0.263262 0.271924 0.280797 0.289875 0.299136 0.308528 0.317965 0.327319 0.336427 0.345099 0.353140 0.360378 0.366692 0.372029 0.376416 0.379947 0.382762 0.385016 0.386853 0.388377 0.389645 0.390657 0.391362 0.391667 0.391452 0.390584 0.388929 0.386372 0.382829 0.378257 0.372665 0.366119 0.358736 0.350672 0.342112 0.333248 0.324261 0.315314 0.306545 0.298060 0.289943 0.282251 0.275028 0.268303 0.262096 0.256422 0.251293 0.246720 0.242714 0.239287 0.236455 0.234237 0.232654 0.231736 0.231518 0.232046 0.233373 0.235571 0.238723 0.242937 0.248346 0.255114 0.263448 0.273603 0.285901 0.300739 0.318609 0.340103 0.365910 0.396771 0.433334 0.475853 0.523599 0.573983 0.621751 0.659245 0.678900 0.677240 0.656971 0.624936 0.588183 0.551516 0.517272 0.486154 0.458090 0.432772 0.409893 0.389218 0.370565 0.353788 0.338747 0.325308 0.313342 0.302727 0.293361 0.285162 0.278069 0.272046 0.267077 0.263162 0.260319 0.258578 0.257980 0.258577 0.260426 0.263591 0.268131 0.274097 0.281511 0.290351 0.300516 0.311797 0.323845 0.336154 0.348085 0.358937 0.368089 0.375171 0.380219 0.383756 0.386768 0.390618 0.396973 0.407802 0.425539 0.453453 0.496380 0.562095 0.664014 0.826796 1.098381 1.574780 2.430304 3.768077 4.658967 3.760947 2.415872 1.552703 1.068155 0.787764 0.615386 0.502973 0.425801 0.370455 0.329252 0.297577 0.272537 0.252253 0.235468 0.221316 0.209189 0.198649 0.189378 0.181139 0.173754 0.167087 0.161033 0.155508 0.150447 0.145796 0.141511 0.137556 0.133900 0.130517 0.127385 0.124484 0.121798 0.119311 0.117012 0.114889 0.112934 0.111137 0.109494 0.107998 0.106645 0.105434 0.104362 0.103430 0.102640 0.101995 0.101500 0.101162 0.100992 0.101001 0.101207 0.101629 0.102293 0.103232 0.104486 0.106106 0.108158 0.110725 0.113916 0.117873 0.122783 0.128898 0.136563 0.146256 0.158654 0.174736 0.195955 0.224515 0.263840 0.319364 0.399759 0.518418 0.692997 0.933002 1.192249 1.316798 1.191196 0.930892 0.689824 0.514172 0.394426 0.312928 0.256282 0.215814 0.186087 0.163676 0.146373 0.132727 0.121755 0.112780
0.110358 0.111375 0.111814 0.111693 0.111064 0.110004 0.108606 0.106969 0.105189 0.103351 0.101528 0.099775 0.098135 0.096637 0.095300 0.094133 0.093140 0.092319 0.091668 0.091178 0.090843 0.090655 0.090604 0.090685 0.090888 0.091206 0.091633 0.092163 0.092791 0.093510 0.094317 0.095207 0.096178 0.097227 0.098350 0.099546 0.100813 0.102151 0.103558 0.105035 0.106582 0.108200 0.109891 0.111656 0.113499 0.115423 0.117432 0.119530 0.121724 0.124019 0.126423 0.128942 0.131586 0.134362 0.137281 0.140353 0.143588 0.146999 0.150596 0.154392 0.158397 0.162625 0.167085 0.171787 0.176739 0.181947 0.187415 0.193142 0.199127 0.205362 0.211841 0.218550 0.225480 0.232619 0.239958 0.247490 0.255211 0.263118 0.271207 0.279464 0.287867 0.296372 0.304915 0.313408 0.321743 0.329801 0.337463 0.344628 0.351226 0.357228 0.362648 0.367539 0.371973 0.376023 0.379746 0.383160 0.386241 0.388915 0.391071 0.392569 0.393258 0.393002 0.391692 0.389262 0.385695 0.381024 0.375331 0.368735 0.361384 0.353445 0.345088 0.336480 0.327775 0.319107 0.310587 0.302309 0.294345 0.286750 0.279568 0.272835 0.266576 0.260816 0.255576 0.250873 0.246727 0.243158 0.240186 0.237835 0.236134 0.235115 0.234820 0.235296 0.236606 0.238827 0.242055 0.246410 0.252046 0.259157 0.267993 0.278873 0.292214 0.308555 0.328608 0.353301 0.383833 0.421717 0.468715 0.526539 0.595945 0.674759 0.754827 0.820194 0.851975 0.841013 0.795634 0.733920 0.671078 0.614657 0.566444 0.525592 0.490599 0.460159 0.433356 0.409601 0.388508 0.369788 0.353195 0.338507 0.325517 0.314046 0.303948 0.295115 0.287472 0.280981 0.275632 0.271436 0.268427 0.266655 0.266184 0.267095 0.269482 0.273450 0.279114 0.286585 0.295955 0.307268 0.320471 0.335359 0.351498 0.368166 0.384344 0.398811 0.410373 0.418195 0.422123 0.422821 0.421683 0.420567 0.421542 0.426765 0.438555 0.459679 0.493856 0.546577 0.626421 0.747054 0.929618 1.202020 1.579216 1.987652 2.182507 1.980148 1.563981 1.178599 0.897332 0.705010 0.573522 0.481543 0.415266 0.366039 0.328410 0.298874 0.275126 0.255613 0.239268 0.225339 0.213292 0.202736 0.193384 0.185023 0.177489 0.170658 0.164433 0.158737 0.153508 0.148695 0.144256 0.140156 0.136365 0.132856 0.129608 0.126601 0.123818 0.121242 0.118863 0.116667 0.114645 0.112788 0.111090 0.109546 0.108150 0.106900 0.105794 0.104833 0.104018 0.103353 0.102841 0.102492 0.102315 0.102323 0.102533 0.102966 0.103649 0.104616 0.105909 0.107582 0.109706 0.112370 0.115689 0.119819 0.124965 0.131406 0.139531 0.149888 0.163270 0.180863 0.204483 0.237033 0.283339 0.351832 0.458051 0.632205 0.934753 1.475426 2.319161 2.881477 2.318118 1.473335 0.931607 0.627992 0.452757 0.345437 0.275823 0.228371 0.194649 0.169828 0.151005 0.136359 0.124707 0.115252
0.103384 0.104341 0.104864 0.104965 0.104677 0.104054 0.103160 0.102065 0.100839 0.099545 0.098240 0.096971 0.095774 0.094676 0.093696 0.092847 0.092135 0.091563 0.091130 0.090833 0.090670 0.090633 0.090719 0.090921 0.091235 0.091653 0.092172 0.092786 0.093492 0.094283 0.095158 0.096112 0.097143 0.098247 0.099422 0.100667 0.101979 0.103359 0.104804 0.106315 0.107893 0.109537 0.111249 0.113031 0.114885 0.116815 0.118824 0.120916 0.123097 0.125372 0.127746 0.130228 0.132823 0.135541 0.138388 0.141375 0.144511 0.147804 0.151265 0.154903 0.158728 0.162748 0.166973 0.171409 0.176063 0.180938 0.186038 0.191362 0.196909 0.202675 0.208654 0.214838 0.221221 0.227795 0.234554 0.241493 0.248608 0.255896 0.263352 0.270963 0.278711 0.286566 0.294485 0.302412 0.310282 0.318026 0.325578 0.332886 0.339916 0.346660 0.353133 0.359364 0.365387 0.371223 0.376862 0.382252 0.387290 0.391820 0.395647 0.398555 0.400338 0.400827 0.399916 0.397577 0.393859 0.388878 0.382798 0.375810 0.368111 0.359897 0.351343 0.342608 0.333825 0.325108 0.316547 0.308219 0.300182 0.292487 0.285174 0.278280 0.271837 0.265873 0.260415 0.255490 0.251121 0.247336 0.244159 0.241620 0.239749 0.238583 0.238167 0.238554 0.239811 0.242021 0.245291 0.249754 0.255586 0.263009 0.272319 0.283903 0.298284 0.316168 0.338528 0.366723 0.402665 0.449052 0.509625 0.589285 0.693399 0.824590 0.973971 1.107916 1.171369 1.133490 1.024169 0.897473 0.786023 0.697795 0.629532 0.575686 0.531689 0.494543 0.462498 0.434569 0.410153 0.388810 0.370155 0.353832 0.339521 0.326953 0.315916 0.306259 0.297890 0.290767 0.284888 0.280279 0.276995 0.275106 0.274708 0.275914 0.278864 0.283723 0.290681 0.299947 0.311733 0.326217 0.343480 0.363404 0.385527 0.408886 0.431895 0.452423 0.468168 0.477346 0.479404 0.475344 0.467441 0.458567 0.451560 0.448924 0.452863 0.465554 0.489528 0.528123 0.585920 0.668963 0.783917 0.933931 1.107319 1.260458 1.322120 1.252675 1.091454 0.909387 0.749799 0.624074 0.528764 0.456911 0.402200 0.359833 0.326377 0.299424 0.277283 0.258759 0.243000 0.229391 0.217483 0.206945 0.197529 0.189049 0.181363 0.174360 0.167953 0.162073 0.156662 0.151675 0.147071 0.142816 0.138880 0.135239 0.131868 0.128749 0.125863 0.123195 0.120731 0.118459 0.116368 0.114449 0.112695 0.111100 0.109658 0.108368 0.107226 0.106233 0.105390 0.104701 0.104170 0.103805 0.103616 0.103617 0.103824 0.104259 0.104949 0.105930 0.107245 0.108951 0.111119 0.113842 0.117243 0.121483 0.126780 0.133432 0.141855 0.152645 0.166679 0.185282 0.210544 0.245902 0.297324 0.375904 0.504107 0.732808 1.195815 2.320980 5.697481 11.325314 5.696451 2.318917 1.192709 0.728646 0.498871 0.369575 0.289876 0.237309 0.200776 0.174306 0.154461 0.139151 0.127047 0.117273
0.097766 0.098685 0.099273 0.099536 0.099500 0.099201 0.098684 0.098000 0.097200 0.096332 0.095442 0.094565 0.093734 0.092972 0.092299 0.091726 0.091262 0.090912 0.090677 0.090559 0.090555 0.090663 0.090878 0.091199 0.091620 0.092138 0.092749 0.093448 0.094233 0.095099 0.096044 0.097064 0.098157 0.099320 0.100551 0.101849 0.103210 0.104635 0.106122 0.107671 0.109281 0.110955 0.112691 0.114493 0.116362 0.118300 0.120312 0.122400 0.124571 0.126827 0.129176 0.131623 0.134174 0.136837 0.139620 0.142529 0.145573 0.148760 0.152097 0.155594 0.159256 0.163093 0.167109 0.171312 0.175705 0.180292 0.185075 0.190055 0.195230 0.200598 0.206155 0.211898 0.217821 0.223921 0.230196 0.236641 0.243257 0.250040 0.256989 0.264096 0.271352 0.278740 0.286238 0.293816 0.301444 0.309092 0.316735 0.324357 0.331958 0.339552 0.347163 0.354817 0.362531 0.370292 0.378047 0.385678 0.392998 0.399750 0.405624 0.410286 0.413425 0.414805 0.414301 0.411922 0.407800 0.402162 0.395287 0.387468 0.378979 0.370058 0.360901 0.351663 0.342463 0.333391 0.324517 0.315894 0.307567 0.299576 0.291956 0.284743 0.277970 0.271672 0.265880 0.260627 0.255943 0.251858 0.248402 0.245608 0.243509 0.242144 0.241561 0.241814 0.242975 0.245132 0.248400 0.252926 0.258901 0.266579 0.276296 0.288508 0.303841 0.323173 0.347764 0.379459 0.421035 0.476783 0.553462 0.661818 0.818387 1.044929 1.353175 1.686471 1.855850 1.719322 1.417806 1.139023 0.938149 0.801933 0.707456 0.637813 0.582874 0.537255 0.498332 0.464831 0.436001 0.411233 0.389948 0.371589 0.355658 0.341743 0.329537 0.318836 0.309525 0.301562 0.294959 0.289763 0.286053 0.283928 0.283514 0.284966 0.288479 0.294294 0.302705 0.314065 0.328780 0.347272 0.369910 0.396860 0.427830 0.461696 0.496107 0.527339 0.550839 0.562700 0.561462 0.548969 0.529543 0.508206 0.489248 0.475724 0.469657 0.472506 0.485615 0.510517 0.549018 0.602885 0.672720 0.755424 0.840261 0.906520 0.929835 0.898607 0.824052 0.730149 0.637213 0.555573 0.487900 0.433138 0.389046 0.353352 0.324135 0.299891 0.279475 0.262032 0.246923 0.233672 0.221920 0.211401 0.201912 0.193297 0.185438 0.178240 0.171629 0.165543 0.159933 0.154753 0.149968 0.145544 0.141453 0.137669 0.134168 0.130930 0.127937 0.125171 0.122619 0.120267 0.118104 0.116120 0.114307 0.112659 0.111170 0.109836 0.108656 0.107629 0.106756 0.106040 0.105485 0.105100 0.104894 0.104881 0.105077 0.105505 0.106191 0.107172 0.108491 0.110205 0.112388 0.115132 0.118563 0.122844 0.128197 0.134927 0.143460 0.154409 0.168678 0.187647 0.213504 0.249889 0.303216 0.385669 0.522755 0.775540 1.322252 2.885191 11.327214 11.326714 11.326205 2.883167 1.319202 0.771450 0.517605 0.379435 0.295869 0.241399 0.203838 0.176767 0.156546 0.140987 0.128707 0.118802
0.093201 0.094095 0.094733 0.095120 0.095274 0.095220 0.094991 0.094623 0.094156 0.093627 0.093069 0.092513 0.091985 0.091508 0.091096 0.090763 0.090518 0.090367 0.090314 0.090360 0.090505 0.090748 0.091088 0.091523 0.092050 0.092666 0.093368 0.094154 0.095020 0.095963 0.096981 0.098070 0.099229 0.100455 0.101746 0.103099 0.104514 0.105988 0.107521 0.109111 0.110759 0.112465 0.114230 0.116055 0.117941 0.119891 0.121908 0.123995 0.126157 0.128399 0.130725 0.133141 0.135652 0.138267 0.140990 0.143828 0.146789 0.149880 0.153106 0.156476 0.159994 0.163668 0.167501 0.171499 0.175665 0.180003 0.184513 0.189197 0.194054 0.199084 0.204284 0.209652 0.215189 0.220891 0.226760 0.232795 0.238998 0.245372 0.251918 0.258637 0.265529 0.272591 0.279820 0.287212 0.294765 0.302480 0.310369 0.318451 0.326758 0.335332 0.344219 0.353461 0.363077 0.373048 0.383288 0.393627 0.403784 0.413372 0.421908 0.428870 0.433768 0.436234 0.436100 0.433420 0.428456 0.421609 0.413340 0.404093 0.394251 0.384117 0.373909 0.363777 0.353818 0.344092 0.334637 0.325481 0.316647 0.308160 0.300048 0.292344 0.285085 0.278306 0.272048 0.266347 0.261240 0.256761 0.252942 0.249819 0.247426 0.245803 0.244998 0.245067 0.246083 0.248138 0.251352 0.255881 0.261932 0.269781 0.279799 0.292500 0.308603 0.329141 0.355634 0.390401 0.437108 0.501803 0.594987 0.735909 0.961846 1.347211 2.026858 3.080661 3.791736 3.124244 2.113013 1.473406 1.123254 0.924896 0.801508 0.714970 0.647293 0.590783 0.542541 0.501435 0.466704 0.437524 0.412984 0.392188 0.374346 0.358834 0.345207 0.333193 0.322661 0.313582 0.305994 0.299977 0.295638 0.293109 0.292550 0.294160 0.298196 0.304990 0.314973 0.328698 0.346860 0.370292 0.399915 0.436571 0.480640 0.531314 0.585492 0.636764 0.675763 0.693353 0.685711 0.656980 0.616634 0.574414 0.537164 0.508495 0.489832 0.481527 0.483590 0.496012 0.518763 0.551456 0.592598 0.638460 0.682016 0.713280 0.722530 0.705472 0.665913 0.613080 0.556450 0.502509 0.454395 0.412927 0.377723 0.347931 0.322623 0.300950 0.282204 0.265814 0.251333 0.238413 0.226787 0.216252 0.206649 0.197859 0.189786 0.182356 0.175505 0.169182 0.163342 0.157947 0.152960 0.148351 0.144090 0.140151 0.136510 0.133146 0.130039 0.127170 0.124526 0.122090 0.119852 0.117801 0.115927 0.114224 0.112685 0.111306 0.110086 0.109022 0.108115 0.107369 0.106787 0.106377 0.106149 0.106115 0.106293 0.106704 0.107375 0.108341 0.109646 0.111345 0.113511 0.116237 0.119645 0.123895 0.129206 0.135876 0.144321 0.155136 0.169198 0.187832 0.213128 0.248521 0.299979 0.378597 0.506836 0.735575 1.198617 2.323815 5.700345 11.328204 5.699362 2.321843 1.195644 0.731583 0.501803 0.372493 0.292773 0.240177 0.203607 0.177094 0.157199 0.141833 0.129668 0.119828
0.089464 0.090343 0.091022 0.091506 0.091805 0.091940 0.091935 0.091816 0.091613 0.091353 0.091066 0.090774 0.090501 0.090263 0.090077 0.089954 0.089903 0.089930 0.090041 0.090238 0.090522 0.090894 0.091353 0.091899 0.092530 0.093243 0.094037 0.094910 0.095858 0.096881 0.097975 0.099137 0.100366 0.101659 0.103014 0.104428 0.105900 0.107428 0.109011 0.110648 0.112338 0.114081 0.115878 0.117729 0.119636 0.121600 0.123626 0.125715 0.127872 0.130102 0.132408 0.134797 0.137273 0.139843 0.142512 0.145287 0.148174 0.151178 0.154306 0.157562 0.160953 0.164483 0.168156 0.171975 0.175944 0.180066 0.184341 0.188771 0.193356 0.198096 0.202992 0.208043 0.213252 0.218618 0.224146 0.229839 0.235704 0.241745 0.247973 0.254396 0.261023 0.267868 0.274945 0.282272 0.289874 0.297783 0.306042 0.314710 0.323854 0.333555 0.343899 0.354962 0.366797 0.379405 0.392700 0.406469 0.420336 0.433737 0.445934 0.456090 0.463398 0.467248 0.467374 0.463917 0.457365 0.448423 0.437849 0.426324 0.414385 0.402408 0.390629 0.379173 0.368097 0.357413 0.347112 0.337182 0.327618 0.318425 0.309622 0.301238 0.293311 0.285886 0.279008 0.272721 0.267067 0.262084 0.257807 0.254270 0.251509 0.249563 0.248476 0.248305 0.249122 0.251019 0.254119 0.258582 0.264625 0.272537 0.282716 0.295715 0.312319 0.333669 0.361483 0.398434 0.448878 0.520320 0.626598 0.795561 1.089992 1.674483 3.074411 7.239755 14.171060 7.298851 3.192292 1.849317 1.316290 1.062153 0.916679 0.814849 0.731720 0.659760 0.597811 0.545797 0.503040 0.468226 0.439784 0.416202 0.396209 0.378855 0.363512 0.349839 0.337707 0.327128 0.318195 0.311035 0.305794 0.302635 0.301748 0.303377 0.307841 0.315574 0.327172 0.343447 0.365497 0.394783 0.433178 0.482904 0.546150 0.623940 0.713622 0.805011 0.878087 0.909224 0.887335 0.823766 0.742412 0.663582 0.597781 0.548014 0.513653 0.492931 0.484041 0.485444 0.495773 0.513520 0.536583 0.561786 0.584678 0.600047 0.603381 0.592690 0.569349 0.537249 0.500956 0.464230 0.429458 0.397797 0.369573 0.344650 0.322680 0.303255 0.285982 0.270512 0.256555 0.243878 0.232296 0.221666 0.211876 0.202840 0.194490 0.186768 0.179627 0.173023 0.166917 0.161274 0.156061 0.151244 0.146796 0.142689 0.138898 0.135398 0.132170 0.129193 0.126451 0.123929 0.121613 0.119491 0.117554 0.115794 0.114203 0.112778 0.111514 0.110411 0.109468 0.108689 0.108076 0.107637 0.107382 0.107322 0.107473 0.107858 0.108502 0.109439 0.110711 0.112373 0.114494 0.117162 0.120495 0.124646 0.129821 0.136299 0.144468 0.154875 0.168315 0.185970 0.209658 0.242280 0.288660 0.357229 0.463524 0.637753 0.940373 1.481113 2.324910 2.887278 2.323962 1.479210 0.937501 0.633890 0.458644 0.351298 0.281642 0.234132 0.200337 0.175428 0.156503 0.141744 0.129967 0.120379
0.086388 0.087260 0.087974 0.088534 0.088949 0.089233 0.089404 0.089483 0.089491 0.089452 0.089386 0.089314 0.089254 0.089221 0.089230 0.089290 0.089411 0.089599 0.089860 0.090196 0.090610 0.091104 0.091677 0.092330 0.093063 0.093873 0.094759 0.095720 0.096754 0.097859 0.099032 0.100272 0.101575 0.102940 0.104364 0.105844 0.107380 0.108968 0.110607 0.112295 0.114032 0.115817 0.117649 0.119531 0.121462 0.123445 0.125482 0.127576 0.129732 0.131952 0.134242 0.136607 0.139051 0.141582 0.144203 0.146921 0.149741 0.152669 0.155709 0.158866 0.162145 0.165549 0.169082 0.172746 0.176545 0.180479 0.184552 0.188763 0.193115 0.197608 0.202244 0.207025 0.211954 0.217036 0.222277 0.227684 0.233268 0.239040 0.245016 0.251214 0.257654 0.264364 0.271375 0.278727 0.286470 0.294668 0.303400 0.312762 0.322869 0.333855 0.345864 0.359041 0.373511 0.389341 0.406493 0.424757 0.443665 0.462432 0.479933 0.494794 0.505623 0.511339 0.511489 0.506374 0.496930 0.484423 0.470122 0.455073 0.440014 0.425391 0.411420 0.398163 0.385592 0.373639 0.362222 0.351274 0.340746 0.330619 0.320900 0.311617 0.302814 0.294545 0.286866 0.279830 0.273483 0.267869 0.263023 0.258978 0.255767 0.253425 0.251992 0.251522 0.252081 0.253760 0.256678 0.260998 0.266937 0.274789 0.284963 0.298029 0.314797 0.336460 0.364814 0.402682 0.454707 0.529000 0.640820 0.821877 1.147640 1.837482 3.778406 14.163376 14.199524 14.244382 3.942564 2.086683 1.478292 1.218134 1.071939 0.957420 0.850701 0.752479 0.668060 0.599552 0.545748 0.503904 0.471028 0.444487 0.422223 0.402804 0.385374 0.369546 0.355256 0.342621 0.331830 0.323083 0.316571 0.312480 0.311023 0.312471 0.317201 0.325748 0.338888 0.357737 0.383907 0.419726 0.468535 0.535021 0.625367 0.746389 0.901448 1.079319 1.237365 1.305804 1.245920 1.096633 0.927938 0.782687 0.672334 0.593753 0.540364 0.506199 0.486725 0.478623 0.479349 0.486683 0.498335 0.511679 0.523712 0.531371 0.532184 0.524967 0.510130 0.489370 0.464953 0.439020 0.413198 0.388519 0.365513 0.344365 0.325050 0.307432 0.291329 0.276557 0.262948 0.250362 0.238687 0.227836 0.217744 0.208360 0.199639 0.191546 0.184045 0.177102 0.170683 0.164753 0.159280 0.154232 0.149577 0.145286 0.141331 0.137687 0.134330 0.131239 0.128396 0.125783 0.123386 0.121192 0.119189 0.117369 0.115725 0.114251 0.112942 0.111797 0.110816 0.110000 0.109353 0.108881 0.108593 0.108501 0.108620 0.108970 0.109576 0.110470 0.111693 0.113296 0.115343 0.117919 0.121131 0.125120 0.130075 0.136247 0.143979 0.153750 0.166235 0.182414 0.203738 0.232407 0.271847 0.327489 0.408002 0.526777 0.701468 0.941578 1.200920 1.325553 1.200018 0.939764 0.698726 0.523082 0.403321 0.321784 0.265074 0.224518 0.194680 0.172134 0.154677 0.140857 0.129695 0.120516
0.083848 0.084718 0.085463 0.086085 0.086593 0.086997 0.087310 0.087548 0.087728 0.087869 0.087987 0.088099 0.088221 0.088364 0.088542 0.088764 0.089038 0.089371 0.089768 0.090234 0.090770 0.091380 0.092063 0.092821 0.093653 0.094560 0.095540 0.096591 0.097713 0.098904 0.100161 0.101482 0.102865 0.104307 0.105807 0.107360 0.108965 0.110618 0.112319 0.114065 0.115855 0.117687 0.119561 0.121478 0.123438 0.125443 0.127495 0.129597 0.131753 0.133967 0.136244 0.138588 0.141005 0.143500 0.146079 0.148746 0.151508 0.154368 0.157331 0.160402 0.163583 0.166878 0.170290 0.173820 0.177472 0.181246 0.185144 0.189168 0.193319 0.197600 0.202013 0.206563 0.211253 0.216093 0.221090 0.226256 0.231606 0.237158 0.242933 0.248959 0.255269 0.261903 0.268910 0.276351 0.284304 0.292861 0.302141 0.312287 0.323471 0.335898 0.349799 0.365428 0.383037 0.402839 0.424936 0.449212 0.475177 0.501798 0.527375 0.549604 0.565961 0.574393 0.574046 0.565582 0.550872 0.532277 0.511964 0.491529 0.471935 0.453635 0.436735 0.421147 0.406689 0.393156 0.380356 0.368136 0.356393 0.345075 0.334178 0.323734 0.313801 0.304448 0.295748 0.287764 0.280553 0.274159 0.268617 0.263958 0.260206 0.257389 0.255542 0.254708 0.254948 0.256346 0.259015 0.263110 0.268843 0.276506 0.286497 0.299377 0.315946 0.337369 0.365396 0.402754 0.453878 0.526388 0.634299 0.805729 1.103873 1.693975 3.102444 7.280905 14.232494 7.391622 3.332551 2.057549 1.609857 1.436487 1.327183 1.193938 1.034903 0.882652 0.757986 0.663890 0.595164 0.545067 0.507686 0.478435 0.454021 0.432333 0.412273 0.393511 0.376187 0.360645 0.347249 0.336298 0.328022 0.322612 0.320272 0.321276 0.326034 0.335168 0.349623 0.370832 0.400986 0.443464 0.503574 0.589777 0.715612 0.902011 1.176580 1.554206 1.962752 2.161688 1.970646 1.570155 1.200907 0.935200 0.758308 0.642776 0.567801 0.519932 0.490716 0.474723 0.468245 0.468484 0.473036 0.479612 0.485959 0.489992 0.490065 0.485263 0.475523 0.461522 0.444377 0.425314 0.405423 0.385541 0.366228 0.347808 0.330425 0.314101 0.298793 0.284423 0.270915 0.258203 0.246237 0.234987 0.224430 0.214551 0.205335 0.196763 0.188812 0.181456 0.174662 0.168399 0.162630 0.157320 0.152435 0.147943 0.143811 0.140012 0.136519 0.133308 0.130359 0.127652 0.125171 0.122902 0.120832 0.118951 0.117251 0.115726 0.114370 0.113182 0.112159 0.111304 0.110620 0.110111 0.109786 0.109656 0.109735 0.110042 0.110601 0.111441 0.112599 0.114124 0.116074 0.118527 0.121578 0.125355 0.130022 0.135798 0.142973 0.151943 0.163251 0.177653 0.196216 0.220454 0.252522 0.295429 0.353129 0.429973 0.528095 0.640280 0.739211 0.780185 0.738366 0.638580 0.525519 0.426492 0.348704 0.290013 0.246064 0.212897 0.187498 0.167713 0.152024 0.139364 0.128979 0.120327
0.081748 0.082619 0.083391 0.084066 0.084650 0.085152 0.085580 0.085950 0.086272 0.086563 0.086836 0.087104 0.087380 0.087676 0.088002 0.088367 0.088778 0.089243 0.089766 0.090352 0.091004 0.091723 0.092513 0.093374 0.094306 0.095309 0.096383 0.097528 0.098741 0.100021 0.101367 0.102776 0.104245 0.105771 0.107353 0.108986 0.110668 0.112395 0.114166 0.115976 0.117825 0.119711 0.121633 0.123590 0.125583 0.127614 0.129684 0.131797 0.133957 0.136167 0.138433 0.140759 0.143152 0.145616 0.148157 0.150780 0.153490 0.156292 0.159188 0.162184 0.165281 0.168483 0.171791 0.175208 0.178734 0.182371 0.186120 0.189984 0.193963 0.198062 0.202283 0.206633 0.211119 0.215749 0.220537 0.225497 0.230649 0.236017 0.241630 0.247524 0.253742 0.260340 0.267383 0.274955 0.283158 0.292121 0.302002 0.312998 0.325351 0.339358 0.355373 0.373810 0.395131 0.419811 0.448261 0.480664 0.516715 0.555229 0.593725 0.628273 0.654045 0.666813 0.664796 0.649528 0.624998 0.595823 0.565756 0.537138 0.511063 0.487787 0.467110 0.448631 0.431899 0.416491 0.402048 0.388299 0.375064 0.362254 0.349859 0.337927 0.326542 0.315802 0.305804 0.296630 0.288346 0.280997 0.274614 0.269219 0.264826 0.261452 0.259118 0.257856 0.257715 0.258769 0.261119 0.264909 0.270338 0.277680 0.287312 0.299764 0.315779 0.336434 0.363318 0.398850 0.446844 0.513576 0.609884 0.755533 0.988603 1.384773 2.080945 3.160351 3.911688 3.308371 2.399920 1.921634 1.803787 1.864166 1.869627 1.663918 1.347433 1.069010 0.870404 0.737962 0.650632 0.592170 0.551356 0.520506 0.494496 0.470308 0.446683 0.423627 0.401799 0.382003 0.364887 0.350870 0.340184 0.332970 0.329369 0.329609 0.334087 0.343472 0.358841 0.381905 0.415398 0.463766 0.534488 0.640696 0.806649 1.079547 1.553888 2.401184 3.722962 4.605786 3.730246 2.415881 1.576249 1.109946 0.845573 0.688728 0.592277 0.531980 0.494644 0.472613 0.461100 0.456821 0.457268 0.460326 0.464109 0.466959 0.467540 0.464961 0.458844 0.449309 0.436852 0.422192 0.406108 0.389312 0.372375 0.355696 0.339511 0.323930 0.308982 0.294655 0.280931 0.267801 0.255277 0.243380 0.232136 0.221567 0.211687 0.202495 0.193980 0.186118 0.178878 0.172223 0.166114 0.160510 0.155371 0.150658 0.146336 0.142372 0.138735 0.135399 0.132339 0.129535 0.126968 0.124621 0.122482 0.120538 0.118781 0.117204 0.115799 0.114565 0.113500 0.112603 0.111878 0.111328 0.110963 0.110790 0.110824 0.111081 0.111583 0.112358 0.113440 0.114871 0.116705 0.119009 0.121870 0.125396 0.129727 0.135045 0.141586 0.149662 0.159685 0.172202 0.187938 0.207843 0.233122 0.265199 0.305466 0.354559 0.410758 0.467505 0.511942 0.528889 0.511171 0.465950 0.408394 0.351350 0.301365 0.260152 0.227066 0.200709 0.179656 0.162698 0.148884 0.137491 0.127972 0.119918
0.080011 0.080887 0.081684 0.082404 0.083053 0.083635 0.084160 0.084639 0.085080 0.085497 0.085901 0.086302 0.086712 0.087141 0.087598 0.088090 0.088626 0.089211 0.089851 0.090549 0.091310 0.092136 0.093029 0.093991 0.095022 0.096123 0.097294 0.098535 0.099843 0.101218 0.102659 0.104161 0.105723 0.107342 0.109014 0.110736 0.112504 0.114314 0.116163 0.118047 0.119963 0.121910 0.123885 0.125889 0.127920 0.129981 0.132073 0.134200 0.136366 0.138574 0.140832 0.143143 0.145514 0.147950 0.150458 0.153042 0.155707 0.158458 0.161298 0.164230 0.167257 0.170380 0.173601 0.176922 0.180343 0.183864 0.187487 0.191214 0.195047 0.198989 0.203045 0.207223 0.211529 0.215978 0.220583 0.225364 0.230344 0.235554 0.241030 0.246816 0.252967 0.259551 0.266652 0.274374 0.282847 0.292234 0.302739 0.314620 0.328201 0.343892 0.362208 0.383785 0.409404 0.439979 0.476503 0.519873 0.570490 0.627506 0.687689 0.744365 0.787773 0.808323 0.801806 0.772104 0.728497 0.680463 0.634440 0.593485 0.558333 0.528527 0.503160 0.481251 0.461908 0.444377 0.428060 0.412520 0.397478 0.382806 0.368502 0.354651 0.341389 0.328866 0.317217 0.306549 0.296937 0.288424 0.281033 0.274767 0.269625 0.265605 0.262710 0.260955 0.260374 0.261022 0.262988 0.266398 0.271430 0.278332 0.287449 0.299253 0.314409 0.333855 0.358944 0.391662 0.434998 0.493557 0.574574 0.689520 0.856062 1.097763 1.429314 1.799101 2.027068 1.987733 1.854041 1.877445 2.228172 2.961878 3.452986 2.812668 1.903210 1.322325 0.998795 0.816330 0.709990 0.645947 0.605088 0.575388 0.549082 0.521942 0.492873 0.462932 0.433998 0.407747 0.385241 0.366968 0.353050 0.343456 0.338164 0.337275 0.341113 0.350325 0.366046 0.390165 0.425798 0.478200 0.556616 0.678323 0.878390 1.236311 1.961204 3.721764 9.001715 17.801089 9.008454 3.735346 1.981833 1.264285 0.914092 0.722203 0.609158 0.539879 0.497010 0.471130 0.456673 0.450048 0.448697 0.450609 0.454076 0.457599 0.459884 0.459905 0.456976 0.450813 0.441535 0.429603 0.415690 0.400524 0.384751 0.368851 0.353120 0.337698 0.322629 0.307920 0.293582 0.279657 0.266212 0.253332 0.241098 0.229578 0.218813 0.208822 0.199598 0.191119 0.183346 0.176235 0.169737 0.163802 0.158382 0.153429 0.148903 0.144763 0.140975 0.137508 0.134334 0.131430 0.128774 0.126349 0.124140 0.122132 0.120317 0.118685 0.117231 0.115949 0.114839 0.113898 0.113130 0.112537 0.112126 0.111907 0.111890 0.112092 0.112531 0.113232 0.114227 0.115552 0.117255 0.119394 0.122042 0.125292 0.129258 0.134086 0.139960 0.147115 0.155846 0.166525 0.179607 0.195634 0.215194 0.238819 0.266739 0.298410 0.331815 0.362805 0.385326 0.393455 0.384648 0.361433 0.329719 0.295546 0.263050 0.234238 0.209645 0.189036 0.171875 0.157572 0.145585 0.135461 0.126832 0.119404
0.078580 0.079462 0.080283 0.081043 0.081746 0.082397 0.083004 0.083574 0.084117 0.084642 0.085157 0.085674 0.086201 0.086747 0.087320 0.087928 0.088577 0.089272 0.090020 0.090825 0.091690 0.092618 0.093613 0.094674 0.095805 0.097006 0.098276 0.099617 0.101025 0.102502 0.104043 0.105648 0.107312 0.109033 0.110806 0.112627 0.114491 0.116394 0.118332 0.120299 0.122293 0.124309 0.126346 0.128402 0.130477 0.132573 0.134690 0.136833 0.139006 0.141215 0.143464 0.145762 0.148113 0.150524 0.153002 0.155551 0.158178 0.160886 0.163678 0.166558 0.169527 0.172586 0.175737 0.178979 0.182313 0.185739 0.189257 0.192870 0.196578 0.200386 0.204299 0.208326 0.212476 0.216763 0.221206 0.225826 0.230653 0.235721 0.241073 0.246763 0.252856 0.259434 0.266596 0.274467 0.283205 0.293008 0.304128 0.316889 0.331706 0.349124 0.369850 0.394817 0.425245 0.462717 0.509230 0.567121 0.638674 0.724947 0.823190 0.922875 1.003326 1.040089 1.021489 0.958768 0.875965 0.793374 0.721211 0.661993 0.614533 0.576508 0.545595 0.519836 0.497668 0.477870 0.459508 0.441917 0.424693 0.407673 0.390895 0.374529 0.358809 0.343969 0.330204 0.317654 0.306400 0.296475 0.287881 0.280596 0.274589 0.269832 0.266303 0.263993 0.262915 0.263104 0.264627 0.267590 0.272145 0.278507 0.286975 0.297960 0.312023 0.329945 0.352811 0.382150 0.420129 0.469828 0.535562 0.623109 0.739202 0.888653 1.066217 1.244616 1.380566 1.466930 1.586889 1.933746 2.983477 6.387844 12.144579 6.286292 2.771125 1.595946 1.115981 0.887355 0.769973 0.708478 0.675174 0.652540 0.628603 0.597240 0.558486 0.516358 0.475506 0.439151 0.408772 0.384654 0.366507 0.353894 0.346464 0.344078 0.346892 0.355457 0.370865 0.395022 0.431157 0.484812 0.565906 0.693404 0.907116 1.302451 2.157945 4.602476 17.799022 17.801722 17.805286 4.615092 2.177090 1.328379 0.940155 0.733937 0.614348 0.541570 0.496576 0.469307 0.453975 0.446961 0.445788 0.448572 0.453713 0.459732 0.465204 0.468790 0.469369 0.466217 0.459160 0.448592 0.435324 0.420321 0.404450 0.388324 0.372272 0.356398 0.340684 0.325096 0.309646 0.294419 0.279560 0.265234 0.251599 0.238775 0.226838 0.215819 0.205711 0.196479 0.188074 0.180434 0.173494 0.167190 0.161461 0.156250 0.151506 0.147181 0.143236 0.139634 0.136343 0.133337 0.130591 0.128086 0.125805 0.123733 0.121858 0.120172 0.118666 0.117336 0.116178 0.115192 0.114378 0.113740 0.113281 0.113011 0.112940 0.113081 0.113451 0.114073 0.114973 0.116184 0.117746 0.119709 0.122134 0.125095 0.128685 0.133017 0.138228 0.144486 0.151993 0.160984 0.171723 0.184481 0.199488 0.216837 0.236319 0.257186 0.277889 0.295990 0.308504 0.312839 0.307944 0.294851 0.276133 0.254758 0.233150 0.212844 0.194579 0.178558 0.164684 0.152725 0.142412 0.133485 0.125711 0.118897
0.077406 0.078298 0.079140 0.079935 0.080686 0.081397 0.082074 0.082724 0.083353 0.083971 0.084584 0.085202 0.085832 0.086482 0.087159 0.087871 0.088623 0.089422 0.090272 0.091177 0.092143 0.093171 0.094265 0.095427 0.096658 0.097960 0.099334 0.100779 0.102294 0.103878 0.105529 0.107245 0.109022 0.110855 0.112741 0.114674 0.116648 0.118657 0.120696 0.122759 0.124841 0.126938 0.129045 0.131162 0.133287 0.135421 0.137567 0.139728 0.141910 0.144118 0.146360 0.148643 0.150975 0.153362 0.155813 0.158332 0.160925 0.163597 0.166351 0.169189 0.172113 0.175123 0.178219 0.181400 0.184665 0.188015 0.191448 0.194966 0.198570 0.202264 0.206054 0.209948 0.213958 0.218100 0.222394 0.226866 0.231548 0.236481 0.241714 0.247309 0.253341 0.259903 0.267112 0.275112 0.284086 0.294268 0.305958 0.319545 0.335544 0.354643 0.377771 0.406210 0.441741 0.486875 0.545146 0.621461 0.722235 0.854505 1.021728 1.212339 1.382485 1.460374 1.405963 1.258720 1.089874 0.942757 0.828495 0.743327 0.680076 0.632334 0.595298 0.565533 0.540563 0.518540 0.498075 0.478189 0.458308 0.438258 0.418185 0.398434 0.379420 0.361519 0.345015 0.330082 0.316798 0.305168 0.295152 0.286685 0.279694 0.274109 0.269875 0.266954 0.265329 0.265011 0.266044 0.268505 0.272518 0.278262 0.285986 0.296028 0.308848 0.325064 0.345508 0.371293 0.403901 0.445261 0.497766 0.564083 0.646451 0.745066 0.855708 0.969313 1.079956 1.205337 1.417532 1.919602 3.474206 12.149868 12.112134 12.087449 3.348442 1.731570 1.176580 0.937015 0.828368 0.785279 0.774833 0.772180 0.756375 0.716837 0.657821 0.591881 0.529957 0.477492 0.435688 0.403733 0.380259 0.364000 0.354028 0.349815 0.351255 0.358708 0.373114 0.396226 0.431068 0.482833 0.560717 0.681965 0.881620 1.239155 1.963673 3.723855 9.003411 17.802364 9.009269 3.735653 1.981576 1.263404 0.912527 0.719906 0.606113 0.536127 0.492688 0.466530 0.452309 0.446729 0.447583 0.453214 0.462160 0.472905 0.483733 0.492721 0.497975 0.498060 0.492459 0.481723 0.467208 0.450521 0.433012 0.415513 0.398324 0.381383 0.364474 0.347423 0.330211 0.312984 0.296009 0.279585 0.263976 0.249376 0.235891 0.223556 0.212348 0.202209 0.193059 0.184810 0.177373 0.170662 0.164598 0.159111 0.154136 0.149620 0.145512 0.141772 0.138362 0.135252 0.132416 0.129831 0.127478 0.125341 0.123406 0.121664 0.120106 0.118727 0.117521 0.116488 0.115626 0.114939 0.114431 0.114108 0.113979 0.114055 0.114353 0.114891 0.115692 0.116783 0.118200 0.119982 0.122180 0.124854 0.128073 0.131923 0.136503 0.141928 0.148326 0.155836 0.164593 0.174706 0.186215 0.199028 0.212823 0.226943 0.240326 0.251543 0.259038 0.261563 0.258628 0.250699 0.239000 0.225067 0.210310 0.195777 0.182112 0.169630 0.158421 0.148444 0.139593 0.131739 0.124751 0.118507
0.076453 0.077355 0.078219 0.079047 0.079840 0.080603 0.081341 0.082060 0.082765 0.083463 0.084162 0.084869 0.085591 0.086335 0.087107 0.087914 0.088762 0.089657 0.090603 0.091605 0.092667 0.093793 0.094986 0.096249 0.097583 0.098990 0.100471 0.102026 0.103654 0.105355 0.107126 0.108964 0.110866 0.112826 0.114839 0.116898 0.118997 0.121129 0.123285 0.125458 0.127642 0.129831 0.132020 0.134205 0.136387 0.138565 0.140741 0.142922 0.145112 0.147319 0.149551 0.151819 0.154130 0.156493 0.158917 0.161408 0.163973 0.166616 0.169340 0.172147 0.175039 0.178013 0.181070 0.184208 0.187423 0.190716 0.194083 0.197526 0.201045 0.204643 0.208326 0.212103 0.215987 0.219995 0.224149 0.228478 0.233018 0.237815 0.242923 0.248413 0.254367 0.260892 0.268117 0.276206 0.285365 0.295859 0.308034 0.322343 0.339394 0.360018 0.385375 0.417117 0.457665 0.510653 0.581680 0.679573 0.818347 1.019575 1.311638 1.709807 2.140015 2.355357 2.170477 1.769974 1.399989 1.133845 0.955632 0.836535 0.754841 0.696677 0.653521 0.620045 0.592681 0.568809 0.546409 0.524021 0.500836 0.476716 0.452068 0.427596 0.404044 0.382021 0.361929 0.343965 0.328173 0.314494 0.302813 0.292993 0.284896 0.278398 0.273397 0.269815 0.267604 0.266743 0.267248 0.269167 0.272594 0.277667 0.284583 0.293614 0.305117 0.319566 0.337571 0.359913 0.387565 0.421691 0.463576 0.514435 0.575013 0.645045 0.723066 0.807913 0.903906 1.031305 1.246010 1.693855 2.824874 6.287298 12.084300 6.255055 2.763170 1.609999 1.154971 0.958853 0.886826 0.887843 0.931666 0.981268 0.988887 0.927833 0.818850 0.701912 0.601396 0.523379 0.465507 0.423537 0.393728 0.373340 0.360553 0.354290 0.354086 0.360036 0.372832 0.393925 0.425869 0.472984 0.542659 0.647961 0.813098 1.085231 1.558827 2.405369 3.726359 4.608339 3.731876 2.416486 1.575710 1.108131 0.842348 0.683975 0.585931 0.524077 0.485410 0.462579 0.451254 0.448795 0.453498 0.464120 0.479484 0.498101 0.517814 0.535648 0.548159 0.552433 0.547312 0.533938 0.515095 0.493870 0.472568 0.452306 0.433168 0.414624 0.395987 0.376775 0.356900 0.336644 0.316508 0.297025 0.278632 0.261611 0.246090 0.232081 0.219520 0.208296 0.198280 0.189340 0.181351 0.174197 0.167776 0.161998 0.156785 0.152071 0.147798 0.143918 0.140389 0.137176 0.134249 0.131584 0.129159 0.126957 0.124963 0.123165 0.121554 0.120124 0.118869 0.117787 0.116877 0.116141 0.115580 0.115202 0.115012 0.115023 0.115246 0.115697 0.116396 0.117367 0.118637 0.120240 0.122216 0.124610 0.127476 0.130876 0.134876 0.139553 0.144982 0.151235 0.158370 0.166403 0.175288 0.184870 0.194838 0.204689 0.213714 0.221059 0.225865 0.227478 0.225645 0.220589 0.212935 0.203513 0.193156 0.182554 0.172199 0.162391 0.153284 0.144926 0.137305 0.130374 0.124071 0.118330
0.075691 0.076605 0.077490 0.078347 0.079178 0.079988 0.080780 0.081559 0.082331 0.083102 0.083877 0.084663 0.085468 0.086296 0.087155 0.088050 0.088987 0.089972 0.091010 0.092105 0.093262 0.094485 0.095777 0.097141 0.098580 0.100096 0.101690 0.103362 0.105113 0.106940 0.108842 0.110816 0.112857 0.114960 0.117118 0.119322 0.121566 0.123838 0.126130 0.128432 0.130736 0.133032 0.135315 0.137580 0.139825 0.142051 0.144260 0.146459 0.148655 0.150857 0.153077 0.155324 0.157611 0.159948 0.162344 0.164809 0.167349 0.169968 0.172671 0.175459 0.178331 0.181285 0.184320 0.187432 0.190617 0.193872 0.197194 0.200581 0.204033 0.207553 0.211145 0.214818 0.218586 0.222467 0.226485 0.230671 0.235065 0.239717 0.244686 0.250050 0.255900 0.262352 0.269548 0.277666 0.286936 0.297648 0.310186 0.325057 0.342952 0.364827 0.392047 0.426612 0.471555 0.531661 0.614818 0.734708 0.916416 1.208542 1.708167 2.591295 3.962053 4.883448 4.001876 2.669979 1.823713 1.357850 1.095362 0.938484 0.838481 0.770716 0.722294 0.686015 0.657276 0.632541 0.608830 0.583854 0.556397 0.526484 0.495125 0.463765 0.433756 0.406066 0.381222 0.359395 0.340518 0.324400 0.310794 0.299449 0.290134 0.282648 0.276829 0.272551 0.269724 0.268296 0.268249 0.269603 0.272417 0.276790 0.282871 0.290866 0.301045 0.313757 0.329435 0.348613 0.371914 0.400033 0.433671 0.473424 0.519641 0.572363 0.631677 0.699015 0.780050 0.889738 1.060810 1.359251 1.902574 2.761516 3.334733 2.751830 1.887761 1.349734 1.075381 0.958991 0.950163 1.033754 1.202280 1.404072 1.491420 1.354289 1.097666 0.862872 0.691856 0.575267 0.496410 0.442685 0.405988 0.381326 0.365686 0.357316 0.355333 0.359518 0.370260 0.388618 0.416523 0.457176 0.515755 0.600628 0.725260 0.910528 1.183991 1.560493 1.967862 2.165530 1.973093 1.571045 1.200044 0.932359 0.753249 0.635265 0.557657 0.507100 0.475394 0.457548 0.450571 0.452735 0.463104 0.481167 0.506408 0.537700 0.572471 0.605939 0.631330 0.642100 0.635490 0.614340 0.585141 0.554330 0.525932 0.501234 0.479543 0.459187 0.438432 0.416183 0.392276 0.367342 0.342389 0.318386 0.296035 0.275710 0.257523 0.241408 0.227202 0.214701 0.203696 0.193987 0.185396 0.177769 0.170973 0.164894 0.159438 0.154524 0.150086 0.146067 0.142420 0.139105 0.136089 0.133345 0.130849 0.128582 0.126528 0.124675 0.123011 0.121530 0.120226 0.119095 0.118135 0.117347 0.116733 0.116298 0.116048 0.115990 0.116137 0.116501 0.117099 0.117950 0.119077 0.120507 0.122271 0.124402 0.126941 0.129931 0.133415 0.137440 0.142046 0.147264 0.153103 0.159536 0.166482 0.173781 0.181174 0.188289 0.194654 0.199742 0.203051 0.204211 0.203075 0.199751 0.194571 0.188003 0.180546 0.172650 0.164672 0.156861 0.149377 0.142305 0.135682 0.129511 0.123778 0.118457
0.075095 0.076022 0.076927 0.077812 0.078678 0.079530 0.080371 0.081204 0.082036 0.082871 0.083714 0.084573 0.085452 0.086358 0.087296 0.088273 0.089294 0.090365 0.091491 0.092676 0.093926 0.095245 0.096637 0.098105 0.099653 0.101282 0.102995 0.104793 0.106675 0.108641 0.110688 0.112813 0.115012 0.117277 0.119600 0.121973 0.124384 0.126821 0.129273 0.131727 0.134170 0.136592 0.138985 0.141341 0.143658 0.145937 0.148180 0.150395 0.152592 0.154783 0.156981 0.159201 0.161456 0.163761 0.166127 0.168565 0.171082 0.173684 0.176374 0.179153 0.182019 0.184971 0.188002 0.191109 0.194284 0.197523 0.200820 0.204172 0.207577 0.211034 0.214550 0.218131 0.221791 0.225549 0.229431 0.233469 0.237706 0.242196 0.247005 0.252213 0.257921 0.264252 0.271359 0.279433 0.288718 0.299528 0.312272 0.327499 0.345959 0.368699 0.397232 0.433813 0.481941 0.547298 0.639656 0.777034 0.995706 1.377516 2.137246 3.960988 9.396250 18.443039 9.448841 4.065062 2.290316 1.575374 1.232347 1.045167 0.931826 0.857178 0.805125 0.767607 0.739473 0.716090 0.692759 0.665460 0.632126 0.593277 0.551372 0.509436 0.469922 0.434291 0.403115 0.376376 0.353743 0.334763 0.318973 0.305947 0.295319 0.286790 0.280120 0.275125 0.271670 0.269665 0.269058 0.269839 0.272031 0.275698 0.280945 0.287918 0.296814 0.307880 0.321418 0.337782 0.357369 0.380597 0.407867 0.439519 0.475811 0.517005 0.563712 0.617681 0.683149 0.768679 0.888960 1.064118 1.306380 1.570490 1.699723 1.577225 1.325415 1.107997 0.980471 0.947279 1.017996 1.234625 1.689695 2.437623 2.933415 2.392760 1.596077 1.083691 0.794755 0.627168 0.524632 0.458993 0.415795 0.387262 0.369056 0.358737 0.355004 0.357327 0.365781 0.381015 0.404322 0.437805 0.484644 0.549408 0.638191 0.757733 0.911339 1.087727 1.244210 1.310957 1.249199 1.097803 0.926707 0.778709 0.665218 0.583080 0.525736 0.487323 0.463567 0.451678 0.450060 0.458073 0.475858 0.504145 0.543891 0.595418 0.656598 0.720092 0.771697 0.794736 0.781460 0.739991 0.687218 0.637196 0.596506 0.565641 0.541651 0.520236 0.497426 0.470917 0.440617 0.408113 0.375552 0.344719 0.316685 0.291860 0.270215 0.251486 0.235319 0.221348 0.209237 0.198691 0.189462 0.181342 0.174161 0.167779 0.162080 0.156969 0.152369 0.148214 0.144452 0.141038 0.137936 0.135115 0.132549 0.130219 0.128106 0.126197 0.124481 0.122948 0.121594 0.120413 0.119402 0.118563 0.117895 0.117402 0.117090 0.116964 0.117035 0.117313 0.117812 0.118547 0.119537 0.120803 0.122369 0.124260 0.126504 0.129130 0.132167 0.135639 0.139564 0.143948 0.148775 0.154000 0.159534 0.165235 0.170897 0.176250 0.180974 0.184729 0.187205 0.188176 0.187542 0.185351 0.181781 0.177101 0.171612 0.165609 0.159342 0.153009 0.146754 0.140673 0.134828 0.129253 0.123965 0.118967
0.074644 0.075585 0.076511 0.077422 0.078322 0.079212 0.080096 0.080979 0.081865 0.082758 0.083664 0.084588 0.085535 0.086513 0.087525 0.088579 0.089679 0.090832 0.092043 0.093317 0.094659 0.096074 0.097566 0.099141 0.100801 0.102549 0.104389 0.106321 0.108347 0.110465 0.112673 0.114969 0.117345 0.119796 0.122312 0.124880 0.127488 0.130120 0.132762 0.135395 0.138005 0.140576 0.143098 0.145560 0.147959 0.150294 0.152570 0.154796 0.156985 0.159153 0.161317 0.163497 0.165710 0.167974 0.170304 0.172711 0.175206 0.177795 0.180480 0.183263 0.186140 0.189106 0.192155 0.195279 0.198468 0.201715 0.205011 0.208350 0.211727 0.215142 0.218595 0.222095 0.225654 0.229291 0.233032 0.236912 0.240976 0.245282 0.249898 0.254912 0.260430 0.266581 0.273526 0.281467 0.290657 0.301423 0.314192 0.329532 0.348222 0.371355 0.400511 0.438054 0.487679 0.555441 0.651893 0.796888 1.031699 1.454664 2.351983 4.881994 18.442866 18.475724 18.513111 5.021536 2.558181 1.722068 1.351339 1.156950 1.040114 0.962213 0.908017 0.871222 0.847357 0.830322 0.811784 0.783490 0.741256 0.687088 0.627198 0.568097 0.514143 0.467249 0.427653 0.394746 0.367625 0.345371 0.327168 0.312338 0.300338 0.290738 0.283208 0.277497 0.273419 0.270842 0.269683 0.269896 0.271476 0.274452 0.278888 0.284882 0.292569 0.302118 0.313732 0.327643 0.344102 0.363365 0.385674 0.411249 0.440306 0.473149 0.510392 0.553335 0.604452 0.667738 0.748261 0.849399 0.965289 1.069541 1.118045 1.087681 1.007673 0.929941 0.893057 0.925262 1.071412 1.450868 2.455748 5.554801 10.745740 5.515533 2.374471 1.321761 0.884920 0.667280 0.544661 0.469792 0.421811 0.390468 0.370343 0.358452 0.353167 0.353697 0.359843 0.371887 0.390562 0.417076 0.453117 0.500771 0.562123 0.638109 0.726009 0.815568 0.886707 0.915730 0.891482 0.825231 0.740789 0.658369 0.588381 0.533736 0.493745 0.466650 0.450812 0.445171 0.449416 0.464096 0.490762 0.532150 0.592233 0.675589 0.784489 0.910994 1.025038 1.077444 1.041149 0.944156 0.836436 0.748447 0.687677 0.649897 0.626447 0.607333 0.583727 0.550885 0.509479 0.463816 0.418666 0.377263 0.341026 0.310117 0.284061 0.262165 0.243723 0.228110 0.214802 0.203375 0.193489 0.184872 0.177310 0.170630 0.164696 0.159395 0.154639 0.150355 0.146483 0.142975 0.139789 0.136894 0.134261 0.131869 0.129698 0.127734 0.125965 0.124382 0.122977 0.121745 0.120684 0.119792 0.119070 0.118519 0.118145 0.117952 0.117948 0.118142 0.118544 0.119169 0.120031 0.121145 0.122530 0.124205 0.126189 0.128502 0.131160 0.134174 0.137549 0.141278 0.145333 0.149664 0.154188 0.158787 0.163301 0.167531 0.171256 0.174246 0.176295 0.177250 0.177035 0.175659 0.173213 0.169845 0.165739 0.161083 0.156054 0.150804 0.145456 0.140109 0.134837 0.129693 0.124718 0.119938
0.074324 0.075280 0.076226 0.077163 0.078093 0.079019 0.079944 0.080872 0.081806 0.082753 0.083715 0.084699 0.085711 0.086754 0.087836 0.088962 0.090138 0.091370 0.092663 0.094023 0.095457 0.096969 0.098564 0.100248 0.102025 0.103899 0.105874 0.107952 0.110133 0.112420 0.114808 0.117296 0.119877 0.122542 0.125281 0.128079 0.130920 0.133786 0.136654 0.139504 0.142314 0.145065 0.147740 0.150326 0.152816 0.155212 0.157517 0.159744 0.161911 0.164039 0.166150 0.168271 0.170424 0.172633 0.174915 0.177286 0.179757 0.182337 0.185027 0.187826 0.190731 0.193734 0.196824 0.199991 0.203223 0.206505 0.209828 0.213180 0.216553 0.219944 0.223352 0.226781 0.230244 0.233759 0.237352 0.241060 0.244929 0.249020 0.253406 0.258178 0.263447 0.269348 0.276049 0.283756 0.292727 0.303295 0.315887 0.331077 0.349638 0.372653 0.401677 0.439020 0.488256 0.555168 0.649671 0.789978 1.012638 1.399878 2.167007 4.000824 9.449746 18.514833 9.544539 4.190615 2.450436 1.770915 1.457716 1.288312 1.178665 1.098429 1.040702 1.006090 0.993457 0.994699 0.993053 0.968485 0.910579 0.826375 0.732823 0.644336 0.567961 0.505113 0.454508 0.414065 0.381758 0.355888 0.335119 0.318430 0.305047 0.294391 0.286024 0.279621 0.274944 0.271819 0.270128 0.269797 0.270789 0.273104 0.276770 0.281846 0.288418 0.296594 0.306506 0.318303 0.332141 0.348178 0.366564 0.387446 0.410990 0.437442 0.467236 0.501136 0.540333 0.586315 0.640181 0.700980 0.763105 0.814736 0.842033 0.840059 0.819906 0.803395 0.815200 0.885754 1.073391 1.542503 2.960623 10.756544 10.737791 10.722995 2.891752 1.434692 0.921098 0.681667 0.551123 0.472789 0.422994 0.390472 0.369365 0.356456 0.349953 0.348901 0.352897 0.361936 0.376328 0.396636 0.423582 0.457861 0.499740 0.548315 0.600403 0.649518 0.686216 0.701279 0.690793 0.658797 0.614642 0.567922 0.525309 0.490218 0.463863 0.446403 0.437750 0.438069 0.448134 0.469698 0.506024 0.562748 0.649233 0.780207 0.975259 1.245108 1.538984 1.687015 1.562178 1.293390 1.052396 0.891618 0.801121 0.759760 0.746619 0.740156 0.720251 0.676450 0.612969 0.542292 0.475269 0.417227 0.369219 0.330256 0.298750 0.273156 0.252181 0.234808 0.220260 0.207944 0.197409 0.188310 0.180384 0.173423 0.167268 0.161791 0.156891 0.152486 0.148512 0.144914 0.141650 0.138684 0.135987 0.133534 0.131307 0.129289 0.127468 0.125834 0.124378 0.123096 0.121984 0.121039 0.120262 0.119654 0.119218 0.118959 0.118882 0.118995 0.119307 0.119828 0.120570 0.121546 0.122770 0.124256 0.126016 0.128064 0.130408 0.133054 0.135997 0.139224 0.142706 0.146395 0.150219 0.154082 0.157860 0.161408 0.164563 0.167163 0.169060 0.170138 0.170326 0.169607 0.168013 0.165617 0.162524 0.158850 0.154718 0.150245 0.145539 0.140697 0.135802 0.130924 0.126123 0.121443
0.074121 0.075092 0.076058 0.077020 0.077979 0.078939 0.079901 0.080871 0.081851 0.082846 0.083861 0.084901 0.085971 0.087077 0.088224 0.089419 0.090667 0.091975 0.093348 0.094794 0.096319 0.097928 0.099628 0.101425 0.103325 0.105332 0.107451 0.109687 0.112040 0.114513 0.117104 0.119810 0.122625 0.125540 0.128541 0.131612 0.134732 0.137878 0.141022 0.144136 0.147191 0.150160 0.153019 0.155751 0.158347 0.160804 0.163131 0.165344 0.167466 0.169527 0.171557 0.173590 0.175658 0.177789 0.180007 0.182331 0.184776 0.187349 0.190052 0.192884 0.195838 0.198902 0.202064 0.205306 0.208612 0.211964 0.215345 0.218741 0.222138 0.225529 0.228909 0.232281 0.235654 0.239044 0.242479 0.245996 0.249642 0.253480 0.257589 0.262061 0.267014 0.272587 0.278949 0.286311 0.294931 0.305137 0.317349 0.332121 0.350194 0.372592 0.400760 0.436809 0.483917 0.547072 0.634438 0.760085 0.949650 1.252510 1.766838 2.670163 4.068668 5.027963 4.197317 2.931472 2.165295 1.785422 1.597276 1.482177 1.383162 1.290091 1.217808 1.183802 1.196180 1.246018 1.297541 1.293495 1.200894 1.047128 0.884079 0.743171 0.631983 0.547114 0.482696 0.433488 0.395498 0.365849 0.342497 0.323989 0.309286 0.297636 0.288491 0.281450 0.276219 0.272586 0.270399 0.269558 0.270000 0.271697 0.274649 0.278880 0.284439 0.291390 0.299813 0.309799 0.321442 0.334836 0.350073 0.367246 0.386466 0.407888 0.431759 0.458442 0.488388 0.521945 0.558922 0.597872 0.635420 0.666522 0.686667 0.695488 0.699032 0.709116 0.742373 0.823950 1.003079 1.404252 2.423509 5.532213 10.729737 5.504092 2.366221 1.315746 0.880445 0.663818 0.541784 0.467130 0.419014 0.387175 0.366147 0.352862 0.345554 0.343222 0.345348 0.351734 0.362402 0.377503 0.397206 0.421525 0.450047 0.481549 0.513590 0.542358 0.563213 0.572148 0.567592 0.551252 0.527281 0.500490 0.474899 0.453217 0.437035 0.427280 0.424689 0.430226 0.445508 0.473384 0.518906 0.591212 0.707414 0.900991 1.239063 1.843480 2.786734 3.422561 2.817513 1.908345 1.344996 1.059220 0.933554 0.903034 0.927507 0.964385 0.962797 0.894319 0.778807 0.655771 0.549272 0.465120 0.400712 0.351560 0.313666 0.283994 0.260358 0.241210 0.225449 0.212285 0.201145 0.191604 0.183348 0.176135 0.169783 0.164148 0.159118 0.154605 0.150537 0.146858 0.143521 0.140488 0.137729 0.135219 0.132937 0.130866 0.128994 0.127309 0.125803 0.124470 0.123306 0.122309 0.121477 0.120812 0.120316 0.119991 0.119844 0.119879 0.120106 0.120531 0.121165 0.122017 0.123099 0.124422 0.125993 0.127824 0.129917 0.132274 0.134889 0.137747 0.140821 0.144069 0.147434 0.150838 0.154188 0.157371 0.160267 0.162752 0.164709 0.166039 0.166667 0.166549 0.165673 0.164058 0.161749 0.158811 0.155327 0.151388 0.147094 0.142544 0.137833 0.133049 0.128270 0.123559
0.074023 0.075012 0.075998 0.076984 0.077971 0.078962 0.079960 0.080968 0.081991 0.083031 0.084095 0.085187 0.086312 0.087476 0.088685 0.089945 0.091262 0.092644 0.094096 0.095627 0.097242 0.098950 0.100757 0.102671 0.104699 0.106847 0.109122 0.111529 0.114071 0.116752 0.119571 0.122526 0.125612 0.128818 0.132129 0.135526 0.138984 0.142472 0.145955 0.149395 0.152753 0.155991 0.159076 0.161983 0.164698 0.167218 0.169554 0.171727 0.173771 0.175724 0.177631 0.179536 0.181481 0.183502 0.185632 0.187894 0.190304 0.192873 0.195601 0.198483 0.201511 0.204668 0.207935 0.211291 0.214713 0.218175 0.221656 0.225133 0.228588 0.232007 0.235383 0.238712 0.242001 0.245265 0.248529 0.251831 0.255220 0.258761 0.262535 0.266641 0.271199 0.276352 0.282273 0.289171 0.297301 0.306980 0.318611 0.332711 0.349968 0.371306 0.398005 0.431875 0.475549 0.532952 0.610091 0.716365 0.866610 1.083584 1.397388 1.825796 2.298371 2.573352 2.472253 2.187487 1.969944 1.883629 1.872588 1.841688 1.734980 1.583712 1.459103 1.414254 1.478095 1.656422 1.885296 1.972158 1.772569 1.421613 1.101850 0.866913 0.703955 0.590699 0.510274 0.451682 0.407962 0.374671 0.348916 0.328761 0.312883 0.300360 0.290535 0.282935 0.277217 0.273132 0.270500 0.269196 0.269135 0.270267 0.272567 0.276034 0.280687 0.286556 0.293685 0.302124 0.311926 0.323141 0.335822 0.350018 0.365789 0.383213 0.402394 0.423456 0.446487 0.471408 0.497762 0.524466 0.549733 0.571478 0.588378 0.601270 0.614100 0.634153 0.672411 0.745847 0.884069 1.143867 1.627090 2.393791 2.902364 2.370565 1.580084 1.072047 0.786113 0.620502 0.519110 0.453891 0.410429 0.380923 0.360950 0.347904 0.340218 0.336949 0.337545 0.341705 0.349282 0.360192 0.374324 0.391410 0.410869 0.431630 0.452015 0.469799 0.482580 0.488459 0.486748 0.478280 0.465110 0.449824 0.434875 0.422239 0.413394 0.409501 0.411687 0.421382 0.440769 0.473507 0.526089 0.610741 0.752368 1.007448 1.524436 2.777585 6.527326 12.774935 6.565658 2.859383 1.661134 1.219332 1.072669 1.089383 1.221967 1.402627 1.476033 1.328289 1.062862 0.820470 0.642548 0.519283 0.433599 0.372579 0.327824 0.294033 0.267837 0.247043 0.230191 0.216283 0.204621 0.194705 0.186170 0.178745 0.172227 0.166458 0.161318 0.156711 0.152561 0.148808 0.145405 0.142310 0.139493 0.136928 0.134592 0.132470 0.130547 0.128811 0.127255 0.125871 0.124656 0.123606 0.122720 0.121998 0.121442 0.121054 0.120839 0.120801 0.120948 0.121285 0.121821 0.122564 0.123524 0.124709 0.126126 0.127781 0.129680 0.131820 0.134197 0.136799 0.139602 0.142576 0.145674 0.148838 0.151996 0.155063 0.157945 0.160540 0.162748 0.164472 0.165624 0.166132 0.165943 0.165024 0.163371 0.161006 0.157980 0.154370 0.150274 0.145803 0.141071 0.136191 0.131262 0.126369
0.074023 0.075029 0.076036 0.077046 0.078060 0.079081 0.080113 0.081157 0.082219 0.083302 0.084411 0.085551 0.086728 0.087947 0.089214 0.090537 0.091921 0.093374 0.094904 0.096518 0.098224 0.100032 0.101949 0.103984 0.106147 0.108444 0.110886 0.113479 0.116229 0.119142 0.122218 0.125459 0.128858 0.132406 0.136087 0.139878 0.143747 0.147657 0.151562 0.155411 0.159151 0.162727 0.166094 0.169215 0.172068 0.174649 0.176970 0.179065 0.180979 0.182766 0.184488 0.186205 0.187973 0.189840 0.191847 0.194024 0.196390 0.198954 0.201718 0.204674 0.207806 0.211094 0.214512 0.218031 0.221619 0.225244 0.228874 0.232479 0.236035 0.239520 0.242919 0.246225 0.249439 0.252574 0.255652 0.258711 0.261801 0.264990 0.268363 0.272023 0.276095 0.280726 0.286092 0.292399 0.299896 0.308886 0.319744 0.332946 0.349104 0.369027 0.393797 0.424894 0.464369 0.515102 0.581147 0.668150 0.783601 0.936120 1.131536 1.361913 1.589047 1.750085 1.819178 1.857617 1.965456 2.202685 2.511253 2.651904 2.443977 2.070772 1.785497 1.692859 1.848436 2.355165 3.269187 3.872509 3.139681 2.081274 1.397147 1.006599 0.775800 0.630754 0.534227 0.466880 0.418096 0.381713 0.353975 0.332489 0.315674 0.302458 0.292090 0.284039 0.277919 0.273452 0.270436 0.268726 0.268217 0.268843 0.270559 0.273345 0.277196 0.282119 0.288131 0.295252 0.303507 0.312918 0.323506 0.335291 0.348292 0.362529 0.378022 0.394768 0.412709 0.431654 0.451198 0.470662 0.489163 0.505898 0.520667 0.534485 0.550023 0.571848 0.606673 0.664059 0.757542 0.904172 1.113095 1.341637 1.447175 1.322665 1.074907 0.846348 0.679647 0.565905 0.488698 0.435579 0.398497 0.372428 0.354231 0.341923 0.334236 0.330358 0.329771 0.332142 0.337240 0.344872 0.354808 0.366698 0.379990 0.393861 0.407194 0.418667 0.426977 0.431161 0.430908 0.426680 0.419603 0.411171 0.402944 0.396352 0.392650 0.393003 0.398672 0.411290 0.433303 0.468732 0.524686 0.614703 0.767149 1.049880 1.660641 3.399851 12.760177 12.778420 12.805197 3.496991 1.826439 1.316318 1.194915 1.321056 1.729074 2.451062 2.930417 2.375540 1.566877 1.045101 0.748331 0.573593 0.464018 0.391053 0.339910 0.302503 0.274155 0.252025 0.234312 0.219829 0.207770 0.197570 0.188825 0.181240 0.174595 0.168721 0.163492 0.158807 0.154587 0.150771 0.147307 0.144156 0.141284 0.138666 0.136279 0.134105 0.132131 0.130345 0.128739 0.127304 0.126037 0.124934 0.123994 0.123216 0.122601 0.122152 0.121872 0.121765 0.121837 0.122094 0.122543 0.123192 0.124048 0.125118 0.126412 0.127933 0.129686 0.131673 0.133891 0.136332 0.138982 0.141817 0.144808 0.147911 0.151075 0.154235 0.157315 0.160230 0.162885 0.165176 0.166994 0.168232 0.168786 0.168570 0.167526 0.165633 0.162914 0.159440 0.155320 0.150693 0.145705 0.140504 0.135221 0.129966
0.074114 0.075138 0.076166 0.077199 0.078240 0.079290 0.080353 0.081432 0.082531 0.083654 0.084806 0.085991 0.087216 0.088487 0.089810 0.091191 0.092640 0.094162 0.095767 0.097464 0.099262 0.101170 0.103200 0.105360 0.107664 0.110120 0.112741 0.115536 0.118515 0.121686 0.125054 0.128622 0.132386 0.136338 0.140462 0.144730 0.149107 0.153544 0.157982 0.162353 0.166581 0.170593 0.174320 0.177707 0.180721 0.183354 0.185627 0.187583 0.189289 0.190824 0.192271 0.193714 0.195229 0.196879 0.198716 0.200776 0.203081 0.205642 0.208456 0.211512 0.214788 0.218256 0.221881 0.225624 0.229444 0.233296 0.237140 0.240935 0.244646 0.248243 0.251702 0.255011 0.258164 0.261168 0.264044 0.266827 0.269570 0.272341 0.275231 0.278350 0.281829 0.285821 0.290504 0.296084 0.302801 0.310942 0.320852 0.332957 0.347791 0.366038 0.388586 0.416597 0.451605 0.495625 0.551260 0.621724 0.710585 0.820828 0.952682 1.100356 1.251021 1.393822 1.541937 1.754538 2.151008 2.924141 4.187918 5.040543 4.175634 2.916850 2.197637 1.976342 2.241930 3.414315 7.358806 14.050579 7.214180 3.103565 1.713931 1.129064 0.831868 0.659883 0.550897 0.477173 0.424853 0.386375 0.357318 0.334956 0.317524 0.303845 0.293106 0.284731 0.278311 0.273546 0.270216 0.268161 0.267267 0.267450 0.268654 0.270841 0.273991 0.278093 0.283144 0.289145 0.296101 0.304012 0.312881 0.322702 0.333470 0.345168 0.357771 0.371224 0.385422 0.400182 0.415211 0.430119 0.444492 0.458074 0.471025 0.484203 0.499363 0.519253 0.547605 0.589008 0.648257 0.727869 0.821500 0.904016 0.934072 0.888653 0.790709 0.681573 0.586480 0.512051 0.456264 0.415059 0.384761 0.362586 0.346561 0.335317 0.327915 0.323710 0.322257 0.323237 0.326400 0.331515 0.338324 0.346486 0.355543 0.364887 0.373781 0.381422 0.387073 0.390223 0.390733 0.388896 0.385385 0.381131 0.377177 0.374576 0.374365 0.377614 0.385563 0.399847 0.422879 0.458540 0.513521 0.600223 0.743713 1.000629 1.519607 2.775136 6.528009 12.780120 6.577876 2.883541 1.707402 1.310695 1.266942 1.552305 2.508004 5.585830 10.773489 5.512609 2.351127 1.286718 0.841228 0.616110 0.486361 0.404233 0.348512 0.308641 0.278886 0.255912 0.237669 0.222840 0.210543 0.200173 0.191301 0.183615 0.176885 0.170939 0.165645 0.160899 0.156623 0.152752 0.149235 0.146032 0.143109 0.140440 0.138003 0.135779 0.133754 0.131918 0.130260 0.128774 0.127455 0.126299 0.125305 0.124471 0.123799 0.123290 0.122947 0.122775 0.122778 0.122962 0.123334 0.123900 0.124670 0.125649 0.126846 0.128268 0.129921 0.131810 0.133936 0.136299 0.138892 0.141707 0.144725 0.147922 0.151265 0.154709 0.158195 0.161648 0.164975 0.168058 0.170760 0.172922 0.174378 0.174968 0.174565 0.173092 0.170547 0.167003 0.162601 0.157527 0.151988 0.146183 0.140290 0.134451
0.074290 0.075334 0.076383 0.077440 0.078506 0.079585 0.080678 0.081789 0.082923 0.084083 0.085275 0.086503 0.087774 0.089093 0.090468 0.091906 0.093416 0.095006 0.096685 0.098463 0.100352 0.102362 0.104506 0.106796 0.109246 0.111870 0.114682 0.117697 0.120928 0.124387 0.128085 0.132028 0.136217 0.140648 0.145304 0.150157 0.155164 0.160267 0.165388 0.170435 0.175304 0.179887 0.184083 0.187810 0.191017 0.193689 0.195855 0.197580 0.198962 0.200115 0.201157 0.202204 0.203359 0.204704 0.206305 0.208204 0.210427 0.212984 0.215867 0.219059 0.222529 0.226239 0.230144 0.234191 0.238325 0.242490 0.246631 0.250693 0.254630 0.258400 0.261970 0.265317 0.268428 0.271304 0.273960 0.276429 0.278764 0.281038 0.283347 0.285810 0.288568 0.291782 0.295637 0.300339 0.306122 0.313256 0.322055 0.332894 0.346232 0.362633 0.382808 0.407648 0.438273 0.476069 0.522693 0.580005 0.649833 0.733497 0.831171 0.941761 1.065125 1.209398 1.405956 1.738703 2.426239 4.145098 9.375221 18.124215 9.399966 4.217467 2.606565 2.169158 2.453758 4.121158 14.149747 14.058973 13.994861 3.784177 1.866489 1.180268 0.853746 0.670877 0.557120 0.481041 0.427447 0.388224 0.358699 0.336017 0.318348 0.304473 0.293554 0.285002 0.278394 0.273419 0.269851 0.267521 0.266304 0.266111 0.266872 0.268542 0.271085 0.274481 0.278710 0.283763 0.289628 0.296292 0.303744 0.311964 0.320928 0.330604 0.340944 0.351878 0.363303 0.375070 0.386986 0.398836 0.410439 0.421755 0.433011 0.444833 0.458312 0.474999 0.496772 0.525499 0.562284 0.605933 0.650658 0.684725 0.694167 0.672379 0.625994 0.569046 0.513410 0.465123 0.425753 0.394692 0.370641 0.352286 0.338523 0.328496 0.321562 0.317244 0.315187 0.315114 0.316791 0.319995 0.324482 0.329958 0.336060 0.342353 0.348345 0.353539 0.357503 0.359958 0.360852 0.360388 0.359006 0.357324 0.356076 0.356053 0.358103 0.363161 0.372352 0.387167 0.409755 0.443448 0.493716 0.570059 0.689914 0.887074 1.229003 1.837992 2.787187 3.431417 2.839238 1.951382 1.426317 1.215821 1.255124 1.642879 3.016793 10.807455 10.768578 10.739649 2.872602 1.402349 0.879761 0.632779 0.495172 0.409758 0.352517 0.311890 0.281739 0.258548 0.240179 0.225272 0.212921 0.202508 0.193598 0.185875 0.179108 0.173123 0.167787 0.162999 0.158678 0.154761 0.151198 0.147947 0.144976 0.142258 0.139771 0.137497 0.135422 0.133535 0.131825 0.130287 0.128915 0.127706 0.126657 0.125767 0.125038 0.124471 0.124068 0.123834 0.123773 0.123890 0.124194 0.124690 0.125388 0.126295 0.127421 0.128775 0.130366 0.132203 0.134295 0.136650 0.139272 0.142165 0.145329 0.148760 0.152444 0.156360 0.160467 0.164705 0.168982 0.173164 0.177073 0.180484 0.183136 0.184763 0.185128 0.184077 0.181570 0.177700 0.172669 0.166756 0.160265 0.153482 0.146646 0.139942
0.074548 0.075612 0.076683 0.077763 0.078855 0.079961 0.081083 0.082226 0.083393 0.084588 0.085817 0.087085 0.088398 0.089763 0.091187 0.092680 0.094248 0.095902 0.097653 0.099512 0.101490 0.103602 0.105862 0.108285 0.110888 0.113688 0.116704 0.119956 0.123462 0.127242 0.131311 0.135684 0.140370 0.145368 0.150667 0.156240 0.162038 0.167991 0.174000 0.179940 0.185664 0.191016 0.195844 0.200019 0.203461 0.206145 0.208113 0.209465 0.210345 0.210922 0.211368 0.211845 0.212489 0.213409 0.214684 0.216365 0.218478 0.221030 0.224006 0.227380 0.231109 0.235143 0.239421 0.243875 0.248433 0.253021 0.257566 0.261998 0.266253 0.270278 0.274024 0.277459 0.280558 0.283314 0.285733 0.287844 0.289699 0.291376 0.292980 0.294644 0.296523 0.298793 0.301649 0.305303 0.309986 0.315951 0.323485 0.332915 0.344627 0.359082 0.376839 0.398572 0.425096 0.457371 0.496492 0.543638 0.599976 0.666575 0.744515 0.835753 0.945757 1.089688 1.306038 1.692131 2.530252 4.949722 18.071834 18.082957 18.116902 5.061914 2.765115 2.172495 2.321743 3.450420 7.376357 14.059571 7.218998 3.106281 1.715578 1.130176 0.832727 0.660637 0.551619 0.477897 0.425587 0.387109 0.358036 0.335631 0.318125 0.304334 0.293439 0.284860 0.278178 0.273088 0.269360 0.266823 0.265351 0.264845 0.265234 0.266462 0.268488 0.271281 0.274814 0.279065 0.284016 0.289645 0.295929 0.302841 0.310349 0.318411 0.326975 0.335972 0.345313 0.354887 0.364571 0.374247 0.383841 0.393384 0.403070 0.413308 0.424736 0.438164 0.454432 0.474125 0.497089 0.521748 0.544484 0.559848 0.562454 0.550005 0.524868 0.492526 0.458569 0.426822 0.399137 0.376008 0.357217 0.342275 0.330645 0.321842 0.315460 0.311171 0.308707 0.307849 0.308396 0.310153 0.312910 0.316429 0.320432 0.324610 0.328633 0.332186 0.335010 0.336953 0.338006 0.338320 0.338204 0.338093 0.338520 0.340096 0.343502 0.349527 0.359131 0.373571 0.394602 0.424800 0.468108 0.530728 0.622512 0.758644 0.959196 1.235474 1.537545 1.696876 1.588800 1.346677 1.151247 1.074501 1.153174 1.492038 2.473812 5.565558 10.761243 5.505313 2.347063 1.284873 0.840971 0.617027 0.488167 0.406723 0.351534 0.312076 0.282638 0.259905 0.241840 0.227135 0.214919 0.204594 0.195736 0.188040 0.181281 0.175289 0.169935 0.165121 0.160767 0.156813 0.153208 0.149913 0.146896 0.144129 0.141593 0.139269 0.137142 0.135202 0.133440 0.131849 0.130423 0.129159 0.128054 0.127109 0.126323 0.125698 0.125237 0.124943 0.124822 0.124880 0.125123 0.125559 0.126198 0.127050 0.128125 0.129437 0.130998 0.132824 0.134931 0.137337 0.140059 0.143119 0.146535 0.150327 0.154511 0.159091 0.164059 0.169375 0.174958 0.180663 0.186262 0.191439 0.195793 0.198881 0.200289 0.199725 0.197092 0.192525 0.186354 0.179024 0.171005 0.162719 0.154493 0.146561
0.074885 0.075970 0.077063 0.078168 0.079285 0.080417 0.081567 0.082740 0.083938 0.085166 0.086430 0.087735 0.089088 0.090495 0.091966 0.093509 0.095133 0.096849 0.098669 0.100605 0.102673 0.104886 0.107263 0.109821 0.112581 0.115566 0.118798 0.122304 0.126110 0.130243 0.134730 0.139595 0.144858 0.150529 0.156606 0.163068 0.169866 0.176916 0.184095 0.191236 0.198130 0.204546 0.210250 0.215039 0.218779 0.221428 0.223051 0.223802 0.223906 0.223616 0.223185 0.222838 0.222761 0.223090 0.223922 0.225310 0.227279 0.229826 0.232928 0.236545 0.240619 0.245083 0.249858 0.254854 0.259979 0.265134 0.270224 0.275160 0.279856 0.284242 0.288255 0.291847 0.294981 0.297633 0.299801 0.301505 0.302792 0.303747 0.304489 0.305169 0.305968 0.307085 0.308734 0.311140 0.314535 0.319160 0.325277 0.333168 0.343157 0.355614 0.370973 0.389744 0.412522 0.439992 0.472922 0.512161 0.558644 0.613500 0.678424 0.756669 0.855283 0.989868 1.195047 1.551345 2.269725 4.019265 9.275094 18.042393 9.327310 4.141195 2.502896 1.978036 1.974041 2.414758 3.299040 3.888109 3.148163 2.086120 1.400135 1.008661 0.777434 0.632222 0.535658 0.468330 0.419574 0.383202 0.355435 0.333867 0.316906 0.303468 0.292792 0.284333 0.277693 0.272578 0.268767 0.266093 0.264428 0.263675 0.263757 0.264616 0.266206 0.268490 0.271435 0.275015 0.279202 0.283972 0.289295 0.295140 0.301470 0.308244 0.315409 0.322903 0.330656 0.338586 0.346613 0.354669 0.362727 0.370827 0.379103 0.387802 0.397266 0.407878 0.419949 0.433532 0.448174 0.462655 0.474888 0.482243 0.482410 0.474480 0.459444 0.439708 0.418030 0.396660 0.377021 0.359802 0.345194 0.333114 0.323356 0.315682 0.309856 0.305670 0.302937 0.301491 0.301175 0.301829 0.303284 0.305354 0.307832 0.310499 0.313133 0.315530 0.317534 0.319063 0.320131 0.320856 0.321465 0.322278 0.323694 0.326185 0.330295 0.336664 0.346070 0.359508 0.378302 0.404275 0.439969 0.488908 0.555723 0.645578 0.761329 0.895709 1.019554 1.085042 1.067357 0.998460 0.935659 0.923621 0.998385 1.213750 1.666842 2.413607 2.907591 2.361906 1.559340 1.041801 0.748092 0.575635 0.467798 0.396176 0.346079 0.309484 0.281762 0.260105 0.242739 0.228498 0.216593 0.206476 0.197754 0.190143 0.183433 0.177462 0.172111 0.167284 0.162907 0.158922 0.155279 0.151942 0.148879 0.146065 0.143478 0.141102 0.138923 0.136929 0.135112 0.133466 0.131984 0.130663 0.129503 0.128500 0.127657 0.126975 0.126457 0.126106 0.125929 0.125930 0.126119 0.126503 0.127094 0.127904 0.128946 0.130237 0.131795 0.133642 0.135804 0.138309 0.141193 0.144494 0.148256 0.152531 0.157369 0.162819 0.168916 0.175666 0.183021 0.190841 0.198855 0.206623 0.213533 0.218845 0.221822 0.221910 0.218911 0.213051 0.204912 0.195254 0.184838 0.174292 0.164064 0.154430
0.075300 0.076406 0.077523 0.078652 0.079794 0.080952 0.082130 0.083331 0.084558 0.085817 0.087114 0.088453 0.089843 0.091290 0.092804 0.094393 0.096070 0.097844 0.099730 0.101741 0.103895 0.106208 0.108701 0.111396 0.114317 0.117492 0.120951 0.124728 0.128857 0.133378 0.138331 0.143754 0.149684 0.156151 0.163170 0.170734 0.178800 0.187281 0.196025 0.204811 0.213345 0.221277 0.228240 0.233903 0.238038 0.240572 0.241605 0.241391 0.240285 0.238683 0.236957 0.235426 0.234333 0.233850 0.234082 0.235082 0.236865 0.239413 0.242687 0.246628 0.251160 0.256195 0.261628 0.267346 0.273226 0.279140 0.284964 0.290579 0.295879 0.300769 0.305171 0.309018 0.312256 0.314843 0.316755 0.317996 0.318608 0.318681 0.318352 0.317804 0.317257 0.316949 0.317128 0.318040 0.319926 0.323020 0.327559 0.333789 0.341974 0.352408 0.365423 0.381404 0.400789 0.424081 0.451852 0.484769 0.523651 0.569638 0.624561 0.691745 0.777560 0.894390 1.066419 1.341568 1.815671 2.661853 3.984170 4.877706 4.034830 2.775109 2.017901 1.678434 1.607327 1.721929 1.919554 1.990591 1.782817 1.427602 1.105652 0.869646 0.706219 0.592814 0.512394 0.453866 0.410212 0.376953 0.351165 0.330897 0.314808 0.301959 0.291677 0.283471 0.276978 0.271925 0.268105 0.265358 0.263562 0.262621 0.262459 0.263017 0.264245 0.266104 0.268559 0.271578 0.275132 0.279191 0.283725 0.288700 0.294080 0.299822 0.305880 0.312201 0.318727 0.325399 0.332161 0.338973 0.345820 0.352732 0.359790 0.367125 0.374903 0.383274 0.392302 0.401857 0.411501 0.420403 0.427373 0.431076 0.430437 0.425059 0.415412 0.402658 0.388233 0.373454 0.359299 0.346371 0.334968 0.325182 0.316983 0.310279 0.304957 0.300894 0.297972 0.296075 0.295085 0.294882 0.295337 0.296308 0.297646 0.299195 0.300805 0.302346 0.303722 0.304890 0.305876 0.306774 0.307758 0.309068 0.311007 0.313941 0.318296 0.324574 0.333378 0.345453 0.361734 0.383413 0.411976 0.449185 0.496820 0.555901 0.624960 0.697361 0.759769 0.796713 0.802293 0.787612 0.774507 0.785253 0.839535 0.955643 1.141687 1.353189 1.445513 1.310023 1.052926 0.816440 0.642851 0.522855 0.439684 0.380618 0.337389 0.304787 0.279504 0.259398 0.243047 0.229483 0.218036 0.208226 0.199710 0.192233 0.185603 0.179678 0.174344 0.169514 0.165120 0.161107 0.157429 0.154050 0.150941 0.148077 0.145438 0.143008 0.140773 0.138723 0.136849 0.135145 0.133605 0.132226 0.131007 0.129946 0.129045 0.128305 0.127730 0.127323 0.127091 0.127040 0.127179 0.127518 0.128070 0.128848 0.129870 0.131156 0.132731 0.134625 0.136872 0.139516 0.142609 0.146213 0.150405 0.155272 0.160916 0.167448 0.174977 0.183592 0.193325 0.204091 0.215606 0.227298 0.238233 0.247158 0.252713 0.253809 0.250032 0.241817 0.230271 0.216775 0.202596 0.188677 0.175599 0.163649
0.075792 0.076922 0.078063 0.079216 0.080384 0.081568 0.082772 0.084000 0.085255 0.086543 0.087869 0.089240 0.090663 0.092147 0.093699 0.095332 0.097056 0.098885 0.100833 0.102916 0.105152 0.107562 0.110170 0.113000 0.116084 0.119454 0.123148 0.127209 0.131684 0.136626 0.142092 0.148143 0.154841 0.162244 0.170397 0.179324 0.189007 0.199366 0.210230 0.221314 0.232203 0.242367 0.251212 0.258180 0.262869 0.265144 0.265172 0.263386 0.260376 0.256768 0.253123 0.249886 0.247373 0.245780 0.245213 0.245708 0.247258 0.249820 0.253330 0.257705 0.262846 0.268637 0.274946 0.281624 0.288511 0.295442 0.302250 0.308781 0.314898 0.320484 0.325440 0.329682 0.333133 0.335722 0.337393 0.338120 0.337925 0.336902 0.335218 0.333107 0.330851 0.328754 0.327118 0.326224 0.326330 0.327668 0.330454 0.334894 0.341200 0.349597 0.360335 0.373695 0.390001 0.409627 0.433010 0.460689 0.493370 0.532077 0.578435 0.635188 0.707076 0.802239 0.934296 1.124748 1.402256 1.783281 2.198128 2.410029 2.242660 1.879536 1.564988 1.376174 1.300918 1.303068 1.328863 1.310937 1.210870 1.053153 0.888092 0.746248 0.634711 0.549802 0.485489 0.436427 0.398566 0.368985 0.345612 0.326969 0.311997 0.299924 0.290181 0.282342 0.276088 0.271174 0.267410 0.264650 0.262780 0.261706 0.261358 0.261676 0.262610 0.264120 0.266170 0.268726 0.271757 0.275233 0.279122 0.283391 0.288003 0.292920 0.298100 0.303498 0.309068 0.314763 0.320543 0.326379 0.332261 0.338201 0.344239 0.350436 0.356855 0.363529 0.370420 0.377357 0.383992 0.389784 0.394040 0.396050 0.395273 0.391524 0.385046 0.376442 0.366499 0.355999 0.345593 0.335743 0.326738 0.318727 0.311764 0.305846 0.300934 0.296972 0.293892 0.291623 0.290086 0.289194 0.288854 0.288964 0.289416 0.290104 0.290926 0.291796 0.292659 0.293494 0.294329 0.295243 0.296369 0.297889 0.300036 0.303090 0.307379 0.313286 0.321258 0.331827 0.345616 0.363352 0.385828 0.413804 0.447745 0.487326 0.530682 0.573726 0.610458 0.635308 0.646868 0.649936 0.653850 0.668968 0.703906 0.762864 0.839719 0.908814 0.928002 0.873533 0.767857 0.651977 0.550840 0.470795 0.409581 0.362934 0.327005 0.298862 0.276400 0.258129 0.242998 0.230258 0.219370 0.209940 0.201678 0.194367 0.187842 0.181975 0.176667 0.171840 0.167432 0.163390 0.159676 0.156253 0.153095 0.150179 0.147485 0.144998 0.142704 0.140594 0.138659 0.136894 0.135292 0.133853 0.132572 0.131451 0.130490 0.129692 0.129059 0.128596 0.128310 0.128209 0.128301 0.128599 0.129116 0.129870 0.130881 0.132174 0.133781 0.135738 0.138092 0.140902 0.144240 0.148196 0.152882 0.158436 0.165027 0.172854 0.182143 0.193128 0.206010 0.220869 0.237523 0.255312 0.272871 0.288049 0.298211 0.301073 0.295719 0.283080 0.265453 0.245487 0.225343 0.206394 0.189305 0.174262
0.076362 0.077517 0.078683 0.079862 0.081055 0.082265 0.083495 0.084749 0.086030 0.087345 0.088698 0.090098 0.091551 0.093066 0.094654 0.096326 0.098093 0.099971 0.101976 0.104125 0.106439 0.108942 0.111660 0.114624 0.117869 0.121435 0.125369 0.129724 0.134563 0.139955 0.145981 0.152730 0.160300 0.168791 0.178301 0.188908 0.200650 0.213486 0.227252 0.241603 0.255967 0.269532 0.281317 0.290338 0.295858 0.297610 0.295899 0.291500 0.285435 0.278725 0.272219 0.266529 0.262038 0.258948 0.257333 0.257187 0.258456 0.261059 0.264896 0.269853 0.275802 0.282598 0.290071 0.298031 0.306270 0.314565 0.322697 0.330461 0.337681 0.344216 0.349950 0.354785 0.358618 0.361338 0.362828 0.363003 0.361843 0.359437 0.355998 0.351844 0.347365 0.342971 0.339049 0.335940 0.333925 0.333237 0.334064 0.336574 0.340923 0.347271 0.355793 0.366686 0.380180 0.396548 0.416121 0.439321 0.466720 0.499142 0.537843 0.584782 0.643005 0.717073 0.813298 0.938933 1.098117 1.280758 1.445774 1.525305 1.482607 1.358311 1.223797 1.122430 1.063412 1.035549 1.016583 0.982056 0.918612 0.831475 0.736504 0.647461 0.571008 0.508322 0.457978 0.417804 0.385715 0.359970 0.339205 0.322371 0.308673 0.297506 0.288409 0.281027 0.275087 0.270376 0.266726 0.264007 0.262111 0.260957 0.260474 0.260607 0.261309 0.262537 0.264257 0.266436 0.269041 0.272041 0.275406 0.279104 0.283099 0.287357 0.291841 0.296512 0.301331 0.306261 0.311272 0.316339 0.321451 0.326606 0.331819 0.337107 0.342479 0.347915 0.353341 0.358600 0.363435 0.367492 0.370355 0.371625 0.371011 0.368416 0.363969 0.357999 0.350955 0.343310 0.335491 0.327837 0.320590 0.313908 0.307881 0.302552 0.297933 0.294013 0.290768 0.288161 0.286147 0.284671 0.283669 0.283072 0.282806 0.282797 0.282978 0.283295 0.283713 0.284227 0.284862 0.285684 0.286794 0.288332 0.290476 0.293437 0.297462 0.302835 0.309876 0.318948 0.330447 0.344786 0.362347 0.383383 0.407844 0.435132 0.463831 0.491632 0.515744 0.533974 0.546049 0.554232 0.562699 0.576028 0.597493 0.627185 0.659821 0.683662 0.684475 0.655315 0.602512 0.539845 0.478969 0.425722 0.381494 0.345520 0.316367 0.292604 0.273026 0.256687 0.242866 0.231021 0.220745 0.211731 0.203749 0.196620 0.190207 0.184402 0.179121 0.174296 0.169870 0.165798 0.162042 0.158572 0.155361 0.152387 0.149633 0.147084 0.144727 0.142552 0.140552 0.138721 0.137054 0.135549 0.134205 0.133020 0.131996 0.131137 0.130445 0.129925 0.129586 0.129434 0.129481 0.129740 0.130226 0.130960 0.131965 0.133271 0.134917 0.136947 0.139420 0.142412 0.146015 0.150352 0.155577 0.161889 0.169541 0.178857 0.190233 0.204145 0.221110 0.241601 0.265819 0.293289 0.322225 0.348955 0.368122 0.374481 0.365788 0.344298 0.315263 0.284051 0.254340 0.227920 0.205271 0.186192
0.077013 0.078195 0.079387 0.080592 0.081812 0.083047 0.084302 0.085581 0.086887 0.088226 0.089604 0.091029 0.092508 0.094052 0.095670 0.097375 0.099180 0.101101 0.103156 0.105366 0.107752 0.110341 0.113164 0.116256 0.119657 0.123417 0.127591 0.132245 0.137459 0.143323 0.149948 0.157459 0.166002 0.175742 0.186854 0.199512 0.213859 0.229963 0.247731 0.266803 0.286429 0.305376 0.321984 0.334442 0.341306 0.342034 0.337213 0.328332 0.317249 0.305670 0.294876 0.285667 0.278453 0.273374 0.270414 0.269475 0.270425 0.273118 0.277408 0.283145 0.290168 0.298298 0.307325 0.317009 0.327072 0.337215 0.347139 0.356566 0.365271 0.373087 0.379899 0.385608 0.390092 0.393177 0.394643 0.394279 0.391970 0.387782 0.381997 0.375084 0.367622 0.360199 0.353340 0.347467 0.342895 0.339845 0.338473 0.338893 0.341198 0.345480 0.351841 0.360400 0.371306 0.384745 0.400952 0.420239 0.443030 0.469925 0.501787 0.539855 0.585840 0.641921 0.710410 0.792644 0.886498 0.982515 1.061589 1.101101 1.090908 1.043029 0.981512 0.925810 0.883752 0.853057 0.825454 0.791636 0.746311 0.690619 0.630167 0.571069 0.517420 0.470968 0.431841 0.399361 0.372573 0.350522 0.332363 0.317393 0.305043 0.294858 0.286477 0.279615 0.274046 0.269589 0.266101 0.263466 0.261591 0.260399 0.259829 0.259827 0.260349 0.261357 0.262814 0.264689 0.266950 0.269568 0.272513 0.275753 0.279257 0.282992 0.286925 0.291023 0.295253 0.299586 0.303994 0.308457 0.312960 0.317496 0.322061 0.326651 0.331248 0.335814 0.340269 0.344483 0.348270 0.351393 0.353594 0.354631 0.354332 0.352635 0.349606 0.345423 0.340345 0.334662 0.328652 0.322558 0.316574 0.310847 0.305480 0.300543 0.296081 0.292119 0.288665 0.285714 0.283248 0.281241 0.279654 0.278443 0.277561 0.276958 0.276591 0.276424 0.276437 0.276632 0.277031 0.277685 0.278674 0.280103 0.282105 0.284838 0.288483 0.293245 0.299346 0.307024 0.316518 0.328046 0.341763 0.357693 0.375632 0.395041 0.414973 0.434135 0.451160 0.465101 0.475929 0.484715 0.493317 0.503651 0.516772 0.531960 0.546062 0.553785 0.549700 0.531370 0.500993 0.463882 0.425466 0.389421 0.357463 0.329963 0.306599 0.286792 0.269929 0.255462 0.242936 0.231986 0.222325 0.213729 0.206023 0.199071 0.192763 0.187014 0.181751 0.176918 0.172467 0.168356 0.164552 0.161027 0.157756 0.154718 0.151898 0.149280 0.146854 0.144609 0.142538 0.140636 0.138899 0.137324 0.135910 0.134658 0.133568 0.132644 0.131890 0.131312 0.130917 0.130714 0.130715 0.130935 0.131391 0.132105 0.133106 0.134427 0.136113 0.138218 0.140812 0.143987 0.147860 0.152585 0.158365 0.165468 0.174254 0.185200 0.198944 0.216325 0.238408 0.266454 0.301697 0.344704 0.393952 0.443631 0.482344 0.496633 0.480147 0.439244 0.387386 0.335975 0.290825 0.253462 0.223321 0.199168
0.077747 0.078958 0.080179 0.081411 0.082657 0.083919 0.085199 0.086501 0.087830 0.089191 0.090591 0.092038 0.093539 0.095106 0.096749 0.098481 0.100318 0.102276 0.104374 0.106635 0.109085 0.111752 0.114671 0.117882 0.121432 0.125378 0.129787 0.134738 0.140329 0.146678 0.153928 0.162251 0.171858 0.182999 0.195965 0.211083 0.228689 0.249073 0.272366 0.298342 0.326138 0.353951 0.378921 0.397550 0.406802 0.405471 0.394816 0.377926 0.358356 0.339019 0.321780 0.307562 0.296654 0.288992 0.284354 0.282472 0.283082 0.285950 0.290868 0.297646 0.306093 0.315998 0.327111 0.339126 0.351679 0.364357 0.376733 0.388420 0.399117 0.408644 0.416921 0.423900 0.429466 0.433358 0.435161 0.434407 0.430761 0.424211 0.415164 0.404371 0.392755 0.381214 0.370487 0.361106 0.353409 0.347587 0.343731 0.341879 0.342044 0.344238 0.348485 0.354827 0.363337 0.374120 0.387323 0.403154 0.421894 0.443934 0.469802 0.500185 0.535907 0.577794 0.626314 0.680865 0.738673 0.793759 0.837251 0.860497 0.860037 0.840104 0.809787 0.777691 0.748469 0.722361 0.696638 0.667826 0.633830 0.594962 0.553463 0.512177 0.473423 0.438566 0.408108 0.381982 0.359820 0.341141 0.325453 0.312306 0.301309 0.292132 0.284504 0.278201 0.273041 0.268876 0.265586 0.263072 0.261253 0.260063 0.259445 0.259352 0.259743 0.260582 0.261836 0.263472 0.265464 0.267780 0.270392 0.273271 0.276388 0.279712 0.283215 0.286866 0.290639 0.294506 0.298446 0.302440 0.306472 0.310532 0.314608 0.318685 0.322738 0.326723 0.330570 0.334175 0.337403 0.340090 0.342065 0.343169 0.343286 0.342361 0.340414 0.337535 0.333865 0.329577 0.324851 0.319859 0.314753 0.309665 0.304705 0.299961 0.295505 0.291389 0.287651 0.284312 0.281380 0.278852 0.276711 0.274935 0.273492 0.272354 0.271490 0.270879 0.270508 0.270380 0.270515 0.270952 0.271748 0.272984 0.274757 0.277183 0.280390 0.284523 0.289731 0.296163 0.303956 0.313212 0.323972 0.336171 0.349589 0.363816 0.378239 0.392119 0.404741 0.415645 0.424817 0.432735 0.440188 0.447911 0.456132 0.464172 0.470298 0.472050 0.467158 0.454665 0.435471 0.411870 0.386501 0.361500 0.338182 0.317138 0.298476 0.282047 0.267590 0.254827 0.243497 0.233378 0.224286 0.216070 0.208610 0.201808 0.195583 0.189867 0.184606 0.179750 0.175258 0.171096 0.167233 0.163642 0.160302 0.157192 0.154297 0.151603 0.149099 0.146776 0.144628 0.142648 0.140834 0.139183 0.137695 0.136370 0.135210 0.134218 0.133398 0.132758 0.132304 0.132047 0.132000 0.132179 0.132602 0.133296 0.134289 0.135622 0.137343 0.139517 0.142224 0.145571 0.149698 0.154794 0.161110 0.168990 0.178911 0.191537 0.207808 0.229065 0.257215 0.294924 0.345697 0.413395 0.499910 0.598848 0.685984 0.721679 0.683911 0.594704 0.493699 0.405123 0.335371 0.282551 0.242804 0.212623
0.078569 0.079811 0.081063 0.082324 0.083598 0.084886 0.086190 0.087515 0.088866 0.090247 0.091666 0.093130 0.094649 0.096233 0.097895 0.099648 0.101509 0.103495 0.105628 0.107932 0.110435 0.113169 0.116173 0.119491 0.123178 0.127297 0.131927 0.137163 0.143124 0.149955 0.157837 0.167002 0.177735 0.190401 0.205453 0.223444 0.245031 0.270930 0.301790 0.337904 0.378655 0.421681 0.462103 0.492786 0.506757 0.501043 0.478677 0.446698 0.412304 0.380442 0.353544 0.332305 0.316511 0.305601 0.298950 0.295998 0.296289 0.299465 0.305246 0.313405 0.323732 0.335999 0.349923 0.365129 0.381132 0.397347 0.413142 0.427934 0.441303 0.453073 0.463286 0.472070 0.479415 0.484957 0.487915 0.487264 0.482150 0.472357 0.458527 0.441988 0.424335 0.407005 0.391061 0.377154 0.365603 0.356507 0.349840 0.345518 0.343443 0.343526 0.345702 0.349934 0.356218 0.364582 0.375093 0.387861 0.403047 0.420865 0.441592 0.465543 0.493015 0.524158 0.558727 0.595716 0.632954 0.666939 0.693347 0.708443 0.710805 0.702071 0.685981 0.666465 0.646090 0.625580 0.604253 0.580942 0.554917 0.526380 0.496375 0.466331 0.437565 0.411008 0.387156 0.366152 0.347907 0.332204 0.318775 0.307345 0.297655 0.289475 0.282606 0.276878 0.272149 0.268301 0.265236 0.262870 0.261137 0.259980 0.259349 0.259203 0.259505 0.260222 0.261323 0.262780 0.264564 0.266649 0.269006 0.271607 0.274427 0.277436 0.280608 0.283917 0.287339 0.290851 0.294435 0.298073 0.301752 0.305460 0.309185 0.312909 0.316607 0.320241 0.323752 0.327062 0.330069 0.332656 0.334699 0.336080 0.336705 0.336511 0.335482 0.333641 0.331051 0.327802 0.324003 0.319773 0.315236 0.310513 0.305720 0.300964 0.296341 0.291932 0.287800 0.283995 0.280546 0.277471 0.274771 0.272437 0.270456 0.268807 0.267472 0.266435 0.265688 0.265232 0.265081 0.265264 0.265823 0.266813 0.268307 0.270384 0.273136 0.276659 0.281050 0.286398 0.292776 0.300222 0.308722 0.318187 0.328428 0.339149 0.349955 0.360404 0.370094 0.378768 0.386386 0.393131 0.399302 0.405133 0.410574 0.415136 0.417872 0.417590 0.413270 0.404505 0.391711 0.375968 0.358620 0.340888 0.323658 0.307452 0.292501 0.278846 0.266423 0.255124 0.244827 0.235422 0.226809 0.218902 0.211629 0.204927 0.198743 0.193027 0.187736 0.182833 0.178282 0.174051 0.170114 0.166444 0.163022 0.159829 0.156849 0.154069 0.151478 0.149069 0.146834 0.144769 0.142870 0.141137 0.139567 0.138163 0.136926 0.135861 0.134971 0.134263 0.133747 0.133433 0.133334 0.133468 0.133854 0.134521 0.135502 0.136838 0.138585 0.140813 0.143614 0.147108 0.151457 0.156878 0.163671 0.172255 0.183223 0.197439 0.216185 0.241409 0.276145 0.325205 0.396278 0.501239 0.655742 0.868217 1.097703 1.207677 1.095745 0.864300 0.649863 0.493394 0.386463 0.313412 0.262366 0.225636
0.079485 0.080761 0.082046 0.083339 0.084642 0.085956 0.087285 0.088633 0.090003 0.091401 0.092835 0.094313 0.095844 0.097440 0.099114 0.100880 0.102756 0.104762 0.106919 0.109255 0.111799 0.114587 0.117661 0.121071 0.124876 0.129150 0.133981 0.139481 0.145788 0.153079 0.161578 0.171577 0.183456 0.197717 0.215019 0.236237 0.262512 0.295291 0.336276 0.387139 0.448660 0.518828 0.589914 0.646733 0.671353 0.655327 0.607174 0.544898 0.483760 0.431568 0.390419 0.359626 0.337619 0.322806 0.313864 0.309786 0.309841 0.313519 0.320467 0.330438 0.343232 0.358639 0.376371 0.395995 0.416874 0.438156 0.458849 0.478001 0.494958 0.509569 0.522197 0.533455 0.543709 0.552552 0.558512 0.559324 0.552871 0.538382 0.517027 0.491429 0.464555 0.438803 0.415669 0.395856 0.379532 0.366576 0.356738 0.349743 0.345332 0.343289 0.343443 0.345668 0.349883 0.356043 0.364140 0.374202 0.386286 0.400478 0.416877 0.435569 0.456570 0.479735 0.504611 0.530282 0.555238 0.577431 0.594618 0.605002 0.607888 0.603930 0.594769 0.582273 0.567857 0.552181 0.535255 0.516811 0.496699 0.475131 0.452690 0.430163 0.408330 0.387808 0.368997 0.352084 0.337100 0.323969 0.312557 0.302703 0.294243 0.287021 0.280895 0.275741 0.271450 0.267931 0.265105 0.262908 0.261283 0.260183 0.259567 0.259400 0.259649 0.260286 0.261281 0.262609 0.264244 0.266159 0.268329 0.270726 0.273326 0.276102 0.279030 0.282086 0.285248 0.288498 0.291819 0.295198 0.298624 0.302088 0.305579 0.309086 0.312588 0.316055 0.319445 0.322698 0.325739 0.328478 0.330817 0.332656 0.333902 0.334475 0.334318 0.333399 0.331714 0.329288 0.326173 0.322451 0.318222 0.313608 0.308737 0.303743 0.298750 0.293872 0.289201 0.284814 0.280761 0.277077 0.273779 0.270869 0.268341 0.266184 0.264382 0.262922 0.261797 0.261004 0.260552 0.260458 0.260750 0.261465 0.262653 0.264369 0.266672 0.269625 0.273288 0.277711 0.282926 0.288939 0.295713 0.303161 0.311134 0.319421 0.327763 0.335884 0.343541 0.350567 0.356905 0.362596 0.367724 0.372321 0.376269 0.379236 0.380697 0.380044 0.376784 0.370727 0.362073 0.351356 0.339276 0.326526 0.313668 0.301089 0.289022 0.277578 0.266798 0.256681 0.247208 0.238351 0.230084 0.222377 0.215201 0.208527 0.202323 0.196557 0.191199 0.186216 0.181578 0.177256 0.173225 0.169461 0.165943 0.162653 0.159575 0.156697 0.154009 0.151503 0.149171 0.147011 0.145019 0.143193 0.141534 0.140043 0.138723 0.137577 0.136611 0.135831 0.135247 0.134870 0.134714 0.134797 0.135141 0.135774 0.136732 0.138061 0.139818 0.142081 0.144947 0.148550 0.153068 0.158743 0.165915 0.175065 0.186891 0.202438 0.223313 0.252084 0.293026 0.353613 0.447619 0.601834 0.869873 1.349048 2.096951 2.595218 2.095106 1.345355 0.864321 0.594409 0.438305 0.342388 0.279867 0.236964
0.080501 0.081816 0.083137 0.084464 0.085798 0.087141 0.088494 0.089863 0.091251 0.092664 0.094110 0.095597 0.097135 0.098736 0.100414 0.102184 0.104066 0.106080 0.108250 0.110604 0.113175 0.116001 0.119128 0.122609 0.126511 0.130914 0.135918 0.141648 0.148264 0.155971 0.165039 0.175823 0.188805 0.204640 0.224237 0.248875 0.280364 0.321273 0.375184 0.446802 0.541302 0.661236 0.798102 0.919598 0.972858 0.928529 0.816046 0.688358 0.577854 0.493130 0.431736 0.388607 0.359165 0.339970 0.328614 0.323467 0.323458 0.327906 0.336401 0.348711 0.364706 0.384264 0.407175 0.432999 0.460935 0.489728 0.517731 0.543238 0.565049 0.583036 0.598298 0.612664 0.627630 0.643080 0.656320 0.662236 0.655420 0.633545 0.599177 0.558163 0.516442 0.478035 0.444843 0.417306 0.395106 0.377644 0.364276 0.354423 0.347605 0.343440 0.341632 0.341958 0.344258 0.348415 0.354356 0.362036 0.371435 0.382543 0.395347 0.409801 0.425788 0.443055 0.461147 0.479338 0.496612 0.511738 0.523474 0.530867 0.533521 0.531691 0.526128 0.517759 0.507382 0.495491 0.482294 0.467846 0.452228 0.435657 0.418513 0.401274 0.384429 0.368392 0.353464 0.339822 0.327539 0.316607 0.306969 0.298538 0.291212 0.284891 0.279477 0.274879 0.271021 0.267832 0.265254 0.263235 0.261733 0.260709 0.260131 0.259969 0.260197 0.260788 0.261719 0.262965 0.264501 0.266304 0.268347 0.270606 0.273056 0.275672 0.278431 0.281311 0.284292 0.287359 0.290498 0.293700 0.296959 0.300271 0.303631 0.307035 0.310473 0.313927 0.317371 0.320763 0.324049 0.327157 0.330003 0.332490 0.334513 0.335964 0.336739 0.336745 0.335912 0.334200 0.331611 0.328190 0.324030 0.319261 0.314042 0.308543 0.302932 0.297361 0.291959 0.286830 0.282048 0.277661 0.273696 0.270164 0.267061 0.264376 0.262097 0.260208 0.258698 0.257559 0.256793 0.256406 0.256415 0.256841 0.257715 0.259071 0.260948 0.263382 0.266408 0.270050 0.274317 0.279197 0.284649 0.290597 0.296927 0.303488 0.310108 0.316606 0.322825 0.328647 0.334009 0.338894 0.343298 0.347182 0.350429 0.352822 0.354054 0.353797 0.351790 0.347923 0.342279 0.335108 0.326765 0.317622 0.308009 0.298186 0.288340 0.278606 0.269080 0.259834 0.250929 0.242409 0.234310 0.226656 0.219456 0.212710 0.206407 0.200528 0.195050 0.189946 0.185188 0.180749 0.176602 0.172723 0.169092 0.165689 0.162499 0.159510 0.156711 0.154094 0.151654 0.149387 0.147290 0.145363 0.143605 0.142019 0.140606 0.139372 0.138322 0.137463 0.136805 0.136358 0.136138 0.136163 0.136456 0.137046 0.137971 0.139277 0.141026 0.143297 0.146194 0.149859 0.154479 0.160314 0.167730 0.177250 0.189647 0.206091 0.228430 0.259708 0.305211 0.374775 0.488316 0.690951 1.101343 2.098938 5.093124 10.083896 5.091398 2.095476 1.096129 0.683961 0.479519 0.364135 0.292688 0.245257
0.081628 0.082986 0.084347 0.085711 0.087079 0.088451 0.089830 0.091220 0.092624 0.094049 0.095503 0.096993 0.098531 0.100130 0.101803 0.103568 0.105445 0.107455 0.109624 0.111982 0.114564 0.117409 0.120568 0.124097 0.128069 0.132569 0.137708 0.143623 0.150494 0.158551 0.168105 0.179575 0.193538 0.210809 0.232562 0.260530 0.297336 0.347053 0.416130 0.514855 0.659103 0.869798 1.158221 1.469744 1.622208 1.479006 1.176837 0.897955 0.697088 0.563063 0.475075 0.417380 0.379847 0.356200 0.342575 0.336589 0.336796 0.342355 0.352840 0.368102 0.388179 0.413178 0.443130 0.477764 0.516195 0.556611 0.596172 0.631520 0.660058 0.681502 0.698562 0.715987 0.738335 0.767134 0.797945 0.819011 0.815555 0.780410 0.720542 0.650857 0.583932 0.526075 0.478796 0.441282 0.411996 0.389400 0.372194 0.359356 0.350106 0.343858 0.340172 0.338721 0.339260 0.341609 0.345634 0.351231 0.358321 0.366829 0.376672 0.387737 0.399850 0.412742 0.426016 0.439125 0.451382 0.462019 0.470302 0.475681 0.477903 0.477051 0.473481 0.467671 0.460083 0.451068 0.440853 0.429593 0.417439 0.404596 0.391337 0.377979 0.364846 0.352224 0.340335 0.329327 0.319283 0.310224 0.302136 0.294975 0.288683 0.283196 0.278449 0.274383 0.270941 0.268074 0.265741 0.263904 0.262532 0.261596 0.261072 0.260937 0.261169 0.261747 0.262650 0.263855 0.265341 0.267083 0.269058 0.271240 0.273604 0.276127 0.278785 0.281557 0.284427 0.287380 0.290408 0.293504 0.296669 0.299906 0.303221 0.306619 0.310105 0.313677 0.317326 0.321032 0.324758 0.328448 0.332025 0.335388 0.338411 0.340944 0.342824 0.343882 0.343964 0.342953 0.340793 0.337496 0.333155 0.327931 0.322033 0.315693 0.309141 0.302586 0.296201 0.290121 0.284441 0.279220 0.274493 0.270267 0.266540 0.263297 0.260519 0.258186 0.256280 0.254786 0.253696 0.253008 0.252725 0.252858 0.253421 0.254432 0.255913 0.257883 0.260358 0.263346 0.266843 0.270830 0.275266 0.280090 0.285215 0.290535 0.295930 0.301281 0.306480 0.311443 0.316114 0.320455 0.324436 0.328003 0.331064 0.333475 0.335053 0.335604 0.334969 0.333059 0.329874 0.325496 0.320060 0.313724 0.306643 0.298962 0.290818 0.282345 0.273679 0.264958 0.256313 0.247862 0.239704 0.231910 0.224528 0.217582 0.211078 0.205007 0.199347 0.194074 0.189158 0.184569 0.180280 0.176265 0.172500 0.168966 0.165647 0.162530 0.159605 0.156863 0.154301 0.151913 0.149699 0.147657 0.145789 0.144096 0.142582 0.141251 0.140109 0.139162 0.138421 0.137898 0.137606 0.137565 0.137798 0.138334 0.139212 0.140478 0.142196 0.144446 0.147335 0.151006 0.155651 0.161537 0.169038 0.178694 0.191301 0.208080 0.230965 0.263178 0.310404 0.383442 0.504907 0.728952 1.213635 2.599536 10.086235 10.085469 10.084637 2.596326 1.208789 0.722434 0.496672 0.373435 0.298566 0.249447
0.082876 0.084282 0.085688 0.087094 0.088498 0.089903 0.091308 0.092719 0.094138 0.095572 0.097029 0.098517 0.100048 0.101636 0.103295 0.105044 0.106902 0.108895 0.111047 0.113392 0.115966 0.118811 0.121978 0.125528 0.129538 0.134099 0.139327 0.145372 0.152426 0.160744 0.170669 0.182671 0.197412 0.215845 0.239386 0.270203 0.311746 0.369749 0.454209 0.583542 0.793528 1.155758 1.800135 2.803561 3.474294 2.813142 1.819401 1.184917 0.832904 0.633580 0.515491 0.443014 0.397918 0.370417 0.355039 0.348648 0.349459 0.356528 0.369482 0.388359 0.413514 0.445516 0.484975 0.532218 0.586677 0.646005 0.705275 0.757377 0.795846 0.819336 0.834073 0.851734 0.884633 0.940421 1.014666 1.080937 1.094440 1.029824 0.911267 0.782836 0.671321 0.583513 0.516947 0.467006 0.429524 0.401324 0.380114 0.364270 0.352640 0.344399 0.338951 0.335860 0.334801 0.335533 0.337867 0.341655 0.346772 0.353101 0.360519 0.368880 0.377995 0.387613 0.397408 0.406969 0.415823 0.423471 0.429453 0.433424 0.435211 0.434825 0.432434 0.428296 0.422685 0.415847 0.407976 0.399236 0.389787 0.379805 0.369499 0.359091 0.348808 0.338850 0.329382 0.320524 0.312348 0.304889 0.298153 0.292121 0.286762 0.282038 0.277910 0.274339 0.271289 0.268729 0.266630 0.264970 0.263727 0.262885 0.262425 0.262332 0.262590 0.263182 0.264091 0.265295 0.266775 0.268508 0.270468 0.272631 0.274972 0.277464 0.280086 0.282816 0.285638 0.288540 0.291516 0.294567 0.297699 0.300926 0.304266 0.307739 0.311367 0.315171 0.319164 0.323348 0.327710 0.332212 0.336785 0.341320 0.345663 0.349610 0.352913 0.355299 0.356497 0.356282 0.354513 0.351166 0.346349 0.340282 0.333264 0.325630 0.317706 0.309778 0.302077 0.294771 0.287975 0.281755 0.276139 0.271131 0.266716 0.262871 0.259565 0.256768 0.254452 0.252594 0.251174 0.250180 0.249606 0.249448 0.249710 0.250398 0.251518 0.253078 0.255080 0.257524 0.260397 0.263678 0.267333 0.271309 0.275545 0.279963 0.284482 0.289022 0.293510 0.297887 0.302109 0.306143 0.309959 0.313514 0.316746 0.319564 0.321856 0.323500 0.324378 0.324395 0.323479 0.321585 0.318680 0.314747 0.309789 0.303838 0.296978 0.289342 0.281114 0.272508 0.263742 0.255017 0.246502 0.238320 0.230555 0.223251 0.216423 0.210063 0.204149 0.198650 0.193532 0.188760 0.184300 0.180123 0.176203 0.172518 0.169050 0.165786 0.162716 0.159832 0.157130 0.154606 0.152259 0.150088 0.148097 0.146285 0.144658 0.143219 0.141975 0.140932 0.140100 0.139490 0.139118 0.139002 0.139164 0.139635 0.140450 0.141659 0.143323 0.145521 0.148360 0.151979 0.156569 0.162390 0.169809 0.179350 0.191784 0.208284 0.230698 0.262067 0.307679 0.377366 0.491042 0.693823 1.104366 2.102115 5.096452 10.087366 5.094999 2.099192 1.099939 0.687840 0.483441 0.368073 0.296613 0.249142
0.084257 0.085719 0.087177 0.088629 0.090075 0.091514 0.092948 0.094380 0.095812 0.097252 0.098707 0.100187 0.101703 0.103270 0.104904 0.106623 0.108450 0.110409 0.112529 0.114842 0.117387 0.120207 0.123357 0.126899 0.130911 0.135489 0.140756 0.146865 0.154021 0.162491 0.172640 0.184975 0.200212 0.219403 0.244134 0.276893 0.321765 0.385836 0.482259 0.637645 0.912241 1.464447 2.800700 6.801959 13.468270 6.811843 2.820582 1.494560 0.952941 0.689430 0.545780 0.461928 0.411474 0.381525 0.365310 0.359141 0.361029 0.370027 0.385913 0.409041 0.440290 0.481038 0.533080 0.598291 0.677698 0.769420 0.865518 0.950244 1.005570 1.025261 1.024000 1.030328 1.074548 1.183030 1.367718 1.581860 1.670063 1.515331 1.231617 0.971620 0.780643 0.648552 0.557219 0.492886 0.446596 0.412686 0.387549 0.368837 0.354979 0.344900 0.337846 0.333275 0.330790 0.330092 0.330950 0.333178 0.336621 0.341133 0.346569 0.352772 0.359556 0.366700 0.373937 0.380959 0.387431 0.393013 0.397401 0.400367 0.401783 0.401631 0.399990 0.397002 0.392837 0.387662 0.381633 0.374894 0.367584 0.359853 0.351858 0.343764 0.335731 0.327906 0.320408 0.313330 0.306733 0.300652 0.295098 0.290069 0.285549 0.281519 0.277957 0.274840 0.272151 0.269871 0.267988 0.266491 0.265371 0.264619 0.264228 0.264188 0.264489 0.265119 0.266064 0.267305 0.268824 0.270596 0.272597 0.274800 0.277179 0.279705 0.282354 0.285103 0.287937 0.290844 0.293823 0.296878 0.300028 0.303296 0.306716 0.310328 0.314179 0.318314 0.322778 0.327605 0.332812 0.338391 0.344287 0.350390 0.356513 0.362383 0.367639 0.371849 0.374565 0.375384 0.374035 0.370442 0.364748 0.357287 0.348520 0.338950 0.329050 0.319220 0.309759 0.300874 0.292687 0.285259 0.278603 0.272703 0.267525 0.263025 0.259157 0.255874 0.253136 0.250905 0.249152 0.247853 0.246991 0.246552 0.246528 0.246916 0.247712 0.248913 0.250514 0.252507 0.254876 0.257602 0.260652 0.263989 0.267565 0.271328 0.275223 0.279198 0.283206 0.287211 0.291187 0.295116 0.298983 0.302769 0.306443 0.309961 0.313259 0.316259 0.318865 0.320960 0.322403 0.323026 0.322634 0.321028 0.318035 0.313563 0.307631 0.300387 0.292093 0.283079 0.273688 0.264234 0.254972 0.246083 0.237680 0.229822 0.222522 0.215763 0.209513 0.203728 0.198362 0.193369 0.188707 0.184342 0.180241 0.176381 0.172742 0.169310 0.166074 0.163027 0.160164 0.157484 0.154986 0.152671 0.150540 0.148595 0.146842 0.145283 0.143925 0.142775 0.141842 0.141138 0.140676 0.140474 0.140555 0.140947 0.141687 0.142819 0.144405 0.146521 0.149268 0.152781 0.157237 0.162884 0.170061 0.179251 0.191154 0.206815 0.227841 0.256799 0.297963 0.358801 0.453085 0.607597 0.875947 1.355437 2.103649 2.602211 2.102369 1.352853 0.872012 0.602244 0.446229 0.350343 0.287796 0.244810
0.085789 0.087314 0.088831 0.090337 0.091830 0.093309 0.094774 0.096227 0.097671 0.099114 0.100562 0.102026 0.103518 0.105053 0.106648 0.108324 0.110103 0.112012 0.114079 0.116340 0.118833 0.121604 0.124707 0.128208 0.132184 0.136735 0.141983 0.148087 0.155252 0.163752 0.173960 0.186395 0.201794 0.221242 0.246389 0.279842 0.325925 0.392254 0.493273 0.659196 0.962332 1.613660 3.468122 13.464926 13.469763 13.475091 3.488577 1.644658 1.004266 0.712611 0.558890 0.470999 0.418970 0.388659 0.372830 0.367639 0.371106 0.382413 0.401601 0.429474 0.467668 0.518824 0.586841 0.676984 0.795187 0.944686 1.116790 1.276994 1.369042 1.364770 1.304992 1.263880 1.307572 1.506148 1.966727 2.748817 3.263627 2.664046 1.790963 1.226515 0.904552 0.714535 0.595388 0.516425 0.461737 0.422599 0.393951 0.372705 0.356889 0.345199 0.336736 0.330869 0.327137 0.325196 0.324780 0.325677 0.327706 0.330709 0.334528 0.339005 0.343967 0.349220 0.354547 0.359714 0.364473 0.368585 0.371841 0.374079 0.375203 0.375184 0.374057 0.371904 0.368829 0.364951 0.360388 0.355254 0.349667 0.343745 0.337610 0.331383 0.325181 0.319108 0.313251 0.307679 0.302438 0.297557 0.293048 0.288914 0.285149 0.281744 0.278692 0.275984 0.273615 0.271583 0.269888 0.268532 0.267518 0.266847 0.266521 0.266539 0.266896 0.267585 0.268595 0.269910 0.271511 0.273375 0.275475 0.277781 0.280263 0.282889 0.285631 0.288463 0.291367 0.294333 0.297361 0.300464 0.303668 0.307013 0.310552 0.314351 0.318485 0.323036 0.328089 0.333724 0.340007 0.346974 0.354607 0.362812 0.371378 0.379950 0.388009 0.394888 0.399841 0.402166 0.401362 0.397262 0.390085 0.380384 0.368909 0.356450 0.343712 0.331247 0.319438 0.308517 0.298598 0.289713 0.281840 0.274925 0.268900 0.263690 0.259223 0.255434 0.252260 0.249652 0.247566 0.245966 0.244823 0.244116 0.243826 0.243941 0.244449 0.245339 0.246601 0.248222 0.250187 0.252474 0.255060 0.257914 0.261003 0.264293 0.267750 0.271342 0.275047 0.278849 0.282745 0.286736 0.290834 0.295050 0.299393 0.303864 0.308447 0.313106 0.317763 0.322283 0.326455 0.329974 0.332446 0.333430 0.332513 0.329413 0.324070 0.316674 0.307634 0.297479 0.286758 0.275948 0.265415 0.255401 0.246044 0.237395 0.229450 0.222170 0.215496 0.209361 0.203698 0.198446 0.193552 0.188970 0.184663 0.180602 0.176765 0.173138 0.169710 0.166475 0.163429 0.160571 0.157900 0.155420 0.153131 0.151037 0.149141 0.147449 0.145965 0.144697 0.143653 0.142843 0.142281 0.141983 0.141972 0.142273 0.142922 0.143961 0.145447 0.147453 0.150071 0.153426 0.157681 0.163058 0.169858 0.178503 0.189589 0.203981 0.222960 0.248473 0.283551 0.333002 0.404508 0.509933 0.664922 0.877890 1.107862 1.218300 1.106793 0.875719 0.661587 0.505344 0.398552 0.325550 0.274461 0.237600
0.087488 0.089088 0.090675 0.092243 0.093790 0.095314 0.096813 0.098289 0.099745 0.101186 0.102622 0.104061 0.105518 0.107009 0.108551 0.110167 0.111880 0.113719 0.115713 0.117898 0.120314 0.123009 0.126036 0.129460 0.133362 0.137837 0.143008 0.149032 0.156111 0.164514 0.174608 0.186898 0.202103 0.221274 0.245997 0.278763 0.323657 0.387767 0.484246 0.639710 0.914406 1.466741 2.803153 6.804609 13.471160 6.815027 2.824124 1.498539 0.957456 0.694603 0.551768 0.468931 0.419753 0.391425 0.377295 0.373846 0.379344 0.393236 0.415913 0.448740 0.494297 0.556935 0.643768 0.766280 0.942296 1.195450 1.539034 1.913842 2.120371 2.012298 1.752067 1.564296 1.560624 1.862575 2.874893 6.168224 11.731691 6.063124 2.653826 1.501134 1.015579 0.768487 0.625307 0.534567 0.473340 0.430167 0.398793 0.375549 0.358160 0.345149 0.335513 0.328553 0.323761 0.320761 0.319263 0.319033 0.319880 0.321633 0.324135 0.327229 0.330758 0.334551 0.338433 0.342217 0.345720 0.348766 0.351202 0.352910 0.353816 0.353891 0.353147 0.351630 0.349410 0.346567 0.343191 0.339372 0.335201 0.330772 0.326175 0.321501 0.316833 0.312243 0.307793 0.303526 0.299476 0.295659 0.292086 0.288757 0.285672 0.282830 0.280231 0.277880 0.275785 0.273957 0.272412 0.271164 0.270229 0.269620 0.269348 0.269422 0.269843 0.270608 0.271712 0.273139 0.274871 0.276883 0.279145 0.281623 0.284281 0.287081 0.289989 0.292972 0.296007 0.299084 0.302204 0.305386 0.308670 0.312111 0.315789 0.319798 0.324254 0.329285 0.335032 0.341640 0.349248 0.357970 0.367864 0.378891 0.390848 0.403305 0.415537 0.426515 0.434990 0.439711 0.439737 0.434727 0.425063 0.411729 0.396014 0.379204 0.362361 0.346240 0.331300 0.317767 0.305703 0.295074 0.285786 0.277723 0.270763 0.264789 0.259691 0.255375 0.251759 0.248772 0.246356 0.244463 0.243052 0.242093 0.241558 0.241427 0.241682 0.242306 0.243285 0.244603 0.246243 0.248188 0.250417 0.252909 0.255642 0.258596 0.261753 0.265101 0.268638 0.272370 0.276317 0.280507 0.284985 0.289801 0.295014 0.300680 0.306848 0.313539 0.320716 0.328249 0.335862 0.343090 0.349266 0.353577 0.355205 0.353545 0.348400 0.340067 0.329245 0.316840 0.303742 0.290680 0.278160 0.266481 0.255773 0.246055 0.237274 0.229341 0.222152 0.215604 0.209599 0.204054 0.198895 0.194067 0.189523 0.185232 0.181168 0.177316 0.173666 0.170212 0.166953 0.163889 0.161021 0.158352 0.155884 0.153621 0.151566 0.149725 0.148101 0.146702 0.145534 0.144608 0.143935 0.143532 0.143417 0.143616 0.144160 0.145090 0.146458 0.148328 0.150786 0.153942 0.157941 0.162974 0.169299 0.177262 0.187344 0.200211 0.216804 0.238463 0.267090 0.305346 0.356726 0.425079 0.512280 0.611917 0.699744 0.736099 0.698938 0.610262 0.509692 0.421438 0.351885 0.299133 0.259323 0.228952
0.089378 0.091066 0.092734 0.094377 0.095987 0.097563 0.099101 0.100602 0.102068 0.103506 0.104921 0.106327 0.107737 0.109168 0.110641 0.112178 0.113804 0.115550 0.117447 0.119532 0.121845 0.124434 0.127352 0.130665 0.134450 0.138801 0.143837 0.149708 0.156608 0.164792 0.174604 0.186517 0.201191 0.219583 0.243108 0.273937 0.315524 0.373602 0.458174 0.587660 0.797847 1.160329 1.805023 2.808838 3.480048 2.819477 1.826444 1.192825 0.841871 0.643847 0.527366 0.456890 0.414306 0.389991 0.378703 0.377634 0.385490 0.402072 0.428175 0.465744 0.518359 0.592282 0.698622 0.857918 1.110090 1.534971 2.277453 3.424218 4.209749 3.529941 2.505958 1.931242 1.781654 2.091632 3.504170 11.837855 11.765691 11.711885 3.235853 1.641405 1.068869 0.795094 0.640947 0.544635 0.480091 0.434691 0.401673 0.377124 0.358632 0.344639 0.334092 0.326254 0.320594 0.316714 0.314311 0.313143 0.313007 0.313733 0.315162 0.317146 0.319541 0.322199 0.324973 0.327714 0.330281 0.332539 0.334375 0.335700 0.336456 0.336614 0.336177 0.335173 0.333647 0.331657 0.329269 0.326552 0.323576 0.320413 0.317131 0.313792 0.310453 0.307163 0.303956 0.300858 0.297883 0.295036 0.292317 0.289724 0.287255 0.284914 0.282710 0.280658 0.278779 0.277101 0.275653 0.274467 0.273572 0.272994 0.272757 0.272877 0.273364 0.274223 0.275448 0.277027 0.278943 0.281166 0.283664 0.286395 0.289315 0.292377 0.295534 0.298746 0.301981 0.305223 0.308474 0.311759 0.315130 0.318667 0.322475 0.326691 0.331478 0.337024 0.343546 0.351279 0.360473 0.371370 0.384171 0.398974 0.415672 0.433814 0.452443 0.469991 0.484333 0.493156 0.494610 0.487988 0.474031 0.454619 0.432100 0.408626 0.385796 0.364593 0.345496 0.328637 0.313947 0.301253 0.290343 0.281001 0.273025 0.266238 0.260483 0.255630 0.251568 0.248206 0.245469 0.243295 0.241632 0.240440 0.239684 0.239336 0.239372 0.239771 0.240516 0.241589 0.242973 0.244652 0.246611 0.248834 0.251311 0.254031 0.256993 0.260202 0.263672 0.267435 0.271534 0.276032 0.281011 0.286572 0.292836 0.299941 0.308026 0.317212 0.327560 0.339000 0.351237 0.363633 0.375131 0.384295 0.389556 0.389662 0.384155 0.373569 0.359226 0.342761 0.325666 0.309041 0.293551 0.279505 0.266968 0.255862 0.246039 0.237322 0.229535 0.222519 0.216133 0.210261 0.204809 0.199705 0.194893 0.190337 0.186009 0.181895 0.177985 0.174277 0.170771 0.167468 0.164372 0.161486 0.158814 0.156359 0.154126 0.152118 0.150339 0.148794 0.147491 0.146437 0.145643 0.145123 0.144895 0.144980 0.145409 0.146216 0.147447 0.149163 0.151437 0.154364 0.158069 0.162711 0.168499 0.175708 0.184701 0.195960 0.210125 0.228034 0.250748 0.279519 0.315573 0.359457 0.409629 0.460252 0.499902 0.515090 0.499431 0.459253 0.407988 0.357017 0.312136 0.274862 0.244630 0.220212
0.091484 0.093277 0.095043 0.096774 0.098460 0.100098 0.101682 0.103211 0.104688 0.106116 0.107505 0.108866 0.110214 0.111568 0.112951 0.114386 0.115903 0.117531 0.119304 0.121260 0.123441 0.125893 0.128670 0.131835 0.135462 0.139643 0.144488 0.150138 0.156772 0.164625 0.174008 0.185340 0.199201 0.216407 0.238134 0.266117 0.302984 0.352812 0.422054 0.521005 0.665547 0.876616 1.165505 1.477603 1.630769 1.488425 1.187300 0.909692 0.710383 0.578269 0.492639 0.437876 0.404014 0.385012 0.377329 0.379048 0.389403 0.408585 0.437766 0.479392 0.537868 0.621070 0.743698 0.935460 1.263440 1.903759 3.419152 7.899151 15.345671 8.009039 3.653322 2.300521 1.913145 2.063629 3.005022 6.259613 11.799081 6.114228 2.693196 1.531718 1.039416 0.787039 0.639647 0.545490 0.481433 0.435865 0.402411 0.377312 0.358222 0.343606 0.332418 0.323922 0.317581 0.312994 0.309853 0.307912 0.306970 0.306854 0.307413 0.308506 0.310001 0.311769 0.313687 0.315632 0.317492 0.319164 0.320560 0.321612 0.322273 0.322519 0.322348 0.321778 0.320839 0.319575 0.318034 0.316269 0.314335 0.312283 0.310162 0.308015 0.305876 0.303769 0.301708 0.299697 0.297729 0.295794 0.293879 0.291971 0.290066 0.288170 0.286298 0.284476 0.282743 0.281142 0.279723 0.278534 0.277623 0.277032 0.276797 0.276946 0.277497 0.278461 0.279836 0.281613 0.283772 0.286283 0.289105 0.292188 0.295475 0.298906 0.302418 0.305954 0.309469 0.312936 0.316355 0.319756 0.323206 0.326809 0.330708 0.335087 0.340170 0.346223 0.353560 0.362538 0.373567 0.387093 0.403567 0.423377 0.446700 0.473253 0.501936 0.530443 0.555118 0.571479 0.575638 0.566034 0.544251 0.514205 0.480401 0.446520 0.414891 0.386640 0.362074 0.341044 0.323195 0.308107 0.295375 0.284636 0.275578 0.267943 0.261517 0.256124 0.251623 0.247898 0.244854 0.242416 0.240521 0.239118 0.238165 0.237629 0.237479 0.237693 0.238248 0.239126 0.240311 0.241788 0.243545 0.245574 0.247871 0.250437 0.253281 0.256426 0.259906 0.263772 0.268097 0.272981 0.278553 0.284976 0.292454 0.301234 0.311594 0.323832 0.338208 0.354846 0.373564 0.393617 0.413428 0.430485 0.441705 0.444411 0.437543 0.422218 0.401166 0.377519 0.353828 0.331699 0.311891 0.294593 0.279668 0.266835 0.255767 0.246150 0.237700 0.230176 0.223382 0.217159 0.211387 0.205975 0.200860 0.195997 0.191362 0.186940 0.182725 0.178717 0.174920 0.171338 0.167977 0.164841 0.161936 0.159264 0.156829 0.154635 0.152683 0.150979 0.149527 0.148333 0.147408 0.146761 0.146409 0.146372 0.146674 0.147347 0.148431 0.149978 0.152051 0.154732 0.158122 0.162350 0.167580 0.174018 0.181928 0.191636 0.203544 0.218127 0.235901 0.257328 0.282597 0.311211 0.341358 0.369335 0.389742 0.397295 0.389705 0.369182 0.340940 0.310314 0.280958 0.254650 0.231872 0.212432
0.093838 0.095758 0.097642 0.099478 0.101257 0.102969 0.104609 0.106171 0.107658 0.109073 0.110426 0.111728 0.112997 0.114253 0.115522 0.116830 0.118208 0.119689 0.121309 0.123105 0.125122 0.127404 0.130006 0.132986 0.136416 0.140381 0.144984 0.150351 0.156645 0.164074 0.172907 0.183503 0.196343 0.212086 0.231645 0.256299 0.287864 0.328914 0.383038 0.454949 0.549832 0.670254 0.807727 0.929972 0.984148 0.940936 0.829812 0.703780 0.595296 0.513050 0.454706 0.415359 0.390640 0.377400 0.373629 0.378267 0.391065 0.412566 0.444238 0.488839 0.551212 0.639986 0.771461 0.979486 1.344608 2.101240 4.198715 15.342742 15.395914 15.456650 4.434856 2.482982 1.926240 1.877829 2.215806 2.927252 3.396530 2.765280 1.869072 1.287208 0.951840 0.751322 0.623808 0.538059 0.477754 0.433858 0.401077 0.376140 0.356934 0.342042 0.330476 0.321531 0.314688 0.309555 0.305828 0.303264 0.301667 0.300869 0.300724 0.301101 0.301880 0.302948 0.304199 0.305532 0.306856 0.308089 0.309164 0.310026 0.310639 0.310984 0.311057 0.310872 0.310451 0.309827 0.309038 0.308126 0.307131 0.306092 0.305041 0.304004 0.302995 0.302018 0.301063 0.300110 0.299131 0.298091 0.296958 0.295708 0.294327 0.292819 0.291208 0.289535 0.287855 0.286237 0.284752 0.283473 0.282469 0.281802 0.281523 0.281671 0.282276 0.283355 0.284911 0.286938 0.289413 0.292302 0.295557 0.299116 0.302906 0.306845 0.310847 0.314831 0.318727 0.322494 0.326119 0.329638 0.333132 0.336737 0.340641 0.345086 0.350373 0.356862 0.364986 0.375267 0.388331 0.404925 0.425913 0.452230 0.484714 0.523744 0.568530 0.616048 0.660052 0.691416 0.701208 0.685603 0.648442 0.598676 0.545448 0.495021 0.450438 0.412511 0.380884 0.354746 0.333197 0.315412 0.300693 0.288472 0.278294 0.269800 0.262706 0.256786 0.251862 0.247793 0.244463 0.241783 0.239679 0.238090 0.236968 0.236274 0.235972 0.236036 0.236443 0.237171 0.238205 0.239533 0.241145 0.243038 0.245213 0.247683 0.250467 0.253603 0.257141 0.261158 0.265757 0.271076 0.277299 0.284665 0.293484 0.304147 0.317143 0.333054 0.352516 0.376117 0.404129 0.436017 0.469703 0.500871 0.523202 0.530513 0.520165 0.494841 0.460764 0.424289 0.389757 0.359265 0.333352 0.311739 0.293821 0.278930 0.266451 0.255855 0.246708 0.238663 0.231451 0.224864 0.218749 0.212996 0.207534 0.202316 0.197318 0.192530 0.187951 0.183586 0.179445 0.175536 0.171865 0.168441 0.165268 0.162349 0.159687 0.157283 0.155140 0.153260 0.151645 0.150300 0.149232 0.148450 0.147966 0.147797 0.147964 0.148495 0.149423 0.150793 0.152658 0.155085 0.158154 0.161969 0.166652 0.172353 0.179253 0.187559 0.197504 0.209327 0.223225 0.239271 0.257265 0.276525 0.295651 0.312450 0.324236 0.328668 0.324769 0.313410 0.296833 0.277639 0.257959 0.239148 0.221873 0.206336
0.096478 0.098550 0.100578 0.102545 0.104437 0.106241 0.107948 0.109551 0.111049 0.112446 0.113751 0.114978 0.116146 0.117279 0.118404 0.119554 0.120760 0.122060 0.123491 0.125094 0.126911 0.128989 0.131379 0.134139 0.137334 0.141041 0.145355 0.150388 0.156281 0.163213 0.171410 0.181164 0.192859 0.206998 0.224244 0.245475 0.271837 0.304782 0.346023 0.397240 0.459226 0.529985 0.601808 0.659537 0.685270 0.670598 0.624092 0.563819 0.505122 0.455916 0.418435 0.392176 0.375813 0.368086 0.368125 0.375561 0.390571 0.413973 0.447408 0.493719 0.557708 0.647663 0.778737 0.981087 1.322136 1.977999 3.510643 8.007502 15.466489 8.131670 3.758061 2.352486 1.841405 1.684608 1.720909 1.841529 1.865823 1.665148 1.347347 1.061514 0.850622 0.702939 0.599198 0.524809 0.470196 0.429235 0.397965 0.373766 0.354855 0.339990 0.328283 0.319083 0.311902 0.306368 0.302190 0.299136 0.297015 0.295668 0.294957 0.294760 0.294969 0.295484 0.296213 0.297073 0.297988 0.298894 0.299736 0.300473 0.301078 0.301535 0.301844 0.302015 0.302068 0.302030 0.301934 0.301812 0.301698 0.301620 0.301598 0.301644 0.301755 0.301912 0.302083 0.302219 0.302261 0.302146 0.301815 0.301219 0.300334 0.299159 0.297726 0.296095 0.294347 0.292582 0.290903 0.289414 0.288211 0.287379 0.286989 0.287094 0.287735 0.288936 0.290707 0.293042 0.295920 0.299301 0.303129 0.307326 0.311796 0.316430 0.321106 0.325705 0.330121 0.334282 0.338158 0.341782 0.345255 0.348749 0.352509 0.356853 0.362169 0.368932 0.377722 0.389255 0.404441 0.424442 0.450747 0.485223 0.530056 0.587381 0.658186 0.739889 0.822600 0.886899 0.909851 0.880630 0.810072 0.721119 0.633202 0.556221 0.492772 0.441881 0.401434 0.369271 0.343560 0.322856 0.306055 0.292322 0.281028 0.271695 0.263959 0.257540 0.252223 0.247838 0.244251 0.241357 0.239071 0.237325 0.236064 0.235242 0.234821 0.234771 0.235067 0.235686 0.236614 0.237837 0.239350 0.241152 0.243253 0.245669 0.248434 0.251594 0.255221 0.259412 0.264302 0.270072 0.276965 0.285308 0.295535 0.308229 0.324164 0.344354 0.370087 0.402883 0.444235 0.494845 0.552940 0.611669 0.657561 0.674700 0.655579 0.607740 0.547130 0.487247 0.434958 0.392045 0.357800 0.330713 0.309233 0.292033 0.278051 0.266464 0.256639 0.248099 0.240485 0.233532 0.227055 0.220925 0.215063 0.209425 0.203991 0.198761 0.193743 0.188951 0.184399 0.180101 0.176068 0.172307 0.168826 0.165625 0.162706 0.160070 0.157715 0.155642 0.153850 0.152341 0.151120 0.150193 0.149569 0.149261 0.149288 0.149671 0.150440 0.151630 0.153285 0.155460 0.158218 0.161639 0.165811 0.170841 0.176846 0.183951 0.192278 0.201921 0.212915 0.225166 0.238376 0.251941 0.264889 0.275912 0.283583 0.286736 0.284876 0.278352 0.268193 0.255713 0.242135 0.228379 0.215031 0.202405
0.099447 0.101706 0.103911 0.106040 0.108073 0.109992 0.111783 0.113436 0.114948 0.116321 0.117564 0.118695 0.119735 0.120712 0.121659 0.122611 0.123606 0.124684 0.125887 0.127256 0.128835 0.130671 0.132813 0.135315 0.138238 0.141650 0.145636 0.150292 0.155738 0.162123 0.169629 0.178488 0.188990 0.201499 0.216472 0.234468 0.256148 0.282234 0.313385 0.349906 0.391194 0.434904 0.476180 0.507918 0.523176 0.519029 0.498566 0.468899 0.437315 0.408882 0.386186 0.370123 0.360748 0.357857 0.361316 0.371237 0.388110 0.412926 0.447383 0.494219 0.557811 0.645304 0.768815 0.949995 1.229798 1.688581 2.470329 3.657909 4.477356 3.810598 2.759915 2.093017 1.733310 1.549030 1.464056 1.418615 1.351129 1.226634 1.063170 0.900628 0.762860 0.654549 0.571703 0.508588 0.460208 0.422766 0.393503 0.370435 0.352128 0.337537 0.325887 0.316598 0.309223 0.303417 0.298909 0.295479 0.292947 0.291163 0.290000 0.289344 0.289099 0.289176 0.289495 0.289987 0.290590 0.291252 0.291931 0.292594 0.293223 0.293807 0.294350 0.294862 0.295365 0.295883 0.296446 0.297086 0.297830 0.298703 0.299716 0.300870 0.302146 0.303505 0.304887 0.306209 0.307374 0.308274 0.308811 0.308902 0.308498 0.307595 0.306235 0.304503 0.302519 0.300427 0.298375 0.296510 0.294962 0.293846 0.293253 0.293254 0.293901 0.295228 0.297251 0.299966 0.303354 0.307371 0.311951 0.316998 0.322389 0.327974 0.333581 0.339033 0.344167 0.348855 0.353038 0.356738 0.360078 0.363280 0.366662 0.370635 0.375698 0.382457 0.391654 0.404233 0.421435 0.444947 0.477118 0.521247 0.581914 0.665123 0.777470 0.922194 1.088406 1.234817 1.293863 1.228007 1.074785 0.901762 0.750228 0.631073 0.541064 0.473612 0.422728 0.383854 0.353723 0.330035 0.311169 0.295974 0.283621 0.273507 0.265183 0.258314 0.252647 0.247985 0.244176 0.241102 0.238666 0.236795 0.235425 0.234508 0.234002 0.233874 0.234095 0.234644 0.235503 0.236662 0.238115 0.239866 0.241926 0.244321 0.247090 0.250294 0.254019 0.258384 0.263555 0.269755 0.277290 0.286579 0.298200 0.312958 0.331991 0.356908 0.389996 0.434442 0.494429 0.574559 0.677107 0.794528 0.898156 0.941067 0.897193 0.792632 0.674335 0.570990 0.490151 0.429543 0.384549 0.350958 0.325538 0.305947 0.290509 0.278022 0.267616 0.258656 0.250687 0.243384 0.236526 0.229971 0.223638 0.217492 0.211526 0.205755 0.200200 0.194887 0.189840 0.185078 0.180616 0.176464 0.172627 0.169105 0.165897 0.163001 0.160412 0.158127 0.156143 0.154459 0.153075 0.151994 0.151223 0.150772 0.150653 0.150886 0.151493 0.152505 0.153956 0.155890 0.158356 0.161415 0.165131 0.169576 0.174824 0.180947 0.187998 0.195996 0.204900 0.214566 0.224707 0.234853 0.244340 0.252363 0.258097 0.260886 0.260418 0.256800 0.250500 0.242185 0.232548 0.222188 0.211561 0.200987
0.102798 0.105289 0.107714 0.110045 0.112256 0.114321 0.116219 0.117936 0.119465 0.120807 0.121972 0.122980 0.123857 0.124638 0.125360 0.126067 0.126801 0.127609 0.128535 0.129625 0.130924 0.132477 0.134332 0.136539 0.139154 0.142238 0.145861 0.150107 0.155074 0.160883 0.167675 0.175627 0.184948 0.195892 0.208753 0.223860 0.241559 0.262144 0.285757 0.312184 0.340578 0.369156 0.395083 0.414890 0.425583 0.426004 0.417473 0.403158 0.386712 0.371177 0.358582 0.350064 0.346194 0.347284 0.353615 0.365601 0.383923 0.409667 0.444501 0.490948 0.552814 0.635886 0.749047 0.905964 1.126976 1.438091 1.853426 2.309974 2.594882 2.535129 2.257345 1.952711 1.695069 1.496711 1.350327 1.236905 1.132867 1.022778 0.906839 0.794810 0.695495 0.612474 0.545287 0.491693 0.449109 0.415223 0.388152 0.366429 0.348930 0.334793 0.323359 0.314117 0.306670 0.300704 0.295968 0.292259 0.289411 0.287284 0.285761 0.284740 0.284132 0.283861 0.283858 0.284064 0.284429 0.284911 0.285478 0.286107 0.286786 0.287512 0.288291 0.289139 0.290080 0.291140 0.292353 0.293751 0.295363 0.297213 0.299311 0.301651 0.304201 0.306902 0.309662 0.312355 0.314830 0.316919 0.318460 0.319315 0.319400 0.318698 0.317266 0.315231 0.312772 0.310097 0.307422 0.304948 0.302855 0.301289 0.300369 0.300183 0.300795 0.302246 0.304561 0.307742 0.311772 0.316607 0.322173 0.328355 0.334997 0.341894 0.348804 0.355460 0.361602 0.367019 0.371587 0.375311 0.378339 0.380964 0.383609 0.386805 0.391187 0.397507 0.406682 0.419888 0.438721 0.465456 0.503477 0.557999 0.637257 0.754374 0.929605 1.189641 1.548854 1.937427 2.122650 1.929987 1.533963 1.167278 0.899738 0.716964 0.592257 0.505361 0.443159 0.397426 0.362978 0.336473 0.315711 0.299201 0.285913 0.275117 0.266288 0.259038 0.253078 0.248188 0.244201 0.240985 0.238437 0.236475 0.235031 0.234053 0.233497 0.233325 0.233508 0.234023 0.234852 0.235983 0.237412 0.239143 0.241191 0.243586 0.246374 0.249626 0.253440 0.257958 0.263370 0.269941 0.278037 0.288167 0.301054 0.317744 0.339780 0.369496 0.410517 0.468575 0.552808 0.677314 0.860669 1.112887 1.385485 1.516785 1.385533 1.113014 0.860933 0.677791 0.553582 0.469724 0.412096 0.371517 0.342192 0.320422 0.303779 0.290627 0.279832 0.270595 0.262356 0.254730 0.247467 0.240419 0.233515 0.226739 0.220108 0.213660 0.207438 0.201484 0.195834 0.190515 0.185546 0.180935 0.176686 0.172798 0.169265 0.166079 0.163233 0.160718 0.158527 0.156655 0.155098 0.153857 0.152933 0.152333 0.152067 0.152149 0.152597 0.153435 0.154692 0.156401 0.158602 0.161340 0.164662 0.168618 0.173255 0.178610 0.184702 0.191518 0.198989 0.206974 0.215235 0.223420 0.231074 0.237669 0.242682 0.245681 0.246413 0.244841 0.241130 0.235588 0.228584 0.220495 0.211670 0.202411
0.106595 0.109374 0.112076 0.114665 0.117102 0.119355 0.121392 0.123192 0.124744 0.126046 0.127110 0.127960 0.128629 0.129160 0.129600 0.130000 0.130412 0.130890 0.131483 0.132240 0.133208 0.134433 0.135960 0.137835 0.140108 0.142831 0.146065 0.149877 0.154346 0.159566 0.165645 0.172710 0.180908 0.190405 0.201378 0.214006 0.228439 0.244750 0.262858 0.282416 0.302690 0.322469 0.340119 0.353862 0.362296 0.364929 0.362415 0.356327 0.348622 0.341144 0.335342 0.332238 0.332528 0.336733 0.345339 0.358925 0.378274 0.404499 0.439201 0.484677 0.544224 0.622566 0.726379 0.864755 1.048859 1.288671 1.582662 1.899092 2.167136 2.306998 2.273729 2.082900 1.813247 1.550319 1.334885 1.167759 1.034078 0.919727 0.817472 0.725953 0.646021 0.578152 0.521760 0.475522 0.437857 0.407235 0.382326 0.362025 0.345446 0.331884 0.320781 0.311695 0.304275 0.298239 0.293361 0.289455 0.286369 0.283976 0.282169 0.280856 0.279959 0.279410 0.279152 0.279134 0.279317 0.279667 0.280162 0.280788 0.281538 0.282417 0.283439 0.284623 0.286000 0.287603 0.289471 0.291645 0.294162 0.297051 0.300329 0.303988 0.307992 0.312262 0.316671 0.321040 0.325141 0.328715 0.331500 0.333270 0.333878 0.333284 0.331572 0.328936 0.325647 0.322018 0.318359 0.314952 0.312037 0.309801 0.308388 0.307903 0.308420 0.309989 0.312641 0.316389 0.321223 0.327107 0.333963 0.341665 0.350017 0.358747 0.367509 0.375901 0.383505 0.389962 0.395039 0.398698 0.401128 0.402733 0.404089 0.405904 0.408981 0.414234 0.422751 0.435918 0.455651 0.484778 0.527733 0.591835 0.689839 0.845237 1.103691 1.556592 2.369807 3.641499 4.488096 3.633339 2.353465 1.532020 1.070819 0.803974 0.640073 0.533438 0.460566 0.408701 0.370535 0.341673 0.319354 0.301783 0.287750 0.276418 0.267194 0.259649 0.253467 0.248409 0.244293 0.240980 0.238360 0.236344 0.234864 0.233862 0.233291 0.233113 0.233296 0.233815 0.234651 0.235790 0.237227 0.238968 0.241027 0.243437 0.246249 0.249540 0.253422 0.258049 0.263636 0.270482 0.279002 0.289787 0.303688 0.321969 0.346563 0.380544 0.429011 0.500849 0.612411 0.795463 1.113544 1.681949 2.568922 3.160538 2.569999 1.684139 1.116916 0.800107 0.618430 0.508333 0.438021 0.391083 0.358551 0.335218 0.317883 0.304477 0.293606 0.284309 0.275925 0.268014 0.260307 0.252664 0.245040 0.237457 0.229973 0.222662 0.215598 0.208846 0.202456 0.196464 0.190890 0.185742 0.181019 0.176714 0.172815 0.169308 0.166179 0.163414 0.161001 0.158929 0.157191 0.155782 0.154701 0.153951 0.153536 0.153468 0.153761 0.154433 0.155508 0.157013 0.158979 0.161442 0.164437 0.168001 0.172165 0.176952 0.182367 0.188387 0.194948 0.201934 0.209161 0.216376 0.223257 0.229437 0.234540 0.238227 0.240236 0.240413 0.238717 0.235213 0.230053 0.223458 0.215702 0.207089
0.110913 0.114053 0.117108 0.120026 0.122759 0.125256 0.127476 0.129387 0.130969 0.132220 0.133153 0.133799 0.134199 0.134410 0.134490 0.134505 0.134518 0.134591 0.134781 0.135142 0.135723 0.136568 0.137722 0.139227 0.141124 0.143458 0.146279 0.149640 0.153602 0.158236 0.163619 0.169841 0.176998 0.185194 0.194526 0.205077 0.216890 0.229932 0.244050 0.258912 0.273962 0.288412 0.301307 0.311698 0.318890 0.322671 0.323412 0.321974 0.319484 0.317099 0.315839 0.316540 0.319870 0.326405 0.336712 0.351440 0.371410 0.397727 0.431912 0.476083 0.533205 0.607430 0.704538 0.832442 1.001608 1.225100 1.517923 1.894276 2.351077 2.798425 2.976828 2.704271 2.198629 1.735948 1.396738 1.160556 0.992116 0.865084 0.763740 0.679900 0.609577 0.550613 0.501448 0.460684 0.427013 0.399248 0.376355 0.357462 0.341851 0.328936 0.318245 0.309395 0.302079 0.296047 0.291095 0.287059 0.283798 0.281201 0.279169 0.277623 0.276492 0.275720 0.275257 0.275062 0.275104 0.275359 0.275812 0.276456 0.277294 0.278337 0.279605 0.281129 0.282945 0.285100 0.287643 0.290629 0.294110 0.298132 0.302729 0.307905 0.313627 0.319805 0.326277 0.332795 0.339027 0.344574 0.349013 0.351966 0.353175 0.352560 0.350248 0.346549 0.341892 0.336752 0.331587 0.326789 0.322672 0.319469 0.317345 0.316416 0.316759 0.318431 0.321470 0.325903 0.331739 0.338960 0.347504 0.357242 0.367948 0.379271 0.390720 0.401682 0.411480 0.419490 0.425277 0.428723 0.430083 0.429954 0.429172 0.428705 0.429586 0.432905 0.439894 0.452093 0.471632 0.501732 0.547612 0.618296 0.730542 0.918292 1.258436 1.953226 3.649427 8.749367 17.253025 8.740396 3.631445 1.926157 1.222162 0.872659 0.675358 0.553330 0.472602 0.416387 0.375650 0.345183 0.321817 0.303535 0.289005 0.277317 0.267834 0.260099 0.253776 0.248615 0.244427 0.241065 0.238416 0.236388 0.234910 0.233923 0.233377 0.233233 0.233456 0.234019 0.234900 0.236085 0.237565 0.239343 0.241435 0.243872 0.246707 0.250021 0.253934 0.258610 0.264281 0.271271 0.280032 0.291210 0.305748 0.325068 0.351393 0.388364 0.442286 0.524844 0.659673 0.900249 1.387163 2.569876 6.117728 12.030749 6.119870 2.574209 1.393781 0.909279 0.671258 0.539122 0.459357 0.408259 0.374029 0.350216 0.332996 0.319947 0.309452 0.300402 0.292041 0.283884 0.275658 0.267254 0.258682 0.250031 0.241423 0.232988 0.224846 0.217090 0.209786 0.202976 0.196681 0.190903 0.185633 0.180854 0.176546 0.172685 0.169249 0.166215 0.163565 0.161283 0.159355 0.157773 0.156531 0.155627 0.155065 0.154850 0.154993 0.155509 0.156416 0.157739 0.159502 0.161736 0.164470 0.167734 0.171555 0.175952 0.180930 0.186475 0.192545 0.199057 0.205887 0.212858 0.219743 0.226270 0.232137 0.237023 0.240616 0.242628 0.242824 0.241053 0.237280 0.231606 0.224272 0.215625
0.115841 0.119440 0.122947 0.126294 0.129413 0.132236 0.134701 0.136761 0.138386 0.139571 0.140332 0.140708 0.140758 0.140552 0.140172 0.139699 0.139213 0.138787 0.138489 0.138377 0.138503 0.138912 0.139643 0.140735 0.142223 0.144142 0.146531 0.149430 0.152884 0.156942 0.161660 0.167094 0.173307 0.180354 0.188284 0.197122 0.206856 0.217411 0.228630 0.240238 0.251840 0.262926 0.272931 0.281332 0.287771 0.292166 0.294753 0.296049 0.296752 0.297619 0.299385 0.302712 0.308194 0.316391 0.327882 0.343328 0.363547 0.389612 0.422969 0.465612 0.520336 0.591126 0.683802 0.807171 0.975345 1.212938 1.567410 2.136584 3.104517 4.581384 5.549096 4.539861 3.036203 2.063813 1.510424 1.183445 0.975664 0.833094 0.728262 0.646938 0.581609 0.528113 0.483914 0.447264 0.416829 0.391531 0.370479 0.352937 0.338300 0.326071 0.315843 0.307287 0.300132 0.294159 0.289189 0.285072 0.281686 0.278931 0.276721 0.274985 0.273663 0.272708 0.272077 0.271740 0.271671 0.271856 0.272287 0.272965 0.273901 0.275113 0.276633 0.278499 0.280762 0.283481 0.286725 0.290570 0.295094 0.300374 0.306474 0.313431 0.321236 0.329805 0.338950 0.348345 0.357511 0.365835 0.372626 0.377234 0.379197 0.378360 0.374930 0.369424 0.362548 0.355050 0.347608 0.340770 0.334933 0.330371 0.327256 0.325697 0.325766 0.327515 0.330992 0.336245 0.343316 0.352230 0.362970 0.375440 0.389407 0.404445 0.419876 0.434764 0.447988 0.458435 0.465281 0.468249 0.467726 0.464675 0.460398 0.456293 0.453709 0.453926 0.458274 0.468335 0.486286 0.515452 0.561310 0.633518 0.750446 0.950608 1.326274 2.146832 4.504146 17.261018 17.255862 17.251138 4.484328 2.116964 1.286182 0.900061 0.689151 0.561116 0.477380 0.419506 0.377778 0.346683 0.322898 0.304326 0.289589 0.277752 0.268161 0.260349 0.253974 0.248783 0.244581 0.241223 0.238591 0.236596 0.235163 0.234232 0.233754 0.233686 0.233993 0.234645 0.235616 0.236887 0.238448 0.240296 0.242443 0.244917 0.247771 0.251086 0.254984 0.259635 0.265282 0.272259 0.281037 0.292288 0.306993 0.326638 0.353556 0.391609 0.447575 0.534293 0.678595 0.944669 1.519772 3.162666 12.031855 12.033263 12.035115 3.169256 1.529829 0.958384 0.696189 0.555994 0.473575 0.422016 0.388337 0.365555 0.349550 0.337688 0.328185 0.319794 0.311671 0.303291 0.294400 0.284960 0.275083 0.264969 0.254843 0.244920 0.235378 0.226345 0.217905 0.210101 0.202946 0.196431 0.190532 0.185219 0.180456 0.176206 0.172436 0.169115 0.166215 0.163712 0.161588 0.159829 0.158423 0.157366 0.156657 0.156298 0.156298 0.156668 0.157424 0.158586 0.160178 0.162226 0.164759 0.167807 0.171400 0.175560 0.180306 0.185644 0.191560 0.198021 0.204959 0.212272 0.219811 0.227373 0.234693 0.241435 0.247189 0.251487 0.253849 0.253858 0.251257 0.246033 0.238438 0.228946
0.121488 0.125673 0.129766 0.133678 0.137312 0.140573 0.143372 0.145637 0.147325 0.148423 0.148952 0.148968 0.148551 0.147799 0.146821 0.145723 0.144607 0.143563 0.142670 0.141993 0.141585 0.141490 0.141745 0.142380 0.143424 0.144903 0.146843 0.149273 0.152222 0.155724 0.159812 0.164521 0.169886 0.175932 0.182675 0.190110 0.198199 0.206860 0.215952 0.225266 0.234526 0.243404 0.251559 0.258698 0.264634 0.269349 0.273009 0.275952 0.278639 0.281595 0.285358 0.290458 0.297406 0.306717 0.318946 0.334732 0.354864 0.380364 0.412605 0.453483 0.505700 0.573239 0.662272 0.783007 0.953910 1.212270 1.643853 2.478605 4.460767 10.365827 20.194991 10.347567 4.430727 2.446958 1.620511 1.203876 0.962851 0.808144 0.700414 0.620530 0.558533 0.508926 0.468468 0.435092 0.407366 0.384231 0.364863 0.348607 0.334931 0.323404 0.313671 0.305446 0.298493 0.292620 0.287668 0.283508 0.280032 0.277153 0.274797 0.272902 0.271420 0.270309 0.269537 0.269079 0.268920 0.269051 0.269472 0.270192 0.271230 0.272614 0.274385 0.276595 0.279309 0.282607 0.286582 0.291339 0.296998 0.303682 0.311512 0.320587 0.330958 0.342588 0.355290 0.368666 0.382050 0.394495 0.404850 0.411965 0.414977 0.413580 0.408136 0.399567 0.389086 0.377905 0.367043 0.357241 0.348985 0.342554 0.338096 0.335681 0.335350 0.337141 0.341108 0.347327 0.355899 0.366929 0.380501 0.396620 0.415122 0.435552 0.457022 0.478114 0.496935 0.511435 0.519982 0.521965 0.518062 0.510001 0.499983 0.490144 0.482281 0.477858 0.478197 0.484770 0.499572 0.525677 0.568172 0.635970 0.745744 0.931365 1.269672 1.962875 3.657702 8.756453 17.259082 8.745564 3.635845 1.929893 1.225326 0.875329 0.677602 0.555208 0.474164 0.417679 0.376712 0.346049 0.322519 0.304102 0.289464 0.277693 0.268151 0.260381 0.254046 0.248897 0.244744 0.241442 0.238877 0.236959 0.235616 0.234788 0.234424 0.234481 0.234922 0.235714 0.236826 0.238234 0.239921 0.241878 0.244108 0.246635 0.249505 0.252795 0.256625 0.261168 0.266666 0.273455 0.282005 0.292979 0.307340 0.326525 0.352774 0.389742 0.443746 0.526485 0.661602 0.902589 1.390045 2.573450 6.122158 12.036222 6.126599 2.582435 1.403778 0.921356 0.685756 0.556404 0.479790 0.432181 0.401705 0.381772 0.368353 0.358757 0.351069 0.343895 0.336276 0.327652 0.317824 0.306887 0.295133 0.282948 0.270724 0.258795 0.247414 0.236748 0.226891 0.217877 0.209700 0.202328 0.195712 0.189799 0.184533 0.179862 0.175735 0.172109 0.168947 0.166215 0.163890 0.161949 0.160379 0.159169 0.158315 0.157817 0.157680 0.157914 0.158533 0.159555 0.161004 0.162906 0.165293 0.168198 0.171659 0.175713 0.180397 0.185746 0.191790 0.198549 0.206026 0.214200 0.223009 0.232327 0.241926 0.251439 0.260321 0.267841 0.273140 0.275382 0.273963 0.268713 0.259970 0.248490
0.127981 0.132921 0.137783 0.142447 0.146779 0.150641 0.153902 0.156457 0.158235 0.159216 0.159429 0.158953 0.157905 0.156423 0.154656 0.152748 0.150831 0.149016 0.147394 0.146038 0.145003 0.144328 0.144045 0.144177 0.144741 0.145754 0.147231 0.149188 0.151640 0.154607 0.158104 0.162151 0.166760 0.171938 0.177681 0.183968 0.190753 0.197959 0.205471 0.213133 0.220755 0.228126 0.235038 0.241325 0.246893 0.251754 0.256036 0.259976 0.263899 0.268184 0.273242 0.279498 0.287388 0.297374 0.309967 0.325765 0.345510 0.370157 0.400990 0.439797 0.489160 0.552989 0.637554 0.753684 0.921852 1.185274 1.648812 2.621875 5.364947 20.122003 20.120710 20.114788 5.353537 2.611146 1.643782 1.189652 0.937364 0.780177 0.673568 0.596424 0.537812 0.491677 0.454457 0.423927 0.398601 0.377430 0.359632 0.344605 0.331871 0.321048 0.311827 0.303955 0.297228 0.291479 0.286570 0.282390 0.278846 0.275864 0.273382 0.271348 0.269723 0.268473 0.267575 0.267010 0.266771 0.266856 0.267271 0.268035 0.269174 0.270726 0.272743 0.275293 0.278460 0.282346 0.287076 0.292798 0.299686 0.307935 0.317753 0.329351 0.342904 0.358493 0.376016 0.395056 0.414732 0.433599 0.449707 0.460928 0.465568 0.462991 0.453893 0.440034 0.423604 0.406627 0.390623 0.376560 0.364950 0.356010 0.349784 0.346249 0.345374 0.347159 0.351659 0.358994 0.369350 0.382974 0.400142 0.421090 0.445889 0.474217 0.505053 0.536325 0.564792 0.586498 0.598013 0.597954 0.587708 0.570738 0.551091 0.532194 0.516442 0.505373 0.500097 0.501730 0.511827 0.532867 0.568986 0.627271 0.720295 0.871409 1.126168 1.575877 2.386333 3.655639 4.500175 3.643637 2.362226 1.539453 1.077108 0.809277 0.644527 0.537160 0.463660 0.411256 0.372630 0.343378 0.320734 0.302893 0.288644 0.277146 0.267806 0.260191 0.253986 0.248951 0.244908 0.241717 0.239268 0.237476 0.236271 0.235594 0.235396 0.235634 0.236268 0.237260 0.238576 0.240184 0.242056 0.244172 0.246526 0.249128 0.252015 0.255256 0.258964 0.263308 0.268525 0.274942 0.283012 0.293361 0.306879 0.324864 0.349284 0.383241 0.431858 0.504046 0.616178 0.800043 1.119208 1.688994 2.577681 3.171388 2.583370 1.700523 1.136875 0.824280 0.647529 0.543131 0.479317 0.439639 0.414990 0.399893 0.390713 0.384794 0.380056 0.374879 0.368113 0.359138 0.347863 0.334635 0.320071 0.304872 0.289684 0.275010 0.261194 0.248433 0.236810 0.226329 0.216944 0.208580 0.201153 0.194575 0.188762 0.183637 0.179131 0.175187 0.171753 0.168787 0.166256 0.164133 0.162398 0.161037 0.160041 0.159408 0.159141 0.159249 0.159743 0.160643 0.161974 0.163764 0.166049 0.168872 0.172282 0.176334 0.181094 0.186633 0.193035 0.200388 0.208786 0.218315 0.229036 0.240940 0.253888 0.267512 0.281110 0.293563 0.303382 0.308957 0.309020 0.303119 0.291825 0.276517
0.135468 0.141391 0.147273 0.152954 0.158245 0.162948 0.166865 0.169834 0.171746 0.172565 0.172334 0.171172 0.169251 0.166775 0.163954 0.160984 0.158038 0.155253 0.152735 0.150563 0.148789 0.147446 0.146557 0.146133 0.146181 0.146703 0.147704 0.149185 0.151151 0.153605 0.156552 0.159995 0.163933 0.168360 0.173261 0.178606 0.184351 0.190428 0.196745 0.203190 0.209632 0.215934 0.221970 0.227645 0.232918 0.237816 0.242443 0.246975 0.251653 0.256764 0.262628 0.269592 0.278027 0.288340 0.300991 0.316526 0.335622 0.359152 0.388288 0.424665 0.470657 0.529879 0.608165 0.715568 0.870843 1.112337 1.527847 2.350055 4.325700 10.231290 20.066992 10.229669 4.323932 2.350573 1.533259 1.124705 0.891275 0.744164 0.644223 0.572215 0.517894 0.475450 0.441407 0.413576 0.390508 0.371191 0.354891 0.341052 0.329242 0.319121 0.310415 0.302905 0.296414 0.290799 0.285943 0.281752 0.278149 0.275073 0.272472 0.270307 0.268546 0.267164 0.266144 0.265477 0.265159 0.265198 0.265605 0.266407 0.267638 0.269348 0.271601 0.274480 0.278091 0.282564 0.288064 0.294792 0.302994 0.312962 0.325043 0.339622 0.357097 0.377813 0.401925 0.429170 0.458535 0.487900 0.513902 0.532423 0.539893 0.534894 0.518910 0.495578 0.469088 0.442877 0.419152 0.399021 0.382856 0.370631 0.362154 0.357209 0.355633 0.357356 0.362421 0.371004 0.383422 0.400138 0.421760 0.448978 0.482428 0.522356 0.568000 0.616653 0.662804 0.698427 0.715667 0.711130 0.688126 0.654455 0.618148 0.584825 0.557433 0.537167 0.524462 0.519705 0.523706 0.538079 0.565693 0.611376 0.683075 0.793698 0.963332 1.218540 1.573584 1.958559 2.140677 1.945337 1.547005 1.178331 0.909077 0.724827 0.598850 0.510861 0.447720 0.401184 0.366049 0.338963 0.317714 0.300803 0.287193 0.276151 0.267147 0.259793 0.253800 0.248949 0.245075 0.242046 0.239764 0.238147 0.237130 0.236659 0.236686 0.237169 0.238065 0.239333 0.240932 0.242820 0.244955 0.247303 0.249838 0.252553 0.255469 0.258640 0.262171 0.266220 0.271017 0.276875 0.284218 0.293618 0.305859 0.322041 0.343758 0.373392 0.414601 0.473155 0.558223 0.683936 0.868906 1.123193 1.398365 1.532814 1.405366 1.137410 0.890766 0.714072 0.597460 0.522478 0.475091 0.446117 0.429606 0.421466 0.418578 0.418283 0.418183 0.416194 0.410773 0.401167 0.387493 0.370582 0.351648 0.331936 0.312482 0.294012 0.276956 0.261507 0.247694 0.235449 0.224650 0.215156 0.206824 0.199518 0.193116 0.187511 0.182610 0.178336 0.174624 0.171422 0.168684 0.166379 0.164481 0.162970 0.161836 0.161073 0.160682 0.160671 0.161052 0.161846 0.163077 0.164781 0.167000 0.169787 0.173207 0.177338 0.182278 0.188147 0.195092 0.203289 0.212950 0.224316 0.237636 0.253121 0.270846 0.290572 0.311497 0.331981 0.349439 0.360718 0.363089 0.355481 0.339052 0.316609
0.144123 0.151333 0.158583 0.165658 0.172294 0.178197 0.183067 0.186647 0.188760 0.189347 0.188476 0.186330 0.183176 0.179319 0.175065 0.170685 0.166403 0.162391 0.158767 0.155611 0.152967 0.150856 0.149286 0.148252 0.147744 0.147752 0.148265 0.149270 0.150760 0.152725 0.155159 0.158053 0.161395 0.165171 0.169360 0.173929 0.178835 0.184023 0.189421 0.194948 0.200513 0.206028 0.211417 0.216628 0.221648 0.226510 0.231303 0.236164 0.241278 0.246871 0.253199 0.260546 0.269228 0.279598 0.292063 0.307108 0.325337 0.347523 0.374701 0.408302 0.450389 0.504059 0.574198 0.668925 0.802508 1.001498 1.317996 1.856987 2.809697 4.289352 5.274684 4.290760 2.813259 1.863954 1.329750 1.019184 0.826792 0.699920 0.611533 0.547023 0.498089 0.459792 0.429072 0.403951 0.383102 0.365595 0.350755 0.338078 0.327176 0.317746 0.309550 0.302398 0.296139 0.290654 0.285846 0.281639 0.277972 0.274797 0.272074 0.269774 0.267873 0.266355 0.265210 0.264435 0.264034 0.264017 0.264407 0.265235 0.266544 0.268394 0.270862 0.274049 0.278084 0.283129 0.289395 0.297145 0.306716 0.318533 0.333127 0.351152 0.373380 0.400652 0.433734 0.472970 0.517634 0.564946 0.609162 0.641886 0.654908 0.644729 0.614917 0.573755 0.529714 0.488621 0.453349 0.424729 0.402539 0.386161 0.374928 0.368288 0.365859 0.367456 0.373097 0.383024 0.397726 0.417983 0.444915 0.480009 0.525063 0.581849 0.651151 0.730641 0.811617 0.877057 0.906864 0.891487 0.840273 0.773144 0.707015 0.650585 0.606322 0.573775 0.551734 0.539254 0.536053 0.542690 0.560709 0.592842 0.643262 0.717677 0.822459 0.960667 1.121265 1.262841 1.317725 1.248288 1.091985 0.916313 0.762499 0.641385 0.549690 0.480790 0.428663 0.388724 0.357685 0.333228 0.313717 0.297991 0.285212 0.274771 0.266217 0.259213 0.253506 0.248900 0.245248 0.242433 0.240366 0.238974 0.238200 0.237993 0.238311 0.239113 0.240356 0.241996 0.243981 0.246256 0.248764 0.251444 0.254247 0.257138 0.260111 0.263202 0.266499 0.270151 0.274381 0.279487 0.285866 0.294028 0.304642 0.318596 0.337094 0.361810 0.395079 0.440133 0.501195 0.582910 0.687596 0.807769 0.914835 0.961960 0.923197 0.824789 0.713872 0.619345 0.549005 0.500826 0.470414 0.453682 0.447318 0.448545 0.454713 0.462991 0.470277 0.473494 0.470215 0.459355 0.441450 0.418328 0.392350 0.365706 0.340019 0.316266 0.294903 0.276026 0.259524 0.245185 0.232758 0.221997 0.212673 0.204585 0.197562 0.191457 0.186151 0.181543 0.177553 0.174113 0.171171 0.168686 0.166627 0.164970 0.163701 0.162812 0.162303 0.162180 0.162456 0.163153 0.164301 0.165937 0.168114 0.170896 0.174367 0.178631 0.183824 0.190121 0.197743 0.206979 0.218196 0.231850 0.248492 0.268729 0.293111 0.321877 0.354445 0.388666 0.420120 0.442354 0.449060 0.437553 0.410581 0.374510
0.154139 0.163047 0.172151 0.181168 0.189726 0.197383 0.203674 0.208179 0.210605 0.210849 0.209022 0.205423 0.200481 0.194666 0.188430 0.182152 0.176125 0.170551 0.165559 0.161216 0.157550 0.154559 0.152226 0.150524 0.149424 0.148895 0.148908 0.149439 0.150464 0.151965 0.153921 0.156315 0.159128 0.162338 0.165920 0.169843 0.174066 0.178543 0.183220 0.188037 0.192931 0.197846 0.202735 0.207573 0.212363 0.217140 0.221980 0.226995 0.232330 0.238168 0.244715 0.252208 0.260914 0.271136 0.283226 0.297606 0.314798 0.335466 0.360487 0.391054 0.428845 0.476306 0.537125 0.617038 0.725205 0.876376 1.093518 1.407072 1.833335 2.291442 2.512403 2.294626 1.840092 1.418060 1.109478 0.897940 0.752754 0.650639 0.576549 0.521091 0.478374 0.444640 0.417427 0.395084 0.376467 0.360759 0.347363 0.335831 0.325821 0.317068 0.309365 0.302553 0.296508 0.291133 0.286353 0.282110 0.278359 0.275066 0.272203 0.269752 0.267697 0.266030 0.264747 0.263851 0.263352 0.263266 0.263621 0.264455 0.265819 0.267784 0.270438 0.273900 0.278324 0.283906 0.290904 0.299656 0.310604 0.324334 0.341621 0.363491 0.391285 0.426701 0.471745 0.528381 0.597522 0.676800 0.757116 0.820595 0.846129 0.823771 0.763543 0.686626 0.610978 0.545785 0.493515 0.453369 0.423519 0.402124 0.387686 0.379117 0.375715 0.377126 0.383324 0.394622 0.411720 0.435807 0.468723 0.513192 0.573095 0.653580 0.760321 0.896069 1.051242 1.189729 1.252479 1.206593 1.084606 0.945236 0.824329 0.731318 0.663468 0.615324 0.582200 0.560931 0.549766 0.548108 0.556296 0.575429 0.607169 0.653275 0.714447 0.787874 0.863477 0.921673 0.939388 0.905674 0.831261 0.739001 0.648246 0.568829 0.503288 0.450602 0.408615 0.375133 0.348298 0.326641 0.309042 0.294651 0.282829 0.273092 0.265072 0.258488 0.253126 0.248818 0.245437 0.242883 0.241078 0.239962 0.239485 0.239608 0.240293 0.241503 0.243197 0.245327 0.247833 0.250644 0.253677 0.256839 0.260041 0.263208 0.266296 0.269308 0.272314 0.275455 0.278950 0.283096 0.288271 0.294935 0.303653 0.315118 0.330199 0.349987 0.375830 0.409299 0.451935 0.504485 0.565232 0.627392 0.677584 0.700012 0.687328 0.647277 0.596069 0.547527 0.508911 0.482450 0.467910 0.464199 0.469973 0.483627 0.502954 0.524689 0.544311 0.556560 0.556914 0.543433 0.517604 0.483460 0.445701 0.408168 0.373279 0.342173 0.315127 0.291940 0.272196 0.255422 0.241162 0.229012 0.218626 0.209719 0.202056 0.195445 0.189732 0.184792 0.180526 0.176854 0.173712 0.171052 0.168836 0.167037 0.165638 0.164627 0.164004 0.163773 0.163951 0.164558 0.165629 0.167208 0.169356 0.172150 0.175692 0.180117 0.185599 0.192374 0.200752 0.211151 0.224134 0.240453 0.261106 0.287366 0.320745 0.362729 0.414001 0.472726 0.531901 0.577778 0.594125 0.573290 0.522973 0.459446
0.165724 0.176884 0.188527 0.200291 0.211654 0.221946 0.230422 0.236379 0.239306 0.239018 0.235708 0.229891 0.222278 0.213623 0.204600 0.195740 0.187414 0.179849 0.173163 0.167395 0.162534 0.158541 0.155360 0.152933 0.151203 0.150115 0.149622 0.149682 0.150256 0.151314 0.152825 0.154764 0.157105 0.159821 0.162884 0.166263 0.169922 0.173823 0.177922 0.182176 0.186541 0.190981 0.195469 0.199994 0.204567 0.209225 0.214032 0.219080 0.224488 0.230403 0.236997 0.244465 0.253031 0.262952 0.274529 0.288118 0.304157 0.323198 0.345950 0.373357 0.406701 0.447760 0.499052 0.564156 0.648093 0.757504 0.899712 1.078187 1.280131 1.457699 1.532774 1.462038 1.289014 1.091968 0.918793 0.782230 0.678670 0.600606 0.541209 0.495293 0.459158 0.430209 0.406626 0.387119 0.370755 0.356850 0.344892 0.334493 0.325356 0.317255 0.310018 0.303513 0.297646 0.292342 0.287551 0.283233 0.279362 0.275918 0.272885 0.270255 0.268020 0.266181 0.264738 0.263700 0.263082 0.262905 0.263201 0.264015 0.265405 0.267449 0.270250 0.273942 0.278701 0.284759 0.292424 0.302108 0.314370 0.329977 0.349994 0.375920 0.409884 0.454903 0.515190 0.596276 0.704248 0.842103 0.999828 1.139404 1.198604 1.142878 1.006853 0.852835 0.718928 0.615239 0.538877 0.483877 0.444855 0.417780 0.399856 0.389243 0.384811 0.385992 0.392693 0.405294 0.424722 0.452635 0.491757 0.546479 0.623876 0.735318 0.898403 1.136345 1.461592 1.813146 1.987920 1.833482 1.501690 1.195086 0.974185 0.826188 0.727730 0.661318 0.615981 0.585302 0.565757 0.555613 0.554227 0.561590 0.577910 0.603116 0.636066 0.673453 0.708791 0.732745 0.736203 0.715185 0.673397 0.619673 0.563058 0.509730 0.462661 0.422602 0.389149 0.361448 0.338566 0.319651 0.303984 0.290982 0.280177 0.271204 0.263773 0.257660 0.252689 0.248721 0.245652 0.243400 0.241902 0.241112 0.240993 0.241515 0.242652 0.244376 0.246649 0.249423 0.252631 0.256181 0.259957 0.263822 0.267628 0.271234 0.274537 0.277493 0.280145 0.282630 0.285183 0.288118 0.291820 0.296727 0.303325 0.312160 0.323838 0.339033 0.358453 0.382736 0.412202 0.446365 0.483202 0.518473 0.545968 0.559647 0.557075 0.541203 0.518618 0.496144 0.478727 0.469216 0.469049 0.478934 0.499170 0.529508 0.568502 0.612403 0.654102 0.683481 0.690698 0.671444 0.629667 0.574826 0.516616 0.461663 0.413159 0.371917 0.337511 0.309031 0.285484 0.265963 0.249702 0.236076 0.224590 0.214850 0.206547 0.199436 0.193326 0.188066 0.183535 0.179639 0.176306 0.173478 0.171112 0.169176 0.167649 0.166520 0.165786 0.165451 0.165532 0.166052 0.167049 0.168573 0.170693 0.173499 0.177113 0.181697 0.187468 0.194720 0.203861 0.215452 0.230285 0.249485 0.274660 0.308103 0.353030 0.413670 0.494687 0.598370 0.717009 0.821364 0.863585 0.817099 0.708513 0.585710
0.179086 0.193238 0.208387 0.224095 0.239643 0.254013 0.265978 0.274306 0.278067 0.276915 0.271201 0.261863 0.250138 0.237260 0.224253 0.211844 0.200478 0.190376 0.181605 0.174137 0.167891 0.162766 0.158652 0.155446 0.153054 0.151392 0.150388 0.149982 0.150120 0.150758 0.151857 0.153381 0.155300 0.157582 0.160197 0.163114 0.166302 0.169727 0.173354 0.177151 0.181088 0.185140 0.189293 0.193544 0.197910 0.202425 0.207142 0.212141 0.217518 0.223395 0.229912 0.237232 0.245542 0.255056 0.266024 0.278742 0.293566 0.310937 0.331405 0.355678 0.384673 0.419585 0.461972 0.513803 0.577400 0.655013 0.747570 0.851898 0.956414 1.038582 1.071862 1.043770 0.966903 0.867880 0.769268 0.682616 0.611014 0.553421 0.507458 0.470688 0.441038 0.416873 0.396941 0.380289 0.366191 0.354093 0.343568 0.334287 0.325999 0.318516 0.311699 0.305451 0.299703 0.294411 0.289548 0.285098 0.281051 0.277404 0.274155 0.271303 0.268852 0.266806 0.265173 0.263964 0.263198 0.262902 0.263110 0.263870 0.265249 0.267330 0.270228 0.274090 0.279113 0.285561 0.293787 0.304275 0.317699 0.335008 0.357579 0.387445 0.427687 0.483093 0.561247 0.674248 0.840772 1.085435 1.421503 1.784679 1.960576 1.788414 1.429053 1.096961 0.856525 0.694576 0.586609 0.514079 0.465042 0.432108 0.410733 0.398148 0.392732 0.393671 0.400786 0.414509 0.435975 0.467296 0.512103 0.576637 0.671939 0.818451 1.055963 1.464138 2.187545 3.311658 4.065854 3.336982 2.237356 1.536767 1.148946 0.928666 0.795870 0.710751 0.653265 0.613124 0.585043 0.566362 0.555781 0.552633 0.556394 0.566265 0.580729 0.597128 0.611500 0.619099 0.615807 0.599866 0.572690 0.538048 0.500323 0.463091 0.428597 0.397894 0.371227 0.348401 0.329018 0.312631 0.298807 0.287167 0.277387 0.269199 0.262386 0.256773 0.252223 0.248628 0.245904 0.243990 0.242841 0.242426 0.242724 0.243722 0.245408 0.247769 0.250779 0.254396 0.258547 0.263120 0.267958 0.272859 0.277587 0.281899 0.285592 0.288544 0.290762 0.292391 0.293710 0.295097 0.296984 0.299826 0.304078 0.310183 0.318569 0.329635 0.343711 0.360973 0.381276 0.403915 0.427367 0.449199 0.466443 0.476595 0.478839 0.474637 0.467194 0.460293 0.457364 0.461193 0.474095 0.498233 0.535808 0.588832 0.658048 0.740387 0.824978 0.890771 0.912987 0.879860 0.802875 0.706523 0.611547 0.528487 0.460068 0.405198 0.361569 0.326836 0.299007 0.276515 0.258159 0.243032 0.230451 0.219898 0.210980 0.203394 0.196911 0.191349 0.186570 0.182466 0.178952 0.175965 0.173456 0.171389 0.169740 0.168496 0.167652 0.167214 0.167198 0.167629 0.168548 0.170011 0.172093 0.174899 0.178565 0.183279 0.189297 0.196972 0.206801 0.219495 0.236087 0.258117 0.287933 0.329193 0.387706 0.472757 0.598686 0.784404 1.040098 1.316321 1.448232 1.312207 1.031898 0.772167
0.194392 0.212514 0.232528 0.253978 0.275918 0.296812 0.314589 0.326993 0.332218 0.329570 0.319749 0.304566 0.286283 0.266976 0.248190 0.230873 0.215489 0.202172 0.190857 0.181385 0.173557 0.167174 0.162049 0.158018 0.154939 0.152693 0.151181 0.150319 0.150038 0.150280 0.150996 0.152143 0.153682 0.155581 0.157807 0.160330 0.163118 0.166144 0.169379 0.172797 0.176377 0.180104 0.183968 0.187975 0.192139 0.196493 0.201083 0.205975 0.211250 0.217008 0.223363 0.230451 0.238425 0.247462 0.257765 0.269574 0.283170 0.298891 0.317148 0.338443 0.363389 0.392729 0.427328 0.468116 0.515909 0.570982 0.632266 0.696129 0.755242 0.798986 0.817004 0.804884 0.767104 0.714067 0.656409 0.601440 0.552741 0.511304 0.476764 0.448212 0.424629 0.405067 0.388714 0.374896 0.363064 0.352776 0.343679 0.335498 0.328026 0.321111 0.314650 0.308579 0.302866 0.297497 0.292474 0.287807 0.283506 0.279585 0.276055 0.272927 0.270209 0.267913 0.266048 0.264632 0.263684 0.263233 0.263316 0.263985 0.265308 0.267378 0.270312 0.274273 0.279471 0.286196 0.294838 0.305942 0.320278 0.338958 0.363641 0.396870 0.442699 0.507867 0.604131 0.753156 0.997040 1.420023 2.174970 3.352367 4.138125 3.356327 2.182972 1.432233 1.013715 0.774655 0.630925 0.540564 0.482073 0.443894 0.419546 0.405308 0.399080 0.399807 0.407223 0.421780 0.444759 0.478609 0.527669 0.599701 0.709287 0.886038 1.197041 1.818694 3.314945 7.780396 15.214824 7.812929 3.378868 1.911656 1.315422 1.025049 0.863336 0.763007 0.694978 0.645768 0.608976 0.581534 0.561898 0.549128 0.542387 0.540642 0.542431 0.545740 0.548054 0.546718 0.539587 0.525707 0.505601 0.480974 0.454022 0.426771 0.400718 0.376760 0.355305 0.336429 0.320018 0.305862 0.293723 0.283365 0.274573 0.267160 0.260968 0.255869 0.251758 0.248556 0.246202 0.244656 0.243892 0.243897 0.244673 0.246227 0.248570 0.251713 0.255654 0.260367 0.265785 0.271781 0.278151 0.284602 0.290762 0.296223 0.300606 0.303658 0.305324 0.305784 0.305421 0.304750 0.304329 0.304689 0.306298 0.309547 0.314746 0.322121 0.331793 0.343723 0.357636 0.372916 0.388546 0.403160 0.415308 0.423930 0.428853 0.431029 0.432378 0.435389 0.442764 0.457328 0.482209 0.521223 0.579334 0.662901 0.778855 0.930508 1.106022 1.260984 1.322829 1.251198 1.086239 0.900304 0.737589 0.609716 0.513167 0.440841 0.386284 0.344581 0.312211 0.286689 0.266265 0.249695 0.236083 0.224778 0.215297 0.207282 0.200461 0.194629 0.189626 0.185332 0.181654 0.178520 0.175876 0.173684 0.171918 0.170561 0.169609 0.169066 0.168949 0.169286 0.170118 0.171507 0.173533 0.176310 0.179990 0.184779 0.190966 0.198954 0.209316 0.222891 0.240935 0.265385 0.299338 0.347956 0.420262 0.532893 0.718200 1.040933 1.618605 2.520767 3.121512 2.516750 1.610592 1.028963
0.211711 0.235059 0.261823 0.291710 0.323638 0.355358 0.383320 0.403174 0.411148 0.405721 0.388418 0.363018 0.333875 0.304545 0.277282 0.253174 0.232520 0.215180 0.200814 0.189025 0.179426 0.171674 0.165475 0.160587 0.156809 0.153980 0.151969 0.150667 0.149987 0.149859 0.150221 0.151024 0.152224 0.153784 0.155670 0.157851 0.160298 0.162984 0.165887 0.168985 0.172263 0.175708 0.179319 0.183100 0.187068 0.191250 0.195688 0.200435 0.205559 0.211142 0.217278 0.224077 0.231666 0.240187 0.249802 0.260700 0.273096 0.287241 0.303428 0.321993 0.343320 0.367828 0.395933 0.427967 0.464014 0.503628 0.545421 0.586625 0.622933 0.649106 0.660619 0.655667 0.636097 0.606470 0.572034 0.537090 0.504371 0.475213 0.449994 0.428548 0.410460 0.395221 0.382326 0.371301 0.361732 0.353261 0.345592 0.338492 0.331791 0.325372 0.319172 0.313168 0.307367 0.301795 0.296488 0.291486 0.286825 0.282534 0.278640 0.275161 0.272114 0.269511 0.267368 0.265699 0.264527 0.263880 0.263797 0.264330 0.265550 0.267551 0.270456 0.274432 0.279702 0.286569 0.295449 0.306927 0.321836 0.341404 0.367486 0.403002 0.452752 0.525064 0.635406 0.815087 1.134994 1.781529 3.350674 8.056014 15.897583 8.060164 3.359056 1.794313 1.152441 0.837560 0.663387 0.559172 0.493774 0.451932 0.425581 0.410265 0.403523 0.404123 0.411716 0.426743 0.450533 0.485664 0.536761 0.612206 0.728068 0.918038 1.262723 1.997184 4.073606 15.219827 15.240372 15.262813 4.158164 2.120222 1.419122 1.100571 0.927889 0.819968 0.744009 0.685906 0.639612 0.602530 0.573382 0.551251 0.535196 0.524092 0.516565 0.510998 0.505626 0.498751 0.489054 0.475876 0.459335 0.440196 0.419567 0.398583 0.378187 0.359031 0.341496 0.325741 0.311781 0.299537 0.288889 0.279699 0.271831 0.265159 0.259574 0.254985 0.251318 0.248520 0.246553 0.245397 0.245047 0.245516 0.246827 0.249018 0.252134 0.256225 0.261328 0.267458 0.274577 0.282561 0.291162 0.299967 0.308402 0.315769 0.321378 0.324722 0.325642 0.324398 0.321601 0.318051 0.314555 0.311807 0.310337 0.310511 0.312554 0.316571 0.322556 0.330370 0.339723 0.350136 0.360953 0.371410 0.380802 0.388720 0.395285 0.401278 0.408116 0.417764 0.432675 0.455920 0.491575 0.545498 0.626641 0.749095 0.934535 1.211504 1.595325 2.011061 2.209142 2.002375 1.577797 1.184826 0.898248 0.702603 0.569232 0.476387 0.409979 0.361170 0.324383 0.296023 0.273720 0.255868 0.241359 0.229407 0.219448 0.211069 0.203962 0.197898 0.192703 0.188243 0.184417 0.181149 0.178381 0.176072 0.174192 0.172724 0.171663 0.171014 0.170791 0.171024 0.171757 0.173052 0.174995 0.177706 0.181344 0.186133 0.192380 0.200521 0.211184 0.225297 0.244272 0.270338 0.307168 0.361150 0.444160 0.580254 0.823917 1.318442 2.522019 6.136483 12.161842 6.132520 2.514107 1.306612
0.230921 0.261020 0.297059 0.339384 0.387211 0.437603 0.484505 0.519080 0.532679 0.521597 0.489542 0.445170 0.397323 0.352058 0.312320 0.278896 0.251447 0.229189 0.211260 0.196866 0.185341 0.176140 0.168833 0.163078 0.158606 0.155208 0.152715 0.150995 0.149942 0.149470 0.149509 0.150001 0.150898 0.152158 0.153745 0.155629 0.157780 0.160175 0.162793 0.165616 0.168630 0.171829 0.175212 0.178784 0.182560 0.186565 0.190834 0.195411 0.200352 0.205724 0.211604 0.218083 0.225260 0.233249 0.242178 0.252191 0.263448 0.276128 0.290431 0.306569 0.324762 0.345215 0.368079 0.393379 0.420897 0.450022 0.479562 0.507624 0.531691 0.549040 0.557506 0.556265 0.546178 0.529441 0.508791 0.486748 0.465185 0.445257 0.427522 0.412123 0.398946 0.387738 0.378177 0.369922 0.362635 0.356010 0.349784 0.343747 0.337758 0.331736 0.325662 0.319563 0.313498 0.307544 0.301781 0.296286 0.291120 0.286335 0.281969 0.278049 0.274594 0.271619 0.269137 0.267164 0.265720 0.264832 0.264537 0.264886 0.265950 0.267820 0.270623 0.274525 0.279753 0.286613 0.295531 0.307102 0.322184 0.342043 0.368608 0.404936 0.456108 0.531073 0.646817 0.838888 1.192365 1.955524 4.134483 15.895611 15.897565 15.899916 4.143176 1.968775 1.210437 0.862146 0.675744 0.566291 0.498407 0.455315 0.428327 0.412707 0.405852 0.406453 0.414113 0.429224 0.453056 0.488076 0.538675 0.612699 0.724853 0.904917 1.220208 1.847417 3.350849 7.825502 15.271495 7.883653 3.465739 2.015481 1.434608 1.154787 0.995862 0.889289 0.807070 0.738486 0.680144 0.631151 0.591016 0.558987 0.533990 0.514725 0.499759 0.487603 0.476807 0.466077 0.454423 0.441279 0.426538 0.410486 0.393658 0.376668 0.360080 0.344331 0.329713 0.316386 0.304408 0.293767 0.284410 0.276260 0.269235 0.263255 0.258248 0.254153 0.250925 0.248532 0.246959 0.246206 0.246293 0.247258 0.249156 0.252064 0.256073 0.261291 0.267827 0.275772 0.285164 0.295930 0.307810 0.320260 0.332397 0.343029 0.350860 0.354866 0.354675 0.350741 0.344170 0.336342 0.328533 0.321711 0.316500 0.313234 0.312038 0.312898 0.315695 0.320225 0.326196 0.333236 0.340912 0.348792 0.356551 0.364095 0.371695 0.380076 0.390462 0.404621 0.424988 0.454974 0.499644 0.567069 0.671064 0.836881 1.113494 1.598869 2.470799 3.834477 4.742597 3.826850 2.455432 1.575540 1.081879 0.796571 0.621587 0.507933 0.430392 0.375273 0.334728 0.304033 0.280223 0.261367 0.246164 0.233717 0.223393 0.214734 0.207405 0.201158 0.195805 0.191206 0.187254 0.183868 0.180986 0.178566 0.176577 0.175000 0.173829 0.173068 0.172732 0.172850 0.173466 0.174644 0.176472 0.179070 0.182603 0.187299 0.193474 0.201576 0.212254 0.226468 0.245689 0.272255 0.310057 0.365964 0.453021 0.598543 0.867926 1.452036 3.124381 12.163429 12.161465 12.159483 3.116499 1.440241
0.251563 0.290105 0.338584 0.399046 0.472432 0.556234 0.640876 0.707567 0.734119 0.710054 0.645854 0.563711 0.482421 0.411565 0.353653 0.307751 0.271816 0.243765 0.221832 0.204627 0.191087 0.180414 0.172004 0.165402 0.160264 0.156326 0.153382 0.151274 0.149878 0.149092 0.148839 0.149051 0.149677 0.150672 0.151997 0.153620 0.155515 0.157656 0.160026 0.162608 0.165392 0.168372 0.171546 0.174922 0.178512 0.182338 0.186428 0.190819 0.195558 0.200699 0.206304 0.212445 0.219202 0.226664 0.234929 0.244104 0.254305 0.265655 0.278282 0.292312 0.307854 0.324986 0.343712 0.363919 0.385308 0.407308 0.429016 0.449182 0.466313 0.478925 0.485903 0.486846 0.482197 0.473106 0.461083 0.447636 0.434010 0.421088 0.409394 0.399160 0.390403 0.382994 0.376705 0.371252 0.366327 0.361629 0.356891 0.351909 0.346555 0.340788 0.334641 0.328212 0.321631 0.315043 0.308586 0.302381 0.296523 0.291084 0.286111 0.281636 0.277680 0.274254 0.271367 0.269032 0.267263 0.266083 0.265527 0.265640 0.266491 0.268168 0.270793 0.274529 0.279597 0.286296 0.295041 0.306413 0.321244 0.340759 0.366813 0.402323 0.452087 0.524431 0.634822 0.814568 1.134555 1.781184 3.350435 8.055895 15.897597 8.060322 3.359371 1.794798 1.153108 0.838423 0.664459 0.560467 0.495303 0.453706 0.427604 0.412532 0.406011 0.406776 0.414419 0.429269 0.452442 0.486093 0.533957 0.602447 0.702852 0.855964 1.102052 1.521411 2.259419 3.402508 4.181038 3.482529 2.418978 1.757800 1.407257 1.213755 1.088840 0.988964 0.897452 0.812017 0.735298 0.669620 0.615522 0.572132 0.537865 0.510916 0.489518 0.472041 0.457056 0.443374 0.430094 0.416641 0.402759 0.388464 0.373962 0.359554 0.345552 0.332223 0.319769 0.308314 0.297922 0.288605 0.280346 0.273106 0.266837 0.261490 0.257023 0.253399 0.250595 0.248599 0.247417 0.247072 0.247608 0.249092 0.251618 0.255310 0.260326 0.266856 0.275123 0.285355 0.297752 0.312402 0.329137 0.347333 0.365687 0.382139 0.394168 0.399590 0.397547 0.388963 0.376086 0.361502 0.347334 0.334947 0.325020 0.317765 0.313124 0.310901 0.310834 0.312630 0.315975 0.320545 0.326031 0.332180 0.338856 0.346123 0.354327 0.364171 0.376794 0.393887 0.417910 0.452547 0.503620 0.580994 0.702778 0.905454 1.271513 2.017813 3.837748 9.306815 18.424974 9.300199 3.824435 1.997644 1.244258 0.870832 0.660474 0.530697 0.445062 0.385563 0.342504 0.310292 0.285528 0.266045 0.250414 0.237663 0.227111 0.218273 0.210795 0.204419 0.198949 0.194241 0.190183 0.186694 0.183710 0.181186 0.179091 0.177406 0.176123 0.175245 0.174787 0.174777 0.175258 0.176292 0.177967 0.180402 0.183759 0.188262 0.194223 0.202080 0.212464 0.226308 0.245027 0.270854 0.307466 0.361253 0.444095 0.580049 0.823599 1.318041 2.521560 6.135993 12.161343 6.132032 2.513647 1.306193
0.272696 0.321233 0.385617 0.471640 0.585673 0.730842 0.896611 1.043040 1.104773 1.045499 0.901533 0.738233 0.595545 0.484009 0.400502 0.338657 0.292687 0.258189 0.232012 0.211937 0.196405 0.184309 0.174855 0.167465 0.161714 0.157282 0.153930 0.151473 0.149767 0.148702 0.148188 0.148153 0.148539 0.149299 0.150394 0.151789 0.153459 0.155379 0.157531 0.159901 0.162480 0.165261 0.168244 0.171436 0.174846 0.178493 0.182401 0.186599 0.191126 0.196025 0.201347 0.207147 0.213490 0.220443 0.228079 0.236478 0.245719 0.255884 0.267050 0.279282 0.292623 0.307077 0.322579 0.338973 0.355964 0.373090 0.389699 0.404974 0.418011 0.427967 0.434241 0.436632 0.435395 0.431181 0.424876 0.417415 0.409631 0.402172 0.395471 0.389757 0.385086 0.381369 0.378404 0.375903 0.373529 0.370930 0.367792 0.363876 0.359058 0.353335 0.346822 0.339713 0.332246 0.324664 0.317183 0.309978 0.303182 0.296883 0.291137 0.285973 0.281405 0.277438 0.274072 0.271309 0.269157 0.267632 0.266761 0.266586 0.267167 0.268587 0.270959 0.274438 0.279230 0.285619 0.293990 0.304883 0.319063 0.337640 0.362267 0.395485 0.441343 0.506576 0.602940 0.752097 0.996142 1.419313 2.174476 3.352114 4.138137 3.356630 2.183590 1.433191 1.015041 0.776373 0.633064 0.543151 0.485133 0.447448 0.423606 0.409871 0.404107 0.405205 0.412791 0.427122 0.449112 0.480493 0.524149 0.584729 0.669690 0.790946 0.966858 1.221695 1.569332 1.950638 2.164782 2.061628 1.794286 1.563100 1.419209 1.330996 1.252655 1.155908 1.039993 0.920317 0.811465 0.720246 0.647245 0.590121 0.545754 0.511186 0.483903 0.461860 0.443426 0.427334 0.412644 0.398718 0.385183 0.371883 0.358824 0.346109 0.333881 0.322284 0.311437 0.301423 0.292292 0.284061 0.276728 0.270274 0.264672 0.259898 0.255927 0.252742 0.250339 0.248724 0.247923 0.247979 0.248963 0.250974 0.254149 0.258674 0.264787 0.272800 0.283097 0.296139 0.312434 0.332442 0.356370 0.383767 0.412925 0.440319 0.460798 0.469326 0.463759 0.446293 0.422015 0.396126 0.372200 0.351989 0.335983 0.324005 0.315610 0.310290 0.307562 0.306991 0.308198 0.310858 0.314713 0.319590 0.325449 0.332422 0.340882 0.351509 0.365375 0.384097 0.410098 0.447114 0.501214 0.582938 0.712133 0.930209 1.336171 2.218887 4.748963 18.428113 18.425125 18.422461 4.737599 2.201695 1.312987 0.900833 0.676349 0.540536 0.452028 0.391053 0.347189 0.314519 0.289481 0.269825 0.254077 0.241236 0.230609 0.221700 0.214153 0.207705 0.202160 0.197372 0.193231 0.189653 0.186577 0.183956 0.181759 0.179966 0.178568 0.177567 0.176977 0.176825 0.177150 0.178013 0.179498 0.181717 0.184827 0.189039 0.194646 0.202057 0.211854 0.224883 0.242408 0.266373 0.299883 0.348107 0.420072 0.532420 0.717502 1.040068 1.617628 2.519730 3.120462 2.515728 1.609630 1.028088
0.292784 0.352157 0.435221 0.554660 0.730064 0.987253 1.340133 1.721172 1.905271 1.723604 1.345000 0.994563 0.739826 0.566888 0.449931 0.369370 0.312525 0.271449 0.241134 0.218358 0.201000 0.187627 0.177250 0.169170 0.162885 0.158026 0.154321 0.151561 0.149588 0.148278 0.147537 0.147285 0.147462 0.148017 0.148910 0.150106 0.151578 0.153303 0.155263 0.157445 0.159838 0.162439 0.165246 0.168264 0.171501 0.174973 0.178698 0.182702 0.187014 0.191670 0.196709 0.202177 0.208120 0.214592 0.221645 0.229336 0.237718 0.246843 0.256753 0.267476 0.279013 0.291332 0.304345 0.317892 0.331724 0.345485 0.358718 0.370887 0.381439 0.389881 0.395881 0.399345 0.400442 0.399576 0.397303 0.394237 0.390956 0.387940 0.385537 0.383947 0.383223 0.383274 0.383871 0.384667 0.385221 0.385060 0.383745 0.380949 0.376525 0.370527 0.363190 0.354871 0.345971 0.336875 0.327907 0.319312 0.311256 0.303842 0.297120 0.291108 0.285803 0.281194 0.277264 0.274004 0.271407 0.269481 0.268243 0.267725 0.267979 0.269079 0.271127 0.274262 0.278673 0.284615 0.292434 0.302607 0.315799 0.332956 0.355447 0.385298 0.425587 0.481095 0.559403 0.672606 0.839375 1.084325 1.420721 1.784261 1.960559 1.788837 1.429951 1.098372 0.858490 0.697135 0.589803 0.517950 0.469632 0.437453 0.416858 0.405058 0.400393 0.401977 0.409503 0.423169 0.443680 0.472336 0.511193 0.563324 0.633123 0.726486 0.850172 1.008493 1.194127 1.374210 1.494248 1.527348 1.512677 1.512302 1.551505 1.599199 1.586162 1.469774 1.281727 1.084481 0.915779 0.784316 0.685467 0.611687 0.556267 0.514062 0.481300 0.455243 0.433889 0.415780 0.399864 0.385413 0.371953 0.359211 0.347060 0.335475 0.324482 0.314136 0.304490 0.295589 0.287460 0.280117 0.273560 0.267779 0.262763 0.258499 0.254977 0.252196 0.250165 0.248908 0.248466 0.248905 0.250321 0.252847 0.256669 0.262041 0.269304 0.278919 0.291503 0.307867 0.329046 0.356261 0.390713 0.432957 0.481536 0.530863 0.569967 0.585890 0.572528 0.536028 0.489385 0.443613 0.404334 0.373039 0.349202 0.331643 0.319153 0.310698 0.305454 0.302780 0.302184 0.303297 0.305859 0.309725 0.314885 0.321493 0.329914 0.340781 0.355087 0.374326 0.400758 0.437888 0.491399 0.571065 0.694944 0.899499 1.267224 2.014992 3.836217 9.306417 18.425577 9.301687 3.826712 2.000624 1.247868 0.875005 0.665149 0.535816 0.450570 0.391407 0.348630 0.316651 0.292068 0.272719 0.257177 0.244470 0.233924 0.225056 0.217519 0.211055 0.205474 0.200636 0.196431 0.192778 0.189618 0.186906 0.184609 0.182707 0.181191 0.180062 0.179330 0.179020 0.179170 0.179835 0.181093 0.183048 0.185844 0.189674 0.194803 0.201593 0.210554 0.222407 0.238199 0.259484 0.288620 0.329275 0.387268 0.471887 0.597477 0.782948 1.038480 1.314622 1.446525 1.310555 1.030350 0.770764
0.309756 0.379328 0.481345 0.638534 0.895072 1.339375 2.131902 3.367619 4.191843 3.370027 2.136719 1.346608 0.904729 0.650628 0.495891 0.396343 0.329262 0.282318 0.248453 0.223426 0.204576 0.190173 0.179058 0.170427 0.163716 0.158514 0.154521 0.151513 0.149317 0.147804 0.146869 0.146432 0.146428 0.146806 0.147522 0.148544 0.149843 0.151396 0.153185 0.155198 0.157425 0.159861 0.162505 0.165359 0.168431 0.171732 0.175279 0.179091 0.183191 0.187608 0.192373 0.197521 0.203087 0.209111 0.215632 0.222687 0.230312 0.238536 0.247380 0.256847 0.266920 0.277551 0.288649 0.300075 0.311628 0.323046 0.334013 0.344179 0.353202 0.360793 0.366774 0.371114 0.373946 0.375551 0.376314 0.376673 0.377059 0.377853 0.379350 0.381734 0.385050 0.389189 0.393864 0.398606 0.402787 0.405689 0.406623 0.405076 0.400839 0.394050 0.385158 0.374792 0.363623 0.352254 0.341152 0.330641 0.320915 0.312069 0.304130 0.297086 0.290904 0.285542 0.280960 0.277128 0.274024 0.271638 0.269977 0.269062 0.268934 0.269655 0.271312 0.274027 0.277965 0.283346 0.290468 0.299733 0.311691 0.327099 0.347014 0.372928 0.406961 0.452125 0.512624 0.593987 0.702293 0.840539 0.998706 1.138774 1.198516 1.143380 1.007995 0.854668 0.721504 0.618614 0.543107 0.489021 0.450973 0.424927 0.408078 0.398565 0.395222 0.397408 0.404905 0.417867 0.436820 0.462692 0.496876 0.541291 0.598373 0.670846 0.760902 0.868342 0.987722 1.107117 1.214530 1.313346 1.432865 1.619290 1.903666 2.225997 2.359814 2.132735 1.714485 1.331936 1.052124 0.859663 0.727335 0.634466 0.567549 0.517997 0.480286 0.450771 0.426981 0.407209 0.390261 0.375312 0.361804 0.349375 0.337812 0.326999 0.316885 0.307457 0.298720 0.290684 0.283357 0.276740 0.270832 0.265627 0.261121 0.257307 0.254188 0.251772 0.250081 0.249150 0.249038 0.249829 0.251643 0.254650 0.259083 0.265271 0.273669 0.284919 0.299929 0.319995 0.346963 0.383409 0.432723 0.498634 0.582979 0.679606 0.765179 0.801501 0.767361 0.684003 0.589657 0.507690 0.444284 0.397629 0.364017 0.340076 0.323242 0.311672 0.304071 0.299523 0.297385 0.297208 0.298700 0.301708 0.306219 0.312375 0.320507 0.331181 0.345275 0.364109 0.389657 0.424939 0.474730 0.546922 0.655235 0.824898 1.104899 1.593245 2.467776 3.833736 4.743866 3.829898 2.460063 1.581584 1.089188 0.805012 0.631037 0.518278 0.441521 0.387078 0.347102 0.316873 0.293428 0.274838 0.259808 0.247448 0.237131 0.228408 0.220952 0.214524 0.208944 0.204078 0.199826 0.196110 0.192874 0.190073 0.187677 0.185666 0.184028 0.182763 0.181880 0.181400 0.181355 0.181796 0.182793 0.184440 0.186863 0.190235 0.194783 0.200817 0.208758 0.219188 0.232915 0.251085 0.275320 0.307932 0.352146 0.412201 0.492762 0.596120 0.714556 0.818823 0.861056 0.814666 0.706248 0.583665
0.321358 0.398400 0.515154 0.704473 1.040759 1.719681 3.366890 8.306239 16.537729 8.308623 3.371661 1.726843 1.050321 0.716444 0.529547 0.415231 0.340646 0.289568 0.253269 0.226723 0.206875 0.191785 0.180172 0.171166 0.164157 0.158710 0.154506 0.151310 0.148941 0.147263 0.146170 0.145579 0.145423 0.145648 0.146213 0.147083 0.148229 0.149630 0.151268 0.153130 0.155206 0.157491 0.159983 0.162683 0.165598 0.168737 0.172110 0.175735 0.179631 0.183818 0.188321 0.193167 0.198383 0.203997 0.210037 0.216528 0.223492 0.230944 0.238891 0.247324 0.256216 0.265518 0.275148 0.284992 0.294896 0.304672 0.314104 0.322969 0.331055 0.338202 0.344322 0.349432 0.353655 0.357215 0.360417 0.363612 0.367164 0.371419 0.376667 0.383111 0.390823 0.399693 0.409367 0.419200 0.428250 0.435356 0.439347 0.439324 0.434932 0.426472 0.414791 0.401018 0.386282 0.371514 0.357368 0.344239 0.332319 0.321657 0.312224 0.303944 0.296732 0.290501 0.285176 0.280696 0.277017 0.274113 0.271975 0.270611 0.270047 0.270333 0.271540 0.273769 0.277157 0.281889 0.288209 0.296440 0.307014 0.320504 0.337674 0.359539 0.387431 0.423040 0.468363 0.525356 0.594928 0.674706 0.755585 0.819690 0.845911 0.824300 0.764880 0.688836 0.614126 0.549941 0.498753 0.459767 0.431156 0.411079 0.398032 0.390914 0.388991 0.391853 0.399369 0.411673 0.429151 0.452458 0.482520 0.520529 0.567867 0.625902 0.695576 0.776842 0.868459 0.969541 1.084737 1.233720 1.464657 1.875137 2.636142 3.849612 4.649726 3.782742 2.502844 1.677829 1.210442 0.936939 0.766870 0.654836 0.577311 0.521393 0.479589 0.447308 0.421612 0.400549 0.382795 0.367437 0.353851 0.341615 0.330452 0.320187 0.310717 0.301980 0.293943 0.286590 0.279908 0.273889 0.268526 0.263814 0.259749 0.256332 0.253569 0.251479 0.250090 0.249451 0.249630 0.250729 0.252891 0.256317 0.261289 0.268206 0.277639 0.290422 0.307793 0.331636 0.364881 0.412177 0.480943 0.582635 0.732358 0.938246 1.160833 1.268530 1.162653 0.941915 0.737928 0.590187 0.490579 0.424024 0.379083 0.348354 0.327200 0.312699 0.302976 0.296800 0.293355 0.292098 0.292688 0.294943 0.298826 0.304451 0.312095 0.322238 0.335623 0.353347 0.377024 0.409046 0.453029 0.514570 0.602516 0.730953 0.921612 1.203123 1.590898 2.010090 2.211208 2.007127 1.584938 1.194101 0.909434 0.715503 0.583662 0.492175 0.426957 0.379174 0.343251 0.315596 0.293841 0.276387 0.262132 0.250301 0.240340 0.231850 0.224537 0.218185 0.212633 0.207758 0.203470 0.199698 0.196389 0.193502 0.191007 0.188884 0.187120 0.185714 0.184671 0.184006 0.183750 0.183945 0.184652 0.185952 0.187956 0.190808 0.194701 0.199886 0.206696 0.215574 0.227107 0.242075 0.261500 0.286676 0.319132 0.360365 0.411065 0.469393 0.528337 0.574135 0.590536 0.569868 0.519807 0.456603
0.325787 0.405600 0.528000 0.730291 1.101774 1.903074 4.190416 16.537037 16.538211 16.539401 4.195146 1.910174 1.111249 0.742151 0.542255 0.422263 0.344875 0.292273 0.255075 0.227959 0.207724 0.192353 0.180524 0.171341 0.164179 0.158593 0.154260 0.150938 0.148447 0.146647 0.145432 0.144716 0.144434 0.144532 0.144967 0.145706 0.146719 0.147986 0.149489 0.151214 0.153153 0.155299 0.157651 0.160208 0.162974 0.165957 0.169166 0.172612 0.176312 0.180281 0.184538 0.189104 0.193998 0.199241 0.204852 0.210847 0.217240 0.224036 0.231233 0.238819 0.246765 0.255025 0.263531 0.272195 0.280902 0.289523 0.297914 0.305935 0.313465 0.320423 0.326787 0.332608 0.338015 0.343219 0.348495 0.354173 0.360612 0.368181 0.377228 0.388046 0.400805 0.415469 0.431664 0.448536 0.464659 0.478087 0.486690 0.488753 0.483598 0.471855 0.455199 0.435723 0.415349 0.395496 0.377030 0.360362 0.345600 0.332676 0.321437 0.311705 0.303306 0.296088 0.289926 0.284722 0.280403 0.276922 0.274252 0.272386 0.271337 0.271138 0.271842 0.273530 0.276312 0.280332 0.285784 0.292915 0.302046 0.313587 0.328056 0.346093 0.368457 0.395979 0.429414 0.469099 0.514298 0.562227 0.607135 0.640627 0.654487 0.645218 0.616389 0.576286 0.533384 0.493516 0.459558 0.432350 0.411675 0.396919 0.387417 0.382609 0.382098 0.385662 0.393253 0.404996 0.421186 0.442290 0.468943 0.501929 0.542136 0.590486 0.647862 0.715234 0.794399 0.890203 1.015621 1.202566 1.527924 2.193855 3.839978 8.830819 17.168412 8.782342 3.744339 2.054326 1.350702 0.997399 0.795270 0.668408 0.583152 0.522762 0.478138 0.443969 0.416974 0.395033 0.376730 0.361097 0.347466 0.335378 0.324515 0.314665 0.305687 0.297486 0.290003 0.283198 0.277044 0.271523 0.266622 0.262332 0.258650 0.255580 0.253131 0.251326 0.250201 0.249811 0.250236 0.251589 0.254033 0.257793 0.263190 0.270687 0.280956 0.295006 0.314390 0.341590 0.380735 0.439036 0.529784 0.678809 0.937809 1.400597 2.122700 2.604467 2.124176 1.403572 0.942328 0.684938 0.537610 0.448667 0.392294 0.355215 0.330235 0.313236 0.301752 0.294247 0.289739 0.287598 0.287429 0.289017 0.292294 0.297329 0.304342 0.313716 0.326045 0.342192 0.363387 0.391378 0.428650 0.478726 0.546512 0.638447 0.761606 0.919462 1.100339 1.259966 1.325898 1.257877 1.096129 0.913066 0.752929 0.627370 0.532893 0.462407 0.409465 0.369155 0.337956 0.313386 0.293698 0.277653 0.264368 0.253204 0.243696 0.235504 0.228377 0.222129 0.216621 0.211747 0.207427 0.203600 0.200218 0.197243 0.194647 0.192410 0.190518 0.188964 0.187753 0.186894 0.186411 0.186340 0.186732 0.187655 0.189203 0.191494 0.194683 0.198968 0.204601 0.211902 0.221273 0.233207 0.248287 0.267152 0.290377 0.318214 0.350090 0.383851 0.415065 0.437258 0.444094 0.432860 0.406271 0.370663
0.322349 0.399412 0.516183 0.705516 1.041811 1.720735 3.367942 8.307283 16.538757 8.309628 3.372635 1.727779 1.051210 0.717277 0.530316 0.415926 0.341258 0.290089 0.253688 0.227031 0.207063 0.191844 0.180092 0.170938 0.163771 0.158157 0.153777 0.150394 0.147831 0.145951 0.144647 0.143837 0.143454 0.143447 0.143773 0.144398 0.145296 0.146445 0.147827 0.149430 0.151245 0.153264 0.155485 0.157908 0.160535 0.163371 0.166424 0.169702 0.173217 0.176981 0.181010 0.185318 0.189920 0.194830 0.200061 0.205625 0.211527 0.217770 0.224346 0.231242 0.238432 0.245877 0.253525 0.261308 0.269147 0.276955 0.284642 0.292127 0.299350 0.306286 0.312960 0.319452 0.325914 0.332563 0.339686 0.347633 0.356813 0.367681 0.380725 0.396430 0.415210 0.437270 0.462388 0.489578 0.516747 0.540557 0.556915 0.562253 0.555120 0.536924 0.511189 0.481976 0.452597 0.425136 0.400584 0.379199 0.360828 0.345145 0.331777 0.320375 0.310637 0.302319 0.295230 0.289225 0.284201 0.280084 0.276828 0.274410 0.272827 0.272096 0.272254 0.273358 0.275491 0.278763 0.283315 0.289330 0.297032 0.306698 0.318655 0.333272 0.350933 0.371968 0.396520 0.424315 0.454331 0.484440 0.511274 0.530712 0.539180 0.535262 0.520443 0.498364 0.473219 0.448454 0.426283 0.407825 0.393462 0.383177 0.376787 0.374082 0.374899 0.379156 0.386874 0.398179 0.413308 0.432616 0.456564 0.485728 0.520791 0.562574 0.612165 0.671315 0.743438 0.835907 0.965065 1.168055 1.536130 2.335654 4.641859 17.168142 17.149709 17.132096 4.571153 2.233276 1.406938 1.018804 0.803922 0.671402 0.583184 0.521003 0.475171 0.440133 0.412506 0.390125 0.371551 0.355804 0.342202 0.330266 0.319661 0.310150 0.301568 0.293801 0.286770 0.280417 0.274705 0.269605 0.265099 0.261174 0.257826 0.255058 0.252883 0.251325 0.250425 0.250240 0.250859 0.252404 0.255047 0.259033 0.264710 0.272582 0.283392 0.298274 0.319015 0.348552 0.391995 0.458831 0.568271 0.763816 1.159863 2.122184 5.009343 9.821350 5.010488 2.124494 1.163376 0.768590 0.574381 0.466371 0.401075 0.359297 0.331564 0.312786 0.300041 0.291567 0.286264 0.283436 0.282648 0.283654 0.286352 0.290771 0.297066 0.305527 0.316601 0.330925 0.349378 0.373140 0.403768 0.443235 0.493871 0.557954 0.636538 0.726846 0.818267 0.889967 0.917345 0.888772 0.815841 0.723122 0.631415 0.551301 0.485524 0.433007 0.391448 0.358499 0.332168 0.310886 0.293456 0.278980 0.266785 0.256375 0.247379 0.239522 0.232602 0.226467 0.221004 0.216127 0.211771 0.207884 0.204424 0.201358 0.198658 0.196304 0.194279 0.192574 0.191188 0.190126 0.189404 0.189052 0.189108 0.189631 0.190696 0.192398 0.194858 0.198227 0.202689 0.208464 0.215810 0.225017 0.236382 0.250159 0.266456 0.285057 0.305170 0.325147 0.342386 0.353702 0.356328 0.349151 0.333284 0.311495
0.311747 0.381363 0.483415 0.640631 0.897187 1.341497 2.134020 3.369721 4.193913 3.372052 2.138684 1.348495 0.906523 0.652310 0.497444 0.397748 0.330501 0.283372 0.249304 0.224054 0.204963 0.190301 0.178906 0.169977 0.162948 0.157411 0.153064 0.149683 0.147096 0.145174 0.143814 0.142936 0.142477 0.142385 0.142621 0.143151 0.143948 0.144993 0.146269 0.147761 0.149463 0.151366 0.153467 0.155765 0.158262 0.160960 0.163866 0.166986 0.170329 0.173904 0.177723 0.181796 0.186135 0.190749 0.195648 0.200838 0.206323 0.212101 0.218165 0.224502 0.231090 0.237900 0.244892 0.252020 0.259230 0.266469 0.273687 0.280844 0.287926 0.294948 0.301970 0.309104 0.316527 0.324483 0.333294 0.343367 0.355208 0.369424 0.386742 0.407995 0.434072 0.465774 0.503473 0.546465 0.592005 0.634404 0.665339 0.676658 0.664849 0.633376 0.590347 0.544044 0.500126 0.461318 0.428324 0.400791 0.377962 0.359015 0.343211 0.329943 0.318730 0.309210 0.301110 0.294234 0.288438 0.283624 0.279726 0.276705 0.274541 0.273237 0.272811 0.273298 0.274757 0.277262 0.280913 0.285833 0.292172 0.300102 0.309811 0.321489 0.335291 0.351283 0.369348 0.389053 0.409509 0.429262 0.446353 0.458651 0.464459 0.463142 0.455398 0.442992 0.428122 0.412819 0.398616 0.386494 0.376981 0.370309 0.366541 0.365671 0.367687 0.372606 0.380495 0.391488 0.405792 0.423692 0.445555 0.471849 0.503168 0.540314 0.584498 0.637782 0.704020 0.790812 0.913628 1.105358 1.441752 2.122336 3.783875 8.788784 17.138008 8.760858 3.729268 2.043574 1.342628 0.990779 0.789226 0.662340 0.576675 0.515660 0.470326 0.435465 0.407871 0.385481 0.366916 0.351225 0.337743 0.325993 0.315637 0.306427 0.298187 0.290789 0.284140 0.278173 0.272839 0.268102 0.263940 0.260334 0.257280 0.254777 0.252840 0.251493 0.250777 0.250753 0.251512 0.253178 0.255931 0.260021 0.265807 0.273808 0.284795 0.299948 0.321139 0.351483 0.396468 0.466517 0.583442 0.799455 1.266930 2.603354 9.820769 9.821071 9.821594 2.605020 1.269472 0.802926 0.587907 0.472062 0.403193 0.359504 0.330590 0.310979 0.297580 0.288547 0.282735 0.279423 0.278156 0.278668 0.280833 0.284640 0.290185 0.297670 0.307414 0.319857 0.335585 0.355334 0.379988 0.410515 0.447795 0.492217 0.542919 0.596648 0.646692 0.683249 0.696722 0.682987 0.646131 0.595714 0.541500 0.490162 0.444916 0.406585 0.374742 0.348474 0.326780 0.308746 0.293608 0.280751 0.269694 0.260070 0.251602 0.244084 0.237364 0.231328 0.225893 0.220996 0.216588 0.212626 0.209078 0.205914 0.203106 0.200631 0.198472 0.196614 0.195049 0.193777 0.192808 0.192161 0.191867 0.191971 0.192534 0.193631 0.195355 0.197817 0.201147 0.205491 0.211005 0.217842 0.226130 0.235920 0.247122 0.259401 0.272066 0.283990 0.293654 0.299405 0.299917 0.294679 0.284202 0.269808
0.295795 0.355235 0.438354 0.557837 0.733269 0.990471 1.343346 1.724361 1.908415 1.726681 1.347986 0.997434 0.742556 0.569450 0.452299 0.371516 0.314420 0.273065 0.242443 0.219331 0.201609 0.187842 0.177043 0.168512 0.161748 0.156381 0.152139 0.148815 0.146250 0.144323 0.142936 0.142016 0.141501 0.141344 0.141506 0.141955 0.142666 0.143620 0.144800 0.146194 0.147793 0.149589 0.151580 0.153763 0.156138 0.158708 0.161477 0.164450 0.167634 0.171035 0.174662 0.178524 0.182628 0.186981 0.191591 0.196460 0.201591 0.206981 0.212625 0.218511 0.224623 0.230939 0.237433 0.244075 0.250833 0.257678 0.264591 0.271564 0.278613 0.285787 0.293175 0.300918 0.309223 0.318370 0.328735 0.340810 0.355235 0.372838 0.394693 0.422181 0.457028 0.501250 0.556816 0.624643 0.702389 0.781052 0.842939 0.867149 0.843797 0.782711 0.704741 0.627526 0.560028 0.504554 0.460172 0.424916 0.396800 0.374150 0.355670 0.340388 0.327599 0.316792 0.307606 0.299785 0.293150 0.287575 0.282978 0.279300 0.276510 0.274592 0.273548 0.273394 0.274162 0.275900 0.278668 0.282544 0.287615 0.293979 0.301730 0.310943 0.321647 0.333782 0.347145 0.361322 0.375633 0.389118 0.400622 0.408988 0.413350 0.413403 0.409512 0.402605 0.393904 0.384632 0.375823 0.368238 0.362379 0.358553 0.356933 0.357621 0.360691 0.366224 0.374321 0.385124 0.398823 0.415664 0.435960 0.460115 0.488665 0.522370 0.562406 0.610735 0.670826 0.749014 0.857132 1.017856 1.275999 1.721659 2.518379 3.763279 4.588536 3.740294 2.473540 1.657171 1.195008 0.924225 0.755112 0.642842 0.564333 0.507020 0.463672 0.429903 0.402931 0.380918 0.362613 0.347140 0.333872 0.322356 0.312260 0.303338 0.295410 0.288341 0.282031 0.276403 0.271404 0.266990 0.263133 0.259812 0.257019 0.254751 0.253021 0.251851 0.251282 0.251375 0.252219 0.253937 0.256705 0.260771 0.266485 0.274355 0.285128 0.299940 0.320580 0.349991 0.393281 0.459942 0.569184 0.764512 1.160320 2.122382 5.009260 9.820962 5.009771 2.123420 1.161916 0.766712 0.572052 0.463555 0.397735 0.355395 0.327064 0.307653 0.294241 0.285068 0.279035 0.275438 0.273833 0.273947 0.275637 0.278863 0.283670 0.290189 0.298625 0.309266 0.322472 0.338662 0.358278 0.381705 0.409105 0.440160 0.473671 0.507149 0.536655 0.557364 0.565080 0.558100 0.538088 0.509197 0.476209 0.443018 0.412061 0.384485 0.360558 0.340063 0.322567 0.307583 0.294653 0.283380 0.273440 0.264581 0.256615 0.249401 0.242841 0.236863 0.231418 0.226465 0.221973 0.217915 0.214263 0.210989 0.208068 0.205472 0.203179 0.201168 0.199424 0.197940 0.196716 0.195763 0.195106 0.194777 0.194824 0.195307 0.196296 0.197873 0.200129 0.203155 0.207042 0.211859 0.217638 0.224339 0.231807 0.239722 0.247556 0.254563 0.259841 0.262485 0.261812 0.257562 0.249992 0.239782
0.276757 0.325386 0.389848 0.475932 0.590006 0.735197 0.900963 1.047362 1.109037 1.049676 0.905589 0.742137 0.599260 0.487500 0.403732 0.341588 0.295281 0.260409 0.233818 0.213291 0.197268 0.184643 0.174620 0.166622 0.160224 0.155107 0.151031 0.147812 0.145307 0.143405 0.142019 0.141078 0.140527 0.140321 0.140424 0.140806 0.141443 0.142317 0.143413 0.144718 0.146223 0.147922 0.149811 0.151887 0.154150 0.156602 0.159245 0.162082 0.165119 0.168361 0.171816 0.175487 0.179383 0.183508 0.187867 0.192463 0.197296 0.202365 0.207665 0.213189 0.218925 0.224860 0.230977 0.237261 0.243697 0.250276 0.256999 0.263885 0.270973 0.278336 0.286089 0.294400 0.303505 0.313728 0.325508 0.339436 0.356314 0.377245 0.403757 0.437996 0.482984 0.542915 0.623280 0.730105 0.866357 1.022125 1.159810 1.217872 1.162104 1.026644 0.872967 0.738605 0.633405 0.554349 0.495371 0.450964 0.416945 0.390335 0.369062 0.351701 0.337276 0.325119 0.314776 0.305936 0.298387 0.291981 0.286618 0.282227 0.278761 0.276189 0.274497 0.273683 0.273755 0.274735 0.276652 0.279547 0.283461 0.288439 0.294513 0.301689 0.309933 0.319134 0.329082 0.339433 0.349693 0.359234 0.367357 0.373406 0.376914 0.377729 0.376060 0.372434 0.367565 0.362218 0.357089 0.352745 0.349614 0.347997 0.348105 0.350090 0.354073 0.360170 0.368507 0.379232 0.392526 0.408613 0.427773 0.450365 0.476866 0.507950 0.544633 0.588527 0.642288 0.710369 0.800263 0.924403 1.102420 1.360495 1.712912 2.091395 2.267695 2.070827 1.672918 1.303235 1.030839 0.841939 0.710524 0.616823 0.548000 0.495980 0.455632 0.423620 0.397712 0.376377 0.358537 0.343416 0.330449 0.319215 0.309400 0.300768 0.293140 0.286379 0.280380 0.275064 0.270370 0.266251 0.262673 0.259613 0.257056 0.254999 0.253450 0.252430 0.251975 0.252144 0.253019 0.254720 0.257413 0.261331 0.266800 0.274290 0.284480 0.298385 0.317565 0.344506 0.383342 0.441289 0.531638 0.680225 0.938744 1.401009 2.122546 2.603700 2.122746 1.401424 0.939403 0.681172 0.532932 0.443004 0.385569 0.347353 0.321158 0.302872 0.290032 0.281107 0.275117 0.271425 0.269615 0.269427 0.270713 0.273411 0.277528 0.283136 0.290358 0.299361 0.310349 0.323529 0.339080 0.357076 0.377379 0.399487 0.422355 0.444282 0.462971 0.475916 0.481103 0.477742 0.466582 0.449591 0.429225 0.407725 0.386731 0.367217 0.349613 0.333984 0.320186 0.307979 0.297101 0.287313 0.278413 0.270247 0.262706 0.255719 0.249241 0.243248 0.237724 0.232657 0.228037 0.223848 0.220068 0.216673 0.213633 0.210918 0.208496 0.206337 0.204418 0.202722 0.201239 0.199974 0.198940 0.198164 0.197682 0.197543 0.197802 0.198520 0.199760 0.201582 0.204033 0.207135 0.210876 0.215179 0.219886 0.224732 0.229334 0.233198 0.235777 0.236550 0.235140 0.231406 0.225484 0.217747
0.256712 0.295376 0.343958 0.404503 0.477948 0.561781 0.646424 0.713083 0.739566 0.715395 0.651046 0.568713 0.487188 0.416050 0.357809 0.311530 0.275170 0.246646 0.224190 0.206412 0.192251 0.180906 0.171775 0.164404 0.158447 0.153638 0.149776 0.146700 0.144286 0.142436 0.141071 0.140128 0.139557 0.139316 0.139373 0.139699 0.140274 0.141078 0.142099 0.143323 0.144744 0.146354 0.148150 0.150128 0.152287 0.154629 0.157155 0.159869 0.162772 0.165871 0.169169 0.172672 0.176385 0.180311 0.184454 0.188817 0.193401 0.198205 0.203226 0.208461 0.213903 0.219545 0.225381 0.231405 0.237616 0.244020 0.250636 0.257500 0.264670 0.272238 0.280339 0.289165 0.298980 0.310149 0.323175 0.338751 0.357851 0.381874 0.412865 0.453908 0.509767 0.587968 0.700488 0.865801 1.108236 1.440897 1.800213 1.974263 1.804086 1.448563 1.119527 0.880462 0.718177 0.608257 0.532160 0.477861 0.437823 0.407314 0.383324 0.363920 0.347849 0.334293 0.322718 0.312772 0.304219 0.296896 0.290691 0.285520 0.281324 0.278057 0.275688 0.274197 0.273571 0.273810 0.274916 0.276900 0.279771 0.283535 0.288184 0.293690 0.299986 0.306951 0.314398 0.322056 0.329574 0.336537 0.342512 0.347113 0.350079 0.351332 0.351003 0.349411 0.346997 0.344256 0.341666 0.339647 0.338545 0.338631 0.340116 0.343171 0.347938 0.354554 0.363159 0.373908 0.386979 0.402585 0.420984 0.442499 0.467547 0.496696 0.530744 0.570867 0.618825 0.677266 0.750070 0.842533 0.960609 1.107106 1.271172 1.412364 1.464689 1.391889 1.231593 1.050933 0.891106 0.763285 0.664603 0.588768 0.529972 0.483746 0.446840 0.416931 0.392350 0.371887 0.354652 0.339985 0.327386 0.316477 0.306967 0.298634 0.291304 0.284842 0.279143 0.274123 0.269718 0.265878 0.262564 0.259748 0.257413 0.255550 0.254163 0.253270 0.252901 0.253108 0.253969 0.255590 0.258125 0.261783 0.266856 0.273754 0.283058 0.295613 0.312666 0.336109 0.368880 0.415633 0.483792 0.584816 0.733809 0.938905 1.160633 1.267403 1.160522 0.938695 0.733529 0.584508 0.483512 0.415453 0.368888 0.336411 0.313389 0.296903 0.285088 0.276724 0.271000 0.267373 0.265479 0.265084 0.266041 0.268277 0.271776 0.276563 0.282702 0.290278 0.299387 0.310110 0.322478 0.336423 0.351709 0.367857 0.384071 0.399231 0.411974 0.420933 0.425067 0.423972 0.418010 0.408175 0.395782 0.382123 0.368244 0.354847 0.342316 0.330782 0.320216 0.310502 0.301493 0.293049 0.285062 0.277464 0.270221 0.263330 0.256809 0.250683 0.244978 0.239713 0.234899 0.230530 0.226594 0.223063 0.219904 0.217075 0.214535 0.212242 0.210159 0.208257 0.206516 0.204931 0.203508 0.202267 0.201239 0.200465 0.199992 0.199870 0.200146 0.200860 0.202036 0.203675 0.205744 0.208162 0.210790 0.213421 0.215781 0.217542 0.218360 0.217922 0.216006 0.212532 0.207573 0.201344
0.237208 0.267463 0.303637 0.346071 0.393978 0.444416 0.491327 0.525870 0.539392 0.528186 0.495957 0.451357 0.403227 0.357622 0.317486 0.283606 0.255639 0.232805 0.214238 0.199147 0.186864 0.176845 0.168658 0.161963 0.156491 0.152030 0.148414 0.145509 0.143209 0.141430 0.140104 0.139174 0.138596 0.138332 0.138353 0.138634 0.139155 0.139898 0.140852 0.142004 0.143348 0.144877 0.146587 0.148474 0.150539 0.152780 0.155200 0.157799 0.160582 0.163551 0.166710 0.170064 0.173616 0.177370 0.181329 0.185496 0.189872 0.194459 0.199256 0.204262 0.209475 0.214896 0.220523 0.226362 0.232421 0.238719 0.245285 0.252170 0.259445 0.267218 0.275638 0.284914 0.295336 0.307301 0.321366 0.338313 0.359272 0.385911 0.420775 0.467905 0.533991 0.630684 0.779419 1.021818 1.441143 2.188467 3.353193 4.130727 3.358861 2.199706 1.457753 1.043483 0.805700 0.661013 0.567680 0.504178 0.458810 0.424903 0.398501 0.377195 0.359500 0.344490 0.331586 0.320417 0.310740 0.302391 0.295247 0.289217 0.284228 0.280220 0.277143 0.274960 0.273638 0.273156 0.273493 0.274637 0.276572 0.279277 0.282723 0.286860 0.291609 0.296859 0.302449 0.308174 0.313783 0.319001 0.323551 0.327200 0.329796 0.331302 0.331807 0.331515 0.330715 0.329738 0.328922 0.328580 0.328990 0.330386 0.332967 0.336903 0.342346 0.349444 0.358346 0.369215 0.382231 0.397604 0.415582 0.436466 0.460625 0.488526 0.520770 0.558136 0.601633 0.652514 0.712209 0.781966 0.861845 0.948481 1.031616 1.092094 1.107834 1.069077 0.987556 0.886876 0.787000 0.698279 0.623645 0.562338 0.512341 0.471509 0.437970 0.410208 0.387035 0.367527 0.350973 0.336819 0.324634 0.314083 0.304901 0.296879 0.289852 0.283690 0.278287 0.273559 0.269438 0.265871 0.262816 0.260238 0.258117 0.256440 0.255204 0.254421 0.254116 0.254333 0.255138 0.256627 0.258934 0.262240 0.266795 0.272941 0.281148 0.292073 0.306637 0.326148 0.352462 0.388165 0.436650 0.501651 0.585006 0.680560 0.764973 0.800041 0.764544 0.679715 0.583770 0.500066 0.434769 0.386059 0.350218 0.323872 0.304454 0.290132 0.279625 0.272036 0.266743 0.263310 0.261435 0.260915 0.261619 0.263469 0.266432 0.270507 0.275713 0.282085 0.289651 0.298419 0.308350 0.319323 0.331099 0.343283 0.355303 0.366428 0.375836 0.382749 0.386596 0.387157 0.384614 0.379495 0.372520 0.364435 0.355874 0.347290 0.338944 0.330930 0.323232 0.315767 0.308441 0.301175 0.293931 0.286716 0.279575 0.272585 0.265832 0.259402 0.253369 0.247787 0.242687 0.238079 0.233951 0.230271 0.226996 0.224071 0.221437 0.219035 0.216809 0.214714 0.212719 0.210806 0.208977 0.207246 0.205644 0.204211 0.202993 0.202034 0.201378 0.201055 0.201080 0.201447 0.202118 0.203021 0.204040 0.205020 0.205762 0.206046 0.205646 0.204367 0.202071 0.198706 0.194313 0.189021
0.219200 0.242743 0.269678 0.299707 0.331741 0.363527 0.391511 0.411338 0.419230 0.413664 0.396162 0.370498 0.341024 0.311295 0.283563 0.258914 0.237648 0.219624 0.204502 0.191884 0.181384 0.172658 0.165413 0.159406 0.154436 0.150341 0.146988 0.144271 0.142101 0.140407 0.139131 0.138225 0.137650 0.137373 0.137367 0.137610 0.138084 0.138774 0.139667 0.140755 0.142029 0.143483 0.145114 0.146919 0.148896 0.151045 0.153367 0.155864 0.158537 0.161390 0.164426 0.167648 0.171060 0.174666 0.178468 0.182471 0.186677 0.191087 0.195705 0.200532 0.205570 0.210825 0.216303 0.222015 0.227977 0.234218 0.240776 0.247710 0.255102 0.263068 0.271768 0.281422 0.292334 0.304926 0.319787 0.337761 0.360083 0.388614 0.426269 0.477821 0.551535 0.662731 0.842382 1.160572 1.801538 3.354286 8.006452 15.758031 8.014212 3.369700 1.824381 1.190469 0.878784 0.704895 0.598521 0.528530 0.479504 0.443177 0.414875 0.391874 0.372568 0.356003 0.341610 0.329042 0.318075 0.308549 0.300343 0.293356 0.287499 0.282697 0.278879 0.275989 0.273974 0.272791 0.272402 0.272772 0.273869 0.275653 0.278080 0.281089 0.284604 0.288522 0.292713 0.297020 0.301264 0.305258 0.308823 0.311813 0.314140 0.315788 0.316822 0.317382 0.317664 0.317902 0.318341 0.319220 0.320762 0.323170 0.326624 0.331289 0.337320 0.344872 0.354102 0.365181 0.378300 0.393674 0.411557 0.432245 0.456087 0.483496 0.514944 0.550948 0.592010 0.638486 0.690336 0.746699 0.805247 0.861396 0.907788 0.935082 0.935173 0.905792 0.852523 0.785820 0.715920 0.649766 0.590756 0.539830 0.496622 0.460223 0.429603 0.403794 0.381957 0.363393 0.347533 0.333916 0.322170 0.311998 0.303160 0.295463 0.288750 0.282895 0.277794 0.273362 0.269531 0.266241 0.263448 0.261113 0.259209 0.257717 0.256629 0.255948 0.255692 0.255897 0.256616 0.257931 0.259954 0.262839 0.266789 0.272079 0.279070 0.288243 0.300233 0.315867 0.336193 0.362445 0.395829 0.436906 0.484219 0.532179 0.569807 0.584137 0.569050 0.530677 0.481997 0.434003 0.392297 0.358352 0.331627 0.310932 0.295056 0.282977 0.273891 0.267194 0.262435 0.259286 0.257510 0.256939 0.257459 0.258998 0.261513 0.264987 0.269416 0.274798 0.281127 0.288375 0.296473 0.305296 0.314637 0.324193 0.333568 0.342287 0.349848 0.355797 0.359810 0.361766 0.361763 0.360088 0.357141 0.353339 0.349037 0.344480 0.339781 0.334943 0.329888 0.324508 0.318706 0.312433 0.305707 0.298614 0.291293 0.283914 0.276655 0.269676 0.263108 0.257045 0.251542 0.246618 0.242258 0.238422 0.235047 0.232059 0.229372 0.226902 0.224570 0.222307 0.220066 0.217818 0.215557 0.213300 0.211080 0.208944 0.206942 0.205127 0.203543 0.202223 0.201181 0.200410 0.199878 0.199524 0.199256 0.198954 0.198476 0.197667 0.196375 0.194470 0.191860 0.188510 0.184442 0.179732
0.203155 0.221521 0.241751 0.263381 0.285461 0.306448 0.324265 0.336652 0.341796 0.338998 0.328954 0.313473 0.294811 0.275044 0.255714 0.237769 0.221673 0.207557 0.195360 0.184920 0.176040 0.168519 0.162171 0.156831 0.152357 0.148628 0.145544 0.143021 0.140987 0.139386 0.138168 0.137293 0.136727 0.136442 0.136416 0.136627 0.137060 0.137702 0.138542 0.139570 0.140781 0.142167 0.143726 0.145455 0.147352 0.149416 0.151650 0.154053 0.156628 0.159377 0.162303 0.165410 0.168702 0.172181 0.175851 0.179718 0.183783 0.188052 0.192529 0.197218 0.202126 0.207261 0.212636 0.218266 0.224176 0.230397 0.236976 0.243977 0.251488 0.259631 0.268567 0.278524 0.289807 0.302844 0.318236 0.336844 0.359940 0.389453 0.428433 0.481933 0.558835 0.675967 0.868500 1.220559 1.977550 4.133825 15.760071 15.765001 15.770327 4.154237 2.007890 1.260418 0.917223 0.732602 0.622111 0.550297 0.500143 0.462734 0.433150 0.408629 0.387623 0.369279 0.353122 0.338881 0.326375 0.315468 0.306038 0.297970 0.291157 0.285500 0.280905 0.277291 0.274585 0.272723 0.271647 0.271306 0.271651 0.272631 0.274190 0.276267 0.278786 0.281656 0.284773 0.288016 0.291256 0.294363 0.297220 0.299733 0.301851 0.303570 0.304942 0.306067 0.307088 0.308174 0.309510 0.311285 0.313682 0.316875 0.321030 0.326305 0.332856 0.340842 0.350432 0.361809 0.375179 0.390777 0.408879 0.429805 0.453929 0.481677 0.513513 0.549881 0.591093 0.637089 0.687068 0.738984 0.789105 0.832005 0.861414 0.871942 0.861026 0.830049 0.783898 0.729161 0.672039 0.617049 0.566779 0.522291 0.483671 0.450499 0.422147 0.397946 0.377270 0.359568 0.344369 0.331281 0.319980 0.310199 0.301719 0.294361 0.287975 0.282441 0.277655 0.273534 0.270005 0.267007 0.264491 0.262412 0.260738 0.259441 0.258507 0.257930 0.257719 0.257898 0.258510 0.259619 0.261318 0.263732 0.267024 0.271403 0.277139 0.284565 0.294092 0.306202 0.321419 0.340219 0.362817 0.388769 0.416367 0.442081 0.460752 0.467330 0.459652 0.439893 0.413113 0.384486 0.357555 0.334045 0.314417 0.298478 0.285776 0.275811 0.268129 0.262352 0.258175 0.255365 0.253743 0.253178 0.253577 0.254875 0.257029 0.260013 0.263808 0.268397 0.273756 0.279843 0.286587 0.293875 0.301546 0.309381 0.317112 0.324436 0.331049 0.336689 0.341178 0.344453 0.346580 0.347721 0.348097 0.347926 0.347366 0.346484 0.345237 0.343487 0.341040 0.337696 0.333306 0.327822 0.321314 0.313968 0.306048 0.297857 0.289694 0.281817 0.274428 0.267666 0.261607 0.256273 0.251642 0.247652 0.244214 0.241222 0.238553 0.236087 0.233708 0.231320 0.228848 0.226253 0.223523 0.220681 0.217772 0.214856 0.212002 0.209277 0.206735 0.204419 0.202349 0.200523 0.198916 0.197478 0.196136 0.194796 0.193353 0.191692 0.189706 0.187301 0.184414 0.181015 0.177115 0.172758
0.189214 0.203666 0.219083 0.235021 0.250751 0.265249 0.277281 0.285608 0.289293 0.287984 0.282028 0.272357 0.260205 0.246805 0.233177 0.220048 0.207862 0.196841 0.187052 0.178468 0.171008 0.164569 0.159044 0.154327 0.150323 0.146947 0.144124 0.141791 0.139894 0.138386 0.137228 0.136387 0.135834 0.135546 0.135503 0.135687 0.136084 0.136683 0.137474 0.138448 0.139599 0.140923 0.142415 0.144074 0.145898 0.147886 0.150038 0.152357 0.154844 0.157501 0.160331 0.163338 0.166525 0.169896 0.173457 0.177211 0.181163 0.185320 0.189688 0.194274 0.199088 0.204142 0.209451 0.215037 0.220927 0.227158 0.233782 0.240863 0.248494 0.256794 0.265927 0.276111 0.287649 0.300955 0.316611 0.335453 0.358707 0.388228 0.426928 0.479583 0.554466 0.666915 0.847928 1.167624 1.810284 3.364963 8.019354 15.773502 8.032635 3.391465 1.849834 1.219841 0.912094 0.741856 0.638477 0.570454 0.522094 0.485027 0.454681 0.428607 0.405567 0.384978 0.366577 0.350228 0.335824 0.323253 0.312387 0.303086 0.295213 0.288632 0.283220 0.278866 0.275472 0.272950 0.271224 0.270228 0.269897 0.270171 0.270989 0.272286 0.273990 0.276024 0.278300 0.280726 0.283206 0.285649 0.287976 0.290127 0.292072 0.293816 0.295401 0.296904 0.298433 0.300117 0.302102 0.304540 0.307586 0.311395 0.316117 0.321909 0.328926 0.337336 0.347318 0.359073 0.372833 0.388866 0.407488 0.429081 0.454095 0.483065 0.516598 0.555325 0.599761 0.650003 0.705154 0.762459 0.816478 0.859226 0.882396 0.881149 0.856528 0.814317 0.761857 0.705578 0.650079 0.598174 0.551277 0.509849 0.473769 0.442608 0.415814 0.392814 0.373070 0.356105 0.341505 0.328920 0.318058 0.308673 0.300562 0.293556 0.287515 0.282320 0.277870 0.274081 0.270879 0.268199 0.265985 0.264189 0.262768 0.261690 0.260927 0.260467 0.260305 0.260455 0.260947 0.261830 0.263178 0.265090 0.267692 0.271145 0.275641 0.281405 0.288688 0.297749 0.308809 0.321974 0.337089 0.353536 0.370012 0.384451 0.394320 0.397416 0.392857 0.381536 0.365665 0.347790 0.329991 0.313587 0.299216 0.287054 0.277023 0.268928 0.262543 0.257649 0.254057 0.251608 0.250176 0.249662 0.249992 0.251112 0.252984 0.255577 0.258870 0.262838 0.267453 0.272671 0.278430 0.284643 0.291190 0.297926 0.304676 0.311258 0.317500 0.323262 0.328463 0.333093 0.337212 0.340929 0.344370 0.347631 0.350730 0.353576 0.355950 0.357522 0.357902 0.356713 0.353692 0.348758 0.342045 0.333886 0.324738 0.315105 0.305457 0.296187 0.287584 0.279831 0.273022 0.267171 0.262233 0.258114 0.254685 0.251789 0.249255 0.246907 0.244580 0.242132 0.239457 0.236497 0.233240 0.229720 0.226007 0.222190 0.218367 0.214630 0.211056 0.207702 0.204598 0.201751 0.199141 0.196726 0.194447 0.192228 0.189981 0.187620 0.185061 0.182233 0.179085 0.175592 0.171754 0.167596
0.177320 0.188847 0.200824 0.212877 0.224475 0.234941 0.243521 0.249501 0.252365 0.251919 0.248350 0.242168 0.234080 0.224837 0.215111 0.205432 0.196172 0.187558 0.179710 0.172666 0.166416 0.160921 0.156126 0.151971 0.148396 0.145345 0.142766 0.140613 0.138845 0.137427 0.136327 0.135519 0.134980 0.134690 0.134632 0.134791 0.135155 0.135714 0.136459 0.137383 0.138481 0.139746 0.141178 0.142772 0.144528 0.146446 0.148526 0.150768 0.153176 0.155751 0.158497 0.161417 0.164515 0.167796 0.171265 0.174927 0.178790 0.182860 0.187146 0.191659 0.196409 0.201413 0.206689 0.212261 0.218161 0.224428 0.231115 0.238289 0.246040 0.254484 0.263778 0.274129 0.285820 0.299237 0.314919 0.333630 0.356480 0.385124 0.422101 0.471454 0.539892 0.639099 0.790563 1.035980 1.458705 2.209920 3.379149 4.161921 3.396125 2.243919 1.509734 1.103834 0.874588 0.737937 0.651282 0.592217 0.548364 0.512791 0.481796 0.453651 0.427752 0.404027 0.382567 0.363437 0.346616 0.332001 0.319429 0.308713 0.299659 0.292081 0.285812 0.280703 0.276624 0.273463 0.271123 0.269521 0.268580 0.268232 0.268409 0.269046 0.270076 0.271430 0.273034 0.274817 0.276706 0.278635 0.280550 0.282413 0.284208 0.285944 0.287658 0.289411 0.291290 0.293398 0.295854 0.298786 0.302330 0.306623 0.311812 0.318047 0.325489 0.334313 0.344717 0.356925 0.371200 0.387858 0.407282 0.429944 0.456438 0.487510 0.524094 0.567331 0.618504 0.678748 0.748252 0.824522 0.899732 0.959185 0.985618 0.970363 0.920323 0.851522 0.778227 0.708584 0.645878 0.590836 0.543122 0.502028 0.466755 0.436527 0.410630 0.388432 0.369385 0.353022 0.338947 0.326830 0.316393 0.307405 0.299674 0.293038 0.287363 0.282532 0.278447 0.275022 0.272181 0.269855 0.267983 0.266509 0.265381 0.264557 0.263998 0.263679 0.263584 0.263713 0.264082 0.264727 0.265705 0.267094 0.268993 0.271525 0.274826 0.279047 0.284338 0.290826 0.298576 0.307542 0.317474 0.327839 0.337753 0.346013 0.351310 0.352594 0.349460 0.342320 0.332234 0.320524 0.308403 0.296772 0.286187 0.276918 0.269044 0.262531 0.257286 0.253201 0.250164 0.248075 0.246848 0.246415 0.246718 0.247716 0.249374 0.251667 0.254572 0.258065 0.262120 0.266701 0.271760 0.277238 0.283056 0.289123 0.295344 0.301622 0.307880 0.314069 0.320187 0.326276 0.332423 0.338733 0.345302 0.352163 0.359241 0.366300 0.372914 0.378480 0.382285 0.383641 0.382053 0.377359 0.369798 0.359947 0.348590 0.336552 0.324564 0.313196 0.302838 0.293714 0.285914 0.279425 0.274162 0.269977 0.266680 0.264049 0.261837 0.259793 0.257673 0.255272 0.252437 0.249084 0.245205 0.240862 0.236165 0.231254 0.226276 0.221364 0.216626 0.212141 0.207951 0.204070 0.200481 0.197147 0.194013 0.191009 0.188062 0.185095 0.182039 0.178831 0.175430 0.171807 0.167956 0.163889
0.167322 0.176680 0.186195 0.195575 0.204436 0.212326 0.218768 0.223333 0.225718 0.225809 0.223711 0.219717 0.214250 0.207779 0.200753 0.193551 0.186465 0.179701 0.173388 0.167595 0.162352 0.157656 0.153490 0.149826 0.146630 0.143868 0.141507 0.139515 0.137864 0.136526 0.135478 0.134700 0.134172 0.133879 0.133806 0.133942 0.134274 0.134796 0.135498 0.136375 0.137421 0.138633 0.140008 0.141543 0.143237 0.145090 0.147104 0.149278 0.151615 0.154118 0.156790 0.159635 0.162657 0.165862 0.169256 0.172846 0.176639 0.180644 0.184872 0.189336 0.194049 0.199030 0.204300 0.209886 0.215821 0.222147 0.228917 0.236198 0.244075 0.252658 0.262092 0.272567 0.284336 0.297744 0.313263 0.331556 0.353566 0.380663 0.414881 0.459305 0.518725 0.600716 0.717343 0.887194 1.134752 1.473307 1.839502 2.021646 1.860989 1.516560 1.200194 0.975113 0.827467 0.731690 0.667633 0.621488 0.584278 0.550706 0.518321 0.486626 0.456147 0.427671 0.401817 0.378893 0.358931 0.341775 0.327171 0.314830 0.304467 0.295819 0.288657 0.282781 0.278024 0.274246 0.271326 0.269164 0.267672 0.266771 0.266390 0.266463 0.266927 0.267717 0.268773 0.270036 0.271451 0.272969 0.274552 0.276176 0.277834 0.279538 0.281320 0.283235 0.285352 0.287759 0.290557 0.293859 0.297784 0.302464 0.308037 0.314657 0.322488 0.331721 0.342571 0.355292 0.370190 0.387639 0.408109 0.432200 0.460701 0.494671 0.535568 0.585427 0.647067 0.724182 0.820760 0.938341 1.068505 1.181535 1.229385 1.185279 1.075398 0.947356 0.830699 0.733926 0.655747 0.592489 0.540750 0.497933 0.462147 0.432005 0.406468 0.384736 0.366181 0.350297 0.336679 0.324995 0.314971 0.306383 0.299044 0.292799 0.287516 0.283081 0.279398 0.276379 0.273946 0.272027 0.270551 0.269456 0.268678 0.268162 0.267856 0.267720 0.267722 0.267848 0.268102 0.268504 0.269098 0.269947 0.271133 0.272752 0.274909 0.277707 0.281240 0.285566 0.290683 0.296499 0.302780 0.309126 0.314958 0.319568 0.322244 0.322447 0.319975 0.315035 0.308173 0.300110 0.291565 0.283134 0.275239 0.268138 0.261958 0.256739 0.252465 0.249091 0.246559 0.244812 0.243795 0.243461 0.243770 0.244690 0.246195 0.248263 0.250876 0.254015 0.257659 0.261784 0.266362 0.271355 0.276725 0.282430 0.288432 0.294706 0.301251 0.308098 0.315315 0.323016 0.331343 0.340452 0.350470 0.361441 0.373250 0.385540 0.397641 0.408547 0.417008 0.421760 0.421848 0.416942 0.407465 0.394464 0.379311 0.363366 0.347759 0.333289 0.320443 0.309455 0.300375 0.293128 0.287552 0.283424 0.280470 0.278372 0.276783 0.275335 0.273675 0.271494 0.268566 0.264774 0.260122 0.254721 0.248756 0.242451 0.236031 0.229692 0.223585 0.217814 0.212435 0.207463 0.202879 0.198643 0.194694 0.190964 0.187378 0.183865 0.180356 0.176795 0.173138 0.169357 0.165438 0.161383
0.159032 0.166791 0.174548 0.182077 0.189101 0.195312 0.200397 0.204086 0.206190 0.206639 0.205491 0.202923 0.199194 0.194609 0.189470 0.184049 0.178574 0.173215 0.168097 0.163300 0.158872 0.154834 0.151193 0.147941 0.145067 0.142553 0.140378 0.138524 0.136971 0.135701 0.134695 0.133939 0.133418 0.133119 0.133030 0.133141 0.133442 0.133927 0.134588 0.135420 0.136418 0.137580 0.138901 0.140381 0.142018 0.143813 0.145766 0.147879 0.150153 0.152592 0.155200 0.157980 0.160938 0.164081 0.167414 0.170947 0.174687 0.178646 0.182837 0.187273 0.191972 0.196953 0.202242 0.207866 0.213862 0.220271 0.227147 0.234553 0.242571 0.251301 0.260873 0.271454 0.283262 0.296590 0.311831 0.329527 0.350428 0.375592 0.406520 0.445356 0.495154 0.560175 0.646030 0.758915 0.902023 1.065734 1.212792 1.282054 1.239728 1.120331 0.985553 0.872785 0.791075 0.735631 0.697517 0.667673 0.638818 0.606717 0.570543 0.531965 0.493552 0.457503 0.425139 0.396952 0.372881 0.352573 0.335562 0.321375 0.309578 0.299796 0.291713 0.285069 0.279650 0.275280 0.271815 0.269137 0.267143 0.265749 0.264878 0.264463 0.264443 0.264758 0.265357 0.266190 0.267213 0.268390 0.269694 0.271111 0.272638 0.274291 0.276099 0.278110 0.280384 0.282999 0.286043 0.289619 0.293838 0.298824 0.304717 0.311671 0.319861 0.329492 0.340803 0.354083 0.369687 0.388062 0.409777 0.435586 0.466516 0.504015 0.550221 0.608421 0.683860 0.785042 0.925340 1.122600 1.386099 1.666275 1.799604 1.663686 1.381230 1.115981 0.917586 0.776718 0.675406 0.600123 0.542232 0.496389 0.459247 0.428636 0.403094 0.381590 0.363374 0.347879 0.334665 0.323389 0.313772 0.305592 0.298663 0.292833 0.287975 0.283977 0.280742 0.278184 0.276221 0.274775 0.273771 0.273132 0.272784 0.272654 0.272673 0.272782 0.272930 0.273087 0.273238 0.273395 0.273590 0.273878 0.274333 0.275038 0.276084 0.277554 0.279514 0.281997 0.284982 0.288377 0.292002 0.295571 0.298711 0.300996 0.302022 0.301492 0.299299 0.295551 0.290548 0.284699 0.278440 0.272160 0.266165 0.260666 0.255792 0.251610 0.248140 0.245374 0.243289 0.241856 0.241042 0.240817 0.241155 0.242034 0.243435 0.245342 0.247742 0.250623 0.253975 0.257786 0.262044 0.266738 0.271862 0.277417 0.283415 0.289894 0.296920 0.304598 0.313081 0.322571 0.333311 0.345566 0.359582 0.375516 0.393320 0.412586 0.432380 0.451113 0.466609 0.476484 0.478833 0.472953 0.459650 0.440938 0.419310 0.397064 0.375909 0.356911 0.340598 0.327130 0.316439 0.308325 0.302508 0.298655 0.296380 0.295243 0.294751 0.294374 0.293582 0.291904 0.288993 0.284684 0.279006 0.272163 0.264477 0.256312 0.248015 0.239872 0.232094 0.224809 0.218081 0.211918 0.206288 0.201135 0.196385 0.191957 0.187770 0.183745 0.179812 0.175912 0.171996 0.168032 0.164001 0.159896
0.152263 0.158853 0.165360 0.171608 0.177394 0.182500 0.186716 0.189860 0.191810 0.192516 0.192010 0.190401 0.187856 0.184573 0.180764 0.176626 0.172333 0.168029 0.163824 0.159800 0.156012 0.152499 0.149278 0.146360 0.143746 0.141431 0.139406 0.137661 0.136185 0.134965 0.133990 0.133247 0.132725 0.132415 0.132306 0.132390 0.132659 0.133107 0.133728 0.134517 0.135469 0.136582 0.137854 0.139282 0.140867 0.142607 0.144505 0.146562 0.148781 0.151163 0.153715 0.156440 0.159345 0.162436 0.165721 0.169210 0.172913 0.176843 0.181014 0.185441 0.190146 0.195150 0.200480 0.206167 0.212247 0.218765 0.225773 0.233331 0.241516 0.250418 0.260149 0.270852 0.282705 0.295943 0.310874 0.327913 0.347617 0.370745 0.398321 0.431711 0.472672 0.523308 0.585746 0.661134 0.747455 0.836124 0.909979 0.948762 0.943340 0.904362 0.853424 0.808546 0.778123 0.762095 0.754557 0.746238 0.727983 0.695040 0.649176 0.596578 0.543836 0.495406 0.453294 0.417816 0.388427 0.364270 0.344465 0.328227 0.314896 0.303939 0.294929 0.287530 0.281472 0.276542 0.272570 0.269416 0.266969 0.265132 0.263828 0.262985 0.262545 0.262452 0.262660 0.263127 0.263817 0.264702 0.265764 0.266993 0.268393 0.269978 0.271778 0.273835 0.276206 0.278959 0.282176 0.285951 0.290392 0.295621 0.301777 0.309020 0.317536 0.327549 0.339324 0.353190 0.369558 0.388952 0.412057 0.439796 0.473447 0.514878 0.566954 0.634379 0.725412 0.855566 1.055686 1.388642 1.969739 2.867248 3.461454 2.857742 1.952087 1.365158 1.029016 0.828114 0.698987 0.610104 0.545356 0.496055 0.457244 0.425929 0.400207 0.378810 0.360851 0.345692 0.332855 0.321977 0.312771 0.305012 0.298516 0.293135 0.288741 0.285228 0.282501 0.280472 0.279058 0.278176 0.277741 0.277665 0.277856 0.278222 0.278669 0.279113 0.279479 0.279714 0.279787 0.279697 0.279470 0.279161 0.278844 0.278607 0.278543 0.278733 0.279242 0.280101 0.281295 0.282757 0.284355 0.285897 0.287141 0.287825 0.287708 0.286617 0.284489 0.281384 0.277469 0.272987 0.268205 0.263379 0.258722 0.254398 0.250520 0.247155 0.244339 0.242083 0.240385 0.239232 0.238608 0.238496 0.238880 0.239746 0.241081 0.242878 0.245129 0.247830 0.250981 0.254583 0.258642 0.263170 0.268190 0.273741 0.279882 0.286706 0.294345 0.302983 0.312871 0.324329 0.337751 0.353599 0.372360 0.394470 0.420158 0.449177 0.480423 0.511526 0.538690 0.557255 0.563175 0.554857 0.534011 0.504798 0.472005 0.439553 0.409947 0.384428 0.363378 0.346692 0.334038 0.324992 0.319098 0.315879 0.314811 0.315303 0.316666 0.318130 0.318884 0.318183 0.315475 0.310506 0.303367 0.294444 0.284299 0.273539 0.262704 0.252208 0.242327 0.233213 0.224917 0.217422 0.210665 0.204558 0.199000 0.193888 0.189122 0.184609 0.180270 0.176036 0.171855 0.167687 0.163507 0.159303
0.146844 0.152596 0.158226 0.163597 0.168557 0.172945 0.176612 0.179431 0.181314 0.182222 0.182170 0.181228 0.179502 0.177130 0.174259 0.171038 0.167603 0.164073 0.160546 0.157101 0.153798 0.150681 0.147780 0.145115 0.142697 0.140530 0.138614 0.136947 0.135522 0.134333 0.133372 0.132630 0.132098 0.131770 0.131636 0.131690 0.131925 0.132336 0.132916 0.133662 0.134570 0.135637 0.136862 0.138242 0.139777 0.141468 0.143316 0.145322 0.147490 0.149823 0.152326 0.155004 0.157864 0.160914 0.164162 0.167619 0.171298 0.175212 0.179378 0.183815 0.188543 0.193589 0.198982 0.204755 0.210947 0.217603 0.224774 0.232522 0.240914 0.250032 0.259972 0.270849 0.282803 0.296009 0.310689 0.327134 0.345723 0.366953 0.391463 0.420047 0.453619 0.493086 0.539016 0.591016 0.646777 0.701194 0.746714 0.776177 0.787342 0.785250 0.779843 0.781194 0.795819 0.824424 0.859793 0.885976 0.883775 0.843649 0.773558 0.691316 0.612027 0.543234 0.486686 0.441334 0.405263 0.376566 0.353634 0.335199 0.320285 0.308152 0.298239 0.290118 0.283460 0.278011 0.273572 0.269986 0.267127 0.264894 0.263201 0.261980 0.261169 0.260719 0.260585 0.260732 0.261130 0.261757 0.262600 0.263653 0.264924 0.266427 0.268192 0.270258 0.272677 0.275513 0.278843 0.282758 0.287361 0.292776 0.299144 0.306632 0.315440 0.325809 0.338036 0.352492 0.369650 0.390118 0.414705 0.444505 0.481051 0.526593 0.584633 0.661069 0.766807 0.924296 1.185639 1.690686 2.891400 6.471954 12.432728 6.452971 2.856509 1.645014 1.134858 0.873304 0.719043 0.618449 0.547867 0.495601 0.455331 0.423384 0.397496 0.376195 0.358481 0.343651 0.331191 0.320718 0.311938 0.304623 0.298591 0.293696 0.289816 0.286848 0.284700 0.283285 0.282521 0.282318 0.282582 0.283211 0.284092 0.285105 0.286126 0.287034 0.287723 0.288108 0.288136 0.287792 0.287103 0.286131 0.284966 0.283715 0.282490 0.281390 0.280494 0.279850 0.279461 0.279290 0.279249 0.279211 0.279018 0.278503 0.277515 0.275947 0.273756 0.270972 0.267690 0.264055 0.260233 0.256391 0.252677 0.249211 0.246083 0.243355 0.241065 0.239232 0.237863 0.236956 0.236507 0.236506 0.236946 0.237819 0.239120 0.240846 0.242998 0.245579 0.248598 0.252069 0.256015 0.260468 0.265481 0.271123 0.277499 0.284752 0.293082 0.302761 0.314150 0.327724 0.344093 0.364016 0.388397 0.418232 0.454431 0.497430 0.546442 0.598333 0.646588 0.681660 0.694207 0.680263 0.643924 0.594661 0.542158 0.493076 0.450699 0.415972 0.388622 0.367898 0.352953 0.342999 0.337332 0.335304 0.336249 0.339404 0.343837 0.348419 0.351880 0.352987 0.350799 0.344906 0.335531 0.323419 0.309590 0.295066 0.280688 0.267042 0.254464 0.243099 0.232953 0.223949 0.215963 0.208854 0.202474 0.196683 0.191352 0.186369 0.181636 0.177074 0.172620 0.168229 0.163869 0.159522
0.142627 0.147798 0.152836 0.157630 0.162059 0.166003 0.169347 0.171995 0.173878 0.174961 0.175250 0.174783 0.173635 0.171899 0.169686 0.167108 0.164277 0.161292 0.158244 0.155209 0.152247 0.149407 0.146727 0.144233 0.141944 0.139872 0.138022 0.136397 0.134995 0.133815 0.132850 0.132094 0.131543 0.131188 0.131023 0.131043 0.131241 0.131612 0.132151 0.132855 0.133719 0.134742 0.135921 0.137255 0.138744 0.140389 0.142190 0.144151 0.146274 0.148563 0.151024 0.153662 0.156485 0.159501 0.162721 0.166157 0.169823 0.173734 0.177908 0.182368 0.187137 0.192244 0.197721 0.203604 0.209935 0.216761 0.224136 0.232118 0.240774 0.250177 0.260406 0.271554 0.283721 0.297026 0.311609 0.327644 0.345349 0.365003 0.386950 0.411595 0.439356 0.470555 0.505213 0.542742 0.581616 0.619286 0.652716 0.679784 0.701024 0.720590 0.745779 0.785559 0.848610 0.939672 1.051011 1.149680 1.181171 1.114943 0.980807 0.832742 0.703624 0.601922 0.524783 0.466700 0.422684 0.388929 0.362694 0.342035 0.325574 0.312325 0.301572 0.292789 0.285587 0.279668 0.274808 0.270833 0.267603 0.265012 0.262971 0.261409 0.260267 0.259496 0.259057 0.258917 0.259051 0.259442 0.260080 0.260964 0.262101 0.263509 0.265215 0.267257 0.269684 0.272558 0.275953 0.279956 0.284671 0.290220 0.296751 0.304438 0.313495 0.324184 0.336833 0.351860 0.369800 0.391356 0.417464 0.449399 0.488940 0.538665 0.602515 0.686999 0.804075 0.978854 1.273060 1.871967 3.538171 12.486460 12.473008 12.452106 3.475963 1.792424 1.187197 0.895425 0.728505 0.621716 0.547888 0.493920 0.452822 0.420565 0.394676 0.373559 0.356140 0.341671 0.329613 0.319569 0.311242 0.304402 0.298872 0.294510 0.291200 0.288847 0.287364 0.286668 0.286678 0.287302 0.288437 0.289962 0.291739 0.293612 0.295414 0.296975 0.298138 0.298775 0.298803 0.298191 0.296971 0.295225 0.293077 0.290673 0.288163 0.285686 0.283349 0.281227 0.279349 0.277705 0.276244 0.274881 0.273510 0.272020 0.270307 0.268298 0.265958 0.263296 0.260364 0.257247 0.254046 0.250870 0.247818 0.244976 0.242413 0.240178 0.238307 0.236819 0.235727 0.235035 0.234744 0.234850 0.235352 0.236247 0.237537 0.239224 0.241314 0.243819 0.246756 0.250151 0.254042 0.258482 0.263544 0.269332 0.275987 0.283706 0.292754 0.303496 0.316420 0.332190 0.351693 0.376111 0.406993 0.446305 0.496365 0.559447 0.636631 0.725248 0.814947 0.885363 0.912437 0.884848 0.814061 0.724280 0.636027 0.559815 0.498490 0.451167 0.415778 0.390225 0.372769 0.362072 0.357125 0.357113 0.361264 0.368677 0.378142 0.388016 0.396254 0.400696 0.399614 0.392279 0.379210 0.361912 0.342294 0.322115 0.302668 0.284731 0.268655 0.254504 0.242167 0.231450 0.222126 0.213964 0.206749 0.200287 0.194410 0.188974 0.183861 0.178975 0.174242 0.169609 0.165038 0.160507
0.139492 0.144291 0.148959 0.153406 0.157531 0.161237 0.164429 0.167027 0.168971 0.170225 0.170784 0.170669 0.169930 0.168635 0.166867 0.164720 0.162285 0.159655 0.156913 0.154132 0.151377 0.148700 0.146143 0.143738 0.141510 0.139476 0.137645 0.136024 0.134615 0.133418 0.132430 0.131646 0.131062 0.130671 0.130469 0.130449 0.130606 0.130935 0.131432 0.132092 0.132913 0.133892 0.135027 0.136318 0.137763 0.139365 0.141124 0.143042 0.145125 0.147375 0.149798 0.152402 0.155194 0.158185 0.161385 0.164808 0.168470 0.172387 0.176583 0.181079 0.185904 0.191088 0.196669 0.202687 0.209187 0.216221 0.223844 0.232120 0.241113 0.250891 0.261526 0.273087 0.285644 0.299260 0.314000 0.329929 0.347120 0.365663 0.385675 0.407297 0.430667 0.455866 0.482813 0.511151 0.540177 0.568955 0.596750 0.623809 0.652314 0.687213 0.736911 0.814146 0.937200 1.129015 1.402050 1.700554 1.837389 1.672039 1.344753 1.042558 0.821406 0.669526 0.565257 0.492144 0.439497 0.400591 0.371156 0.348429 0.330574 0.316340 0.304858 0.295504 0.287831 0.281504 0.276274 0.271952 0.268391 0.265476 0.263119 0.261247 0.259802 0.258739 0.258019 0.257614 0.257503 0.257671 0.258112 0.258826 0.259824 0.261122 0.262747 0.264738 0.267140 0.270013 0.273430 0.277475 0.282254 0.287890 0.294535 0.302371 0.311627 0.322585 0.335606 0.351154 0.369834 0.392446 0.420069 0.454173 0.496804 0.550863 0.620605 0.712594 0.837893 1.017835 1.301312 1.822846 3.028880 6.601221 12.542824 6.538643 2.917965 1.685749 1.159488 0.886244 0.723953 0.618128 0.544351 0.490318 0.449251 0.417152 0.391526 0.370748 0.353720 0.339674 0.328064 0.318489 0.310651 0.304325 0.299340 0.295564 0.292890 0.291233 0.290516 0.290667 0.291607 0.293246 0.295473 0.298151 0.301108 0.304142 0.307024 0.309512 0.311375 0.312417 0.312507 0.311596 0.309727 0.307022 0.303665 0.299871 0.295857 0.291817 0.287907 0.284235 0.280861 0.277796 0.275013 0.272454 0.270041 0.267692 0.265327 0.262886 0.260334 0.257666 0.254902 0.252087 0.249283 0.246553 0.243965 0.241576 0.239435 0.237581 0.236042 0.234837 0.233977 0.233471 0.233320 0.233528 0.234095 0.235024 0.236320 0.237990 0.240046 0.242506 0.245396 0.248752 0.252625 0.257084 0.262224 0.268176 0.275117 0.283291 0.293030 0.304789 0.319198 0.337127 0.359796 0.388928 0.426965 0.477375 0.544990 0.636151 0.757834 0.913494 1.091734 1.249198 1.314904 1.249455 1.092409 0.914910 0.760490 0.640735 0.552403 0.488757 0.443726 0.412787 0.392821 0.381757 0.378253 0.381405 0.390473 0.404568 0.422272 0.441263 0.458158 0.468937 0.470128 0.460268 0.440587 0.414309 0.385176 0.356238 0.329409 0.305585 0.284971 0.267387 0.252480 0.239842 0.229077 0.219827 0.211779 0.204668 0.198272 0.192409 0.186933 0.181730 0.176711 0.171816 0.167003 0.162247
0.137344 0.141944 0.146429 0.150718 0.154725 0.158363 0.161546 0.164201 0.166266 0.167704 0.168496 0.168652 0.168201 0.167197 0.165708 0.163815 0.161602 0.159156 0.156560 0.153890 0.151212 0.148583 0.146051 0.143651 0.141414 0.139357 0.137497 0.135840 0.134391 0.133150 0.132117 0.131287 0.130657 0.130220 0.129972 0.129906 0.130018 0.130302 0.130755 0.131371 0.132148 0.133084 0.134177 0.135425 0.136829 0.138390 0.140109 0.141990 0.144035 0.146250 0.148640 0.151215 0.153982 0.156952 0.160139 0.163556 0.167221 0.171155 0.175380 0.179924 0.184818 0.190096 0.195801 0.201977 0.208677 0.215959 0.223884 0.232522 0.241942 0.252215 0.263408 0.275580 0.288773 0.303007 0.318275 0.334537 0.351725 0.369757 0.388548 0.408036 0.428190 0.449007 0.470481 0.492578 0.515261 0.538626 0.563237 0.590683 0.624372 0.670661 0.740789 0.854884 1.050883 1.403293 2.046254 3.059150 3.731220 3.035581 1.999071 1.332507 0.956757 0.738210 0.603183 0.514807 0.454067 0.410608 0.378474 0.354062 0.335100 0.320096 0.308043 0.298238 0.290185 0.283519 0.277974 0.273349 0.269492 0.266285 0.263638 0.261479 0.259752 0.258414 0.257429 0.256773 0.256426 0.256378 0.256624 0.257166 0.258015 0.259189 0.260714 0.262627 0.264974 0.267812 0.271212 0.275258 0.280055 0.285730 0.292437 0.300368 0.309762 0.320924 0.334245 0.350234 0.369569 0.393154 0.422227 0.458492 0.504333 0.563106 0.639568 0.740477 0.875492 1.058974 1.315029 1.692273 2.288766 3.164696 3.708894 3.044392 2.081712 1.448415 1.077724 0.852570 0.707232 0.608044 0.537160 0.484584 0.444405 0.412964 0.387903 0.367653 0.351137 0.337599 0.326498 0.317439 0.310133 0.304365 0.299975 0.296843 0.294878 0.294009 0.294177 0.295323 0.297384 0.300277 0.303888 0.308063 0.312594 0.317218 0.321618 0.325445 0.328350 0.330028 0.330272 0.329002 0.326286 0.322318 0.317387 0.311819 0.305939 0.300025 0.294297 0.288904 0.283930 0.279404 0.275308 0.271595 0.268197 0.265040 0.262052 0.259173 0.256363 0.253599 0.250882 0.248228 0.245665 0.243232 0.240966 0.238904 0.237080 0.235520 0.234245 0.233270 0.232606 0.232260 0.232236 0.232539 0.233173 0.234143 0.235456 0.237126 0.239167 0.241603 0.244468 0.247806 0.251678 0.256169 0.261390 0.267496 0.274695 0.283272 0.293618 0.306277 0.322012 0.341907 0.367536 0.401230 0.446521 0.508890 0.597017 0.724733 0.913382 1.191085 1.573016 1.985829 2.184890 1.986754 1.575043 1.194573 0.918890 0.733040 0.609153 0.526184 0.470653 0.434310 0.412191 0.401385 0.400283 0.408089 0.424415 0.448802 0.480015 0.515073 0.548365 0.571910 0.577947 0.563085 0.530463 0.487576 0.442097 0.399268 0.361607 0.329742 0.303316 0.281583 0.263726 0.248987 0.236718 0.226379 0.217531 0.209816 0.202947 0.196695 0.190881 0.185370 0.180059 0.174881 0.169790 0.164762
0.136111 0.140666 0.145131 0.149431 0.153485 0.157209 0.160518 0.163335 0.165595 0.167246 0.168260 0.168632 0.168380 0.167547 0.166195 0.164399 0.162245 0.159822 0.157218 0.154513 0.151781 0.149084 0.146474 0.143992 0.141670 0.139529 0.137587 0.135851 0.134326 0.133015 0.131914 0.131020 0.130329 0.129835 0.129532 0.129414 0.129476 0.129712 0.130118 0.130689 0.131422 0.132315 0.133366 0.134574 0.135938 0.137460 0.139142 0.140986 0.142997 0.145181 0.147543 0.150092 0.152838 0.155792 0.158970 0.162387 0.166062 0.170018 0.174282 0.178883 0.183856 0.189243 0.195089 0.201448 0.208379 0.215950 0.224235 0.233313 0.243267 0.254179 0.266124 0.279161 0.293322 0.308593 0.324903 0.342109 0.359994 0.378284 0.396676 0.414903 0.432785 0.450288 0.467539 0.484835 0.502674 0.521863 0.543773 0.570820 0.607280 0.660776 0.745402 0.889203 1.154786 1.705523 3.062298 7.158409 13.994017 7.138688 3.022887 1.646547 1.076578 0.792454 0.631315 0.531172 0.464607 0.418043 0.384143 0.358664 0.339011 0.323524 0.311102 0.300991 0.292661 0.285733 0.279929 0.275043 0.270922 0.267447 0.264529 0.262099 0.260103 0.258501 0.257261 0.256359 0.255780 0.255516 0.255563 0.255926 0.256615 0.257650 0.259055 0.260867 0.263131 0.265901 0.269247 0.273255 0.278027 0.283692 0.290407 0.298371 0.307834 0.319118 0.332641 0.348959 0.368815 0.393225 0.423600 0.461930 0.511060 0.575098 0.659967 0.774016 0.928194 1.134215 1.397581 1.704188 2.010433 2.237508 2.251947 1.984936 1.591642 1.243924 0.988200 0.809195 0.683486 0.593312 0.526955 0.476896 0.438288 0.407948 0.383744 0.364214 0.348341 0.335401 0.324875 0.316387 0.309661 0.304497 0.300753 0.298327 0.297147 0.297167 0.298352 0.300671 0.304083 0.308528 0.313901 0.320039 0.326696 0.333531 0.340104 0.345901 0.350383 0.353063 0.353599 0.351861 0.347965 0.342234 0.335137 0.327190 0.318879 0.310609 0.302677 0.295276 0.288508 0.282401 0.276933 0.272047 0.267668 0.263714 0.260106 0.256775 0.253669 0.250749 0.247997 0.245405 0.242981 0.240737 0.238694 0.236869 0.235283 0.233951 0.232888 0.232102 0.231604 0.231398 0.231489 0.231882 0.232582 0.233598 0.234938 0.236617 0.238656 0.241082 0.243934 0.247263 0.251139 0.255656 0.260941 0.267166 0.274564 0.283452 0.294272 0.307638 0.324428 0.345914 0.373994 0.411582 0.463317 0.536906 0.645792 0.814721 1.091763 1.573087 2.433183 3.775353 4.670560 3.776840 2.436351 1.578334 1.099709 0.826239 0.662054 0.559446 0.494120 0.453209 0.429749 0.420064 0.422488 0.436694 0.463248 0.503075 0.556381 0.620521 0.686768 0.738398 0.755762 0.729525 0.668760 0.592830 0.518135 0.453004 0.399573 0.356960 0.323312 0.296740 0.275629 0.258691 0.244926 0.233558 0.223989 0.215751 0.208481 0.201896 0.195782 0.189976 0.184367 0.178877 0.173464 0.168107
0.135739 0.140396 0.144997 0.149470 0.153733 0.157699 0.161276 0.164375 0.166916 0.168832 0.170079 0.170636 0.170512 0.169745 0.168394 0.166542 0.164283 0.161716 0.158941 0.156049 0.153123 0.150234 0.147437 0.144779 0.142293 0.140002 0.137922 0.136062 0.134425 0.133012 0.131820 0.130844 0.130077 0.129514 0.129147 0.128970 0.128977 0.129161 0.129518 0.130043 0.130732 0.131582 0.132591 0.133759 0.135085 0.136570 0.138216 0.140027 0.142006 0.144160 0.146496 0.149022 0.151751 0.154693 0.157866 0.161286 0.164976 0.168960 0.173267 0.177932 0.182994 0.188501 0.194504 0.201067 0.208260 0.216163 0.224868 0.234471 0.245079 0.256798 0.269729 0.283952 0.299509 0.316376 0.334435 0.353439 0.372999 0.392593 0.411624 0.429531 0.445928 0.460731 0.474228 0.487073 0.500264 0.515170 0.533708 0.558757 0.594992 0.650528 0.740570 0.896571 1.193231 1.847708 3.738862 13.998174 13.989324 13.981403 3.705346 1.797532 1.126604 0.813905 0.642558 0.538197 0.469715 0.422217 0.387833 0.362079 0.342246 0.326614 0.314054 0.303794 0.295299 0.288186 0.282177 0.277069 0.272709 0.268984 0.265808 0.263115 0.260855 0.258992 0.257496 0.256348 0.255534 0.255049 0.254890 0.255063 0.255580 0.256459 0.257725 0.259412 0.261565 0.264237 0.267496 0.271426 0.276130 0.281735 0.288401 0.296331 0.305783 0.317092 0.330699 0.347194 0.367382 0.392384 0.423790 0.463908 0.516174 0.585812 0.680929 0.814190 1.004829 1.278190 1.650261 2.067854 2.338588 2.294937 2.028009 1.696154 1.381101 1.118830 0.917130 0.767596 0.657591 0.576021 0.514628 0.467627 0.431044 0.402147 0.379044 0.360410 0.345304 0.333053 0.323171 0.315306 0.309207 0.304694 0.301645 0.299985 0.299671 0.300686 0.303034 0.306725 0.311763 0.318128 0.325750 0.334477 0.344035 0.353992 0.363739 0.372506 0.379436 0.383721 0.384774 0.382372 0.376721 0.368389 0.358163 0.346877 0.335273 0.323927 0.313228 0.303404 0.294552 0.286675 0.279720 0.273599 0.268209 0.263443 0.259204 0.255405 0.251974 0.248856 0.246012 0.243418 0.241061 0.238935 0.237044 0.235392 0.233986 0.232835 0.231943 0.231316 0.230960 0.230879 0.231075 0.231554 0.232322 0.233386 0.234758 0.236455 0.238500 0.240922 0.243765 0.247085 0.250957 0.255483 0.260800 0.267090 0.274604 0.283683 0.294797 0.308612 0.326082 0.348611 0.378326 0.418569 0.474830 0.556632 0.681649 0.885635 1.249515 1.986050 3.775434 9.143956 18.091694 9.145897 3.779529 1.992731 1.259463 0.899816 0.701376 0.583649 0.511439 0.467816 0.444267 0.436704 0.443757 0.466087 0.506166 0.568128 0.656897 0.774743 0.912078 1.033621 1.081866 1.024820 0.894207 0.747244 0.618875 0.518273 0.442633 0.386309 0.344163 0.312268 0.287788 0.268703 0.253563 0.241312 0.231167 0.222538 0.214976 0.208140 0.201774 0.195693 0.189772 0.183934 0.178139 0.172378
0.136195 0.141098 0.145993 0.150808 0.155456 0.159838 0.163848 0.167375 0.170316 0.172578 0.174092 0.174822 0.174764 0.173956 0.172466 0.170390 0.167844 0.164946 0.161818 0.158568 0.155292 0.152071 0.148968 0.146031 0.143295 0.140782 0.138506 0.136474 0.134687 0.133142 0.131833 0.130755 0.129897 0.129253 0.128814 0.128571 0.128518 0.128647 0.128952 0.129429 0.130072 0.130879 0.131848 0.132976 0.134265 0.135714 0.137326 0.139105 0.141054 0.143181 0.145493 0.147999 0.150711 0.153644 0.156814 0.160240 0.163947 0.167961 0.172316 0.177050 0.182207 0.187841 0.194015 0.200799 0.208281 0.216556 0.225739 0.235955 0.247346 0.260061 0.274249 0.290046 0.307541 0.326744 0.347522 0.369541 0.392204 0.414642 0.435788 0.454576 0.470231 0.482545 0.492012 0.499773 0.507436 0.516945 0.530632 0.551551 0.584240 0.636226 0.721230 0.866791 1.134993 1.688763 3.048657 7.147761 13.986115 7.133238 3.019584 1.645099 1.076718 0.793942 0.633932 0.534724 0.468918 0.422950 0.389497 0.364327 0.344856 0.329434 0.316971 0.306723 0.298171 0.290945 0.284778 0.279477 0.274897 0.270932 0.267500 0.264544 0.262017 0.259887 0.258129 0.256727 0.255670 0.254953 0.254576 0.254547 0.254875 0.255580 0.256686 0.258226 0.260242 0.262787 0.265926 0.269740 0.274332 0.279828 0.286387 0.294212 0.303565 0.314788 0.328335 0.344822 0.365097 0.390364 0.422366 0.463716 0.518464 0.593160 0.698909 0.855616 1.101016 1.509107 2.212197 3.286356 4.023320 3.396463 2.402646 1.735543 1.324825 1.054925 0.866933 0.731567 0.632028 0.557556 0.500915 0.457157 0.422863 0.395650 0.373844 0.356254 0.342026 0.330545 0.321369 0.314177 0.308746 0.304924 0.302617 0.301780 0.302406 0.304524 0.308188 0.313470 0.320447 0.329178 0.339669 0.351823 0.365375 0.379809 0.394293 0.407664 0.418520 0.425459 0.427416 0.423987 0.415560 0.403177 0.388221 0.372069 0.355858 0.340387 0.326136 0.313326 0.302004 0.292107 0.283509 0.276063 0.269612 0.264010 0.259124 0.254840 0.251064 0.247719 0.244749 0.242110 0.239772 0.237716 0.235929 0.234405 0.233140 0.232134 0.231385 0.230896 0.230666 0.230698 0.230993 0.231555 0.232390 0.233507 0.234916 0.236636 0.238691 0.241112 0.243945 0.247248 0.251101 0.255609 0.260914 0.267204 0.274736 0.283860 0.295060 0.309021 0.326724 0.349619 0.379919 0.421124 0.479047 0.563918 0.695144 0.913315 1.315555 2.185239 4.670629 18.091609 18.092486 18.093894 4.675425 2.193012 1.327040 0.929563 0.717594 0.594511 0.520386 0.476728 0.454602 0.450090 0.462545 0.494173 0.550510 0.641708 0.784268 1.000352 1.301804 1.629145 1.784789 1.620542 1.284331 0.973457 0.747061 0.592884 0.488224 0.415843 0.364557 0.327331 0.299694 0.278736 0.262499 0.249623 0.239132 0.230306 0.222607 0.215630 0.209079 0.202743 0.196490 0.190246 0.183985 0.177716
0.137457 0.142759 0.148122 0.153468 0.158703 0.163711 0.168361 0.172510 0.176014 0.178743 0.180593 0.181499 0.181448 0.180479 0.178682 0.176181 0.173125 0.169671 0.165971 0.162159 0.158351 0.154640 0.151094 0.147764 0.144684 0.141872 0.139338 0.137084 0.135107 0.133398 0.131949 0.130748 0.129785 0.129049 0.128528 0.128213 0.128095 0.128165 0.128416 0.128843 0.129440 0.130204 0.131131 0.132221 0.133473 0.134888 0.136467 0.138215 0.140136 0.142237 0.144526 0.147013 0.149711 0.152635 0.155803 0.159236 0.162960 0.167006 0.171410 0.176213 0.181469 0.187235 0.193586 0.200605 0.208395 0.217076 0.226789 0.237702 0.250004 0.263913 0.279660 0.297482 0.317583 0.340082 0.364916 0.391719 0.419671 0.447400 0.473039 0.494556 0.510361 0.519935 0.524128 0.524938 0.524967 0.526948 0.533615 0.547967 0.573931 0.617539 0.689091 0.807487 1.009466 1.368561 2.018230 3.037443 3.715234 3.024647 1.992526 1.329735 0.957203 0.741376 0.608629 0.522136 0.462920 0.420657 0.389418 0.365623 0.347020 0.332139 0.319992 0.309900 0.301384 0.294106 0.287818 0.282342 0.277548 0.273340 0.269646 0.266415 0.263608 0.261197 0.259163 0.257492 0.256176 0.255212 0.254602 0.254353 0.254476 0.254988 0.255913 0.257283 0.259136 0.261525 0.264511 0.268174 0.272611 0.277948 0.284339 0.291985 0.301147 0.312164 0.325494 0.341758 0.361825 0.386937 0.418931 0.460621 0.516515 0.594250 0.707697 0.884420 1.186014 1.773254 3.158907 7.247587 14.034883 7.306797 3.264608 1.905614 1.325729 1.017866 0.827895 0.699178 0.606914 0.538390 0.486227 0.445771 0.413928 0.388571 0.368209 0.351781 0.338522 0.327882 0.319463 0.312985 0.308257 0.305158 0.303629 0.303661 0.305294 0.308612 0.313742 0.320844 0.330108 0.341724 0.355851 0.372539 0.391622 0.412563 0.434280 0.455020 0.472432 0.483955 0.487538 0.482384 0.469273 0.450234 0.427809 0.404326 0.381511 0.360417 0.341548 0.325029 0.310765 0.298549 0.288130 0.279255 0.271689 0.265223 0.259676 0.254898 0.250766 0.247180 0.244063 0.241354 0.239007 0.236989 0.235277 0.233851 0.232701 0.231817 0.231194 0.230826 0.230713 0.230851 0.231242 0.231887 0.232792 0.233964 0.235414 0.237161 0.239228 0.241648 0.244466 0.247742 0.251556 0.256014 0.261257 0.267473 0.274917 0.283933 0.295000 0.308784 0.326243 0.348783 0.378532 0.418832 0.475173 0.557077 0.682217 0.886344 1.250387 1.987103 3.776692 9.145443 18.093445 9.147955 3.781954 1.995607 1.262910 0.904006 0.706561 0.590205 0.519940 0.479157 0.459894 0.459027 0.476964 0.517793 0.590940 0.715394 0.929236 1.309529 1.996642 3.073597 3.790730 3.065319 1.979831 1.283658 0.893452 0.668446 0.531051 0.442473 0.382723 0.340919 0.310787 0.288511 0.271642 0.258534 0.248028 0.239279 0.231656 0.224688 0.218035 0.211465 0.204840 0.198102 0.191250 0.184327
0.139514 0.145384 0.151409 0.157511 0.163582 0.169485 0.175051 0.180088 0.184394 0.187775 0.190071 0.191179 0.191068 0.189788 0.187463 0.184269 0.180414 0.176113 0.171563 0.166939 0.162379 0.157989 0.153844 0.149993 0.146464 0.143270 0.140413 0.137885 0.135677 0.133773 0.132158 0.130817 0.129734 0.128894 0.128283 0.127890 0.127702 0.127710 0.127905 0.128281 0.128831 0.129551 0.130438 0.131490 0.132706 0.134087 0.135634 0.137352 0.139245 0.141321 0.143588 0.146056 0.148740 0.151655 0.154821 0.158260 0.162001 0.166077 0.170528 0.175400 0.180752 0.186650 0.193179 0.200438 0.208548 0.217657 0.227941 0.239619 0.252949 0.268242 0.285860 0.306207 0.329703 0.356715 0.387428 0.421619 0.458328 0.495507 0.529895 0.557492 0.574861 0.580715 0.576682 0.566606 0.555026 0.545983 0.542684 0.547851 0.564423 0.596458 0.650314 0.736264 0.870355 1.073862 1.358185 1.667016 1.812996 1.655587 1.335118 1.038731 0.822502 0.674769 0.573964 0.503707 0.453368 0.416268 0.388179 0.366370 0.349040 0.334969 0.323317 0.313497 0.305090 0.297799 0.291407 0.285760 0.280743 0.276276 0.272299 0.268770 0.265659 0.262943 0.260609 0.258647 0.257051 0.255820 0.254957 0.254468 0.254365 0.254663 0.255386 0.256562 0.258228 0.260433 0.263235 0.266711 0.270953 0.276081 0.282245 0.289640 0.298515 0.309204 0.322150 0.337962 0.357494 0.381973 0.413229 0.454096 0.509182 0.586457 0.700819 0.883106 1.206679 1.885151 3.784371 13.937222 13.957527 13.971847 3.847701 1.967561 1.297993 0.975085 0.788151 0.666509 0.581205 0.518430 0.470730 0.433665 0.404399 0.381026 0.362220 0.347045 0.334825 0.325077 0.317455 0.311719 0.307716 0.305361 0.304632 0.305564 0.308253 0.312852 0.319579 0.328720 0.340626 0.355704 0.374379 0.397017 0.423759 0.454255 0.487265 0.520237 0.549146 0.569072 0.575739 0.567422 0.545829 0.515215 0.480482 0.445632 0.413193 0.384378 0.359507 0.338402 0.320657 0.305803 0.293382 0.282983 0.274256 0.266907 0.260696 0.255425 0.250938 0.247109 0.243838 0.241048 0.238678 0.236683 0.235027 0.233683 0.232632 0.231858 0.231349 0.231096 0.231094 0.231337 0.231824 0.232555 0.233533 0.234765 0.236260 0.238037 0.240118 0.242536 0.245333 0.248570 0.252323 0.256697 0.261827 0.267895 0.275145 0.283905 0.294623 0.307924 0.324689 0.346196 0.374345 0.412049 0.463947 0.537744 0.646880 0.816098 1.093468 1.575158 2.435664 3.778294 4.674025 3.780913 2.441147 1.584014 1.106503 0.834475 0.672213 0.572241 0.510630 0.475113 0.459727 0.462548 0.485102 0.533171 0.619730 0.772722 1.056783 1.643058 3.079866 7.404768 14.617589 7.396940 3.063978 1.618624 1.023023 0.728484 0.563379 0.462416 0.396731 0.352029 0.320567 0.297825 0.280989 0.268190 0.258119 0.249817 0.242558 0.235800 0.229151 0.222358 0.215289 0.207915 0.200284 0.192490
0.142357 0.148986 0.155905 0.163037 0.170264 0.177418 0.184282 0.190590 0.196050 0.200369 0.203295 0.204657 0.204401 0.202598 0.199432 0.195169 0.190114 0.184570 0.178807 0.173048 0.167463 0.162169 0.157242 0.152724 0.148633 0.144969 0.141718 0.138864 0.136384 0.134254 0.132450 0.130951 0.129734 0.128780 0.128073 0.127595 0.127334 0.127277 0.127415 0.127739 0.128241 0.128918 0.129764 0.130778 0.131959 0.133306 0.134822 0.136511 0.138377 0.140428 0.142672 0.145122 0.147791 0.150696 0.153858 0.157301 0.161056 0.165159 0.169652 0.174587 0.180029 0.186054 0.192755 0.200249 0.208679 0.218220 0.229096 0.241582 0.256026 0.272865 0.292642 0.316019 0.343778 0.376774 0.415785 0.461179 0.512273 0.566362 0.617832 0.658466 0.680249 0.679836 0.660895 0.631817 0.601295 0.575595 0.558337 0.551517 0.556650 0.575642 0.611389 0.668031 0.750316 0.860414 0.989231 1.103285 1.148006 1.093019 0.968378 0.828316 0.705930 0.609873 0.537435 0.483218 0.442318 0.410995 0.386558 0.367113 0.351325 0.338249 0.327215 0.317741 0.309483 0.302192 0.295691 0.289852 0.284584 0.279824 0.275527 0.271663 0.268210 0.265155 0.262488 0.260203 0.258299 0.256774 0.255633 0.254881 0.254530 0.254593 0.255090 0.256049 0.257504 0.259498 0.262087 0.265342 0.269350 0.274223 0.280104 0.287175 0.295675 0.305915 0.318315 0.333450 0.352120 0.375478 0.405234 0.444026 0.496117 0.568806 0.675514 0.843231 1.132896 1.704709 3.071330 7.138398 13.904396 7.160111 3.111788 1.758914 1.195223 0.908667 0.740344 0.630722 0.553980 0.497515 0.454521 0.420999 0.394429 0.373136 0.355967 0.342108 0.330976 0.322155 0.315353 0.310375 0.307106 0.305498 0.305573 0.307414 0.311180 0.317106 0.325525 0.336883 0.351759 0.370880 0.395117 0.425428 0.462681 0.507247 0.558229 0.612292 0.662590 0.699132 0.712140 0.697420 0.659149 0.607086 0.551205 0.498331 0.451776 0.412413 0.379842 0.353165 0.331387 0.313598 0.299023 0.287034 0.277126 0.268898 0.262034 0.256287 0.251458 0.247396 0.243977 0.241107 0.238713 0.236735 0.235130 0.233862 0.232904 0.232234 0.231836 0.231697 0.231806 0.232157 0.232744 0.233566 0.234623 0.235921 0.237468 0.239280 0.241377 0.243791 0.246563 0.249747 0.253419 0.257675 0.262644 0.268496 0.275455 0.283822 0.294004 0.306555 0.322247 0.342172 0.367906 0.401781 0.447325 0.510017 0.598529 0.726691 0.915842 1.194104 1.576654 1.990156 2.189997 1.992757 1.582105 1.202919 0.928840 0.745051 0.623890 0.544625 0.494267 0.465350 0.454209 0.460158 0.485567 0.537117 0.629368 0.794280 1.109627 1.803562 3.802009 14.622661 14.618569 14.615402 3.787287 1.780957 1.078456 0.753540 0.577632 0.472387 0.405051 0.359935 0.328725 0.306629 0.290675 0.278883 0.269840 0.262480 0.255977 0.249697 0.243184 0.236162 0.228517 0.220278 0.211574 0.202589
0.145979 0.153584 0.161673 0.170180 0.178979 0.187872 0.196576 0.204724 0.211880 0.217590 0.221445 0.223160 0.222637 0.219986 0.215506 0.209614 0.202777 0.195436 0.187965 0.180653 0.173698 0.167226 0.161304 0.155956 0.151178 0.146948 0.143235 0.140001 0.137210 0.134824 0.132810 0.131136 0.129774 0.128699 0.127887 0.127322 0.126984 0.126861 0.126940 0.127211 0.127666 0.128299 0.129105 0.130082 0.131227 0.132542 0.134027 0.135686 0.137525 0.139551 0.141773 0.144203 0.146855 0.149748 0.152903 0.156347 0.160111 0.164234 0.168763 0.173753 0.179274 0.185412 0.192272 0.199985 0.208717 0.218678 0.230135 0.243436 0.259032 0.277513 0.299661 0.326502 0.359376 0.399975 0.450296 0.512297 0.586903 0.671812 0.758097 0.828196 0.861379 0.847935 0.797866 0.732225 0.668973 0.617548 0.580935 0.559115 0.551326 0.557098 0.576539 0.610093 0.657597 0.716268 0.777625 0.825651 0.841590 0.816486 0.758859 0.686992 0.616364 0.554799 0.504253 0.463827 0.431715 0.406095 0.385422 0.368485 0.354365 0.342378 0.332017 0.322915 0.314805 0.307494 0.300847 0.294770 0.289198 0.284089 0.279416 0.275161 0.271315 0.267871 0.264826 0.262179 0.259930 0.258079 0.256631 0.255590 0.254965 0.254768 0.255018 0.255737 0.256955 0.258713 0.261062 0.264064 0.267802 0.272378 0.277924 0.284608 0.292649 0.302332 0.314042 0.328295 0.345812 0.367613 0.395194 0.430812 0.478020 0.542663 0.634872 0.773236 0.993832 1.368876 2.029488 3.052838 3.736735 3.067300 2.056824 1.406338 1.038174 0.821353 0.684231 0.591466 0.525163 0.475753 0.437784 0.407961 0.384180 0.365033 0.349550 0.337044 0.327026 0.319148 0.313174 0.308952 0.306408 0.305534 0.306394 0.309125 0.313951 0.321204 0.331347 0.345023 0.363105 0.386764 0.417551 0.457444 0.508780 0.573854 0.653712 0.745511 0.838426 0.911230 0.938857 0.909469 0.834890 0.740165 0.646508 0.564722 0.497631 0.444167 0.402009 0.368793 0.342507 0.321569 0.304763 0.291172 0.280103 0.271029 0.263551 0.257360 0.252220 0.247947 0.244398 0.241461 0.239050 0.237096 0.235545 0.234355 0.233492 0.232929 0.232645 0.232624 0.232850 0.233315 0.234010 0.234931 0.236077 0.237450 0.239057 0.240910 0.243029 0.245440 0.248181 0.251303 0.254875 0.258985 0.263751 0.269326 0.275913 0.283776 0.293268 0.304864 0.319205 0.337171 0.359986 0.389371 0.427764 0.478626 0.546779 0.638557 0.760931 0.917352 1.096428 1.254813 1.321549 1.257271 1.101591 0.925730 0.773333 0.656151 0.571183 0.512054 0.473249 0.451116 0.443942 0.452005 0.478027 0.528473 0.616718 0.770954 1.055973 1.643027 3.080507 7.406028 14.619457 7.399442 3.067171 1.622598 1.027900 0.734420 0.570563 0.471074 0.407119 0.364426 0.335258 0.315081 0.301020 0.291102 0.283858 0.278116 0.272914 0.267488 0.261283 0.253989 0.245533 0.236049 0.225807 0.215142
0.150357 0.159190 0.168783 0.179097 0.190019 0.201328 0.212664 0.223514 0.233225 0.241068 0.246358 0.248601 0.247617 0.243596 0.237041 0.228649 0.219154 0.209216 0.199355 0.189933 0.181175 0.173195 0.166030 0.159669 0.154071 0.149179 0.144932 0.141269 0.138130 0.135463 0.133220 0.131358 0.129841 0.128637 0.127718 0.127061 0.126645 0.126455 0.126474 0.126693 0.127101 0.127691 0.128457 0.129397 0.130508 0.131790 0.133244 0.134874 0.136686 0.138686 0.140884 0.143293 0.145927 0.148805 0.151949 0.155389 0.159155 0.163290 0.167844 0.172875 0.178461 0.184692 0.191687 0.199591 0.208592 0.218933 0.230930 0.245002 0.261713 0.281832 0.306422 0.336975 0.375601 0.425291 0.490211 0.575830 0.688163 0.830192 0.992080 1.136412 1.201941 1.154700 1.028903 0.886068 0.763926 0.672697 0.609881 0.570047 0.548429 0.541630 0.547370 0.563889 0.589110 0.619588 0.649574 0.671198 0.676874 0.663215 0.633056 0.593378 0.551345 0.511820 0.477090 0.447661 0.423124 0.402718 0.385640 0.371171 0.358720 0.347822 0.338124 0.329364 0.321354 0.313962 0.307097 0.300702 0.294743 0.289201 0.284069 0.279346 0.275035 0.271137 0.267657 0.264597 0.261958 0.259743 0.257953 0.256592 0.255666 0.255185 0.255163 0.255618 0.256578 0.258076 0.260157 0.262879 0.266314 0.270556 0.275722 0.281964 0.289477 0.298514 0.309413 0.322622 0.338756 0.358672 0.383586 0.415281 0.456427 0.511138 0.585902 0.691035 0.842436 1.061015 1.357787 1.676845 1.832934 1.687010 1.377220 1.088128 0.875280 0.727644 0.624553 0.550490 0.495547 0.453605 0.420840 0.394795 0.373841 0.356864 0.343081 0.331936 0.323034 0.316096 0.310938 0.307455 0.305609 0.305435 0.307036 0.310604 0.316431 0.324946 0.336758 0.352729 0.374080 0.402550 0.440625 0.491848 0.561178 0.655139 0.780911 0.942013 1.126536 1.289374 1.356723 1.287577 1.122927 0.936563 0.773574 0.645853 0.549861 0.478399 0.424921 0.384444 0.353396 0.329260 0.310262 0.295141 0.282990 0.273144 0.265115 0.258536 0.253129 0.248682 0.245032 0.242051 0.239641 0.237725 0.236239 0.235136 0.234377 0.233930 0.233769 0.233875 0.234230 0.234820 0.235635 0.236668 0.237915 0.239376 0.241054 0.242958 0.245104 0.247516 0.250225 0.253279 0.256737 0.260679 0.265208 0.270461 0.276610 0.283885 0.292581 0.303085 0.315907 0.331719 0.351414 0.376170 0.407530 0.447446 0.498221 0.562117 0.640203 0.729802 0.820567 0.892141 0.920490 0.894330 0.825185 0.737346 0.651455 0.578205 0.520698 0.478427 0.449886 0.433842 0.429903 0.438902 0.463418 0.508784 0.585170 0.712023 0.927724 1.309535 1.997963 3.076134 3.794467 3.070309 1.986195 1.291578 0.903177 0.680294 0.545415 0.459818 0.403588 0.365899 0.340508 0.323575 0.312552 0.305580 0.301163 0.297991 0.294894 0.290879 0.285219 0.277542 0.267853 0.256480 0.243950 0.230845
0.155448 0.165793 0.177284 0.189950 0.203726 0.218399 0.233537 0.248436 0.262105 0.273347 0.280964 0.284053 0.282276 0.275977 0.266071 0.253762 0.240253 0.226541 0.213336 0.201071 0.189965 0.180081 0.171393 0.163822 0.157266 0.151617 0.146771 0.142631 0.139114 0.136144 0.133657 0.131598 0.129920 0.128583 0.127554 0.126804 0.126310 0.126052 0.126012 0.126179 0.126540 0.127088 0.127816 0.128719 0.129796 0.131046 0.132470 0.134071 0.135855 0.137828 0.140001 0.142386 0.144999 0.147858 0.150987 0.154415 0.158177 0.162314 0.166879 0.171936 0.177565 0.183865 0.190962 0.199016 0.208235 0.218890 0.231344 0.246085 0.263787 0.285400 0.312292 0.346476 0.391003 0.450601 0.532756 0.649403 0.818957 1.065690 1.402695 1.766660 1.946424 1.783652 1.436881 1.117492 0.889038 0.738703 0.642538 0.582487 0.546991 0.528895 0.523644 0.527998 0.539096 0.553753 0.568107 0.577899 0.579515 0.571323 0.554292 0.531309 0.505763 0.480399 0.456891 0.435962 0.417703 0.401863 0.388059 0.375894 0.365013 0.355127 0.346012 0.337506 0.329496 0.321912 0.314711 0.307876 0.301407 0.295314 0.289611 0.284316 0.279445 0.275011 0.271022 0.267485 0.264403 0.261776 0.259605 0.257890 0.256635 0.255843 0.255524 0.255693 0.256371 0.257586 0.259378 0.261794 0.264899 0.268775 0.273525 0.279281 0.286212 0.294536 0.304537 0.316590 0.331195 0.349029 0.371021 0.398466 0.433185 0.477745 0.535705 0.611720 0.710863 0.835481 0.976647 1.101255 1.155330 1.108766 0.991137 0.855991 0.736178 0.640565 0.566899 0.510302 0.466361 0.431750 0.404110 0.381788 0.363621 0.348782 0.336675 0.326871 0.319064 0.313042 0.308673 0.305893 0.304703 0.305171 0.307444 0.311761 0.318479 0.328120 0.341435 0.359510 0.383939 0.417097 0.462606 0.526108 0.616561 0.748277 0.943360 1.230955 1.626752 2.054493 2.260009 2.052669 1.623090 1.225429 0.935928 0.738883 0.605133 0.512556 0.446821 0.398948 0.363271 0.336142 0.315153 0.298678 0.285591 0.275092 0.266609 0.259719 0.254106 0.249534 0.245822 0.242829 0.240445 0.238587 0.237185 0.236186 0.235545 0.235229 0.235206 0.235454 0.235952 0.236684 0.237636 0.238798 0.240163 0.241728 0.243491 0.245460 0.247645 0.250065 0.252747 0.255730 0.259067 0.262825 0.267094 0.271990 0.277661 0.284293 0.292128 0.301470 0.312706 0.326326 0.342943 0.363310 0.388320 0.418944 0.456073 0.500120 0.550277 0.603402 0.652972 0.689451 0.703518 0.691248 0.656796 0.609724 0.559841 0.513988 0.475701 0.446290 0.426010 0.414894 0.413269 0.422149 0.443646 0.481576 0.542454 0.637047 0.782258 1.000522 1.303876 1.632989 1.790392 1.627993 1.293818 0.985262 0.761568 0.610589 0.509741 0.441915 0.396056 0.365246 0.345098 0.332712 0.326015 0.323347 0.323187 0.324011 0.324281 0.322574 0.317818 0.309512 0.297818 0.283440 0.267374 0.250631
0.161171 0.173335 0.187182 0.202870 0.220459 0.239825 0.260516 0.281614 0.301619 0.318518 0.330116 0.334658 0.331468 0.321229 0.305702 0.287088 0.267409 0.248165 0.230283 0.214214 0.200088 0.187844 0.177326 0.168341 0.160693 0.154199 0.148696 0.144044 0.140124 0.136836 0.134096 0.131835 0.129993 0.128523 0.127383 0.126542 0.125970 0.125645 0.125548 0.125664 0.125980 0.126487 0.127177 0.128045 0.129089 0.130307 0.131701 0.133272 0.135027 0.136973 0.139119 0.141478 0.144066 0.146903 0.150011 0.153420 0.157167 0.161294 0.165856 0.170919 0.176567 0.182903 0.190062 0.198213 0.207581 0.218460 0.231249 0.246496 0.264969 0.287777 0.316563 0.353845 0.403627 0.472558 0.572235 0.724010 0.969370 1.391320 2.140473 3.305993 4.085915 3.321830 2.172311 1.439491 1.034390 0.806590 0.673294 0.593226 0.545213 0.517763 0.504171 0.500105 0.502313 0.507920 0.514130 0.518322 0.518450 0.513519 0.503770 0.490413 0.475052 0.459157 0.443762 0.429427 0.416335 0.404429 0.393533 0.383442 0.373961 0.364937 0.356258 0.347852 0.339681 0.331735 0.324024 0.316575 0.309425 0.302617 0.296191 0.290186 0.284633 0.279555 0.274966 0.270876 0.267285 0.264193 0.261596 0.259490 0.257871 0.256740 0.256101 0.255961 0.256337 0.257249 0.258729 0.260819 0.263572 0.267057 0.271363 0.276601 0.282914 0.290482 0.299537 0.310377 0.323390 0.339083 0.358120 0.381370 0.409962 0.445312 0.489074 0.542835 0.607238 0.680059 0.753236 0.811125 0.835292 0.816945 0.764547 0.696257 0.627541 0.566392 0.515062 0.473009 0.438784 0.410884 0.388036 0.369239 0.353733 0.340946 0.330453 0.321941 0.315186 0.310038 0.306413 0.304285 0.303688 0.304724 0.307574 0.312516 0.319964 0.330519 0.345054 0.364853 0.391848 0.429027 0.481164 0.556218 0.668100 0.842458 1.129165 1.628040 2.520250 3.913015 4.841299 3.911169 2.516547 1.622456 1.121663 0.832990 0.656602 0.542611 0.465353 0.410899 0.371268 0.341663 0.319072 0.301533 0.287726 0.276740 0.267929 0.260824 0.255083 0.250447 0.246721 0.243754 0.241430 0.239657 0.238363 0.237489 0.236988 0.236822 0.236957 0.237367 0.238030 0.238925 0.240035 0.241349 0.242853 0.244543 0.246412 0.248464 0.250703 0.253144 0.255807 0.258724 0.261938 0.265506 0.269502 0.274023 0.279190 0.285154 0.292102 0.300268 0.309934 0.321439 0.335183 0.351614 0.371196 0.394334 0.421220 0.451573 0.484259 0.516885 0.545648 0.565889 0.573583 0.567174 0.548434 0.521613 0.491620 0.462549 0.437142 0.416971 0.402880 0.395428 0.395228 0.403230 0.420974 0.450865 0.496464 0.562601 0.654666 0.775249 0.914998 1.038810 1.089325 1.034685 0.906738 0.762832 0.638052 0.541730 0.471236 0.421125 0.386475 0.363577 0.349791 0.343209 0.342334 0.345772 0.351978 0.359075 0.364851 0.367025 0.363782 0.354337 0.339170 0.319767 0.298032 0.275723
0.167391 0.181690 0.198396 0.217898 0.240527 0.266422 0.295293 0.326085 0.356611 0.383416 0.402273 0.409512 0.403656 0.386189 0.360784 0.331675 0.302322 0.274915 0.250515 0.229413 0.211473 0.196366 0.183704 0.173111 0.164253 0.156841 0.150640 0.145451 0.141116 0.137505 0.134510 0.132046 0.130042 0.128440 0.127194 0.126263 0.125617 0.125228 0.125076 0.125144 0.125417 0.125884 0.126538 0.127372 0.128383 0.129570 0.130933 0.132475 0.134201 0.136118 0.138235 0.140566 0.143125 0.145933 0.149014 0.152397 0.156118 0.160222 0.164764 0.169811 0.175450 0.181787 0.188960 0.197146 0.206579 0.217569 0.230539 0.246075 0.265009 0.288561 0.318569 0.357919 0.411348 0.487071 0.600337 0.781997 1.101899 1.743684 3.294494 7.935041 15.665375 7.949857 3.324257 1.788654 1.162473 0.858709 0.693853 0.598176 0.540901 0.506780 0.487475 0.477938 0.474738 0.475237 0.477233 0.478891 0.478852 0.476376 0.471383 0.464315 0.455881 0.446790 0.437578 0.428551 0.419812 0.411327 0.402999 0.394724 0.386421 0.378043 0.369578 0.361042 0.352472 0.343921 0.335454 0.327148 0.319083 0.311338 0.303987 0.297091 0.290698 0.284841 0.279540 0.274802 0.270627 0.267008 0.263934 0.261395 0.259380 0.257881 0.256896 0.256426 0.256479 0.257070 0.258222 0.259967 0.262350 0.265427 0.269270 0.273972 0.279647 0.286441 0.294534 0.304156 0.315592 0.329200 0.345424 0.364802 0.387964 0.415583 0.448247 0.486160 0.528573 0.572948 0.614171 0.644832 0.657683 0.649555 0.623404 0.586297 0.545515 0.506111 0.470624 0.439848 0.413660 0.391569 0.373000 0.357419 0.344376 0.333508 0.324531 0.317235 0.311469 0.307138 0.304198 0.302656 0.302577 0.304088 0.307396 0.312811 0.320786 0.331975 0.347337 0.368295 0.397023 0.436957 0.493759 0.577276 0.705818 0.916470 1.293231 2.057021 3.914259 9.488803 18.780649 9.486940 3.910523 2.051391 1.285676 0.906948 0.694275 0.563643 0.477956 0.418887 0.376572 0.345329 0.321703 0.303493 0.289248 0.277979 0.268991 0.261788 0.256007 0.251376 0.247691 0.244797 0.242570 0.240916 0.239759 0.239037 0.238702 0.238710 0.239029 0.239627 0.240480 0.241564 0.242861 0.244352 0.246024 0.247866 0.249867 0.252026 0.254342 0.256822 0.259481 0.262343 0.265440 0.268819 0.272540 0.276681 0.281337 0.286628 0.292697 0.299716 0.307882 0.317423 0.328583 0.341607 0.356704 0.373979 0.393328 0.414293 0.435891 0.456500 0.473924 0.485776 0.490168 0.486432 0.475436 0.459274 0.440562 0.421753 0.404771 0.390967 0.381258 0.376331 0.376832 0.383532 0.397451 0.419937 0.452633 0.497173 0.554250 0.621563 0.690643 0.744965 0.765052 0.741727 0.684216 0.612047 0.541806 0.482032 0.435114 0.400461 0.376564 0.361915 0.355299 0.355778 0.362532 0.374580 0.390425 0.407671 0.422872 0.431954 0.431400 0.419721 0.398137 0.369881 0.338706 0.307681
0.173900 0.190623 0.210696 0.234890 0.264047 0.298930 0.339872 0.386108 0.434781 0.480004 0.513185 0.525915 0.514592 0.482824 0.439023 0.391787 0.347005 0.307541 0.274161 0.246534 0.223902 0.205423 0.190329 0.177968 0.167813 0.159442 0.152521 0.146790 0.142041 0.138110 0.134867 0.132207 0.130048 0.128321 0.126973 0.125959 0.125242 0.124794 0.124590 0.124612 0.124844 0.125275 0.125894 0.126695 0.127675 0.128832 0.130165 0.131677 0.133373 0.135259 0.137345 0.139644 0.142171 0.144946 0.147992 0.151340 0.155025 0.159091 0.163595 0.168603 0.174203 0.180501 0.187637 0.195790 0.205196 0.216170 0.229143 0.244714 0.263737 0.287470 0.317822 0.357814 0.412461 0.490586 0.608932 0.802526 1.155191 1.911524 4.062701 15.653769 15.660479 15.667693 4.090652 1.953707 1.211915 0.874195 0.696040 0.593691 0.532151 0.494643 0.472220 0.459630 0.453477 0.451355 0.451433 0.452300 0.452940 0.452738 0.451459 0.449164 0.446071 0.442413 0.438345 0.433906 0.429038 0.423635 0.417598 0.410876 0.403472 0.395444 0.386882 0.377893 0.368591 0.359097 0.349535 0.340038 0.330737 0.321757 0.313211 0.305187 0.297751 0.290947 0.284795 0.279299 0.274451 0.270234 0.266628 0.263611 0.261163 0.259268 0.257913 0.257092 0.256804 0.257057 0.257865 0.259253 0.261253 0.263910 0.267281 0.271439 0.276474 0.282497 0.289645 0.298085 0.308017 0.319679 0.333346 0.349320 0.367906 0.389347 0.413710 0.440686 0.469302 0.497615 0.522602 0.540584 0.548359 0.544593 0.530476 0.509085 0.484008 0.458213 0.433630 0.411253 0.391436 0.374172 0.359287 0.346547 0.335721 0.326601 0.319018 0.312844 0.307987 0.304399 0.302072 0.301040 0.301391 0.303271 0.306904 0.312618 0.320884 0.332381 0.348100 0.369518 0.398899 0.439846 0.498360 0.585026 0.719957 0.945263 1.361768 2.263738 4.843752 18.781861 18.780845 18.779982 4.839986 2.258067 1.354166 0.935695 0.708377 0.571378 0.482576 0.421847 0.378589 0.346789 0.322825 0.304414 0.290055 0.278734 0.269739 0.262564 0.256839 0.252289 0.248707 0.245935 0.243848 0.242350 0.241364 0.240826 0.240685 0.240899 0.241431 0.242248 0.243323 0.244629 0.246146 0.247850 0.249724 0.251751 0.253918 0.256215 0.258636 0.261182 0.263860 0.266683 0.269678 0.272878 0.276331 0.280097 0.284250 0.288883 0.294101 0.300028 0.306800 0.314560 0.323449 0.333589 0.345043 0.357779 0.371598 0.386062 0.400432 0.413650 0.424438 0.431516 0.433946 0.431430 0.424448 0.414128 0.401952 0.389426 0.377863 0.368304 0.361547 0.358227 0.358907 0.364156 0.374598 0.390897 0.413640 0.443036 0.478320 0.516856 0.553297 0.579877 0.589019 0.577512 0.548677 0.510206 0.470004 0.433588 0.403812 0.381722 0.367477 0.360962 0.362096 0.370933 0.387559 0.411785 0.442526 0.476879 0.509263 0.531693 0.536393 0.519972 0.485592 0.440788 0.393280 0.348344
0.180407 0.199763 0.223637 0.253381 0.290715 0.337665 0.396220 0.467291 0.548439 0.630354 0.694768 0.720110 0.696194 0.633211 0.552734 0.473037 0.403433 0.346364 0.300922 0.265121 0.236937 0.214653 0.196917 0.182695 0.171211 0.161876 0.154248 0.147991 0.142845 0.138612 0.135136 0.132294 0.129991 0.128150 0.126709 0.125618 0.124838 0.124335 0.124085 0.124065 0.124260 0.124656 0.125243 0.126013 0.126963 0.128090 0.129393 0.130875 0.132540 0.134394 0.136448 0.138712 0.141203 0.143939 0.146944 0.150247 0.153884 0.157899 0.162346 0.167291 0.172821 0.179040 0.186086 0.194134 0.203417 0.214243 0.227033 0.242371 0.261087 0.284398 0.314141 0.353197 0.406301 0.481664 0.594530 0.775747 1.095156 1.736393 3.286589 7.926448 15.656005 7.939599 3.312975 1.776180 1.148590 0.843149 0.676282 0.578193 0.518045 0.480565 0.457451 0.443812 0.436533 0.433486 0.433137 0.434357 0.436342 0.438566 0.440729 0.442689 0.444367 0.445668 0.446421 0.446379 0.445256 0.442802 0.438861 0.433411 0.426552 0.418467 0.409372 0.399479 0.388987 0.378084 0.366961 0.355813 0.344837 0.334218 0.324116 0.314653 0.305917 0.297954 0.290784 0.284398 0.278775 0.273882 0.269683 0.266142 0.263226 0.260905 0.259156 0.257964 0.257319 0.257220 0.257673 0.258692 0.260301 0.262532 0.265429 0.269046 0.273451 0.278725 0.284968 0.292293 0.300835 0.310738 0.322159 0.335244 0.350101 0.366750 0.385040 0.404540 0.424405 0.443299 0.459441 0.470897 0.476111 0.474450 0.466446 0.453565 0.437671 0.420500 0.403370 0.387129 0.372234 0.358874 0.347075 0.336782 0.327903 0.320342 0.314013 0.308850 0.304811 0.301884 0.300089 0.299482 0.300167 0.302302 0.306118 0.311947 0.320255 0.331714 0.347290 0.368417 0.397277 0.437312 0.494188 0.577759 0.706337 0.917011 1.293782 2.057572 3.914804 9.489337 18.781168 9.487442 3.911007 2.051859 1.286130 0.907393 0.694716 0.564089 0.478415 0.419371 0.377095 0.345907 0.322352 0.304234 0.290102 0.278968 0.270141 0.263125 0.257557 0.253167 0.249752 0.247155 0.245254 0.243953 0.243174 0.242855 0.242944 0.243398 0.244178 0.245251 0.246585 0.248154 0.249931 0.251890 0.254008 0.256264 0.258638 0.261113 0.263677 0.266323 0.269049 0.271862 0.274775 0.277814 0.281014 0.284419 0.288088 0.292088 0.296499 0.301405 0.306898 0.313067 0.319986 0.327703 0.336213 0.345430 0.355150 0.365018 0.374508 0.382943 0.389564 0.393667 0.394763 0.392725 0.387848 0.380789 0.372436 0.363741 0.355599 0.348777 0.343908 0.341512 0.342032 0.345863 0.353360 0.364795 0.380251 0.399427 0.421336 0.443980 0.464237 0.478302 0.482903 0.476768 0.461334 0.440059 0.416960 0.395433 0.377829 0.365610 0.359724 0.360962 0.370237 0.388739 0.417949 0.459350 0.513498 0.577955 0.644097 0.695217 0.711645 0.684046 0.621564 0.543672 0.466861 0.399517
0.186536 0.208588 0.236503 0.272437 0.319458 0.381848 0.465234 0.575809 0.716610 0.877395 1.019334 1.078893 1.020774 0.880278 0.720944 0.581604 0.472505 0.390611 0.329733 0.284245 0.249869 0.223538 0.203097 0.187029 0.174257 0.164009 0.155721 0.148980 0.143474 0.138969 0.135285 0.132283 0.129854 0.127912 0.126390 0.125232 0.124396 0.123846 0.123555 0.123498 0.123660 0.124024 0.124581 0.125323 0.126244 0.127342 0.128616 0.130068 0.131701 0.133523 0.135541 0.137767 0.140217 0.142910 0.145867 0.149117 0.152695 0.156644 0.161015 0.165875 0.171304 0.177405 0.184309 0.192185 0.201251 0.211802 0.224230 0.239080 0.257117 0.279443 0.307696 0.344388 0.393517 0.461723 0.560596 0.711479 0.955849 1.376695 2.124615 3.288750 4.067108 3.301240 2.149665 1.414447 1.006510 0.775320 0.637938 0.552927 0.498960 0.464439 0.442678 0.429598 0.422573 0.419824 0.420106 0.422529 0.426467 0.431490 0.437297 0.443643 0.450259 0.456778 0.462703 0.467432 0.470350 0.470958 0.468992 0.464473 0.457654 0.448921 0.438671 0.427249 0.414939 0.401992 0.388662 0.375226 0.361966 0.349151 0.337006 0.325696 0.315327 0.305945 0.297554 0.290126 0.283614 0.277960 0.273105 0.268992 0.265570 0.262795 0.260630 0.259049 0.258032 0.257569 0.257656 0.258300 0.259514 0.261320 0.263747 0.266834 0.270629 0.275190 0.280582 0.286881 0.294167 0.302522 0.312019 0.322708 0.334591 0.347585 0.361472 0.375845 0.390056 0.403213 0.414244 0.422078 0.425893 0.425359 0.420733 0.412765 0.402474 0.390890 0.378887 0.367107 0.355970 0.345713 0.336453 0.328226 0.321026 0.314828 0.309604 0.305334 0.302013 0.299657 0.298308 0.298036 0.298956 0.301229 0.305086 0.310847 0.318956 0.330042 0.344999 0.365131 0.392386 0.429762 0.482045 0.557202 0.669153 0.843552 1.130276 1.629150 2.521346 3.914085 4.842337 3.912171 2.517512 1.623385 1.122563 0.833869 0.657470 0.543486 0.466253 0.411846 0.372291 0.342793 0.320343 0.302985 0.289403 0.278688 0.270198 0.263468 0.258155 0.254004 0.250819 0.248451 0.246783 0.245720 0.245189 0.245128 0.245486 0.246219 0.247289 0.248660 0.250300 0.252178 0.254264 0.256529 0.258944 0.261482 0.264115 0.266819 0.269575 0.272365 0.275179 0.278014 0.280877 0.283780 0.286748 0.289814 0.293023 0.296423 0.300073 0.304034 0.308364 0.313117 0.318330 0.324011 0.330126 0.336581 0.343202 0.349720 0.355775 0.360936 0.364750 0.366819 0.366886 0.364908 0.361081 0.355816 0.349672 0.343272 0.337228 0.332096 0.328352 0.326397 0.326558 0.329100 0.334208 0.341953 0.352219 0.364597 0.378250 0.391832 0.403540 0.411430 0.413975 0.410653 0.402207 0.390405 0.377483 0.365613 0.356633 0.352056 0.353242 0.361666 0.379208 0.408489 0.453198 0.518242 0.609053 0.728225 0.866338 0.988096 1.035836 0.977494 0.844979 0.695794 0.565065 0.462033
0.191845 0.216435 0.248292 0.290549 0.348079 0.428606 0.544461 0.714686 0.964381 1.307063 1.677085 1.855615 1.678534 1.309966 0.968743 0.720516 0.551772 0.437413 0.358399 0.302403 0.261700 0.231420 0.208433 0.190674 0.176750 0.165699 0.156840 0.149685 0.143875 0.139142 0.135285 0.132150 0.129617 0.127593 0.126005 0.124793 0.123911 0.123322 0.122995 0.122908 0.123040 0.123377 0.123907 0.124623 0.125517 0.126587 0.127833 0.129254 0.130855 0.132642 0.134623 0.136809 0.139215 0.141858 0.144761 0.147950 0.151458 0.155327 0.159607 0.164359 0.169659 0.175606 0.182321 0.189960 0.198727 0.208888 0.220800 0.234944 0.251989 0.272876 0.298964 0.332257 0.375797 0.434299 0.515237 0.630533 0.798585 1.043644 1.378780 1.740650 1.918047 1.752578 1.402702 1.079686 0.846935 0.691438 0.588995 0.521252 0.476321 0.446748 0.427820 0.416491 0.410738 0.409188 0.410895 0.415212 0.421704 0.430073 0.440086 0.451481 0.463866 0.476626 0.488869 0.499484 0.507311 0.511416 0.511349 0.507234 0.499647 0.489349 0.477037 0.463218 0.448235 0.432368 0.415929 0.399297 0.382888 0.367097 0.352242 0.338543 0.326116 0.314993 0.305144 0.296500 0.288973 0.282468 0.276892 0.272160 0.268198 0.264942 0.262341 0.260355 0.258953 0.258115 0.257830 0.258094 0.258912 0.260295 0.262261 0.264836 0.268050 0.271941 0.276549 0.281919 0.288093 0.295108 0.302987 0.311723 0.321265 0.331493 0.342190 0.353017 0.363499 0.373039 0.380976 0.386683 0.389698 0.389832 0.387215 0.382255 0.375530 0.367670 0.359246 0.350725 0.342446 0.334639 0.327443 0.320937 0.315162 0.310136 0.305868 0.302371 0.299666 0.297789 0.296795 0.296767 0.297822 0.300120 0.303882 0.309405 0.317097 0.327518 0.341452 0.360014 0.384820 0.418263 0.463981 0.527630 0.618179 0.749948 0.945051 1.232639 1.628408 2.056106 2.261567 2.054167 1.624527 1.226807 0.937255 0.740172 0.606402 0.513827 0.448123 0.400316 0.364746 0.337770 0.316990 0.300783 0.288029 0.277936 0.269934 0.263606 0.258640 0.254801 0.251909 0.249824 0.248435 0.247656 0.247415 0.247654 0.248323 0.249380 0.250785 0.252504 0.254502 0.256746 0.259201 0.261835 0.264611 0.267496 0.270453 0.273451 0.276459 0.279449 0.282403 0.285306 0.288155 0.290954 0.293718 0.296472 0.299246 0.302081 0.305019 0.308103 0.311374 0.314863 0.318587 0.322538 0.326675 0.330914 0.335120 0.339102 0.342619 0.345399 0.347173 0.347716 0.346897 0.344715 0.341312 0.336962 0.332033 0.326943 0.322117 0.317953 0.314802 0.312959 0.312659 0.314071 0.317285 0.322281 0.328891 0.336744 0.345222 0.353456 0.360399 0.365025 0.366592 0.364905 0.360427 0.354194 0.347591 0.342121 0.339275 0.340542 0.347556 0.362364 0.387846 0.428372 0.490856 0.586362 0.732031 0.950497 1.253907 1.582699 1.738538 1.572668 1.233722 0.919907 0.690656 0.533688
0.195868 0.222565 0.257797 0.305690 0.373109 0.472041 0.624577 0.873664 1.305254 2.075334 3.276225 4.077055 3.277681 2.078250 1.309635 0.879518 0.631915 0.480876 0.383458 0.317570 0.271227 0.237567 0.212464 0.193334 0.178494 0.166813 0.157513 0.150042 0.144000 0.139097 0.135111 0.131878 0.129268 0.127183 0.125545 0.124293 0.123376 0.122757 0.122403 0.122291 0.122399 0.122712 0.123219 0.123910 0.124780 0.125824 0.127041 0.128433 0.130002 0.131753 0.133695 0.135838 0.138196 0.140786 0.143628 0.146748 0.150177 0.153954 0.158126 0.162750 0.167898 0.173658 0.180142 0.187493 0.195890 0.205571 0.216842 0.230116 0.245946 0.265090 0.288601 0.317955 0.355251 0.403463 0.466739 0.550530 0.660830 0.800593 0.959951 1.101449 1.163782 1.112906 0.982927 0.835210 0.707271 0.609038 0.537616 0.487065 0.451992 0.428300 0.413071 0.404269 0.400493 0.400788 0.404529 0.411330 0.420986 0.433402 0.448507 0.466139 0.485882 0.506892 0.527759 0.546545 0.561092 0.569615 0.571311 0.566596 0.556777 0.543399 0.527670 0.510265 0.491469 0.471477 0.450629 0.429467 0.408635 0.388743 0.370251 0.353438 0.338411 0.325154 0.313570 0.303518 0.294845 0.287399 0.281040 0.275646 0.271112 0.267352 0.264297 0.261890 0.260092 0.258871 0.258207 0.258089 0.258512 0.259479 0.260997 0.263081 0.265747 0.269016 0.272910 0.277450 0.282653 0.288526 0.295060 0.302220 0.309934 0.318077 0.326456 0.334804 0.342778 0.349974 0.355970 0.360384 0.362936 0.363512 0.362178 0.359163 0.354810 0.349509 0.343637 0.337524 0.331431 0.325554 0.320028 0.314945 0.310366 0.306334 0.302880 0.300038 0.297846 0.296352 0.295624 0.295749 0.296842 0.299059 0.302602 0.307740 0.314831 0.324355 0.336966 0.353561 0.375393 0.404223 0.442559 0.493963 0.563406 0.657426 0.783212 0.944292 1.128767 1.291536 1.358803 1.289566 1.124824 0.938371 0.775303 0.647519 0.551488 0.480017 0.426568 0.386166 0.355248 0.331307 0.312576 0.297805 0.286092 0.276784 0.269398 0.263571 0.259033 0.255573 0.253030 0.251278 0.250217 0.249765 0.249859 0.250442 0.251469 0.252899 0.254694 0.256818 0.259235 0.261911 0.264808 0.267885 0.271102 0.274415 0.277780 0.281151 0.284488 0.287751 0.290909 0.293936 0.296818 0.299552 0.302144 0.304611 0.306978 0.309278 0.311544 0.313810 0.316107 0.318454 0.320860 0.323312 0.325773 0.328179 0.330432 0.332402 0.333934 0.334863 0.335031 0.334319 0.332667 0.330098 0.326721 0.322730 0.318376 0.313951 0.309750 0.306060 0.303133 0.301184 0.300375 0.300814 0.302537 0.305493 0.309522 0.314334 0.319499 0.324465 0.328624 0.331423 0.332506 0.331836 0.329755 0.326957 0.324404 0.323235 0.324729 0.330355 0.341946 0.362026 0.394420 0.445363 0.525687 0.655358 0.873218 1.257071 1.948170 3.030093 3.750030 3.020622 1.929131 1.228268 0.834360 0.606054
0.198189 0.226283 0.263810 0.315657 0.390311 0.503548 0.687303 1.013905 1.673570 3.274516 8.075843 16.077553 8.077304 3.277440 1.677962 1.019774 0.694657 0.512399 0.400675 0.327548 0.277247 0.241285 0.214777 0.194751 0.179322 0.167242 0.157665 0.149997 0.143814 0.138806 0.134743 0.131450 0.128794 0.126673 0.125005 0.123727 0.122788 0.122148 0.121776 0.121644 0.121734 0.122029 0.122515 0.123185 0.124032 0.125052 0.126242 0.127604 0.129140 0.130855 0.132757 0.134855 0.137162 0.139693 0.142469 0.145514 0.148855 0.152530 0.156581 0.161061 0.166035 0.171582 0.177803 0.184823 0.192799 0.201932 0.212480 0.224778 0.239265 0.256519 0.277304 0.302631 0.333819 0.372541 0.420772 0.480444 0.552458 0.634476 0.717534 0.784020 0.813138 0.795083 0.739722 0.667913 0.597332 0.537010 0.489350 0.453526 0.427684 0.409941 0.398730 0.392862 0.391492 0.394070 0.400297 0.410083 0.423515 0.440805 0.462206 0.487859 0.517535 0.550281 0.584025 0.615418 0.640303 0.655019 0.658001 0.650460 0.635499 0.616380 0.595209 0.572673 0.548608 0.522815 0.495605 0.467840 0.440627 0.414961 0.391516 0.370616 0.352304 0.336447 0.322818 0.311156 0.301207 0.292736 0.285539 0.279446 0.274315 0.270032 0.266507 0.263669 0.261464 0.259852 0.258804 0.258302 0.258332 0.258890 0.259975 0.261591 0.263744 0.266441 0.269691 0.273497 0.277860 0.282768 0.288196 0.294095 0.300387 0.306957 0.313645 0.320245 0.326506 0.332153 0.336905 0.340519 0.342818 0.343724 0.343270 0.341588 0.338885 0.335406 0.331401 0.327100 0.322698 0.318350 0.314177 0.310265 0.306684 0.303484 0.300711 0.298410 0.296630 0.295429 0.294878 0.295066 0.296107 0.298144 0.301361 0.305993 0.312342 0.320807 0.331905 0.346322 0.364968 0.389046 0.420132 0.460224 0.511679 0.576804 0.656661 0.748415 0.841252 0.913953 0.941460 0.911942 0.837229 0.742375 0.648601 0.566717 0.499558 0.446062 0.403920 0.370777 0.344636 0.323922 0.307434 0.294266 0.283735 0.275327 0.268650 0.263405 0.259361 0.256338 0.254197 0.252826 0.252136 0.252057 0.252530 0.253506 0.254941 0.256799 0.259042 0.261637 0.264548 0.267735 0.271158 0.274772 0.278528 0.282371 0.286245 0.290093 0.293857 0.297484 0.300926 0.304147 0.307120 0.309833 0.312287 0.314493 0.316476 0.318263 0.319888 0.321380 0.322765 0.324061 0.325272 0.326389 0.327385 0.328214 0.328811 0.329096 0.328976 0.328357 0.327157 0.325320 0.322832 0.319730 0.316104 0.312098 0.307893 0.303694 0.299714 0.296154 0.293198 0.290997 0.289663 0.289262 0.289804 0.291235 0.293422 0.296153 0.299139 0.302036 0.304491 0.306210 0.307035 0.307013 0.306428 0.305804 0.305879 0.307586 0.312069 0.320772 0.335643 0.359535 0.396970 0.455680 0.549963 0.708733 0.997486 1.588512 3.032800 7.377003 14.621080 7.368070 3.014858 1.561413 0.961008 0.662585
0.198512 0.227085 0.265416 0.318682 0.396005 0.514709 0.711057 1.071862 1.850489 4.073728 16.075931 16.076665 16.077394 4.076657 1.854887 1.077737 0.718418 0.523566 0.406371 0.330571 0.278846 0.242073 0.215077 0.194748 0.179121 0.166911 0.157246 0.149517 0.143291 0.138253 0.134167 0.130857 0.128188 0.126056 0.124378 0.123091 0.122143 0.121494 0.121111 0.120968 0.121045 0.121325 0.121795 0.122447 0.123273 0.124270 0.125434 0.126767 0.128270 0.129949 0.131809 0.133860 0.136113 0.138584 0.141289 0.144253 0.147500 0.151063 0.154982 0.159305 0.164088 0.169404 0.175338 0.181998 0.189517 0.198062 0.207841 0.219118 0.232223 0.247576 0.265698 0.287233 0.312936 0.343637 0.380085 0.422619 0.470520 0.521047 0.568540 0.604727 0.621517 0.615461 0.590072 0.553508 0.514110 0.477611 0.446832 0.422583 0.404632 0.392354 0.385080 0.382251 0.383485 0.388599 0.397619 0.410787 0.428568 0.451637 0.480823 0.516948 0.560468 0.610787 0.665232 0.718092 0.760917 0.785403 0.788001 0.772190 0.745796 0.716042 0.686506 0.657147 0.626170 0.592193 0.555452 0.517624 0.480845 0.446832 0.416545 0.390261 0.367818 0.348827 0.332826 0.319358 0.308016 0.298452 0.290377 0.283559 0.277813 0.272993 0.268986 0.265705 0.263084 0.261074 0.259637 0.258748 0.258389 0.258546 0.259212 0.260384 0.262057 0.264231 0.266903 0.270066 0.273708 0.277807 0.282330 0.287223 0.292413 0.297799 0.303250 0.308608 0.313691 0.318303 0.322255 0.325383 0.327568 0.328754 0.328954 0.328243 0.326746 0.324619 0.322025 0.319122 0.316050 0.312930 0.309859 0.306914 0.304159 0.301650 0.299437 0.297571 0.296106 0.295107 0.294646 0.294813 0.295715 0.297485 0.300284 0.304314 0.309825 0.317131 0.326630 0.338819 0.354321 0.373898 0.398451 0.428964 0.466325 0.510923 0.561874 0.615856 0.666035 0.702428 0.715267 0.700365 0.661909 0.609665 0.553616 0.500596 0.453928 0.414496 0.381913 0.355293 0.333657 0.316109 0.301890 0.290386 0.281108 0.273668 0.267764 0.263157 0.259659 0.257121 0.255426 0.254479 0.254205 0.254543 0.255441 0.256859 0.258757 0.261103 0.263863 0.267005 0.270492 0.274285 0.278339 0.282602 0.287017 0.291517 0.296032 0.300486 0.304804 0.308911 0.312743 0.316245 0.319379 0.322122 0.324471 0.326438 0.328049 0.329335 0.330332 0.331074 0.331587 0.331888 0.331985 0.331873 0.331536 0.330945 0.330065 0.328853 0.327262 0.325252 0.322791 0.319869 0.316500 0.312734 0.308651 0.304362 0.300004 0.295724 0.291676 0.288006 0.284842 0.282291 0.280428 0.279293 0.278885 0.279152 0.279995 0.281266 0.282773 0.284306 0.285664 0.286699 0.287360 0.287738 0.288086 0.288832 0.290584 0.294143 0.300549 0.311188 0.328018 0.353992 0.393885 0.456013 0.556093 0.726978 1.047306 1.746596 3.755073 14.623454 14.619090 14.615028 3.738165 1.721094 1.013045 0.683744
0.196727 0.224780 0.262268 0.314080 0.388704 0.501913 0.685646 1.012229 1.671880 3.272817 8.074139 16.075848 8.075603 3.275746 1.676279 1.018105 0.693005 0.510766 0.399063 0.325958 0.275681 0.239743 0.213259 0.193257 0.177851 0.165793 0.156237 0.148588 0.142422 0.137429 0.133379 0.130096 0.127447 0.125330 0.123664 0.122384 0.121440 0.120792 0.120407 0.120260 0.120330 0.120600 0.121059 0.121695 0.122503 0.123478 0.124618 0.125923 0.127394 0.129035 0.130853 0.132856 0.135054 0.137460 0.140092 0.142970 0.146117 0.149562 0.153342 0.157497 0.162080 0.167150 0.172782 0.179066 0.186111 0.194053 0.203053 0.213310 0.225065 0.238607 0.254270 0.272433 0.293484 0.317758 0.345405 0.376161 0.409027 0.441909 0.471496 0.493728 0.505089 0.504185 0.492479 0.473558 0.451556 0.429869 0.410682 0.395104 0.383530 0.375974 0.372306 0.372408 0.376257 0.383989 0.395953 0.412760 0.435351 0.465064 0.503681 0.553370 0.616341 0.693790 0.783601 0.876760 0.955235 0.997681 0.994283 0.955642 0.903179 0.853487 0.811937 0.775021 0.735946 0.690167 0.638114 0.583874 0.532030 0.485603 0.445761 0.412412 0.384842 0.362151 0.343467 0.328029 0.315212 0.304513 0.295540 0.287986 0.281617 0.276252 0.271754 0.268021 0.264974 0.262557 0.260725 0.259446 0.258697 0.258460 0.258721 0.259470 0.260698 0.262394 0.264550 0.267150 0.270176 0.273600 0.277386 0.281482 0.285820 0.290315 0.294862 0.299340 0.303611 0.307538 0.310985 0.313838 0.316013 0.317466 0.318196 0.318243 0.317681 0.316605 0.315121 0.313332 0.311336 0.309220 0.307059 0.304916 0.302848 0.300908 0.299145 0.297613 0.296372 0.295485 0.295030 0.295092 0.295775 0.297197 0.299502 0.302858 0.307469 0.313576 0.321471 0.331500 0.344063 0.359609 0.378596 0.401418 0.428239 0.458729 0.491663 0.524504 0.553239 0.572956 0.579392 0.570828 0.548983 0.518120 0.483152 0.448091 0.415478 0.386538 0.361607 0.340523 0.322898 0.308283 0.296237 0.286371 0.278354 0.271909 0.266812 0.262880 0.259965 0.257949 0.256738 0.256254 0.256435 0.257233 0.258604 0.260515 0.262935 0.265836 0.269189 0.272963 0.277126 0.281636 0.286446 0.291497 0.296722 0.302041 0.307363 0.312593 0.317627 0.322367 0.326723 0.330616 0.333994 0.336824 0.339101 0.340841 0.342078 0.342856 0.343219 0.343211 0.342862 0.342195 0.341219 0.339934 0.338332 0.336401 0.334127 0.331500 0.328510 0.325157 0.321450 0.317413 0.313085 0.308525 0.303807 0.299026 0.294286 0.289698 0.285372 0.281414 0.277913 0.274942 0.272551 0.270761 0.269564 0.268919 0.268753 0.268963 0.269427 0.270017 0.270625 0.271186 0.271709 0.272304 0.273202 0.274769 0.277525 0.282167 0.289632 0.301203 0.318724 0.344991 0.384507 0.445010 0.540820 0.700881 0.990718 1.582652 3.027700 7.372539 14.617150 7.364588 3.011754 1.558629 0.958497 0.660307
0.192932 0.219545 0.254701 0.302524 0.369880 0.468757 0.621248 0.870298 1.301860 2.071921 3.272802 4.073631 3.274265 2.074849 1.306256 0.876168 0.628599 0.477600 0.380224 0.314382 0.268087 0.234475 0.209422 0.190340 0.175546 0.163911 0.154652 0.147219 0.141213 0.136340 0.132380 0.129167 0.126572 0.124497 0.122862 0.121606 0.120680 0.120043 0.119666 0.119521 0.119590 0.119856 0.120305 0.120930 0.121723 0.122679 0.123795 0.125073 0.126512 0.128116 0.129891 0.131845 0.133986 0.136326 0.138882 0.141671 0.144714 0.148037 0.151672 0.155655 0.160029 0.164847 0.170170 0.176073 0.182644 0.189987 0.198225 0.207505 0.217992 0.229876 0.243358 0.258640 0.275887 0.295176 0.316399 0.339141 0.362531 0.385144 0.405055 0.420172 0.428825 0.430394 0.425574 0.416108 0.404172 0.391782 0.380470 0.371232 0.364639 0.360996 0.360479 0.363259 0.369583 0.379861 0.394748 0.415252 0.442882 0.479860 0.529400 0.596031 0.685748 0.805237 0.958122 1.134703 1.296434 1.379896 1.350605 1.245858 1.130922 1.043596 0.987818 0.947771 0.902130 0.838063 0.758293 0.674699 0.597781 0.532450 0.479277 0.436807 0.403050 0.376141 0.354537 0.337035 0.322715 0.310884 0.301023 0.292742 0.285752 0.279839 0.274843 0.270647 0.267162 0.264326 0.262088 0.260414 0.259274 0.258647 0.258514 0.258860 0.259671 0.260931 0.262625 0.264734 0.267236 0.270099 0.273288 0.276753 0.280436 0.284266 0.288157 0.292016 0.295740 0.299226 0.302377 0.305109 0.307359 0.309088 0.310288 0.310974 0.311186 0.310976 0.310408 0.309546 0.308451 0.307182 0.305789 0.304322 0.302826 0.301349 0.299938 0.298648 0.297539 0.296678 0.296142 0.296018 0.296401 0.297404 0.299148 0.301778 0.305453 0.310358 0.316700 0.324709 0.334628 0.346693 0.361100 0.377929 0.397041 0.417919 0.439497 0.460039 0.477205 0.488445 0.491718 0.486236 0.472789 0.453416 0.430669 0.406889 0.383816 0.362517 0.343515 0.326955 0.312764 0.300758 0.290712 0.282397 0.275604 0.270145 0.265863 0.262622 0.260315 0.258849 0.258152 0.258164 0.258839 0.260138 0.262030 0.264490 0.267494 0.271022 0.275052 0.279559 0.284512 0.289872 0.295589 0.301600 0.307824 0.314166 0.320513 0.326738 0.332705 0.338278 0.343332 0.347759 0.351483 0.354462 0.356692 0.358200 0.359039 0.359274 0.358970 0.358184 0.356958 0.355318 0.353274 0.350828 0.347975 0.344715 0.341053 0.337006 0.332597 0.327864 0.322851 0.317612 0.312208 0.306710 0.301192 0.295737 0.290429 0.285352 0.280586 0.276204 0.272267 0.268823 0.265900 0.263509 0.261637 0.260251 0.259296 0.258704 0.258396 0.258297 0.258354 0.258549 0.258923 0.259592 0.260765 0.262760 0.266023 0.271160 0.278991 0.290649 0.307756 0.332738 0.369394 0.423985 0.507402 0.639673 0.859711 1.245383 1.938002 3.021195 3.742195 3.013680 1.922942 1.222717 0.829351 0.601508
0.187411 0.211875 0.243615 0.285766 0.343200 0.423644 0.539430 0.709598 0.959252 1.301906 1.671913 1.850443 1.673374 1.304830 0.963642 0.715460 0.546769 0.432470 0.353523 0.297597 0.256967 0.226763 0.203851 0.186167 0.172315 0.161332 0.152538 0.145442 0.139685 0.134999 0.131182 0.128078 0.125569 0.123559 0.121976 0.120760 0.119863 0.119250 0.118888 0.118753 0.118826 0.119091 0.119537 0.120153 0.120932 0.121871 0.122966 0.124218 0.125626 0.127193 0.128926 0.130829 0.132913 0.135187 0.137665 0.140363 0.143300 0.146499 0.149986 0.153793 0.157957 0.162522 0.167538 0.173064 0.179171 0.185936 0.193452 0.201820 0.211152 0.221563 0.233165 0.246049 0.260257 0.275745 0.292321 0.309589 0.326887 0.343278 0.357630 0.368811 0.375976 0.378831 0.377746 0.373650 0.367763 0.361316 0.355364 0.350710 0.347928 0.347434 0.349569 0.354685 0.363229 0.375832 0.393431 0.417428 0.449952 0.494274 0.555503 0.641741 0.765891 0.947843 1.213868 1.578772 1.977286 2.188971 2.049879 1.730874 1.458855 1.302714 1.241573 1.222862 1.182964 1.084749 0.944919 0.802738 0.682025 0.587783 0.516440 0.462665 0.421808 0.390348 0.365750 0.346210 0.330447 0.317542 0.306838 0.297859 0.290263 0.283803 0.278300 0.273625 0.269685 0.266412 0.263754 0.261672 0.260135 0.259118 0.258599 0.258558 0.258977 0.259837 0.261119 0.262799 0.264854 0.267252 0.269959 0.272929 0.276113 0.279451 0.282875 0.286311 0.289682 0.292910 0.295921 0.298652 0.301051 0.303086 0.304738 0.306008 0.306908 0.307462 0.307699 0.307650 0.307346 0.306817 0.306095 0.305210 0.304197 0.303093 0.301946 0.300808 0.299741 0.298816 0.298112 0.297715 0.297720 0.298230 0.299355 0.301214 0.303938 0.307662 0.312533 0.318695 0.326285 0.335411 0.346119 0.358345 0.371851 0.386142 0.400405 0.413491 0.424011 0.430573 0.432123 0.428267 0.419400 0.406576 0.391189 0.374629 0.358048 0.342263 0.327774 0.314828 0.303498 0.293749 0.285490 0.278602 0.272964 0.268457 0.264977 0.262431 0.260741 0.259844 0.259685 0.260224 0.261427 0.263268 0.265729 0.268793 0.272449 0.276684 0.281486 0.286838 0.292714 0.299081 0.305889 0.313070 0.320533 0.328163 0.335817 0.343330 0.350520 0.357198 0.363186 0.368333 0.372530 0.375724 0.377915 0.379157 0.379535 0.379153 0.378109 0.376486 0.374338 0.371692 0.368555 0.364921 0.360784 0.356146 0.351031 0.345479 0.339549 0.333317 0.326863 0.320274 0.313637 0.307034 0.300545 0.294244 0.288202 0.282481 0.277139 0.272222 0.267769 0.263806 0.260346 0.257388 0.254916 0.252902 0.251305 0.250075 0.249165 0.248530 0.248149 0.248030 0.248228 0.248855 0.250099 0.252232 0.255634 0.260819 0.268480 0.279567 0.295415 0.317956 0.350077 0.396230 0.463440 0.562894 0.711850 0.933051 1.238738 1.569427 1.726853 1.562313 1.224488 0.911620 0.683174 0.526895
0.180570 0.202450 0.230205 0.265995 0.312887 0.375164 0.458456 0.568954 0.709700 0.870447 1.012369 1.071928 1.013827 0.873365 0.714081 0.574803 0.465779 0.383969 0.323183 0.277794 0.243519 0.217292 0.196955 0.180990 0.168317 0.158163 0.149964 0.143304 0.137872 0.133431 0.129802 0.126843 0.124447 0.122526 0.121012 0.119850 0.118995 0.118413 0.118075 0.117956 0.118040 0.118309 0.118754 0.119364 0.120134 0.121057 0.122133 0.123359 0.124737 0.126269 0.127959 0.129813 0.131838 0.134045 0.136445 0.139052 0.141882 0.144956 0.148296 0.151928 0.155884 0.160199 0.164915 0.170078 0.175740 0.181961 0.188807 0.196345 0.204646 0.213777 0.223790 0.234713 0.246526 0.259136 0.272349 0.285835 0.299121 0.311595 0.322578 0.331433 0.337711 0.341271 0.342336 0.341440 0.339314 0.336745 0.334468 0.333114 0.333204 0.335184 0.339474 0.346536 0.356955 0.371532 0.391435 0.418416 0.455184 0.506071 0.578263 0.684263 0.846994 1.110794 1.564054 2.366874 3.615340 4.467736 3.708730 2.567634 1.902829 1.637895 1.623585 1.726761 1.751367 1.560645 1.256662 0.984779 0.786481 0.649686 0.555160 0.488446 0.440112 0.404166 0.376764 0.355387 0.338349 0.324496 0.313034 0.303406 0.295224 0.288215 0.282190 0.277013 0.272591 0.268854 0.265752 0.263244 0.261298 0.259886 0.258983 0.258567 0.258615 0.259105 0.260015 0.261320 0.262995 0.265009 0.267328 0.269914 0.272723 0.275707 0.278810 0.281975 0.285141 0.288251 0.291246 0.294077 0.296701 0.299085 0.301207 0.303052 0.304613 0.305890 0.306882 0.307593 0.308024 0.308181 0.308070 0.307705 0.307105 0.306300 0.305334 0.304259 0.303142 0.302056 0.301087 0.300325 0.299865 0.299807 0.300251 0.301301 0.303062 0.305638 0.309127 0.313619 0.319182 0.325848 0.333590 0.342288 0.351698 0.361408 0.370828 0.379202 0.385686 0.389481 0.390010 0.387059 0.380842 0.371938 0.361144 0.349309 0.337189 0.325382 0.314302 0.304203 0.295217 0.287383 0.280688 0.275086 0.270515 0.266909 0.264205 0.262343 0.261274 0.260955 0.261354 0.262444 0.264207 0.266630 0.269707 0.273434 0.277812 0.282841 0.288519 0.294843 0.301798 0.309358 0.317479 0.326092 0.335097 0.344357 0.353695 0.362893 0.371704 0.379861 0.387109 0.393226 0.398057 0.401530 0.403664 0.404552 0.404345 0.403210 0.401301 0.398738 0.395592 0.391886 0.387609 0.382733 0.377234 0.371114 0.364406 0.357179 0.349535 0.341593 0.333482 0.325328 0.317247 0.309338 0.301687 0.294364 0.287427 0.280920 0.274880 0.269332 0.264293 0.259770 0.255761 0.252255 0.249233 0.246666 0.244520 0.242759 0.241351 0.240272 0.239516 0.239104 0.239092 0.239586 0.240746 0.242804 0.246075 0.250983 0.258089 0.268149 0.282192 0.301639 0.328484 0.365537 0.416699 0.487083 0.582310 0.705134 0.846273 0.970546 1.020382 0.963795 0.832756 0.684817 0.555149 0.453023
0.172861 0.191996 0.215665 0.245223 0.282391 0.329198 0.387632 0.458607 0.539684 0.621553 0.685946 0.711290 0.687400 0.624464 0.544054 0.464441 0.394936 0.337978 0.292657 0.256985 0.228935 0.206787 0.189186 0.175098 0.163743 0.154531 0.147019 0.140868 0.135817 0.131668 0.128263 0.125479 0.123219 0.121406 0.119976 0.118881 0.118079 0.117538 0.117230 0.117135 0.117233 0.117511 0.117959 0.118567 0.119328 0.120239 0.121296 0.122499 0.123848 0.125345 0.126993 0.128798 0.130767 0.132907 0.135229 0.137745 0.140469 0.143419 0.146613 0.150074 0.153827 0.157901 0.162328 0.167145 0.172391 0.178108 0.184342 0.191138 0.198536 0.206571 0.215260 0.224595 0.234531 0.244965 0.255727 0.266563 0.277139 0.287057 0.295901 0.303302 0.309013 0.312973 0.315328 0.316413 0.316696 0.316703 0.316966 0.317982 0.320208 0.324082 0.330057 0.338655 0.350542 0.366634 0.388256 0.417410 0.457234 0.512870 0.593202 0.714638 0.910191 1.254208 1.941336 3.592023 8.506977 16.690982 8.620859 3.843536 2.388924 2.019050 2.223883 2.874230 3.317995 2.687042 1.800954 1.229593 0.903673 0.711514 0.591294 0.511779 0.456656 0.416903 0.387246 0.364443 0.346422 0.331819 0.319720 0.309504 0.300755 0.293186 0.286608 0.280890 0.275942 0.271701 0.268119 0.265156 0.262780 0.260962 0.259672 0.258887 0.258579 0.258724 0.259298 0.260273 0.261623 0.263319 0.265330 0.267621 0.270157 0.272895 0.275794 0.278808 0.281891 0.284997 0.288082 0.291105 0.294030 0.296824 0.299459 0.301910 0.304153 0.306165 0.307920 0.309392 0.310555 0.311386 0.311866 0.311986 0.311751 0.311182 0.310317 0.309213 0.307941 0.306586 0.305242 0.304007 0.302983 0.302270 0.301965 0.302162 0.302948 0.304402 0.306595 0.309576 0.313375 0.317983 0.323339 0.329313 0.335689 0.342146 0.348261 0.353535 0.357437 0.359493 0.359365 0.356933 0.352319 0.345856 0.338022 0.329348 0.320336 0.311413 0.302904 0.295036 0.287949 0.281720 0.276376 0.271915 0.268316 0.265550 0.263585 0.262389 0.261935 0.262200 0.263169 0.264831 0.267183 0.270226 0.273966 0.278416 0.283590 0.289504 0.296175 0.303613 0.311823 0.320794 0.330496 0.340866 0.351800 0.363140 0.374667 0.386097 0.397088 0.407259 0.416230 0.423669 0.429342 0.433152 0.435148 0.435506 0.434483 0.432360 0.429383 0.425727 0.421481 0.416649 0.411177 0.404987 0.398017 0.390247 0.381721 0.372547 0.362881 0.352910 0.342825 0.332803 0.322999 0.313533 0.304499 0.295961 0.287963 0.280532 0.273680 0.267411 0.261721 0.256599 0.252026 0.247982 0.244438 0.241365 0.238731 0.236507 0.234668 0.233198 0.232101 0.231399 0.231147 0.231435 0.232399 0.234229 0.237180 0.241587 0.247890 0.256657 0.268633 0.284790 0.306384 0.334997 0.372485 0.420662 0.480363 0.549382 0.619284 0.673518 0.692533 0.667096 0.606429 0.530069 0.454560 0.388330
0.164711 0.181160 0.200979 0.224942 0.253894 0.288600 0.329393 0.375512 0.424098 0.469267 0.502424 0.515162 0.503875 0.472170 0.428456 0.381328 0.336674 0.297353 0.264128 0.236665 0.214202 0.195895 0.180973 0.168781 0.158788 0.150572 0.143797 0.138199 0.133571 0.129745 0.126592 0.124005 0.121901 0.120211 0.118879 0.117862 0.117122 0.116629 0.116359 0.116291 0.116409 0.116700 0.117154 0.117761 0.118518 0.119418 0.120459 0.121640 0.122961 0.124424 0.126032 0.127789 0.129701 0.131775 0.134021 0.136448 0.139068 0.141897 0.144949 0.148244 0.151802 0.155645 0.159800 0.164293 0.169153 0.174411 0.180096 0.186235 0.192852 0.199958 0.207552 0.215609 0.224076 0.232859 0.241817 0.250764 0.259464 0.267658 0.275087 0.281533 0.286859 0.291045 0.294199 0.296546 0.298404 0.300148 0.302173 0.304880 0.308668 0.313950 0.321181 0.330904 0.343821 0.360899 0.383531 0.413822 0.455079 0.512767 0.596444 0.724134 0.933303 1.313119 2.122605 4.408229 16.650632 16.701908 16.780260 4.700729 2.667512 2.335837 3.084808 6.229699 11.682209 6.035159 2.641200 1.491027 1.006360 0.760486 0.618895 0.529833 0.470082 0.427944 0.396976 0.373376 0.354785 0.339688 0.327095 0.316353 0.307038 0.298874 0.291685 0.285359 0.279819 0.275012 0.270897 0.267437 0.264600 0.262355 0.260670 0.259515 0.258862 0.258682 0.258947 0.259629 0.260702 0.262136 0.263904 0.265976 0.268320 0.270903 0.273694 0.276655 0.279754 0.282955 0.286225 0.289530 0.292839 0.296120 0.299340 0.302465 0.305454 0.308264 0.310842 0.313133 0.315077 0.316619 0.317709 0.318312 0.318413 0.318023 0.317178 0.315939 0.314392 0.312637 0.310783 0.308946 0.307237 0.305764 0.304627 0.303912 0.303698 0.304049 0.305012 0.306617 0.308867 0.311734 0.315148 0.318988 0.323072 0.327157 0.330942 0.334090 0.336259 0.337153 0.336570 0.334435 0.330820 0.325928 0.320054 0.313539 0.306722 0.299907 0.293344 0.287219 0.281667 0.276772 0.272584 0.269126 0.266404 0.264413 0.263145 0.262590 0.262740 0.263589 0.265137 0.267389 0.270355 0.274053 0.278504 0.283737 0.289783 0.296680 0.304465 0.313176 0.322841 0.333479 0.345083 0.357611 0.370966 0.384978 0.399384 0.413813 0.427792 0.440762 0.452144 0.461417 0.468213 0.472389 0.474057 0.473540 0.471291 0.467783 0.463415 0.458448 0.452982 0.446972 0.440276 0.432712 0.424133 0.414478 0.403800 0.392264 0.380115 0.367640 0.355123 0.342816 0.330921 0.319584 0.308902 0.298930 0.289694 0.281194 0.273419 0.266345 0.259943 0.254183 0.249029 0.244446 0.240398 0.236850 0.233768 0.231123 0.228892 0.227066 0.225645 0.224651 0.224132 0.224161 0.224850 0.226347 0.228854 0.232628 0.237993 0.245360 0.255235 0.268234 0.285079 0.306553 0.333363 0.365821 0.403245 0.443048 0.479899 0.506011 0.513763 0.499885 0.467638 0.424635 0.378656 0.335027
0.156482 0.170449 0.186847 0.206069 0.228449 0.254129 0.282821 0.313473 0.343897 0.370640 0.389473 0.396726 0.390919 0.373534 0.348241 0.319271 0.290079 0.262852 0.238646 0.217749 0.200021 0.185127 0.172678 0.162294 0.153636 0.146416 0.140393 0.135369 0.131182 0.127701 0.124817 0.122443 0.120509 0.118954 0.117731 0.116800 0.116129 0.115691 0.115464 0.115428 0.115570 0.115878 0.116340 0.116951 0.117704 0.118596 0.119622 0.120783 0.122078 0.123509 0.125078 0.126788 0.128645 0.130656 0.132827 0.135167 0.137687 0.140398 0.143314 0.146450 0.149822 0.153448 0.157347 0.161541 0.166048 0.170891 0.176088 0.181654 0.187600 0.193925 0.200618 0.207648 0.214963 0.222484 0.230101 0.237676 0.245047 0.252043 0.258500 0.264290 0.269338 0.273647 0.277302 0.280466 0.283370 0.286291 0.289537 0.293436 0.298337 0.304620 0.312723 0.323181 0.336690 0.354205 0.377094 0.407400 0.448302 0.504987 0.586385 0.708960 0.905802 1.251378 1.940538 3.594103 8.513516 16.705142 8.649521 3.903454 2.527406 2.399977 3.617475 11.789510 11.677148 11.604333 3.198579 1.616599 1.050301 0.781662 0.632257 0.540265 0.479443 0.436990 0.405984 0.382393 0.363737 0.348440 0.335495 0.324262 0.314344 0.305502 0.297600 0.290556 0.284320 0.278856 0.274133 0.270117 0.266776 0.264075 0.261977 0.260449 0.259455 0.258964 0.258943 0.259364 0.260198 0.261417 0.262997 0.264909 0.267130 0.269634 0.272395 0.275389 0.278591 0.281977 0.285521 0.289200 0.292986 0.296849 0.300754 0.304657 0.308504 0.312228 0.315750 0.318978 0.321815 0.324161 0.325928 0.327046 0.327475 0.327212 0.326294 0.324795 0.322820 0.320497 0.317962 0.315355 0.312809 0.310444 0.308366 0.306663 0.305407 0.304651 0.304429 0.304757 0.305625 0.306995 0.308798 0.310927 0.313235 0.315538 0.317620 0.319246 0.320193 0.320267 0.319340 0.317365 0.314385 0.310527 0.305980 0.300969 0.295725 0.290466 0.285381 0.280623 0.276308 0.272519 0.269316 0.266734 0.264796 0.263516 0.262902 0.262960 0.263698 0.265126 0.267259 0.270114 0.273719 0.278105 0.283311 0.289385 0.296382 0.304361 0.313393 0.323546 0.334890 0.347486 0.361372 0.376549 0.392953 0.410421 0.428653 0.447180 0.465342 0.482310 0.497169 0.509062 0.517375 0.521885 0.522816 0.520772 0.516562 0.511000 0.504736 0.498157 0.491362 0.484194 0.476328 0.467387 0.457059 0.445199 0.431874 0.417347 0.402019 0.386340 0.370737 0.355568 0.341094 0.327486 0.314837 0.303181 0.292512 0.282795 0.273983 0.266021 0.258851 0.252417 0.246663 0.241539 0.236997 0.232992 0.229487 0.226449 0.223854 0.221690 0.219955 0.218667 0.217861 0.217596 0.217956 0.219058 0.221051 0.224125 0.228511 0.234487 0.242377 0.252543 0.265354 0.281126 0.299997 0.321717 0.345335 0.368874 0.389205 0.402497 0.405421 0.396636 0.377476 0.351265 0.321827 0.292288
0.148449 0.160215 0.173694 0.189046 0.206338 0.225447 0.245927 0.266859 0.286747 0.303576 0.315151 0.319716 0.316592 0.306460 0.291076 0.272637 0.253159 0.234140 0.216498 0.200682 0.186816 0.174834 0.164577 0.155847 0.148444 0.142182 0.136896 0.132443 0.128703 0.125573 0.122968 0.120817 0.119061 0.117649 0.116542 0.115705 0.115109 0.114731 0.114550 0.114551 0.114721 0.115047 0.115522 0.116139 0.116891 0.117775 0.118789 0.119932 0.121202 0.122602 0.124133 0.125799 0.127604 0.129552 0.131651 0.133907 0.136330 0.138929 0.141716 0.144701 0.147898 0.151321 0.154985 0.158904 0.163092 0.167564 0.172331 0.177400 0.182772 0.188443 0.194396 0.200599 0.207008 0.213557 0.220163 0.226725 0.233132 0.239271 0.245038 0.250358 0.255194 0.259561 0.263529 0.267225 0.270824 0.274541 0.278622 0.283342 0.289004 0.295953 0.304596 0.315436 0.329130 0.346566 0.369003 0.398282 0.437200 0.490170 0.564473 0.672716 0.837968 1.104784 1.561915 2.370103 3.626668 4.492423 3.757649 2.665325 2.110951 2.133090 2.996598 6.187044 11.660760 6.024997 2.637843 1.492297 1.011143 0.768180 0.629146 0.542382 0.484678 0.444290 0.414697 0.392021 0.373846 0.358643 0.345452 0.333699 0.323063 0.313382 0.304587 0.296652 0.289566 0.283315 0.277879 0.273228 0.269324 0.266127 0.263594 0.261680 0.260346 0.259553 0.259265 0.259449 0.260077 0.261121 0.262557 0.264362 0.266518 0.269004 0.271805 0.274904 0.278288 0.281941 0.285850 0.289998 0.294367 0.298929 0.303649 0.308477 0.313345 0.318164 0.322820 0.327182 0.331099 0.334417 0.336990 0.338699 0.339470 0.339283 0.338179 0.336253 0.333647 0.330531 0.327087 0.323492 0.319909 0.316479 0.313319 0.310522 0.308156 0.306266 0.304878 0.303995 0.303599 0.303650 0.304082 0.304801 0.305691 0.306608 0.307393 0.307884 0.307923 0.307383 0.306176 0.304272 0.301695 0.298529 0.294895 0.290946 0.286844 0.282745 0.278793 0.275109 0.271792 0.268921 0.266554 0.264736 0.263498 0.262866 0.262861 0.263503 0.264813 0.266813 0.269531 0.273001 0.277264 0.282367 0.288371 0.295343 0.303364 0.312528 0.322939 0.334715 0.347979 0.362860 0.379470 0.397890 0.418134 0.440092 0.463466 0.487688 0.511855 0.534717 0.554786 0.570584 0.581012 0.585676 0.585031 0.580221 0.572726 0.563968 0.555014 0.546431 0.538270 0.530145 0.521382 0.511220 0.499039 0.484535 0.467808 0.449316 0.429736 0.409802 0.390167 0.371333 0.353633 0.337249 0.322249 0.308622 0.296307 0.285218 0.275258 0.266330 0.258338 0.251197 0.244828 0.239158 0.234127 0.229680 0.225769 0.222358 0.219417 0.216929 0.214889 0.213304 0.212199 0.211617 0.211620 0.212294 0.213745 0.216106 0.219534 0.224206 0.230315 0.238051 0.247570 0.258941 0.272061 0.286530 0.301520 0.315678 0.327179 0.334035 0.334652 0.328412 0.315927 0.298787 0.278975 0.258313
0.140799 0.150672 0.161726 0.173994 0.187418 0.201789 0.216678 0.231384 0.244918 0.256083 0.263682 0.266807 0.265118 0.258957 0.249232 0.237142 0.223884 0.210449 0.197540 0.185585 0.174795 0.165231 0.156859 0.149596 0.143335 0.137966 0.133381 0.129481 0.126179 0.123398 0.121074 0.119148 0.117574 0.116311 0.115324 0.114585 0.114068 0.113753 0.113624 0.113665 0.113865 0.114213 0.114702 0.115326 0.116079 0.116959 0.117962 0.119088 0.120336 0.121707 0.123202 0.124825 0.126579 0.128468 0.130498 0.132675 0.135005 0.137498 0.140161 0.143005 0.146039 0.149275 0.152722 0.156392 0.160294 0.164437 0.168826 0.173465 0.178351 0.183475 0.188819 0.194356 0.200047 0.205840 0.211674 0.217476 0.223168 0.228678 0.233940 0.238911 0.243576 0.247957 0.252116 0.256154 0.260210 0.264456 0.269094 0.274356 0.280505 0.287847 0.296751 0.307671 0.321196 0.338116 0.359517 0.386947 0.422669 0.470082 0.534428 0.623956 0.751761 0.938010 1.209420 1.581558 1.990541 2.218588 2.107137 1.838533 1.665291 1.714066 2.079754 2.801138 3.280356 2.669246 1.795604 1.232986 0.913888 0.727517 0.612478 0.537697 0.486847 0.450785 0.424049 0.403212 0.386062 0.371197 0.357775 0.345353 0.333749 0.322935 0.312954 0.303862 0.295698 0.288478 0.282188 0.276796 0.272256 0.268513 0.265513 0.263199 0.261521 0.260432 0.259890 0.259859 0.260307 0.261208 0.262538 0.264280 0.266419 0.268942 0.271841 0.275111 0.278748 0.282750 0.287113 0.291835 0.296906 0.302308 0.308009 0.313957 0.320072 0.326242 0.332318 0.338111 0.343404 0.347962 0.351557 0.353997 0.355153 0.354983 0.353537 0.350952 0.347429 0.343209 0.338541 0.333661 0.328775 0.324053 0.319628 0.315595 0.312021 0.308942 0.306375 0.304314 0.302733 0.301588 0.300816 0.300337 0.300051 0.299848 0.299608 0.299208 0.298539 0.297510 0.296060 0.294164 0.291838 0.289135 0.286137 0.282948 0.279683 0.276457 0.273378 0.270543 0.268035 0.265926 0.264270 0.263116 0.262502 0.262460 0.263023 0.264219 0.266080 0.268642 0.271945 0.276037 0.280973 0.286820 0.293658 0.301580 0.310698 0.321142 0.333066 0.346647 0.362085 0.379603 0.399433 0.421796 0.446859 0.474662 0.505000 0.537271 0.570291 0.602180 0.630443 0.652394 0.665915 0.670238 0.666283 0.656309 0.643104 0.629181 0.616281 0.605207 0.595861 0.587401 0.578487 0.567632 0.553614 0.535840 0.514501 0.490456 0.464919 0.439117 0.414062 0.390446 0.368664 0.348872 0.331064 0.315142 0.300955 0.288337 0.277123 0.267156 0.258298 0.250423 0.243424 0.237208 0.231695 0.226816 0.222514 0.218745 0.215473 0.212673 0.210333 0.208452 0.207045 0.206138 0.205774 0.206010 0.206920 0.208592 0.211123 0.214620 0.219185 0.224900 0.231802 0.239843 0.248838 0.258404 0.267906 0.276451 0.282955 0.286331 0.285756 0.280920 0.272129 0.260201 0.246219 0.231263
0.133648 0.141925 0.151001 0.160846 0.171352 0.182306 0.193351 0.203977 0.213535 0.221296 0.226574 0.228871 0.228005 0.224159 0.217833 0.209714 0.200529 0.190932 0.181434 0.172390 0.164017 0.156422 0.149638 0.143647 0.138403 0.133846 0.129911 0.126532 0.123650 0.121209 0.119159 0.117458 0.116067 0.114953 0.114089 0.113449 0.113014 0.112766 0.112690 0.112773 0.113005 0.113378 0.113883 0.114516 0.115273 0.116149 0.117143 0.118254 0.119481 0.120825 0.122287 0.123869 0.125575 0.127408 0.129372 0.131473 0.133716 0.136109 0.138657 0.141369 0.144253 0.147316 0.150566 0.154011 0.157657 0.161509 0.165570 0.169839 0.174312 0.178979 0.183822 0.188819 0.193938 0.199138 0.204375 0.209596 0.214748 0.219785 0.224665 0.229367 0.233889 0.238255 0.242522 0.246772 0.251119 0.255704 0.260696 0.266291 0.272714 0.280234 0.289173 0.299929 0.313009 0.329078 0.349027 0.374077 0.405924 0.446964 0.500578 0.571473 0.665862 0.790730 0.950157 1.135180 1.308513 1.408949 1.405996 1.344180 1.301426 1.334750 1.464033 1.640523 1.705605 1.539325 1.251638 0.991810 0.803336 0.675189 0.588647 0.529420 0.487996 0.458124 0.435591 0.417501 0.401885 0.387503 0.373693 0.360233 0.347182 0.334731 0.323093 0.312439 0.302873 0.294433 0.287106 0.280842 0.275575 0.271228 0.267724 0.264991 0.262963 0.261581 0.260797 0.260567 0.260858 0.261642 0.262899 0.264614 0.266776 0.269382 0.272432 0.275931 0.279889 0.284317 0.289227 0.294634 0.300542 0.306951 0.313838 0.321158 0.328825 0.336705 0.344607 0.352275 0.359394 0.365614 0.370579 0.373981 0.375606 0.375376 0.373363 0.369773 0.364914 0.359139 0.352804 0.346230 0.339683 0.333370 0.327438 0.321986 0.317071 0.312719 0.308934 0.305695 0.302968 0.300705 0.298843 0.297306 0.296012 0.294867 0.293776 0.292647 0.291396 0.289955 0.288278 0.286345 0.284164 0.281769 0.279215 0.276574 0.273928 0.271363 0.268962 0.266802 0.264953 0.263477 0.262428 0.261853 0.261794 0.262290 0.263379 0.265099 0.267492 0.270604 0.274488 0.279204 0.284825 0.291437 0.299140 0.308058 0.318336 0.330150 0.343711 0.359272 0.377135 0.397654 0.421239 0.448335 0.479392 0.514771 0.554577 0.598383 0.644812 0.691120 0.733042 0.765418 0.783824 0.786567 0.775622 0.755701 0.732244 0.709722 0.690898 0.676801 0.666963 0.659688 0.652401 0.642201 0.626671 0.604657 0.576613 0.544282 0.509954 0.475748 0.443214 0.413262 0.386281 0.362303 0.341162 0.322593 0.306303 0.292007 0.279441 0.268378 0.258618 0.249992 0.242359 0.235599 0.229611 0.224313 0.219635 0.215522 0.211932 0.208831 0.206200 0.204030 0.202323 0.201093 0.200364 0.200173 0.200564 0.201591 0.203311 0.205778 0.209036 0.213104 0.217957 0.223501 0.229543 0.235764 0.241702 0.246770 0.250306 0.251689 0.250466 0.246468 0.239861 0.231091 0.220779 0.209580
0.127051 0.134001 0.141482 0.149436 0.157746 0.166222 0.174587 0.182477 0.189461 0.195083 0.198936 0.200730 0.200362 0.197936 0.193743 0.188192 0.181738 0.174815 0.167788 0.160934 0.154445 0.148438 0.142973 0.138067 0.133711 0.129879 0.126535 0.123639 0.121151 0.119033 0.117248 0.115765 0.114553 0.113588 0.112846 0.112307 0.111955 0.111775 0.111753 0.111880 0.112147 0.112545 0.113068 0.113713 0.114474 0.115349 0.116335 0.117433 0.118641 0.119959 0.121390 0.122934 0.124594 0.126374 0.128277 0.130306 0.132468 0.134767 0.137208 0.139799 0.142543 0.145449 0.148521 0.151764 0.155183 0.158780 0.162555 0.166507 0.170630 0.174913 0.179344 0.183901 0.188560 0.193291 0.198060 0.202831 0.207568 0.212240 0.216825 0.221313 0.225709 0.230042 0.234358 0.238730 0.243252 0.248041 0.253238 0.259008 0.265544 0.273076 0.281879 0.292288 0.304725 0.319726 0.337986 0.360412 0.388197 0.422898 0.466494 0.521353 0.589906 0.673638 0.770841 0.873130 0.963453 1.022039 1.041548 1.036307 1.032622 1.051252 1.094600 1.138188 1.136927 1.064300 0.942901 0.815282 0.707128 0.624481 0.564287 0.521344 0.490795 0.468634 0.451634 0.437260 0.423668 0.409746 0.395084 0.379834 0.364463 0.349523 0.335487 0.322674 0.311252 0.301262 0.292664 0.285371 0.279273 0.274255 0.270210 0.267037 0.264652 0.262980 0.261961 0.261548 0.261700 0.262391 0.263600 0.265316 0.267537 0.270264 0.273509 0.277291 0.281631 0.286561 0.292113 0.298322 0.305220 0.312830 0.321154 0.330165 0.339785 0.349867 0.360174 0.370367 0.379999 0.388542 0.395439 0.400186 0.402425 0.402019 0.399082 0.393952 0.387115 0.379116 0.370476 0.361638 0.352948 0.344650 0.336902 0.329795 0.323369 0.317629 0.312555 0.308112 0.304249 0.300909 0.298025 0.295524 0.293329 0.291358 0.289532 0.287776 0.286022 0.284216 0.282320 0.280315 0.278203 0.276005 0.273758 0.271513 0.269328 0.267268 0.265396 0.263775 0.262465 0.261519 0.260988 0.260918 0.261354 0.262339 0.263916 0.266131 0.269035 0.272683 0.277140 0.282481 0.288794 0.296184 0.304778 0.314728 0.326219 0.339478 0.354783 0.372480 0.392997 0.416866 0.444740 0.477410 0.515794 0.560871 0.613491 0.673952 0.741188 0.811587 0.877891 0.929626 0.956642 0.954724 0.928526 0.888704 0.846308 0.809180 0.781348 0.763805 0.755278 0.752593 0.750929 0.744588 0.728604 0.700655 0.661944 0.616301 0.568273 0.521574 0.478499 0.440074 0.406471 0.377393 0.352341 0.330769 0.312159 0.296054 0.282064 0.269864 0.259183 0.249802 0.241539 0.234244 0.227796 0.222093 0.217054 0.212614 0.208720 0.205332 0.202422 0.199971 0.197973 0.196429 0.195349 0.194751 0.194659 0.195101 0.196102 0.197684 0.199854 0.202597 0.205859 0.209536 0.213455 0.217366 0.220939 0.223783 0.225486 0.225674 0.224086 0.220624 0.215381 0.208616 0.200697 0.192033
0.121024 0.126882 0.133084 0.139565 0.146217 0.152881 0.159349 0.165360 0.170627 0.174856 0.177794 0.179267 0.179214 0.177698 0.174893 0.171054 0.166473 0.161442 0.156219 0.151017 0.145994 0.141258 0.136878 0.132888 0.129298 0.126104 0.123290 0.120834 0.118710 0.116894 0.115361 0.114086 0.113049 0.112228 0.111606 0.111167 0.110898 0.110785 0.110820 0.110991 0.111293 0.111718 0.112261 0.112918 0.113685 0.114560 0.115541 0.116627 0.117817 0.119113 0.120514 0.122023 0.123641 0.125370 0.127215 0.129178 0.131264 0.133476 0.135818 0.138297 0.140915 0.143678 0.146589 0.149652 0.152870 0.156243 0.159770 0.163450 0.167276 0.171239 0.175328 0.179526 0.183813 0.188169 0.192567 0.196984 0.201395 0.205782 0.210132 0.214445 0.218731 0.223016 0.227343 0.231774 0.236388 0.241283 0.246576 0.252407 0.258938 0.266361 0.274904 0.284844 0.296518 0.310340 0.326829 0.346626 0.370521 0.399454 0.434480 0.476628 0.526566 0.583950 0.646442 0.708805 0.763277 0.802543 0.824399 0.833952 0.840457 0.851038 0.865290 0.873507 0.861564 0.822166 0.761771 0.694683 0.632952 0.582445 0.544236 0.516954 0.498241 0.485384 0.475585 0.466218 0.455216 0.441457 0.424909 0.406399 0.387142 0.368296 0.350710 0.334872 0.320975 0.309012 0.298865 0.290362 0.283321 0.277567 0.272943 0.269313 0.266564 0.264605 0.263362 0.262776 0.262806 0.263421 0.264604 0.266346 0.268652 0.271532 0.275011 0.279119 0.283900 0.289403 0.295690 0.302825 0.310877 0.319910 0.329970 0.341070 0.353163 0.366112 0.379646 0.393327 0.406527 0.418448 0.428198 0.434932 0.438032 0.437257 0.432807 0.425263 0.415436 0.404191 0.392308 0.380405 0.368917 0.358121 0.348167 0.339114 0.330967 0.323692 0.317237 0.311537 0.306521 0.302116 0.298247 0.294836 0.291807 0.289085 0.286598 0.284279 0.282071 0.279926 0.277810 0.275705 0.273606 0.271525 0.269486 0.267524 0.265682 0.264008 0.262552 0.261364 0.260496 0.259995 0.259908 0.260280 0.261159 0.262588 0.264618 0.267300 0.270693 0.274861 0.279881 0.285842 0.292849 0.301026 0.310526 0.321533 0.334275 0.349034 0.366165 0.386120 0.409478 0.436989 0.469631 0.508676 0.555766 0.612950 0.682603 0.766991 0.867009 0.979452 1.092816 1.184865 1.229534 1.214694 1.153063 1.071485 0.993252 0.931157 0.889693 0.868762 0.865585 0.874765 0.887646 0.892775 0.879225 0.841888 0.784197 0.715307 0.644703 0.578830 0.520699 0.470953 0.429008 0.393820 0.364280 0.339382 0.318277 0.300276 0.284821 0.271472 0.259875 0.249751 0.240874 0.233063 0.226174 0.220086 0.214706 0.209956 0.205775 0.202115 0.198939 0.196222 0.193946 0.192104 0.190694 0.189718 0.189186 0.189104 0.189480 0.190312 0.191587 0.193271 0.195302 0.197581 0.199963 0.202257 0.204227 0.205611 0.206142 0.205588 0.203791 0.200691 0.196342 0.190901 0.184594 0.177684
0.115555 0.120517 0.125697 0.131030 0.136423 0.141750 0.146853 0.151547 0.155635 0.158925 0.161256 0.162517 0.162671 0.161757 0.159885 0.157218 0.153949 0.150277 0.146387 0.142437 0.138555 0.134835 0.131342 0.128118 0.125183 0.122545 0.120200 0.118139 0.116349 0.114813 0.113514 0.112437 0.111565 0.110883 0.110378 0.110037 0.109849 0.109804 0.109894 0.110110 0.110448 0.110901 0.111464 0.112135 0.112909 0.113785 0.114762 0.115838 0.117013 0.118287 0.119662 0.121137 0.122716 0.124399 0.126190 0.128092 0.130107 0.132238 0.134490 0.136866 0.139370 0.142003 0.144771 0.147674 0.150714 0.153891 0.157205 0.160651 0.164225 0.167919 0.171724 0.175626 0.179612 0.183664 0.187766 0.191901 0.196053 0.200212 0.204374 0.208540 0.212726 0.216956 0.221268 0.225714 0.230362 0.235294 0.240607 0.246417 0.252859 0.260091 0.268297 0.277698 0.288554 0.301176 0.315934 0.333261 0.353650 0.377629 0.405699 0.438207 0.475114 0.515666 0.558039 0.599209 0.635453 0.663673 0.682957 0.695110 0.703420 0.710297 0.715280 0.714753 0.704109 0.681338 0.649046 0.613017 0.579112 0.551277 0.531259 0.519097 0.513590 0.512497 0.512686 0.510570 0.503053 0.488653 0.468017 0.443377 0.417406 0.392294 0.369392 0.349304 0.332125 0.317677 0.305664 0.295763 0.287671 0.281120 0.275887 0.271788 0.268676 0.266436 0.264976 0.264230 0.264151 0.264705 0.265877 0.267664 0.270075 0.273133 0.276874 0.281348 0.286616 0.292758 0.299868 0.308053 0.317433 0.328134 0.340274 0.353946 0.369178 0.385887 0.403807 0.422408 0.440826 0.457849 0.472015 0.481855 0.486249 0.484758 0.477758 0.466310 0.451833 0.435745 0.419228 0.403126 0.387964 0.374011 0.361367 0.350021 0.339905 0.330923 0.322970 0.315941 0.309733 0.304252 0.299407 0.295113 0.291289 0.287860 0.284755 0.281913 0.279278 0.276807 0.274467 0.272237 0.270108 0.268083 0.266179 0.264417 0.262829 0.261450 0.260321 0.259483 0.258979 0.258853 0.259148 0.259909 0.261182 0.263017 0.265466 0.268587 0.272445 0.277117 0.282687 0.289260 0.296955 0.305920 0.316333 0.328410 0.342424 0.358715 0.377720 0.400007 0.426322 0.457671 0.495422 0.541471 0.598467 0.670122 0.761550 0.879390 1.030821 1.219074 1.431287 1.620246 1.709238 1.655864 1.503135 1.328828 1.181946 1.077876 1.016421 0.993374 1.003701 1.039862 1.087622 1.123331 1.120193 1.065069 0.968740 0.855406 0.745621 0.649698 0.570099 0.505475 0.453294 0.411018 0.376502 0.348050 0.324359 0.304436 0.287526 0.273052 0.260570 0.249735 0.240276 0.231979 0.224676 0.218230 0.212531 0.207493 0.203044 0.199129 0.195705 0.192737 0.190202 0.188082 0.186366 0.185046 0.184118 0.183577 0.183415 0.183618 0.184162 0.185004 0.186082 0.187310 0.188569 0.189715 0.190579 0.190979 0.190741 0.189713 0.187796 0.184953 0.181215 0.176680 0.171492 0.165823
0.110615 0.114846 0.119208 0.123643 0.128074 0.132401 0.136507 0.140258 0.143519 0.146159 0.148073 0.149189 0.149483 0.148981 0.147753 0.145909 0.143577 0.140896 0.137999 0.135004 0.132014 0.129105 0.126337 0.123751 0.121372 0.119213 0.117281 0.115572 0.114082 0.112802 0.111721 0.110828 0.110112 0.109563 0.109170 0.108923 0.108814 0.108836 0.108980 0.109242 0.109615 0.110096 0.110681 0.111366 0.112148 0.113027 0.114001 0.115069 0.116230 0.117485 0.118835 0.120280 0.121823 0.123463 0.125205 0.127049 0.128999 0.131057 0.133226 0.135509 0.137909 0.140427 0.143065 0.145827 0.148711 0.151717 0.154845 0.158092 0.161452 0.164920 0.168488 0.172147 0.175885 0.179691 0.183553 0.187461 0.191405 0.195380 0.199387 0.203430 0.207526 0.211696 0.215976 0.220409 0.225053 0.229975 0.235256 0.240992 0.247292 0.254282 0.262110 0.270945 0.280984 0.292450 0.305597 0.320705 0.338063 0.357942 0.380538 0.405882 0.433711 0.463318 0.493450 0.522358 0.548132 0.569272 0.585254 0.596654 0.604625 0.610003 0.612587 0.611148 0.604306 0.591786 0.575118 0.557250 0.541500 0.530659 0.526577 0.530031 0.540529 0.555858 0.571608 0.581482 0.579331 0.562362 0.532790 0.496185 0.458280 0.422975 0.392113 0.366112 0.344656 0.327148 0.312947 0.301474 0.292241 0.284852 0.278997 0.274429 0.270961 0.268449 0.266785 0.265891 0.265712 0.266217 0.267389 0.269232 0.271762 0.275014 0.279039 0.283904 0.289698 0.296534 0.304545 0.313896 0.324776 0.337402 0.352005 0.368814 0.388011 0.409660 0.433595 0.459260 0.485525 0.510562 0.531916 0.546913 0.553400 0.550516 0.539032 0.521017 0.499070 0.475584 0.452344 0.430449 0.410450 0.392517 0.376607 0.362566 0.350203 0.339321 0.329738 0.321291 0.313837 0.307251 0.301421 0.296249 0.291646 0.287531 0.283832 0.280487 0.277440 0.274647 0.272075 0.269698 0.267505 0.265491 0.263664 0.262039 0.260636 0.259483 0.258612 0.258056 0.257854 0.258044 0.258668 0.259770 0.261398 0.263601 0.266437 0.269970 0.274272 0.279426 0.285531 0.292702 0.301077 0.310823 0.322144 0.335292 0.350580 0.368410 0.389300 0.413934 0.443235 0.478474 0.521454 0.574789 0.642377 0.730184 0.847547 1.009210 1.237755 1.562719 1.999360 2.467679 2.703966 2.510788 2.085768 1.693850 1.417897 1.247236 1.158542 1.136860 1.175428 1.268943 1.399858 1.519454 1.551602 1.453624 1.265054 1.058459 0.878047 0.735116 0.625714 0.542333 0.478188 0.428105 0.388355 0.356297 0.330051 0.308272 0.289980 0.274451 0.261147 0.249655 0.239662 0.230921 0.223240 0.216466 0.210477 0.205174 0.200480 0.196332 0.192678 0.189480 0.186705 0.184330 0.182336 0.180707 0.179429 0.178488 0.177869 0.177549 0.177496 0.177669 0.178009 0.178442 0.178874 0.179194 0.179280 0.179005 0.178249 0.176913 0.174931 0.172276 0.168971 0.165075 0.160685 0.155914
0.106167 0.109799 0.113505 0.117235 0.120925 0.124497 0.127864 0.130928 0.133594 0.135773 0.137393 0.138407 0.138798 0.138584 0.137813 0.136558 0.134908 0.132960 0.130812 0.128553 0.126262 0.124002 0.121825 0.119769 0.117859 0.116113 0.114540 0.113143 0.111922 0.110874 0.109992 0.109270 0.108700 0.108275 0.107988 0.107832 0.107800 0.107885 0.108084 0.108389 0.108799 0.109308 0.109914 0.110614 0.111406 0.112288 0.113261 0.114321 0.115471 0.116709 0.118037 0.119454 0.120963 0.122565 0.124260 0.126053 0.127943 0.129934 0.132028 0.134227 0.136532 0.138947 0.141471 0.144107 0.146854 0.149712 0.152680 0.155755 0.158934 0.162212 0.165582 0.169039 0.172573 0.176178 0.179846 0.183569 0.187344 0.191170 0.195048 0.198987 0.203002 0.207113 0.211351 0.215754 0.220369 0.225253 0.230471 0.236100 0.242228 0.248955 0.256394 0.264672 0.273933 0.284331 0.296035 0.309214 0.324026 0.340589 0.358945 0.378998 0.400453 0.422755 0.445071 0.466366 0.485584 0.501915 0.515005 0.524986 0.532263 0.537164 0.539694 0.539578 0.536625 0.531214 0.524579 0.518725 0.516087 0.519175 0.530323 0.551431 0.583330 0.624326 0.667871 0.701189 0.709213 0.684725 0.634558 0.573407 0.513715 0.461773 0.419157 0.385150 0.358309 0.337174 0.320510 0.307341 0.296922 0.288689 0.282221 0.277202 0.273395 0.270628 0.268773 0.267742 0.267474 0.267935 0.269114 0.271017 0.273672 0.277125 0.281442 0.286714 0.293058 0.300624 0.309598 0.320212 0.332749 0.347551 0.365016 0.385592 0.409737 0.437837 0.470042 0.505981 0.544356 0.582505 0.616233 0.640411 0.650575 0.644887 0.625058 0.595438 0.561051 0.526005 0.492902 0.463005 0.436672 0.413768 0.393936 0.376764 0.361857 0.348871 0.337515 0.327552 0.318785 0.311051 0.304213 0.298153 0.292770 0.287975 0.283691 0.279850 0.276396 0.273280 0.270465 0.267924 0.265638 0.263599 0.261806 0.260267 0.258997 0.258015 0.257346 0.257019 0.257066 0.257525 0.258433 0.259835 0.261779 0.264317 0.267511 0.271429 0.276149 0.281765 0.288385 0.296137 0.305176 0.315690 0.327908 0.342112 0.358661 0.378012 0.400759 0.427696 0.459910 0.498929 0.546972 0.607375 0.685352 0.789425 0.934241 1.146456 1.477458 2.029677 2.988734 4.462980 5.452909 4.516879 3.095031 2.187864 1.691560 1.428413 1.307353 1.293125 1.382264 1.589764 1.922968 2.300699 2.466268 2.227389 1.772380 1.353332 1.045352 0.832138 0.684135 0.578911 0.501885 0.443869 0.399027 0.363569 0.334972 0.311512 0.291983 0.275519 0.261488 0.249419 0.238955 0.229823 0.221809 0.214745 0.208497 0.202959 0.198045 0.193685 0.189824 0.186416 0.183425 0.180820 0.178576 0.176672 0.175088 0.173805 0.172798 0.172044 0.171508 0.171149 0.170916 0.170745 0.170561 0.170279 0.169810 0.169063 0.167953 0.166413 0.164397 0.161888 0.158898 0.155467 0.151659 0.147552
0.102167 0.105311 0.108490 0.111662 0.114776 0.117771 0.120582 0.123137 0.125368 0.127212 0.128620 0.129560 0.130020 0.130013 0.129572 0.128747 0.127601 0.126203 0.124627 0.122938 0.121198 0.119459 0.117764 0.116148 0.114634 0.113240 0.111979 0.110857 0.109876 0.109036 0.108335 0.107769 0.107335 0.107027 0.106840 0.106770 0.106810 0.106958 0.107208 0.107557 0.108001 0.108539 0.109166 0.109882 0.110684 0.111571 0.112543 0.113598 0.114737 0.115961 0.117268 0.118661 0.120139 0.121705 0.123359 0.125104 0.126940 0.128871 0.130896 0.133019 0.135241 0.137563 0.139986 0.142511 0.145139 0.147868 0.150698 0.153626 0.156650 0.159767 0.162972 0.166261 0.169628 0.173067 0.176576 0.180149 0.183787 0.187489 0.191262 0.195113 0.199056 0.203112 0.207306 0.211670 0.216244 0.221074 0.226212 0.231721 0.237669 0.244132 0.251196 0.258952 0.267501 0.276947 0.287393 0.298937 0.311652 0.325573 0.340667 0.356803 0.373720 0.391008 0.408115 0.424409 0.439272 0.452230 0.463038 0.471698 0.478366 0.483230 0.486427 0.488086 0.488497 0.488331 0.488798 0.491695 0.499384 0.514800 0.541541 0.583913 0.646415 0.731222 0.831255 0.919687 0.952643 0.905685 0.803003 0.688246 0.588051 0.509381 0.450059 0.405745 0.372501 0.347322 0.328050 0.313161 0.301580 0.292544 0.285507 0.280073 0.275959 0.272961 0.270933 0.269775 0.269423 0.269845 0.271029 0.272991 0.275767 0.279416 0.284023 0.289702 0.296602 0.304914 0.314885 0.326828 0.341142 0.358332 0.379031 0.404017 0.434207 0.470599 0.514089 0.565048 0.622525 0.683039 0.739468 0.781428 0.798747 0.787013 0.750466 0.699116 0.643207 0.589745 0.542128 0.501263 0.466768 0.437772 0.413326 0.392581 0.374839 0.359546 0.346275 0.334692 0.324536 0.315600 0.307716 0.300745 0.294570 0.289089 0.284217 0.279881 0.276016 0.272571 0.269503 0.266780 0.264379 0.262286 0.260493 0.259002 0.257823 0.256967 0.256456 0.256314 0.256568 0.257254 0.258408 0.260074 0.262300 0.265142 0.268664 0.272939 0.278054 0.284107 0.291220 0.299532 0.309216 0.320477 0.333570 0.348809 0.366591 0.387422 0.411967 0.441113 0.476083 0.518612 0.571260 0.637956 0.725016 0.843184 1.012030 1.270508 1.705755 2.545525 4.517393 10.326949 19.967779 10.399111 4.654920 2.741491 1.961035 1.599466 1.447704 1.447152 1.609969 2.016514 2.836551 4.170387 5.052162 4.090001 2.671018 1.755483 1.235533 0.929875 0.738455 0.611129 0.521982 0.456867 0.407621 0.369291 0.338738 0.313894 0.293349 0.276117 0.261488 0.248942 0.238088 0.228628 0.220333 0.213022 0.206552 0.200810 0.195703 0.191158 0.187113 0.183518 0.180333 0.177524 0.175060 0.172915 0.171067 0.169490 0.168159 0.167046 0.166118 0.165337 0.164656 0.164022 0.163376 0.162652 0.161782 0.160699 0.159344 0.157668 0.155639 0.153245 0.150492 0.147407 0.144034 0.140426
0.098575 0.101318 0.104071 0.106799 0.109462 0.112012 0.114399 0.116571 0.118477 0.120074 0.121326 0.122211 0.122721 0.122866 0.122667 0.122161 0.121394 0.120415 0.119278 0.118035 0.116732 0.115413 0.114113 0.112861 0.111681 0.110589 0.109597 0.108714 0.107945 0.107292 0.106755 0.106333 0.106023 0.105823 0.105730 0.105740 0.105850 0.106056 0.106356 0.106747 0.107226 0.107791 0.108440 0.109171 0.109984 0.110877 0.111849 0.112901 0.114032 0.115242 0.116531 0.117901 0.119352 0.120886 0.122503 0.124204 0.125992 0.127867 0.129832 0.131887 0.134034 0.136274 0.138607 0.141036 0.143558 0.146175 0.148886 0.151689 0.154582 0.157564 0.160630 0.163779 0.167006 0.170310 0.173689 0.177140 0.180666 0.184268 0.187954 0.191731 0.195615 0.199621 0.203773 0.208098 0.212627 0.217400 0.222457 0.227847 0.233621 0.239838 0.246558 0.253845 0.261767 0.270388 0.279767 0.289951 0.300965 0.312799 0.325390 0.338607 0.352240 0.365992 0.379498 0.392358 0.404198 0.414730 0.423798 0.431384 0.437585 0.442566 0.446550 0.449853 0.452983 0.456773 0.462520 0.472123 0.488288 0.514904 0.557742 0.625627 0.731888 0.893925 1.121080 1.368114 1.484246 1.356358 1.097416 0.858067 0.683452 0.564185 0.482911 0.426452 0.386260 0.356966 0.335173 0.318691 0.306070 0.296333 0.288807 0.283022 0.278646 0.275447 0.273264 0.271990 0.271559 0.271937 0.273120 0.275130 0.278013 0.281843 0.286722 0.292790 0.300228 0.309275 0.320240 0.333530 0.349680 0.369396 0.393614 0.423572 0.460890 0.507618 0.566169 0.638900 0.726863 0.827073 0.928285 1.008482 1.041668 1.015501 0.942090 0.847209 0.752681 0.669597 0.600832 0.545279 0.500578 0.464359 0.434650 0.409937 0.389099 0.371316 0.355990 0.342679 0.331051 0.320850 0.311874 0.303958 0.296967 0.290786 0.285317 0.280477 0.276195 0.272413 0.269081 0.266162 0.263626 0.261454 0.259634 0.258161 0.257038 0.256275 0.255886 0.255891 0.256317 0.257195 0.258561 0.260458 0.262936 0.266052 0.269874 0.274480 0.279961 0.286427 0.294007 0.302855 0.313157 0.325141 0.339082 0.355325 0.374302 0.396565 0.422832 0.454063 0.491576 0.537243 0.593828 0.665598 0.759478 0.887385 1.071409 1.356689 1.849098 2.853558 5.600145 20.079394 20.149058 20.189038 5.796127 3.110428 2.158635 1.734826 1.561546 1.573884 1.811396 2.471843 4.246562 9.742611 18.955114 9.655855 4.067592 2.188757 1.403515 1.007071 0.778638 0.634019 0.535875 0.465654 0.413294 0.372947 0.341018 0.315191 0.293919 0.276130 0.261061 0.248157 0.237004 0.227290 0.218772 0.211261 0.204610 0.198697 0.193427 0.188722 0.184518 0.180761 0.177406 0.174418 0.171762 0.169409 0.167334 0.165508 0.163906 0.162499 0.161254 0.160136 0.159105 0.158116 0.157120 0.156066 0.154903 0.153580 0.152053 0.150287 0.148258 0.145957 0.143386 0.140566 0.137524 0.134299
0.095349 0.097762 0.100170 0.102544 0.104850 0.107053 0.109113 0.110992 0.112652 0.114062 0.115197 0.116041 0.116588 0.116845 0.116828 0.116563 0.116084 0.115427 0.114633 0.113740 0.112787 0.111808 0.110831 0.109883 0.108983 0.108147 0.107388 0.106715 0.106133 0.105646 0.105256 0.104964 0.104768 0.104668 0.104662 0.104747 0.104922 0.105185 0.105532 0.105963 0.106476 0.107068 0.107738 0.108485 0.109309 0.110208 0.111182 0.112231 0.113355 0.114554 0.115828 0.117178 0.118605 0.120109 0.121692 0.123355 0.125099 0.126925 0.128835 0.130830 0.132910 0.135077 0.137332 0.139675 0.142107 0.144627 0.147235 0.149931 0.152713 0.155580 0.158530 0.161563 0.164675 0.167868 0.171140 0.174492 0.177927 0.181449 0.185064 0.188783 0.192618 0.196584 0.200701 0.204991 0.209482 0.214203 0.219187 0.224471 0.230093 0.236094 0.242517 0.249402 0.256791 0.264719 0.273214 0.282291 0.291944 0.302140 0.312808 0.323833 0.335050 0.346247 0.357179 0.367593 0.377257 0.386001 0.393737 0.400471 0.406300 0.411407 0.416068 0.420694 0.425903 0.432635 0.442295 0.456992 0.479932 0.516203 0.574380 0.669933 0.832622 1.121761 1.644847 2.465480 3.011346 2.455757 1.625313 1.092252 0.792927 0.619838 0.513725 0.444956 0.398263 0.365349 0.341447 0.323684 0.310256 0.299988 0.292096 0.286043 0.281462 0.278100 0.275783 0.274401 0.273887 0.274212 0.275378 0.277415 0.280380 0.284362 0.289482 0.295901 0.303837 0.313572 0.325485 0.340078 0.358034 0.380288 0.408137 0.443408 0.488686 0.547644 0.625404 0.728692 0.864893 1.037592 1.234404 1.408616 1.483829 1.417522 1.251896 1.063048 0.897427 0.767207 0.668660 0.594333 0.537509 0.493143 0.457690 0.428722 0.404588 0.384156 0.366643 0.351493 0.338301 0.326761 0.316635 0.307731 0.299894 0.292989 0.286907 0.281552 0.276844 0.272714 0.269108 0.265979 0.263294 0.261025 0.259155 0.257675 0.256582 0.255882 0.255585 0.255708 0.256275 0.257315 0.258863 0.260962 0.263663 0.267025 0.271119 0.276028 0.281849 0.288700 0.296719 0.306073 0.316965 0.329640 0.344398 0.361610 0.381743 0.405386 0.433302 0.466499 0.506346 0.554767 0.614571 0.690054 0.788112 0.920462 1.108333 1.393459 1.867347 2.763654 4.815068 10.723579 20.456959 10.927257 5.141627 3.134482 2.256962 1.823797 1.635937 1.646164 1.911455 2.701391 5.190591 19.016849 18.965867 18.924683 5.000244 2.399726 1.475641 1.038664 0.794871 0.643265 0.541475 0.469132 0.415426 0.374162 0.341572 0.315247 0.293583 0.275475 0.260141 0.247011 0.235661 0.225770 0.217092 0.209433 0.202641 0.196594 0.191192 0.186355 0.182017 0.178121 0.174622 0.171480 0.168659 0.166129 0.163860 0.161826 0.159999 0.158350 0.156849 0.155463 0.154157 0.152893 0.151632 0.150332 0.148952 0.147455 0.145808 0.143982 0.141962 0.139737 0.137312 0.134696 0.131912 0.128985
0.092451 0.094593 0.096719 0.098807 0.100829 0.102758 0.104563 0.106215 0.107687 0.108955 0.110001 0.110813 0.111387 0.111729 0.111850 0.111770 0.111512 0.111106 0.110580 0.109967 0.109295 0.108591 0.107881 0.107185 0.106521 0.105904 0.105346 0.104854 0.104437 0.104098 0.103840 0.103665 0.103573 0.103564 0.103639 0.103794 0.104031 0.104346 0.104739 0.105208 0.105753 0.106371 0.107062 0.107826 0.108661 0.109567 0.110544 0.111591 0.112709 0.113899 0.115159 0.116492 0.117897 0.119376 0.120929 0.122557 0.124262 0.126045 0.127906 0.129846 0.131868 0.133971 0.136157 0.138426 0.140779 0.143215 0.145735 0.148339 0.151027 0.153798 0.156651 0.159587 0.162605 0.165707 0.168892 0.172165 0.175528 0.178986 0.182548 0.186222 0.190020 0.193957 0.198049 0.202317 0.206780 0.211464 0.216393 0.221595 0.227096 0.232924 0.239106 0.245665 0.252622 0.259990 0.267775 0.275970 0.284550 0.293472 0.302664 0.312030 0.321442 0.330749 0.339787 0.348396 0.356438 0.363819 0.370507 0.376539 0.382035 0.387196 0.392334 0.397907 0.404587 0.413370 0.425747 0.443996 0.471739 0.515076 0.585104 0.704012 0.921765 1.369484 2.466162 5.767871 11.274612 5.759987 2.450345 1.345645 0.889798 0.663822 0.536650 0.458416 0.407076 0.371724 0.346479 0.327943 0.314048 0.303479 0.295376 0.289161 0.284442 0.280954 0.278521 0.277033 0.276427 0.276681 0.277804 0.279837 0.282848 0.286939 0.292249 0.298964 0.307329 0.317673 0.330434 0.346212 0.365835 0.390472 0.421807 0.462328 0.515801 0.588072 0.688401 0.831563 1.040368 1.344874 1.761206 2.210431 2.429713 2.221851 1.783609 1.377406 1.081811 0.880411 0.742955 0.646553 0.576463 0.523556 0.482190 0.448845 0.421287 0.398073 0.378242 0.361131 0.346269 0.333301 0.321955 0.312011 0.303287 0.295631 0.288916 0.283031 0.277884 0.273398 0.269507 0.266158 0.263309 0.260928 0.258992 0.257486 0.256402 0.255742 0.255513 0.255729 0.256410 0.257586 0.259289 0.261563 0.264460 0.268041 0.272379 0.277562 0.283694 0.290899 0.299326 0.309155 0.320604 0.333936 0.349475 0.367621 0.388873 0.413855 0.443368 0.478454 0.520496 0.571397 0.633870 0.711954 0.811972 0.944323 1.126984 1.392570 1.802885 2.477462 3.625532 5.370439 6.660278 5.868560 4.296115 3.085189 2.319929 1.880045 1.669325 1.651796 1.868416 2.514447 4.279020 9.767722 18.974748 9.671298 4.079757 2.198311 1.410957 1.012783 0.782917 0.637100 0.537945 0.466864 0.413766 0.372782 0.340299 0.313986 0.292283 0.274109 0.258693 0.245473 0.234030 0.224045 0.215271 0.207516 0.200627 0.194481 0.188979 0.184038 0.179591 0.175581 0.171961 0.168689 0.165729 0.163049 0.160619 0.158412 0.156399 0.154553 0.152845 0.151245 0.149724 0.148247 0.146783 0.145297 0.143758 0.142135 0.140402 0.138539 0.136532 0.134373 0.132064 0.129612 0.127031 0.124340
0.089847 0.091764 0.093659 0.095515 0.097310 0.099021 0.100625 0.102100 0.103425 0.104582 0.105559 0.106346 0.106941 0.107348 0.107576 0.107638 0.107553 0.107343 0.107031 0.106641 0.106196 0.105718 0.105227 0.104742 0.104278 0.103847 0.103461 0.103128 0.102855 0.102647 0.102507 0.102437 0.102440 0.102515 0.102663 0.102884 0.103177 0.103542 0.103978 0.104484 0.105059 0.105703 0.106415 0.107194 0.108041 0.108955 0.109935 0.110982 0.112097 0.113278 0.114527 0.115845 0.117231 0.118687 0.120214 0.121811 0.123482 0.125226 0.127044 0.128937 0.130907 0.132954 0.135080 0.137284 0.139569 0.141933 0.144378 0.146904 0.149512 0.152202 0.154975 0.157831 0.160772 0.163799 0.166916 0.170125 0.173432 0.176843 0.180366 0.184009 0.187785 0.191706 0.195788 0.200047 0.204501 0.209168 0.214068 0.219220 0.224642 0.230350 0.236358 0.242675 0.249305 0.256245 0.263483 0.270997 0.278751 0.286694 0.294759 0.302862 0.310906 0.318783 0.326386 0.333617 0.340399 0.346696 0.352516 0.357930 0.363076 0.368175 0.373556 0.379692 0.387268 0.397290 0.411256 0.431484 0.461725 0.508449 0.583760 0.712784 0.955434 1.486312 3.012720 11.275305 11.271936 11.269092 3.000268 1.467576 0.930365 0.681349 0.545970 0.464385 0.411574 0.375562 0.350026 0.331371 0.317429 0.306835 0.298702 0.292439 0.287650 0.284073 0.281535 0.279934 0.279216 0.279369 0.280412 0.282396 0.285403 0.289546 0.294982 0.301914 0.310615 0.321450 0.334912 0.351680 0.372710 0.399380 0.433730 0.478886 0.539815 0.624768 0.748131 0.936406 1.241102 1.765318 2.696175 4.144324 5.112251 4.159142 2.725210 1.807396 1.294540 0.999115 0.817757 0.698861 0.616001 0.555015 0.507983 0.470316 0.439268 0.413140 0.390835 0.371613 0.354949 0.340446 0.327795 0.316745 0.307088 0.298647 0.291275 0.284845 0.279249 0.274397 0.270213 0.266635 0.263613 0.261109 0.259092 0.257544 0.256453 0.255814 0.255633 0.255920 0.256694 0.257982 0.259816 0.262241 0.265308 0.269080 0.273635 0.279063 0.285474 0.293001 0.301802 0.312070 0.324037 0.337988 0.354271 0.373316 0.395656 0.421956 0.453056 0.490028 0.534261 0.587601 0.652573 0.732783 0.833643 0.963703 1.137099 1.377903 1.727223 2.251983 3.043016 4.157310 5.413734 5.900796 4.782741 3.361199 2.437102 1.922994 1.668421 1.602232 1.722483 2.100450 2.900548 4.219958 5.090962 4.120541 2.695083 1.774381 1.250247 0.941157 0.746893 0.617187 0.526030 0.459206 0.408494 0.368898 0.337241 0.311428 0.290026 0.272028 0.256709 0.243533 0.232100 0.222099 0.213294 0.205495 0.198551 0.192343 0.186771 0.181754 0.177223 0.173123 0.169405 0.166027 0.162953 0.160149 0.157586 0.155235 0.153070 0.151064 0.149190 0.147422 0.145731 0.144089 0.142469 0.140843 0.139185 0.137471 0.135679 0.133794 0.131803 0.129701 0.127488 0.125167 0.122750 0.120250
0.087506 0.089235 0.090941 0.092608 0.094218 0.095755 0.097199 0.098533 0.099742 0.100813 0.101736 0.102503 0.103114 0.103572 0.103882 0.104056 0.104108 0.104054 0.103912 0.103702 0.103441 0.103149 0.102840 0.102531 0.102235 0.101964 0.101726 0.101531 0.101385 0.101292 0.101257 0.101282 0.101370 0.101521 0.101737 0.102018 0.102364 0.102776 0.103252 0.103792 0.104397 0.105066 0.105798 0.106593 0.107452 0.108373 0.109358 0.110406 0.111518 0.112693 0.113933 0.115238 0.116608 0.118044 0.119547 0.121119 0.122759 0.124468 0.126249 0.128101 0.130026 0.132025 0.134098 0.136246 0.138472 0.140774 0.143156 0.145616 0.148157 0.150779 0.153485 0.156276 0.159154 0.162122 0.165185 0.168346 0.171612 0.174990 0.178487 0.182115 0.185883 0.189804 0.193893 0.198163 0.202629 0.207307 0.212211 0.217354 0.222746 0.228395 0.234303 0.240469 0.246882 0.253527 0.260376 0.267395 0.274537 0.281746 0.288959 0.296101 0.303096 0.309868 0.316348 0.322481 0.328238 0.333621 0.338675 0.343494 0.348235 0.353130 0.358508 0.364838 0.372781 0.383298 0.397806 0.418488 0.448849 0.494877 0.567569 0.689036 0.909195 1.359136 2.457847 5.761406 11.269826 5.756728 2.448479 1.345054 0.890377 0.665475 0.539285 0.461942 0.411398 0.376744 0.352088 0.334028 0.320492 0.310164 0.302186 0.295989 0.291193 0.287551 0.284907 0.283172 0.282308 0.282315 0.283225 0.285103 0.288041 0.292166 0.297644 0.304698 0.313619 0.324798 0.338766 0.356261 0.378328 0.406494 0.443059 0.491623 0.558085 0.652663 0.794308 1.021358 1.420608 2.220315 4.150414 9.922328 19.535790 9.941802 4.188538 2.275470 1.490452 1.102962 0.884361 0.747733 0.654895 0.587281 0.535211 0.493382 0.458758 0.429524 0.404527 0.382991 0.364351 0.348174 0.334114 0.321882 0.311238 0.301976 0.293923 0.286931 0.280875 0.275649 0.271166 0.267353 0.264152 0.261516 0.259410 0.257809 0.256696 0.256064 0.255914 0.256254 0.257102 0.258481 0.260425 0.262977 0.266189 0.270127 0.274869 0.280512 0.287171 0.294984 0.304121 0.314786 0.327229 0.341755 0.358740 0.378648 0.402053 0.429670 0.462395 0.501351 0.547959 0.604026 0.671897 0.754703 0.856828 0.984858 1.149432 1.368894 1.676565 2.137802 2.905005 4.458025 8.672032 15.507332 8.442390 4.123515 2.601622 1.946158 1.638100 1.520491 1.546420 1.712356 2.016683 2.373471 2.523332 2.272356 1.807829 1.381165 1.067003 0.848712 0.696495 0.587740 0.507733 0.447179 0.400158 0.362817 0.332579 0.307679 0.286873 0.269268 0.254208 0.241200 0.229871 0.219932 0.211156 0.203362 0.196405 0.190170 0.184558 0.179491 0.174902 0.170735 0.166941 0.163479 0.160312 0.157407 0.154735 0.152269 0.149981 0.147846 0.145840 0.143937 0.142114 0.140345 0.138606 0.136875 0.135129 0.133348 0.131516 0.129619 0.127648 0.125596 0.123463 0.121251 0.118968 0.116622
0.085400 0.086973 0.088522 0.090033 0.091494 0.092888 0.094204 0.095426 0.096544 0.097546 0.098425 0.099177 0.099800 0.100297 0.100673 0.100935 0.101095 0.101166 0.101162 0.101098 0.100988 0.100848 0.100691 0.100531 0.100377 0.100242 0.100132 0.100057 0.100021 0.100030 0.100088 0.100198 0.100363 0.100584 0.100862 0.101198 0.101593 0.102048 0.102562 0.103135 0.103768 0.104460 0.105212 0.106023 0.106894 0.107824 0.108814 0.109864 0.110974 0.112145 0.113378 0.114672 0.116028 0.117448 0.118931 0.120479 0.122093 0.123774 0.125521 0.127338 0.129223 0.131180 0.133208 0.135309 0.137484 0.139734 0.142061 0.144466 0.146951 0.149517 0.152168 0.154906 0.157734 0.160656 0.163678 0.166804 0.170043 0.173401 0.176887 0.180513 0.184289 0.188227 0.192342 0.196646 0.201152 0.205873 0.210820 0.216002 0.221422 0.227082 0.232976 0.239091 0.245405 0.251890 0.258505 0.265204 0.271929 0.278618 0.285204 0.291621 0.297804 0.303700 0.309267 0.314484 0.319356 0.323917 0.328240 0.332442 0.336691 0.341222 0.346358 0.352540 0.360379 0.370743 0.384889 0.404706 0.433146 0.475047 0.538767 0.639615 0.807249 1.100935 1.628160 2.452543 3.001806 2.449300 1.621666 1.091178 0.794216 0.623299 0.519177 0.452216 0.407145 0.375649 0.352948 0.336154 0.323454 0.313668 0.306017 0.299985 0.295227 0.291528 0.288756 0.286846 0.285780 0.285577 0.286285 0.287981 0.290771 0.294790 0.300216 0.307281 0.316287 0.327639 0.341886 0.359793 0.382446 0.411434 0.449162 0.499421 0.568479 0.667342 0.816855 1.060581 1.502736 2.447406 5.126960 19.544959 19.557963 19.570895 5.177716 2.520758 1.595411 1.168416 0.935104 0.791091 0.693108 0.620983 0.564611 0.518667 0.480214 0.447522 0.419490 0.395342 0.374492 0.356466 0.340868 0.327367 0.315676 0.305554 0.296796 0.289228 0.282704 0.277100 0.272315 0.268264 0.264880 0.262108 0.259906 0.258244 0.257100 0.256463 0.256331 0.256709 0.257613 0.259066 0.261099 0.263755 0.267089 0.271166 0.276068 0.281894 0.288764 0.296825 0.306256 0.317272 0.330142 0.345193 0.362832 0.383561 0.408008 0.436957 0.471388 0.512527 0.561897 0.621378 0.693267 0.780356 0.886098 1.015098 1.174530 1.377806 1.653796 2.072860 2.843443 4.832554 15.208529 15.171683 15.091503 4.642564 2.641057 1.911869 1.577483 1.425060 1.384676 1.426192 1.520701 1.613658 1.625662 1.512065 1.311147 1.094632 0.906145 0.756569 0.641643 0.553630 0.485568 0.432147 0.389532 0.354994 0.326587 0.302908 0.282931 0.265897 0.251232 0.238500 0.227361 0.217551 0.208858 0.201115 0.194185 0.187955 0.182333 0.177242 0.172617 0.168404 0.164555 0.161029 0.157790 0.154806 0.152048 0.149489 0.147103 0.144866 0.142755 0.140748 0.138821 0.136953 0.135124 0.133314 0.131503 0.129676 0.127818 0.125918 0.123967 0.121960 0.119895 0.117774 0.115602 0.113384
0.083504 0.084946 0.086364 0.087748 0.089085 0.090365 0.091576 0.092708 0.093751 0.094698 0.095543 0.096283 0.096916 0.097444 0.097871 0.098204 0.098451 0.098623 0.098731 0.098786 0.098801 0.098787 0.098757 0.098721 0.098689 0.098669 0.098670 0.098698 0.098759 0.098859 0.099000 0.099186 0.099420 0.099703 0.100038 0.100425 0.100866 0.101361 0.101910 0.102514 0.103174 0.103889 0.104660 0.105486 0.106369 0.107308 0.108304 0.109357 0.110467 0.111636 0.112862 0.114148 0.115493 0.116899 0.118366 0.119894 0.121486 0.123141 0.124861 0.126646 0.128498 0.130419 0.132408 0.134469 0.136601 0.138806 0.141088 0.143446 0.145885 0.148406 0.151012 0.153708 0.156497 0.159385 0.162377 0.165480 0.168703 0.172054 0.175543 0.179182 0.182982 0.186957 0.191119 0.195482 0.200059 0.204861 0.209897 0.215172 0.220689 0.226440 0.232414 0.238589 0.244932 0.251402 0.257945 0.264499 0.270994 0.277356 0.283512 0.289395 0.294948 0.300129 0.304920 0.309326 0.313380 0.317146 0.320721 0.324240 0.327884 0.331885 0.336549 0.342279 0.349616 0.359301 0.372380 0.390363 0.415496 0.451222 0.502944 0.579229 0.693257 0.862368 1.095914 1.348702 1.470022 1.346829 1.092163 0.856729 0.685716 0.569770 0.491549 0.437874 0.400184 0.373084 0.353152 0.338168 0.326664 0.317654 0.310472 0.304674 0.299972 0.296192 0.293241 0.291085 0.289735 0.289232 0.289645 0.291066 0.293610 0.297424 0.302689 0.309642 0.318586 0.329927 0.344212 0.362197 0.384952 0.414034 0.451778 0.501829 0.570143 0.667003 0.811438 1.041877 1.445211 2.249792 4.185633 9.964185 19.585115 9.999206 4.254202 2.348899 1.570282 1.186917 0.969470 0.830783 0.732977 0.658238 0.597828 0.547331 0.504381 0.467574 0.435949 0.408760 0.385385 0.365287 0.348002 0.333132 0.320332 0.309313 0.299829 0.291675 0.284679 0.278697 0.273610 0.269323 0.265756 0.262847 0.260547 0.258818 0.257636 0.256986 0.256861 0.257265 0.258211 0.259720 0.261824 0.264565 0.267997 0.272187 0.277219 0.283195 0.290240 0.298507 0.308184 0.319500 0.332740 0.348255 0.366485 0.387981 0.413436 0.443727 0.479965 0.523554 0.576254 0.640234 0.718074 0.812667 0.926976 1.063752 1.225924 1.419588 1.663450 2.012688 2.626894 4.027298 8.159928 15.025553 8.064900 3.857061 2.414567 1.798009 1.488919 1.326744 1.249882 1.227004 1.232547 1.236866 1.209713 1.135811 1.024544 0.899159 0.779535 0.675496 0.589137 0.518838 0.461853 0.415479 0.377441 0.345939 0.319587 0.297323 0.278337 0.262004 0.247841 0.235470 0.224593 0.214970 0.206411 0.198760 0.191890 0.185695 0.180089 0.174998 0.170360 0.166121 0.162236 0.158666 0.155374 0.152330 0.149505 0.146874 0.144411 0.142094 0.139902 0.137813 0.135807 0.133864 0.131967 0.130098 0.128241 0.126382 0.124509 0.122611 0.120681 0.118715 0.116709 0.114666 0.112586 0.110476
0.081796 0.083128 0.084437 0.085714 0.086950 0.088136 0.089262 0.090321 0.091304 0.092207 0.093024 0.093753 0.094394 0.094947 0.095415 0.095806 0.096123 0.096377 0.096576 0.096729 0.096847 0.096939 0.097015 0.097084 0.097155 0.097235 0.097331 0.097450 0.097596 0.097774 0.097989 0.098243 0.098539 0.098879 0.099266 0.099700 0.100182 0.100714 0.101297 0.101930 0.102615 0.103352 0.104142 0.104984 0.105879 0.106827 0.107830 0.108887 0.109998 0.111165 0.112388 0.113668 0.115004 0.116399 0.117851 0.119364 0.120937 0.122570 0.124267 0.126026 0.127850 0.129740 0.131697 0.133723 0.135819 0.137988 0.140231 0.142552 0.144952 0.147436 0.150007 0.152670 0.155430 0.158293 0.161266 0.164357 0.167576 0.170932 0.174437 0.178103 0.181945 0.185975 0.190208 0.194659 0.199341 0.204266 0.209442 0.214875 0.220563 0.226498 0.232660 0.239021 0.245537 0.252153 0.258799 0.265396 0.271853 0.278081 0.283990 0.289506 0.294570 0.299150 0.303244 0.306880 0.310121 0.313058 0.315817 0.318552 0.321452 0.324748 0.328725 0.333739 0.340251 0.348867 0.360403 0.375977 0.397150 0.426103 0.465852 0.520334 0.593867 0.688589 0.797478 0.893817 0.933856 0.893286 0.796414 0.686982 0.591700 0.517578 0.462457 0.421996 0.392229 0.370114 0.353442 0.340644 0.330606 0.322547 0.315929 0.310395 0.305724 0.301798 0.298573 0.296060 0.294306 0.293381 0.293379 0.294406 0.296590 0.300082 0.305067 0.311777 0.320509 0.331654 0.345738 0.363477 0.385874 0.414366 0.451067 0.499196 0.563832 0.653364 0.782344 0.977467 1.290457 1.824637 2.767330 4.229309 5.213007 4.277238 2.861361 1.960856 1.462540 1.176652 0.998047 0.874475 0.780295 0.703246 0.637717 0.581170 0.532307 0.490232 0.454156 0.423321 0.397012 0.374576 0.355435 0.339093 0.325125 0.313177 0.302954 0.294210 0.286744 0.280389 0.275008 0.270490 0.266744 0.263701 0.261302 0.259506 0.258283 0.257613 0.257487 0.257907 0.258883 0.260434 0.262591 0.265396 0.268903 0.273181 0.278313 0.284405 0.291585 0.300013 0.309884 0.321440 0.334982 0.350887 0.369630 0.391814 0.418214 0.449824 0.487939 0.534241 0.590918 0.660775 0.747287 0.854445 0.986061 1.144125 1.326412 1.526257 1.741469 1.996414 2.369055 3.006748 3.999469 4.635739 3.884036 2.784827 2.060954 1.638358 1.386528 1.233303 1.141119 1.087195 1.053567 1.023416 0.982510 0.923589 0.848624 0.765737 0.683671 0.608320 0.542283 0.485888 0.438308 0.398308 0.364627 0.336141 0.311903 0.291142 0.273237 0.257690 0.244105 0.232161 0.221600 0.212212 0.203827 0.196303 0.189524 0.183393 0.177826 0.172757 0.168124 0.163879 0.159976 0.156378 0.153051 0.149964 0.147090 0.144404 0.141883 0.139506 0.137251 0.135100 0.133033 0.131035 0.129088 0.127176 0.125287 0.123407 0.121526 0.119635 0.117727 0.115798 0.113845 0.111868 0.109868 0.107849
0.080257 0.081497 0.082715 0.083903 0.085055 0.086163 0.087219 0.088218 0.089153 0.090019 0.090814 0.091534 0.092181 0.092754 0.093257 0.093693 0.094068 0.094389 0.094663 0.094898 0.095101 0.095282 0.095447 0.095605 0.095764 0.095929 0.096108 0.096305 0.096526 0.096774 0.097054 0.097369 0.097721 0.098112 0.098546 0.099022 0.099543 0.100110 0.100724 0.101385 0.102094 0.102852 0.103659 0.104516 0.105424 0.106382 0.107392 0.108454 0.109568 0.110736 0.111957 0.113232 0.114562 0.115947 0.117390 0.118889 0.120446 0.122063 0.123740 0.125478 0.127278 0.129143 0.131073 0.133070 0.135136 0.137275 0.139487 0.141776 0.144146 0.146600 0.149144 0.151782 0.154521 0.157368 0.160332 0.163420 0.166645 0.170018 0.173551 0.177260 0.181159 0.185264 0.189593 0.194162 0.198987 0.204082 0.209457 0.215118 0.221065 0.227287 0.233763 0.240456 0.247313 0.254262 0.261216 0.268068 0.274704 0.281003 0.286853 0.292158 0.296851 0.300904 0.304328 0.307177 0.309547 0.311564 0.313384 0.315188 0.317177 0.319582 0.322666 0.326739 0.332180 0.339463 0.349189 0.362133 0.379287 0.401893 0.431400 0.469227 0.516048 0.570222 0.625368 0.668927 0.686057 0.669748 0.627010 0.572682 0.519311 0.473254 0.436115 0.407168 0.384928 0.367870 0.354676 0.344290 0.335900 0.328909 0.322898 0.317603 0.312879 0.308681 0.305029 0.301990 0.299660 0.298148 0.297573 0.298062 0.299750 0.302791 0.307366 0.313699 0.322069 0.332844 0.346508 0.363715 0.385364 0.412712 0.447557 0.492528 0.551568 0.630742 0.739579 0.893176 1.114720 1.434690 1.869641 2.341006 2.586101 2.407403 2.000505 1.625405 1.356848 1.173750 1.041841 0.936694 0.845361 0.762940 0.688588 0.622648 0.565268 0.516075 0.474309 0.439032 0.409294 0.384221 0.363051 0.345141 0.329957 0.317061 0.306096 0.296769 0.288844 0.282128 0.276465 0.271726 0.267812 0.264640 0.262148 0.260286 0.259021 0.258328 0.258196 0.258623 0.259618 0.261198 0.263393 0.266244 0.269804 0.274143 0.279345 0.285517 0.292792 0.301332 0.311340 0.323068 0.336834 0.353037 0.372189 0.394949 0.422179 0.455014 0.494979 0.544138 0.605322 0.682431 0.780791 0.907383 1.070291 1.275555 1.518329 1.769593 1.980776 2.133369 2.276678 2.474250 2.698562 2.765807 2.531266 2.134999 1.767631 1.489166 1.290750 1.151836 1.055038 0.986652 0.935077 0.890151 0.843887 0.791860 0.733777 0.672380 0.611416 0.553998 0.501966 0.455998 0.415993 0.381441 0.351675 0.326013 0.303827 0.284570 0.267776 0.253058 0.240096 0.228622 0.218418 0.209303 0.201125 0.193757 0.187096 0.181050 0.175545 0.170515 0.165907 0.161671 0.157767 0.154157 0.150810 0.147695 0.144788 0.142063 0.139500 0.137078 0.134777 0.132580 0.130469 0.128430 0.126447 0.124506 0.122595 0.120703 0.118821 0.116940 0.115055 0.113160 0.111254 0.109335 0.107404 0.105463
0.078871 0.080033 0.081173 0.082288 0.083370 0.084413 0.085412 0.086361 0.087256 0.088092 0.088868 0.089582 0.090234 0.090823 0.091354 0.091828 0.092251 0.092627 0.092963 0.093265 0.093540 0.093795 0.094036 0.094270 0.094504 0.094743 0.094993 0.095258 0.095544 0.095854 0.096192 0.096561 0.096963 0.097401 0.097877 0.098393 0.098950 0.099549 0.100191 0.100878 0.101610 0.102388 0.103213 0.104085 0.105005 0.105974 0.106992 0.108060 0.109178 0.110347 0.111568 0.112841 0.114167 0.115546 0.116980 0.118470 0.120015 0.121618 0.123280 0.125000 0.126782 0.128626 0.130534 0.132508 0.134550 0.136663 0.138851 0.141115 0.143461 0.145893 0.148416 0.151036 0.153762 0.156601 0.159562 0.162657 0.165897 0.169296 0.172870 0.176634 0.180608 0.184810 0.189260 0.193979 0.198987 0.204301 0.209938 0.215908 0.222212 0.228843 0.235778 0.242976 0.250374 0.257884 0.265393 0.272762 0.279836 0.286452 0.292455 0.297715 0.302145 0.305710 0.308438 0.310418 0.311785 0.312716 0.313410 0.314082 0.314957 0.316265 0.318251 0.321185 0.325370 0.331159 0.338975 0.349318 0.362768 0.379950 0.401432 0.427486 0.457625 0.489915 0.520332 0.542984 0.552098 0.545202 0.524777 0.496597 0.466547 0.438618 0.414688 0.395159 0.379647 0.367447 0.357786 0.349949 0.343333 0.337475 0.332058 0.326907 0.321968 0.317285 0.312965 0.309152 0.306006 0.303683 0.302334 0.302103 0.303134 0.305579 0.309609 0.315429 0.323298 0.333545 0.346604 0.363052 0.383662 0.409488 0.441982 0.483162 0.535865 0.604077 0.693312 0.810784 0.964479 1.158701 1.381896 1.588224 1.702038 1.681052 1.566457 1.430978 1.314324 1.218932 1.131647 1.041122 0.944978 0.847950 0.756426 0.674759 0.604561 0.545531 0.496432 0.455753 0.422043 0.394036 0.370683 0.351134 0.334710 0.320868 0.309175 0.299286 0.290924 0.283869 0.277942 0.273000 0.268930 0.265641 0.263063 0.261140 0.259835 0.259119 0.258977 0.259406 0.260410 0.262008 0.264227 0.267106 0.270699 0.275073 0.280315 0.286531 0.293857 0.302457 0.312539 0.324365 0.338263 0.354654 0.374083 0.397262 0.425139 0.458997 0.500614 0.552505 0.618323 0.703520 0.816421 0.969909 1.183439 1.482568 1.882980 2.328891 2.625240 2.625854 2.478692 2.366965 2.307067 2.222792 2.057638 1.829818 1.593409 1.385450 1.217593 1.087702 0.988804 0.912935 0.852451 0.800611 0.752147 0.703814 0.654521 0.604866 0.556283 0.510244 0.467808 0.429504 0.395424 0.365371 0.338990 0.315871 0.295597 0.277783 0.262086 0.248205 0.235885 0.224907 0.215087 0.206270 0.198323 0.191136 0.184612 0.178672 0.173246 0.168275 0.163706 0.159495 0.155604 0.151996 0.148642 0.145513 0.142586 0.139837 0.137245 0.134791 0.132458 0.130228 0.128087 0.126019 0.124011 0.122051 0.120128 0.118231 0.116353 0.114485 0.112622 0.110760 0.108896 0.107029 0.105158 0.103285
0.077623 0.078718 0.079794 0.080846 0.081870 0.082859 0.083810 0.084718 0.085580 0.086393 0.087153 0.087862 0.088517 0.089120 0.089674 0.090179 0.090641 0.091064 0.091451 0.091810 0.092145 0.092463 0.092768 0.093067 0.093365 0.093667 0.093979 0.094304 0.094647 0.095012 0.095401 0.095818 0.096266 0.096746 0.097261 0.097812 0.098401 0.099030 0.099700 0.100411 0.101165 0.101962 0.102804 0.103692 0.104625 0.105604 0.106631 0.107706 0.108829 0.110001 0.111224 0.112496 0.113820 0.115196 0.116625 0.118108 0.119645 0.121237 0.122887 0.124594 0.126361 0.128189 0.130080 0.132035 0.134059 0.136153 0.138320 0.140565 0.142893 0.145307 0.147816 0.150425 0.153144 0.155980 0.158946 0.162054 0.165318 0.168753 0.172378 0.176212 0.180276 0.184594 0.189191 0.194092 0.199324 0.204913 0.210881 0.217247 0.224020 0.231199 0.238766 0.246677 0.254863 0.263218 0.271597 0.279818 0.287669 0.294919 0.301345 0.306757 0.311028 0.314112 0.316057 0.316998 0.317135 0.316717 0.316009 0.315276 0.314775 0.314747 0.315425 0.317036 0.319819 0.324028 0.329941 0.337857 0.348079 0.360871 0.376362 0.394387 0.414252 0.434486 0.452740 0.466133 0.472162 0.469828 0.460157 0.445669 0.429246 0.413202 0.398938 0.387025 0.377457 0.369885 0.363797 0.358644 0.353921 0.349234 0.344338 0.339145 0.333711 0.328201 0.322847 0.317898 0.313597 0.310161 0.307778 0.306606 0.306793 0.308479 0.311820 0.316996 0.324233 0.333819 0.346129 0.361655 0.381044 0.405152 0.435110 0.472408 0.518992 0.577334 0.650390 0.741214 0.851756 0.980183 1.116708 1.241112 1.329459 1.371339 1.379523 1.376659 1.373737 1.361003 1.316945 1.229202 1.107441 0.974273 0.848868 0.740537 0.651050 0.578572 0.520200 0.473110 0.434920 0.403740 0.378109 0.356900 0.339250 0.324492 0.312108 0.301693 0.292930 0.285567 0.279404 0.274282 0.270075 0.266684 0.264031 0.262055 0.260714 0.259976 0.259824 0.260250 0.261258 0.262864 0.265094 0.267985 0.271589 0.275975 0.281226 0.287451 0.294782 0.303388 0.313478 0.325319 0.339247 0.355699 0.375244 0.398635 0.426896 0.461440 0.504281 0.558375 0.628240 0.721089 0.849073 1.033894 1.316706 1.778403 2.564316 3.762159 4.617625 4.037478 3.110571 2.575929 2.313859 2.140664 1.958776 1.749277 1.534269 1.338672 1.174626 1.043165 0.939790 0.858264 0.792404 0.736846 0.687409 0.641291 0.597039 0.554290 0.513340 0.474727 0.438934 0.406248 0.376749 0.350341 0.326823 0.305934 0.287393 0.270926 0.256277 0.243215 0.231537 0.221064 0.211643 0.203140 0.195443 0.188452 0.182084 0.176266 0.170934 0.166035 0.161520 0.157348 0.153481 0.149888 0.146539 0.143409 0.140474 0.137711 0.135103 0.132630 0.130276 0.128025 0.125863 0.123777 0.121754 0.119784 0.117855 0.115959 0.114088 0.112235 0.110395 0.108564 0.106739 0.104918 0.103101 0.101287
0.076500 0.077538 0.078560 0.079560 0.080534 0.081479 0.082390 0.083264 0.084099 0.084891 0.085639 0.086343 0.087002 0.087617 0.088189 0.088721 0.089215 0.089676 0.090107 0.090513 0.090899 0.091270 0.091630 0.091984 0.092338 0.092695 0.093060 0.093438 0.093831 0.094244 0.094679 0.095139 0.095627 0.096145 0.096695 0.097279 0.097898 0.098555 0.099250 0.099984 0.100759 0.101575 0.102434 0.103336 0.104282 0.105273 0.106309 0.107392 0.108522 0.109699 0.110925 0.112199 0.113524 0.114898 0.116325 0.117803 0.119335 0.120921 0.122562 0.124260 0.126016 0.127832 0.129710 0.131652 0.133661 0.135740 0.137893 0.140124 0.142438 0.144841 0.147340 0.149943 0.152659 0.155499 0.158476 0.161603 0.164897 0.168376 0.172061 0.175976 0.180145 0.184598 0.189366 0.194482 0.199981 0.205900 0.212273 0.219130 0.226497 0.234385 0.242786 0.251665 0.260947 0.270512 0.280178 0.289706 0.298799 0.307123 0.314344 0.320170 0.324403 0.326973 0.327958 0.327566 0.326105 0.323934 0.321418 0.318903 0.316689 0.315037 0.314166 0.314271 0.315530 0.318112 0.322184 0.327903 0.335400 0.344738 0.355855 0.368468 0.381973 0.395374 0.407317 0.416330 0.421240 0.421614 0.417945 0.411454 0.403634 0.395815 0.388915 0.383379 0.379244 0.376241 0.373903 0.371679 0.369036 0.365565 0.361048 0.355492 0.349104 0.342231 0.335283 0.328666 0.322736 0.317783 0.314029 0.311646 0.310768 0.311517 0.314020 0.318424 0.324913 0.333729 0.345185 0.359691 0.377776 0.400123 0.427603 0.461305 0.502560 0.552906 0.613955 0.687029 0.772448 0.868458 0.970297 1.070846 1.164402 1.252374 1.345325 1.455996 1.582422 1.687231 1.701741 1.587288 1.384459 1.165474 0.974184 0.821796 0.704348 0.614290 0.544743 0.490403 0.447400 0.412950 0.385048 0.362231 0.343423 0.327818 0.314808 0.303926 0.294811 0.287182 0.280818 0.275545 0.271226 0.267752 0.265038 0.263021 0.261652 0.260897 0.260734 0.261156 0.262163 0.263769 0.265998 0.268886 0.272484 0.276857 0.282089 0.288285 0.295578 0.304135 0.314164 0.325932 0.339780 0.356149 0.375622 0.398977 0.427284 0.462042 0.505433 0.560742 0.633158 0.731364 0.870969 1.082702 1.434648 2.103097 3.646412 8.129347 15.557759 8.428332 4.250084 3.006711 2.589694 2.370086 2.134261 1.857009 1.583988 1.349640 1.162386 1.017052 0.904793 0.817129 0.747039 0.689056 0.639133 0.594485 0.553405 0.515028 0.479050 0.445467 0.414377 0.385853 0.359896 0.336426 0.315301 0.296339 0.279341 0.264106 0.250439 0.238162 0.227110 0.217139 0.208120 0.199941 0.192504 0.185723 0.179523 0.173839 0.168614 0.163799 0.159349 0.155226 0.151396 0.147829 0.144496 0.141375 0.138441 0.135676 0.133061 0.130579 0.128214 0.125952 0.123779 0.121683 0.119653 0.117678 0.115750 0.113859 0.111999 0.110163 0.108346 0.106545 0.104755 0.102976 0.101207 0.099446
0.075491 0.076481 0.077456 0.078412 0.079345 0.080252 0.081130 0.081976 0.082788 0.083564 0.084302 0.085002 0.085664 0.086288 0.086876 0.087430 0.087952 0.088445 0.088913 0.089359 0.089788 0.090204 0.090611 0.091012 0.091414 0.091819 0.092231 0.092654 0.093091 0.093546 0.094022 0.094521 0.095045 0.095597 0.096180 0.096794 0.097441 0.098123 0.098842 0.099598 0.100393 0.101227 0.102102 0.103019 0.103979 0.104981 0.106028 0.107120 0.108257 0.109441 0.110672 0.111950 0.113277 0.114654 0.116080 0.117558 0.119087 0.120670 0.122306 0.123999 0.125748 0.127556 0.129425 0.131358 0.133357 0.135426 0.137568 0.139789 0.142094 0.144489 0.146983 0.149584 0.152302 0.155150 0.158142 0.161293 0.164623 0.168152 0.171905 0.175910 0.180197 0.184802 0.189763 0.195124 0.200933 0.207238 0.214091 0.221544 0.229642 0.238421 0.247896 0.258051 0.268820 0.280073 0.291593 0.303063 0.314068 0.324115 0.332684 0.339309 0.343662 0.345629 0.345335 0.343121 0.339471 0.334927 0.330013 0.325185 0.320810 0.317170 0.314472 0.312870 0.312484 0.313408 0.315720 0.319476 0.324697 0.331345 0.339286 0.348243 0.357758 0.367185 0.375742 0.382655 0.387355 0.389667 0.389881 0.388664 0.386857 0.385251 0.384423 0.384645 0.385863 0.387723 0.389628 0.390846 0.390650 0.388488 0.384118 0.377662 0.369565 0.360469 0.351070 0.342003 0.333776 0.326762 0.321211 0.317284 0.315089 0.314707 0.316221 0.319730 0.325371 0.333333 0.343867 0.357306 0.374079 0.394732 0.419942 0.450532 0.487460 0.531784 0.584562 0.646658 0.718485 0.799801 0.889929 0.989028 1.100859 1.236669 1.418547 1.677994 2.034283 2.416359 2.578169 2.335309 1.876442 1.451881 1.136968 0.916458 0.761618 0.650441 0.568494 0.506581 0.458780 0.421192 0.391176 0.366903 0.347071 0.330733 0.317192 0.305920 0.296519 0.288678 0.282158 0.276770 0.272367 0.268833 0.266078 0.264032 0.262645 0.261878 0.261709 0.262127 0.263129 0.264729 0.266948 0.269821 0.273395 0.277734 0.282919 0.289052 0.296264 0.304716 0.314614 0.326221 0.339873 0.356008 0.375205 0.398244 0.426202 0.460602 0.503676 0.558826 0.631499 0.730970 0.874316 1.096353 1.478698 2.255924 4.369543 15.426907 15.581064 15.793873 5.146680 3.509974 3.211369 3.080438 2.711740 2.200826 1.749024 1.413699 1.175375 1.004714 0.879516 0.784913 0.711053 0.651312 0.601193 0.557678 0.518823 0.483453 0.450923 0.420908 0.393255 0.367876 0.344689 0.323593 0.304464 0.287158 0.271522 0.257400 0.244640 0.233101 0.222651 0.213169 0.204550 0.196697 0.189526 0.182961 0.176938 0.171398 0.166290 0.161569 0.157194 0.153131 0.149347 0.145814 0.142507 0.139403 0.136481 0.133722 0.131109 0.128627 0.126259 0.123993 0.121817 0.119719 0.117688 0.115715 0.113791 0.111909 0.110062 0.108245 0.106451 0.104678 0.102922 0.101182 0.099455 0.097742
0.074586 0.075535 0.076471 0.077389 0.078288 0.079163 0.080014 0.080836 0.081630 0.082392 0.083121 0.083819 0.084483 0.085116 0.085717 0.086289 0.086835 0.087355 0.087854 0.088335 0.088800 0.089254 0.089701 0.090144 0.090586 0.091032 0.091485 0.091948 0.092425 0.092917 0.093429 0.093962 0.094520 0.095103 0.095714 0.096356 0.097029 0.097735 0.098476 0.099253 0.100067 0.100919 0.101810 0.102742 0.103715 0.104730 0.105788 0.106890 0.108037 0.109228 0.110466 0.111750 0.113082 0.114463 0.115892 0.117372 0.118902 0.120485 0.122121 0.123811 0.125557 0.127362 0.129226 0.131154 0.133147 0.135209 0.137345 0.139560 0.141860 0.144251 0.146743 0.149345 0.152069 0.154927 0.157937 0.161116 0.164485 0.168069 0.171895 0.175997 0.180412 0.185182 0.190357 0.195990 0.202146 0.208891 0.216302 0.224456 0.233434 0.243309 0.254138 0.265944 0.278694 0.292268 0.306421 0.320749 0.334670 0.347443 0.358238 0.366273 0.370984 0.372166 0.370036 0.365174 0.358379 0.350501 0.342310 0.334424 0.327288 0.321199 0.316335 0.312799 0.310638 0.309872 0.310498 0.312495 0.315811 0.320357 0.325978 0.332438 0.339410 0.346484 0.353211 0.359190 0.364158 0.368087 0.371204 0.373950 0.376876 0.380514 0.385251 0.391234 0.398285 0.405866 0.413079 0.418773 0.421765 0.421138 0.416531 0.408250 0.397166 0.384444 0.371254 0.358575 0.347112 0.337312 0.329423 0.323559 0.319762 0.318042 0.318414 0.320916 0.325625 0.332671 0.342244 0.354609 0.370112 0.389197 0.412413 0.440422 0.473996 0.514007 0.561397 0.617149 0.682321 0.758270 0.847354 0.954547 1.090666 1.278568 1.565625 2.048949 2.906283 4.244146 5.119410 4.169320 2.763574 1.850555 1.326549 1.014483 0.816457 0.683240 0.589229 0.520311 0.468241 0.427945 0.396156 0.370690 0.350038 0.333129 0.319183 0.307623 0.298015 0.290027 0.283402 0.277941 0.273488 0.269921 0.267146 0.265088 0.263695 0.262925 0.262755 0.263169 0.264166 0.265756 0.267957 0.270803 0.274339 0.278624 0.283737 0.289776 0.296865 0.305161 0.314861 0.326220 0.339562 0.355309 0.374023 0.396457 0.423653 0.457081 0.498891 0.552346 0.622629 0.718459 0.855570 1.065009 1.415579 2.085131 3.635425 8.138705 15.617721 8.608066 4.707726 4.079452 4.758839 5.312735 4.300341 2.923203 2.030863 1.513491 1.200491 0.997948 0.858504 0.757316 0.680474 0.619680 0.569743 0.527319 0.490249 0.457161 0.427203 0.399862 0.374824 0.351890 0.330911 0.311757 0.294301 0.278418 0.263979 0.250856 0.238928 0.228078 0.218198 0.209189 0.200960 0.193430 0.186525 0.180182 0.174342 0.168952 0.163968 0.159349 0.155057 0.151061 0.147331 0.143841 0.140567 0.137489 0.134586 0.131841 0.129238 0.126762 0.124399 0.122137 0.119963 0.117868 0.115842 0.113875 0.111961 0.110091 0.108259 0.106461 0.104691 0.102945 0.101221 0.099516 0.097829 0.096159
0.073776 0.074691 0.075593 0.076480 0.077350 0.078199 0.079026 0.079830 0.080607 0.081358 0.082081 0.082776 0.083443 0.084083 0.084696 0.085284 0.085849 0.086392 0.086918 0.087427 0.087924 0.088412 0.088893 0.089371 0.089849 0.090331 0.090819 0.091318 0.091828 0.092354 0.092898 0.093462 0.094049 0.094660 0.095298 0.095965 0.096662 0.097390 0.098152 0.098949 0.099781 0.100651 0.101558 0.102505 0.103492 0.104521 0.105591 0.106704 0.107861 0.109062 0.110309 0.111601 0.112940 0.114327 0.115763 0.117247 0.118782 0.120368 0.122006 0.123698 0.125446 0.127250 0.129114 0.131040 0.133031 0.135091 0.137225 0.139437 0.141735 0.144125 0.146618 0.149224 0.151955 0.154827 0.157856 0.161064 0.164474 0.168114 0.172017 0.176220 0.180769 0.185714 0.191116 0.197044 0.203580 0.210815 0.218855 0.227817 0.237828 0.249021 0.261521 0.275426 0.290778 0.307511 0.325387 0.343919 0.362309 0.379429 0.393916 0.404405 0.409866 0.409916 0.404951 0.396016 0.384494 0.371767 0.358988 0.346987 0.336284 0.327159 0.319724 0.313989 0.309910 0.307412 0.306412 0.306817 0.308521 0.311400 0.315300 0.320028 0.325354 0.331026 0.336798 0.342481 0.347997 0.353422 0.358997 0.365109 0.372228 0.380821 0.391247 0.403633 0.417733 0.432773 0.447365 0.459568 0.467242 0.468658 0.463143 0.451358 0.435028 0.416310 0.397194 0.379165 0.363147 0.349610 0.338717 0.330459 0.324749 0.321480 0.320567 0.321963 0.325674 0.331763 0.340361 0.351670 0.365972 0.383636 0.405134 0.431046 0.462078 0.499083 0.543101 0.595453 0.657944 0.733316 0.826196 0.945017 1.106124 1.343533 1.736028 2.495459 4.310037 9.750666 18.820953 9.666249 4.153987 2.288372 1.499497 1.095397 0.859190 0.707887 0.604425 0.530194 0.474968 0.432716 0.399677 0.373392 0.352193 0.334915 0.320719 0.308991 0.299270 0.291208 0.284538 0.279050 0.274585 0.271015 0.268243 0.266192 0.264806 0.264045 0.263879 0.264295 0.265287 0.266864 0.269043 0.271853 0.275338 0.279553 0.284572 0.290488 0.297417 0.305509 0.314951 0.325981 0.338905 0.354122 0.372157 0.393713 0.419754 0.451632 0.491291 0.541632 0.607137 0.695056 0.817718 0.997330 1.276211 1.737854 2.533304 3.763094 4.702845 4.333864 3.950242 4.950436 9.633749 17.857138 9.272926 4.111316 2.353002 1.603547 1.215739 0.985865 0.835752 0.730412 0.652213 0.591414 0.542240 0.501098 0.465690 0.434529 0.406653 0.381441 0.358488 0.337522 0.318346 0.300806 0.284771 0.270117 0.256732 0.244506 0.233337 0.223126 0.213783 0.205224 0.197372 0.190158 0.183519 0.177397 0.171742 0.166508 0.161653 0.157141 0.152939 0.149016 0.145347 0.141907 0.138674 0.135627 0.132751 0.130026 0.127439 0.124976 0.122624 0.120370 0.118205 0.116119 0.114101 0.112145 0.110243 0.108387 0.106573 0.104795 0.103048 0.101329 0.099635 0.097964 0.096313 0.094682
0.073055 0.073940 0.074814 0.075675 0.076520 0.077347 0.078155 0.078943 0.079707 0.080449 0.081167 0.081860 0.082530 0.083176 0.083799 0.084400 0.084982 0.085546 0.086094 0.086628 0.087152 0.087668 0.088179 0.088687 0.089197 0.089710 0.090229 0.090758 0.091299 0.091854 0.092427 0.093018 0.093632 0.094269 0.094931 0.095621 0.096340 0.097089 0.097871 0.098686 0.099537 0.100423 0.101347 0.102309 0.103310 0.104352 0.105436 0.106562 0.107730 0.108943 0.110200 0.111503 0.112853 0.114249 0.115693 0.117186 0.118728 0.120321 0.121966 0.123663 0.125416 0.127224 0.129091 0.131020 0.133013 0.135074 0.137208 0.139421 0.141720 0.144112 0.146608 0.149219 0.151959 0.154844 0.157894 0.161131 0.164581 0.168277 0.172256 0.176562 0.181246 0.186370 0.192008 0.198245 0.205184 0.212948 0.221680 0.231546 0.242742 0.255483 0.270001 0.286526 0.305244 0.326233 0.349353 0.374098 0.399421 0.423618 0.444391 0.459242 0.466170 0.464407 0.454735 0.439169 0.420224 0.400216 0.380871 0.363263 0.347927 0.335038 0.324553 0.316327 0.310172 0.305895 0.303313 0.302259 0.302574 0.304107 0.306704 0.310205 0.314452 0.319295 0.324619 0.330376 0.336611 0.343498 0.351348 0.360601 0.371797 0.385516 0.402282 0.422410 0.445761 0.471407 0.497272 0.520004 0.535468 0.540066 0.532348 0.513776 0.487974 0.459112 0.430605 0.404623 0.382229 0.363738 0.349052 0.337898 0.329957 0.324940 0.322617 0.322831 0.325497 0.330609 0.338236 0.348522 0.361698 0.378083 0.398101 0.422302 0.451392 0.486288 0.528217 0.578884 0.640800 0.717862 0.816435 0.947404 1.130492 1.405111 1.864040 2.784027 5.320340 18.955338 18.900444 18.833991 5.105474 2.517615 1.583834 1.134590 0.880074 0.720030 0.611940 0.535091 0.478317 0.435125 0.401505 0.374859 0.353439 0.336029 0.321760 0.309997 0.300267 0.292212 0.285559 0.280096 0.275659 0.272119 0.269375 0.267352 0.265990 0.265248 0.265097 0.265519 0.266509 0.268073 0.270226 0.272996 0.276420 0.280552 0.285459 0.291227 0.297967 0.305814 0.314944 0.325575 0.337989 0.352550 0.369735 0.390178 0.414734 0.444582 0.481387 0.527547 0.586621 0.664022 0.768195 0.912469 1.117469 1.411465 1.816249 2.289978 2.671002 2.900771 3.395721 5.438506 17.885661 17.734073 17.628836 4.884619 2.480962 1.614111 1.196425 0.958149 0.806157 0.701138 0.624039 0.564633 0.516996 0.477495 0.443816 0.414448 0.388395 0.364989 0.343780 0.324458 0.306799 0.290630 0.275815 0.262235 0.249784 0.238364 0.227886 0.218266 0.209426 0.201295 0.193806 0.186899 0.180520 0.174619 0.169150 0.164073 0.159351 0.154951 0.150842 0.146999 0.143396 0.140010 0.136823 0.133815 0.130970 0.128271 0.125706 0.123261 0.120925 0.118685 0.116533 0.114459 0.112455 0.110512 0.108625 0.106786 0.104990 0.103233 0.101509 0.099817 0.098151 0.096511 0.094895 0.093300
0.072415 0.073276 0.074126 0.074964 0.075789 0.076598 0.077391 0.078165 0.078919 0.079654 0.080367 0.081060 0.081732 0.082383 0.083015 0.083628 0.084225 0.084805 0.085373 0.085929 0.086476 0.087016 0.087552 0.088087 0.088624 0.089164 0.089711 0.090266 0.090834 0.091415 0.092013 0.092630 0.093267 0.093927 0.094612 0.095323 0.096062 0.096832 0.097632 0.098466 0.099333 0.100236 0.101176 0.102154 0.103170 0.104227 0.105325 0.106464 0.107646 0.108872 0.110143 0.111458 0.112820 0.114229 0.115684 0.117189 0.118742 0.120346 0.122001 0.123708 0.125469 0.127286 0.129160 0.131095 0.133094 0.135160 0.137299 0.139515 0.141818 0.144214 0.146715 0.149332 0.152081 0.154979 0.158048 0.161311 0.164800 0.168549 0.172600 0.177003 0.181819 0.187120 0.192993 0.199544 0.206899 0.215216 0.224684 0.235534 0.248046 0.262554 0.279448 0.299165 0.322154 0.348801 0.379267 0.413227 0.449482 0.485540 0.517463 0.540433 0.550267 0.545284 0.527178 0.500146 0.469023 0.437763 0.408877 0.383589 0.362248 0.344721 0.330654 0.319631 0.311247 0.305146 0.301020 0.298616 0.297717 0.298139 0.299725 0.302337 0.305864 0.310228 0.315406 0.321446 0.328499 0.336840 0.346893 0.359240 0.374625 0.393933 0.418124 0.448077 0.484226 0.525910 0.570379 0.611884 0.641992 0.652443 0.639702 0.607334 0.563636 0.517087 0.473503 0.435720 0.404514 0.379591 0.360240 0.345682 0.335220 0.328291 0.324467 0.323449 0.325052 0.329187 0.335860 0.345166 0.357288 0.372510 0.391230 0.413992 0.441530 0.474857 0.515394 0.565218 0.627467 0.707046 0.811833 0.954770 1.157618 1.458644 1.933412 2.772695 4.626674 10.044043 19.049057 9.823743 4.255689 2.352011 1.538902 1.119829 0.874472 0.717592 0.610731 0.534433 0.477962 0.434975 0.401519 0.375018 0.353730 0.336444 0.322289 0.310633 0.301002 0.293039 0.286471 0.281086 0.276720 0.273243 0.270556 0.268582 0.267261 0.266552 0.266425 0.266861 0.267853 0.269407 0.271534 0.274259 0.277617 0.281656 0.286438 0.292042 0.298567 0.306139 0.314913 0.325089 0.336919 0.350726 0.366928 0.386077 0.408902 0.436388 0.469881 0.511251 0.563123 0.629213 0.714751 0.826850 0.974246 1.164776 1.397909 1.654666 1.910521 2.209254 2.783398 4.332445 9.275998 17.623124 9.101930 3.975884 2.240110 1.506469 1.130547 0.909948 0.767223 0.667877 0.594673 0.538202 0.492956 0.455534 0.423752 0.396170 0.371816 0.350028 0.330347 0.312450 0.296102 0.281124 0.267377 0.254745 0.243127 0.232436 0.222590 0.213516 0.205146 0.197419 0.190276 0.183666 0.177541 0.171856 0.166572 0.161653 0.157066 0.152780 0.148769 0.145009 0.141476 0.138150 0.135013 0.132048 0.129239 0.126572 0.124033 0.121611 0.119294 0.117073 0.114938 0.112880 0.110891 0.108965 0.107094 0.105274 0.103498 0.101762 0.100063 0.098395 0.096758 0.095148 0.093563 0.092001
0.071851 0.072691 0.073522 0.074342 0.075150 0.075944 0.076723 0.077487 0.078233 0.078962 0.079672 0.080365 0.081039 0.081695 0.082335 0.082959 0.083568 0.084163 0.084747 0.085322 0.085889 0.086450 0.087009 0.087567 0.088126 0.088690 0.089261 0.089840 0.090431 0.091036 0.091656 0.092295 0.092954 0.093635 0.094340 0.095071 0.095829 0.096617 0.097436 0.098286 0.099171 0.100091 0.101047 0.102040 0.103072 0.104145 0.105257 0.106412 0.107610 0.108851 0.110137 0.111467 0.112844 0.114268 0.115739 0.117259 0.118827 0.120445 0.122114 0.123835 0.125610 0.127439 0.129325 0.131271 0.133279 0.135354 0.137500 0.139724 0.142032 0.144434 0.146941 0.149564 0.152322 0.155231 0.158316 0.161603 0.165124 0.168919 0.173035 0.177528 0.182466 0.187934 0.194033 0.200888 0.208655 0.217529 0.227753 0.239633 0.253556 0.270011 0.289607 0.313094 0.341358 0.375363 0.415984 0.463604 0.517357 0.573986 0.626780 0.665942 0.681885 0.670504 0.635917 0.587724 0.535738 0.486683 0.443837 0.408084 0.379065 0.355929 0.337738 0.323635 0.312899 0.304950 0.299327 0.295671 0.293698 0.293188 0.293971 0.295921 0.298959 0.303058 0.308258 0.314690 0.322596 0.332364 0.344566 0.360001 0.379746 0.405217 0.438193 0.480760 0.534956 0.601749 0.678791 0.756954 0.818274 0.841522 0.816683 0.753812 0.674178 0.595797 0.527862 0.472799 0.429735 0.396746 0.371875 0.353479 0.340284 0.331345 0.325983 0.323730 0.324279 0.327460 0.333213 0.341582 0.352714 0.366860 0.384402 0.405886 0.432079 0.464077 0.503474 0.552660 0.615319 0.697302 0.808131 0.963591 1.189914 1.529048 2.039038 2.773779 3.763959 5.004629 5.660611 4.513080 2.972764 1.976672 1.402946 1.061267 0.845527 0.701646 0.601186 0.528369 0.473961 0.432292 0.399734 0.373879 0.353077 0.336169 0.322318 0.310911 0.301489 0.293704 0.287288 0.282035 0.277782 0.274404 0.271802 0.269900 0.268639 0.267978 0.267885 0.268344 0.269346 0.270892 0.272995 0.275676 0.278966 0.282908 0.287557 0.292986 0.299281 0.306555 0.314946 0.324628 0.335822 0.348805 0.363936 0.381675 0.402622 0.427565 0.457544 0.493942 0.538590 0.593887 0.662867 0.749094 0.856079 0.985867 1.137085 1.305551 1.494691 1.740279 2.142038 2.884001 4.080026 4.861406 3.963487 2.652298 1.803202 1.317117 1.028067 0.844326 0.719819 0.630671 0.563803 0.511638 0.469560 0.434639 0.404952 0.379201 0.356497 0.336218 0.317926 0.301304 0.286120 0.272198 0.259401 0.247616 0.236750 0.226720 0.217453 0.208885 0.200955 0.193608 0.186796 0.180470 0.174591 0.169118 0.164017 0.159255 0.154802 0.150633 0.146722 0.143047 0.139588 0.136326 0.133243 0.130324 0.127555 0.124923 0.122414 0.120019 0.117726 0.115526 0.113411 0.111372 0.109402 0.107495 0.105643 0.103842 0.102087 0.100374 0.098698 0.097056 0.095445 0.093863 0.092308 0.090778
0.071359 0.072181 0.072996 0.073801 0.074595 0.075377 0.076146 0.076901 0.077641 0.078365 0.079074 0.079767 0.080443 0.081105 0.081751 0.082384 0.083004 0.083612 0.084211 0.084802 0.085386 0.085966 0.086543 0.087121 0.087701 0.088285 0.088877 0.089477 0.090089 0.090714 0.091355 0.092013 0.092691 0.093391 0.094115 0.094864 0.095640 0.096446 0.097281 0.098149 0.099050 0.099986 0.100959 0.101969 0.103017 0.104106 0.105235 0.106407 0.107621 0.108880 0.110183 0.111532 0.112927 0.114369 0.115859 0.117397 0.118985 0.120622 0.122310 0.124049 0.125841 0.127688 0.129590 0.131551 0.133573 0.135661 0.137818 0.140052 0.142369 0.144778 0.147291 0.149921 0.152685 0.155603 0.158699 0.162003 0.165550 0.169382 0.173551 0.178120 0.183165 0.188781 0.195085 0.202222 0.210378 0.219786 0.230750 0.243660 0.259030 0.277534 0.300070 0.327821 0.362336 0.405582 0.459874 0.527482 0.609451 0.703001 0.797518 0.872169 0.902356 0.876465 0.806121 0.715937 0.626757 0.549213 0.486098 0.436388 0.397832 0.368136 0.345358 0.327976 0.314831 0.305058 0.298009 0.293203 0.290282 0.288981 0.289114 0.290557 0.293251 0.297206 0.302513 0.309368 0.318099 0.329213 0.343455 0.361898 0.386071 0.418149 0.461212 0.519538 0.598733 0.704947 0.841222 0.997502 1.135563 1.192832 1.134555 0.995528 0.838370 0.701354 0.594595 0.515123 0.456866 0.414312 0.383282 0.360803 0.344807 0.333868 0.327007 0.323564 0.323109 0.325381 0.330260 0.337742 0.347935 0.361065 0.377496 0.397769 0.422671 0.453352 0.491522 0.539791 0.602270 0.685663 0.801347 0.969517 1.227706 1.647707 2.356155 3.443844 4.367475 4.245272 3.635597 2.910690 2.195487 1.634342 1.244291 0.981132 0.801474 0.675598 0.584854 0.517662 0.466721 0.427310 0.396295 0.371537 0.351546 0.335254 0.321886 0.310865 0.301758 0.294233 0.288036 0.282967 0.278871 0.275626 0.273137 0.271330 0.270148 0.269550 0.269506 0.269997 0.271016 0.272562 0.274646 0.277286 0.280509 0.284355 0.288871 0.294119 0.300179 0.307146 0.315139 0.324308 0.334839 0.346964 0.360979 0.377257 0.396272 0.418631 0.445106 0.476677 0.514567 0.560258 0.615449 0.681885 0.761002 0.853429 0.958838 1.077414 1.214341 1.386246 1.622713 1.945486 2.292946 2.439365 2.214064 1.791007 1.400962 1.112664 0.911234 0.769631 0.667303 0.590870 0.531885 0.484969 0.446627 0.414533 0.387103 0.363237 0.342162 0.323326 0.306327 0.290874 0.276747 0.263779 0.251839 0.240821 0.230637 0.221211 0.212478 0.204379 0.196860 0.189872 0.183373 0.177321 0.171678 0.166412 0.161489 0.156883 0.152565 0.148512 0.144703 0.141116 0.137732 0.134536 0.131510 0.128642 0.125916 0.123321 0.120846 0.118481 0.116215 0.114040 0.111947 0.109930 0.107981 0.106093 0.104263 0.102483 0.100749 0.099058 0.097406 0.095788 0.094204 0.092649 0.091123 0.089623
0.070934 0.071742 0.072544 0.073336 0.074120 0.074892 0.075653 0.076401 0.077137 0.077858 0.078566 0.079259 0.079938 0.080604 0.081257 0.081898 0.082528 0.083147 0.083759 0.084363 0.084962 0.085558 0.086152 0.086747 0.087345 0.087947 0.088556 0.089175 0.089805 0.090448 0.091107 0.091783 0.092479 0.093196 0.093937 0.094702 0.095495 0.096317 0.097169 0.098053 0.098971 0.099924 0.100913 0.101939 0.103005 0.104111 0.105259 0.106449 0.107682 0.108960 0.110284 0.111654 0.113070 0.114534 0.116047 0.117608 0.119218 0.120879 0.122590 0.124353 0.126168 0.128037 0.129961 0.131942 0.133983 0.136088 0.138261 0.140507 0.142835 0.145253 0.147772 0.150408 0.153177 0.156100 0.159202 0.162516 0.166078 0.169935 0.174142 0.178767 0.183896 0.189633 0.196109 0.203490 0.211988 0.221879 0.233525 0.247405 0.264169 0.284706 0.310249 0.342537 0.384035 0.438246 0.510056 0.605890 0.732810 0.894288 1.078641 1.241589 1.310672 1.245636 1.086747 0.906477 0.749118 0.626365 0.534765 0.467268 0.417471 0.380507 0.352896 0.332196 0.316698 0.305196 0.296833 0.290997 0.287249 0.285281 0.284881 0.285924 0.288363 0.292234 0.297666 0.304911 0.314374 0.326677 0.342743 0.363943 0.392329 0.431015 0.484839 0.561454 0.673050 0.838429 1.082356 1.418180 1.781249 1.955990 1.780724 1.417171 1.080950 0.836760 0.671308 0.559887 0.483765 0.430827 0.393500 0.367029 0.348383 0.335593 0.327363 0.322839 0.321467 0.322903 0.326968 0.333614 0.342913 0.355064 0.370407 0.389468 0.413026 0.442240 0.478853 0.525563 0.586694 0.669491 0.786844 0.963578 1.253117 1.789770 2.989711 6.376024 11.937164 6.712918 3.547265 2.400174 1.792419 1.387343 1.101294 0.897353 0.750622 0.643471 0.563794 0.503430 0.456885 0.420417 0.391447 0.368158 0.349252 0.333786 0.321059 0.310548 0.301852 0.294665 0.288748 0.283914 0.280016 0.276939 0.274591 0.272902 0.271818 0.271300 0.271317 0.271853 0.272898 0.274453 0.276525 0.279131 0.282295 0.286049 0.290437 0.295511 0.301339 0.308001 0.315599 0.324255 0.334122 0.345389 0.358288 0.373112 0.390223 0.410069 0.433204 0.460295 0.492131 0.529599 0.573628 0.625064 0.684510 0.752193 0.828123 0.912869 1.008910 1.121305 1.254477 1.400836 1.523147 1.557423 1.468367 1.294217 1.102355 0.933724 0.798936 0.694536 0.613745 0.550402 0.499802 0.458547 0.424229 0.395140 0.370058 0.348105 0.328640 0.311194 0.295419 0.281054 0.267901 0.255807 0.244650 0.234333 0.224774 0.215905 0.207665 0.200002 0.192867 0.186218 0.180016 0.174224 0.168810 0.163743 0.158996 0.154541 0.150357 0.146421 0.142713 0.139215 0.135909 0.132781 0.129815 0.126998 0.124318 0.121764 0.119325 0.116992 0.114756 0.112607 0.110540 0.108546 0.106620 0.104754 0.102945 0.101188 0.099476 0.097808 0.096179 0.094586 0.093027 0.091499 0.089999 0.088528
0.070572 0.071369 0.072160 0.072944 0.073719 0.074484 0.075239 0.075983 0.076714 0.077434 0.078141 0.078836 0.079518 0.080189 0.080848 0.081496 0.082134 0.082764 0.083386 0.084002 0.084614 0.085224 0.085832 0.086442 0.087055 0.087673 0.088298 0.088932 0.089578 0.090237 0.090911 0.091603 0.092315 0.093048 0.093804 0.094586 0.095394 0.096232 0.097099 0.097999 0.098933 0.099902 0.100908 0.101953 0.103037 0.104161 0.105328 0.106539 0.107793 0.109093 0.110440 0.111833 0.113275 0.114765 0.116304 0.117893 0.119532 0.121221 0.122961 0.124753 0.126597 0.128494 0.130445 0.132452 0.134518 0.136644 0.138836 0.141099 0.143441 0.145869 0.148396 0.151036 0.153806 0.156729 0.159831 0.163145 0.166710 0.170576 0.174802 0.179460 0.184644 0.190465 0.197069 0.204638 0.213411 0.223700 0.235922 0.250642 0.268643 0.291029 0.319398 0.356109 0.404741 0.470854 0.563263 0.696036 0.890891 1.176461 1.568162 1.991127 2.195779 1.994943 1.575805 1.187952 0.906264 0.715336 0.586551 0.498205 0.436247 0.391883 0.359574 0.335764 0.318121 0.305080 0.295570 0.288850 0.284405 0.281881 0.281044 0.281763 0.283998 0.287800 0.293330 0.300879 0.310917 0.324160 0.341693 0.365161 0.397118 0.441643 0.505522 0.600592 0.748650 0.992038 1.415466 2.172645 3.354554 4.142615 3.354423 2.172424 1.415238 0.991929 0.748836 0.601301 0.507040 0.444318 0.401363 0.371454 0.350579 0.336249 0.326880 0.321446 0.319284 0.319982 0.323308 0.329175 0.337622 0.348816 0.363069 0.380872 0.402969 0.430470 0.465057 0.509347 0.567559 0.646863 0.760323 0.934181 1.229065 1.817626 3.391563 11.554119 11.644499 11.714604 3.667384 2.141622 1.543048 1.205655 0.979892 0.818025 0.698479 0.608592 0.539981 0.486863 0.445186 0.412083 0.385501 0.363953 0.346348 0.331876 0.319924 0.310029 0.301831 0.295051 0.289471 0.284918 0.281257 0.278379 0.276199 0.274652 0.273685 0.273262 0.273356 0.273948 0.275032 0.276606 0.278677 0.281259 0.284373 0.288048 0.292320 0.297234 0.302845 0.309221 0.316441 0.324606 0.333834 0.344272 0.356097 0.369526 0.384825 0.402311 0.422364 0.445422 0.471976 0.502539 0.537603 0.577562 0.622643 0.672872 0.728174 0.788627 0.854649 0.926503 1.002145 1.073271 1.122529 1.128942 1.083100 0.996604 0.892665 0.790738 0.700657 0.624925 0.562472 0.511087 0.468518 0.432850 0.402567 0.376504 0.353777 0.333721 0.315831 0.299725 0.285113 0.271770 0.259523 0.248237 0.237803 0.228131 0.219149 0.210794 0.203012 0.195755 0.188981 0.182651 0.176730 0.171187 0.165992 0.161118 0.156540 0.152235 0.148183 0.144362 0.140755 0.137346 0.134119 0.131060 0.128155 0.125392 0.122760 0.120249 0.117849 0.115550 0.113345 0.111225 0.109184 0.107216 0.105314 0.103472 0.101686 0.099951 0.098262 0.096617 0.095012 0.093443 0.091908 0.090405 0.088932 0.087487
0.070271 0.071060 0.071843 0.072620 0.073389 0.074149 0.074899 0.075640 0.076370 0.077089 0.077797 0.078494 0.079179 0.079854 0.080518 0.081173 0.081819 0.082457 0.083089 0.083716 0.084339 0.084960 0.085581 0.086204 0.086830 0.087461 0.088099 0.088747 0.089407 0.090080 0.090768 0.091474 0.092200 0.092947 0.093717 0.094513 0.095336 0.096189 0.097072 0.097987 0.098937 0.099923 0.100947 0.102009 0.103112 0.104257 0.105445 0.106677 0.107955 0.109280 0.110652 0.112073 0.113543 0.115064 0.116634 0.118255 0.119928 0.121652 0.123427 0.125254 0.127134 0.129066 0.131051 0.133090 0.135186 0.137340 0.139557 0.141841 0.144199 0.146640 0.149175 0.151818 0.154587 0.157504 0.160597 0.163900 0.167455 0.171311 0.175532 0.180196 0.185398 0.191260 0.197936 0.205624 0.214582 0.225152 0.237797 0.253153 0.272118 0.295986 0.326685 0.367169 0.422150 0.499460 0.612775 0.787293 1.071999 1.564924 2.443976 3.814449 4.728731 3.818048 2.451183 1.575759 1.086493 0.805488 0.634725 0.525237 0.451839 0.400874 0.364532 0.338125 0.318725 0.304439 0.294009 0.286583 0.281581 0.278610 0.277420 0.277871 0.279926 0.283646 0.289210 0.296936 0.307334 0.321187 0.339689 0.364682 0.399088 0.447727 0.518976 0.628391 0.807460 1.127464 1.775833 3.351824 8.081198 15.963974 8.081388 3.352243 1.776557 1.128611 0.809188 0.630908 0.522535 0.452635 0.405702 0.373415 0.351006 0.335604 0.325417 0.319299 0.316510 0.316589 0.319263 0.324414 0.332051 0.342307 0.355456 0.371942 0.392438 0.417957 0.450026 0.491000 0.544652 0.617324 0.720404 0.876254 1.134337 1.622950 2.750335 6.032813 11.463732 6.117221 2.899937 1.807858 1.325614 1.053739 0.874132 0.744891 0.647825 0.573220 0.515004 0.469031 0.432345 0.402795 0.378796 0.359164 0.343010 0.329656 0.318584 0.309391 0.301762 0.295449 0.290257 0.286028 0.282639 0.279991 0.278005 0.276620 0.275790 0.275479 0.275663 0.276326 0.277460 0.279066 0.281149 0.283722 0.286802 0.290415 0.294591 0.299368 0.304789 0.310908 0.317788 0.325504 0.334144 0.343814 0.354642 0.366780 0.380408 0.395739 0.413019 0.432521 0.454534 0.479342 0.507186 0.538224 0.572493 0.609885 0.650174 0.693038 0.737961 0.783778 0.827731 0.864384 0.885718 0.883919 0.856071 0.806626 0.744871 0.680106 0.618644 0.563524 0.515526 0.474251 0.438836 0.408335 0.381877 0.358726 0.338280 0.320061 0.303688 0.288863 0.275352 0.262970 0.251571 0.241036 0.231272 0.222198 0.213751 0.205873 0.198517 0.191640 0.185203 0.179174 0.173520 0.168214 0.163229 0.158541 0.154127 0.149968 0.146043 0.142337 0.138831 0.135511 0.132363 0.129373 0.126530 0.123823 0.121241 0.118774 0.116413 0.114150 0.111978 0.109889 0.107877 0.105935 0.104058 0.102241 0.100479 0.098767 0.097102 0.095480 0.093898 0.092353 0.090842 0.089364 0.087916 0.086497
0.070028 0.070811 0.071589 0.072361 0.073126 0.073883 0.074631 0.075370 0.076100 0.076820 0.077529 0.078228 0.078917 0.079596 0.080266 0.080927 0.081580 0.082226 0.082866 0.083502 0.084135 0.084766 0.085397 0.086030 0.086667 0.087310 0.087960 0.088620 0.089291 0.089976 0.090676 0.091395 0.092133 0.092893 0.093676 0.094485 0.095322 0.096188 0.097086 0.098017 0.098983 0.099986 0.101027 0.102108 0.103231 0.104397 0.105608 0.106865 0.108169 0.109521 0.110923 0.112375 0.113878 0.115433 0.117040 0.118699 0.120411 0.122176 0.123994 0.125864 0.127786 0.129760 0.131787 0.133866 0.136000 0.138189 0.140436 0.142747 0.145126 0.147582 0.150125 0.152770 0.155534 0.158440 0.161516 0.164796 0.168323 0.172149 0.176340 0.180975 0.186156 0.192008 0.198691 0.206415 0.215449 0.226157 0.239031 0.254756 0.274305 0.299108 0.331325 0.374348 0.433757 0.519238 0.648783 0.858820 1.231843 1.984796 3.811363 9.288071 18.414922 9.291464 3.818159 1.995012 1.245506 0.875969 0.669468 0.543523 0.461722 0.406089 0.366960 0.338781 0.318185 0.303045 0.291975 0.284048 0.278640 0.275334 0.273867 0.274093 0.275975 0.279579 0.285090 0.292836 0.303344 0.317417 0.336289 0.361869 0.397215 0.447424 0.521489 0.636489 0.828164 1.182062 1.947822 4.137091 15.961163 15.961252 15.961613 4.138024 1.949309 1.184209 0.831116 0.640428 0.526641 0.454055 0.405637 0.372435 0.349395 0.333502 0.322884 0.316347 0.313119 0.312713 0.314834 0.319339 0.326212 0.335552 0.347588 0.362703 0.381480 0.404788 0.433925 0.470855 0.518640 0.582239 0.670082 0.797344 0.993028 1.314596 1.865765 2.706160 3.273007 2.754280 1.953111 1.426747 1.114832 0.916676 0.779327 0.677870 0.599967 0.538781 0.490039 0.450818 0.419002 0.393016 0.371666 0.354037 0.339422 0.327271 0.317153 0.308728 0.301726 0.295930 0.291168 0.287300 0.284216 0.281825 0.280057 0.278856 0.278180 0.277998 0.278287 0.279034 0.280233 0.281885 0.283995 0.286576 0.289643 0.293218 0.297326 0.301997 0.307267 0.313176 0.319770 0.327100 0.335228 0.344223 0.354166 0.365151 0.377287 0.390703 0.405539 0.421950 0.440091 0.460103 0.482086 0.506074 0.532005 0.559700 0.588850 0.618970 0.649290 0.678510 0.704465 0.723937 0.733067 0.728625 0.709637 0.678133 0.638325 0.594897 0.551623 0.510874 0.473783 0.440647 0.411297 0.385351 0.362367 0.341914 0.323609 0.307125 0.292188 0.278574 0.266101 0.254622 0.244014 0.234180 0.225038 0.216520 0.208569 0.201136 0.194177 0.187655 0.181537 0.175791 0.170390 0.165309 0.160524 0.156014 0.151760 0.147741 0.143943 0.140347 0.136941 0.133709 0.130640 0.127721 0.124941 0.122289 0.119758 0.117336 0.115017 0.112791 0.110654 0.108596 0.106614 0.104699 0.102849 0.101057 0.099319 0.097631 0.095990 0.094391 0.092833 0.091311 0.089824 0.088370 0.086946 0.085551
0.069842 0.070621 0.071396 0.072165 0.072928 0.073684 0.074432 0.075171 0.075902 0.076623 0.077334 0.078037 0.078729 0.079413 0.080088 0.080754 0.081414 0.082067 0.082714 0.083358 0.083999 0.084638 0.085278 0.085921 0.086567 0.087219 0.087879 0.088548 0.089229 0.089925 0.090636 0.091365 0.092114 0.092885 0.093680 0.094501 0.095351 0.096231 0.097143 0.098089 0.099071 0.100091 0.101150 0.102251 0.103395 0.104584 0.105819 0.107102 0.108435 0.109818 0.111252 0.112739 0.114280 0.115875 0.117524 0.119228 0.120987 0.122800 0.124668 0.126588 0.128562 0.130588 0.132666 0.134794 0.136974 0.139206 0.141492 0.143836 0.146241 0.148715 0.151269 0.153915 0.156671 0.159559 0.162608 0.165851 0.169333 0.173106 0.177238 0.181810 0.186924 0.192709 0.199329 0.206995 0.215985 0.226669 0.239549 0.255329 0.275010 0.300068 0.332749 0.376609 0.437554 0.525995 0.661692 0.886006 1.297951 2.186492 4.722700 18.411982 18.413547 18.415182 4.729106 2.196122 1.310827 0.902163 0.681175 0.548861 0.463876 0.406475 0.366270 0.337378 0.316271 0.300738 0.289345 0.281140 0.275484 0.271953 0.270279 0.270316 0.272023 0.275466 0.280827 0.288427 0.298777 0.312661 0.331267 0.356430 0.391063 0.439974 0.511528 0.621270 0.800675 1.121012 1.769703 3.345998 8.075651 15.958676 8.076307 3.347341 1.771796 1.123951 0.804586 0.626317 0.517908 0.447919 0.400842 0.368346 0.345658 0.329898 0.319260 0.312585 0.309117 0.308368 0.310040 0.313976 0.320137 0.328592 0.339522 0.353240 0.370225 0.391180 0.417136 0.449602 0.490831 0.544250 0.615175 0.711923 0.847122 1.037127 1.289974 1.559810 1.697170 1.589192 1.344307 1.108978 0.928177 0.794857 0.694669 0.617134 0.555689 0.506206 0.465932 0.432914 0.405694 0.383155 0.364423 0.348810 0.335770 0.324866 0.315750 0.308140 0.301808 0.296569 0.292274 0.288800 0.286048 0.283940 0.282412 0.281414 0.280910 0.280871 0.281280 0.282126 0.283405 0.285118 0.287274 0.289883 0.292961 0.296527 0.300603 0.305213 0.310383 0.316144 0.322524 0.329557 0.337277 0.345718 0.354921 0.364926 0.375782 0.387543 0.400269 0.414026 0.428878 0.444877 0.462047 0.480360 0.499720 0.519932 0.540681 0.561486 0.581629 0.600052 0.615269 0.625409 0.628519 0.623153 0.608982 0.587055 0.559488 0.528784 0.497194 0.466374 0.437333 0.410557 0.386176 0.364113 0.344180 0.326154 0.309807 0.294926 0.281325 0.268842 0.257339 0.246701 0.236832 0.227650 0.219087 0.211086 0.203598 0.196578 0.189991 0.183802 0.177981 0.172502 0.167341 0.162474 0.157880 0.153542 0.149440 0.145559 0.141882 0.138396 0.135087 0.131943 0.128952 0.126103 0.123385 0.120791 0.118310 0.115935 0.113657 0.111471 0.109368 0.107344 0.105391 0.103506 0.101682 0.099916 0.098203 0.096540 0.094922 0.093347 0.091812 0.090313 0.088850 0.087419 0.086019 0.084648
0.069710 0.070488 0.071262 0.072031 0.072794 0.073550 0.074299 0.075040 0.075773 0.076497 0.077212 0.077917 0.078614 0.079303 0.079982 0.080655 0.081320 0.081979 0.082633 0.083283 0.083931 0.084577 0.085225 0.085874 0.086528 0.087187 0.087855 0.088532 0.089222 0.089926 0.090645 0.091383 0.092142 0.092923 0.093729 0.094561 0.095423 0.096315 0.097241 0.098202 0.099200 0.100237 0.101316 0.102437 0.103603 0.104817 0.106078 0.107390 0.108754 0.110171 0.111642 0.113169 0.114752 0.116392 0.118090 0.119846 0.121659 0.123529 0.125456 0.127437 0.129473 0.131561 0.133700 0.135889 0.138126 0.140411 0.142745 0.145130 0.147568 0.150066 0.152633 0.155281 0.158026 0.160890 0.163900 0.167093 0.170510 0.174206 0.178248 0.182718 0.187717 0.193376 0.199857 0.207370 0.216188 0.226677 0.239330 0.254834 0.274164 0.298749 0.330751 0.373564 0.432766 0.518043 0.647389 0.857230 1.230060 1.982823 3.809202 9.285721 18.412384 9.288737 3.815239 1.991896 1.242189 0.872443 0.665725 0.539553 0.457513 0.401630 0.362236 0.333778 0.312890 0.297444 0.286055 0.277799 0.272054 0.268405 0.266590 0.266466 0.267992 0.271228 0.276341 0.283632 0.293574 0.306883 0.324633 0.348457 0.380887 0.425978 0.490491 0.586236 0.734986 0.979060 1.403149 2.160950 3.343429 4.131999 3.344248 2.162615 1.405716 0.982613 0.739639 0.592132 0.497801 0.434906 0.391662 0.361340 0.339910 0.324867 0.314601 0.308059 0.304541 0.303591 0.304919 0.308366 0.313877 0.321491 0.331344 0.343676 0.358859 0.377429 0.400147 0.428082 0.462736 0.506205 0.561352 0.631851 0.721597 0.832125 0.955737 1.065190 1.116399 1.084277 0.991562 0.880634 0.778031 0.691710 0.621021 0.563190 0.515582 0.476136 0.443291 0.415845 0.392854 0.373558 0.357341 0.343702 0.332230 0.322587 0.314497 0.307731 0.302101 0.297450 0.293651 0.290598 0.288205 0.286402 0.285134 0.284358 0.284041 0.284161 0.284704 0.285662 0.287035 0.288828 0.291049 0.293711 0.296829 0.300422 0.304509 0.309111 0.314247 0.319938 0.326200 0.333048 0.340492 0.348537 0.357181 0.366417 0.376237 0.386626 0.397577 0.409083 0.421143 0.433756 0.446906 0.460551 0.474601 0.488891 0.503158 0.517007 0.529876 0.540998 0.549406 0.554003 0.553756 0.547972 0.536550 0.520085 0.499726 0.476886 0.452934 0.428988 0.405832 0.383940 0.363545 0.344710 0.327393 0.311497 0.296901 0.283475 0.271098 0.259656 0.249051 0.239193 0.230009 0.221432 0.213408 0.205888 0.198830 0.192196 0.185955 0.180078 0.174537 0.169310 0.164375 0.159711 0.155300 0.151126 0.147171 0.143422 0.139864 0.136484 0.133271 0.130212 0.127298 0.124519 0.121864 0.119326 0.116897 0.114569 0.112334 0.110186 0.108120 0.106129 0.104207 0.102351 0.100555 0.098816 0.097128 0.095489 0.093895 0.092344 0.090831 0.089356 0.087916 0.086507 0.085130 0.083782
0.069632 0.070411 0.071186 0.071957 0.072722 0.073480 0.074232 0.074976 0.075712 0.076440 0.077159 0.077869 0.078571 0.079264 0.079949 0.080626 0.081297 0.081961 0.082621 0.083276 0.083930 0.084582 0.085235 0.085890 0.086550 0.087215 0.087889 0.088573 0.089269 0.089979 0.090706 0.091451 0.092218 0.093007 0.093823 0.094665 0.095538 0.096442 0.097381 0.098357 0.099371 0.100425 0.101523 0.102666 0.103856 0.105095 0.106386 0.107729 0.109127 0.110581 0.112093 0.113665 0.115296 0.116988 0.118742 0.120557 0.122433 0.124370 0.126366 0.128419 0.130529 0.132692 0.134906 0.137168 0.139475 0.141827 0.144221 0.146657 0.149138 0.151666 0.154251 0.156901 0.159633 0.162466 0.165429 0.168555 0.171888 0.175481 0.179400 0.183727 0.188564 0.194035 0.200300 0.207562 0.216084 0.226211 0.238410 0.253321 0.271843 0.295274 0.325541 0.365601 0.420166 0.497068 0.609982 0.784107 1.068426 1.560969 2.439643 3.809739 4.723644 3.812581 2.445331 1.569514 1.079844 0.798420 0.627222 0.517278 0.443400 0.391930 0.355054 0.328085 0.308094 0.293188 0.282111 0.274017 0.268329 0.264660 0.262765 0.262507 0.263844 0.266828 0.271608 0.278449 0.287767 0.300180 0.316601 0.338375 0.367520 0.407112 0.461944 0.539629 0.652317 0.818773 1.063736 1.400529 1.764485 1.940013 1.765428 1.402442 1.066667 0.822797 0.657533 0.546162 0.469944 0.416752 0.379001 0.351918 0.332449 0.318597 0.309032 0.302857 0.299463 0.298442 0.299528 0.302567 0.307495 0.314327 0.323155 0.334153 0.347591 0.363851 0.383453 0.407094 0.435674 0.470318 0.512305 0.562813 0.622182 0.688346 0.754453 0.807472 0.832071 0.820631 0.779456 0.722872 0.663402 0.607899 0.558813 0.516382 0.480030 0.448994 0.422534 0.399997 0.380817 0.364508 0.350657 0.338910 0.328966 0.320573 0.313515 0.307608 0.302701 0.298662 0.295385 0.292777 0.290765 0.289288 0.288298 0.287759 0.287644 0.287937 0.288626 0.289711 0.291193 0.293082 0.295389 0.298130 0.301323 0.304985 0.309136 0.313794 0.318976 0.324694 0.330955 0.337760 0.345097 0.352941 0.361254 0.369979 0.379048 0.388381 0.397899 0.407531 0.417223 0.426936 0.436648 0.446332 0.455940 0.465373 0.474456 0.482915 0.490358 0.496269 0.500035 0.501006 0.498612 0.492501 0.482655 0.469425 0.453474 0.435638 0.416769 0.397613 0.378748 0.360574 0.343330 0.327134 0.312018 0.297959 0.284901 0.272774 0.261502 0.251009 0.241225 0.232086 0.223534 0.215517 0.207992 0.200918 0.194260 0.187986 0.182069 0.176483 0.171206 0.166216 0.161494 0.157023 0.152786 0.148768 0.144954 0.141332 0.137889 0.134613 0.131492 0.128518 0.125680 0.122969 0.120377 0.117896 0.115518 0.113236 0.111045 0.108936 0.106906 0.104949 0.103060 0.101233 0.099465 0.097752 0.096090 0.094476 0.092906 0.091378 0.089889 0.088436 0.087018 0.085632 0.084277 0.082951
0.069607 0.070389 0.071168 0.071942 0.072711 0.073474 0.074230 0.074979 0.075720 0.076453 0.077177 0.077892 0.078599 0.079297 0.079987 0.080670 0.081345 0.082014 0.082678 0.083339 0.083996 0.084653 0.085310 0.085970 0.086633 0.087303 0.087981 0.088669 0.089369 0.090085 0.090817 0.091568 0.092341 0.093138 0.093961 0.094813 0.095696 0.096612 0.097563 0.098553 0.099583 0.100655 0.101773 0.102938 0.104153 0.105420 0.106741 0.108118 0.109554 0.111050 0.112607 0.114228 0.115914 0.117665 0.119482 0.121366 0.123315 0.125329 0.127407 0.129546 0.131744 0.133996 0.136300 0.138652 0.141046 0.143480 0.145948 0.148450 0.150985 0.153554 0.156162 0.158818 0.161536 0.164334 0.167238 0.170283 0.173509 0.176972 0.180735 0.184878 0.189501 0.194724 0.200699 0.207618 0.215725 0.225338 0.236881 0.250923 0.268251 0.289973 0.317688 0.353757 0.401759 0.467255 0.559060 0.691239 0.885511 1.170506 1.561638 1.984035 2.188120 1.986712 1.566995 1.178550 0.896253 0.704695 0.575253 0.486218 0.423535 0.378404 0.345284 0.320618 0.302070 0.288079 0.277576 0.269827 0.264324 0.260723 0.258800 0.258430 0.259573 0.262271 0.266648 0.272928 0.281459 0.292747 0.307518 0.326808 0.352094 0.385492 0.430016 0.489882 0.570637 0.678384 0.816122 0.973765 1.113066 1.171434 1.114104 0.975865 0.819326 0.682757 0.576267 0.496878 0.438507 0.395630 0.364049 0.340768 0.323690 0.311352 0.302729 0.297105 0.293977 0.292997 0.293934 0.296646 0.301065 0.307185 0.315063 0.324815 0.336621 0.350733 0.367478 0.387265 0.410569 0.437891 0.469634 0.505858 0.545805 0.587219 0.625715 0.655017 0.668955 0.664646 0.644202 0.613179 0.577495 0.541460 0.507485 0.476620 0.449153 0.425001 0.403925 0.385635 0.369832 0.356229 0.344566 0.334603 0.326128 0.318955 0.312920 0.307879 0.303708 0.300301 0.297565 0.295424 0.293814 0.292682 0.291988 0.291701 0.291802 0.292278 0.293126 0.294349 0.295954 0.297956 0.300372 0.303221 0.306524 0.310303 0.314579 0.319371 0.324693 0.330557 0.336962 0.343899 0.351339 0.359232 0.367501 0.376038 0.384707 0.393352 0.401811 0.409937 0.417620 0.424797 0.431457 0.437623 0.443322 0.448556 0.453265 0.457308 0.460450 0.462373 0.462696 0.461029 0.457046 0.450552 0.441550 0.430254 0.417058 0.402470 0.387030 0.371237 0.355505 0.340146 0.325371 0.311309 0.298020 0.285522 0.273798 0.262814 0.252527 0.242889 0.233851 0.225368 0.217396 0.209896 0.202831 0.196170 0.189883 0.183944 0.178329 0.173016 0.167985 0.163218 0.158698 0.154410 0.150338 0.146470 0.142791 0.139291 0.135959 0.132782 0.129753 0.126861 0.124097 0.121454 0.118924 0.116498 0.114172 0.111937 0.109788 0.107720 0.105727 0.103803 0.101946 0.100149 0.098410 0.096724 0.095087 0.093498 0.091952 0.090447 0.088981 0.087551 0.086155 0.084791 0.083457 0.082152
0.069634 0.070422 0.071206 0.071986 0.072761 0.073530 0.074293 0.075048 0.075795 0.076534 0.077265 0.077986 0.078699 0.079403 0.080098 0.080785 0.081465 0.082139 0.082807 0.083470 0.084131 0.084791 0.085451 0.086113 0.086779 0.087451 0.088131 0.088822 0.089525 0.090244 0.090979 0.091735 0.092513 0.093316 0.094145 0.095005 0.095897 0.096823 0.097787 0.098790 0.099836 0.100927 0.102065 0.103254 0.104495 0.105791 0.107145 0.108559 0.110035 0.111577 0.113185 0.114861 0.116607 0.118425 0.120315 0.122277 0.124311 0.126415 0.128589 0.130829 0.133131 0.135491 0.137905 0.140365 0.142866 0.145402 0.147965 0.150550 0.153155 0.155777 0.158418 0.161085 0.163789 0.166547 0.169383 0.172329 0.175428 0.178731 0.182302 0.186220 0.190578 0.195494 0.201108 0.207598 0.215186 0.224155 0.234876 0.247835 0.263686 0.283322 0.307980 0.339400 0.380049 0.433429 0.504426 0.599462 0.725599 0.886304 1.069893 1.232082 1.300405 1.234604 1.074939 0.893876 0.735701 0.612103 0.519619 0.451195 0.400419 0.362418 0.333706 0.311839 0.295103 0.282296 0.272564 0.265303 0.260087 0.256622 0.254713 0.254252 0.255199 0.257585 0.261511 0.267158 0.274799 0.284829 0.297792 0.314432 0.335751 0.363070 0.398077 0.442766 0.499095 0.567964 0.646975 0.726959 0.789924 0.814625 0.791033 0.729195 0.650377 0.572589 0.505019 0.450083 0.406900 0.373529 0.347991 0.328616 0.314093 0.303432 0.295898 0.290949 0.288192 0.287345 0.288215 0.290677 0.294662 0.300153 0.307174 0.315794 0.326123 0.338308 0.352534 0.369007 0.387928 0.409440 0.433524 0.459833 0.487452 0.514653 0.538806 0.556732 0.565629 0.564220 0.553311 0.535315 0.513165 0.489401 0.465802 0.443429 0.422824 0.404202 0.387593 0.372924 0.360072 0.348891 0.339226 0.330926 0.323848 0.317856 0.312828 0.308653 0.305229 0.302469 0.300296 0.298643 0.297454 0.296685 0.296302 0.296282 0.296609 0.297279 0.298293 0.299663 0.301404 0.303535 0.306081 0.309068 0.312523 0.316473 0.320943 0.325956 0.331532 0.337682 0.344407 0.351692 0.359500 0.367758 0.376354 0.385124 0.393849 0.402273 0.410117 0.417128 0.423119 0.428001 0.431797 0.434620 0.436621 0.437946 0.438680 0.438824 0.438285 0.436888 0.434405 0.430597 0.425259 0.418271 0.409629 0.399453 0.387980 0.375519 0.362414 0.348994 0.335552 0.322320 0.309469 0.297117 0.285331 0.274144 0.263563 0.253575 0.244158 0.235283 0.226917 0.219029 0.211587 0.204559 0.197918 0.191639 0.185696 0.180067 0.174733 0.169675 0.164876 0.160318 0.155989 0.151873 0.147958 0.144232 0.140683 0.137300 0.134074 0.130995 0.128053 0.125241 0.122550 0.119974 0.117504 0.115134 0.112858 0.110670 0.108564 0.106535 0.104579 0.102690 0.100864 0.099098 0.097387 0.095728 0.094117 0.092553 0.091031 0.089549 0.088105 0.086697 0.085323 0.083980 0.082668 0.081384
0.069714 0.070510 0.071302 0.072090 0.072873 0.073650 0.074421 0.075184 0.075940 0.076686 0.077424 0.078153 0.078872 0.079581 0.080282 0.080974 0.081658 0.082336 0.083007 0.083673 0.084336 0.084997 0.085658 0.086321 0.086987 0.087660 0.088341 0.089032 0.089736 0.090456 0.091194 0.091952 0.092733 0.093540 0.094375 0.095241 0.096140 0.097076 0.098052 0.099069 0.100130 0.101239 0.102399 0.103611 0.104880 0.106207 0.107596 0.109050 0.110571 0.112162 0.113826 0.115564 0.117378 0.119271 0.121243 0.123295 0.125426 0.127636 0.129921 0.132280 0.134707 0.137197 0.139743 0.142337 0.144969 0.147631 0.150313 0.153005 0.155701 0.158393 0.161082 0.163768 0.166461 0.169175 0.171932 0.174764 0.177711 0.180824 0.184166 0.187814 0.191858 0.196408 0.201595 0.207579 0.214560 0.222781 0.232557 0.244286 0.258487 0.275843 0.297251 0.323899 0.357337 0.399529 0.452792 0.519393 0.600373 0.692951 0.786506 0.860201 0.889433 0.862580 0.791262 0.700081 0.609876 0.531266 0.467037 0.416153 0.376355 0.345337 0.321152 0.302269 0.287526 0.276056 0.267219 0.260543 0.255686 0.252407 0.250547 0.250009 0.250761 0.252823 0.256271 0.261245 0.267952 0.276680 0.287816 0.301859 0.319435 0.341293 0.368257 0.401075 0.440074 0.484504 0.531550 0.575417 0.607645 0.619954 0.608802 0.577747 0.535086 0.489297 0.446190 0.408596 0.377281 0.351930 0.331811 0.316112 0.304093 0.295137 0.288748 0.284541 0.282224 0.281580 0.282452 0.284734 0.288362 0.293309 0.299578 0.307201 0.316232 0.326745 0.338822 0.352538 0.367934 0.384967 0.403448 0.422939 0.442656 0.461393 0.477573 0.489487 0.495733 0.495673 0.489648 0.478808 0.464687 0.448784 0.432307 0.416112 0.400743 0.386509 0.373562 0.361949 0.351651 0.342615 0.334763 0.328004 0.322245 0.317392 0.313353 0.310041 0.307375 0.305280 0.303690 0.302546 0.301800 0.301413 0.301357 0.301614 0.302176 0.303045 0.304232 0.305755 0.307639 0.309913 0.312610 0.315766 0.319415 0.323594 0.328337 0.333674 0.339634 0.346236 0.353490 0.361388 0.369895 0.378928 0.388344 0.397919 0.407331 0.416176 0.423998 0.430366 0.434963 0.437659 0.438542 0.437881 0.436036 0.433363 0.430138 0.426517 0.422531 0.418108 0.413111 0.407375 0.400750 0.393137 0.384509 0.374918 0.364494 0.353418 0.341902 0.330161 0.318393 0.306765 0.295409 0.284419 0.273860 0.263767 0.254156 0.245028 0.236373 0.228173 0.220409 0.213057 0.206094 0.199498 0.193246 0.187317 0.181692 0.176352 0.171279 0.166459 0.161876 0.157515 0.153365 0.149413 0.145646 0.142055 0.138630 0.135359 0.132236 0.129250 0.126393 0.123659 0.121039 0.118527 0.116117 0.113802 0.111576 0.109434 0.107371 0.105382 0.103462 0.101607 0.099813 0.098077 0.096395 0.094763 0.093178 0.091638 0.090140 0.088681 0.087260 0.085873 0.084520 0.083199 0.081907 0.080643
0.069847 0.070653 0.071455 0.072253 0.073047 0.073835 0.074616 0.075389 0.076154 0.076910 0.077657 0.078393 0.079119 0.079836 0.080542 0.081239 0.081927 0.082608 0.083281 0.083949 0.084612 0.085273 0.085934 0.086596 0.087261 0.087932 0.088611 0.089301 0.090004 0.090723 0.091461 0.092219 0.093002 0.093811 0.094650 0.095521 0.096427 0.097372 0.098358 0.099388 0.100465 0.101592 0.102773 0.104011 0.105308 0.106669 0.108095 0.109592 0.111161 0.112807 0.114531 0.116337 0.118228 0.120205 0.122271 0.124425 0.126668 0.128999 0.131416 0.133914 0.136490 0.139135 0.141841 0.144598 0.147393 0.150214 0.153045 0.155874 0.158688 0.161475 0.164229 0.166948 0.169635 0.172303 0.174972 0.177671 0.180440 0.183330 0.186404 0.189736 0.193413 0.197540 0.202237 0.207650 0.213950 0.221346 0.230095 0.240513 0.252995 0.268035 0.286248 0.308384 0.335329 0.368050 0.407418 0.453814 0.506368 0.561818 0.613448 0.651454 0.666243 0.653701 0.617938 0.568542 0.515316 0.464972 0.420773 0.383592 0.353055 0.328299 0.308371 0.292405 0.279673 0.269591 0.261704 0.255662 0.251205 0.248145 0.246352 0.245751 0.246311 0.248045 0.251009 0.255304 0.261079 0.268534 0.277926 0.289567 0.303815 0.321044 0.341575 0.365541 0.392658 0.421886 0.451073 0.476818 0.494959 0.501885 0.496146 0.479206 0.454692 0.426780 0.398884 0.373170 0.350691 0.331744 0.316206 0.303767 0.294059 0.286731 0.281473 0.278027 0.276188 0.275793 0.276722 0.278888 0.282234 0.286727 0.292356 0.299123 0.307047 0.316149 0.326444 0.337928 0.350555 0.364202 0.378630 0.393434 0.408006 0.421526 0.433027 0.441536 0.446294 0.446953 0.443667 0.437028 0.427886 0.417143 0.405605 0.393910 0.382521 0.371749 0.361785 0.352732 0.344633 0.337489 0.331273 0.325938 0.321426 0.317672 0.314606 0.312161 0.310266 0.308858 0.307877 0.307268 0.306989 0.307004 0.307290 0.307835 0.308637 0.309708 0.311066 0.312743 0.314773 0.317198 0.320063 0.323417 0.327306 0.331778 0.336880 0.342656 0.349148 0.356395 0.364428 0.373260 0.382879 0.393217 0.404121 0.415308 0.426330 0.436562 0.445252 0.451646 0.455174 0.455623 0.453204 0.448473 0.442152 0.434935 0.427357 0.419745 0.412232 0.404804 0.397353 0.389732 0.381793 0.373421 0.364550 0.355174 0.345342 0.335145 0.324702 0.314144 0.303598 0.293178 0.282978 0.273070 0.263506 0.254320 0.245528 0.237137 0.229144 0.221539 0.214309 0.207438 0.200909 0.194704 0.188807 0.183200 0.177868 0.172794 0.167965 0.163366 0.158984 0.154809 0.150827 0.147028 0.143403 0.139940 0.136632 0.133469 0.130444 0.127548 0.124774 0.122115 0.119564 0.117116 0.114763 0.112502 0.110325 0.108229 0.106208 0.104258 0.102374 0.100554 0.098792 0.097086 0.095432 0.093827 0.092268 0.090752 0.089278 0.087842 0.086443 0.085078 0.083746 0.082444 0.081173 0.079929
0.070034 0.070852 0.071667 0.072479 0.073285 0.074086 0.074879 0.075665 0.076441 0.077208 0.077965 0.078710 0.079445 0.080168 0.080881 0.081583 0.082275 0.082957 0.083632 0.084300 0.084963 0.085623 0.086281 0.086940 0.087602 0.088269 0.088945 0.089631 0.090331 0.091047 0.091782 0.092538 0.093320 0.094130 0.094971 0.095846 0.096757 0.097710 0.098705 0.099747 0.100840 0.101986 0.103188 0.104451 0.105779 0.107174 0.108641 0.110183 0.111805 0.113509 0.115301 0.117182 0.119158 0.121229 0.123400 0.125670 0.128042 0.130514 0.133083 0.135747 0.138499 0.141330 0.144231 0.147188 0.150184 0.153203 0.156225 0.159229 0.162197 0.165111 0.167957 0.170726 0.173418 0.176040 0.178610 0.181156 0.183718 0.186348 0.189109 0.192074 0.195330 0.198976 0.203124 0.207904 0.213465 0.219982 0.227659 0.236740 0.247514 0.260321 0.275556 0.293659 0.315078 0.340197 0.369176 0.401687 0.436524 0.471190 0.501742 0.523353 0.531830 0.525483 0.505995 0.477550 0.444969 0.412190 0.381708 0.354728 0.331582 0.312115 0.295958 0.282676 0.271852 0.263122 0.256179 0.250781 0.246737 0.243907 0.242193 0.241536 0.241909 0.243319 0.245807 0.249441 0.254321 0.260581 0.268377 0.277889 0.289296 0.302746 0.318296 0.335820 0.354875 0.374554 0.393386 0.409385 0.420393 0.424684 0.421596 0.411802 0.397044 0.379492 0.361141 0.343477 0.327416 0.313413 0.301602 0.291935 0.284270 0.278431 0.274240 0.271538 0.270185 0.270069 0.271098 0.273205 0.276340 0.280468 0.285567 0.291625 0.298631 0.306574 0.315429 0.325148 0.335644 0.346767 0.358285 0.369857 0.381030 0.391245 0.399889 0.406380 0.410278 0.411378 0.409755 0.405737 0.399817 0.392558 0.384499 0.376107 0.367752 0.359708 0.352168 0.345256 0.339046 0.333571 0.328834 0.324818 0.321490 0.318803 0.316704 0.315136 0.314036 0.313346 0.313007 0.312968 0.313185 0.313625 0.314269 0.315109 0.316153 0.317420 0.318942 0.320763 0.322934 0.325512 0.328557 0.332135 0.336309 0.341142 0.346699 0.353043 0.360238 0.368351 0.377451 0.387601 0.398844 0.411174 0.424477 0.438447 0.452496 0.465678 0.476721 0.484245 0.487152 0.485033 0.478344 0.468221 0.456060 0.443118 0.430291 0.418083 0.406680 0.396052 0.386051 0.376481 0.367147 0.357885 0.348576 0.339152 0.329594 0.319923 0.310188 0.300455 0.290797 0.281283 0.271976 0.262924 0.254166 0.245727 0.237624 0.229862 0.222441 0.215356 0.208598 0.202156 0.196017 0.190167 0.184593 0.179281 0.174218 0.169390 0.164785 0.160392 0.156200 0.152197 0.148373 0.144720 0.141227 0.137887 0.134691 0.131631 0.128699 0.125889 0.123195 0.120609 0.118125 0.115738 0.113443 0.111233 0.109105 0.107054 0.105074 0.103163 0.101316 0.099529 0.097799 0.096123 0.094497 0.092918 0.091385 0.089894 0.088443 0.087029 0.085652 0.084308 0.082997 0.081716 0.080463 0.079239
0.070276 0.071109 0.071940 0.072767 0.073589 0.074405 0.075214 0.076014 0.076804 0.077584 0.078352 0.079108 0.079852 0.080584 0.081302 0.082009 0.082705 0.083389 0.084065 0.084732 0.085392 0.086049 0.086703 0.087357 0.088013 0.088674 0.089344 0.090024 0.090717 0.091428 0.092158 0.092911 0.093690 0.094498 0.095339 0.096215 0.097131 0.098089 0.099093 0.100147 0.101254 0.102418 0.103643 0.104933 0.106291 0.107722 0.109232 0.110823 0.112500 0.114269 0.116133 0.118098 0.120167 0.122344 0.124632 0.127035 0.129554 0.132187 0.134935 0.137793 0.140754 0.143810 0.146947 0.150148 0.153395 0.156664 0.159927 0.163159 0.166329 0.169413 0.172386 0.175232 0.177944 0.180522 0.182983 0.185353 0.187674 0.189999 0.192393 0.194934 0.197707 0.200810 0.204349 0.208440 0.213214 0.218814 0.225402 0.233160 0.242293 0.253022 0.265586 0.280214 0.297093 0.316297 0.337685 0.360744 0.384423 0.407008 0.426196 0.439478 0.444843 0.441509 0.430247 0.413054 0.392429 0.370668 0.349477 0.329903 0.312460 0.297292 0.284334 0.273414 0.264320 0.256844 0.250797 0.246017 0.242375 0.239771 0.238136 0.237423 0.237614 0.238712 0.240742 0.243749 0.247797 0.252967 0.259346 0.267024 0.276070 0.286507 0.298269 0.311146 0.324714 0.338278 0.350866 0.361299 0.368400 0.371279 0.369606 0.363722 0.354527 0.343212 0.330962 0.318764 0.307320 0.297062 0.288210 0.280835 0.274921 0.270400 0.267184 0.265182 0.264307 0.264483 0.265646 0.267743 0.270732 0.274581 0.279261 0.284749 0.291018 0.298038 0.305760 0.314117 0.323004 0.332273 0.341717 0.351062 0.359971 0.368055 0.374913 0.380180 0.383584 0.384999 0.384463 0.382169 0.378421 0.373581 0.368021 0.362080 0.356050 0.350163 0.344597 0.339479 0.334895 0.330896 0.327505 0.324722 0.322529 0.320892 0.319767 0.319102 0.318836 0.318908 0.319260 0.319834 0.320586 0.321481 0.322500 0.323641 0.324921 0.326370 0.328037 0.329982 0.332276 0.334996 0.338226 0.342049 0.346552 0.351818 0.357935 0.364990 0.373079 0.382309 0.392806 0.404718 0.418204 0.433400 0.450341 0.468819 0.488156 0.506973 0.523092 0.533840 0.536912 0.531413 0.518351 0.500136 0.479512 0.458696 0.439062 0.421226 0.405299 0.391106 0.378349 0.366706 0.355875 0.345608 0.335711 0.326050 0.316542 0.307148 0.297860 0.288693 0.279676 0.270840 0.262219 0.253844 0.245736 0.237913 0.230385 0.223157 0.216230 0.209598 0.203257 0.197196 0.191406 0.185877 0.180596 0.175553 0.170736 0.166135 0.161739 0.157537 0.153520 0.149679 0.146004 0.142487 0.139120 0.135895 0.132805 0.129843 0.127002 0.124275 0.121656 0.119141 0.116722 0.114395 0.112155 0.109997 0.107916 0.105908 0.103970 0.102097 0.100285 0.098532 0.096833 0.095186 0.093588 0.092036 0.090528 0.089061 0.087633 0.086242 0.084886 0.083563 0.082272 0.081011 0.079778 0.078572
0.070574 0.071426 0.072275 0.073121 0.073962 0.074796 0.075623 0.076440 0.077246 0.078041 0.078823 0.079591 0.080346 0.081086 0.081812 0.082524 0.083222 0.083908 0.084583 0.085248 0.085905 0.086556 0.087203 0.087850 0.088498 0.089150 0.089810 0.090481 0.091166 0.091868 0.092591 0.093337 0.094111 0.094915 0.095754 0.096630 0.097548 0.098511 0.099522 0.100587 0.101708 0.102890 0.104136 0.105453 0.106843 0.108313 0.109866 0.111509 0.113246 0.115084 0.117028 0.119083 0.121255 0.123549 0.125970 0.128522 0.131208 0.134029 0.136984 0.140069 0.143280 0.146604 0.150027 0.153531 0.157089 0.160672 0.164245 0.167770 0.171208 0.174520 0.177670 0.180630 0.183383 0.185924 0.188264 0.190430 0.192466 0.194431 0.196395 0.198441 0.200660 0.203150 0.206014 0.209360 0.213301 0.217958 0.223457 0.229932 0.237521 0.246363 0.256586 0.268291 0.281516 0.296191 0.312075 0.328675 0.345183 0.360463 0.373144 0.381849 0.385534 0.383803 0.377035 0.366258 0.352831 0.338114 0.323231 0.308982 0.295855 0.284093 0.273771 0.264861 0.257281 0.250927 0.245692 0.241481 0.238210 0.235815 0.234246 0.233476 0.233488 0.234285 0.235882 0.238306 0.241595 0.245792 0.250939 0.257067 0.264184 0.272250 0.281154 0.290678 0.300470 0.310026 0.318705 0.325791 0.330610 0.332674 0.331808 0.328197 0.322339 0.314915 0.306653 0.298201 0.290073 0.282628 0.276090 0.270576 0.266131 0.262751 0.260403 0.259044 0.258624 0.259097 0.260418 0.262548 0.265453 0.269103 0.273469 0.278520 0.284222 0.290532 0.297393 0.304727 0.312431 0.320366 0.328354 0.336177 0.343581 0.350290 0.356029 0.360557 0.363698 0.365370 0.365594 0.364491 0.362260 0.359146 0.355412 0.351313 0.347079 0.342907 0.338955 0.335347 0.332172 0.329491 0.327337 0.325720 0.324634 0.324050 0.323927 0.324211 0.324839 0.325743 0.326852 0.328104 0.329442 0.330829 0.332243 0.333688 0.335189 0.336794 0.338569 0.340599 0.342980 0.345817 0.349220 0.353302 0.358174 0.363951 0.370744 0.378672 0.387869 0.398494 0.410757 0.424930 0.441371 0.460501 0.482731 0.508238 0.536545 0.565861 0.592468 0.610909 0.615852 0.605068 0.580988 0.549131 0.515104 0.482728 0.453829 0.428856 0.407530 0.389289 0.373518 0.359656 0.347230 0.335865 0.325273 0.315245 0.305633 0.296342 0.287317 0.278528 0.269966 0.261635 0.253543 0.245701 0.238117 0.230800 0.223753 0.216979 0.210475 0.204239 0.198263 0.192540 0.187063 0.181821 0.176806 0.172008 0.167417 0.163025 0.158820 0.154796 0.150943 0.147252 0.143716 0.140328 0.137080 0.133964 0.130975 0.128106 0.125351 0.122703 0.120158 0.117710 0.115354 0.113086 0.110899 0.108791 0.106757 0.104792 0.102894 0.101058 0.099282 0.097561 0.095893 0.094276 0.092705 0.091180 0.089697 0.088254 0.086849 0.085480 0.084145 0.082842 0.081571 0.080329 0.079115 0.077927
0.070930 0.071804 0.072676 0.073544 0.074407 0.075263 0.076110 0.076947 0.077772 0.078584 0.079382 0.080165 0.080931 0.081682 0.082415 0.083132 0.083834 0.084520 0.085193 0.085854 0.086505 0.087149 0.087787 0.088423 0.089060 0.089701 0.090349 0.091008 0.091680 0.092371 0.093082 0.093819 0.094585 0.095383 0.096217 0.097091 0.098009 0.098974 0.099992 0.101066 0.102200 0.103399 0.104667 0.106011 0.107434 0.108943 0.110543 0.112240 0.114041 0.115953 0.117982 0.120136 0.122421 0.124845 0.127414 0.130134 0.133009 0.136044 0.139239 0.142592 0.146097 0.149744 0.153516 0.157391 0.161338 0.165319 0.169289 0.173198 0.176990 0.180610 0.184005 0.187131 0.189957 0.192470 0.194676 0.196602 0.198298 0.199831 0.201282 0.202746 0.204322 0.206114 0.208227 0.210763 0.213826 0.217517 0.221935 0.227176 0.233332 0.240481 0.248682 0.257958 0.268272 0.279498 0.291384 0.303518 0.315309 0.326004 0.334764 0.340792 0.343510 0.342697 0.338550 0.331627 0.322700 0.312590 0.302035 0.291612 0.281724 0.272618 0.264423 0.257182 0.250889 0.245505 0.240984 0.237274 0.234329 0.232111 0.230592 0.229753 0.229587 0.230095 0.231285 0.233174 0.235779 0.239120 0.243208 0.248044 0.253599 0.259810 0.266555 0.273644 0.280800 0.287663 0.293809 0.298789 0.302202 0.303766 0.303383 0.301161 0.297387 0.292474 0.286875 0.281024 0.275289 0.269952 0.265211 0.261191 0.257962 0.255553 0.253965 0.253187 0.253194 0.253960 0.255458 0.257659 0.260537 0.264064 0.268213 0.272951 0.278240 0.284033 0.290269 0.296870 0.303737 0.310745 0.317743 0.324554 0.330983 0.336824 0.341882 0.345989 0.349023 0.350927 0.351717 0.351473 0.350334 0.348477 0.346098 0.343397 0.340561 0.337758 0.335134 0.332805 0.330862 0.329371 0.328371 0.327881 0.327897 0.328394 0.329328 0.330640 0.332255 0.334089 0.336057 0.338075 0.340073 0.342001 0.343835 0.345580 0.347275 0.348988 0.350811 0.352860 0.355265 0.358168 0.361715 0.366054 0.371334 0.377701 0.385301 0.394289 0.404839 0.417175 0.431602 0.448568 0.468730 0.493010 0.522587 0.558696 0.601957 0.650898 0.699642 0.736526 0.747743 0.726859 0.680629 0.623157 0.566360 0.516299 0.474543 0.440460 0.412707 0.389903 0.370871 0.354672 0.340585 0.328068 0.316719 0.306241 0.296424 0.287119 0.278227 0.269681 0.261442 0.253486 0.245800 0.238378 0.231217 0.224316 0.217672 0.211282 0.205142 0.199248 0.193593 0.188170 0.182971 0.177989 0.173214 0.168639 0.164255 0.160053 0.156027 0.152166 0.148465 0.144915 0.141510 0.138243 0.135106 0.132094 0.129201 0.126420 0.123747 0.121175 0.118701 0.116318 0.114023 0.111810 0.109676 0.107616 0.105627 0.103704 0.101846 0.100047 0.098305 0.096616 0.094979 0.093390 0.091847 0.090348 0.088889 0.087470 0.086087 0.084740 0.083426 0.082143 0.080891 0.079668 0.078473 0.077303
0.071346 0.072246 0.073144 0.074038 0.074927 0.075808 0.076680 0.077541 0.078388 0.079221 0.080038 0.080836 0.081617 0.082378 0.083120 0.083843 0.084547 0.085233 0.085903 0.086558 0.087201 0.087835 0.088461 0.089084 0.089706 0.090331 0.090963 0.091606 0.092263 0.092938 0.093636 0.094359 0.095113 0.095902 0.096728 0.097598 0.098513 0.099480 0.100501 0.101583 0.102729 0.103944 0.105235 0.106605 0.108062 0.109611 0.111259 0.113014 0.114882 0.116872 0.118993 0.121254 0.123662 0.126228 0.128961 0.131869 0.134959 0.138239 0.141711 0.145376 0.149231 0.153265 0.157461 0.161793 0.166227 0.170714 0.175197 0.179608 0.183872 0.187910 0.191645 0.195012 0.197958 0.200458 0.202512 0.204150 0.205430 0.206435 0.207264 0.208030 0.208848 0.209835 0.211101 0.212751 0.214880 0.217577 0.220920 0.224978 0.229806 0.235445 0.241908 0.249176 0.257176 0.265769 0.274729 0.283729 0.292342 0.300062 0.306358 0.310746 0.312884 0.312637 0.310109 0.305613 0.299604 0.292587 0.285046 0.277387 0.269923 0.262871 0.256367 0.250486 0.245259 0.240692 0.236774 0.233486 0.230810 0.228730 0.227234 0.226313 0.225965 0.226192 0.227001 0.228398 0.230390 0.232982 0.236168 0.239930 0.244225 0.248983 0.254092 0.259393 0.264676 0.269685 0.274134 0.277736 0.280241 0.281481 0.281398 0.280057 0.277635 0.274387 0.270607 0.266589 0.262594 0.258840 0.255490 0.252662 0.250431 0.248841 0.247913 0.247653 0.248056 0.249109 0.250797 0.253103 0.256005 0.259480 0.263504 0.268044 0.273062 0.278511 0.284331 0.290445 0.296763 0.303172 0.309541 0.315724 0.321564 0.326900 0.331584 0.335490 0.338530 0.340661 0.341895 0.342291 0.341956 0.341025 0.339658 0.338020 0.336273 0.334568 0.333039 0.331802 0.330948 0.330548 0.330648 0.331270 0.332413 0.334052 0.336137 0.338596 0.341335 0.344248 0.347217 0.350132 0.352894 0.355433 0.357715 0.359749 0.361590 0.363333 0.365107 0.367070 0.369399 0.372282 0.375913 0.380490 0.386206 0.393249 0.401809 0.412079 0.424278 0.438686 0.455714 0.476011 0.500631 0.531259 0.570455 0.621786 0.689324 0.775229 0.873125 0.958119 0.989272 0.943933 0.845230 0.734556 0.637199 0.559839 0.500490 0.455090 0.419928 0.392156 0.369715 0.351141 0.335390 0.321720 0.309596 0.298633 0.288554 0.279163 0.270318 0.261922 0.253908 0.246230 0.238858 0.231770 0.224951 0.218393 0.212086 0.206022 0.200196 0.194599 0.189226 0.184068 0.179117 0.174367 0.169810 0.165437 0.161242 0.157216 0.153353 0.149645 0.146085 0.142666 0.139383 0.136229 0.133197 0.130283 0.127481 0.124784 0.122189 0.119690 0.117283 0.114963 0.112726 0.110568 0.108484 0.106471 0.104526 0.102645 0.100825 0.099062 0.097353 0.095697 0.094090 0.092529 0.091013 0.089539 0.088105 0.086709 0.085348 0.084022 0.082729 0.081466 0.080233 0.079028 0.077851 0.076699
0.071826 0.072756 0.073684 0.074609 0.075528 0.076439 0.077340 0.078228 0.079102 0.079958 0.080796 0.081614 0.082410 0.083184 0.083936 0.084664 0.085370 0.086055 0.086721 0.087368 0.088001 0.088621 0.089232 0.089837 0.090441 0.091046 0.091658 0.092280 0.092917 0.093573 0.094253 0.094960 0.095699 0.096474 0.097290 0.098151 0.099062 0.100027 0.101051 0.102138 0.103295 0.104526 0.105836 0.107234 0.108724 0.110314 0.112012 0.113826 0.115765 0.117839 0.120057 0.122432 0.124974 0.127696 0.130609 0.133726 0.137058 0.140616 0.144407 0.148436 0.152703 0.157201 0.161912 0.166810 0.171854 0.176987 0.182135 0.187209 0.192106 0.196716 0.200928 0.204640 0.207775 0.210286 0.212165 0.213446 0.214204 0.214547 0.214603 0.214513 0.214421 0.214461 0.214759 0.215424 0.216549 0.218213 0.220479 0.223394 0.226989 0.231276 0.236243 0.241845 0.247999 0.254569 0.261364 0.268128 0.274552 0.280288 0.284985 0.288337 0.290125 0.290258 0.288789 0.285895 0.281849 0.276967 0.271564 0.265925 0.260281 0.254810 0.249637 0.244844 0.240483 0.236581 0.233152 0.230201 0.227731 0.225741 0.224233 0.223207 0.222668 0.222619 0.223066 0.224010 0.225454 0.227391 0.229808 0.232676 0.235952 0.239567 0.243424 0.247395 0.251322 0.255022 0.258300 0.260966 0.262861 0.263880 0.263987 0.263224 0.261703 0.259588 0.257076 0.254367 0.251652 0.249092 0.246822 0.244943 0.243527 0.242625 0.242266 0.242468 0.243235 0.244568 0.246459 0.248899 0.251872 0.255363 0.259347 0.263796 0.268674 0.273936 0.279524 0.285368 0.291381 0.297463 0.303498 0.309358 0.314909 0.320017 0.324560 0.328434 0.331569 0.333931 0.335528 0.336411 0.336669 0.336418 0.335799 0.334960 0.334052 0.333219 0.332595 0.332294 0.332415 0.333034 0.334204 0.335953 0.338283 0.341167 0.344545 0.348328 0.352395 0.356601 0.360784 0.364786 0.368462 0.371710 0.374477 0.376775 0.378682 0.380330 0.381903 0.383617 0.385710 0.388435 0.392050 0.396814 0.402980 0.410796 0.420502 0.432338 0.446560 0.463493 0.483626 0.507787 0.537465 0.575322 0.626014 0.697402 0.801950 0.956272 1.169605 1.399837 1.505372 1.380048 1.130715 0.899634 0.729522 0.611627 0.529627 0.471101 0.427968 0.395128 0.369336 0.348480 0.331153 0.316391 0.303526 0.292084 0.281727 0.272211 0.263363 0.255056 0.247200 0.239731 0.232602 0.225781 0.219242 0.212968 0.206944 0.201159 0.195602 0.190264 0.185138 0.180214 0.175486 0.170945 0.166584 0.162395 0.158372 0.154507 0.150795 0.147227 0.143798 0.140502 0.137333 0.134285 0.131353 0.128531 0.125814 0.123198 0.120677 0.118248 0.115906 0.113646 0.111465 0.109359 0.107324 0.105357 0.103455 0.101613 0.099830 0.098103 0.096428 0.094802 0.093225 0.091692 0.090202 0.088753 0.087343 0.085969 0.084631 0.083326 0.082052 0.080809 0.079595 0.078408 0.077248 0.076113
0.072372 0.073337 0.074300 0.075261 0.076215 0.077161 0.078096 0.079017 0.079921 0.080805 0.081669 0.082508 0.083323 0.084112 0.084873 0.085608 0.086316 0.086999 0.087658 0.088295 0.088914 0.089517 0.090108 0.090692 0.091272 0.091853 0.092440 0.093037 0.093649 0.094281 0.094937 0.095623 0.096343 0.097101 0.097903 0.098753 0.099656 0.100616 0.101639 0.102731 0.103896 0.105141 0.106471 0.107895 0.109418 0.111050 0.112799 0.114674 0.116687 0.118848 0.121169 0.123666 0.126351 0.129241 0.132352 0.135700 0.139302 0.143174 0.147331 0.151782 0.156534 0.161585 0.166923 0.172520 0.178331 0.184290 0.190306 0.196261 0.202017 0.207417 0.212300 0.216514 0.219938 0.222494 0.224163 0.224989 0.225072 0.224561 0.223630 0.222467 0.221256 0.220162 0.219332 0.218883 0.218910 0.219484 0.220655 0.222454 0.224891 0.227959 0.231627 0.235839 0.240506 0.245507 0.250679 0.255824 0.260712 0.265097 0.268738 0.271427 0.273016 0.273436 0.272706 0.270926 0.268257 0.264895 0.261046 0.256904 0.252637 0.248383 0.244249 0.240313 0.236635 0.233254 0.230202 0.227499 0.225163 0.223208 0.221646 0.220487 0.219741 0.219414 0.219511 0.220034 0.220981 0.222342 0.224098 0.226221 0.228666 0.231373 0.234259 0.237225 0.240151 0.242904 0.245350 0.247360 0.248829 0.249689 0.249917 0.249542 0.248637 0.247311 0.245699 0.243940 0.242173 0.240522 0.239093 0.237971 0.237223 0.236898 0.237029 0.237641 0.238745 0.240349 0.242454 0.245056 0.248147 0.251713 0.255738 0.260197 0.265057 0.270277 0.275803 0.281571 0.287499 0.293495 0.299449 0.305245 0.310760 0.315871 0.320466 0.324451 0.327761 0.330364 0.332268 0.333519 0.334203 0.334431 0.334339 0.334074 0.333790 0.333634 0.333744 0.334247 0.335248 0.336835 0.339071 0.341994 0.345611 0.349894 0.354773 0.360138 0.365828 0.371644 0.377357 0.382728 0.387544 0.391641 0.394938 0.397451 0.399289 0.400648 0.401784 0.402997 0.404611 0.406964 0.410397 0.415252 0.421864 0.430558 0.441645 0.455424 0.472187 0.492275 0.516180 0.544804 0.579944 0.625216 0.687784 0.781746 0.935175 1.204440 1.691607 2.457451 2.963266 2.430422 1.638506 1.127185 0.836605 0.665486 0.557960 0.486048 0.435295 0.397805 0.369014 0.346145 0.327432 0.311711 0.298189 0.286313 0.275693 0.266048 0.257172 0.248918 0.241176 0.233867 0.226932 0.220327 0.214019 0.207982 0.202199 0.196652 0.191328 0.186217 0.181308 0.176592 0.172062 0.167709 0.163525 0.159504 0.155638 0.151921 0.148347 0.144910 0.141603 0.138421 0.135359 0.132410 0.129571 0.126836 0.124201 0.121661 0.119211 0.116848 0.114567 0.112365 0.110238 0.108183 0.106195 0.104272 0.102411 0.100609 0.098863 0.097169 0.095526 0.093932 0.092383 0.090878 0.089414 0.087989 0.086602 0.085251 0.083934 0.082650 0.081396 0.080172 0.078976 0.077807 0.076664 0.075546
0.072988 0.073993 0.074998 0.076000 0.076995 0.077982 0.078956 0.079915 0.080855 0.081773 0.082666 0.083532 0.084368 0.085173 0.085947 0.086688 0.087397 0.088076 0.088726 0.089350 0.089951 0.090533 0.091100 0.091657 0.092208 0.092758 0.093314 0.093880 0.094461 0.095064 0.095692 0.096351 0.097047 0.097784 0.098568 0.099403 0.100294 0.101247 0.102267 0.103360 0.104532 0.105789 0.107138 0.108586 0.110142 0.111816 0.113616 0.115554 0.117641 0.119893 0.122323 0.124948 0.127786 0.130857 0.134182 0.137783 0.141684 0.145909 0.150481 0.155419 0.160739 0.166450 0.172545 0.179005 0.185783 0.192804 0.199959 0.207096 0.214027 0.220531 0.226371 0.231319 0.235184 0.237839 0.239247 0.239468 0.238648 0.236999 0.234774 0.232231 0.229612 0.227130 0.224956 0.223224 0.222029 0.221434 0.221475 0.222166 0.223501 0.225454 0.227982 0.231018 0.234476 0.238245 0.242187 0.246145 0.249943 0.253399 0.256340 0.258616 0.260117 0.260785 0.260616 0.259659 0.258006 0.255772 0.253087 0.250079 0.246867 0.243552 0.240222 0.236949 0.233791 0.230797 0.228008 0.225459 0.223179 0.221196 0.219530 0.218201 0.217223 0.216607 0.216360 0.216484 0.216974 0.217821 0.219005 0.220497 0.222257 0.224232 0.226355 0.228547 0.230717 0.232770 0.234607 0.236141 0.237301 0.238041 0.238347 0.238237 0.237761 0.236995 0.236032 0.234973 0.233918 0.232964 0.232193 0.231679 0.231478 0.231638 0.232194 0.233172 0.234589 0.236459 0.238787 0.241577 0.244827 0.248529 0.252671 0.257234 0.262192 0.267507 0.273133 0.279009 0.285058 0.291190 0.297301 0.303275 0.308989 0.314318 0.319147 0.323379 0.326942 0.329803 0.331967 0.333485 0.334443 0.334964 0.335194 0.335294 0.335429 0.335763 0.336451 0.337634 0.339434 0.341955 0.345278 0.349455 0.354504 0.360405 0.367080 0.374393 0.382137 0.390034 0.397750 0.404924 0.411219 0.416375 0.420259 0.422891 0.424439 0.425194 0.425526 0.425857 0.426625 0.428281 0.431274 0.436055 0.443069 0.452753 0.465524 0.481770 0.501835 0.526039 0.554772 0.588768 0.629745 0.681751 0.753905 0.866500 1.066866 1.479553 2.500850 5.598890 10.774819 5.562177 2.428698 1.374593 0.933156 0.709416 0.579736 0.496992 0.440279 0.399198 0.368090 0.343655 0.323855 0.307371 0.293320 0.281090 0.270251 0.260492 0.251587 0.243370 0.235717 0.228537 0.221760 0.215334 0.209219 0.203384 0.197806 0.192465 0.187344 0.182431 0.177715 0.173184 0.168831 0.164647 0.160624 0.156755 0.153033 0.149452 0.146006 0.142689 0.139495 0.136420 0.133457 0.130602 0.127851 0.125198 0.122639 0.120171 0.117789 0.115489 0.113267 0.111121 0.109046 0.107039 0.105097 0.103217 0.101396 0.099632 0.097921 0.096261 0.094650 0.093085 0.091564 0.090086 0.088647 0.087247 0.085883 0.084554 0.083258 0.081993 0.080759 0.079553 0.078376 0.077224 0.076098 0.074996
0.073679 0.074730 0.075782 0.076832 0.077876 0.078910 0.079931 0.080935 0.081917 0.082874 0.083802 0.084698 0.085560 0.086385 0.087171 0.087920 0.088630 0.089304 0.089942 0.090549 0.091128 0.091683 0.092220 0.092743 0.093258 0.093772 0.094289 0.094817 0.095361 0.095928 0.096522 0.097149 0.097815 0.098526 0.099286 0.100102 0.100978 0.101920 0.102933 0.104025 0.105201 0.106467 0.107833 0.109305 0.110893 0.112607 0.114458 0.116459 0.118624 0.120969 0.123511 0.126270 0.129269 0.132532 0.136087 0.139963 0.144192 0.148810 0.153849 0.159344 0.165325 0.171816 0.178828 0.186350 0.194346 0.202737 0.211394 0.220129 0.228687 0.236756 0.243985 0.250022 0.254563 0.257401 0.258468 0.257852 0.255776 0.252566 0.248593 0.244226 0.239797 0.235578 0.231778 0.228541 0.225962 0.224090 0.222945 0.222520 0.222787 0.223705 0.225215 0.227245 0.229707 0.232498 0.235500 0.238581 0.241604 0.244427 0.246918 0.248961 0.250469 0.251384 0.251686 0.251389 0.250533 0.249181 0.247406 0.245285 0.242896 0.240311 0.237598 0.234821 0.232036 0.229299 0.226660 0.224165 0.221856 0.219770 0.217941 0.216394 0.215151 0.214227 0.213631 0.213366 0.213429 0.213809 0.214488 0.215437 0.216623 0.217999 0.219510 0.221094 0.222682 0.224201 0.225581 0.226760 0.227687 0.228332 0.228685 0.228758 0.228587 0.228225 0.227738 0.227200 0.226686 0.226271 0.226021 0.225996 0.226248 0.226819 0.227744 0.229051 0.230761 0.232891 0.235454 0.238457 0.241906 0.245799 0.250132 0.254892 0.260060 0.265606 0.271489 0.277654 0.284028 0.290523 0.297031 0.303430 0.309585 0.315358 0.320615 0.325239 0.329145 0.332288 0.334671 0.336350 0.337427 0.338047 0.338382 0.338623 0.338963 0.339594 0.340696 0.342434 0.344955 0.348388 0.352837 0.358382 0.365064 0.372880 0.381759 0.391544 0.401970 0.412653 0.423101 0.432753 0.441061 0.447595 0.452130 0.454702 0.455583 0.455226 0.454185 0.453051 0.452423 0.452894 0.455052 0.459487 0.466796 0.477575 0.492414 0.511859 0.536367 0.566253 0.601680 0.642850 0.690672 0.748393 0.825107 0.943497 1.160694 1.643260 3.060435 10.825732 10.799794 10.775720 2.961963 1.499740 0.977794 0.729240 0.589306 0.501353 0.441583 0.398522 0.366049 0.340637 0.320126 0.303127 0.288708 0.276229 0.265235 0.255399 0.246479 0.238299 0.230723 0.223653 0.217010 0.210737 0.204787 0.199127 0.193726 0.188564 0.183622 0.178884 0.174339 0.169974 0.165780 0.161748 0.157871 0.154140 0.150550 0.147094 0.143766 0.140561 0.137472 0.134495 0.131626 0.128859 0.126190 0.123615 0.121129 0.118729 0.116411 0.114171 0.112006 0.109913 0.107887 0.105927 0.104029 0.102191 0.100409 0.098681 0.097004 0.095377 0.093797 0.092261 0.090768 0.089316 0.087902 0.086525 0.085184 0.083876 0.082601 0.081356 0.080141 0.078954 0.077793 0.076659 0.075549 0.074462
0.074447 0.075552 0.076660 0.077766 0.078866 0.079956 0.081032 0.082089 0.083121 0.084124 0.085094 0.086026 0.086918 0.087765 0.088568 0.089324 0.090034 0.090700 0.091324 0.091909 0.092460 0.092982 0.093481 0.093963 0.094435 0.094903 0.095374 0.095856 0.096355 0.096878 0.097430 0.098019 0.098649 0.099328 0.100060 0.100851 0.101707 0.102634 0.103638 0.104724 0.105901 0.107175 0.108555 0.110049 0.111667 0.113420 0.115322 0.117386 0.119628 0.122067 0.124724 0.127622 0.130788 0.134253 0.138052 0.142223 0.146808 0.151857 0.157417 0.163544 0.170287 0.177696 0.185806 0.194634 0.204162 0.214321 0.224973 0.235887 0.246727 0.257051 0.266334 0.274021 0.279615 0.282770 0.283366 0.281538 0.277652 0.272223 0.265819 0.258983 0.252175 0.245746 0.239942 0.234915 0.230746 0.227462 0.225053 0.223483 0.222701 0.222641 0.223230 0.224386 0.226018 0.228026 0.230305 0.232742 0.235222 0.237630 0.239860 0.241815 0.243418 0.244610 0.245356 0.245641 0.245469 0.244857 0.243836 0.242441 0.240714 0.238702 0.236456 0.234030 0.231483 0.228874 0.226265 0.223714 0.221276 0.219003 0.216936 0.215113 0.213560 0.212298 0.211338 0.210686 0.210337 0.210283 0.210505 0.210979 0.211673 0.212548 0.213559 0.214655 0.215781 0.216884 0.217911 0.218815 0.219562 0.220128 0.220507 0.220708 0.220755 0.220688 0.220555 0.220410 0.220312 0.220318 0.220484 0.220858 0.221486 0.222408 0.223657 0.225262 0.227248 0.229636 0.232443 0.235684 0.239370 0.243509 0.248103 0.253150 0.258640 0.264553 0.270855 0.277498 0.284414 0.291513 0.298682 0.305783 0.312658 0.319138 0.325053 0.330251 0.334612 0.338070 0.340624 0.342340 0.343350 0.343838 0.344022 0.344142 0.344439 0.345144 0.346474 0.348628 0.351787 0.356111 0.361743 0.368802 0.377375 0.387499 0.399135 0.412127 0.426157 0.440705 0.455039 0.468263 0.479456 0.487869 0.493117 0.495275 0.494828 0.492521 0.489205 0.485723 0.482880 0.481444 0.482170 0.485827 0.493209 0.505149 0.522511 0.546147 0.576801 0.614931 0.660467 0.712667 0.770503 0.834348 0.909976 1.016283 1.201947 1.594815 2.594800 5.672734 10.831193 5.604132 2.459113 1.395927 0.947395 0.718117 0.584105 0.497958 0.438565 0.395368 0.362595 0.336856 0.316048 0.298803 0.284197 0.271587 0.260516 0.250649 0.241742 0.233608 0.226110 0.219141 0.212618 0.206480 0.200676 0.195167 0.189924 0.184920 0.180136 0.175554 0.171161 0.166944 0.162894 0.159001 0.155256 0.151652 0.148183 0.144842 0.141623 0.138520 0.135529 0.132645 0.129863 0.127178 0.124587 0.122085 0.119668 0.117333 0.115076 0.112893 0.110782 0.108740 0.106762 0.104847 0.102991 0.101193 0.099449 0.097756 0.096113 0.094518 0.092967 0.091460 0.089994 0.088567 0.087178 0.085824 0.084505 0.083218 0.081963 0.080738 0.079541 0.078371 0.077228 0.076110 0.075016 0.073945
0.075299 0.076467 0.077638 0.078809 0.079976 0.081132 0.082273 0.083392 0.084483 0.085542 0.086561 0.087537 0.088464 0.089339 0.090159 0.090925 0.091634 0.092290 0.092895 0.093453 0.093969 0.094450 0.094902 0.095333 0.095751 0.096164 0.096580 0.097006 0.097450 0.097920 0.098423 0.098965 0.099553 0.100192 0.100890 0.101652 0.102483 0.103390 0.104380 0.105458 0.106632 0.107911 0.109302 0.110815 0.112460 0.114252 0.116202 0.118328 0.120646 0.123180 0.125952 0.128991 0.132329 0.136004 0.140058 0.144540 0.149507 0.155023 0.161158 0.167991 0.175603 0.184079 0.193497 0.203918 0.215366 0.227808 0.241116 0.255029 0.269114 0.282749 0.295139 0.305392 0.312671 0.316370 0.316270 0.312606 0.305999 0.297302 0.287419 0.277163 0.267170 0.257886 0.249584 0.242406 0.236394 0.231531 0.227760 0.225005 0.223177 0.222183 0.221927 0.222315 0.223247 0.224626 0.226352 0.228324 0.230442 0.232608 0.234731 0.236726 0.238519 0.240047 0.241259 0.242116 0.242589 0.242659 0.242313 0.241551 0.240383 0.238830 0.236927 0.234723 0.232279 0.229663 0.226951 0.224219 0.221537 0.218972 0.216580 0.214406 0.212485 0.210842 0.209493 0.208441 0.207686 0.207217 0.207017 0.207063 0.207327 0.207774 0.208365 0.209059 0.209811 0.210581 0.211326 0.212012 0.212612 0.213110 0.213500 0.213789 0.213995 0.214146 0.214279 0.214435 0.214660 0.214999 0.215499 0.216201 0.217145 0.218369 0.219905 0.221784 0.224033 0.226676 0.229739 0.233240 0.237201 0.241637 0.246562 0.251986 0.257911 0.264329 0.271220 0.278545 0.286243 0.294224 0.302364 0.310502 0.318444 0.325969 0.332846 0.338858 0.343829 0.347653 0.350317 0.351906 0.352601 0.352651 0.352352 0.352017 0.351956 0.352460 0.353793 0.356196 0.359890 0.365079 0.371956 0.380702 0.391481 0.404413 0.419542 0.436769 0.455763 0.475852 0.495954 0.514605 0.530179 0.541300 0.547273 0.548296 0.545309 0.539627 0.532597 0.525423 0.519154 0.514752 0.513162 0.515361 0.522406 0.535459 0.555818 0.584901 0.624124 0.674580 0.736380 0.807691 0.884041 0.959481 1.031614 1.110374 1.227897 1.450012 1.888249 2.609551 3.077846 2.514794 1.699149 1.169399 0.864550 0.682361 0.566206 0.487533 0.431459 0.389773 0.357678 0.332225 0.311518 0.294293 0.279679 0.267062 0.255996 0.246153 0.237290 0.229222 0.221808 0.214938 0.208529 0.202514 0.196842 0.191470 0.186367 0.181504 0.176862 0.172420 0.168164 0.164082 0.160162 0.156394 0.152770 0.149283 0.145924 0.142689 0.139571 0.136564 0.133664 0.130867 0.128166 0.125558 0.123040 0.120607 0.118255 0.115982 0.113782 0.111655 0.109595 0.107601 0.105670 0.103798 0.101983 0.100223 0.098515 0.096857 0.095247 0.093682 0.092161 0.090682 0.089242 0.087840 0.086474 0.085143 0.083846 0.082580 0.081344 0.080137 0.078959 0.077807 0.076680 0.075578 0.074500 0.073444
0.076241 0.077480 0.078725 0.079973 0.081217 0.082451 0.083668 0.084862 0.086025 0.087150 0.088229 0.089256 0.090226 0.091133 0.091976 0.092751 0.093458 0.094101 0.094681 0.095205 0.095677 0.096107 0.096502 0.096871 0.097223 0.097569 0.097917 0.098276 0.098655 0.099062 0.099506 0.099992 0.100529 0.101122 0.101779 0.102504 0.103305 0.104188 0.105158 0.106224 0.107392 0.108671 0.110070 0.111599 0.113270 0.115097 0.117093 0.119278 0.121672 0.124298 0.127185 0.130365 0.133877 0.137765 0.142081 0.146888 0.152256 0.158271 0.165028 0.172639 0.181227 0.190928 0.201883 0.214227 0.228066 0.243446 0.260296 0.278363 0.297126 0.315725 0.332946 0.347325 0.357391 0.362035 0.360844 0.354246 0.343362 0.329678 0.314673 0.299574 0.285252 0.272242 0.260810 0.251034 0.242880 0.236247 0.231005 0.227014 0.224136 0.222239 0.221201 0.220907 0.221249 0.222124 0.223436 0.225089 0.226995 0.229066 0.231220 0.233380 0.235471 0.237423 0.239171 0.240650 0.241799 0.242560 0.242882 0.242724 0.242060 0.240886 0.239222 0.237114 0.234630 0.231855 0.228886 0.225820 0.222752 0.219768 0.216939 0.214321 0.211958 0.209879 0.208101 0.206629 0.205460 0.204584 0.203983 0.203635 0.203512 0.203583 0.203814 0.204168 0.204610 0.205104 0.205618 0.206125 0.206603 0.207040 0.207431 0.207779 0.208100 0.208414 0.208749 0.209137 0.209616 0.210222 0.210993 0.211967 0.213180 0.214667 0.216460 0.218592 0.221092 0.223991 0.227317 0.231101 0.235370 0.240153 0.245478 0.251367 0.257842 0.264912 0.272575 0.280811 0.289569 0.298762 0.308256 0.317862 0.327332 0.336366 0.344635 0.351810 0.357618 0.361883 0.364570 0.365795 0.365817 0.364996 0.363750 0.362508 0.361675 0.361620 0.362666 0.365104 0.369199 0.375207 0.383387 0.394010 0.407357 0.423704 0.443275 0.466152 0.492111 0.520395 0.549455 0.576849 0.599554 0.614840 0.621361 0.619677 0.611812 0.600252 0.587186 0.574276 0.562806 0.553902 0.548692 0.548394 0.554382 0.568259 0.591972 0.627900 0.678857 0.747753 0.836465 0.943275 1.058910 1.164476 1.238974 1.278076 1.306279 1.365692 1.486947 1.638526 1.681219 1.507315 1.220932 0.961665 0.770029 0.635583 0.540751 0.472200 0.421189 0.382141 0.351463 0.326790 0.306521 0.289552 0.275096 0.262586 0.251606 0.241843 0.233061 0.225080 0.217761 0.210995 0.204696 0.198799 0.193248 0.188003 0.183027 0.178293 0.173779 0.169464 0.165333 0.161373 0.157571 0.153918 0.150405 0.147024 0.143768 0.140631 0.137606 0.134689 0.131874 0.129156 0.126532 0.123997 0.121548 0.119180 0.116890 0.114674 0.112531 0.110455 0.108445 0.106497 0.104610 0.102780 0.101004 0.099282 0.097609 0.095984 0.094405 0.092871 0.091378 0.089925 0.088511 0.087133 0.085791 0.084482 0.083205 0.081959 0.080743 0.079555 0.078394 0.077259 0.076149 0.075063 0.074000 0.072959
0.077278 0.078599 0.079931 0.081268 0.082603 0.083929 0.085238 0.086521 0.087769 0.088974 0.090125 0.091216 0.092237 0.093184 0.094052 0.094838 0.095543 0.096168 0.096717 0.097197 0.097615 0.097981 0.098305 0.098597 0.098870 0.099133 0.099399 0.099678 0.099978 0.100311 0.100684 0.101104 0.101581 0.102119 0.102727 0.103410 0.104174 0.105026 0.105973 0.107022 0.108180 0.109456 0.110859 0.112401 0.114093 0.115951 0.117990 0.120231 0.122696 0.125412 0.128411 0.131730 0.135414 0.139514 0.144096 0.149233 0.155015 0.161551 0.168969 0.177420 0.187082 0.198164 0.210896 0.225528 0.242307 0.261436 0.282998 0.306846 0.332435 0.358638 0.383619 0.404903 0.419795 0.426139 0.423106 0.411538 0.393604 0.372013 0.349252 0.327170 0.306906 0.289015 0.273658 0.260759 0.250125 0.241517 0.234689 0.229412 0.225480 0.222711 0.220946 0.220047 0.219891 0.220369 0.221384 0.222846 0.224671 0.226781 0.229100 0.231556 0.234073 0.236575 0.238977 0.241190 0.243117 0.244656 0.245708 0.246185 0.246019 0.245175 0.243658 0.241513 0.238825 0.235705 0.232284 0.228693 0.225060 0.221495 0.218088 0.214911 0.212012 0.209426 0.207167 0.205241 0.203642 0.202357 0.201366 0.200644 0.200165 0.199898 0.199810 0.199870 0.200046 0.200308 0.200628 0.200983 0.201356 0.201736 0.202119 0.202508 0.202912 0.203348 0.203837 0.204407 0.205087 0.205907 0.206902 0.208104 0.209547 0.211265 0.213290 0.215657 0.218399 0.221552 0.225152 0.229236 0.233846 0.239023 0.244811 0.251255 0.258396 0.266272 0.274909 0.284312 0.294457 0.305269 0.316611 0.328261 0.339900 0.351113 0.361413 0.370288 0.377291 0.382119 0.384693 0.385184 0.383986 0.381646 0.378780 0.375989 0.373816 0.372725 0.373109 0.375303 0.379619 0.386366 0.395885 0.408565 0.424867 0.445321 0.470498 0.500905 0.536748 0.577479 0.621116 0.663593 0.698948 0.721207 0.727441 0.719368 0.701821 0.679837 0.656959 0.635247 0.616002 0.600375 0.589639 0.585271 0.589009 0.602997 0.630043 0.674006 0.740227 0.835766 0.968546 1.142999 1.348035 1.538857 1.641812 1.618040 1.513820 1.407299 1.338350 1.293981 1.229219 1.113649 0.963375 0.814458 0.688377 0.589154 0.512952 0.454426 0.408960 0.373071 0.344245 0.320687 0.301110 0.284583 0.270422 0.258122 0.247301 0.237670 0.229005 0.221135 0.213925 0.207269 0.201083 0.195299 0.189865 0.184737 0.179880 0.175265 0.170868 0.166669 0.162653 0.158804 0.155111 0.151564 0.148153 0.144870 0.141708 0.138662 0.135724 0.132889 0.130154 0.127512 0.124960 0.122493 0.120108 0.117802 0.115570 0.113410 0.111319 0.109293 0.107330 0.105427 0.103582 0.101792 0.100054 0.098367 0.096729 0.095136 0.093588 0.092082 0.090617 0.089190 0.087801 0.086447 0.085127 0.083840 0.082584 0.081358 0.080160 0.078990 0.077846 0.076728 0.075634 0.074563 0.073515 0.072488
0.078416 0.079833 0.081266 0.082707 0.084150 0.085585 0.087003 0.088394 0.089746 0.091047 0.092287 0.093454 0.094539 0.095534 0.096433 0.097232 0.097932 0.098534 0.099044 0.099469 0.099818 0.100105 0.100340 0.100538 0.100713 0.100877 0.101043 0.101224 0.101431 0.101675 0.101964 0.102307 0.102712 0.103187 0.103737 0.104369 0.105090 0.105906 0.106824 0.107850 0.108993 0.110261 0.111665 0.113215 0.114925 0.116810 0.118888 0.121180 0.123712 0.126513 0.129618 0.133070 0.136920 0.141229 0.146071 0.151537 0.157736 0.164804 0.172905 0.182241 0.193059 0.205657 0.220395 0.237693 0.258021 0.281865 0.309640 0.341522 0.377163 0.415270 0.453156 0.486576 0.510333 0.519913 0.513505 0.492933 0.462723 0.428084 0.393275 0.360993 0.332543 0.308285 0.288054 0.271443 0.257977 0.247193 0.238677 0.232077 0.227095 0.223487 0.221051 0.219618 0.219049 0.219227 0.220051 0.221435 0.223302 0.225580 0.228203 0.231102 0.234203 0.237421 0.240655 0.243787 0.246677 0.249169 0.251102 0.252322 0.252704 0.252171 0.250709 0.248370 0.245267 0.241560 0.237430 0.233063 0.228628 0.224273 0.220111 0.216227 0.212677 0.209493 0.206689 0.204266 0.202210 0.200505 0.199125 0.198042 0.197227 0.196648 0.196274 0.196073 0.196016 0.196076 0.196227 0.196451 0.196732 0.197058 0.197427 0.197840 0.198304 0.198832 0.199441 0.200153 0.200994 0.201989 0.203169 0.204563 0.206205 0.208127 0.210363 0.212950 0.215925 0.219330 0.223209 0.227610 0.232588 0.238201 0.244513 0.251596 0.259521 0.268364 0.278192 0.289057 0.300976 0.313915 0.327750 0.342234 0.356965 0.371363 0.384693 0.396134 0.404922 0.410519 0.412758 0.411908 0.408610 0.403740 0.398236 0.392967 0.388661 0.385895 0.385123 0.386713 0.391008 0.398367 0.409215 0.424094 0.443710 0.468984 0.501081 0.541373 0.591203 0.651179 0.719646 0.790297 0.850730 0.886138 0.889002 0.865032 0.827221 0.786326 0.747578 0.712574 0.681867 0.656292 0.637221 0.626429 0.626041 0.638756 0.668372 0.720683 0.804915 0.935896 1.136656 1.437693 1.855841 2.313167 2.548068 2.364623 1.960315 1.596150 1.344791 1.178056 1.051722 0.936243 0.823369 0.717774 0.625423 0.548554 0.486235 0.436164 0.395863 0.363171 0.336360 0.314097 0.295373 0.279422 0.265663 0.253655 0.243056 0.233602 0.225088 0.217352 0.210266 0.203728 0.197657 0.191987 0.186666 0.181651 0.176905 0.172400 0.168112 0.164021 0.160110 0.156364 0.152772 0.149322 0.146005 0.142813 0.139739 0.136777 0.133920 0.131163 0.128501 0.125930 0.123445 0.121043 0.118720 0.116471 0.114295 0.112188 0.110146 0.108168 0.106250 0.104390 0.102585 0.100833 0.099132 0.097480 0.095874 0.094313 0.092794 0.091316 0.089878 0.088477 0.087112 0.085781 0.084483 0.083217 0.081981 0.080774 0.079595 0.078442 0.077315 0.076213 0.075135 0.074079 0.073045 0.072032
0.079663 0.081191 0.082741 0.084305 0.085875 0.087440 0.088990 0.090510 0.091988 0.093408 0.094757 0.096019 0.097182 0.098236 0.099173 0.099989 0.100681 0.101253 0.101712 0.102067 0.102330 0.102517 0.102642 0.102724 0.102777 0.102820 0.102866 0.102930 0.103025 0.103163 0.103353 0.103605 0.103927 0.104326 0.104810 0.105383 0.106054 0.106826 0.107709 0.108707 0.109830 0.111086 0.112485 0.114039 0.115761 0.117669 0.119781 0.122119 0.124711 0.127589 0.130793 0.134369 0.138376 0.142882 0.147974 0.153758 0.160365 0.167959 0.176746 0.186986 0.199005 0.213219 0.230152 0.250461 0.274954 0.304586 0.340398 0.383335 0.433811 0.490894 0.551069 0.607100 0.648417 0.664678 0.651454 0.613186 0.560228 0.503163 0.449239 0.401982 0.362336 0.329897 0.303733 0.282812 0.266189 0.253066 0.242795 0.234859 0.228851 0.224450 0.221402 0.219508 0.218608 0.218575 0.219307 0.220721 0.222748 0.225328 0.228403 0.231915 0.235793 0.239949 0.244267 0.248596 0.252744 0.256485 0.259567 0.261741 0.262796 0.262590 0.261082 0.258342 0.254535 0.249900 0.244704 0.239212 0.233662 0.228242 0.223097 0.218322 0.213976 0.210087 0.206661 0.203685 0.201140 0.198996 0.197222 0.195783 0.194645 0.193774 0.193135 0.192698 0.192432 0.192313 0.192316 0.192423 0.192619 0.192894 0.193245 0.193670 0.194176 0.194773 0.195475 0.196300 0.197270 0.198409 0.199743 0.201302 0.203116 0.205219 0.207647 0.210439 0.213638 0.217291 0.221452 0.226182 0.231548 0.237632 0.244522 0.252322 0.261146 0.271118 0.282370 0.295024 0.309179 0.324876 0.342052 0.360471 0.379650 0.398793 0.416778 0.432248 0.443852 0.450584 0.452102 0.448860 0.441980 0.432936 0.423218 0.414097 0.406544 0.401245 0.398678 0.399210 0.403173 0.410954 0.423057 0.440194 0.463380 0.494076 0.534367 0.587164 0.656294 0.745966 0.858282 0.986441 1.104454 1.169576 1.157391 1.089803 1.006696 0.931012 0.867198 0.812680 0.765226 0.724865 0.693211 0.672479 0.665145 0.674303 0.704585 0.763794 0.865901 1.037107 1.328791 1.844116 2.770479 4.218947 5.192250 4.249551 2.831013 1.932132 1.438128 1.156041 0.977130 0.847417 0.742652 0.653844 0.578280 0.514784 0.462065 0.418563 0.382671 0.352931 0.328107 0.307199 0.289412 0.274122 0.260840 0.249186 0.238858 0.229621 0.221286 0.213704 0.206756 0.200345 0.194394 0.188839 0.183629 0.178722 0.174083 0.169683 0.165497 0.161506 0.157693 0.154043 0.150544 0.147184 0.143955 0.140848 0.137856 0.134972 0.132190 0.129506 0.126913 0.124409 0.121988 0.119646 0.117380 0.115187 0.113064 0.111006 0.109012 0.107079 0.105204 0.103385 0.101619 0.099904 0.098238 0.096619 0.095045 0.093514 0.092024 0.090573 0.089161 0.087784 0.086443 0.085134 0.083858 0.082612 0.081396 0.080208 0.079046 0.077911 0.076801 0.075714 0.074651 0.073610 0.072590 0.071591
0.081026 0.082682 0.084368 0.086077 0.087798 0.089520 0.091228 0.092907 0.094539 0.096105 0.097588 0.098969 0.100230 0.101358 0.102343 0.103177 0.103859 0.104392 0.104785 0.105050 0.105204 0.105265 0.105253 0.105189 0.105094 0.104988 0.104888 0.104811 0.104772 0.104784 0.104858 0.105004 0.105229 0.105541 0.105947 0.106453 0.107064 0.107787 0.108627 0.109592 0.110690 0.111928 0.113318 0.114870 0.116601 0.118525 0.120664 0.123041 0.125686 0.128633 0.131925 0.135613 0.139762 0.144449 0.149772 0.155852 0.162842 0.170937 0.180386 0.191511 0.204730 0.220594 0.239830 0.263402 0.292586 0.329055 0.374927 0.432702 0.504831 0.592442 0.692536 0.793664 0.873351 0.905057 0.876255 0.799484 0.701296 0.604178 0.519592 0.450548 0.395929 0.353297 0.320164 0.294421 0.274409 0.258861 0.246825 0.237586 0.230604 0.225474 0.221887 0.219607 0.218457 0.218300 0.219035 0.220584 0.222890 0.225907 0.229597 0.233917 0.238812 0.244197 0.249948 0.255879 0.261737 0.267197 0.271876 0.275376 0.277341 0.277524 0.275843 0.272399 0.267457 0.261391 0.254611 0.247507 0.240407 0.233559 0.227136 0.221242 0.215927 0.211205 0.207064 0.203474 0.200398 0.197794 0.195617 0.193823 0.192370 0.191219 0.190333 0.189677 0.189222 0.188941 0.188810 0.188811 0.188930 0.189156 0.189484 0.189914 0.190449 0.191097 0.191871 0.192785 0.193860 0.195116 0.196580 0.198279 0.200243 0.202508 0.205110 0.208093 0.211505 0.215399 0.219841 0.224903 0.230672 0.237251 0.244762 0.253346 0.263171 0.274430 0.287343 0.302142 0.319061 0.338292 0.359918 0.383808 0.409460 0.435831 0.461217 0.483322 0.499649 0.508214 0.508289 0.500725 0.487632 0.471642 0.455201 0.440180 0.427818 0.418848 0.413687 0.412603 0.415856 0.423803 0.437003 0.456331 0.483149 0.519576 0.568930 0.636478 0.730604 0.864220 1.054337 1.310274 1.588511 1.743100 1.663853 1.458038 1.267250 1.129001 1.028322 0.946409 0.874253 0.811234 0.760206 0.724240 0.705932 0.708222 0.735927 0.798131 0.912798 1.117498 1.498499 2.283774 4.203269 9.968960 19.580611 9.984341 4.232678 2.324025 1.543824 1.159008 0.938728 0.795103 0.690677 0.608834 0.542074 0.486725 0.440599 0.402076 0.369817 0.342683 0.319722 0.300148 0.283325 0.268741 0.255984 0.244727 0.234709 0.225718 0.217586 0.210176 0.203378 0.197102 0.191275 0.185836 0.180737 0.175936 0.171399 0.167098 0.163010 0.159113 0.155392 0.151832 0.148419 0.145144 0.141996 0.138968 0.136052 0.133242 0.130531 0.127914 0.125387 0.122945 0.120584 0.118299 0.116089 0.113948 0.111874 0.109864 0.107916 0.106026 0.104192 0.102412 0.100683 0.099004 0.097372 0.095785 0.094241 0.092739 0.091277 0.089853 0.088466 0.087113 0.085794 0.084508 0.083252 0.082026 0.080829 0.079659 0.078515 0.077397 0.076302 0.075231 0.074183 0.073156 0.072150 0.071164
0.082512 0.084316 0.086163 0.088042 0.089943 0.091852 0.093753 0.095625 0.097447 0.099196 0.100848 0.102377 0.103763 0.104985 0.106029 0.106886 0.107553 0.108035 0.108343 0.108493 0.108507 0.108408 0.108223 0.107977 0.107698 0.107409 0.107132 0.106885 0.106687 0.106550 0.106487 0.106508 0.106621 0.106833 0.107150 0.107578 0.108121 0.108786 0.109578 0.110504 0.111570 0.112786 0.114160 0.115707 0.117439 0.119374 0.121533 0.123942 0.126630 0.129635 0.133002 0.136787 0.141060 0.145905 0.151431 0.157775 0.165108 0.173657 0.183712 0.195660 0.210014 0.227471 0.248987 0.275892 0.310059 0.354146 0.411933 0.488691 0.591352 0.727538 0.900993 1.099117 1.274136 1.347876 1.276908 1.104673 0.909359 0.738749 0.605457 0.505753 0.432023 0.377351 0.336477 0.305634 0.282176 0.264243 0.250521 0.240067 0.232203 0.226432 0.222389 0.219807 0.218490 0.218295 0.219123 0.220909 0.223612 0.227211 0.231694 0.237050 0.243253 0.250244 0.257902 0.266018 0.274266 0.282187 0.289201 0.294663 0.297966 0.298675 0.296632 0.292007 0.285248 0.276972 0.267830 0.258405 0.249153 0.240393 0.232316 0.225019 0.218529 0.212827 0.207869 0.203597 0.199948 0.196858 0.194266 0.192115 0.190353 0.188933 0.187813 0.186954 0.186324 0.185894 0.185642 0.185546 0.185593 0.185771 0.186075 0.186502 0.187056 0.187742 0.188570 0.189556 0.190715 0.192069 0.193641 0.195459 0.197554 0.199961 0.202720 0.205879 0.209489 0.213615 0.218330 0.223722 0.229897 0.236985 0.245141 0.254558 0.265466 0.278150 0.292948 0.310256 0.330520 0.354200 0.381692 0.413173 0.448329 0.485962 0.523577 0.557219 0.582047 0.593872 0.591048 0.575354 0.551117 0.523323 0.496091 0.472103 0.452773 0.438674 0.429952 0.426614 0.428724 0.436529 0.450580 0.471881 0.502118 0.544084 0.602475 0.685483 0.808130 0.999468 1.317401 1.866766 2.710175 3.294577 2.819978 2.084885 1.636467 1.399486 1.253895 1.135380 1.024295 0.923899 0.841838 0.782600 0.747878 0.739100 0.759899 0.818965 0.935298 1.151075 1.569516 2.494062 5.156870 19.563296 19.564292 19.567642 5.164103 2.501064 1.571221 1.140294 0.902851 0.754133 0.650966 0.573626 0.512527 0.462715 0.421382 0.386731 0.357475 0.332617 0.311363 0.293066 0.277199 0.263335 0.251128 0.240297 0.230613 0.221890 0.213979 0.206755 0.200117 0.193983 0.188283 0.182963 0.177974 0.173277 0.168840 0.164635 0.160639 0.156832 0.153198 0.149721 0.146390 0.143194 0.140123 0.137169 0.134324 0.131583 0.128938 0.126386 0.123920 0.121537 0.119232 0.117002 0.114843 0.112752 0.110725 0.108761 0.106855 0.105007 0.103212 0.101470 0.099777 0.098132 0.096532 0.094976 0.093462 0.091988 0.090553 0.089155 0.087792 0.086463 0.085166 0.083901 0.082665 0.081459 0.080280 0.079128 0.078001 0.076899 0.075820 0.074764 0.073730 0.072717 0.071724 0.070751
0.084128 0.086104 0.088138 0.090219 0.092335 0.094470 0.096605 0.098716 0.100775 0.102753 0.104618 0.106337 0.107881 0.109224 0.110344 0.111230 0.111877 0.112292 0.112488 0.112488 0.112321 0.112017 0.111612 0.111140 0.110631 0.110117 0.109624 0.109172 0.108783 0.108470 0.108247 0.108123 0.108106 0.108203 0.108418 0.108757 0.109224 0.109823 0.110560 0.111440 0.112469 0.113656 0.115011 0.116545 0.118273 0.120213 0.122385 0.124816 0.127537 0.130588 0.134016 0.137879 0.142253 0.147229 0.152923 0.159485 0.167106 0.176038 0.186611 0.199269 0.214618 0.233498 0.257099 0.287138 0.326160 0.378026 0.448733 0.547791 0.690378 0.899928 1.207332 1.629226 2.084834 2.304898 2.087475 1.634519 1.215304 0.910617 0.703834 0.564077 0.467925 0.400213 0.351446 0.315638 0.288946 0.268839 0.253616 0.242107 0.233494 0.227197 0.222799 0.220005 0.218605 0.218456 0.219465 0.221586 0.224803 0.229128 0.234596 0.241246 0.249110 0.258184 0.268389 0.279519 0.291181 0.302742 0.313319 0.321848 0.327266 0.328768 0.326056 0.319437 0.309720 0.297974 0.285265 0.272474 0.260228 0.248909 0.238703 0.229663 0.221758 0.214913 0.209030 0.204006 0.199740 0.196141 0.193124 0.190615 0.188549 0.186869 0.185526 0.184477 0.183684 0.183119 0.182754 0.182569 0.182548 0.182680 0.182958 0.183378 0.183942 0.184655 0.185526 0.186567 0.187794 0.189227 0.190890 0.192809 0.195016 0.197547 0.200447 0.203764 0.207558 0.211900 0.216873 0.222583 0.229156 0.236748 0.245556 0.255825 0.267867 0.282074 0.298941 0.319089 0.343282 0.372423 0.407499 0.449408 0.498555 0.554084 0.612726 0.667723 0.709198 0.727498 0.718527 0.686523 0.641287 0.592854 0.548158 0.510670 0.481482 0.460477 0.447112 0.440848 0.441370 0.448697 0.463288 0.486197 0.519340 0.566046 0.632165 0.728530 0.876904 1.126194 1.604273 2.718357 5.977582 11.385528 6.139665 3.049046 2.106060 1.774597 1.600649 1.431132 1.246610 1.076611 0.942324 0.847851 0.789996 0.765602 0.774916 0.823960 0.928702 1.125385 1.499354 2.277895 4.190387 9.948332 19.551111 9.944648 4.181622 2.261159 1.470128 1.077401 0.853900 0.712468 0.614899 0.542773 0.486618 0.441291 0.403824 0.372367 0.345671 0.322826 0.303132 0.286039 0.271100 0.257954 0.246306 0.235915 0.226580 0.218141 0.210463 0.203435 0.196965 0.190977 0.185409 0.180208 0.175329 0.170735 0.166395 0.162282 0.158375 0.154653 0.151101 0.147704 0.144450 0.141328 0.138329 0.135445 0.132667 0.129991 0.127409 0.124916 0.122509 0.120181 0.117930 0.115751 0.113641 0.111597 0.109616 0.107695 0.105831 0.104022 0.102265 0.100558 0.098900 0.097288 0.095719 0.094193 0.092708 0.091261 0.089852 0.088478 0.087139 0.085832 0.084558 0.083313 0.082097 0.080910 0.079749 0.078614 0.077504 0.076417 0.075354 0.074312 0.073292 0.072293 0.071313 0.070352
0.085881 0.088056 0.090309 0.092628 0.095002 0.097412 0.099834 0.102241 0.104597 0.106865 0.109003 0.110967 0.112717 0.114217 0.115437 0.116359 0.116979 0.117302 0.117351 0.117154 0.116750 0.116183 0.115497 0.114736 0.113942 0.113150 0.112392 0.111694 0.111076 0.110556 0.110145 0.109853 0.109687 0.109652 0.109753 0.109991 0.110372 0.110897 0.111571 0.112399 0.113385 0.114539 0.115868 0.117384 0.119102 0.121039 0.123217 0.125661 0.128405 0.131487 0.134959 0.138880 0.143329 0.148402 0.154222 0.160948 0.168787 0.178010 0.188978 0.202186 0.218314 0.238325 0.263612 0.296251 0.339427 0.398222 0.481084 0.602768 0.790462 1.097014 1.628190 2.575935 4.053849 5.039572 4.056357 2.580963 1.635766 1.107177 0.803265 0.618277 0.499379 0.419398 0.363592 0.323530 0.294145 0.272271 0.255853 0.243521 0.234337 0.227654 0.223015 0.220105 0.218707 0.218683 0.219955 0.222500 0.226340 0.231535 0.238185 0.246411 0.256346 0.268096 0.281695 0.297010 0.313629 0.330727 0.346967 0.360555 0.369541 0.372366 0.368427 0.358329 0.343635 0.326296 0.308104 0.290389 0.273969 0.259241 0.246316 0.235135 0.225554 0.217395 0.210479 0.204636 0.199717 0.195589 0.192140 0.189275 0.186912 0.184983 0.183428 0.182200 0.181257 0.180566 0.180098 0.179831 0.179747 0.179835 0.180085 0.180494 0.181063 0.181794 0.182696 0.183780 0.185062 0.186559 0.188296 0.190299 0.192601 0.195240 0.198261 0.201718 0.205676 0.210213 0.215425 0.221430 0.228376 0.236449 0.245887 0.256996 0.270172 0.285937 0.304979 0.328207 0.356827 0.392416 0.436974 0.492862 0.562395 0.646654 0.742855 0.840290 0.917919 0.950898 0.927538 0.859679 0.772321 0.686673 0.613631 0.556193 0.513536 0.483651 0.464564 0.454762 0.453306 0.459845 0.474645 0.498703 0.534016 0.584154 0.655503 0.760093 0.922795 1.202491 1.769678 3.311716 11.391663 11.491445 11.629089 3.819566 2.600189 2.362621 2.253374 1.977475 1.606525 1.288275 1.063764 0.918015 0.830145 0.786339 0.780565 0.814090 0.896822 1.052334 1.330183 1.832151 2.744476 4.177176 5.132053 4.167614 2.724039 1.798151 1.278441 0.977026 0.790261 0.666357 0.578821 0.513508 0.462561 0.421445 0.387433 0.358796 0.334376 0.313347 0.295091 0.279131 0.265084 0.252642 0.241550 0.231602 0.222626 0.214478 0.207040 0.200213 0.193916 0.188079 0.182644 0.177562 0.172792 0.168300 0.164055 0.160032 0.156210 0.152570 0.149096 0.145775 0.142593 0.139542 0.136611 0.133792 0.131078 0.128462 0.125940 0.123504 0.121151 0.118876 0.116676 0.114546 0.112483 0.110483 0.108545 0.106665 0.104841 0.103069 0.101349 0.099677 0.098052 0.096471 0.094933 0.093436 0.091978 0.090557 0.089173 0.087824 0.086507 0.085223 0.083969 0.082744 0.081548 0.080379 0.079235 0.078117 0.077023 0.075952 0.074903 0.073876 0.072870 0.071883 0.070916 0.069967
0.087776 0.090182 0.092690 0.095293 0.097975 0.100718 0.103495 0.106271 0.109003 0.111643 0.114134 0.116419 0.118441 0.120148 0.121500 0.122470 0.123050 0.123251 0.123101 0.122641 0.121926 0.121015 0.119967 0.118840 0.117686 0.116550 0.115468 0.114471 0.113582 0.112816 0.112186 0.111701 0.111364 0.111180 0.111151 0.111278 0.111562 0.112005 0.112609 0.113378 0.114316 0.115431 0.116729 0.118222 0.119924 0.121852 0.124027 0.126475 0.129229 0.132330 0.135827 0.139784 0.144279 0.149412 0.155311 0.162139 0.170113 0.179517 0.190734 0.204287 0.220909 0.241646 0.268032 0.302395 0.348392 0.412042 0.503792 0.643054 0.869130 1.271024 2.082794 4.052847 9.960957 19.807130 9.963329 4.057605 2.089967 1.280652 0.881271 0.657776 0.521181 0.432199 0.371433 0.328452 0.297258 0.274212 0.257012 0.244150 0.234611 0.227702 0.222947 0.220020 0.218706 0.218880 0.220485 0.223532 0.228088 0.234283 0.242304 0.252396 0.264853 0.279987 0.298065 0.319191 0.343093 0.368823 0.394429 0.416841 0.432298 0.437542 0.431256 0.414756 0.391301 0.364647 0.337861 0.312887 0.290661 0.271438 0.255095 0.241332 0.229803 0.220167 0.212122 0.205408 0.199808 0.195142 0.191263 0.188048 0.185398 0.183230 0.181477 0.180083 0.179002 0.178195 0.177633 0.177290 0.177148 0.177193 0.177416 0.177812 0.178380 0.179122 0.180047 0.181164 0.182487 0.184036 0.185832 0.187904 0.190284 0.193012 0.196135 0.199712 0.203811 0.208517 0.213938 0.220204 0.227485 0.235994 0.246010 0.257901 0.272152 0.289425 0.310622 0.336998 0.370320 0.413092 0.468874 0.542627 0.640871 0.770784 0.935905 1.124452 1.291656 1.364237 1.301523 1.144346 0.966147 0.811873 0.693506 0.607732 0.547645 0.507053 0.481402 0.467654 0.463977 0.469509 0.484227 0.508975 0.545661 0.597762 0.671410 0.777846 0.939353 1.205519 1.705213 2.847551 6.146072 11.615311 6.479803 3.612536 3.135930 3.617511 4.007538 3.247359 2.225566 1.569587 1.198380 0.986133 0.864260 0.799632 0.777321 0.792780 0.849155 0.957442 1.138022 1.419338 1.816403 2.249483 2.455114 2.235613 1.787421 1.372697 1.069740 0.861882 0.718659 0.617026 0.542154 0.484875 0.439543 0.402635 0.371907 0.345884 0.323556 0.304201 0.287285 0.272392 0.259198 0.247435 0.236890 0.227382 0.218762 0.210907 0.203713 0.197091 0.190969 0.185283 0.179981 0.175019 0.170357 0.165964 0.161812 0.157876 0.154136 0.150575 0.147176 0.143926 0.140814 0.137830 0.134963 0.132206 0.129552 0.126994 0.124527 0.122146 0.119845 0.117620 0.115468 0.113384 0.111365 0.109409 0.107512 0.105671 0.103884 0.102149 0.100464 0.098825 0.097231 0.095681 0.094172 0.092703 0.091272 0.089877 0.088517 0.087191 0.085896 0.084633 0.083400 0.082195 0.081017 0.079865 0.078739 0.077637 0.076559 0.075503 0.074469 0.073455 0.072462 0.071488 0.070533 0.069596
0.089818 0.092490 0.095297 0.098235 0.101289 0.104438 0.107654 0.110894 0.114106 0.117226 0.120180 0.122890 0.125276 0.127263 0.128793 0.129828 0.130353 0.130385 0.129963 0.129149 0.128019 0.126653 0.125134 0.123537 0.121929 0.120364 0.118886 0.117528 0.116314 0.115260 0.114376 0.113668 0.113138 0.112786 0.112612 0.112614 0.112792 0.113144 0.113672 0.114376 0.115261 0.116330 0.117593 0.119058 0.120738 0.122650 0.124814 0.127257 0.130010 0.133114 0.136619 0.140588 0.145100 0.150254 0.156181 0.163045 0.171065 0.180529 0.191827 0.205494 0.222280 0.243257 0.270014 0.304967 0.351950 0.417334 0.512348 0.658312 0.899849 1.343787 2.301888 5.037602 19.806163 19.807249 19.808396 5.042081 2.308644 1.352864 0.911308 0.672226 0.528810 0.436450 0.373845 0.329784 0.297916 0.274431 0.256939 0.243883 0.234227 0.227266 0.222521 0.219673 0.218519 0.218953 0.220947 0.224552 0.229895 0.237188 0.246740 0.258966 0.274403 0.293702 0.317582 0.346700 0.381335 0.420795 0.462534 0.501318 0.529513 0.539650 0.528526 0.499341 0.459560 0.416813 0.376325 0.340635 0.310419 0.285382 0.264843 0.248055 0.234327 0.223080 0.213838 0.206223 0.199934 0.194734 0.190434 0.186884 0.183962 0.181572 0.179636 0.178089 0.176881 0.175970 0.175322 0.174911 0.174715 0.174721 0.174917 0.175298 0.175861 0.176610 0.177549 0.178690 0.180045 0.181632 0.183474 0.185600 0.188042 0.190840 0.194046 0.197718 0.201932 0.206777 0.212369 0.218853 0.226414 0.235291 0.245802 0.258368 0.273564 0.292185 0.315354 0.344692 0.382598 0.432703 0.500649 0.595376 0.731141 0.929953 1.220821 1.619388 2.049930 2.259923 2.060001 1.639695 1.251697 0.971918 0.784919 0.661931 0.581225 0.528888 0.496406 0.478681 0.472782 0.477240 0.491694 0.516770 0.554172 0.607038 0.680695 0.784237 0.933840 1.159968 1.522366 2.128947 3.049315 3.749034 3.479547 3.187663 3.903062 7.328005 13.363832 7.004578 3.177782 1.870497 1.316565 1.038540 0.886436 0.803554 0.766032 0.764105 0.795424 0.862268 0.969227 1.118048 1.295094 1.452758 1.513988 1.435767 1.259924 1.062255 0.888952 0.751966 0.647387 0.567620 0.505852 0.456973 0.417400 0.384677 0.357123 0.333573 0.313203 0.295413 0.279749 0.265863 0.253478 0.242369 0.232351 0.223273 0.215005 0.207440 0.200488 0.194070 0.188122 0.182587 0.177418 0.172573 0.168018 0.163723 0.159661 0.155809 0.152149 0.148662 0.145335 0.142154 0.139108 0.136187 0.133381 0.130683 0.128086 0.125584 0.123170 0.120839 0.118587 0.116410 0.114304 0.112264 0.110288 0.108372 0.106515 0.104712 0.102961 0.101261 0.099608 0.098002 0.096439 0.094918 0.093437 0.091995 0.090589 0.089219 0.087883 0.086579 0.085306 0.084064 0.082850 0.081664 0.080504 0.079370 0.078261 0.077175 0.076111 0.075070 0.074049 0.073049 0.072069 0.071107 0.070164 0.069238
0.092009 0.094986 0.098142 0.101476 0.104976 0.108623 0.112384 0.116211 0.120040 0.123789 0.127359 0.130642 0.133524 0.135897 0.137673 0.138795 0.139243 0.139037 0.138239 0.136939 0.135245 0.133273 0.131135 0.128931 0.126745 0.124645 0.122680 0.120886 0.119286 0.117894 0.116716 0.115754 0.115005 0.114465 0.114131 0.113996 0.114058 0.114311 0.114756 0.115390 0.116216 0.117237 0.118458 0.119890 0.121543 0.123433 0.125579 0.128008 0.130749 0.133843 0.137338 0.141295 0.145794 0.150931 0.156834 0.163666 0.171640 0.181040 0.192249 0.205788 0.222388 0.243094 0.269442 0.303756 0.349695 0.413275 0.504946 0.644118 0.870095 1.271879 2.083531 4.053456 9.961432 19.807465 9.963517 4.057643 2.089851 1.280380 0.880841 0.657191 0.520442 0.431311 0.370403 0.327291 0.295980 0.272837 0.255566 0.242667 0.233136 0.226295 0.221684 0.219005 0.218075 0.218815 0.221232 0.225423 0.231586 0.240030 0.251212 0.265771 0.284581 0.308811 0.339958 0.379802 0.430088 0.491613 0.562200 0.633576 0.689515 0.710862 0.688571 0.631681 0.559345 0.487779 0.425249 0.373920 0.332981 0.300666 0.275175 0.254979 0.238873 0.225937 0.215476 0.206965 0.200005 0.194293 0.189597 0.185734 0.182562 0.179970 0.177868 0.176185 0.174865 0.173860 0.173136 0.172664 0.172420 0.172389 0.172559 0.172924 0.173481 0.174230 0.175178 0.176334 0.177711 0.179326 0.181202 0.183366 0.185854 0.188705 0.191971 0.195714 0.200012 0.204961 0.210682 0.217328 0.225100 0.234257 0.245146 0.258235 0.274172 0.293866 0.318634 0.350433 0.392262 0.448901 0.528292 0.644294 0.822433 1.112311 1.613175 2.505119 3.894753 4.823106 3.904980 2.525741 1.644536 1.154944 0.877083 0.711952 0.610239 0.546772 0.508132 0.486936 0.479123 0.482639 0.496793 0.521994 0.559726 0.612737 0.685465 0.784787 0.921164 1.109973 1.370944 1.716632 2.109510 2.421355 2.600050 2.947999 4.415220 13.545985 13.381224 13.257336 3.819708 2.022185 1.369659 1.059074 0.890944 0.796584 0.747650 0.731417 0.742231 0.777693 0.835882 0.911865 0.993066 1.056530 1.075576 1.037350 0.953566 0.849687 0.747282 0.657232 0.582241 0.521067 0.471247 0.430337 0.396312 0.367614 0.343086 0.321873 0.303341 0.287014 0.272523 0.259583 0.247962 0.237473 0.227961 0.219296 0.211369 0.204087 0.197371 0.191153 0.185376 0.179989 0.174950 0.170222 0.165771 0.161571 0.157596 0.153826 0.150242 0.146828 0.143569 0.140454 0.137471 0.134610 0.131862 0.129221 0.126678 0.124227 0.121864 0.119582 0.117377 0.115245 0.113182 0.111185 0.109249 0.107373 0.105553 0.103786 0.102070 0.100403 0.098783 0.097207 0.095674 0.094181 0.092727 0.091311 0.089930 0.088584 0.087271 0.085989 0.084737 0.083515 0.082320 0.081152 0.080010 0.078893 0.077799 0.076729 0.075680 0.074653 0.073646 0.072659 0.071691 0.070741 0.069810 0.068895
0.094346 0.097672 0.101234 0.105036 0.109073 0.113328 0.117769 0.122344 0.126973 0.131554 0.135955 0.140023 0.143594 0.146510 0.148635 0.149880 0.150214 0.149670 0.148339 0.146358 0.143889 0.141096 0.138136 0.135142 0.132219 0.129448 0.126885 0.124566 0.122508 0.120722 0.119206 0.117955 0.116960 0.116213 0.115702 0.115419 0.115354 0.115502 0.115857 0.116417 0.117179 0.118147 0.119325 0.120719 0.122340 0.124203 0.126325 0.128731 0.131450 0.134520 0.137988 0.141913 0.146370 0.151454 0.157284 0.164018 0.171859 0.181076 0.192030 0.205210 0.221295 0.241247 0.266458 0.299000 0.342059 0.400715 0.483418 0.604921 0.792414 1.098746 1.629684 2.577173 4.054817 5.040256 4.056746 2.581049 1.635541 1.106636 0.802408 0.617105 0.497897 0.417613 0.361521 0.321191 0.291568 0.269493 0.252925 0.240509 0.231331 0.224769 0.220405 0.217970 0.217313 0.218385 0.221234 0.226007 0.232973 0.242554 0.255370 0.272329 0.294734 0.324469 0.364229 0.417793 0.490138 0.586748 0.710310 0.851718 0.976496 1.028231 0.975584 0.849888 0.707547 0.583031 0.485433 0.412055 0.357399 0.316467 0.285457 0.261643 0.243109 0.228503 0.216865 0.207507 0.199925 0.193746 0.188692 0.184550 0.181157 0.178388 0.176142 0.174341 0.172923 0.171838 0.171048 0.170522 0.170236 0.170172 0.170318 0.170667 0.171214 0.171961 0.172913 0.174077 0.175467 0.177100 0.178997 0.181187 0.183703 0.186587 0.189892 0.193680 0.198031 0.203044 0.208843 0.215590 0.223492 0.232823 0.243949 0.257369 0.273777 0.294163 0.319976 0.353411 0.397912 0.459137 0.546903 0.679441 0.893641 1.273019 2.037171 3.888180 9.433674 18.673717 9.444006 3.909016 2.068860 1.316104 0.948878 0.747839 0.629766 0.558130 0.515149 0.491574 0.482478 0.485372 0.499334 0.524625 0.562583 0.615712 0.687907 0.784767 0.913758 1.083586 1.301083 1.562967 1.844196 2.104907 2.351513 2.743261 3.808683 7.359352 13.424583 7.060781 3.220176 1.898206 1.330789 1.040269 0.875613 0.778603 0.723305 0.696964 0.692772 0.706479 0.734201 0.770518 0.806969 0.832224 0.835415 0.811613 0.764656 0.704242 0.640361 0.579815 0.525836 0.479199 0.439420 0.405546 0.376569 0.351593 0.329878 0.310840 0.294017 0.279048 0.265649 0.253590 0.242684 0.232778 0.223743 0.215471 0.207869 0.200857 0.194369 0.188345 0.182734 0.177491 0.172578 0.167962 0.163612 0.159503 0.155613 0.151922 0.148411 0.145067 0.141874 0.138821 0.135898 0.133095 0.130403 0.127815 0.125323 0.122923 0.120607 0.118372 0.116212 0.114123 0.112102 0.110145 0.108248 0.106409 0.104625 0.102893 0.101211 0.099576 0.097986 0.096440 0.094935 0.093470 0.092042 0.090651 0.089295 0.087972 0.086680 0.085420 0.084188 0.082985 0.081809 0.080659 0.079534 0.078433 0.077355 0.076300 0.075266 0.074252 0.073259 0.072284 0.071328 0.070390 0.069469 0.068565
0.096824 0.100547 0.104577 0.108929 0.113609 0.118609 0.123900 0.129429 0.135106 0.140800 0.146337 0.151502 0.156055 0.159753 0.162386 0.163811 0.163975 0.162933 0.160830 0.157878 0.154321 0.150403 0.146340 0.142308 0.138441 0.134830 0.131533 0.128581 0.125984 0.123740 0.121838 0.120263 0.118996 0.118020 0.117318 0.116875 0.116676 0.116712 0.116972 0.117453 0.118149 0.119061 0.120191 0.121545 0.123130 0.124961 0.127054 0.129431 0.132119 0.135154 0.138581 0.142454 0.146844 0.151840 0.157554 0.164132 0.171761 0.180689 0.191243 0.203863 0.219152 0.237947 0.261433 0.291329 0.330176 0.381834 0.452300 0.551085 0.693368 0.902584 1.209625 1.631131 2.086328 2.305961 2.088090 1.634672 1.214985 0.909818 0.702553 0.562315 0.465689 0.397516 0.348308 0.312088 0.285024 0.264600 0.249134 0.237479 0.228848 0.222700 0.218673 0.216540 0.216186 0.217596 0.220856 0.226165 0.233865 0.244482 0.258811 0.278040 0.303962 0.339326 0.388431 0.458111 0.559297 0.708878 0.929127 1.232032 1.559305 1.716670 1.558419 1.230253 0.926438 0.705255 0.554702 0.452494 0.381726 0.331449 0.294804 0.267463 0.246644 0.230510 0.217821 0.207720 0.199599 0.193021 0.187664 0.183288 0.179712 0.176795 0.174429 0.172530 0.171032 0.169881 0.169035 0.168464 0.168142 0.168049 0.168174 0.168506 0.169043 0.169785 0.170735 0.171901 0.173297 0.174937 0.176845 0.179046 0.181575 0.184475 0.187795 0.191601 0.195971 0.201006 0.206832 0.213612 0.221557 0.230944 0.242147 0.255676 0.272241 0.292862 0.319035 0.353041 0.398488 0.461367 0.552230 0.691096 0.919848 1.338723 2.240205 4.809518 18.666674 18.671583 18.677061 4.830464 2.272061 1.382035 0.975379 0.759860 0.635540 0.560901 0.516374 0.491984 0.482476 0.485209 0.499184 0.524631 0.562879 0.616438 0.689223 0.786878 0.917032 1.089018 1.311871 1.588364 1.903067 2.211289 2.461976 2.685712 3.061578 3.751432 4.162068 3.373212 2.315293 1.626649 1.227433 0.990130 0.843550 0.751366 0.694450 0.662142 0.648000 0.647523 0.656714 0.671079 0.685143 0.692858 0.689077 0.671450 0.641293 0.602643 0.560274 0.518096 0.478547 0.442760 0.410992 0.383025 0.358442 0.336781 0.317609 0.300550 0.285289 0.271567 0.259170 0.247922 0.237677 0.228311 0.219721 0.211816 0.204519 0.197763 0.191491 0.185650 0.180197 0.175092 0.170300 0.165792 0.161539 0.157519 0.153710 0.150093 0.146654 0.143375 0.140246 0.137253 0.134387 0.131639 0.129000 0.126463 0.124021 0.121668 0.119398 0.117207 0.115090 0.113043 0.111062 0.109143 0.107284 0.105481 0.103731 0.102032 0.100382 0.098778 0.097218 0.095701 0.094223 0.092784 0.091382 0.090015 0.088682 0.087382 0.086112 0.084872 0.083660 0.082476 0.081318 0.080185 0.079077 0.077992 0.076929 0.075888 0.074868 0.073868 0.072887 0.071924 0.070980 0.070053 0.069143 0.068249
0.099428 0.103598 0.108166 0.113162 0.118609 0.124517 0.130872 0.137625 0.144682 0.151883 0.158999 0.165727 0.171710 0.176569 0.179965 0.181659 0.181565 0.179770 0.176516 0.172144 0.167034 0.161547 0.155987 0.150586 0.145505 0.140842 0.136647 0.132939 0.129709 0.126939 0.124601 0.122665 0.121099 0.119876 0.118969 0.118356 0.118016 0.117933 0.118096 0.118494 0.119122 0.119976 0.121057 0.122368 0.123916 0.125712 0.127771 0.130113 0.132763 0.135755 0.139127 0.142933 0.147236 0.152116 0.157678 0.164050 0.171404 0.179956 0.189994 0.201898 0.216177 0.233525 0.254894 0.281609 0.315542 0.359351 0.416814 0.493204 0.595453 0.731186 0.904151 1.101748 1.276209 1.349364 1.277787 1.104925 0.908968 0.737706 0.603759 0.503399 0.429022 0.373718 0.332237 0.300823 0.276844 0.258461 0.244380 0.233691 0.225753 0.220121 0.216498 0.214705 0.214663 0.216392 0.220015 0.225776 0.234077 0.245541 0.261113 0.282241 0.311185 0.351574 0.409478 0.495515 0.629283 0.848891 1.230634 1.912981 2.977884 3.687716 2.977020 1.911245 1.228008 0.845347 0.624780 0.490002 0.402885 0.343814 0.302146 0.271785 0.249067 0.231693 0.218166 0.207480 0.198941 0.192054 0.186465 0.181910 0.178193 0.175163 0.172706 0.170732 0.169171 0.167967 0.167079 0.166471 0.166119 0.166003 0.166108 0.166426 0.166952 0.167685 0.168630 0.169793 0.171186 0.172826 0.174732 0.176933 0.179460 0.182355 0.185669 0.189465 0.193821 0.198837 0.204636 0.211380 0.219276 0.228598 0.239713 0.253119 0.269512 0.289882 0.315680 0.349099 0.393585 0.454797 0.542553 0.675085 0.889282 1.268663 2.032822 3.883844 9.429356 18.669425 9.439746 3.904794 2.064683 1.311978 0.944810 0.743836 0.625836 0.554281 0.511394 0.487930 0.478969 0.482040 0.496251 0.521922 0.560511 0.614775 0.689169 0.790574 0.929505 1.121969 1.391663 1.769068 2.270946 2.820974 3.163944 3.121103 2.909343 2.750960 2.559842 2.193666 1.750180 1.376438 1.108160 0.925021 0.801230 0.717915 0.662771 0.627853 0.607793 0.598578 0.596720 0.598747 0.601022 0.600006 0.592897 0.578342 0.556725 0.529809 0.499951 0.469348 0.439623 0.411753 0.386183 0.363007 0.342120 0.323322 0.306385 0.291086 0.277225 0.264624 0.253132 0.242619 0.232973 0.224100 0.215916 0.208348 0.201332 0.194814 0.188742 0.183074 0.177769 0.172794 0.168117 0.163710 0.159550 0.155614 0.151882 0.148338 0.144965 0.141751 0.138681 0.135746 0.132935 0.130240 0.127651 0.125163 0.122768 0.120460 0.118234 0.116086 0.114010 0.112002 0.110059 0.108178 0.106354 0.104586 0.102869 0.101203 0.099584 0.098010 0.096479 0.094989 0.093538 0.092124 0.090747 0.089403 0.088093 0.086814 0.085565 0.084345 0.083152 0.081987 0.080846 0.079730 0.078638 0.077568 0.076520 0.075494 0.074487 0.073499 0.072531 0.071580 0.070647 0.069731 0.068832 0.067948
0.102139 0.106807 0.111984 0.117725 0.124081 0.131091 0.138773 0.147099 0.155983 0.165244 0.174590 0.183596 0.191721 0.198361 0.202945 0.205060 0.204554 0.201582 0.196558 0.190055 0.182679 0.174973 0.167363 0.160146 0.153502 0.147524 0.142238 0.137631 0.133668 0.130300 0.127475 0.125142 0.123253 0.121765 0.120642 0.119850 0.119364 0.119160 0.119223 0.119538 0.120096 0.120891 0.121922 0.123189 0.124698 0.126458 0.128481 0.130785 0.133393 0.136334 0.139645 0.143371 0.147571 0.152315 0.157696 0.163828 0.170857 0.178970 0.188411 0.199493 0.212630 0.228366 0.247423 0.270761 0.299655 0.335774 0.381236 0.438544 0.510149 0.597181 0.696648 0.797102 0.876075 0.907032 0.877450 0.799876 0.700866 0.602913 0.517485 0.447599 0.392147 0.348698 0.314776 0.288285 0.267583 0.251426 0.238888 0.229290 0.222139 0.217089 0.213910 0.212470 0.212730 0.214738 0.218649 0.224741 0.233461 0.245497 0.261902 0.284311 0.315324 0.359250 0.423601 0.522360 0.683861 0.972301 1.556536 2.976512 7.237776 14.340322 7.236931 2.974813 1.553964 0.968827 0.679443 0.516944 0.417116 0.351607 0.306412 0.273992 0.250008 0.231819 0.217748 0.206686 0.197877 0.190793 0.185054 0.180384 0.176574 0.173470 0.170952 0.168926 0.167322 0.166082 0.165162 0.164528 0.164154 0.164018 0.164107 0.164411 0.164926 0.165650 0.166585 0.167740 0.169125 0.170755 0.172651 0.174838 0.177348 0.180222 0.183508 0.187267 0.191577 0.196531 0.202252 0.208892 0.216651 0.225790 0.236656 0.249719 0.265625 0.285286 0.310021 0.341787 0.383586 0.440199 0.519569 0.635556 0.813690 1.103572 1.604450 2.496419 3.886091 4.814495 3.896433 2.517270 1.636156 1.146667 0.868923 0.703921 0.602353 0.539048 0.500592 0.479609 0.472054 0.475899 0.490502 0.516366 0.555160 0.610013 0.686191 0.792466 0.943915 1.167867 1.516948 2.096274 3.097075 4.634159 5.695202 4.815797 3.458205 2.611201 2.114764 1.752168 1.446576 1.195241 1.001402 0.858277 0.754960 0.681415 0.629892 0.594713 0.571670 0.557452 0.549214 0.544311 0.540226 0.534700 0.526009 0.513246 0.496420 0.476296 0.454054 0.430924 0.407929 0.385792 0.364939 0.345563 0.327706 0.311316 0.296293 0.282522 0.269885 0.258271 0.247578 0.237716 0.228604 0.220170 0.212349 0.205084 0.198323 0.192019 0.186131 0.180620 0.175452 0.170597 0.166027 0.161717 0.157643 0.153786 0.150128 0.146652 0.143344 0.140189 0.137178 0.134297 0.131539 0.128893 0.126354 0.123912 0.121562 0.119298 0.117114 0.115006 0.112970 0.111000 0.109094 0.107248 0.105459 0.103724 0.102040 0.100404 0.098815 0.097270 0.095766 0.094303 0.092878 0.091489 0.090136 0.088815 0.087527 0.086269 0.085040 0.083839 0.082665 0.081517 0.080394 0.079295 0.078218 0.077163 0.076129 0.075116 0.074123 0.073148 0.072191 0.071252 0.070330 0.069424 0.068534 0.067660
0.104926 0.110141 0.116000 0.122592 0.130012 0.138349 0.147674 0.158016 0.169326 0.181430 0.193974 0.206374 0.217807 0.227280 0.233797 0.236603 0.235418 0.230524 0.222678 0.212877 0.202118 0.191225 0.180784 0.171151 0.162504 0.154893 0.148291 0.142632 0.137829 0.133791 0.130430 0.127668 0.125434 0.123669 0.122320 0.121346 0.120710 0.120384 0.120346 0.120578 0.121067 0.121804 0.122785 0.124010 0.125480 0.127203 0.129190 0.131455 0.134019 0.136907 0.140151 0.143791 0.147879 0.152475 0.157658 0.163526 0.170201 0.177839 0.186636 0.196844 0.208780 0.222854 0.239582 0.259618 0.283763 0.312972 0.348286 0.390650 0.440482 0.496852 0.556253 0.611452 0.651887 0.667222 0.653036 0.613775 0.559801 0.501703 0.446738 0.398437 0.357754 0.324295 0.297141 0.275273 0.257765 0.243845 0.232893 0.224435 0.218113 0.213673 0.210950 0.209858 0.210388 0.212619 0.216723 0.222999 0.231915 0.244189 0.260915 0.283796 0.315563 0.360782 0.427530 0.531167 0.703868 1.022690 1.712551 3.684992 14.338970 14.338519 14.338142 3.683326 1.710029 1.019281 0.699530 0.525845 0.421154 0.353262 0.306790 0.273636 0.249204 0.230728 0.216465 0.205267 0.196360 0.189202 0.183405 0.178687 0.174838 0.171700 0.169152 0.167100 0.165473 0.164212 0.163273 0.162622 0.162232 0.162083 0.162159 0.162451 0.162955 0.163667 0.164591 0.165733 0.167104 0.168718 0.170593 0.172756 0.175235 0.178070 0.181308 0.185006 0.189238 0.194093 0.199686 0.206160 0.213702 0.222552 0.233027 0.245550 0.260699 0.279269 0.302385 0.331672 0.369530 0.419593 0.487505 0.582208 0.717963 0.916779 1.207667 1.606272 2.036870 2.246939 2.047114 1.626923 1.239062 0.959438 0.772615 0.649822 0.569332 0.517235 0.485022 0.467602 0.462060 0.466958 0.481982 0.507847 0.546425 0.601171 0.678053 0.787537 0.949010 1.201566 1.633603 2.477667 4.477663 10.396792 20.235294 10.507425 4.691419 2.774538 1.978510 1.552602 1.272788 1.067772 0.912871 0.796062 0.708799 0.644268 0.597100 0.563132 0.539108 0.522383 0.510697 0.502033 0.494574 0.486768 0.477446 0.465930 0.452071 0.436167 0.418798 0.400644 0.382332 0.364359 0.347068 0.330663 0.315241 0.300828 0.287404 0.274923 0.263327 0.252557 0.242551 0.233249 0.224597 0.216543 0.209038 0.202038 0.195500 0.189386 0.183661 0.178292 0.173249 0.168504 0.164032 0.159809 0.155817 0.152034 0.148445 0.145034 0.141786 0.138689 0.135732 0.132904 0.130196 0.127599 0.125105 0.122708 0.120401 0.118179 0.116036 0.113967 0.111968 0.110036 0.108165 0.106354 0.104598 0.102894 0.101241 0.099636 0.098075 0.096558 0.095082 0.093644 0.092244 0.090879 0.089549 0.088250 0.086983 0.085746 0.084537 0.083355 0.082199 0.081068 0.079962 0.078878 0.077816 0.076776 0.075756 0.074756 0.073775 0.072813 0.071867 0.070939 0.070028 0.069132 0.068252 0.067387
0.107748 0.113553 0.120160 0.127709 0.136355 0.146265 0.157606 0.170512 0.185039 0.201085 0.218278 0.235857 0.252576 0.266761 0.276588 0.280595 0.278220 0.270028 0.257481 0.242406 0.226480 0.210948 0.196577 0.183740 0.172539 0.162924 0.154761 0.147888 0.142140 0.137364 0.133427 0.130210 0.127616 0.125565 0.123987 0.122828 0.122043 0.121597 0.121460 0.121611 0.122033 0.122714 0.123649 0.124832 0.126266 0.127954 0.129906 0.132134 0.134654 0.137489 0.140666 0.144220 0.148193 0.152636 0.157616 0.163212 0.169523 0.176674 0.184817 0.194143 0.204889 0.217343 0.231857 0.248844 0.268769 0.292115 0.319298 0.350495 0.385362 0.422611 0.459562 0.491978 0.514669 0.523131 0.515560 0.493790 0.462353 0.426467 0.390398 0.356852 0.327143 0.301642 0.280195 0.262411 0.247836 0.236031 0.226617 0.219281 0.213783 0.209949 0.207671 0.206901 0.207659 0.210041 0.214232 0.220532 0.229408 0.241561 0.258055 0.280529 0.311593 0.355559 0.419942 0.518727 0.680251 0.968713 1.552966 2.972961 7.234243 14.336806 7.233431 2.971327 1.550492 0.965366 0.675992 0.513500 0.413678 0.348170 0.302974 0.270550 0.246558 0.228359 0.214275 0.203196 0.194369 0.187264 0.181502 0.176807 0.172972 0.169841 0.167296 0.165243 0.163612 0.162347 0.161402 0.160744 0.160346 0.160187 0.160254 0.160537 0.161029 0.161729 0.162639 0.163765 0.165116 0.166707 0.168554 0.170681 0.173117 0.175899 0.179070 0.182684 0.186811 0.191533 0.196955 0.203209 0.210464 0.218934 0.228900 0.240731 0.254915 0.272115 0.293238 0.319541 0.352794 0.395506 0.451237 0.524954 0.623181 0.753095 0.918241 1.106837 1.274115 1.346797 1.284213 1.127192 0.949177 0.795112 0.676981 0.591469 0.531670 0.491393 0.466089 0.452725 0.449484 0.455520 0.470846 0.496355 0.534028 0.587434 0.662780 0.771156 0.933687 1.194618 1.659957 2.639348 5.388290 20.099241 20.134077 20.168479 5.520788 2.822408 1.874775 1.420015 1.151577 0.970157 0.838273 0.739381 0.664529 0.607889 0.565237 0.533342 0.509647 0.492057 0.478789 0.468289 0.459202 0.450400 0.441026 0.430538 0.418722 0.405643 0.391565 0.376849 0.361866 0.346944 0.332339 0.318229 0.304729 0.291901 0.279773 0.268345 0.257606 0.247530 0.238089 0.229251 0.220980 0.213242 0.206001 0.199223 0.192874 0.186923 0.181339 0.176094 0.171160 0.166513 0.162129 0.157988 0.154070 0.150356 0.146831 0.143481 0.140290 0.137248 0.134343 0.131564 0.128904 0.126353 0.123904 0.121549 0.119284 0.117102 0.114998 0.112967 0.111005 0.109107 0.107271 0.105493 0.103769 0.102097 0.100473 0.098897 0.097364 0.095874 0.094424 0.093011 0.091636 0.090294 0.088986 0.087709 0.086463 0.085245 0.084055 0.082892 0.081753 0.080639 0.079549 0.078481 0.077434 0.076408 0.075401 0.074414 0.073445 0.072494 0.071560 0.070643 0.069742 0.068856 0.067985 0.067128
0.110553 0.116977 0.124387 0.132985 0.143012 0.154751 0.168519 0.184643 0.203401 0.224911 0.248935 0.274598 0.300081 0.322513 0.338378 0.344624 0.340023 0.325804 0.305022 0.281195 0.257197 0.234847 0.215023 0.197966 0.183561 0.171530 0.161551 0.153308 0.146523 0.140958 0.136412 0.132726 0.129766 0.127426 0.125621 0.124281 0.123351 0.122788 0.122557 0.122631 0.122990 0.123620 0.124511 0.125657 0.127058 0.128716 0.130637 0.132831 0.135312 0.138099 0.141213 0.144685 0.148547 0.152844 0.157626 0.162956 0.168912 0.175587 0.183095 0.191575 0.201190 0.212136 0.224633 0.238922 0.255245 0.273799 0.294669 0.317711 0.342382 0.367566 0.391435 0.411523 0.425146 0.430159 0.425743 0.412750 0.393359 0.370285 0.346026 0.322439 0.300671 0.281288 0.264463 0.250137 0.238134 0.228242 0.220250 0.213971 0.209255 0.205996 0.204130 0.203644 0.204577 0.207035 0.211203 0.217371 0.225977 0.237668 0.253411 0.274668 0.303711 0.344178 0.402143 0.488233 0.622046 0.841696 1.223477 1.905862 2.970801 3.680667 2.970004 1.904260 1.221049 0.838413 0.617866 0.483104 0.395996 0.336929 0.295259 0.264890 0.242157 0.224762 0.211208 0.200490 0.191912 0.184983 0.179347 0.174743 0.170973 0.167890 0.165378 0.163350 0.161735 0.160480 0.159541 0.158885 0.158486 0.158324 0.158386 0.158660 0.159142 0.159830 0.160724 0.161830 0.163157 0.164718 0.166529 0.168613 0.170995 0.173709 0.176797 0.180309 0.184306 0.188865 0.194080 0.200070 0.206982 0.215004 0.224376 0.235404 0.248491 0.264158 0.283099 0.306227 0.334753 0.370258 0.414746 0.470582 0.540087 0.624342 0.720569 0.818063 0.895784 0.928891 0.905693 0.838032 0.750907 0.665526 0.592783 0.535675 0.493378 0.463884 0.445217 0.435871 0.434908 0.441984 0.457370 0.482057 0.517990 0.568560 0.639574 0.741276 0.892820 1.133093 1.550329 2.376863 4.356143 10.250437 20.058779 10.295282 4.441884 2.495757 1.691680 1.285107 1.044917 0.885763 0.772034 0.687199 0.622576 0.572943 0.534766 0.505435 0.482912 0.465529 0.451881 0.440758 0.431124 0.422120 0.413083 0.403563 0.393318 0.382294 0.370577 0.358338 0.345786 0.333127 0.320545 0.308188 0.296170 0.284572 0.273452 0.262845 0.252770 0.243233 0.234231 0.225751 0.217776 0.210283 0.203250 0.196649 0.190452 0.184634 0.179167 0.174026 0.169186 0.164625 0.160319 0.156251 0.152400 0.148749 0.145284 0.141990 0.138853 0.135863 0.133007 0.130276 0.127661 0.125154 0.122747 0.120434 0.118209 0.116066 0.113999 0.112004 0.110077 0.108214 0.106411 0.104665 0.102972 0.101330 0.099736 0.098187 0.096682 0.095218 0.093793 0.092405 0.091052 0.089734 0.088447 0.087192 0.085965 0.084767 0.083596 0.082450 0.081329 0.080231 0.079156 0.078103 0.077070 0.076058 0.075065 0.074090 0.073133 0.072193 0.071270 0.070363 0.069471 0.068594 0.067732 0.066884
0.113276 0.120333 0.128577 0.138291 0.149827 0.163629 0.180240 0.200306 0.224529 0.253545 0.287633 0.326159 0.366748 0.404505 0.432286 0.443097 0.433943 0.407822 0.371727 0.332807 0.295958 0.263557 0.236240 0.213730 0.195395 0.180533 0.168504 0.158765 0.150877 0.144489 0.139325 0.135167 0.131846 0.129225 0.127201 0.125688 0.124621 0.123949 0.123630 0.123634 0.123937 0.124520 0.125373 0.126488 0.127861 0.129494 0.131390 0.133557 0.136006 0.138753 0.141815 0.145214 0.148980 0.153143 0.157744 0.162829 0.168455 0.174688 0.181607 0.189306 0.197890 0.207480 0.218201 0.230177 0.243508 0.258233 0.274284 0.291409 0.309096 0.326495 0.342404 0.355371 0.363940 0.367015 0.364196 0.355921 0.343324 0.327898 0.311133 0.294261 0.278165 0.263387 0.250205 0.238713 0.228893 0.220670 0.213946 0.208625 0.204625 0.201889 0.200391 0.200140 0.201190 0.203648 0.207692 0.213586 0.221722 0.232666 0.247239 0.266653 0.292717 0.328192 0.377386 0.447143 0.548397 0.698040 0.918347 1.221309 1.548637 1.706055 1.547855 1.219737 0.915966 0.694820 0.544299 0.442115 0.371363 0.321094 0.284446 0.257093 0.236252 0.220086 0.207356 0.197205 0.189026 0.182383 0.176955 0.172503 0.168847 0.165848 0.163399 0.161418 0.159837 0.158607 0.157685 0.157040 0.156648 0.156488 0.156548 0.156816 0.157289 0.157963 0.158840 0.159924 0.161223 0.162750 0.164519 0.166550 0.168869 0.171505 0.174496 0.177888 0.181736 0.186109 0.191090 0.196781 0.203311 0.210838 0.219560 0.229725 0.241649 0.255728 0.272462 0.292479 0.316546 0.345573 0.380553 0.422389 0.471491 0.527009 0.585676 0.640739 0.682322 0.700775 0.692002 0.660240 0.615290 0.567185 0.522855 0.485769 0.457019 0.436481 0.423611 0.417869 0.418933 0.426814 0.441949 0.465328 0.498717 0.545061 0.609228 0.699451 0.830225 1.028373 1.346172 1.888426 2.845491 4.329698 5.324095 4.359802 2.903208 1.969023 1.443282 1.134982 0.939780 0.806712 0.710591 0.638389 0.582882 0.539693 0.505910 0.479424 0.458604 0.442129 0.428888 0.417932 0.408454 0.399779 0.391374 0.382847 0.373950 0.364560 0.354657 0.344294 0.333573 0.322616 0.311551 0.300503 0.289584 0.278890 0.268501 0.258480 0.248873 0.239711 0.231010 0.222776 0.215005 0.207684 0.200797 0.194323 0.188239 0.182522 0.177147 0.172090 0.167327 0.162838 0.158600 0.154595 0.150805 0.147212 0.143802 0.140560 0.137473 0.134531 0.131722 0.129036 0.126465 0.124000 0.121634 0.119361 0.117174 0.115068 0.113037 0.111078 0.109185 0.107355 0.105584 0.103869 0.102206 0.100593 0.099027 0.097506 0.096027 0.094589 0.093188 0.091824 0.090495 0.089198 0.087933 0.086698 0.085491 0.084312 0.083158 0.082030 0.080925 0.079844 0.078784 0.077745 0.076726 0.075727 0.074747 0.073784 0.072838 0.071909 0.070997 0.070099 0.069217 0.068349 0.067495 0.066655
0.115846 0.123521 0.132600 0.143452 0.156570 0.172603 0.192415 0.217132 0.248187 0.287267 0.336025 0.395223 0.462832 0.531111 0.584870 0.606169 0.586540 0.534454 0.467851 0.401924 0.344416 0.297358 0.259990 0.230662 0.207688 0.189640 0.175391 0.164084 0.155070 0.147862 0.142092 0.137480 0.133815 0.130931 0.128703 0.127031 0.125840 0.125069 0.124673 0.124615 0.124868 0.125413 0.126235 0.127325 0.128678 0.130293 0.132173 0.134323 0.136751 0.139470 0.142493 0.145839 0.149526 0.153581 0.158029 0.162903 0.168240 0.174083 0.180481 0.187489 0.195166 0.203576 0.212777 0.222815 0.233706 0.245410 0.257800 0.270620 0.283448 0.295676 0.306523 0.315119 0.320641 0.322500 0.320496 0.314874 0.306268 0.295542 0.283608 0.271285 0.259219 0.247861 0.237495 0.228273 0.220256 0.213448 0.207822 0.203342 0.199974 0.197698 0.196512 0.196444 0.197553 0.199944 0.203776 0.209283 0.216796 0.226783 0.239904 0.257092 0.279674 0.309548 0.349422 0.403083 0.475517 0.572210 0.695851 0.837337 0.962191 1.014001 0.961425 0.835796 0.693517 0.569055 0.471503 0.398160 0.343528 0.302608 0.271595 0.247766 0.229202 0.214553 0.202860 0.193434 0.185772 0.179504 0.174352 0.170106 0.166604 0.163722 0.161362 0.159448 0.157919 0.156726 0.155833 0.155207 0.154827 0.154675 0.154735 0.155001 0.155465 0.156126 0.156984 0.158044 0.159313 0.160801 0.162522 0.164495 0.166742 0.169290 0.172173 0.175433 0.179117 0.183287 0.188013 0.193384 0.199508 0.206513 0.214560 0.223843 0.234600 0.247119 0.261745 0.278881 0.298979 0.322508 0.349871 0.381250 0.416339 0.453947 0.491583 0.525295 0.550247 0.562251 0.559661 0.544257 0.520363 0.492963 0.466171 0.442665 0.423853 0.410305 0.402159 0.399414 0.402119 0.410501 0.425066 0.446721 0.476951 0.518096 0.573823 0.649932 0.755704 0.906021 1.123936 1.439853 1.869926 2.333391 2.562009 2.354317 1.910214 1.496559 1.193128 0.983321 0.836876 0.731350 0.652690 0.592431 0.545396 0.508266 0.478779 0.455282 0.436496 0.421384 0.409075 0.398822 0.389987 0.382028 0.374501 0.367055 0.359436 0.351476 0.343081 0.334226 0.324933 0.315268 0.305323 0.295207 0.285039 0.274934 0.264997 0.255319 0.245972 0.237008 0.228462 0.220352 0.212685 0.205454 0.198649 0.192250 0.186237 0.180588 0.175277 0.170283 0.165581 0.161150 0.156970 0.153020 0.149282 0.145741 0.142381 0.139187 0.136148 0.133251 0.130486 0.127843 0.125313 0.122889 0.120563 0.118328 0.116178 0.114108 0.112112 0.110187 0.108327 0.106529 0.104789 0.103104 0.101471 0.099886 0.098348 0.096853 0.095400 0.093987 0.092610 0.091269 0.089962 0.088687 0.087443 0.086227 0.085040 0.083879 0.082743 0.081632 0.080543 0.079477 0.078432 0.077407 0.076402 0.075416 0.074447 0.073496 0.072562 0.071643 0.070741 0.069853 0.068979 0.068120 0.067274 0.066441
0.118181 0.126434 0.136301 0.148254 0.162938 0.181252 0.204460 0.234358 0.273498 0.325443 0.394874 0.486940 0.604169 0.738044 0.856277 0.906033 0.857961 0.741415 0.609230 0.493697 0.403334 0.335618 0.285399 0.247999 0.219858 0.198427 0.181912 0.169052 0.158951 0.150968 0.144635 0.139608 0.135632 0.132513 0.130105 0.128294 0.126995 0.126140 0.125678 0.125570 0.125784 0.126299 0.127098 0.128172 0.129514 0.131121 0.132995 0.135139 0.137561 0.140268 0.143273 0.146587 0.150225 0.154203 0.158538 0.163248 0.168355 0.173878 0.179840 0.186266 0.193176 0.200592 0.208524 0.216969 0.225894 0.235227 0.244827 0.254475 0.263847 0.272522 0.279995 0.285738 0.289275 0.290281 0.288656 0.284554 0.278350 0.270571 0.261793 0.252566 0.243353 0.234511 0.226292 0.218857 0.212298 0.206660 0.201959 0.198197 0.195370 0.193484 0.192554 0.192615 0.193730 0.195995 0.199547 0.204583 0.211372 0.220282 0.231810 0.246630 0.265642 0.290032 0.321313 0.361273 0.411667 0.473296 0.543984 0.615461 0.671501 0.692947 0.670751 0.613952 0.541699 0.470208 0.407740 0.356460 0.315554 0.283257 0.257765 0.237550 0.221408 0.208418 0.197885 0.189286 0.182223 0.176396 0.171573 0.167574 0.164261 0.161523 0.159274 0.157445 0.155982 0.154839 0.153983 0.153385 0.153023 0.152882 0.152947 0.153211 0.153668 0.154316 0.155155 0.156189 0.157424 0.158871 0.160540 0.162449 0.164619 0.167072 0.169840 0.172957 0.176468 0.180422 0.184882 0.189921 0.195626 0.202102 0.209474 0.217890 0.227522 0.238571 0.251263 0.265840 0.282545 0.301577 0.323030 0.346781 0.372336 0.398661 0.424058 0.446235 0.462699 0.471470 0.471819 0.464596 0.451910 0.436386 0.420467 0.406017 0.394267 0.385942 0.381447 0.381038 0.384955 0.393524 0.407247 0.426894 0.453624 0.489147 0.535962 0.597674 0.679365 0.787738 0.930153 1.110069 1.314647 1.496024 1.576052 1.511068 1.343738 1.151337 0.981088 0.845510 0.741146 0.660912 0.598530 0.549373 0.510207 0.478773 0.453439 0.432977 0.416418 0.402965 0.391946 0.382776 0.374949 0.368020 0.361607 0.355387 0.349091 0.342510 0.335489 0.327932 0.319804 0.311123 0.301962 0.292433 0.282675 0.272834 0.263051 0.253450 0.244132 0.235171 0.226618 0.218500 0.210828 0.203602 0.196808 0.190430 0.184444 0.178828 0.173555 0.168602 0.163944 0.159558 0.155424 0.151520 0.147829 0.144334 0.141019 0.137870 0.134874 0.132020 0.129297 0.126695 0.124205 0.121820 0.119531 0.117333 0.115219 0.113184 0.111223 0.109330 0.107503 0.105736 0.104026 0.102371 0.100766 0.099209 0.097697 0.096229 0.094801 0.093412 0.092059 0.090740 0.089455 0.088201 0.086977 0.085781 0.084612 0.083469 0.082351 0.081256 0.080183 0.079132 0.078101 0.077090 0.076098 0.075124 0.074168 0.073228 0.072304 0.071396 0.070502 0.069623 0.068758 0.067907 0.067069 0.066243
0.120204 0.128957 0.139518 0.152457 0.168575 0.189034 0.215553 0.250740 0.298646 0.365698 0.462150 0.603838 0.811634 1.096780 1.404684 1.553377 1.406383 1.100180 0.816740 0.610654 0.470685 0.375961 0.310650 0.264498 0.231084 0.206355 0.187709 0.173430 0.162358 0.153695 0.146875 0.141495 0.137257 0.133942 0.131385 0.129462 0.128076 0.127154 0.126642 0.126494 0.126680 0.127176 0.127963 0.129030 0.130371 0.131981 0.133862 0.136016 0.138448 0.141165 0.144175 0.147488 0.151112 0.155057 0.159330 0.163938 0.168885 0.174175 0.179805 0.185773 0.192069 0.198679 0.205581 0.212738 0.220094 0.227562 0.235016 0.242279 0.249119 0.255249 0.260352 0.264105 0.266236 0.266566 0.265051 0.261797 0.257044 0.251126 0.244421 0.237303 0.230104 0.223098 0.216495 0.210442 0.205040 0.200350 0.196411 0.193245 0.190868 0.189301 0.188568 0.188710 0.189785 0.191877 0.195102 0.199618 0.205634 0.213424 0.223344 0.235847 0.251499 0.270970 0.294998 0.324249 0.359010 0.398596 0.440460 0.479372 0.507696 0.517961 0.506962 0.477896 0.438225 0.395576 0.355171 0.319547 0.289378 0.264365 0.243829 0.227020 0.213249 0.201935 0.192604 0.184880 0.178463 0.173118 0.168659 0.164939 0.161839 0.159266 0.157146 0.155416 0.154030 0.152947 0.152136 0.151572 0.151234 0.151108 0.151181 0.151446 0.151897 0.152532 0.153351 0.154359 0.155559 0.156961 0.158575 0.160417 0.162504 0.164858 0.167504 0.170474 0.173804 0.177538 0.181726 0.186429 0.191718 0.197673 0.204391 0.211979 0.220559 0.230265 0.241236 0.253605 0.267482 0.282920 0.299867 0.318098 0.337140 0.356208 0.374186 0.389725 0.401479 0.408444 0.410279 0.407436 0.401033 0.392539 0.383436 0.374988 0.368154 0.363609 0.361817 0.363124 0.367844 0.376322 0.389008 0.406515 0.429686 0.459675 0.498023 0.546709 0.608076 0.684397 0.776606 0.881508 0.987466 1.071853 1.107969 1.083024 1.009162 0.912512 0.815276 0.728847 0.656375 0.597039 0.548785 0.509522 0.477498 0.451333 0.429947 0.412483 0.398244 0.386640 0.377163 0.369367 0.362848 0.357239 0.352202 0.347421 0.342605 0.337489 0.331849 0.325513 0.318382 0.310439 0.301751 0.292454 0.282732 0.272788 0.262816 0.252986 0.243433 0.234253 0.225508 0.217234 0.209442 0.202126 0.195272 0.188857 0.182855 0.177237 0.171975 0.167042 0.162411 0.158057 0.153958 0.150093 0.146441 0.142987 0.139713 0.136605 0.133650 0.130836 0.128153 0.125590 0.123138 0.120790 0.118538 0.116376 0.114297 0.112296 0.110367 0.108507 0.106711 0.104974 0.103294 0.101667 0.100090 0.098561 0.097075 0.095632 0.094229 0.092863 0.091533 0.090237 0.088973 0.087740 0.086536 0.085359 0.084208 0.083083 0.081981 0.080902 0.079845 0.078809 0.077792 0.076794 0.075815 0.074853 0.073908 0.072979 0.072065 0.071166 0.070282 0.069412 0.068555 0.067711 0.066880 0.066062
0.121840 0.130984 0.142093 0.155818 0.173102 0.195345 0.224702 0.264603 0.320760 0.403140 0.530115 0.737400 1.096467 1.737032 2.735862 3.402041 2.737577 1.740463 1.101620 0.744278 0.538728 0.413496 0.332872 0.278486 0.240371 0.212821 0.192406 0.176976 0.165132 0.155936 0.148742 0.143091 0.138655 0.135194 0.132527 0.130521 0.129073 0.128105 0.127558 0.127387 0.127557 0.128044 0.128830 0.129902 0.131253 0.132879 0.134781 0.136961 0.139424 0.142175 0.145221 0.148568 0.152223 0.156187 0.160462 0.165043 0.169921 0.175081 0.180501 0.186152 0.191997 0.197994 0.204091 0.210229 0.216338 0.222331 0.228102 0.233520 0.238427 0.242640 0.245968 0.248225 0.249260 0.248984 0.247389 0.244558 0.240652 0.235894 0.230539 0.224847 0.219057 0.213376 0.207972 0.202972 0.198471 0.194533 0.191206 0.188523 0.186510 0.185193 0.184604 0.184781 0.185778 0.187665 0.190536 0.194512 0.199749 0.206441 0.214828 0.225196 0.237867 0.253177 0.271411 0.292683 0.316731 0.342609 0.368370 0.390941 0.406562 0.411968 0.405844 0.389497 0.366185 0.339659 0.312982 0.288095 0.265932 0.246746 0.230409 0.216626 0.205045 0.195330 0.187177 0.180330 0.174573 0.169729 0.165654 0.162229 0.159360 0.156967 0.154988 0.153370 0.152070 0.151055 0.150296 0.149771 0.149461 0.149354 0.149437 0.149704 0.150151 0.150773 0.151573 0.152553 0.153717 0.155073 0.156631 0.158403 0.160405 0.162655 0.165177 0.167996 0.171144 0.174655 0.178574 0.182946 0.187829 0.193284 0.199381 0.206198 0.213818 0.222323 0.231795 0.242296 0.253859 0.266462 0.279995 0.294227 0.308768 0.323050 0.336347 0.347848 0.356796 0.362653 0.365256 0.364869 0.362130 0.357907 0.353128 0.348650 0.345190 0.343308 0.343439 0.345932 0.351103 0.359273 0.370814 0.386187 0.405967 0.430871 0.461753 0.499540 0.545052 0.598564 0.658994 0.722672 0.782206 0.826872 0.846160 0.835436 0.798906 0.746700 0.689251 0.633771 0.583866 0.540660 0.503989 0.473179 0.447444 0.426046 0.408339 0.393773 0.381876 0.372238 0.364495 0.358314 0.353385 0.349402 0.346058 0.343032 0.339987 0.336580 0.332482 0.327417 0.321200 0.313776 0.305224 0.295740 0.285597 0.275092 0.264505 0.254070 0.243963 0.234303 0.225160 0.216566 0.208525 0.201022 0.194032 0.187522 0.181458 0.175805 0.170527 0.165594 0.160974 0.156640 0.152568 0.148733 0.145115 0.141696 0.138459 0.135389 0.132473 0.129697 0.127051 0.124526 0.122111 0.119799 0.117582 0.115454 0.113409 0.111441 0.109545 0.107716 0.105950 0.104244 0.102593 0.100994 0.099445 0.097941 0.096482 0.095064 0.093684 0.092342 0.091035 0.089760 0.088517 0.087304 0.086119 0.084961 0.083829 0.082720 0.081635 0.080572 0.079530 0.078508 0.077505 0.076520 0.075553 0.074602 0.073668 0.072750 0.071846 0.070956 0.070081 0.069219 0.068370 0.067533 0.066709 0.065896
0.123031 0.132426 0.143890 0.158128 0.176179 0.199616 0.230909 0.274125 0.336323 0.430622 0.583578 0.855339 1.404079 2.735571 6.728389 13.382534 6.730120 2.739036 1.409281 0.862284 0.592274 0.441078 0.348552 0.288140 0.246727 0.217256 0.195664 0.179482 0.167141 0.157606 0.150175 0.144357 0.139799 0.136249 0.133517 0.131463 0.129980 0.128987 0.128424 0.128245 0.128413 0.128905 0.129700 0.130789 0.132163 0.133819 0.135758 0.137984 0.140500 0.143313 0.146430 0.149855 0.153591 0.157639 0.161993 0.166639 0.171556 0.176713 0.182066 0.187561 0.193135 0.198716 0.204226 0.209584 0.214710 0.219522 0.223936 0.227864 0.231212 0.233882 0.235773 0.236796 0.236883 0.236004 0.234177 0.231471 0.228004 0.223931 0.219429 0.214680 0.209857 0.205116 0.200586 0.196373 0.192559 0.189205 0.186358 0.184054 0.182324 0.181196 0.180701 0.180876 0.181766 0.183428 0.185935 0.189376 0.193862 0.199524 0.206512 0.214992 0.225127 0.237048 0.250805 0.266278 0.283063 0.300336 0.316764 0.330550 0.339741 0.342774 0.339040 0.329139 0.314629 0.297455 0.279405 0.261805 0.245469 0.230791 0.217881 0.206679 0.197039 0.188787 0.181742 0.175738 0.170629 0.166284 0.162598 0.159478 0.156847 0.154644 0.152814 0.151314 0.150108 0.149167 0.148465 0.147983 0.147706 0.147620 0.147716 0.147987 0.148430 0.149041 0.149821 0.150773 0.151900 0.153209 0.154709 0.156410 0.158326 0.160472 0.162869 0.165537 0.168503 0.171796 0.175450 0.179503 0.183997 0.188980 0.194500 0.200613 0.207370 0.214822 0.223007 0.231949 0.241636 0.252015 0.262964 0.274278 0.285656 0.296697 0.306927 0.315848 0.323015 0.328133 0.331122 0.332151 0.331606 0.330027 0.328014 0.326156 0.324979 0.324927 0.326372 0.329625 0.334970 0.342680 0.353047 0.366399 0.383102 0.403563 0.428190 0.457307 0.490993 0.528787 0.569279 0.609657 0.645548 0.671621 0.683224 0.678396 0.658810 0.628863 0.593681 0.557506 0.523090 0.491853 0.464315 0.440488 0.420143 0.402966 0.388625 0.376808 0.367229 0.359629 0.353773 0.349434 0.346387 0.344388 0.343156 0.342352 0.341568 0.340332 0.338150 0.334570 0.329270 0.322137 0.313290 0.303050 0.291855 0.280166 0.268399 0.256875 0.245821 0.235370 0.225588 0.216491 0.208064 0.200271 0.193068 0.186407 0.180239 0.174517 0.169200 0.164248 0.159626 0.155301 0.151245 0.147435 0.143845 0.140458 0.137255 0.134220 0.131339 0.128600 0.125990 0.123500 0.121121 0.118844 0.116662 0.114568 0.112556 0.110620 0.108755 0.106957 0.105221 0.103544 0.101922 0.100350 0.098828 0.097351 0.095916 0.094523 0.093167 0.091848 0.090562 0.089310 0.088087 0.086894 0.085728 0.084588 0.083473 0.082382 0.081313 0.080265 0.079237 0.078229 0.077239 0.076267 0.075312 0.074373 0.073450 0.072541 0.071647 0.070766 0.069899 0.069045 0.068203 0.067373 0.066555 0.065748
0.123737 0.133226 0.144819 0.159243 0.177569 0.201432 0.233422 0.277844 0.342286 0.441153 0.604601 0.904821 1.552501 3.401480 13.382265 13.383133 13.384014 3.404980 1.557756 0.911837 0.613385 0.451715 0.354637 0.291999 0.249397 0.219247 0.197245 0.180804 0.168295 0.158648 0.151140 0.145267 0.140673 0.137097 0.134347 0.132282 0.130793 0.129800 0.129241 0.129068 0.129249 0.129757 0.130575 0.131692 0.133102 0.134803 0.136797 0.139088 0.141684 0.144591 0.147817 0.151369 0.155249 0.159456 0.163981 0.168803 0.173891 0.179197 0.184657 0.190189 0.195698 0.201079 0.206221 0.211020 0.215382 0.219228 0.222498 0.225148 0.227145 0.228460 0.229074 0.228971 0.228146 0.226614 0.224411 0.221604 0.218280 0.214554 0.210548 0.206391 0.202208 0.198112 0.194203 0.190563 0.187259 0.184346 0.181865 0.179850 0.178332 0.177337 0.176895 0.177036 0.177798 0.179226 0.181372 0.184302 0.188088 0.192814 0.198566 0.205428 0.213464 0.222693 0.233054 0.244353 0.256202 0.267973 0.278779 0.287555 0.293230 0.294994 0.292544 0.286177 0.276695 0.265161 0.252635 0.239994 0.227859 0.216608 0.206427 0.197368 0.189398 0.182443 0.176407 0.171191 0.166696 0.162836 0.159531 0.156714 0.154324 0.152313 0.150637 0.149260 0.148152 0.147289 0.146648 0.146212 0.145969 0.145907 0.146018 0.146295 0.146735 0.147335 0.148097 0.149021 0.150111 0.151373 0.152814 0.154444 0.156273 0.158316 0.160588 0.163108 0.165897 0.168978 0.172378 0.176126 0.180255 0.184798 0.189790 0.195268 0.201262 0.207798 0.214893 0.222542 0.230717 0.239352 0.248334 0.257496 0.266612 0.275400 0.283548 0.290741 0.296716 0.301301 0.304461 0.306311 0.307098 0.307172 0.306935 0.306795 0.307138 0.308309 0.310608 0.314296 0.319610 0.326770 0.335996 0.347506 0.361519 0.378236 0.397800 0.420228 0.445292 0.472359 0.500209 0.526906 0.549871 0.566302 0.573934 0.571832 0.560737 0.542738 0.520497 0.496496 0.472624 0.450103 0.429600 0.411409 0.395590 0.382084 0.370776 0.361529 0.354211 0.348693 0.344859 0.342592 0.341760 0.342193 0.343648 0.345767 0.348039 0.349793 0.350246 0.348629 0.344362 0.337230 0.327445 0.315577 0.302378 0.288599 0.274861 0.261607 0.249105 0.237487 0.226789 0.216989 0.208031 0.199844 0.192354 0.185486 0.179174 0.173356 0.167978 0.162991 0.158354 0.154029 0.149984 0.146192 0.142627 0.139268 0.136096 0.133094 0.130247 0.127542 0.124967 0.122512 0.120167 0.117924 0.115776 0.113715 0.111735 0.109831 0.107997 0.106229 0.104523 0.102874 0.101280 0.099736 0.098240 0.096788 0.095379 0.094009 0.092677 0.091380 0.090117 0.088885 0.087683 0.086509 0.085362 0.084241 0.083143 0.082068 0.081015 0.079982 0.078969 0.077974 0.076997 0.076038 0.075094 0.074166 0.073253 0.072354 0.071468 0.070596 0.069737 0.068890 0.068055 0.067231 0.066419 0.065618
0.123947 0.133365 0.144851 0.159112 0.177186 0.200645 0.231960 0.275198 0.337418 0.431738 0.584715 0.856496 1.405257 2.736768 6.729605 13.383769 6.731374 2.740306 1.410569 0.863588 0.593593 0.442412 0.349901 0.289503 0.248103 0.218645 0.197065 0.180895 0.168566 0.159043 0.151623 0.145816 0.141272 0.137734 0.135017 0.132978 0.131514 0.130544 0.130007 0.129859 0.130065 0.130603 0.131456 0.132613 0.134073 0.135833 0.137899 0.140278 0.142980 0.146015 0.149395 0.153129 0.157224 0.161679 0.166485 0.171618 0.177038 0.182683 0.188464 0.194270 0.199964 0.205396 0.210413 0.214871 0.218655 0.221686 0.223930 0.225390 0.226096 0.226099 0.225451 0.224207 0.222417 0.220132 0.217407 0.214303 0.210893 0.207256 0.203480 0.199653 0.195861 0.192185 0.188697 0.185459 0.182522 0.179930 0.177717 0.175914 0.174546 0.173637 0.173211 0.173294 0.173916 0.175108 0.176910 0.179363 0.182514 0.186410 0.191094 0.196599 0.202929 0.210051 0.217859 0.226156 0.234621 0.242793 0.250089 0.255858 0.259487 0.260528 0.258817 0.254513 0.248055 0.240050 0.231143 0.221911 0.212804 0.204136 0.196099 0.188785 0.182222 0.176392 0.171254 0.166753 0.162830 0.159426 0.156487 0.153964 0.151812 0.149992 0.148470 0.147218 0.146210 0.145426 0.144848 0.144462 0.144255 0.144219 0.144345 0.144629 0.145068 0.145658 0.146401 0.147298 0.148352 0.149567 0.150951 0.152509 0.154254 0.156195 0.158345 0.160721 0.163338 0.166215 0.169374 0.172836 0.176625 0.180765 0.185280 0.190190 0.195515 0.201265 0.207439 0.214022 0.220978 0.228241 0.235717 0.243271 0.250736 0.257917 0.264602 0.270593 0.275725 0.279901 0.283106 0.285423 0.287017 0.288124 0.289019 0.289992 0.291326 0.293283 0.296099 0.299986 0.305129 0.311702 0.319858 0.329740 0.341463 0.355102 0.370661 0.388015 0.406850 0.426574 0.446254 0.464596 0.480053 0.491072 0.496460 0.495728 0.489235 0.478052 0.463636 0.447470 0.430813 0.414602 0.399458 0.385752 0.373679 0.363326 0.354718 0.347851 0.342716 0.339305 0.337621 0.337669 0.339442 0.342882 0.347827 0.353929 0.360556 0.366733 0.371173 0.372487 0.369569 0.361987 0.350164 0.335195 0.318448 0.301182 0.284334 0.268477 0.253892 0.240658 0.228733 0.218015 0.208379 0.199697 0.191849 0.184727 0.178237 0.172299 0.166842 0.161808 0.157147 0.152815 0.148776 0.144998 0.141454 0.138121 0.134977 0.132006 0.129192 0.126520 0.123979 0.121558 0.119247 0.117038 0.114923 0.112894 0.110946 0.109073 0.107270 0.105532 0.103855 0.102235 0.100668 0.099151 0.097680 0.096254 0.094870 0.093524 0.092215 0.090941 0.089699 0.088488 0.087306 0.086151 0.085023 0.083919 0.082838 0.081780 0.080742 0.079724 0.078725 0.077744 0.076779 0.075831 0.074899 0.073981 0.073078 0.072188 0.071311 0.070447 0.069595 0.068755 0.067927 0.067109 0.066302 0.065506
0.123674 0.132864 0.144018 0.157789 0.175118 0.197406 0.226807 0.266753 0.322953 0.405376 0.532393 0.739719 1.098827 1.739431 2.738299 3.404516 2.740088 1.743009 1.104199 0.746891 0.541372 0.416170 0.335576 0.281217 0.243129 0.215604 0.195214 0.179808 0.167987 0.158815 0.151643 0.146016 0.141605 0.138169 0.135531 0.133557 0.132146 0.131222 0.130727 0.130618 0.130864 0.131444 0.132342 0.133553 0.135074 0.136909 0.139065 0.141554 0.144390 0.147589 0.151170 0.155148 0.159537 0.164342 0.169559 0.175167 0.181120 0.187342 0.193722 0.200108 0.206310 0.212114 0.217296 0.221652 0.225029 0.227339 0.228576 0.228805 0.228141 0.226724 0.224695 0.222181 0.219288 0.216100 0.212686 0.209104 0.205409 0.201658 0.197904 0.194203 0.190611 0.187180 0.183956 0.180982 0.178294 0.175925 0.173899 0.172241 0.170971 0.170108 0.169670 0.169678 0.170152 0.171115 0.172593 0.174612 0.177197 0.180371 0.184149 0.188531 0.193494 0.198978 0.204872 0.211000 0.217112 0.222877 0.227907 0.231794 0.234171 0.234777 0.233517 0.230481 0.225922 0.220202 0.213722 0.206865 0.199952 0.193229 0.186863 0.180956 0.175561 0.170691 0.166338 0.162475 0.159072 0.156091 0.153496 0.151253 0.149329 0.147695 0.146325 0.145196 0.144289 0.143585 0.143072 0.142735 0.142566 0.142557 0.142700 0.142992 0.143430 0.144011 0.144736 0.145607 0.146625 0.147795 0.149121 0.150611 0.152272 0.154114 0.156147 0.158384 0.160837 0.163522 0.166455 0.169651 0.173127 0.176900 0.180986 0.185395 0.190137 0.195213 0.200614 0.206318 0.212290 0.218470 0.224779 0.231114 0.237353 0.243356 0.248983 0.254102 0.258613 0.262456 0.265630 0.268196 0.270269 0.272012 0.273618 0.275295 0.277252 0.279687 0.282781 0.286700 0.291586 0.297569 0.304754 0.313226 0.323036 0.334189 0.346619 0.360157 0.374494 0.389144 0.403424 0.416477 0.427347 0.435133 0.439166 0.439173 0.435339 0.428253 0.418755 0.407755 0.396096 0.384468 0.373390 0.363229 0.354231 0.346561 0.340337 0.335654 0.332609 0.331312 0.331896 0.334520 0.339351 0.346529 0.356077 0.367763 0.380886 0.394049 0.405075 0.411313 0.410464 0.401602 0.385642 0.364871 0.341921 0.318945 0.297307 0.277666 0.260202 0.244829 0.231338 0.219484 0.209031 0.199764 0.191500 0.184085 0.177393 0.171317 0.165770 0.160681 0.155990 0.151647 0.147610 0.143845 0.140320 0.137011 0.133896 0.130955 0.128173 0.125534 0.123026 0.120638 0.118361 0.116184 0.114101 0.112105 0.110188 0.108346 0.106573 0.104865 0.103216 0.101624 0.100085 0.098594 0.097150 0.095749 0.094389 0.093067 0.091781 0.090528 0.089308 0.088118 0.086956 0.085820 0.084710 0.083624 0.082560 0.081517 0.080495 0.079491 0.078506 0.077538 0.076586 0.075649 0.074728 0.073820 0.072926 0.072045 0.071177 0.070320 0.069475 0.068642 0.067819 0.067006 0.066204 0.065412
0.122961 0.131783 0.142413 0.155420 0.171606 0.192133 0.218719 0.253972 0.301944 0.369061 0.465576 0.607326 0.815183 1.100388 1.408350 1.557099 1.410160 1.104010 0.820620 0.614584 0.474663 0.379985 0.314717 0.268607 0.235233 0.210543 0.191934 0.177690 0.166654 0.158025 0.151240 0.145895 0.141694 0.138418 0.135904 0.134028 0.132697 0.131841 0.131404 0.131350 0.131648 0.132281 0.133237 0.134511 0.136106 0.138029 0.140292 0.142912 0.145910 0.149311 0.153142 0.157430 0.162201 0.167474 0.173256 0.179535 0.186270 0.193378 0.200722 0.208103 0.215257 0.221871 0.227609 0.232164 0.235306 0.236927 0.237060 0.235862 0.233570 0.230453 0.226770 0.222733 0.218506 0.214206 0.209907 0.205662 0.201505 0.197463 0.193562 0.189828 0.186285 0.182959 0.179875 0.177056 0.174523 0.172296 0.170391 0.168824 0.167609 0.166758 0.166286 0.166205 0.166530 0.167276 0.168456 0.170084 0.172173 0.174727 0.177745 0.181209 0.185082 0.189297 0.193753 0.198303 0.202755 0.206874 0.210398 0.213063 0.214642 0.214974 0.214003 0.211781 0.208460 0.204264 0.199450 0.194274 0.188965 0.183708 0.178642 0.173862 0.169428 0.165368 0.161690 0.158390 0.155452 0.152856 0.150580 0.148599 0.146891 0.145436 0.144213 0.143205 0.142396 0.141772 0.141323 0.141036 0.140906 0.140923 0.141085 0.141385 0.141823 0.142396 0.143105 0.143950 0.144933 0.146059 0.147330 0.148753 0.150334 0.152081 0.154001 0.156106 0.158405 0.160909 0.163631 0.166581 0.169773 0.173215 0.176918 0.180887 0.185124 0.189624 0.194376 0.199356 0.204529 0.209846 0.215243 0.220641 0.225950 0.231071 0.235908 0.240375 0.244406 0.247968 0.251066 0.253743 0.256084 0.258204 0.260242 0.262347 0.264675 0.267372 0.270578 0.274418 0.279001 0.284417 0.290738 0.298009 0.306243 0.315407 0.325411 0.336084 0.347159 0.358258 0.368891 0.378484 0.386432 0.392191 0.395365 0.395795 0.393584 0.389076 0.382778 0.375272 0.367129 0.358855 0.350871 0.343506 0.337020 0.331620 0.327484 0.324789 0.323726 0.324524 0.327471 0.332924 0.341313 0.353116 0.368763 0.388421 0.411584 0.436443 0.459314 0.474831 0.477749 0.465818 0.441277 0.409360 0.375417 0.343112 0.314227 0.289238 0.267938 0.249853 0.234458 0.221270 0.209882 0.199962 0.191242 0.183511 0.176601 0.170380 0.164738 0.159591 0.154869 0.150514 0.146479 0.142726 0.139220 0.135935 0.132847 0.129937 0.127186 0.124579 0.122104 0.119750 0.117505 0.115361 0.113311 0.111346 0.109461 0.107649 0.105906 0.104227 0.102607 0.101043 0.099531 0.098067 0.096648 0.095272 0.093936 0.092638 0.091375 0.090144 0.088945 0.087775 0.086633 0.085517 0.084425 0.083356 0.082309 0.081282 0.080274 0.079285 0.078313 0.077358 0.076418 0.075493 0.074582 0.073684 0.072799 0.071926 0.071066 0.070216 0.069378 0.068550 0.067732 0.066925 0.066127 0.065339
0.121868 0.130213 0.140173 0.152218 0.166993 0.185398 0.208695 0.238682 0.277911 0.329942 0.399457 0.491607 0.608918 0.742873 0.861183 0.911015 0.863017 0.746542 0.614426 0.498958 0.408660 0.341004 0.290844 0.253501 0.225414 0.204035 0.187570 0.174758 0.164704 0.156767 0.150480 0.145500 0.141572 0.138505 0.136153 0.134406 0.133179 0.132409 0.132047 0.132060 0.132422 0.133118 0.134139 0.135487 0.137166 0.139189 0.141574 0.144345 0.147532 0.151171 0.155303 0.159970 0.165218 0.171088 0.177612 0.184801 0.192632 0.201027 0.209830 0.218787 0.227535 0.235607 0.242481 0.247659 0.250770 0.251659 0.250421 0.247367 0.242940 0.237609 0.231795 0.225826 0.219926 0.214233 0.208819 0.203714 0.198921 0.194435 0.190247 0.186348 0.182734 0.179404 0.176362 0.173611 0.171158 0.169008 0.167170 0.165649 0.164454 0.163590 0.163067 0.162890 0.163069 0.163610 0.164519 0.165802 0.167460 0.169488 0.171873 0.174590 0.177597 0.180830 0.184200 0.187590 0.190854 0.193824 0.196320 0.198167 0.199219 0.199374 0.198596 0.196916 0.194429 0.191278 0.187632 0.183664 0.179538 0.175393 0.171339 0.167460 0.163811 0.160428 0.157329 0.154518 0.151993 0.149743 0.147756 0.146018 0.144513 0.143226 0.142144 0.141251 0.140538 0.139992 0.139605 0.139369 0.139276 0.139322 0.139501 0.139811 0.140250 0.140816 0.141508 0.142329 0.143279 0.144362 0.145581 0.146940 0.148444 0.150100 0.151914 0.153894 0.156048 0.158384 0.160911 0.163637 0.166570 0.169716 0.173080 0.176663 0.180463 0.184473 0.188679 0.193059 0.197582 0.202207 0.206883 0.211549 0.216139 0.220584 0.224816 0.228777 0.232427 0.235745 0.238738 0.241440 0.243913 0.246240 0.248522 0.250868 0.253392 0.256206 0.259413 0.263106 0.267366 0.272255 0.277819 0.284079 0.291024 0.298607 0.306734 0.315253 0.323946 0.332525 0.340641 0.347906 0.353928 0.358364 0.360975 0.361662 0.360489 0.357668 0.353522 0.348437 0.342809 0.337016 0.331396 0.326239 0.321799 0.318306 0.315985 0.315076 0.315863 0.318702 0.324056 0.332542 0.344972 0.362383 0.386008 0.417055 0.456068 0.501508 0.547563 0.582850 0.593930 0.574458 0.530771 0.476295 0.422402 0.374889 0.335274 0.302991 0.276804 0.255451 0.237861 0.223191 0.210795 0.200186 0.190996 0.182944 0.175819 0.169454 0.163721 0.158519 0.153768 0.149404 0.145373 0.141632 0.138147 0.134887 0.131828 0.128947 0.126228 0.123654 0.121213 0.118891 0.116679 0.114568 0.112550 0.110617 0.108763 0.106982 0.105269 0.103619 0.102028 0.100491 0.099006 0.097568 0.096175 0.094824 0.093513 0.092238 0.090997 0.089789 0.088611 0.087462 0.086339 0.085242 0.084168 0.083116 0.082085 0.081074 0.080082 0.079106 0.078148 0.077205 0.076277 0.075362 0.074461 0.073573 0.072697 0.071832 0.070979 0.070136 0.069303 0.068481 0.067668 0.066865 0.066071 0.065286
0.120471 0.128263 0.137458 0.148426 0.161659 0.177807 0.197732 0.222561 0.253727 0.292915 0.341781 0.401084 0.468796 0.537176 0.591033 0.612428 0.592891 0.540895 0.474379 0.408536 0.351108 0.304127 0.266834 0.237577 0.214671 0.196688 0.182503 0.171256 0.162301 0.155151 0.149438 0.144885 0.141280 0.138460 0.136301 0.134707 0.133604 0.132937 0.132664 0.132755 0.133189 0.133956 0.135052 0.136480 0.138251 0.140384 0.142903 0.145842 0.149242 0.153152 0.157631 0.162746 0.168570 0.175179 0.182646 0.191028 0.200344 0.210549 0.221492 0.232869 0.244182 0.254731 0.263671 0.270150 0.273517 0.273513 0.270349 0.264628 0.257155 0.248737 0.240035 0.231519 0.223468 0.216022 0.209219 0.203041 0.197445 0.192374 0.187777 0.183607 0.179827 0.176409 0.173332 0.170582 0.168148 0.166026 0.164211 0.162702 0.161499 0.160603 0.160017 0.159741 0.159778 0.160129 0.160796 0.161775 0.163062 0.164646 0.166508 0.168619 0.170938 0.173408 0.175954 0.178483 0.180884 0.183037 0.184815 0.186100 0.186794 0.186830 0.186185 0.184877 0.182968 0.180552 0.177741 0.174655 0.171412 0.168116 0.164853 0.161692 0.158685 0.155866 0.153257 0.150869 0.148705 0.146764 0.145039 0.143523 0.142205 0.141075 0.140125 0.139343 0.138721 0.138250 0.137925 0.137737 0.137682 0.137755 0.137953 0.138273 0.138712 0.139271 0.139950 0.140747 0.141666 0.142708 0.143876 0.145174 0.146606 0.148176 0.149890 0.151754 0.153773 0.155954 0.158302 0.160824 0.163524 0.166405 0.169469 0.172715 0.176138 0.179731 0.183478 0.187359 0.191349 0.195413 0.199512 0.203598 0.207624 0.211538 0.215295 0.218855 0.222191 0.225291 0.228164 0.230836 0.233352 0.235774 0.238175 0.240636 0.243241 0.246072 0.249208 0.252715 0.256653 0.261063 0.265972 0.271386 0.277283 0.283613 0.290288 0.297180 0.304117 0.310883 0.317230 0.322889 0.327604 0.331152 0.333381 0.334234 0.333752 0.332075 0.329418 0.326048 0.322250 0.318312 0.314508 0.311094 0.308316 0.306415 0.305649 0.306318 0.308790 0.313553 0.321270 0.332874 0.349690 0.373607 0.407271 0.454165 0.518126 0.601032 0.696493 0.780331 0.812990 0.772493 0.680811 0.577489 0.486699 0.414816 0.359951 0.318251 0.286212 0.261171 0.241219 0.225011 0.211601 0.200317 0.190675 0.182323 0.174998 0.168504 0.162692 0.157445 0.152673 0.148304 0.144281 0.140558 0.137095 0.133862 0.130833 0.127984 0.125297 0.122757 0.120349 0.118061 0.115882 0.113804 0.111818 0.109917 0.108094 0.106343 0.104660 0.103040 0.101477 0.099968 0.098510 0.097099 0.095732 0.094406 0.093118 0.091867 0.090649 0.089463 0.088306 0.087177 0.086074 0.084995 0.083940 0.082905 0.081891 0.080895 0.079917 0.078956 0.078011 0.077080 0.076163 0.075259 0.074368 0.073489 0.072621 0.071764 0.070917 0.070080 0.069253 0.068436 0.067627 0.066828 0.066037 0.065254
0.118852 0.126049 0.134435 0.144289 0.155965 0.169905 0.186654 0.206856 0.231213 0.260361 0.294579 0.333233 0.373947 0.411826 0.439726 0.450653 0.441611 0.415599 0.379610 0.340792 0.304040 0.271733 0.244507 0.222084 0.203831 0.189049 0.177096 0.167430 0.159613 0.153295 0.148200 0.144112 0.140862 0.138318 0.136375 0.134953 0.133991 0.133439 0.133265 0.133442 0.133956 0.134800 0.135975 0.137488 0.139357 0.141606 0.144268 0.147387 0.151017 0.155226 0.160095 0.165721 0.172218 0.179712 0.188341 0.198240 0.209517 0.222215 0.236241 0.251279 0.266680 0.281395 0.294011 0.302986 0.307084 0.305812 0.299623 0.289717 0.277597 0.264644 0.251879 0.239925 0.229082 0.219429 0.210919 0.203445 0.196880 0.191100 0.185993 0.181467 0.177448 0.173876 0.170707 0.167906 0.165447 0.163313 0.161489 0.159965 0.158734 0.157792 0.157134 0.156758 0.156661 0.156840 0.157290 0.158005 0.158975 0.160185 0.161615 0.163236 0.165009 0.166884 0.168799 0.170682 0.172449 0.174010 0.175276 0.176165 0.176610 0.176566 0.176015 0.174970 0.173472 0.171582 0.169379 0.166947 0.164371 0.161727 0.159085 0.156500 0.154016 0.151665 0.149470 0.147444 0.145596 0.143927 0.142437 0.141121 0.139974 0.138990 0.138163 0.137485 0.136949 0.136551 0.136284 0.136143 0.136125 0.136225 0.136441 0.136771 0.137213 0.137766 0.138430 0.139207 0.140096 0.141100 0.142220 0.143461 0.144824 0.146314 0.147934 0.149689 0.151584 0.153622 0.155808 0.158145 0.160635 0.163281 0.166081 0.169033 0.172131 0.175367 0.178726 0.182192 0.185741 0.189348 0.192979 0.196600 0.200174 0.203665 0.207040 0.210272 0.213344 0.216249 0.218995 0.221601 0.224103 0.226546 0.228983 0.231475 0.234083 0.236869 0.239889 0.243193 0.246822 0.250803 0.255150 0.259860 0.264907 0.270243 0.275792 0.281449 0.287080 0.292525 0.297605 0.302135 0.305940 0.308876 0.310844 0.311810 0.311805 0.310926 0.309326 0.307194 0.304747 0.302208 0.299806 0.297769 0.296330 0.295741 0.296284 0.298307 0.302257 0.308749 0.318653 0.333250 0.354483 0.385373 0.430717 0.498178 0.599597 0.750588 0.959555 1.185629 1.292594 1.178286 0.944864 0.728538 0.570172 0.461353 0.386459 0.333639 0.295218 0.266387 0.244116 0.226453 0.212113 0.200226 0.190191 0.181582 0.174093 0.167498 0.161626 0.156349 0.151568 0.147205 0.143197 0.139495 0.136060 0.132857 0.129859 0.127044 0.124391 0.121885 0.119511 0.117257 0.115113 0.113068 0.111114 0.109245 0.107453 0.105734 0.104081 0.102489 0.100955 0.099475 0.098044 0.096659 0.095318 0.094017 0.092754 0.091526 0.090331 0.089167 0.088031 0.086923 0.085839 0.084780 0.083742 0.082725 0.081726 0.080746 0.079783 0.078836 0.077903 0.076984 0.076079 0.075185 0.074303 0.073433 0.072573 0.071723 0.070882 0.070051 0.069229 0.068416 0.067611 0.066814 0.066026 0.065245
0.117092 0.123683 0.131260 0.140023 0.150215 0.162118 0.176048 0.192332 0.211248 0.232915 0.257093 0.282906 0.308537 0.331114 0.347120 0.353503 0.349035 0.334945 0.314288 0.290582 0.266699 0.244461 0.224744 0.207789 0.193482 0.181545 0.171656 0.163500 0.156799 0.151315 0.146850 0.143245 0.140368 0.138115 0.136404 0.135167 0.134356 0.133929 0.133861 0.134131 0.134729 0.135654 0.136910 0.138511 0.140480 0.142847 0.145656 0.148961 0.152832 0.157358 0.162648 0.168838 0.176092 0.184610 0.194625 0.206398 0.220198 0.236253 0.254656 0.275200 0.297145 0.318962 0.338240 0.352028 0.357761 0.354395 0.342942 0.325937 0.306301 0.286419 0.267796 0.251153 0.236683 0.224282 0.213717 0.204721 0.197036 0.190439 0.184744 0.179800 0.175488 0.171717 0.168414 0.165526 0.163010 0.160835 0.158978 0.157420 0.156148 0.155149 0.154417 0.153943 0.153721 0.153743 0.154001 0.154487 0.155187 0.156084 0.157158 0.158381 0.159719 0.161128 0.162558 0.163951 0.165244 0.166370 0.167265 0.167870 0.168138 0.168037 0.167555 0.166701 0.165501 0.163997 0.162245 0.160304 0.158235 0.156098 0.153946 0.151822 0.149764 0.147802 0.145956 0.144240 0.142666 0.141236 0.139954 0.138819 0.137828 0.136977 0.136264 0.135682 0.135229 0.134898 0.134687 0.134592 0.134609 0.134735 0.134969 0.135309 0.135753 0.136301 0.136953 0.137710 0.138571 0.139539 0.140615 0.141801 0.143101 0.144516 0.146049 0.147704 0.149485 0.151392 0.153430 0.155601 0.157904 0.160340 0.162908 0.165604 0.168421 0.171352 0.174383 0.177500 0.180684 0.183913 0.187161 0.190403 0.193611 0.196758 0.199820 0.202780 0.205625 0.208353 0.210969 0.213489 0.215941 0.218356 0.220776 0.223244 0.225806 0.228507 0.231388 0.234485 0.237825 0.241427 0.245294 0.249420 0.253778 0.258325 0.262997 0.267711 0.272362 0.276832 0.280992 0.284713 0.287874 0.290379 0.292165 0.293212 0.293546 0.293239 0.292403 0.291182 0.289743 0.288266 0.286948 0.285992 0.285623 0.286093 0.287705 0.290842 0.296016 0.303950 0.315699 0.332877 0.358049 0.395485 0.452639 0.543256 0.694060 0.958547 1.433805 2.177295 2.671836 2.170393 1.419997 0.937828 0.666422 0.508685 0.411119 0.346991 0.302553 0.270344 0.246092 0.227229 0.212144 0.199788 0.189458 0.180665 0.173063 0.166404 0.160501 0.155216 0.150442 0.146095 0.142112 0.138439 0.135036 0.131867 0.128904 0.126125 0.123508 0.121038 0.118699 0.116480 0.114370 0.112358 0.110438 0.108601 0.106841 0.105153 0.103530 0.101968 0.100463 0.099010 0.097607 0.096249 0.094934 0.093658 0.092419 0.091215 0.090043 0.088901 0.087787 0.086700 0.085636 0.084595 0.083575 0.082575 0.081594 0.080629 0.079680 0.078746 0.077826 0.076919 0.076025 0.075141 0.074269 0.073406 0.072554 0.071710 0.070876 0.070050 0.069232 0.068422 0.067620 0.066826 0.066039 0.065260
0.115268 0.121265 0.128065 0.135806 0.144643 0.154743 0.166272 0.179364 0.194075 0.210301 0.227673 0.245427 0.262317 0.276670 0.286661 0.290827 0.288607 0.280565 0.268163 0.253228 0.237437 0.222035 0.207788 0.195069 0.183983 0.174477 0.166418 0.159645 0.153994 0.149313 0.145468 0.142343 0.139844 0.137890 0.136417 0.135373 0.134719 0.134423 0.134464 0.134830 0.135515 0.136521 0.137859 0.139547 0.141613 0.144096 0.147049 0.150539 0.154652 0.159502 0.165228 0.172014 0.180089 0.189747 0.201353 0.215359 0.232300 0.252759 0.277261 0.306032 0.338536 0.372779 0.404662 0.428202 0.437544 0.430172 0.408577 0.378588 0.346165 0.315386 0.288225 0.265205 0.246086 0.230334 0.217363 0.206638 0.197710 0.190220 0.183884 0.178482 0.173847 0.169847 0.166386 0.163387 0.160793 0.158560 0.156654 0.155049 0.153726 0.152666 0.151858 0.151290 0.150952 0.150834 0.150924 0.151211 0.151682 0.152318 0.153099 0.153999 0.154988 0.156030 0.157083 0.158102 0.159037 0.159839 0.160460 0.160858 0.160997 0.160857 0.160427 0.159713 0.158733 0.157517 0.156104 0.154536 0.152860 0.151119 0.149354 0.147603 0.145894 0.144254 0.142701 0.141250 0.139912 0.138692 0.137594 0.136620 0.135769 0.135040 0.134431 0.133939 0.133562 0.133295 0.133137 0.133084 0.133135 0.133287 0.133539 0.133888 0.134336 0.134880 0.135520 0.136258 0.137094 0.138029 0.139063 0.140199 0.141439 0.142785 0.144239 0.145802 0.147477 0.149267 0.151171 0.153191 0.155328 0.157579 0.159943 0.162415 0.164990 0.167659 0.170411 0.173234 0.176112 0.179027 0.181959 0.184889 0.187795 0.190657 0.193460 0.196189 0.198837 0.201402 0.203890 0.206314 0.208692 0.211050 0.213418 0.215828 0.218314 0.220907 0.223639 0.226534 0.229611 0.232879 0.236340 0.239982 0.243781 0.247700 0.251687 0.255675 0.259584 0.263327 0.266811 0.269942 0.272639 0.274836 0.276494 0.277602 0.278184 0.278295 0.278023 0.277479 0.276798 0.276131 0.275647 0.275533 0.276001 0.277302 0.279748 0.283745 0.289847 0.298848 0.311936 0.330966 0.358985 0.401274 0.467651 0.577991 0.777313 1.184013 2.176676 5.161482 10.138429 5.154970 2.163652 1.164476 0.751263 0.545425 0.428565 0.355664 0.306843 0.272287 0.246711 0.227076 0.211530 0.198899 0.188406 0.179521 0.171874 0.165199 0.159301 0.154033 0.149284 0.144969 0.141020 0.137385 0.134019 0.130889 0.127966 0.125224 0.122646 0.120213 0.117911 0.115728 0.113653 0.111676 0.109789 0.107985 0.106257 0.104600 0.103008 0.101476 0.100000 0.098576 0.097200 0.095869 0.094580 0.093330 0.092116 0.090936 0.089787 0.088668 0.087576 0.086509 0.085465 0.084443 0.083442 0.082459 0.081494 0.080544 0.079610 0.078690 0.077782 0.076887 0.076003 0.075129 0.074265 0.073411 0.072565 0.071728 0.070898 0.070077 0.069263 0.068456 0.067656 0.066863 0.066078 0.065299
0.113445 0.118881 0.124959 0.131770 0.139408 0.147962 0.157502 0.168057 0.179577 0.191888 0.204636 0.217236 0.228865 0.238531 0.245235 0.248224 0.247215 0.242494 0.234814 0.225174 0.214569 0.203825 0.193527 0.184031 0.175514 0.168028 0.161546 0.156002 0.151309 0.147378 0.144122 0.141463 0.139335 0.137677 0.136444 0.135595 0.135100 0.134936 0.135090 0.135552 0.136323 0.137409 0.138825 0.140595 0.142752 0.145344 0.148432 0.152096 0.156441 0.161604 0.167762 0.175148 0.184069 0.194933 0.208280 0.224827 0.245513 0.271530 0.304282 0.345147 0.394753 0.451398 0.508605 0.553670 0.571596 0.555292 0.511828 0.456182 0.401039 0.352858 0.313326 0.281802 0.256900 0.237207 0.221529 0.208926 0.198682 0.190263 0.183267 0.177397 0.172427 0.168190 0.164560 0.161440 0.158757 0.156455 0.154492 0.152834 0.151455 0.150333 0.149451 0.148795 0.148351 0.148107 0.148050 0.148167 0.148443 0.148860 0.149399 0.150037 0.150747 0.151498 0.152257 0.152986 0.153648 0.154205 0.154621 0.154864 0.154910 0.154741 0.154351 0.153742 0.152928 0.151930 0.150775 0.149496 0.148124 0.146696 0.145241 0.143790 0.142368 0.140995 0.139689 0.138464 0.137329 0.136291 0.135356 0.134525 0.133800 0.133181 0.132668 0.132258 0.131951 0.131744 0.131636 0.131624 0.131707 0.131883 0.132152 0.132512 0.132962 0.133503 0.134134 0.134855 0.135667 0.136570 0.137567 0.138657 0.139842 0.141124 0.142504 0.143984 0.145564 0.147246 0.149030 0.150916 0.152904 0.154992 0.157176 0.159454 0.161818 0.164262 0.166777 0.169350 0.171970 0.174622 0.177291 0.179960 0.182614 0.185239 0.187821 0.190353 0.192827 0.195244 0.197609 0.199930 0.202223 0.204506 0.206802 0.209133 0.211525 0.214001 0.216583 0.219287 0.222126 0.225105 0.228221 0.231462 0.234808 0.238226 0.241674 0.245101 0.248445 0.251640 0.254619 0.257317 0.259675 0.261651 0.263218 0.264374 0.265140 0.265562 0.265709 0.265674 0.265566 0.265515 0.265668 0.266197 0.267302 0.269227 0.272283 0.276879 0.283583 0.293215 0.307012 0.326918 0.356161 0.400424 0.470489 0.588929 0.809780 1.290749 2.670965 10.138165 10.135061 10.131997 2.658631 1.272254 0.785130 0.558131 0.433553 0.357361 0.306984 0.271642 0.245657 0.225808 0.210158 0.197485 0.186987 0.178119 0.170503 0.163867 0.158012 0.152790 0.148088 0.143820 0.139918 0.136329 0.133008 0.129922 0.127041 0.124342 0.121803 0.119410 0.117146 0.115000 0.112961 0.111019 0.109167 0.107396 0.105701 0.104076 0.102514 0.101013 0.099566 0.098171 0.096823 0.095520 0.094258 0.093033 0.091845 0.090689 0.089564 0.088467 0.087397 0.086351 0.085328 0.084326 0.083342 0.082377 0.081428 0.080495 0.079575 0.078668 0.077773 0.076889 0.076015 0.075151 0.074296 0.073448 0.072609 0.071777 0.070953 0.070135 0.069324 0.068519 0.067721 0.066929 0.066144 0.065364
0.111679 0.116596 0.122021 0.128009 0.134612 0.141867 0.149791 0.158358 0.167480 0.176976 0.186553 0.195785 0.204133 0.210990 0.215786 0.218108 0.217805 0.215028 0.210193 0.203872 0.196671 0.189134 0.181686 0.174624 0.168129 0.162293 0.157143 0.152666 0.148828 0.145580 0.142872 0.140654 0.138881 0.137512 0.136513 0.135856 0.135519 0.135487 0.135751 0.136308 0.137162 0.138323 0.139812 0.141656 0.143895 0.146582 0.149789 0.153607 0.158160 0.163607 0.170164 0.178118 0.187858 0.199922 0.215056 0.234316 0.259198 0.291831 0.335187 0.393173 0.470087 0.568034 0.679890 0.778667 0.820208 0.779979 0.682498 0.571906 0.475174 0.399415 0.342509 0.300150 0.268423 0.244349 0.225798 0.211270 0.199714 0.190385 0.182751 0.176429 0.171139 0.166673 0.162878 0.159637 0.156865 0.154493 0.152470 0.150756 0.149321 0.148138 0.147186 0.146448 0.145909 0.145554 0.145369 0.145340 0.145451 0.145686 0.146025 0.146449 0.146934 0.147453 0.147980 0.148484 0.148935 0.149305 0.149565 0.149692 0.149668 0.149478 0.149119 0.148591 0.147904 0.147073 0.146118 0.145063 0.143931 0.142751 0.141546 0.140339 0.139152 0.138002 0.136904 0.135870 0.134910 0.134031 0.133238 0.132534 0.131922 0.131403 0.130976 0.130642 0.130400 0.130248 0.130186 0.130212 0.130325 0.130525 0.130810 0.131180 0.131634 0.132172 0.132794 0.133501 0.134291 0.135167 0.136128 0.137176 0.138311 0.139535 0.140848 0.142251 0.143745 0.145330 0.147006 0.148773 0.150629 0.152572 0.154599 0.156707 0.158889 0.161140 0.163450 0.165811 0.168213 0.170643 0.173089 0.175539 0.177981 0.180404 0.182799 0.185159 0.187479 0.189761 0.192008 0.194227 0.196428 0.198627 0.200839 0.203081 0.205372 0.207728 0.210164 0.212692 0.215319 0.218047 0.220872 0.223782 0.226759 0.229777 0.232801 0.235791 0.238700 0.241480 0.244081 0.246455 0.248564 0.250378 0.251882 0.253077 0.253982 0.254638 0.255101 0.255449 0.255773 0.256187 0.256820 0.257828 0.259398 0.261761 0.265215 0.270156 0.277135 0.286946 0.300778 0.320489 0.349130 0.391988 0.458887 0.569706 0.769469 1.176577 2.169619 5.154779 10.132059 5.148911 2.157887 1.158990 0.746040 0.540452 0.423829 0.351153 0.302546 0.268192 0.242810 0.223357 0.207985 0.195519 0.185182 0.176446 0.168941 0.162400 0.156630 0.151483 0.146850 0.142646 0.138803 0.135269 0.132001 0.128964 0.126130 0.123475 0.120980 0.118628 0.116404 0.114296 0.112294 0.110389 0.108571 0.106835 0.105173 0.103580 0.102050 0.100579 0.099163 0.097797 0.096478 0.095202 0.093967 0.092769 0.091606 0.090476 0.089375 0.088301 0.087253 0.086229 0.085226 0.084244 0.083279 0.082332 0.081399 0.080481 0.079576 0.078683 0.077800 0.076927 0.076064 0.075208 0.074361 0.073521 0.072688 0.071861 0.071040 0.070226 0.069417 0.068613 0.067816 0.067024 0.066238 0.065457
0.110013 0.114461 0.119307 0.124580 0.130304 0.136486 0.143114 0.150138 0.157461 0.164925 0.172300 0.179284 0.185516 0.190620 0.194255 0.196182 0.196314 0.194739 0.191697 0.187531 0.182620 0.177323 0.171946 0.166721 0.161807 0.157303 0.153262 0.149699 0.146610 0.143974 0.141767 0.139958 0.138519 0.137424 0.136651 0.136180 0.135997 0.136093 0.136464 0.137111 0.138043 0.139273 0.140826 0.142733 0.145038 0.147803 0.151105 0.155048 0.159770 0.165454 0.172350 0.180795 0.191261 0.204418 0.221233 0.243141 0.272316 0.312142 0.367984 0.448407 0.566639 0.740116 0.978224 1.235342 1.359407 1.236374 0.980277 0.743162 0.570641 0.453316 0.373741 0.318681 0.279564 0.251020 0.229664 0.213320 0.200554 0.190402 0.182198 0.175476 0.169901 0.165231 0.161288 0.157939 0.155083 0.152645 0.150566 0.148799 0.147311 0.146070 0.145054 0.144243 0.143619 0.143167 0.142871 0.142716 0.142688 0.142770 0.142945 0.143194 0.143496 0.143830 0.144172 0.144499 0.144786 0.145011 0.145152 0.145191 0.145113 0.144909 0.144574 0.144109 0.143521 0.142820 0.142021 0.141141 0.140201 0.139219 0.138215 0.137208 0.136215 0.135251 0.134328 0.133457 0.132648 0.131907 0.131238 0.130647 0.130135 0.129705 0.129357 0.129092 0.128909 0.128808 0.128789 0.128851 0.128993 0.129215 0.129516 0.129896 0.130354 0.130890 0.131505 0.132198 0.132969 0.133819 0.134748 0.135758 0.136848 0.138018 0.139271 0.140605 0.142021 0.143519 0.145099 0.146759 0.148498 0.150313 0.152203 0.154162 0.156186 0.158270 0.160405 0.162585 0.164800 0.167041 0.169299 0.171563 0.173825 0.176075 0.178308 0.180517 0.182702 0.184860 0.186996 0.189114 0.191223 0.193334 0.195458 0.197607 0.199795 0.202034 0.204333 0.206701 0.209141 0.211653 0.214233 0.216869 0.219546 0.222243 0.224931 0.227580 0.230154 0.232617 0.234932 0.237065 0.238990 0.240686 0.242145 0.243372 0.244386 0.245219 0.245921 0.246557 0.247206 0.247966 0.248952 0.250304 0.252192 0.254829 0.258491 0.263546 0.270499 0.280069 0.293317 0.311866 0.338290 0.376869 0.435069 0.526646 0.678335 0.943640 1.419660 2.163860 2.659066 2.158248 1.408443 0.926833 0.655955 0.498720 0.401629 0.337954 0.293945 0.262144 0.238278 0.219782 0.205046 0.193021 0.183005 0.174510 0.167192 0.160802 0.155155 0.150114 0.145572 0.141447 0.137676 0.134206 0.130997 0.128015 0.125232 0.122625 0.120176 0.117866 0.115684 0.113616 0.111653 0.109784 0.108003 0.106301 0.104673 0.103113 0.101615 0.100176 0.098790 0.097454 0.096164 0.094917 0.093710 0.092539 0.091402 0.090297 0.089221 0.088171 0.087146 0.086144 0.085162 0.084199 0.083254 0.082324 0.081409 0.080506 0.079616 0.078736 0.077866 0.077004 0.076151 0.075304 0.074464 0.073631 0.072803 0.071981 0.071163 0.070351 0.069543 0.068741 0.067943 0.067150 0.066362 0.065579
0.108481 0.112513 0.116853 0.121514 0.126502 0.131808 0.137403 0.143233 0.149207 0.155195 0.161021 0.166471 0.171302 0.175274 0.178174 0.179859 0.180277 0.179481 0.177615 0.174894 0.171559 0.167855 0.163996 0.160161 0.156482 0.153051 0.149926 0.147137 0.144696 0.142602 0.140844 0.139409 0.138281 0.137443 0.136884 0.136590 0.136554 0.136772 0.137245 0.137976 0.138979 0.140270 0.141875 0.143831 0.146186 0.149004 0.152371 0.156400 0.161240 0.167094 0.174238 0.183054 0.194084 0.208113 0.226311 0.250474 0.283468 0.330061 0.398581 0.504376 0.677284 0.977025 1.511982 2.346300 2.902641 2.347076 1.513524 0.979312 0.680287 0.508057 0.402893 0.334951 0.288879 0.256346 0.232581 0.214718 0.200961 0.190143 0.181483 0.174441 0.168640 0.163807 0.159745 0.156307 0.153383 0.150889 0.148761 0.146948 0.145412 0.144120 0.143047 0.142171 0.141472 0.140935 0.140544 0.140283 0.140137 0.140091 0.140129 0.140234 0.140389 0.140573 0.140768 0.140955 0.141113 0.141225 0.141274 0.141244 0.141126 0.140911 0.140596 0.140180 0.139669 0.139070 0.138394 0.137655 0.136866 0.136045 0.135205 0.134362 0.133530 0.132720 0.131945 0.131214 0.130534 0.129912 0.129353 0.128861 0.128438 0.128088 0.127811 0.127608 0.127479 0.127426 0.127447 0.127542 0.127711 0.127954 0.128271 0.128660 0.129123 0.129658 0.130266 0.130947 0.131701 0.132529 0.133430 0.134404 0.135453 0.136576 0.137774 0.139046 0.140392 0.141812 0.143306 0.144871 0.146507 0.148210 0.149979 0.151809 0.153696 0.155634 0.157619 0.159643 0.161698 0.163778 0.165875 0.167980 0.170087 0.172189 0.174281 0.176359 0.178421 0.180467 0.182499 0.184522 0.186541 0.188564 0.190599 0.192656 0.194744 0.196872 0.199045 0.201268 0.203545 0.205872 0.208246 0.210656 0.213089 0.215528 0.217951 0.220333 0.222648 0.224868 0.226966 0.228919 0.230707 0.232318 0.233748 0.235003 0.236101 0.237071 0.237955 0.238808 0.239699 0.240712 0.241949 0.243533 0.245616 0.248390 0.252100 0.257071 0.263744 0.272732 0.284916 0.301592 0.324719 0.357335 0.404258 0.473166 0.575917 0.728141 0.938254 1.165398 1.273365 1.160001 0.927470 0.711986 0.554418 0.446357 0.372182 0.320044 0.282271 0.254056 0.232369 0.215260 0.201445 0.190057 0.180495 0.172336 0.165274 0.159084 0.153597 0.148687 0.144256 0.140226 0.136537 0.133141 0.129997 0.127075 0.124347 0.121792 0.119390 0.117126 0.114987 0.112960 0.111036 0.109205 0.107461 0.105795 0.104202 0.102675 0.101211 0.099803 0.098449 0.097143 0.095883 0.094665 0.093486 0.092343 0.091233 0.090154 0.089103 0.088078 0.087077 0.086097 0.085137 0.084195 0.083269 0.082357 0.081459 0.080573 0.079697 0.078831 0.077973 0.077122 0.076278 0.075440 0.074608 0.073780 0.072957 0.072139 0.071324 0.070513 0.069706 0.068903 0.068104 0.067309 0.066519 0.065733
0.107106 0.110774 0.114679 0.118823 0.123201 0.127795 0.132573 0.137481 0.142441 0.147347 0.152069 0.156453 0.160335 0.163554 0.165977 0.167512 0.168127 0.167857 0.166791 0.165067 0.162846 0.160292 0.157561 0.154786 0.152074 0.149504 0.147132 0.144995 0.143112 0.141491 0.140135 0.139037 0.138193 0.137595 0.137235 0.137108 0.137211 0.137544 0.138110 0.138919 0.139984 0.141325 0.142970 0.144959 0.147342 0.150187 0.153584 0.157652 0.162548 0.168488 0.175765 0.184792 0.196158 0.210729 0.229817 0.255486 0.291132 0.342652 0.421006 0.548381 0.775035 1.233135 2.345300 5.681266 11.241028 5.681803 2.346367 1.234715 0.777105 0.550911 0.423960 0.345991 0.294811 0.259459 0.234035 0.215146 0.200726 0.189466 0.180502 0.173249 0.167297 0.162356 0.158213 0.154714 0.151741 0.149205 0.147039 0.145189 0.143613 0.142277 0.141155 0.140222 0.139460 0.138850 0.138377 0.138025 0.137780 0.137628 0.137553 0.137540 0.137573 0.137636 0.137713 0.137788 0.137844 0.137867 0.137843 0.137761 0.137611 0.137388 0.137088 0.136712 0.136262 0.135744 0.135166 0.134539 0.133874 0.133182 0.132476 0.131768 0.131070 0.130391 0.129741 0.129128 0.128559 0.128041 0.127577 0.127172 0.126829 0.126550 0.126337 0.126191 0.126112 0.126102 0.126159 0.126286 0.126481 0.126744 0.127075 0.127474 0.127942 0.128477 0.129080 0.129751 0.130490 0.131297 0.132173 0.133116 0.134128 0.135209 0.136357 0.137574 0.138858 0.140210 0.141627 0.143108 0.144653 0.146257 0.147920 0.149637 0.151404 0.153218 0.155072 0.156961 0.158880 0.160821 0.162779 0.164748 0.166722 0.168695 0.170664 0.172625 0.174578 0.176522 0.178459 0.180392 0.182324 0.184263 0.186213 0.188182 0.190175 0.192199 0.194258 0.196354 0.198488 0.200659 0.202860 0.205084 0.207319 0.209552 0.211765 0.213939 0.216053 0.218087 0.220022 0.221840 0.223528 0.225078 0.226491 0.227772 0.228937 0.230014 0.231036 0.232053 0.233122 0.234316 0.235723 0.237451 0.239632 0.242431 0.246061 0.250795 0.257000 0.265168 0.275984 0.290400 0.309771 0.336011 0.371794 0.420630 0.486378 0.570936 0.667933 0.753206 0.787211 0.747982 0.657497 0.555309 0.465593 0.394730 0.340833 0.300051 0.268885 0.244672 0.225505 0.210042 0.197339 0.186725 0.177718 0.169969 0.163216 0.157265 0.151969 0.147214 0.142910 0.138987 0.135391 0.132075 0.129004 0.126146 0.123477 0.120975 0.118624 0.116407 0.114312 0.112328 0.110445 0.108653 0.106946 0.105317 0.103759 0.102267 0.100836 0.099462 0.098139 0.096865 0.095636 0.094448 0.093298 0.092183 0.091101 0.090049 0.089024 0.088024 0.087047 0.086091 0.085153 0.084232 0.083326 0.082434 0.081553 0.080683 0.079822 0.078970 0.078124 0.077284 0.076450 0.075620 0.074795 0.073973 0.073154 0.072338 0.071525 0.070715 0.069908 0.069103 0.068302 0.067504 0.066709 0.065918
0.105905 0.109259 0.112793 0.116504 0.120380 0.124402 0.128534 0.132730 0.136924 0.141033 0.144959 0.148591 0.151815 0.154525 0.156630 0.158073 0.158833 0.158932 0.158429 0.157414 0.155995 0.154289 0.152406 0.150447 0.148495 0.146619 0.144867 0.143277 0.141870 0.140663 0.139661 0.138867 0.138281 0.137902 0.137727 0.137755 0.137987 0.138427 0.139080 0.139957 0.141075 0.142455 0.144126 0.146130 0.148518 0.151361 0.154749 0.158803 0.163686 0.169616 0.176895 0.185945 0.197373 0.212074 0.231413 0.257553 0.294091 0.347365 0.429414 0.565431 0.815739 1.356386 2.900838 11.240229 11.240384 11.240539 2.901452 1.357293 0.816921 0.566865 0.431073 0.349221 0.296109 0.259700 0.233654 0.214375 0.199700 0.188267 0.179183 0.171844 0.165829 0.160842 0.156663 0.153135 0.150137 0.147578 0.145387 0.143510 0.141904 0.140533 0.139370 0.138390 0.137573 0.136901 0.136359 0.135931 0.135603 0.135361 0.135192 0.135081 0.135016 0.134981 0.134962 0.134947 0.134921 0.134873 0.134792 0.134668 0.134494 0.134265 0.133978 0.133633 0.133232 0.132779 0.132280 0.131744 0.131178 0.130592 0.129997 0.129401 0.128814 0.128244 0.127700 0.127189 0.126716 0.126287 0.125907 0.125579 0.125307 0.125091 0.124936 0.124841 0.124807 0.124836 0.124928 0.125084 0.125302 0.125585 0.125930 0.126339 0.126812 0.127348 0.127948 0.128610 0.129337 0.130126 0.130979 0.131896 0.132875 0.133918 0.135023 0.136190 0.137419 0.138709 0.140059 0.141467 0.142931 0.144449 0.146019 0.147638 0.149301 0.151006 0.152747 0.154521 0.156321 0.158143 0.159982 0.161832 0.163690 0.165551 0.167413 0.169272 0.171127 0.172979 0.174828 0.176677 0.178529 0.180388 0.182258 0.184144 0.186050 0.187980 0.189936 0.191921 0.193933 0.195970 0.198028 0.200100 0.202175 0.204244 0.206291 0.208302 0.210262 0.212156 0.213968 0.215687 0.217304 0.218814 0.220218 0.221525 0.222747 0.223908 0.225039 0.226178 0.227377 0.228697 0.230213 0.232017 0.234220 0.236961 0.240416 0.244808 0.250426 0.257644 0.266961 0.279027 0.294695 0.315043 0.341340 0.374832 0.416093 0.463612 0.511601 0.548696 0.561474 0.543603 0.501429 0.448387 0.395854 0.349631 0.311242 0.280122 0.255039 0.234733 0.218137 0.204408 0.192904 0.183141 0.174752 0.167460 0.161055 0.155373 0.150290 0.145705 0.141543 0.137738 0.134242 0.131014 0.128019 0.125229 0.122622 0.120177 0.117878 0.115710 0.113662 0.111721 0.109879 0.108128 0.106459 0.104867 0.103346 0.101889 0.100493 0.099152 0.097863 0.096621 0.095423 0.094266 0.093146 0.092061 0.091008 0.089983 0.088986 0.088012 0.087060 0.086128 0.085213 0.084314 0.083429 0.082556 0.081693 0.080840 0.079995 0.079156 0.078323 0.077494 0.076669 0.075847 0.075028 0.074211 0.073396 0.072582 0.071770 0.070959 0.070151 0.069344 0.068539 0.067736 0.066936 0.066139
0.104886 0.107972 0.111195 0.114547 0.118014 0.121576 0.125201 0.128846 0.132460 0.135977 0.139323 0.142419 0.145183 0.147541 0.149435 0.150824 0.151695 0.152063 0.151968 0.151470 0.150645 0.149574 0.148338 0.147013 0.145665 0.144350 0.143109 0.141978 0.140979 0.140130 0.139440 0.138918 0.138566 0.138386 0.138381 0.138553 0.138905 0.139442 0.140173 0.141111 0.142272 0.143678 0.145362 0.147362 0.149732 0.152540 0.155878 0.159866 0.164662 0.170483 0.177623 0.186498 0.197696 0.212085 0.230980 0.256445 0.291877 0.343176 0.421302 0.548447 0.774866 1.232732 2.344664 5.680398 11.239935 5.680490 2.344843 1.232990 0.775191 0.548821 0.421707 0.343591 0.292279 0.256810 0.231286 0.212310 0.197818 0.186499 0.177487 0.170195 0.164212 0.159244 0.155078 0.151556 0.148558 0.145995 0.143795 0.141903 0.140277 0.138880 0.137685 0.136666 0.135804 0.135081 0.134480 0.133988 0.133590 0.133274 0.133027 0.132836 0.132689 0.132573 0.132477 0.132389 0.132297 0.132193 0.132066 0.131909 0.131715 0.131482 0.131205 0.130885 0.130523 0.130123 0.129688 0.129226 0.128741 0.128243 0.127739 0.127236 0.126742 0.126265 0.125811 0.125386 0.124996 0.124646 0.124338 0.124078 0.123868 0.123710 0.123605 0.123557 0.123565 0.123630 0.123754 0.123936 0.124178 0.124478 0.124838 0.125257 0.125735 0.126273 0.126870 0.127526 0.128242 0.129016 0.129850 0.130743 0.131694 0.132703 0.133770 0.134894 0.136075 0.137311 0.138601 0.139944 0.141338 0.142781 0.144270 0.145803 0.147376 0.148987 0.150630 0.152303 0.154001 0.155720 0.157456 0.159205 0.160962 0.162725 0.164492 0.166260 0.168029 0.169798 0.171568 0.173341 0.175118 0.176903 0.178699 0.180509 0.182335 0.184181 0.186048 0.187935 0.189844 0.191770 0.193710 0.195657 0.197604 0.199542 0.201460 0.203347 0.205190 0.206978 0.208701 0.210349 0.211918 0.213405 0.214811 0.216144 0.217417 0.218648 0.219864 0.221098 0.222393 0.223799 0.225378 0.227208 0.229379 0.232005 0.235225 0.239214 0.244188 0.250420 0.258248 0.268086 0.280424 0.295794 0.314679 0.337295 0.363175 0.390549 0.415761 0.433470 0.438449 0.428464 0.405765 0.375594 0.343308 0.312578 0.285188 0.261617 0.241663 0.224854 0.210668 0.198625 0.188321 0.179427 0.171679 0.164868 0.158831 0.153436 0.148580 0.144179 0.140166 0.136487 0.133098 0.129961 0.127046 0.124328 0.121785 0.119399 0.117154 0.115036 0.113035 0.111139 0.109340 0.107630 0.106001 0.104447 0.102963 0.101542 0.100181 0.098875 0.097620 0.096411 0.095246 0.094121 0.093033 0.091978 0.090955 0.089959 0.088990 0.088043 0.087117 0.086210 0.085320 0.084444 0.083580 0.082727 0.081884 0.081048 0.080218 0.079393 0.078572 0.077755 0.076939 0.076125 0.075311 0.074499 0.073686 0.072874 0.072062 0.071250 0.070438 0.069627 0.068817 0.068009 0.067202 0.066398
0.104057 0.106917 0.109880 0.112937 0.116073 0.119268 0.122494 0.125715 0.128889 0.131965 0.134886 0.137595 0.140034 0.142149 0.143901 0.145263 0.146224 0.146796 0.147006 0.146896 0.146519 0.145934 0.145200 0.144375 0.143511 0.142652 0.141835 0.141090 0.140440 0.139902 0.139488 0.139207 0.139065 0.139068 0.139219 0.139523 0.139985 0.140612 0.141413 0.142402 0.143596 0.145018 0.146699 0.148677 0.151005 0.153748 0.156996 0.160863 0.165501 0.171116 0.177984 0.186492 0.197184 0.210848 0.228655 0.252406 0.284969 0.331117 0.399178 0.504507 0.676942 0.976210 1.510696 2.344548 2.900433 2.344426 1.510449 0.975831 0.676424 0.503838 0.398347 0.330110 0.283773 0.251006 0.227039 0.209005 0.195105 0.184171 0.175416 0.168298 0.162436 0.157554 0.153448 0.149967 0.146996 0.144449 0.142255 0.140362 0.138726 0.137313 0.136094 0.135045 0.134146 0.133380 0.132732 0.132186 0.131730 0.131352 0.131040 0.130782 0.130568 0.130386 0.130226 0.130079 0.129934 0.129784 0.129620 0.129436 0.129227 0.128990 0.128722 0.128423 0.128093 0.127735 0.127352 0.126950 0.126533 0.126106 0.125678 0.125253 0.124838 0.124439 0.124061 0.123711 0.123392 0.123109 0.122866 0.122666 0.122510 0.122403 0.122345 0.122339 0.122384 0.122483 0.122636 0.122844 0.123107 0.123425 0.123798 0.124227 0.124712 0.125252 0.125848 0.126500 0.127207 0.127969 0.128786 0.129658 0.130585 0.131566 0.132599 0.133686 0.134824 0.136013 0.137252 0.138538 0.139871 0.141248 0.142667 0.144125 0.145621 0.147149 0.148709 0.150295 0.151905 0.153535 0.155181 0.156841 0.158511 0.160189 0.161873 0.163561 0.165253 0.166947 0.168646 0.170349 0.172059 0.173777 0.175506 0.177247 0.179003 0.180774 0.182563 0.184368 0.186189 0.188023 0.189867 0.191715 0.193561 0.195397 0.197216 0.199008 0.200764 0.202477 0.204137 0.205739 0.207279 0.208757 0.210174 0.211537 0.212857 0.214150 0.215438 0.216748 0.218115 0.219579 0.221193 0.223015 0.225121 0.227598 0.230553 0.234116 0.238444 0.243721 0.250166 0.258021 0.267537 0.278929 0.292293 0.307459 0.323780 0.339903 0.353689 0.362515 0.364105 0.357549 0.343777 0.325081 0.304104 0.283002 0.263144 0.245191 0.229327 0.215469 0.203413 0.192918 0.183748 0.175695 0.168579 0.162251 0.156586 0.151484 0.146861 0.142649 0.138792 0.135243 0.131964 0.128922 0.126090 0.123445 0.120968 0.118642 0.116453 0.114387 0.112434 0.110584 0.108828 0.107160 0.105571 0.104057 0.102611 0.101228 0.099903 0.098633 0.097412 0.096238 0.095107 0.094015 0.092959 0.091936 0.090944 0.089979 0.089039 0.088121 0.087222 0.086342 0.085476 0.084624 0.083783 0.082951 0.082127 0.081309 0.080496 0.079685 0.078877 0.078070 0.077264 0.076457 0.075649 0.074840 0.074029 0.073217 0.072404 0.071589 0.070773 0.069957 0.069141 0.068325 0.067509 0.066696
0.103418 0.106090 0.108839 0.111656 0.114526 0.117431 0.120345 0.123240 0.126081 0.128827 0.131437 0.133867 0.136075 0.138023 0.139683 0.141035 0.142074 0.142807 0.143253 0.143441 0.143411 0.143204 0.142867 0.142441 0.141968 0.141485 0.141021 0.140604 0.140253 0.139986 0.139815 0.139750 0.139799 0.139968 0.140262 0.140688 0.141251 0.141959 0.142823 0.143856 0.145074 0.146501 0.148165 0.150104 0.152367 0.155017 0.158137 0.161834 0.166249 0.171569 0.178045 0.186022 0.195974 0.208575 0.224796 0.246077 0.274597 0.313744 0.368889 0.448603 0.566116 0.738873 0.976263 1.232672 1.356044 1.232337 0.975591 0.737860 0.564758 0.446893 0.366822 0.311313 0.271795 0.242901 0.221243 0.204643 0.191666 0.181343 0.173003 0.166173 0.160514 0.155776 0.151774 0.148367 0.145449 0.142936 0.140764 0.138881 0.137246 0.135826 0.134591 0.133521 0.132594 0.131794 0.131105 0.130515 0.130011 0.129582 0.129216 0.128903 0.128633 0.128396 0.128184 0.127988 0.127800 0.127612 0.127418 0.127212 0.126991 0.126751 0.126490 0.126207 0.125903 0.125580 0.125240 0.124887 0.124525 0.124159 0.123793 0.123434 0.123085 0.122752 0.122440 0.122154 0.121897 0.121673 0.121486 0.121338 0.121232 0.121170 0.121154 0.121186 0.121266 0.121396 0.121576 0.121807 0.122090 0.122425 0.122812 0.123251 0.123742 0.124286 0.124883 0.125532 0.126232 0.126985 0.127789 0.128644 0.129550 0.130506 0.131512 0.132566 0.133668 0.134816 0.136010 0.137247 0.138527 0.139847 0.141206 0.142600 0.144028 0.145486 0.146972 0.148484 0.150017 0.151570 0.153139 0.154722 0.156317 0.157920 0.159531 0.161149 0.162772 0.164401 0.166036 0.167677 0.169326 0.170984 0.172653 0.174333 0.176027 0.177735 0.179457 0.181194 0.182942 0.184702 0.186468 0.188238 0.190005 0.191764 0.193509 0.195233 0.196928 0.198589 0.200209 0.201785 0.203314 0.204796 0.206233 0.207632 0.209001 0.210353 0.211707 0.213082 0.214508 0.216016 0.217645 0.219444 0.221468 0.223783 0.226467 0.229613 0.233327 0.237729 0.242948 0.249112 0.256328 0.264645 0.273993 0.284105 0.294418 0.304013 0.311646 0.315962 0.315880 0.310987 0.301719 0.289178 0.274740 0.259669 0.244903 0.231022 0.218309 0.206844 0.196593 0.187456 0.179313 0.172041 0.165525 0.159661 0.154360 0.149547 0.145157 0.141134 0.137433 0.134016 0.130848 0.127902 0.125154 0.122584 0.120175 0.117910 0.115776 0.113762 0.111858 0.110055 0.108344 0.106718 0.105171 0.103697 0.102290 0.100945 0.099658 0.098425 0.097241 0.096102 0.095006 0.093949 0.092927 0.091937 0.090978 0.090044 0.089135 0.088247 0.087378 0.086525 0.085686 0.084859 0.084042 0.083232 0.082429 0.081629 0.080833 0.080037 0.079242 0.078446 0.077648 0.076848 0.076045 0.075239 0.074429 0.073616 0.072800 0.071982 0.071160 0.070337 0.069512 0.068687 0.067862 0.067037
0.102970 0.105488 0.108064 0.110688 0.113347 0.116023 0.118696 0.121341 0.123930 0.126432 0.128814 0.131044 0.133089 0.134924 0.136528 0.137886 0.138994 0.139858 0.140492 0.140917 0.141162 0.141257 0.141237 0.141136 0.140985 0.140813 0.140648 0.140510 0.140418 0.140389 0.140434 0.140563 0.140784 0.141105 0.141531 0.142070 0.142727 0.143511 0.144431 0.145501 0.146735 0.148157 0.149792 0.151676 0.153854 0.156385 0.159344 0.162827 0.166962 0.171914 0.177902 0.185219 0.194260 0.205567 0.219895 0.238302 0.262294 0.294004 0.336412 0.393433 0.469369 0.566336 0.677216 0.775028 0.815624 0.774478 0.676114 0.564683 0.467162 0.390669 0.333092 0.290126 0.257859 0.233315 0.214361 0.199496 0.187664 0.178115 0.170310 0.163858 0.158468 0.153925 0.150064 0.146761 0.143917 0.141457 0.139321 0.137460 0.135836 0.134416 0.133174 0.132089 0.131141 0.130314 0.129594 0.128968 0.128424 0.127951 0.127540 0.127181 0.126865 0.126583 0.126328 0.126092 0.125867 0.125648 0.125430 0.125206 0.124975 0.124732 0.124476 0.124207 0.123925 0.123630 0.123325 0.123013 0.122697 0.122381 0.122068 0.121763 0.121470 0.121194 0.120938 0.120707 0.120504 0.120331 0.120193 0.120092 0.120030 0.120009 0.120030 0.120096 0.120208 0.120366 0.120572 0.120826 0.121128 0.121479 0.121879 0.122329 0.122828 0.123377 0.123975 0.124623 0.125319 0.126065 0.126858 0.127700 0.128589 0.129525 0.130507 0.131534 0.132605 0.133719 0.134874 0.136070 0.137305 0.138576 0.139882 0.141221 0.142591 0.143989 0.145413 0.146860 0.148327 0.149814 0.151316 0.152832 0.154361 0.155899 0.157447 0.159003 0.160567 0.162137 0.163716 0.165302 0.166898 0.168503 0.170119 0.171747 0.173388 0.175041 0.176708 0.178388 0.180078 0.181778 0.183485 0.185195 0.186904 0.188607 0.190300 0.191977 0.193633 0.195263 0.196863 0.198431 0.199965 0.201465 0.202934 0.204376 0.205798 0.207212 0.208630 0.210068 0.211549 0.213095 0.214736 0.216507 0.218448 0.220605 0.223033 0.225793 0.228952 0.232581 0.236750 0.241514 0.246900 0.252879 0.259328 0.265993 0.272448 0.278091 0.282188 0.284010 0.283003 0.278972 0.272139 0.263081 0.252556 0.241319 0.229994 0.219025 0.208685 0.199109 0.190339 0.182357 0.175113 0.168542 0.162575 0.157144 0.152189 0.147652 0.143487 0.139649 0.136102 0.132814 0.129757 0.126907 0.124243 0.121748 0.119406 0.117202 0.115126 0.113165 0.111311 0.109555 0.107889 0.106307 0.104802 0.103369 0.102002 0.100697 0.099449 0.098253 0.097107 0.096006 0.094946 0.093925 0.092938 0.091984 0.091058 0.090159 0.089282 0.088426 0.087587 0.086764 0.085953 0.085153 0.084361 0.083575 0.082793 0.082013 0.081234 0.080454 0.079672 0.078887 0.078098 0.077304 0.076505 0.075701 0.074892 0.074077 0.073257 0.072432 0.071603 0.070771 0.069936 0.069100 0.068262 0.067424
0.102711 0.105105 0.107543 0.110015 0.112508 0.115008 0.117496 0.119952 0.122354 0.124676 0.126894 0.128981 0.130916 0.132678 0.134251 0.135626 0.136800 0.137777 0.138566 0.139184 0.139652 0.139993 0.140234 0.140400 0.140517 0.140609 0.140697 0.140801 0.140936 0.141117 0.141354 0.141659 0.142039 0.142500 0.143050 0.143694 0.144440 0.145294 0.146266 0.147367 0.148613 0.150022 0.151618 0.153435 0.155511 0.157900 0.160669 0.163903 0.167713 0.172241 0.177670 0.184240 0.192266 0.202160 0.214473 0.229928 0.249473 0.274307 0.305845 0.345471 0.393824 0.449210 0.505164 0.548991 0.565702 0.548220 0.503623 0.446900 0.390745 0.341625 0.301234 0.268937 0.243352 0.223068 0.206887 0.193868 0.183291 0.174611 0.167419 0.161405 0.156333 0.152023 0.148334 0.145157 0.142407 0.140015 0.137926 0.136098 0.134493 0.133081 0.131840 0.130746 0.129784 0.128937 0.128191 0.127536 0.126959 0.126451 0.126002 0.125605 0.125250 0.124931 0.124639 0.124370 0.124115 0.123870 0.123631 0.123393 0.123152 0.122907 0.122656 0.122398 0.122133 0.121862 0.121586 0.121308 0.121030 0.120755 0.120486 0.120228 0.119983 0.119755 0.119547 0.119363 0.119206 0.119079 0.118984 0.118924 0.118901 0.118916 0.118972 0.119070 0.119211 0.119395 0.119625 0.119900 0.120220 0.120588 0.121002 0.121462 0.121970 0.122525 0.123126 0.123775 0.124469 0.125210 0.125996 0.126828 0.127704 0.128623 0.129586 0.130590 0.131636 0.132721 0.133845 0.135006 0.136202 0.137432 0.138694 0.139986 0.141306 0.142652 0.144022 0.145414 0.146826 0.148255 0.149700 0.151159 0.152630 0.154112 0.155605 0.157107 0.158618 0.160138 0.161668 0.163206 0.164755 0.166315 0.167886 0.169469 0.171065 0.172674 0.174296 0.175931 0.177576 0.179231 0.180894 0.182560 0.184229 0.185895 0.187554 0.189204 0.190840 0.192458 0.194057 0.195634 0.197187 0.198719 0.200231 0.201726 0.203211 0.204692 0.206180 0.207687 0.209227 0.210816 0.212475 0.214226 0.216096 0.218115 0.220316 0.222735 0.225412 0.228381 0.231672 0.235299 0.239248 0.243459 0.247809 0.252087 0.255991 0.259131 0.261069 0.261395 0.259816 0.256233 0.250776 0.243768 0.235650 0.226886 0.217891 0.208992 0.200414 0.192300 0.184718 0.177693 0.171214 0.165254 0.159776 0.154738 0.150100 0.145823 0.141870 0.138208 0.134809 0.131647 0.128698 0.125942 0.123362 0.120941 0.118665 0.116523 0.114503 0.112596 0.110792 0.109084 0.107464 0.105926 0.104464 0.103073 0.101748 0.100483 0.099275 0.098119 0.097012 0.095950 0.094928 0.093945 0.092996 0.092078 0.091189 0.090325 0.089483 0.088661 0.087855 0.087063 0.086282 0.085511 0.084745 0.083984 0.083225 0.082466 0.081705 0.080941 0.080173 0.079399 0.078619 0.077831 0.077036 0.076233 0.075422 0.074604 0.073778 0.072946 0.072108 0.071265 0.070417 0.069567 0.068714 0.067860
0.102639 0.104937 0.107268 0.109622 0.111989 0.114355 0.116704 0.119021 0.121285 0.123479 0.125580 0.127571 0.129434 0.131153 0.132717 0.134119 0.135357 0.136432 0.137354 0.138135 0.138789 0.139336 0.139795 0.140186 0.140531 0.140849 0.141157 0.141472 0.141808 0.142177 0.142590 0.143056 0.143582 0.144176 0.144842 0.145588 0.146419 0.147340 0.148362 0.149493 0.150745 0.152137 0.153688 0.155426 0.157388 0.159618 0.162175 0.165132 0.168584 0.172648 0.177474 0.183250 0.190218 0.198676 0.209003 0.221659 0.237188 0.256183 0.279181 0.306419 0.337372 0.370056 0.400385 0.422388 0.430224 0.421390 0.398389 0.367064 0.333387 0.301446 0.273227 0.249258 0.229306 0.212837 0.199265 0.188051 0.178739 0.170959 0.164415 0.158873 0.154149 0.150097 0.146601 0.143569 0.140926 0.138614 0.136584 0.134796 0.133218 0.131822 0.130586 0.129491 0.128519 0.127657 0.126892 0.126213 0.125609 0.125072 0.124592 0.124162 0.123775 0.123424 0.123103 0.122804 0.122525 0.122258 0.122001 0.121750 0.121502 0.121255 0.121007 0.120757 0.120506 0.120254 0.120003 0.119752 0.119506 0.119266 0.119035 0.118816 0.118612 0.118425 0.118259 0.118116 0.118000 0.117912 0.117855 0.117832 0.117843 0.117892 0.117979 0.118105 0.118273 0.118482 0.118734 0.119029 0.119368 0.119751 0.120179 0.120651 0.121168 0.121730 0.122337 0.122988 0.123683 0.124421 0.125203 0.126028 0.126894 0.127801 0.128749 0.129736 0.130761 0.131823 0.132921 0.134053 0.135218 0.136413 0.137638 0.138891 0.140169 0.141472 0.142796 0.144141 0.145505 0.146885 0.148281 0.149690 0.151113 0.152547 0.153992 0.155448 0.156914 0.158390 0.159876 0.161374 0.162883 0.164404 0.165937 0.167484 0.169044 0.170618 0.172205 0.173806 0.175418 0.177041 0.178673 0.180312 0.181956 0.183601 0.185245 0.186884 0.188518 0.190142 0.191755 0.193357 0.194946 0.196524 0.198092 0.199654 0.201212 0.202773 0.204343 0.205930 0.207541 0.209188 0.210880 0.212631 0.214455 0.216366 0.218381 0.220516 0.222789 0.225209 0.227782 0.230497 0.233322 0.236193 0.239001 0.241588 0.243745 0.245221 0.245752 0.245105 0.243119 0.239748 0.235076 0.229299 0.222686 0.215533 0.208120 0.200682 0.193399 0.186395 0.179748 0.173497 0.167654 0.162214 0.157161 0.152471 0.148119 0.144077 0.140321 0.136824 0.133565 0.130522 0.127677 0.125012 0.122513 0.120164 0.117955 0.115874 0.113910 0.112056 0.110302 0.108642 0.107069 0.105577 0.104159 0.102811 0.101528 0.100305 0.099139 0.098024 0.096958 0.095936 0.094955 0.094011 0.093102 0.092223 0.091373 0.090546 0.089742 0.088955 0.088184 0.087426 0.086678 0.085937 0.085200 0.084466 0.083731 0.082994 0.082253 0.081506 0.080752 0.079990 0.079218 0.078436 0.077643 0.076840 0.076027 0.075203 0.074370 0.073528 0.072678 0.071822 0.070959 0.070092 0.069222 0.068350
0.102752 0.104978 0.107229 0.109497 0.111770 0.114038 0.116287 0.118504 0.120672 0.122777 0.124801 0.126731 0.128552 0.130252 0.131824 0.133261 0.134562 0.135730 0.136769 0.137691 0.138505 0.139228 0.139874 0.140460 0.141003 0.141517 0.142020 0.142523 0.143039 0.143580 0.144154 0.144771 0.145436 0.146156 0.146936 0.147781 0.148695 0.149685 0.150757 0.151917 0.153176 0.154548 0.156050 0.157705 0.159542 0.161601 0.163930 0.166592 0.169663 0.173239 0.177440 0.182410 0.188325 0.195394 0.203862 0.214001 0.226094 0.240379 0.256962 0.275650 0.295716 0.315644 0.333038 0.344962 0.348867 0.343725 0.330565 0.311938 0.290781 0.269493 0.249594 0.231813 0.216350 0.203104 0.191841 0.182288 0.174180 0.167279 0.161383 0.156322 0.151959 0.148178 0.144887 0.142011 0.139486 0.137263 0.135298 0.133558 0.132013 0.130638 0.129413 0.128320 0.127344 0.126472 0.125693 0.124994 0.124369 0.123807 0.123301 0.122844 0.122430 0.122052 0.121704 0.121382 0.121081 0.120796 0.120524 0.120261 0.120006 0.119757 0.119511 0.119268 0.119029 0.118792 0.118560 0.118333 0.118114 0.117903 0.117704 0.117518 0.117348 0.117197 0.117066 0.116959 0.116878 0.116825 0.116803 0.116812 0.116855 0.116933 0.117048 0.117201 0.117394 0.117626 0.117899 0.118214 0.118571 0.118970 0.119412 0.119896 0.120424 0.120994 0.121607 0.122263 0.122960 0.123700 0.124480 0.125301 0.126161 0.127061 0.127998 0.128972 0.129982 0.131026 0.132103 0.133212 0.134351 0.135519 0.136714 0.137934 0.139178 0.140444 0.141730 0.143036 0.144359 0.145698 0.147052 0.148419 0.149800 0.151193 0.152597 0.154013 0.155441 0.156880 0.158330 0.159793 0.161269 0.162758 0.164261 0.165779 0.167311 0.168859 0.170421 0.171998 0.173588 0.175192 0.176807 0.178432 0.180065 0.181705 0.183348 0.184995 0.186641 0.188288 0.189932 0.191574 0.193215 0.194854 0.196494 0.198137 0.199785 0.201442 0.203111 0.204796 0.206500 0.208226 0.209978 0.211759 0.213571 0.215416 0.217296 0.219212 0.221162 0.223140 0.225135 0.227123 0.229068 0.230909 0.232561 0.233911 0.234817 0.235122 0.234669 0.233324 0.231003 0.227692 0.223449 0.218403 0.212729 0.206622 0.200276 0.193861 0.187515 0.181343 0.175416 0.169778 0.164452 0.159444 0.154752 0.150363 0.146261 0.142431 0.138852 0.135507 0.132377 0.129446 0.126699 0.124122 0.121700 0.119422 0.117277 0.115256 0.113348 0.111547 0.109844 0.108233 0.106706 0.105260 0.103887 0.102583 0.101344 0.100165 0.099041 0.097970 0.096946 0.095966 0.095028 0.094126 0.093259 0.092422 0.091612 0.090827 0.090062 0.089314 0.088581 0.087859 0.087146 0.086438 0.085732 0.085027 0.084318 0.083605 0.082885 0.082156 0.081417 0.080666 0.079903 0.079126 0.078335 0.077531 0.076714 0.075883 0.075040 0.074186 0.073322 0.072449 0.071569 0.070682 0.069791 0.068898
0.103048 0.105225 0.107420 0.109627 0.111836 0.114037 0.116218 0.118368 0.120474 0.122522 0.124501 0.126397 0.128201 0.129903 0.131496 0.132977 0.134343 0.135598 0.136746 0.137793 0.138750 0.139627 0.140438 0.141196 0.141913 0.142604 0.143280 0.143955 0.144637 0.145337 0.146063 0.146823 0.147622 0.148466 0.149359 0.150305 0.151307 0.152368 0.153493 0.154687 0.155957 0.157311 0.158764 0.160333 0.162041 0.163921 0.166012 0.168365 0.171043 0.174122 0.177694 0.181868 0.186768 0.192536 0.199323 0.207276 0.216520 0.227109 0.238967 0.251792 0.264952 0.277412 0.287776 0.294522 0.296431 0.293032 0.284797 0.272948 0.259009 0.244378 0.230094 0.216795 0.204788 0.194157 0.184854 0.176767 0.169754 0.163675 0.158399 0.153808 0.149803 0.146296 0.143215 0.140500 0.138099 0.135970 0.134076 0.132388 0.130880 0.129530 0.128320 0.127234 0.126258 0.125380 0.124589 0.123876 0.123232 0.122650 0.122122 0.121642 0.121204 0.120803 0.120433 0.120090 0.119770 0.119469 0.119183 0.118911 0.118650 0.118397 0.118153 0.117916 0.117685 0.117461 0.117245 0.117038 0.116840 0.116654 0.116482 0.116324 0.116184 0.116063 0.115964 0.115888 0.115838 0.115816 0.115823 0.115861 0.115932 0.116038 0.116179 0.116357 0.116572 0.116826 0.117120 0.117454 0.117828 0.118243 0.118700 0.119198 0.119737 0.120317 0.120939 0.121601 0.122304 0.123046 0.123828 0.124649 0.125507 0.126402 0.127333 0.128299 0.129298 0.130330 0.131392 0.132484 0.133603 0.134749 0.135920 0.137114 0.138330 0.139566 0.140822 0.142095 0.143384 0.144688 0.146007 0.147340 0.148685 0.150043 0.151413 0.152796 0.154191 0.155598 0.157019 0.158454 0.159903 0.161367 0.162847 0.164343 0.165855 0.167385 0.168931 0.170494 0.172074 0.173670 0.175280 0.176904 0.178541 0.180189 0.181848 0.183515 0.185192 0.186875 0.188567 0.190266 0.191974 0.193692 0.195421 0.197164 0.198921 0.200695 0.202486 0.204294 0.206119 0.207958 0.209806 0.211657 0.213503 0.215335 0.217141 0.218906 0.220616 0.222251 0.223790 0.225201 0.226449 0.227483 0.228241 0.228644 0.228604 0.228026 0.226822 0.224921 0.222284 0.218917 0.214868 0.210229 0.205120 0.199677 0.194035 0.188321 0.182639 0.177075 0.171691 0.166527 0.161611 0.156955 0.152561 0.148425 0.144540 0.140894 0.137473 0.134263 0.131252 0.128425 0.125769 0.123274 0.120926 0.118716 0.116634 0.114671 0.112819 0.111070 0.109417 0.107855 0.106376 0.104976 0.103649 0.102391 0.101197 0.100062 0.098984 0.097957 0.096978 0.096043 0.095149 0.094293 0.093470 0.092678 0.091912 0.091170 0.090448 0.089742 0.089050 0.088368 0.087692 0.087020 0.086349 0.085675 0.084995 0.084308 0.083610 0.082901 0.082177 0.081438 0.080683 0.079911 0.079121 0.078314 0.077491 0.076651 0.075796 0.074927 0.074045 0.073153 0.072251 0.071341 0.070426 0.069507
0.103526 0.105673 0.107835 0.110005 0.112175 0.114335 0.116476 0.118588 0.120659 0.122679 0.124637 0.126524 0.128331 0.130051 0.131679 0.133210 0.134646 0.135986 0.137235 0.138399 0.139486 0.140504 0.141464 0.142376 0.143253 0.144104 0.144941 0.145774 0.146612 0.147463 0.148336 0.149235 0.150168 0.151137 0.152146 0.153197 0.154293 0.155433 0.156621 0.157857 0.159144 0.160488 0.161896 0.163382 0.164962 0.166660 0.168508 0.170546 0.172825 0.175404 0.178355 0.181758 0.185700 0.190274 0.195568 0.201657 0.208575 0.216295 0.224681 0.233447 0.242113 0.249996 0.256271 0.260108 0.260879 0.258349 0.252754 0.244724 0.235091 0.224686 0.214193 0.204100 0.194699 0.186136 0.178449 0.171612 0.165564 0.160229 0.155527 0.151380 0.147719 0.144479 0.141606 0.139052 0.136776 0.134744 0.132924 0.131291 0.129823 0.128501 0.127309 0.126232 0.125259 0.124378 0.123579 0.122854 0.122195 0.121595 0.121049 0.120549 0.120090 0.119669 0.119280 0.118918 0.118582 0.118266 0.117969 0.117687 0.117420 0.117164 0.116920 0.116687 0.116463 0.116249 0.116047 0.115855 0.115676 0.115511 0.115361 0.115227 0.115112 0.115018 0.114945 0.114897 0.114874 0.114879 0.114913 0.114977 0.115074 0.115205 0.115370 0.115570 0.115808 0.116083 0.116396 0.116749 0.117141 0.117572 0.118044 0.118556 0.119108 0.119700 0.120331 0.121003 0.121713 0.122462 0.123249 0.124073 0.124933 0.125828 0.126757 0.127719 0.128712 0.129736 0.130789 0.131868 0.132974 0.134104 0.135257 0.136432 0.137626 0.138839 0.140069 0.141316 0.142578 0.143854 0.145144 0.146447 0.147763 0.149092 0.150433 0.151788 0.153156 0.154538 0.155935 0.157348 0.158776 0.160221 0.161685 0.163166 0.164667 0.166187 0.167727 0.169286 0.170865 0.172464 0.174081 0.175717 0.177371 0.179041 0.180729 0.182433 0.184153 0.185890 0.187645 0.189418 0.191211 0.193025 0.194863 0.196727 0.198616 0.200533 0.202475 0.204441 0.206424 0.208417 0.210408 0.212382 0.214322 0.216205 0.218006 0.219698 0.221252 0.222639 0.223826 0.224781 0.225468 0.225850 0.225883 0.225520 0.224712 0.223411 0.221574 0.219174 0.216204 0.212683 0.208657 0.204197 0.199391 0.194339 0.189139 0.183884 0.178656 0.173522 0.168532 0.163725 0.159125 0.154745 0.150592 0.146666 0.142962 0.139472 0.136188 0.133099 0.130194 0.127461 0.124890 0.122471 0.120193 0.118048 0.116026 0.114120 0.112322 0.110625 0.109023 0.107510 0.106079 0.104726 0.103446 0.102235 0.101087 0.100000 0.098968 0.097988 0.097056 0.096169 0.095322 0.094513 0.093738 0.092994 0.092275 0.091580 0.090905 0.090245 0.089598 0.088959 0.088325 0.087692 0.087058 0.086418 0.085770 0.085111 0.084438 0.083749 0.083042 0.082316 0.081569 0.080801 0.080011 0.079200 0.078368 0.077517 0.076646 0.075759 0.074856 0.073940 0.073013 0.072076 0.071133 0.070185
0.104184 0.106320 0.108469 0.110624 0.112777 0.114921 0.117046 0.119144 0.121205 0.123220 0.125180 0.127078 0.128906 0.130659 0.132332 0.133923 0.135431 0.136857 0.138206 0.139481 0.140689 0.141838 0.142937 0.143993 0.145017 0.146019 0.147007 0.147991 0.148979 0.149977 0.150994 0.152034 0.153102 0.154201 0.155333 0.156499 0.157699 0.158932 0.160195 0.161487 0.162806 0.164152 0.165526 0.166937 0.168392 0.169910 0.171515 0.173236 0.175114 0.177197 0.179539 0.182201 0.185244 0.188731 0.192711 0.197215 0.202239 0.207724 0.213533 0.219432 0.225075 0.230017 0.233758 0.235824 0.235872 0.233775 0.229661 0.223875 0.216892 0.209216 0.201298 0.193490 0.186034 0.179079 0.172695 0.166901 0.161682 0.157002 0.152817 0.149078 0.145738 0.142752 0.140080 0.137683 0.135531 0.133594 0.131849 0.130272 0.128846 0.127554 0.126381 0.125316 0.124347 0.123465 0.122660 0.121926 0.121254 0.120640 0.120077 0.119559 0.119083 0.118643 0.118236 0.117858 0.117506 0.117178 0.116869 0.116579 0.116305 0.116047 0.115802 0.115571 0.115352 0.115147 0.114955 0.114776 0.114613 0.114464 0.114333 0.114220 0.114127 0.114055 0.114006 0.113982 0.113983 0.114012 0.114070 0.114158 0.114278 0.114432 0.114619 0.114841 0.115100 0.115395 0.115728 0.116099 0.116508 0.116957 0.117444 0.117971 0.118537 0.119143 0.119787 0.120470 0.121190 0.121948 0.122743 0.123574 0.124439 0.125338 0.126270 0.127233 0.128225 0.129247 0.130295 0.131368 0.132466 0.133586 0.134727 0.135887 0.137066 0.138261 0.139472 0.140698 0.141939 0.143192 0.144459 0.145738 0.147030 0.148336 0.149654 0.150986 0.152333 0.153695 0.155073 0.156469 0.157882 0.159315 0.160769 0.162243 0.163739 0.165258 0.166800 0.168365 0.169953 0.171566 0.173202 0.174862 0.176545 0.178252 0.179982 0.181737 0.183517 0.185323 0.187157 0.189020 0.190917 0.192848 0.194816 0.196825 0.198874 0.200965 0.203095 0.205258 0.207447 0.209647 0.211842 0.214007 0.216112 0.218124 0.220004 0.221710 0.223198 0.224428 0.225358 0.225952 0.226178 0.226008 0.225419 0.224389 0.222903 0.220948 0.218520 0.215622 0.212272 0.208502 0.204359 0.199904 0.195206 0.190341 0.185383 0.180403 0.175462 0.170613 0.165897 0.161345 0.156977 0.152808 0.148843 0.145084 0.141528 0.138170 0.135003 0.132018 0.129206 0.126558 0.124064 0.121715 0.119503 0.117419 0.115456 0.113605 0.111860 0.110214 0.108662 0.107198 0.105816 0.104511 0.103280 0.102116 0.101017 0.099978 0.098995 0.098064 0.097182 0.096345 0.095549 0.094791 0.094067 0.093374 0.092707 0.092063 0.091438 0.090829 0.090230 0.089639 0.089051 0.088462 0.087869 0.087267 0.086654 0.086026 0.085380 0.084714 0.084025 0.083312 0.082573 0.081808 0.081017 0.080200 0.079357 0.078491 0.077602 0.076692 0.075764 0.074820 0.073863 0.072894 0.071918 0.070935
0.105024 0.107167 0.109321 0.111481 0.113638 0.115787 0.117918 0.120024 0.122096 0.124127 0.126109 0.128036 0.129901 0.131700 0.133430 0.135088 0.136674 0.138189 0.139636 0.141020 0.142346 0.143621 0.144851 0.146045 0.147210 0.148356 0.149491 0.150621 0.151756 0.152901 0.154064 0.155248 0.156457 0.157695 0.158962 0.160258 0.161579 0.162922 0.164281 0.165650 0.167021 0.168388 0.169747 0.171096 0.172438 0.173783 0.175146 0.176550 0.178028 0.179617 0.181362 0.183310 0.185508 0.188000 0.190815 0.193965 0.197431 0.201149 0.205005 0.208819 0.212349 0.215304 0.217373 0.218275 0.217812 0.215913 0.212649 0.208220 0.202907 0.197024 0.190868 0.184689 0.178675 0.172956 0.167608 0.162670 0.158149 0.154035 0.150306 0.146934 0.143889 0.141138 0.138654 0.136407 0.134374 0.132531 0.130858 0.129338 0.127953 0.126691 0.125540 0.124487 0.123524 0.122642 0.121833 0.121090 0.120408 0.119780 0.119202 0.118668 0.118175 0.117719 0.117296 0.116903 0.116537 0.116196 0.115876 0.115578 0.115298 0.115035 0.114789 0.114559 0.114344 0.114145 0.113961 0.113793 0.113642 0.113508 0.113393 0.113298 0.113223 0.113171 0.113143 0.113139 0.113162 0.113212 0.113292 0.113402 0.113543 0.113717 0.113925 0.114168 0.114447 0.114761 0.115113 0.115503 0.115930 0.116396 0.116901 0.117444 0.118026 0.118647 0.119306 0.120002 0.120736 0.121507 0.122313 0.123154 0.124029 0.124936 0.125875 0.126843 0.127840 0.128864 0.129913 0.130986 0.132081 0.133196 0.134331 0.135483 0.136651 0.137835 0.139033 0.140244 0.141468 0.142704 0.143952 0.145213 0.146486 0.147773 0.149072 0.150387 0.151717 0.153064 0.154429 0.155813 0.157217 0.158644 0.160093 0.161567 0.163066 0.164592 0.166144 0.167725 0.169333 0.170970 0.172636 0.174332 0.176057 0.177814 0.179601 0.181421 0.183276 0.185167 0.187097 0.189070 0.191089 0.193158 0.195281 0.197462 0.199703 0.202005 0.204364 0.206776 0.209228 0.211703 0.214176 0.216616 0.218979 0.221219 0.223279 0.225101 0.226624 0.227791 0.228551 0.228862 0.228694 0.228031 0.226866 0.225204 0.223061 0.220456 0.217416 0.213976 0.210173 0.206053 0.201667 0.197070 0.192322 0.187482 0.182609 0.177755 0.172967 0.168285 0.163740 0.159357 0.155151 0.151132 0.147308 0.143677 0.140238 0.136987 0.133917 0.131020 0.128289 0.125716 0.123291 0.121008 0.118857 0.116831 0.114922 0.113125 0.111432 0.109837 0.108335 0.106920 0.105587 0.104332 0.103150 0.102036 0.100986 0.099998 0.099066 0.098187 0.097358 0.096574 0.095832 0.095129 0.094461 0.093823 0.093212 0.092624 0.092055 0.091500 0.090956 0.090417 0.089880 0.089340 0.088792 0.088233 0.087659 0.087066 0.086450 0.085808 0.085139 0.084440 0.083709 0.082947 0.082153 0.081327 0.080471 0.079586 0.078674 0.077738 0.076779 0.075802 0.074809 0.073803 0.072788 0.071766
0.106046 0.108213 0.110391 0.112573 0.114755 0.116928 0.119085 0.121219 0.123323 0.125389 0.127412 0.129384 0.131301 0.133159 0.134956 0.136689 0.138359 0.139967 0.141516 0.143009 0.144451 0.145849 0.147208 0.148536 0.149840 0.151128 0.152407 0.153684 0.154967 0.156262 0.157575 0.158911 0.160273 0.161663 0.163082 0.164526 0.165991 0.167471 0.168954 0.170429 0.171883 0.173300 0.174669 0.175980 0.177225 0.178408 0.179535 0.180623 0.181698 0.182792 0.183945 0.185197 0.186589 0.188157 0.189923 0.191893 0.194047 0.196334 0.198663 0.200904 0.202890 0.204428 0.205321 0.205398 0.204537 0.202697 0.199919 0.196321 0.192077 0.187385 0.182444 0.177429 0.172481 0.167705 0.163174 0.158927 0.154986 0.151352 0.148019 0.144972 0.142190 0.139655 0.137344 0.135238 0.133317 0.131563 0.129960 0.128493 0.127150 0.125918 0.124786 0.123746 0.122789 0.121908 0.121095 0.120345 0.119653 0.119013 0.118420 0.117872 0.117364 0.116892 0.116454 0.116046 0.115667 0.115313 0.114983 0.114676 0.114389 0.114122 0.113874 0.113644 0.113431 0.113236 0.113059 0.112899 0.112758 0.112637 0.112535 0.112455 0.112396 0.112361 0.112350 0.112365 0.112406 0.112476 0.112575 0.112705 0.112866 0.113060 0.113288 0.113550 0.113848 0.114182 0.114553 0.114961 0.115407 0.115892 0.116414 0.116976 0.117575 0.118213 0.118889 0.119602 0.120352 0.121138 0.121959 0.122815 0.123703 0.124624 0.125574 0.126553 0.127560 0.128591 0.129647 0.130724 0.131822 0.132939 0.134073 0.135222 0.136386 0.137563 0.138753 0.139954 0.141167 0.142390 0.143625 0.144872 0.146131 0.147402 0.148688 0.149989 0.151307 0.152643 0.154000 0.155377 0.156778 0.158204 0.159656 0.161136 0.162645 0.164185 0.165757 0.167362 0.169000 0.170673 0.172380 0.174124 0.175905 0.177724 0.179582 0.181483 0.183428 0.185420 0.187464 0.189565 0.191728 0.193958 0.196263 0.198647 0.201115 0.203670 0.206310 0.209030 0.211816 0.214648 0.217495 0.220315 0.223054 0.225645 0.228013 0.230078 0.231754 0.232965 0.233643 0.233737 0.233218 0.232079 0.230334 0.228018 0.225175 0.221863 0.218141 0.214071 0.209713 0.205128 0.200371 0.195498 0.190561 0.185610 0.180689 0.175838 0.171092 0.166477 0.162017 0.157728 0.153621 0.149703 0.145975 0.142437 0.139087 0.135919 0.132928 0.130105 0.127443 0.124935 0.122573 0.120348 0.118254 0.116282 0.114427 0.112681 0.111039 0.109494 0.108042 0.106677 0.105394 0.104189 0.103057 0.101994 0.100997 0.100061 0.099183 0.098359 0.097586 0.096859 0.096175 0.095531 0.094922 0.094345 0.093795 0.093269 0.092761 0.092267 0.091782 0.091302 0.090822 0.090337 0.089841 0.089330 0.088799 0.088245 0.087662 0.087049 0.086401 0.085717 0.084995 0.084235 0.083436 0.082599 0.081725 0.080817 0.079877 0.078908 0.077914 0.076897 0.075862 0.074812 0.073751 0.072683
0.107253 0.109460 0.111679 0.113903 0.116127 0.118344 0.120547 0.122729 0.124882 0.127002 0.129082 0.131115 0.133099 0.135030 0.136904 0.138722 0.140484 0.142190 0.143843 0.145448 0.147008 0.148529 0.150018 0.151480 0.152922 0.154353 0.155778 0.157205 0.158640 0.160091 0.161564 0.163063 0.164591 0.166152 0.167744 0.169364 0.171005 0.172656 0.174302 0.175924 0.177502 0.179011 0.180428 0.181733 0.182907 0.183944 0.184843 0.185614 0.186279 0.186869 0.187423 0.187980 0.188585 0.189271 0.190064 0.190974 0.191989 0.193073 0.194160 0.195160 0.195958 0.196426 0.196437 0.195881 0.194682 0.192812 0.190296 0.187205 0.183648 0.179753 0.175653 0.171470 0.167308 0.163250 0.159355 0.155663 0.152198 0.148967 0.145973 0.143207 0.140659 0.138317 0.136164 0.134186 0.132369 0.130698 0.129161 0.127745 0.126441 0.125237 0.124125 0.123097 0.122146 0.121265 0.120449 0.119692 0.118989 0.118337 0.117731 0.117168 0.116645 0.116158 0.115704 0.115283 0.114890 0.114524 0.114184 0.113868 0.113574 0.113302 0.113050 0.112818 0.112607 0.112414 0.112242 0.112089 0.111956 0.111844 0.111754 0.111686 0.111641 0.111620 0.111625 0.111656 0.111715 0.111802 0.111919 0.112067 0.112247 0.112459 0.112706 0.112987 0.113303 0.113656 0.114046 0.114474 0.114939 0.115443 0.115985 0.116565 0.117184 0.117842 0.118537 0.119270 0.120039 0.120844 0.121685 0.122559 0.123466 0.124403 0.125371 0.126366 0.127387 0.128432 0.129500 0.130588 0.131695 0.132818 0.133957 0.135109 0.136274 0.137450 0.138637 0.139833 0.141039 0.142255 0.143481 0.144717 0.145965 0.147227 0.148502 0.149794 0.151104 0.152433 0.153785 0.155161 0.156563 0.157993 0.159454 0.160947 0.162474 0.164036 0.165636 0.167275 0.168953 0.170672 0.172433 0.174237 0.176087 0.177982 0.179927 0.181923 0.183975 0.186086 0.188262 0.190511 0.192839 0.195256 0.197770 0.200391 0.203126 0.205983 0.208962 0.212061 0.215267 0.218558 0.221897 0.225233 0.228497 0.231601 0.234445 0.236915 0.238897 0.240280 0.240972 0.240908 0.240056 0.238421 0.236042 0.232985 0.229339 0.225200 0.220667 0.215833 0.210783 0.205594 0.200330 0.195047 0.189793 0.184607 0.179523 0.174569 0.169767 0.165135 0.160686 0.156428 0.152365 0.148500 0.144832 0.141356 0.138069 0.134963 0.132033 0.129270 0.126666 0.124215 0.121907 0.119736 0.117694 0.115774 0.113969 0.112273 0.110681 0.109186 0.107783 0.106468 0.105236 0.104082 0.103002 0.101993 0.101050 0.100169 0.099348 0.098582 0.097868 0.097202 0.096581 0.096000 0.095457 0.094945 0.094463 0.094003 0.093563 0.093137 0.092720 0.092306 0.091890 0.091466 0.091028 0.090572 0.090091 0.089581 0.089036 0.088454 0.087830 0.087163 0.086449 0.085690 0.084884 0.084032 0.083137 0.082201 0.081227 0.080219 0.079181 0.078117 0.077033 0.075931 0.074817 0.073695
0.108648 0.110912 0.113189 0.115474 0.117759 0.120038 0.122306 0.124554 0.126776 0.128967 0.131121 0.133232 0.135297 0.137312 0.139276 0.141189 0.143049 0.144860 0.146624 0.148345 0.150026 0.151675 0.153295 0.154894 0.156479 0.158056 0.159631 0.161214 0.162810 0.164426 0.166070 0.167747 0.169462 0.171216 0.173011 0.174840 0.176697 0.178566 0.180427 0.182253 0.184013 0.185672 0.187191 0.188536 0.189677 0.190591 0.191271 0.191721 0.191961 0.192024 0.191952 0.191795 0.191601 0.191415 0.191272 0.191191 0.191173 0.191199 0.191227 0.191196 0.191027 0.190636 0.189938 0.188859 0.187350 0.185389 0.182991 0.180198 0.177078 0.173715 0.170196 0.166607 0.163024 0.159508 0.156108 0.152857 0.149778 0.146882 0.144174 0.141651 0.139307 0.137135 0.135123 0.133262 0.131539 0.129945 0.128468 0.127100 0.125831 0.124653 0.123559 0.122541 0.121595 0.120714 0.119893 0.119129 0.118416 0.117751 0.117132 0.116554 0.116015 0.115513 0.115045 0.114609 0.114203 0.113825 0.113473 0.113148 0.112846 0.112568 0.112312 0.112078 0.111865 0.111674 0.111505 0.111357 0.111230 0.111126 0.111045 0.110988 0.110955 0.110947 0.110965 0.111011 0.111085 0.111188 0.111321 0.111485 0.111682 0.111912 0.112177 0.112476 0.112812 0.113184 0.113593 0.114040 0.114525 0.115049 0.115612 0.116214 0.116855 0.117534 0.118252 0.119007 0.119799 0.120628 0.121491 0.122388 0.123318 0.124278 0.125268 0.126284 0.127326 0.128391 0.129477 0.130581 0.131703 0.132840 0.133989 0.135150 0.136322 0.137502 0.138690 0.139887 0.141090 0.142302 0.143523 0.144753 0.145994 0.147248 0.148517 0.149803 0.151108 0.152434 0.153785 0.155164 0.156571 0.158012 0.159487 0.160999 0.162551 0.164144 0.165781 0.167463 0.169191 0.170968 0.172795 0.174674 0.176606 0.178593 0.180639 0.182747 0.184922 0.187170 0.189498 0.191915 0.194432 0.197061 0.199815 0.202709 0.205756 0.208968 0.212354 0.215915 0.219644 0.223518 0.227498 0.231524 0.235510 0.239342 0.242885 0.245982 0.248471 0.250194 0.251020 0.250858 0.249668 0.247470 0.244337 0.240382 0.235749 0.230588 0.225047 0.219259 0.213338 0.207379 0.201454 0.195619 0.189916 0.184377 0.179024 0.173872 0.168931 0.164208 0.159705 0.155422 0.151357 0.147506 0.143862 0.140421 0.137173 0.134111 0.131226 0.128510 0.125955 0.123552 0.121292 0.119170 0.117176 0.115304 0.113547 0.111900 0.110357 0.108911 0.107558 0.106294 0.105113 0.104012 0.102986 0.102031 0.101145 0.100323 0.099561 0.098857 0.098207 0.097606 0.097052 0.096541 0.096068 0.095629 0.095220 0.094836 0.094471 0.094121 0.093779 0.093439 0.093096 0.092742 0.092371 0.091977 0.091553 0.091094 0.090593 0.090046 0.089450 0.088800 0.088096 0.087336 0.086520 0.085650 0.084728 0.083757 0.082742 0.081687 0.080597 0.079477 0.078334 0.077171 0.075996 0.074811
0.110237 0.112575 0.114928 0.117291 0.119656 0.122017 0.124368 0.126702 0.129012 0.131292 0.133537 0.135741 0.137902 0.140016 0.142082 0.144099 0.146069 0.147993 0.149874 0.151717 0.153526 0.155306 0.157064 0.158806 0.160539 0.162269 0.164003 0.165750 0.167517 0.169312 0.171142 0.173016 0.174940 0.176918 0.178950 0.181033 0.183158 0.185305 0.187450 0.189557 0.191580 0.193468 0.195167 0.196620 0.197779 0.198605 0.199079 0.199198 0.198984 0.198476 0.197727 0.196801 0.195764 0.194677 0.193590 0.192537 0.191536 0.190583 0.189657 0.188718 0.187715 0.186589 0.185281 0.183741 0.181932 0.179836 0.177458 0.174822 0.171970 0.168956 0.165836 0.162670 0.159511 0.156403 0.153385 0.150482 0.147715 0.145095 0.142626 0.140309 0.138142 0.136119 0.134232 0.132474 0.130837 0.129311 0.127889 0.126564 0.125327 0.124172 0.123092 0.122084 0.121140 0.120257 0.119431 0.118657 0.117933 0.117256 0.116622 0.116029 0.115474 0.114956 0.114472 0.114021 0.113601 0.113210 0.112847 0.112511 0.112201 0.111915 0.111654 0.111417 0.111203 0.111012 0.110844 0.110699 0.110577 0.110479 0.110406 0.110357 0.110334 0.110337 0.110367 0.110426 0.110513 0.110631 0.110779 0.110959 0.111172 0.111419 0.111701 0.112018 0.112372 0.112763 0.113192 0.113660 0.114166 0.114712 0.115297 0.115922 0.116587 0.117291 0.118034 0.118815 0.119634 0.120490 0.121381 0.122306 0.123264 0.124252 0.125270 0.126314 0.127382 0.128473 0.129583 0.130711 0.131854 0.133010 0.134177 0.135352 0.136536 0.137726 0.138921 0.140122 0.141328 0.142540 0.143759 0.144986 0.146223 0.147473 0.148738 0.150020 0.151323 0.152650 0.154004 0.155388 0.156806 0.158261 0.159756 0.161294 0.162878 0.164510 0.166193 0.167928 0.169719 0.171566 0.173471 0.175438 0.177467 0.179562 0.181726 0.183964 0.186281 0.188685 0.191184 0.193792 0.196521 0.199389 0.202415 0.205620 0.209025 0.212653 0.216522 0.220642 0.225014 0.229624 0.234433 0.239372 0.244339 0.249190 0.253740 0.257774 0.261056 0.263356 0.264477 0.264283 0.262723 0.259835 0.255743 0.250632 0.244723 0.238245 0.231413 0.224409 0.217383 0.210447 0.203680 0.197138 0.190853 0.184845 0.179121 0.173682 0.168526 0.163646 0.159033 0.154677 0.150569 0.146697 0.143050 0.139618 0.136390 0.133355 0.130502 0.127822 0.125305 0.122943 0.120726 0.118647 0.116698 0.114872 0.113162 0.111562 0.110066 0.108670 0.107367 0.106154 0.105026 0.103979 0.103008 0.102111 0.101284 0.100524 0.099826 0.099187 0.098605 0.098075 0.097593 0.097157 0.096762 0.096402 0.096075 0.095774 0.095494 0.095228 0.094972 0.094717 0.094456 0.094183 0.093889 0.093567 0.093209 0.092808 0.092358 0.091852 0.091287 0.090658 0.089963 0.089201 0.088372 0.087478 0.086523 0.085510 0.084445 0.083333 0.082180 0.080994 0.079780 0.078546 0.077298 0.076041
0.112026 0.114456 0.116903 0.119362 0.121827 0.124290 0.126745 0.129184 0.131601 0.133990 0.136344 0.138659 0.140932 0.143159 0.145339 0.147473 0.149562 0.151608 0.153615 0.155588 0.157532 0.159452 0.161356 0.163249 0.165139 0.167032 0.168936 0.170859 0.172810 0.174799 0.176835 0.178929 0.181090 0.183326 0.185640 0.188030 0.190489 0.192994 0.195515 0.198004 0.200402 0.202634 0.204622 0.206280 0.207534 0.208321 0.208604 0.208376 0.207659 0.206505 0.204990 0.203202 0.201232 0.199166 0.197079 0.195023 0.193035 0.191127 0.189293 0.187509 0.185742 0.183948 0.182085 0.180112 0.178001 0.175733 0.173306 0.170731 0.168030 0.165237 0.162386 0.159517 0.156666 0.153864 0.151138 0.148510 0.145993 0.143597 0.141328 0.139186 0.137170 0.135275 0.133498 0.131832 0.130269 0.128805 0.127432 0.126143 0.124934 0.123798 0.122731 0.121728 0.120785 0.119898 0.119064 0.118280 0.117543 0.116850 0.116200 0.115591 0.115019 0.114484 0.113984 0.113517 0.113082 0.112677 0.112302 0.111955 0.111635 0.111342 0.111074 0.110832 0.110615 0.110422 0.110255 0.110111 0.109993 0.109900 0.109832 0.109791 0.109776 0.109789 0.109829 0.109899 0.109999 0.110129 0.110291 0.110486 0.110715 0.110978 0.111277 0.111612 0.111984 0.112395 0.112844 0.113333 0.113861 0.114430 0.115040 0.115690 0.116381 0.117112 0.117884 0.118695 0.119545 0.120432 0.121356 0.122315 0.123307 0.124329 0.125381 0.126459 0.127562 0.128685 0.129827 0.130985 0.132156 0.133338 0.134529 0.135725 0.136927 0.138131 0.139339 0.140548 0.141761 0.142976 0.144196 0.145423 0.146659 0.147907 0.149170 0.150451 0.151754 0.153084 0.154443 0.155837 0.157270 0.158744 0.160265 0.161835 0.163458 0.165137 0.166875 0.168675 0.170538 0.172469 0.174468 0.176537 0.178681 0.180901 0.183201 0.185587 0.188066 0.190646 0.193338 0.196158 0.199124 0.202259 0.205589 0.209144 0.212958 0.217065 0.221499 0.226288 0.231448 0.236979 0.242850 0.248993 0.255288 0.261556 0.267551 0.272970 0.277467 0.280693 0.282344 0.282209 0.280208 0.276413 0.271027 0.264350 0.256726 0.248498 0.239972 0.231396 0.222959 0.214789 0.206970 0.199545 0.192535 0.185938 0.179745 0.173939 0.168499 0.163403 0.158630 0.154161 0.149974 0.146051 0.142377 0.138934 0.135707 0.132684 0.129852 0.127198 0.124713 0.122385 0.120205 0.118166 0.116258 0.114475 0.112810 0.111256 0.109808 0.108461 0.107209 0.106048 0.104974 0.103982 0.103070 0.102233 0.101468 0.100772 0.100142 0.099573 0.099064 0.098609 0.098207 0.097853 0.097542 0.097271 0.097034 0.096826 0.096641 0.096472 0.096312 0.096153 0.095988 0.095808 0.095603 0.095364 0.095083 0.094752 0.094361 0.093903 0.093374 0.092768 0.092083 0.091317 0.090472 0.089549 0.088552 0.087487 0.086360 0.085179 0.083951 0.082685 0.081389 0.080070 0.078737 0.077395
0.114022 0.116562 0.119124 0.121700 0.124286 0.126872 0.129453 0.132019 0.134564 0.137081 0.139564 0.142008 0.144409 0.146765 0.149074 0.151337 0.153557 0.155736 0.157879 0.159991 0.162080 0.164151 0.166210 0.168266 0.170325 0.172394 0.174482 0.176597 0.178750 0.180952 0.183215 0.185555 0.187985 0.190519 0.193167 0.195931 0.198806 0.201771 0.204789 0.207801 0.210727 0.213465 0.215900 0.217908 0.219370 0.220191 0.220306 0.219700 0.218402 0.216486 0.214062 0.211256 0.208202 0.205022 0.201822 0.198680 0.195650 0.192759 0.190014 0.187402 0.184897 0.182464 0.180067 0.177672 0.175249 0.172780 0.170253 0.167668 0.165036 0.162371 0.159696 0.157031 0.154401 0.151827 0.149325 0.146911 0.144594 0.142381 0.140277 0.138282 0.136394 0.134611 0.132929 0.131342 0.129845 0.128434 0.127102 0.125846 0.124659 0.123538 0.122479 0.121478 0.120533 0.119639 0.118794 0.117997 0.117245 0.116536 0.115868 0.115240 0.114650 0.114096 0.113578 0.113094 0.112643 0.112224 0.111835 0.111475 0.111145 0.110842 0.110568 0.110320 0.110098 0.109903 0.109734 0.109592 0.109475 0.109385 0.109322 0.109287 0.109279 0.109299 0.109349 0.109429 0.109540 0.109682 0.109857 0.110066 0.110310 0.110588 0.110904 0.111256 0.111648 0.112078 0.112548 0.113059 0.113611 0.114204 0.114840 0.115518 0.116238 0.117001 0.117804 0.118649 0.119535 0.120459 0.121421 0.122419 0.123451 0.124514 0.125607 0.126727 0.127870 0.129035 0.130216 0.131412 0.132619 0.133835 0.135056 0.136280 0.137506 0.138731 0.139955 0.141178 0.142401 0.143623 0.144848 0.146076 0.147313 0.148560 0.149822 0.151103 0.152409 0.153743 0.155110 0.156517 0.157966 0.159465 0.161016 0.162624 0.164294 0.166029 0.167832 0.169707 0.171658 0.173685 0.175793 0.177983 0.180259 0.182623 0.185081 0.187636 0.190298 0.193076 0.195984 0.199040 0.202268 0.205697 0.209362 0.213307 0.217578 0.222231 0.227320 0.232899 0.239012 0.245685 0.252910 0.260631 0.268721 0.276963 0.285034 0.292504 0.298860 0.303559 0.306109 0.306163 0.303596 0.298530 0.291308 0.282421 0.272412 0.261795 0.251007 0.240376 0.230131 0.220411 0.211288 0.202785 0.194895 0.187589 0.180831 0.174580 0.168792 0.163430 0.158456 0.153837 0.149542 0.145545 0.141822 0.138350 0.135112 0.132090 0.129268 0.126632 0.124171 0.121872 0.119726 0.117723 0.115854 0.114112 0.112490 0.110982 0.109582 0.108284 0.107083 0.105975 0.104957 0.104023 0.103171 0.102397 0.101697 0.101070 0.100511 0.100017 0.099586 0.099214 0.098897 0.098633 0.098416 0.098242 0.098105 0.098001 0.097923 0.097863 0.097814 0.097767 0.097712 0.097640 0.097539 0.097399 0.097209 0.096959 0.096638 0.096238 0.095751 0.095172 0.094498 0.093726 0.092859 0.091898 0.090850 0.089721 0.088519 0.087254 0.085936 0.084574 0.083179 0.081760 0.080326 0.078886
0.116236 0.118906 0.121602 0.124319 0.127048 0.129781 0.132510 0.135227 0.137923 0.140592 0.143225 0.145818 0.148366 0.150868 0.153321 0.155728 0.158091 0.160415 0.162705 0.164969 0.167214 0.169447 0.171677 0.173910 0.176154 0.178417 0.180707 0.183033 0.185407 0.187844 0.190359 0.192974 0.195709 0.198588 0.201629 0.204846 0.208239 0.211794 0.215469 0.219193 0.222864 0.226341 0.229456 0.232027 0.233872 0.234836 0.234819 0.233787 0.231783 0.228921 0.225363 0.221301 0.216929 0.212422 0.207928 0.203554 0.199375 0.195430 0.191730 0.188267 0.185017 0.181946 0.179017 0.176195 0.173448 0.170751 0.168085 0.165441 0.162816 0.160215 0.157646 0.155118 0.152645 0.150238 0.147906 0.145659 0.143502 0.141438 0.139471 0.137598 0.135820 0.134132 0.132530 0.131012 0.129572 0.128206 0.126910 0.125679 0.124510 0.123400 0.122344 0.121341 0.120389 0.119484 0.118626 0.117813 0.117042 0.116314 0.115626 0.114977 0.114366 0.113792 0.113255 0.112752 0.112283 0.111847 0.111443 0.111071 0.110728 0.110416 0.110132 0.109877 0.109650 0.109452 0.109280 0.109137 0.109021 0.108933 0.108873 0.108842 0.108840 0.108868 0.108925 0.109014 0.109135 0.109288 0.109476 0.109697 0.109955 0.110249 0.110581 0.110951 0.111361 0.111812 0.112303 0.112837 0.113414 0.114035 0.114699 0.115407 0.116159 0.116956 0.117796 0.118679 0.119605 0.120571 0.121577 0.122621 0.123700 0.124812 0.125954 0.127124 0.128317 0.129530 0.130760 0.132003 0.133254 0.134512 0.135771 0.137031 0.138287 0.139539 0.140786 0.142027 0.143263 0.144495 0.145726 0.146958 0.148196 0.149443 0.150705 0.151987 0.153295 0.154635 0.156012 0.157432 0.158903 0.160428 0.162015 0.163667 0.165391 0.167191 0.169071 0.171034 0.173085 0.175226 0.177460 0.179790 0.182219 0.184750 0.187387 0.190136 0.193005 0.196006 0.199154 0.202472 0.205986 0.209736 0.213767 0.218136 0.222913 0.228176 0.234012 0.240511 0.247762 0.255837 0.264775 0.274556 0.285068 0.296067 0.307139 0.317680 0.326916 0.333975 0.338034 0.338495 0.335139 0.328186 0.318232 0.306104 0.292676 0.278728 0.264873 0.251535 0.238972 0.227312 0.216593 0.206794 0.197861 0.189724 0.182309 0.175541 0.169352 0.163679 0.158469 0.153671 0.149245 0.145154 0.141365 0.137852 0.134590 0.131559 0.128740 0.126116 0.123674 0.121400 0.119283 0.117314 0.115482 0.113780 0.112201 0.110738 0.109385 0.108137 0.106989 0.105936 0.104974 0.104100 0.103311 0.102602 0.101972 0.101417 0.100934 0.100521 0.100174 0.099891 0.099668 0.099501 0.099387 0.099321 0.099297 0.099311 0.099353 0.099418 0.099496 0.099577 0.099651 0.099705 0.099727 0.099704 0.099623 0.099470 0.099233 0.098902 0.098466 0.097919 0.097256 0.096476 0.095581 0.094573 0.093461 0.092252 0.090958 0.089591 0.088162 0.086685 0.085172 0.083634 0.082082 0.080526
0.118676 0.121499 0.124354 0.127235 0.130133 0.133039 0.135944 0.138838 0.141712 0.144556 0.147364 0.150129 0.152845 0.155511 0.158126 0.160692 0.163212 0.165694 0.168145 0.170573 0.172988 0.175399 0.177815 0.180244 0.182694 0.185173 0.187687 0.190249 0.192869 0.195566 0.198361 0.201282 0.204361 0.207634 0.211136 0.214897 0.218933 0.223241 0.227783 0.232480 0.237199 0.241751 0.245896 0.249358 0.251855 0.253141 0.253045 0.251511 0.248606 0.244506 0.239468 0.233783 0.227739 0.221589 0.215531 0.209711 0.204219 0.199100 0.194364 0.189999 0.185972 0.182244 0.178771 0.175510 0.172422 0.169474 0.166639 0.163898 0.161238 0.158653 0.156140 0.153700 0.151335 0.149050 0.146848 0.144731 0.142701 0.140760 0.138905 0.137136 0.135450 0.133843 0.132312 0.130852 0.129460 0.128132 0.126864 0.125653 0.124495 0.123389 0.122332 0.121323 0.120359 0.119440 0.118564 0.117730 0.116938 0.116186 0.115475 0.114802 0.114168 0.113572 0.113012 0.112489 0.112000 0.111546 0.111126 0.110738 0.110383 0.110059 0.109765 0.109502 0.109269 0.109065 0.108890 0.108745 0.108629 0.108541 0.108484 0.108456 0.108458 0.108491 0.108556 0.108653 0.108783 0.108946 0.109145 0.109379 0.109650 0.109959 0.110307 0.110695 0.111124 0.111596 0.112110 0.112669 0.113272 0.113921 0.114615 0.115357 0.116145 0.116979 0.117860 0.118786 0.119757 0.120772 0.121829 0.122926 0.124060 0.125229 0.126429 0.127658 0.128910 0.130183 0.131471 0.132770 0.134076 0.135385 0.136692 0.137994 0.139289 0.140574 0.141849 0.143112 0.144365 0.145610 0.146848 0.148085 0.149324 0.150572 0.151833 0.153115 0.154425 0.155770 0.157156 0.158593 0.160085 0.161642 0.163269 0.164972 0.166758 0.168632 0.170599 0.172664 0.174831 0.177103 0.179483 0.181975 0.184581 0.187304 0.190149 0.193120 0.196225 0.199477 0.202893 0.206497 0.210324 0.214419 0.218842 0.223668 0.228991 0.234922 0.241592 0.249144 0.257732 0.267505 0.278587 0.291041 0.304815 0.319677 0.335129 0.350340 0.364127 0.375058 0.381694 0.382944 0.378401 0.368476 0.354260 0.337198 0.318729 0.300043 0.281986 0.265067 0.249539 0.235471 0.222821 0.211489 0.201346 0.192259 0.184100 0.176754 0.170116 0.164098 0.158623 0.153626 0.149051 0.144851 0.140985 0.137421 0.134128 0.131081 0.128258 0.125641 0.123214 0.120962 0.118873 0.116935 0.115139 0.113477 0.111940 0.110522 0.109217 0.108020 0.106925 0.105928 0.105026 0.104214 0.103490 0.102851 0.102293 0.101815 0.101413 0.101086 0.100830 0.100643 0.100522 0.100463 0.100463 0.100517 0.100619 0.100764 0.100945 0.101152 0.101377 0.101607 0.101831 0.102035 0.102204 0.102320 0.102370 0.102335 0.102200 0.101952 0.101578 0.101069 0.100420 0.099628 0.098696 0.097629 0.096436 0.095129 0.093721 0.092228 0.090665 0.089049 0.087393 0.085714 0.084022 0.082330
0.121357 0.124356 0.127396 0.130469 0.133564 0.136673 0.139784 0.142886 0.145968 0.149018 0.152029 0.154991 0.157899 0.160751 0.163546 0.166287 0.168981 0.171635 0.174259 0.176866 0.179468 0.182075 0.184699 0.187348 0.190030 0.192753 0.195523 0.198349 0.201246 0.204233 0.207337 0.210596 0.214057 0.217775 0.221809 0.226217 0.231044 0.236310 0.241994 0.248015 0.254214 0.260338 0.266044 0.270912 0.274496 0.276391 0.276310 0.274153 0.270027 0.264225 0.257161 0.249292 0.241050 0.232795 0.224794 0.217227 0.210194 0.203736 0.197850 0.192504 0.187651 0.183234 0.179195 0.175478 0.172033 0.168815 0.165788 0.162922 0.160196 0.157593 0.155100 0.152711 0.150420 0.148224 0.146120 0.144106 0.142180 0.140338 0.138579 0.136897 0.135289 0.133752 0.132280 0.130870 0.129518 0.128220 0.126974 0.125776 0.124624 0.123517 0.122453 0.121431 0.120450 0.119511 0.118612 0.117753 0.116934 0.116156 0.115417 0.114717 0.114057 0.113435 0.112851 0.112304 0.111794 0.111320 0.110882 0.110478 0.110107 0.109770 0.109466 0.109193 0.108952 0.108742 0.108563 0.108414 0.108296 0.108209 0.108152 0.108126 0.108132 0.108170 0.108240 0.108344 0.108482 0.108655 0.108864 0.109110 0.109394 0.109718 0.110082 0.110488 0.110937 0.111430 0.111968 0.112552 0.113183 0.113863 0.114591 0.115368 0.116195 0.117071 0.117997 0.118972 0.119996 0.121065 0.122180 0.123338 0.124536 0.125772 0.127040 0.128339 0.129661 0.131004 0.132362 0.133729 0.135101 0.136471 0.137836 0.139191 0.140533 0.141859 0.143167 0.144457 0.145731 0.146989 0.148237 0.149477 0.150717 0.151963 0.153222 0.154502 0.155812 0.157160 0.158556 0.160008 0.161524 0.163114 0.164785 0.166545 0.168401 0.170359 0.172427 0.174608 0.176908 0.179332 0.181882 0.184562 0.187373 0.190319 0.193403 0.196629 0.200004 0.203541 0.207255 0.211176 0.215341 0.219805 0.224642 0.229948 0.235847 0.242492 0.250068 0.258796 0.268921 0.280714 0.294440 0.310322 0.328468 0.348751 0.370657 0.393096 0.414278 0.431784 0.442976 0.445740 0.439260 0.424355 0.403146 0.378276 0.352173 0.326640 0.302781 0.281130 0.261834 0.244811 0.229864 0.216754 0.205239 0.195093 0.186118 0.178142 0.171021 0.164632 0.158875 0.153663 0.148928 0.144610 0.140661 0.137039 0.133709 0.130642 0.127813 0.125200 0.122786 0.120554 0.118490 0.116583 0.114823 0.113199 0.111705 0.110332 0.109076 0.107930 0.106890 0.105951 0.105110 0.104363 0.103708 0.103141 0.102660 0.102264 0.101949 0.101714 0.101556 0.101473 0.101463 0.101523 0.101648 0.101835 0.102079 0.102374 0.102711 0.103082 0.103477 0.103882 0.104284 0.104666 0.105009 0.105295 0.105503 0.105613 0.105604 0.105458 0.105160 0.104698 0.104065 0.103257 0.102279 0.101136 0.099841 0.098410 0.096860 0.095212 0.093484 0.091698 0.089872 0.088022 0.086165 0.084314
0.124291 0.127495 0.130749 0.134045 0.137372 0.140718 0.144070 0.147416 0.150740 0.154031 0.157277 0.160467 0.163595 0.166657 0.169653 0.172588 0.175471 0.178311 0.181125 0.183927 0.186733 0.189558 0.192415 0.195315 0.198264 0.201268 0.204333 0.207464 0.210675 0.213986 0.217431 0.221059 0.224937 0.229147 0.233785 0.238951 0.244736 0.251210 0.258391 0.266215 0.274508 0.282944 0.291034 0.298138 0.303533 0.306530 0.306628 0.303645 0.297768 0.289501 0.279539 0.268617 0.257390 0.246366 0.235893 0.226175 0.217306 0.209298 0.202116 0.195694 0.189951 0.184805 0.180174 0.175983 0.172165 0.168663 0.165427 0.162419 0.159605 0.156959 0.154463 0.152100 0.149858 0.147727 0.145699 0.143768 0.141927 0.140170 0.138491 0.136885 0.135345 0.133868 0.132447 0.131079 0.129759 0.128485 0.127253 0.126061 0.124908 0.123793 0.122715 0.121674 0.120670 0.119704 0.118776 0.117887 0.117037 0.116226 0.115455 0.114724 0.114033 0.113382 0.112771 0.112198 0.111664 0.111168 0.110709 0.110287 0.109900 0.109549 0.109232 0.108948 0.108698 0.108481 0.108296 0.108143 0.108022 0.107933 0.107876 0.107852 0.107860 0.107902 0.107977 0.108087 0.108232 0.108413 0.108632 0.108890 0.109187 0.109525 0.109905 0.110329 0.110798 0.111313 0.111876 0.112487 0.113148 0.113860 0.114624 0.115441 0.116311 0.117234 0.118210 0.119240 0.120321 0.121454 0.122635 0.123863 0.125135 0.126448 0.127796 0.129176 0.130583 0.132009 0.133450 0.134899 0.136349 0.137794 0.139228 0.140646 0.142044 0.143418 0.144767 0.146089 0.147386 0.148660 0.149916 0.151160 0.152398 0.153638 0.154891 0.156165 0.157471 0.158820 0.160223 0.161689 0.163230 0.164855 0.166574 0.168396 0.170330 0.172384 0.174565 0.176879 0.179333 0.181931 0.184678 0.187575 0.190627 0.193833 0.197196 0.200718 0.204405 0.208266 0.212318 0.216588 0.221119 0.225973 0.231239 0.237037 0.243525 0.250906 0.259438 0.269436 0.281279 0.295411 0.312326 0.332534 0.356471 0.384339 0.415819 0.449663 0.483251 0.512431 0.532113 0.537875 0.527937 0.504085 0.470744 0.433014 0.395057 0.359507 0.327631 0.299771 0.275754 0.255173 0.237552 0.222431 0.209399 0.198106 0.188261 0.179623 0.171997 0.165224 0.159175 0.153744 0.148845 0.144406 0.140370 0.136687 0.133319 0.130230 0.127393 0.124783 0.122381 0.120168 0.118130 0.116253 0.114528 0.112944 0.111492 0.110166 0.108959 0.107867 0.106883 0.106004 0.105227 0.104547 0.103964 0.103473 0.103074 0.102764 0.102542 0.102405 0.102353 0.102384 0.102495 0.102685 0.102949 0.103285 0.103688 0.104151 0.104668 0.105228 0.105821 0.106432 0.107044 0.107639 0.108194 0.108686 0.109089 0.109377 0.109524 0.109507 0.109305 0.108901 0.108287 0.107458 0.106419 0.105179 0.103755 0.102167 0.100440 0.098598 0.096667 0.094674 0.092640 0.090587 0.088534 0.086494
0.127495 0.130934 0.134436 0.137991 0.141588 0.145212 0.148848 0.152479 0.156090 0.159662 0.163182 0.166636 0.170016 0.173316 0.176537 0.179686 0.182773 0.185815 0.188832 0.191845 0.194877 0.197945 0.201069 0.204258 0.207520 0.210858 0.214270 0.217760 0.221333 0.225011 0.228831 0.232856 0.237178 0.241916 0.247218 0.253247 0.260175 0.268151 0.277276 0.287549 0.298812 0.310674 0.322456 0.333173 0.341627 0.346604 0.347185 0.343026 0.334470 0.322438 0.308146 0.292804 0.277412 0.262672 0.249006 0.236613 0.225537 0.215727 0.207081 0.199472 0.192772 0.186854 0.181605 0.176923 0.172721 0.168925 0.165471 0.162308 0.159393 0.156692 0.154176 0.151823 0.149614 0.147533 0.145567 0.143705 0.141937 0.140253 0.138645 0.137105 0.135626 0.134201 0.132825 0.131492 0.130198 0.128940 0.127715 0.126523 0.125361 0.124230 0.123130 0.122062 0.121028 0.120028 0.119064 0.118137 0.117249 0.116400 0.115592 0.114825 0.114099 0.113415 0.112772 0.112170 0.111610 0.111089 0.110607 0.110165 0.109760 0.109393 0.109062 0.108767 0.108506 0.108280 0.108089 0.107931 0.107806 0.107715 0.107657 0.107632 0.107642 0.107686 0.107765 0.107880 0.108032 0.108221 0.108450 0.108718 0.109027 0.109380 0.109776 0.110218 0.110707 0.111245 0.111833 0.112473 0.113166 0.113913 0.114716 0.115575 0.116492 0.117467 0.118499 0.119590 0.120737 0.121940 0.123198 0.124507 0.125864 0.127266 0.128708 0.130184 0.131688 0.133214 0.134753 0.136299 0.137843 0.139378 0.140896 0.142390 0.143855 0.145287 0.146683 0.148042 0.149365 0.150656 0.151919 0.153162 0.154394 0.155624 0.156864 0.158127 0.159424 0.160768 0.162173 0.163651 0.165215 0.166876 0.168646 0.170536 0.172557 0.174717 0.177026 0.179492 0.182122 0.184922 0.187896 0.191048 0.194380 0.197892 0.201583 0.205454 0.209505 0.213742 0.218179 0.222840 0.227769 0.233035 0.238739 0.245025 0.252091 0.260198 0.269689 0.281001 0.294686 0.311432 0.332073 0.357591 0.389046 0.427400 0.473090 0.525223 0.580373 0.631459 0.668124 0.680234 0.663446 0.622105 0.566354 0.506555 0.449802 0.399539 0.356679 0.320815 0.291019 0.266268 0.245627 0.228302 0.213650 0.201156 0.190414 0.181103 0.172970 0.165815 0.159477 0.153829 0.148768 0.144211 0.140090 0.136349 0.132943 0.129834 0.126989 0.124383 0.121992 0.119799 0.117787 0.115942 0.114252 0.112707 0.111300 0.110021 0.108866 0.107827 0.106902 0.106085 0.105374 0.104765 0.104257 0.103847 0.103534 0.103316 0.103192 0.103162 0.103224 0.103377 0.103621 0.103953 0.104371 0.104873 0.105455 0.106110 0.106832 0.107611 0.108434 0.109287 0.110151 0.111003 0.111816 0.112562 0.113207 0.113719 0.114064 0.114209 0.114128 0.113799 0.113208 0.112351 0.111233 0.109868 0.108277 0.106490 0.104537 0.102453 0.100271 0.098022 0.095736 0.093439 0.091151 0.088890
0.130986 0.134695 0.138484 0.142341 0.146252 0.150203 0.154173 0.158142 0.162090 0.165994 0.169836 0.173597 0.177267 0.180837 0.184310 0.187692 0.191001 0.194259 0.197493 0.200734 0.204012 0.207355 0.210784 0.214315 0.217952 0.221693 0.225529 0.229450 0.233454 0.237553 0.241787 0.246232 0.251009 0.256287 0.262286 0.269265 0.277512 0.287319 0.298937 0.312513 0.327990 0.344968 0.362551 0.379244 0.393008 0.401614 0.403272 0.397286 0.384345 0.366232 0.345178 0.323227 0.301891 0.282095 0.264278 0.248550 0.234828 0.222929 0.212636 0.203730 0.196004 0.189277 0.183389 0.178207 0.173616 0.169522 0.165847 0.162525 0.159504 0.156740 0.154197 0.151845 0.149660 0.147620 0.145708 0.143908 0.142206 0.140589 0.139047 0.137568 0.136145 0.134768 0.133430 0.132127 0.130852 0.129604 0.128379 0.127177 0.125998 0.124843 0.123712 0.122609 0.121535 0.120492 0.119483 0.118511 0.117578 0.116684 0.115832 0.115023 0.114257 0.113535 0.112857 0.112222 0.111631 0.111083 0.110577 0.110112 0.109687 0.109302 0.108956 0.108647 0.108376 0.108140 0.107941 0.107776 0.107647 0.107552 0.107492 0.107467 0.107477 0.107523 0.107606 0.107725 0.107882 0.108079 0.108315 0.108594 0.108915 0.109281 0.109694 0.110154 0.110664 0.111225 0.111840 0.112510 0.113236 0.114021 0.114866 0.115772 0.116740 0.117771 0.118866 0.120024 0.121246 0.122529 0.123873 0.125274 0.126730 0.128235 0.129785 0.131374 0.132994 0.134637 0.136294 0.137956 0.139613 0.141255 0.142873 0.144459 0.146005 0.147505 0.148956 0.150357 0.151709 0.153016 0.154284 0.155521 0.156740 0.157952 0.159172 0.160413 0.161692 0.163024 0.164425 0.165910 0.167494 0.169190 0.171014 0.172977 0.175092 0.177371 0.179824 0.182462 0.185294 0.188327 0.191566 0.195016 0.198679 0.202553 0.206634 0.210920 0.215404 0.220085 0.224970 0.230076 0.235444 0.241144 0.247288 0.254042 0.261644 0.270422 0.280814 0.293403 0.308953 0.328470 0.353265 0.385034 0.425909 0.478383 0.544898 0.626585 0.720528 0.815517 0.889527 0.916547 0.884292 0.805047 0.704830 0.605668 0.518786 0.447118 0.389557 0.343699 0.307089 0.277647 0.253733 0.234093 0.217780 0.204080 0.192452 0.182486 0.173864 0.166343 0.159732 0.153879 0.148668 0.144000 0.139801 0.136007 0.132568 0.129440 0.126591 0.123990 0.121614 0.119442 0.117456 0.115643 0.113990 0.112487 0.111125 0.109895 0.108792 0.107810 0.106946 0.106194 0.105551 0.105017 0.104587 0.104262 0.104039 0.103919 0.103900 0.103984 0.104168 0.104455 0.104842 0.105331 0.105920 0.106607 0.107389 0.108262 0.109219 0.110251 0.111346 0.112486 0.113651 0.114815 0.115945 0.117006 0.117956 0.118752 0.119349 0.119705 0.119781 0.119548 0.118987 0.118092 0.116870 0.115340 0.113534 0.111489 0.109249 0.106858 0.104360 0.101797 0.099203 0.096609 0.094041 0.091519
0.134781 0.138801 0.142922 0.147130 0.151411 0.155746 0.160111 0.164482 0.168831 0.173130 0.177353 0.181476 0.185482 0.189361 0.193113 0.196751 0.200296 0.203779 0.207241 0.210723 0.214271 0.217923 0.221709 0.225649 0.229746 0.233989 0.238356 0.242817 0.247348 0.251946 0.256641 0.261520 0.266738 0.272528 0.279206 0.287167 0.296876 0.308845 0.323590 0.341560 0.362984 0.387638 0.414493 0.441350 0.464701 0.480235 0.484204 0.475092 0.454396 0.425851 0.393759 0.361629 0.331677 0.304962 0.281758 0.261904 0.245042 0.230755 0.218640 0.208335 0.199531 0.191968 0.185432 0.179748 0.174771 0.170384 0.166491 0.163013 0.159888 0.157061 0.154489 0.152137 0.149974 0.147974 0.146113 0.144373 0.142736 0.141185 0.139707 0.138288 0.136917 0.135585 0.134283 0.133005 0.131744 0.130499 0.129266 0.128046 0.126841 0.125650 0.124478 0.123328 0.122203 0.121107 0.120044 0.119017 0.118029 0.117082 0.116179 0.115320 0.114508 0.113743 0.113025 0.112354 0.111729 0.111150 0.110617 0.110127 0.109681 0.109277 0.108913 0.108590 0.108306 0.108060 0.107851 0.107680 0.107545 0.107446 0.107383 0.107356 0.107366 0.107413 0.107497 0.107620 0.107782 0.107985 0.108229 0.108517 0.108850 0.109230 0.109658 0.110136 0.110667 0.111253 0.111896 0.112597 0.113359 0.114184 0.115073 0.116029 0.117054 0.118147 0.119311 0.120545 0.121849 0.123223 0.124665 0.126172 0.127740 0.129366 0.131043 0.132764 0.134520 0.136302 0.138099 0.139900 0.141692 0.143464 0.145203 0.146898 0.148540 0.150121 0.151638 0.153086 0.154469 0.155790 0.157058 0.158283 0.159479 0.160661 0.161847 0.163055 0.164304 0.165612 0.167000 0.168484 0.170083 0.171813 0.173690 0.175731 0.177949 0.180360 0.182975 0.185808 0.188871 0.192172 0.195721 0.199522 0.203576 0.207882 0.212434 0.217220 0.222227 0.227445 0.232864 0.238492 0.244355 0.250520 0.257100 0.264283 0.272345 0.281678 0.292829 0.306540 0.323824 0.346064 0.375179 0.413854 0.465859 0.536422 0.632380 0.761239 0.926694 1.116406 1.283553 1.351509 1.277699 1.104694 0.909120 0.737802 0.603088 0.501304 0.424971 0.367293 0.323096 0.288672 0.261411 0.239472 0.221548 0.206701 0.194244 0.183671 0.174602 0.166749 0.159892 0.153858 0.148513 0.143749 0.139483 0.135645 0.132179 0.129039 0.126189 0.123598 0.121238 0.119089 0.117133 0.115355 0.113740 0.112280 0.110964 0.109785 0.108737 0.107814 0.107012 0.106327 0.105757 0.105299 0.104953 0.104716 0.104590 0.104573 0.104666 0.104871 0.105188 0.105618 0.106163 0.106823 0.107599 0.108492 0.109500 0.110620 0.111847 0.113173 0.114586 0.116068 0.117596 0.119140 0.120663 0.122119 0.123457 0.124618 0.125543 0.126174 0.126457 0.126352 0.125831 0.124885 0.123524 0.121777 0.119686 0.117305 0.114693 0.111911 0.109016 0.106060 0.103087 0.100135 0.097233 0.094402
0.138902 0.143279 0.147783 0.152401 0.157117 0.161906 0.166742 0.171594 0.176425 0.181198 0.185878 0.190430 0.194831 0.199064 0.203131 0.207044 0.210835 0.214548 0.218240 0.221973 0.225810 0.229809 0.234015 0.238453 0.243128 0.248017 0.253073 0.258236 0.263443 0.268654 0.273876 0.279196 0.284803 0.291010 0.298260 0.307136 0.318353 0.332753 0.351290 0.374965 0.404667 0.440817 0.482691 0.527402 0.568955 0.598575 0.607669 0.592542 0.556855 0.509174 0.458251 0.410072 0.367537 0.331400 0.301301 0.276440 0.255938 0.238987 0.224903 0.213129 0.203218 0.194815 0.187637 0.181463 0.176113 0.171446 0.167347 0.163724 0.160502 0.157620 0.155026 0.152678 0.150541 0.148584 0.146778 0.145102 0.143533 0.142051 0.140639 0.139283 0.137967 0.136679 0.135411 0.134153 0.132902 0.131652 0.130403 0.129155 0.127911 0.126674 0.125448 0.124238 0.123049 0.121887 0.120757 0.119664 0.118610 0.117600 0.116637 0.115722 0.114857 0.114042 0.113279 0.112566 0.111904 0.111291 0.110727 0.110211 0.109741 0.109315 0.108934 0.108595 0.108297 0.108039 0.107821 0.107641 0.107499 0.107395 0.107328 0.107299 0.107308 0.107355 0.107440 0.107565 0.107731 0.107939 0.108191 0.108488 0.108832 0.109224 0.109668 0.110165 0.110717 0.111328 0.111999 0.112733 0.113532 0.114400 0.115338 0.116348 0.117433 0.118595 0.119835 0.121153 0.122550 0.124026 0.125579 0.127206 0.128905 0.130670 0.132494 0.134370 0.136287 0.138235 0.140199 0.142167 0.144122 0.146050 0.147934 0.149762 0.151520 0.153199 0.154791 0.156294 0.157708 0.159041 0.160301 0.161502 0.162660 0.163797 0.164932 0.166089 0.167291 0.168561 0.169921 0.171394 0.173000 0.174759 0.176691 0.178813 0.181143 0.183698 0.186494 0.189548 0.192875 0.196487 0.200396 0.204610 0.209132 0.213959 0.219081 0.224482 0.230136 0.236015 0.242092 0.248350 0.254794 0.261471 0.268489 0.276044 0.284445 0.294151 0.305813 0.320343 0.339013 0.363621 0.396775 0.442360 0.506347 0.598128 0.732634 0.932876 1.229157 1.637795 2.079619 2.290697 2.073075 1.624696 1.209482 0.906604 0.699748 0.558627 0.460263 0.389773 0.337827 0.298540 0.268121 0.244071 0.224700 0.208838 0.195658 0.184562 0.175111 0.166978 0.159915 0.153730 0.148276 0.143436 0.139118 0.135247 0.131764 0.128620 0.125776 0.123198 0.120859 0.118737 0.116813 0.115071 0.113498 0.112083 0.110816 0.109690 0.108699 0.107836 0.107099 0.106485 0.105990 0.105612 0.105353 0.105210 0.105184 0.105277 0.105489 0.105824 0.106282 0.106867 0.107582 0.108430 0.109414 0.110536 0.111797 0.113197 0.114733 0.116400 0.118187 0.120076 0.122044 0.124056 0.126069 0.128026 0.129861 0.131498 0.132857 0.133854 0.134417 0.134484 0.134017 0.133001 0.131453 0.129412 0.126941 0.124116 0.121019 0.117732 0.114331 0.110884 0.107444 0.104056 0.100753 0.097557
0.143367 0.148154 0.153103 0.158201 0.163429 0.168760 0.174162 0.179594 0.185011 0.190361 0.195595 0.200666 0.205535 0.210180 0.214597 0.218805 0.222844 0.226780 0.230692 0.234672 0.238812 0.243199 0.247900 0.252957 0.258374 0.264115 0.270100 0.276216 0.282334 0.288343 0.294197 0.299958 0.305848 0.312272 0.319845 0.329395 0.341979 0.358909 0.381798 0.412585 0.453477 0.506596 0.572928 0.650007 0.728332 0.789238 0.810682 0.782235 0.714269 0.628779 0.544388 0.470573 0.409797 0.361103 0.322437 0.291707 0.267136 0.247321 0.231190 0.217928 0.206920 0.197699 0.189909 0.183272 0.177576 0.172652 0.168368 0.164617 0.161313 0.158388 0.155783 0.153451 0.151350 0.149445 0.147705 0.146101 0.144608 0.143204 0.141867 0.140578 0.139321 0.138081 0.136846 0.135608 0.134360 0.133099 0.131823 0.130536 0.129240 0.127940 0.126644 0.125359 0.124090 0.122847 0.121636 0.120461 0.119330 0.118246 0.117212 0.116231 0.115304 0.114434 0.113619 0.112860 0.112156 0.111506 0.110909 0.110363 0.109867 0.109419 0.109018 0.108661 0.108349 0.108078 0.107849 0.107661 0.107511 0.107401 0.107330 0.107297 0.107304 0.107349 0.107435 0.107562 0.107731 0.107944 0.108201 0.108506 0.108860 0.109265 0.109724 0.110239 0.110813 0.111449 0.112149 0.112917 0.113756 0.114669 0.115658 0.116727 0.117878 0.119115 0.120438 0.121849 0.123350 0.124941 0.126620 0.128385 0.130233 0.132159 0.134156 0.136213 0.138321 0.140465 0.142630 0.144799 0.146951 0.149069 0.151131 0.153120 0.155018 0.156813 0.158495 0.160059 0.161507 0.162845 0.164086 0.165246 0.166348 0.167416 0.168478 0.169560 0.170693 0.171903 0.173218 0.174665 0.176267 0.178049 0.180032 0.182237 0.184687 0.187400 0.190398 0.193701 0.197328 0.201299 0.205629 0.210331 0.215413 0.220872 0.226696 0.232862 0.239329 0.246047 0.252959 0.260009 0.267166 0.274438 0.281909 0.289767 0.298344 0.308156 0.319960 0.334826 0.354277 0.380507 0.416797 0.468263 0.543304 0.656470 0.834474 1.129161 1.644227 2.567821 4.011296 4.972523 4.003984 2.553174 1.622200 1.099699 0.797517 0.611972 0.491249 0.408690 0.349821 0.306353 0.273298 0.247522 0.226988 0.210321 0.196573 0.185070 0.175326 0.166980 0.159762 0.153466 0.147934 0.143041 0.138689 0.134801 0.131313 0.128174 0.125343 0.122785 0.120472 0.118381 0.116493 0.114790 0.113261 0.111893 0.110677 0.109606 0.108674 0.107875 0.107206 0.106664 0.106247 0.105954 0.105785 0.105740 0.105821 0.106030 0.106368 0.106841 0.107451 0.108203 0.109102 0.110155 0.111366 0.112741 0.114285 0.116002 0.117892 0.119955 0.122181 0.124558 0.127059 0.129649 0.132277 0.134875 0.137358 0.139625 0.141564 0.143061 0.144008 0.144314 0.143921 0.142810 0.141002 0.138559 0.135571 0.132149 0.128410 0.124465 0.120417 0.116350 0.112332 0.108413 0.104629 0.101002
0.148197 0.153456 0.158922 0.164582 0.170417 0.176397 0.182483 0.188624 0.194760 0.200823 0.206742 0.212449 0.217885 0.223014 0.227825 0.232341 0.236618 0.240748 0.244847 0.249049 0.253491 0.258302 0.263590 0.269422 0.275813 0.282710 0.289989 0.297455 0.304866 0.311987 0.318654 0.324864 0.330852 0.337139 0.344558 0.354264 0.367759 0.386975 0.414435 0.453511 0.508739 0.585963 0.691550 0.828613 0.986674 1.126061 1.181864 1.118002 0.970470 0.804095 0.658481 0.544051 0.457668 0.392981 0.344214 0.306971 0.278098 0.255370 0.237217 0.222523 0.210481 0.200503 0.192153 0.185101 0.179098 0.173951 0.169509 0.165655 0.162292 0.159343 0.156745 0.154444 0.152395 0.150558 0.148898 0.147382 0.145981 0.144669 0.143419 0.142209 0.141019 0.139832 0.138634 0.137413 0.136164 0.134882 0.133569 0.132227 0.130862 0.129482 0.128097 0.126715 0.125348 0.124005 0.122693 0.121422 0.120198 0.119026 0.117909 0.116852 0.115855 0.114921 0.114048 0.113237 0.112487 0.111795 0.111162 0.110584 0.110060 0.109587 0.109165 0.108790 0.108462 0.108178 0.107938 0.107739 0.107582 0.107465 0.107388 0.107351 0.107355 0.107398 0.107483 0.107611 0.107781 0.107997 0.108260 0.108572 0.108935 0.109352 0.109826 0.110358 0.110954 0.111615 0.112346 0.113149 0.114029 0.114989 0.116033 0.117165 0.118388 0.119705 0.121120 0.122635 0.124251 0.125970 0.127792 0.129714 0.131734 0.133847 0.136044 0.138316 0.140650 0.143029 0.145435 0.147847 0.150240 0.152589 0.154870 0.157056 0.159126 0.161062 0.162850 0.164484 0.165964 0.167299 0.168505 0.169602 0.170620 0.171589 0.172545 0.173521 0.174553 0.175676 0.176923 0.178324 0.179907 0.181701 0.183731 0.186022 0.188598 0.191484 0.194705 0.198287 0.202256 0.206639 0.211460 0.216740 0.222493 0.228722 0.235418 0.242547 0.250056 0.257863 0.265869 0.273962 0.282042 0.290054 0.298026 0.306115 0.314658 0.324221 0.335653 0.350175 0.369521 0.396205 0.434031 0.489081 0.571744 0.701154 0.915907 1.303284 2.092729 4.017827 9.803295 19.449119 9.795130 4.001455 2.068072 1.270235 0.874342 0.650952 0.512809 0.421378 0.357615 0.311269 0.276431 0.249505 0.228202 0.211008 0.196890 0.185126 0.175194 0.166714 0.159402 0.153041 0.147466 0.142548 0.138185 0.134296 0.130816 0.127693 0.124883 0.122352 0.120071 0.118016 0.116167 0.114508 0.113025 0.111707 0.110545 0.109532 0.108661 0.107928 0.107330 0.106864 0.106528 0.106323 0.106249 0.106307 0.106500 0.106830 0.107302 0.107921 0.108692 0.109623 0.110722 0.111996 0.113456 0.115110 0.116970 0.119043 0.121338 0.123858 0.126602 0.129560 0.132711 0.136018 0.139425 0.142849 0.146185 0.149297 0.152032 0.154222 0.155708 0.156353 0.156069 0.154823 0.152649 0.149642 0.145938 0.141701 0.137099 0.132287 0.127402 0.122550 0.117813 0.113247 0.108887 0.104752
0.153412 0.159212 0.165278 0.171599 0.178156 0.184918 0.191839 0.198855 0.205889 0.212847 0.219629 0.226133 0.232270 0.237978 0.243235 0.248064 0.252546 0.256808 0.261021 0.265380 0.270092 0.275353 0.281331 0.288143 0.295830 0.304333 0.313470 0.322924 0.332273 0.341051 0.348869 0.355569 0.361361 0.366907 0.373344 0.382262 0.395725 0.416414 0.447976 0.495690 0.567630 0.676471 0.841673 1.088840 1.431720 1.803225 1.979871 1.794026 1.413193 1.060732 0.803617 0.628002 0.508219 0.424790 0.365093 0.321212 0.288148 0.262678 0.242675 0.226697 0.213745 0.203111 0.194281 0.186880 0.180624 0.175298 0.170736 0.166809 0.163414 0.160466 0.157898 0.155651 0.153676 0.151929 0.150371 0.148965 0.147677 0.146476 0.145333 0.144219 0.143110 0.141985 0.140828 0.139626 0.138370 0.137059 0.135692 0.134277 0.132822 0.131339 0.129840 0.128338 0.126847 0.125380 0.123948 0.122560 0.121224 0.119948 0.118735 0.117589 0.116512 0.115505 0.114567 0.113698 0.112896 0.112160 0.111486 0.110874 0.110320 0.109821 0.109377 0.108983 0.108638 0.108340 0.108087 0.107878 0.107712 0.107588 0.107505 0.107463 0.107462 0.107503 0.107586 0.107712 0.107884 0.108102 0.108369 0.108686 0.109058 0.109485 0.109972 0.110523 0.111139 0.111826 0.112587 0.113427 0.114349 0.115359 0.116461 0.117660 0.118960 0.120365 0.121880 0.123509 0.125253 0.127117 0.129099 0.131200 0.133418 0.135746 0.138178 0.140703 0.143305 0.145966 0.148664 0.151372 0.154060 0.156696 0.159246 0.161677 0.163960 0.166068 0.167984 0.169697 0.171208 0.172527 0.173674 0.174677 0.175572 0.176401 0.177206 0.178033 0.178926 0.179925 0.181071 0.182400 0.183945 0.185738 0.187808 0.190183 0.192892 0.195964 0.199431 0.203325 0.207681 0.212536 0.217926 0.223887 0.230447 0.237620 0.245402 0.253761 0.262625 0.271879 0.281362 0.290880 0.300226 0.309233 0.317824 0.326086 0.334338 0.343183 0.353566 0.366845 0.384922 0.410508 0.447665 0.502886 0.587361 0.722111 0.950950 1.378625 2.310729 4.985678 19.455600 19.450851 19.446492 4.967396 2.283145 1.341558 0.904182 0.665406 0.520498 0.425700 0.360098 0.312671 0.277160 0.249796 0.228198 0.210801 0.196542 0.184679 0.174679 0.166154 0.158814 0.152438 0.146860 0.141947 0.137595 0.133724 0.130267 0.127171 0.124392 0.121896 0.119652 0.117638 0.115833 0.114221 0.112788 0.111523 0.110418 0.109465 0.108658 0.107994 0.107469 0.107081 0.106831 0.106717 0.106742 0.106907 0.107217 0.107676 0.108288 0.109062 0.110005 0.111127 0.112439 0.113953 0.115683 0.117645 0.119854 0.122327 0.125081 0.128128 0.131478 0.135130 0.139072 0.143271 0.147668 0.152170 0.156643 0.160908 0.164750 0.167924 0.170188 0.171331 0.171206 0.169766 0.167062 0.163245 0.158527 0.153157 0.147379 0.141413 0.135437 0.129586 0.123953 0.118597 0.113548 0.108818
0.159030 0.165451 0.172212 0.179310 0.186730 0.194440 0.202388 0.210498 0.218668 0.226772 0.234664 0.242194 0.249221 0.255641 0.261406 0.266541 0.271154 0.275430 0.279618 0.284006 0.288903 0.294605 0.301380 0.309431 0.318862 0.329631 0.341500 0.353990 0.366383 0.377806 0.387430 0.394754 0.399884 0.403681 0.407741 0.414274 0.426053 0.446586 0.480701 0.535773 0.624218 0.768633 1.012824 1.444460 2.222694 3.441672 4.252994 3.431254 2.201674 1.412470 0.969319 0.712907 0.555427 0.452991 0.383004 0.333196 0.296531 0.268771 0.247254 0.230243 0.216568 0.205418 0.196218 0.188550 0.182107 0.176655 0.172018 0.168057 0.164662 0.161746 0.159236 0.157071 0.155198 0.153570 0.152142 0.150876 0.149731 0.148670 0.147660 0.146665 0.145657 0.144610 0.143502 0.142319 0.141052 0.139698 0.138261 0.136750 0.135177 0.133560 0.131916 0.130262 0.128618 0.126998 0.125418 0.123889 0.122421 0.121021 0.119696 0.118447 0.117278 0.116188 0.115177 0.114243 0.113385 0.112599 0.111883 0.111234 0.110647 0.110122 0.109653 0.109239 0.108877 0.108565 0.108299 0.108079 0.107904 0.107771 0.107681 0.107633 0.107627 0.107664 0.107744 0.107869 0.108040 0.108259 0.108528 0.108850 0.109228 0.109665 0.110165 0.110731 0.111368 0.112080 0.112872 0.113749 0.114715 0.115777 0.116940 0.118210 0.119592 0.121093 0.122717 0.124470 0.126357 0.128381 0.130545 0.132849 0.135293 0.137872 0.140578 0.143401 0.146323 0.149324 0.152377 0.155448 0.158500 0.161492 0.164379 0.167118 0.169667 0.171990 0.174061 0.175866 0.177404 0.178686 0.179741 0.180604 0.181325 0.181956 0.182553 0.183174 0.183873 0.184701 0.185705 0.186928 0.188409 0.190183 0.192282 0.194740 0.197588 0.200860 0.204595 0.208834 0.213624 0.219016 0.225065 0.231826 0.239350 0.247677 0.256821 0.266758 0.277409 0.288621 0.300157 0.311696 0.322870 0.333315 0.342772 0.351192 0.358836 0.366349 0.374791 0.385676 0.401047 0.423693 0.457628 0.509076 0.588500 0.715061 0.927346 1.312611 2.100262 4.023844 9.808035 19.452784 9.797893 4.003461 2.069442 1.271071 0.874730 0.650966 0.512511 0.420820 0.356844 0.310323 0.275344 0.248306 0.226917 0.209659 0.195497 0.183706 0.173762 0.165284 0.157984 0.151647 0.146105 0.141228 0.136913 0.133079 0.129660 0.126603 0.123866 0.121412 0.119213 0.117245 0.115488 0.113927 0.112547 0.111339 0.110293 0.109403 0.108663 0.108070 0.107621 0.107315 0.107153 0.107134 0.107262 0.107540 0.107972 0.108564 0.109325 0.110262 0.111387 0.112712 0.114251 0.116023 0.118045 0.120341 0.122935 0.125853 0.129124 0.132776 0.136832 0.141309 0.146213 0.151522 0.157185 0.163101 0.169107 0.174972 0.180388 0.184997 0.188417 0.190308 0.190431 0.188700 0.185206 0.180192 0.174004 0.167025 0.159620 0.152096 0.144689 0.137560 0.130811 0.124494 0.118626 0.113200
0.165064 0.172194 0.179761 0.187774 0.196226 0.205090 0.214312 0.223804 0.233436 0.243036 0.252395 0.261284 0.269480 0.276803 0.283159 0.288568 0.293176 0.297254 0.301169 0.305348 0.310249 0.316322 0.323985 0.333588 0.345366 0.359365 0.375330 0.392592 0.409980 0.425896 0.438632 0.446941 0.450650 0.450955 0.450269 0.451797 0.459243 0.476953 0.510717 0.569586 0.669758 0.843770 1.165309 1.828391 3.453797 8.347818 16.510294 8.336117 3.430140 1.792262 1.115929 0.780099 0.590507 0.473257 0.395699 0.341692 0.302538 0.273221 0.250686 0.232985 0.218829 0.207340 0.197900 0.190066 0.183512 0.177996 0.173333 0.169379 0.166023 0.163174 0.160756 0.158707 0.156971 0.155497 0.154238 0.153150 0.152187 0.151306 0.150465 0.149624 0.148745 0.147795 0.146750 0.145590 0.144304 0.142892 0.141360 0.139722 0.137996 0.136206 0.134376 0.132531 0.130694 0.128886 0.127125 0.125426 0.123800 0.122255 0.120797 0.119431 0.118156 0.116973 0.115880 0.114875 0.113954 0.113115 0.112352 0.111663 0.111044 0.110489 0.109997 0.109562 0.109182 0.108854 0.108576 0.108345 0.108160 0.108018 0.107921 0.107866 0.107854 0.107885 0.107961 0.108082 0.108251 0.108469 0.108739 0.109064 0.109447 0.109892 0.110403 0.110984 0.111641 0.112377 0.113200 0.114114 0.115125 0.116241 0.117468 0.118812 0.120282 0.121885 0.123627 0.125517 0.127560 0.129763 0.132131 0.134665 0.137368 0.140237 0.143264 0.146439 0.149745 0.153156 0.156642 0.160161 0.163668 0.167108 0.170422 0.173551 0.176437 0.179032 0.181296 0.183208 0.184764 0.185982 0.186896 0.187558 0.188031 0.188385 0.188695 0.189032 0.189467 0.190061 0.190871 0.191946 0.193330 0.195062 0.197178 0.199713 0.202704 0.206190 0.210216 0.214835 0.220107 0.226104 0.232905 0.240597 0.249270 0.259002 0.269850 0.281824 0.294854 0.308758 0.323208 0.337713 0.351642 0.364309 0.375120 0.383769 0.390406 0.395736 0.401020 0.408014 0.418943 0.436606 0.464728 0.508704 0.577067 0.684401 0.857387 1.147800 1.659248 2.579797 4.020712 4.979791 4.009449 2.557128 1.624886 1.101323 0.798250 0.611959 0.490616 0.407541 0.348247 0.304432 0.271096 0.245099 0.224394 0.207602 0.193767 0.182212 0.172445 0.164103 0.156912 0.150665 0.145199 0.140389 0.136135 0.132358 0.128993 0.125988 0.123301 0.120898 0.118750 0.116834 0.115130 0.113623 0.112301 0.111152 0.110168 0.109343 0.108673 0.108154 0.107784 0.107563 0.107492 0.107572 0.107807 0.108201 0.108761 0.109494 0.110409 0.111518 0.112834 0.114373 0.116155 0.118200 0.120536 0.123194 0.126207 0.129617 0.133466 0.137803 0.142676 0.148130 0.154196 0.160886 0.168169 0.175951 0.184050 0.192167 0.199875 0.206631 0.211826 0.214889 0.215405 0.213226 0.208507 0.201668 0.193286 0.183975 0.174281 0.164636 0.155340 0.146576 0.138440 0.130958 0.124121 0.117891
0.171524 0.179459 0.187958 0.197045 0.206732 0.217006 0.227820 0.239078 0.250619 0.262215 0.273565 0.284315 0.294106 0.302627 0.309694 0.315303 0.319662 0.323172 0.326385 0.329940 0.334508 0.340763 0.349346 0.360850 0.375763 0.394364 0.416536 0.441476 0.467393 0.491400 0.509977 0.520178 0.521116 0.514704 0.505069 0.497256 0.496311 0.507334 0.536526 0.593437 0.695613 0.879763 1.234157 2.017120 4.276657 16.521599 16.514600 16.508577 4.250268 1.976665 1.178558 0.807540 0.604863 0.481832 0.401376 0.345767 0.305656 0.275730 0.252788 0.234805 0.220451 0.208823 0.199288 0.191395 0.184815 0.179300 0.174665 0.170766 0.167491 0.164747 0.162461 0.160568 0.159010 0.157735 0.156693 0.155832 0.155103 0.154454 0.153834 0.153192 0.152481 0.151660 0.150695 0.149563 0.148252 0.146761 0.145101 0.143294 0.141367 0.139353 0.137285 0.135196 0.133118 0.131076 0.129094 0.127189 0.125373 0.123657 0.122046 0.120543 0.119148 0.117860 0.116675 0.115591 0.114603 0.113706 0.112895 0.112164 0.111509 0.110925 0.110408 0.109952 0.109555 0.109212 0.108920 0.108678 0.108482 0.108332 0.108226 0.108164 0.108144 0.108169 0.108239 0.108355 0.108520 0.108735 0.109004 0.109329 0.109715 0.110166 0.110687 0.111281 0.111956 0.112716 0.113568 0.114519 0.115576 0.116747 0.118040 0.119463 0.121026 0.122737 0.124607 0.126645 0.128860 0.131262 0.133857 0.136652 0.139651 0.142854 0.146257 0.149849 0.153613 0.157523 0.161540 0.165618 0.169696 0.173704 0.177565 0.181197 0.184521 0.187464 0.189971 0.192010 0.193574 0.194685 0.195390 0.195760 0.195882 0.195851 0.195764 0.195716 0.195793 0.196072 0.196619 0.197492 0.198739 0.200401 0.202517 0.205124 0.208262 0.211974 0.216314 0.221346 0.227149 0.233818 0.241469 0.250232 0.260255 0.271685 0.284656 0.299252 0.315462 0.333111 0.351784 0.370763 0.389017 0.405301 0.418408 0.427532 0.432609 0.434482 0.434820 0.435859 0.440175 0.450616 0.470503 0.504119 0.557586 0.640292 0.767068 0.960778 1.251569 1.655607 2.093581 2.301438 2.081121 1.630484 1.213380 0.908918 0.700736 0.558507 0.459220 0.387963 0.335386 0.295584 0.264750 0.240373 0.220752 0.204706 0.191399 0.180228 0.170748 0.162624 0.155606 0.149496 0.144145 0.139432 0.135262 0.131560 0.128263 0.125322 0.122696 0.120352 0.118262 0.116403 0.114757 0.113309 0.112047 0.110960 0.110042 0.109285 0.108687 0.108245 0.107956 0.107823 0.107846 0.108028 0.108374 0.108890 0.109582 0.110461 0.111538 0.112826 0.114343 0.116107 0.118143 0.120479 0.123149 0.126193 0.129660 0.133605 0.138093 0.143201 0.149008 0.155603 0.163066 0.171463 0.180815 0.191070 0.202048 0.213391 0.224511 0.234582 0.242606 0.247584 0.248760 0.245853 0.239154 0.229422 0.217667 0.204891 0.191927 0.179366 0.167570 0.156718 0.146865 0.137986 0.130015 0.122865
0.178408 0.187255 0.196823 0.207167 0.218330 0.230329 0.243141 0.256675 0.270750 0.285067 0.299195 0.312593 0.324662 0.334856 0.342816 0.348485 0.352161 0.354466 0.356248 0.358468 0.362113 0.368159 0.377569 0.391303 0.410303 0.435388 0.466966 0.504469 0.545485 0.584947 0.615444 0.629805 0.625238 0.605514 0.578925 0.554335 0.538866 0.538058 0.557556 0.605707 0.697916 0.866022 1.183163 1.842947 3.465855 8.357962 16.518955 8.343616 3.436714 1.798090 1.121150 0.784818 0.594806 0.477201 0.399340 0.345073 0.305696 0.276189 0.253494 0.235662 0.221405 0.209845 0.200366 0.192526 0.186003 0.180557 0.176007 0.172211 0.169060 0.166466 0.164355 0.162664 0.161335 0.160314 0.159548 0.158980 0.158554 0.158206 0.157875 0.157496 0.157010 0.156360 0.155503 0.154408 0.153059 0.151461 0.149630 0.147597 0.145404 0.143095 0.140719 0.138319 0.135936 0.133604 0.131350 0.129196 0.127155 0.125237 0.123447 0.121787 0.120256 0.118850 0.117564 0.116394 0.115333 0.114374 0.113510 0.112737 0.112046 0.111432 0.110889 0.110413 0.109998 0.109640 0.109336 0.109082 0.108876 0.108717 0.108602 0.108531 0.108503 0.108520 0.108583 0.108692 0.108850 0.109060 0.109325 0.109649 0.110035 0.110490 0.111017 0.111623 0.112313 0.113095 0.113976 0.114963 0.116065 0.117292 0.118653 0.120157 0.121817 0.123644 0.125651 0.127849 0.130252 0.132872 0.135721 0.138809 0.142146 0.145735 0.149576 0.153662 0.157976 0.162492 0.167166 0.171941 0.176744 0.181484 0.186056 0.190348 0.194246 0.197647 0.200470 0.202663 0.204215 0.205155 0.205550 0.205500 0.205125 0.204557 0.203925 0.203353 0.202949 0.202808 0.203007 0.203611 0.204670 0.206229 0.208326 0.210998 0.214286 0.218238 0.222915 0.228392 0.234770 0.242175 0.250768 0.260741 0.272325 0.285776 0.301360 0.319312 0.339769 0.362657 0.387541 0.413445 0.438737 0.461202 0.478447 0.488643 0.491291 0.487576 0.480076 0.472058 0.466832 0.467461 0.476859 0.498155 0.535193 0.593059 0.678348 0.798294 0.956322 1.139853 1.301855 1.365523 1.288135 1.112141 0.914069 0.740660 0.604197 0.500952 0.423404 0.364719 0.319693 0.284594 0.256790 0.234424 0.216175 0.201090 0.188473 0.177807 0.168706 0.160872 0.154080 0.148153 0.142949 0.138360 0.134297 0.130687 0.127473 0.124607 0.122052 0.119774 0.117748 0.115952 0.114368 0.112983 0.111784 0.110763 0.109912 0.109227 0.108703 0.108340 0.108136 0.108093 0.108213 0.108501 0.108961 0.109602 0.110432 0.111463 0.112708 0.114183 0.115908 0.117908 0.120211 0.122851 0.125873 0.129327 0.133276 0.137797 0.142982 0.148940 0.155801 0.163712 0.172830 0.183315 0.195295 0.208820 0.223784 0.239812 0.256136 0.271506 0.284241 0.292510 0.294849 0.290695 0.280621 0.266100 0.248973 0.230929 0.213225 0.196632 0.181531 0.168029 0.156076 0.145541 0.136264 0.128080
0.185708 0.195576 0.206362 0.218165 0.231082 0.245186 0.260508 0.276999 0.294480 0.312584 0.330713 0.348027 0.363520 0.376202 0.385364 0.390823 0.393038 0.393023 0.392134 0.391836 0.393564 0.398690 0.408591 0.424751 0.448859 0.482810 0.528430 0.586590 0.655206 0.726137 0.783356 0.807985 0.791351 0.743004 0.682825 0.628128 0.588850 0.569765 0.574244 0.607508 0.679968 0.812633 1.048123 1.473253 2.246567 3.461779 4.270183 3.446152 2.214751 1.424079 0.979729 0.722324 0.564013 0.460872 0.390283 0.339958 0.302847 0.274707 0.252869 0.235596 0.221716 0.210422 0.201141 0.193462 0.187080 0.181769 0.177357 0.173714 0.170734 0.168335 0.166448 0.165011 0.163971 0.163271 0.162856 0.162664 0.162630 0.162678 0.162731 0.162706 0.162522 0.162105 0.161395 0.160350 0.158951 0.157204 0.155138 0.152799 0.150249 0.147552 0.144773 0.141973 0.139205 0.136510 0.133923 0.131467 0.129156 0.127001 0.125004 0.123165 0.121479 0.119942 0.118545 0.117281 0.116141 0.115117 0.114200 0.113381 0.112654 0.112010 0.111443 0.110946 0.110515 0.110143 0.109827 0.109562 0.109346 0.109177 0.109053 0.108972 0.108935 0.108943 0.108996 0.109096 0.109245 0.109447 0.109706 0.110025 0.110409 0.110863 0.111394 0.112008 0.112712 0.113514 0.114421 0.115443 0.116590 0.117872 0.119302 0.120890 0.122651 0.124600 0.126751 0.129121 0.131727 0.134586 0.137716 0.141134 0.144853 0.148885 0.153237 0.157907 0.162883 0.168137 0.173626 0.179282 0.185013 0.190704 0.196213 0.201384 0.206054 0.210072 0.213313 0.215699 0.217208 0.217882 0.217818 0.217160 0.216080 0.214760 0.213378 0.212094 0.211047 0.210350 0.210093 0.210345 0.211158 0.212576 0.214633 0.217364 0.220808 0.225014 0.230049 0.236002 0.242994 0.251190 0.260804 0.272112 0.285459 0.301262 0.320000 0.342182 0.368260 0.398476 0.432580 0.469438 0.506602 0.540155 0.565297 0.577923 0.576553 0.563252 0.542754 0.520574 0.501488 0.489010 0.485630 0.493317 0.513980 0.549668 0.602315 0.672571 0.757090 0.844299 0.911872 0.933553 0.896859 0.813917 0.710612 0.608872 0.519836 0.446371 0.387316 0.340220 0.302594 0.272327 0.247752 0.227594 0.210888 0.196904 0.185088 0.175018 0.166366 0.158880 0.152361 0.146651 0.141625 0.137184 0.133245 0.129743 0.126625 0.123845 0.121368 0.119164 0.117207 0.115479 0.113962 0.112643 0.111511 0.110558 0.109778 0.109165 0.108719 0.108437 0.108320 0.108370 0.108591 0.108987 0.109566 0.110336 0.111309 0.112496 0.113915 0.115584 0.117526 0.119770 0.122350 0.125309 0.128697 0.132579 0.137036 0.142167 0.148096 0.154977 0.163000 0.172396 0.183438 0.196435 0.211707 0.229527 0.250009 0.272913 0.297357 0.321515 0.342506 0.356799 0.361333 0.354878 0.338676 0.315802 0.289797 0.263552 0.238903 0.216736 0.197298 0.180477 0.165998 0.153540 0.142789 0.133467
0.193400 0.204398 0.216553 0.230033 0.245014 0.261668 0.280137 0.300477 0.322581 0.346060 0.370124 0.393486 0.414423 0.431080 0.442009 0.446741 0.446043 0.441705 0.436008 0.431238 0.429439 0.432452 0.442114 0.460566 0.490601 0.536015 0.601773 0.693350 0.813454 0.953061 1.077861 1.131720 1.083639 0.965349 0.833820 0.724408 0.647576 0.602697 0.587446 0.601770 0.649732 0.741170 0.893585 1.131232 1.466928 1.832940 2.005327 1.816137 1.432639 1.078027 0.819152 0.642076 0.521066 0.436595 0.376004 0.331353 0.297623 0.271583 0.251096 0.234721 0.221458 0.210603 0.201648 0.194225 0.188058 0.182942 0.178722 0.175277 0.172515 0.170359 0.168748 0.167627 0.166945 0.166647 0.166678 0.166969 0.167446 0.168019 0.168587 0.169042 0.169275 0.169182 0.168677 0.167701 0.166230 0.164276 0.161884 0.159126 0.156091 0.152873 0.149564 0.146246 0.142987 0.139839 0.136841 0.134020 0.131389 0.128955 0.126719 0.124676 0.122817 0.121135 0.119616 0.118251 0.117028 0.115936 0.114963 0.114099 0.113335 0.112663 0.112072 0.111557 0.111110 0.110726 0.110398 0.110124 0.109898 0.109720 0.109585 0.109495 0.109447 0.109443 0.109485 0.109573 0.109711 0.109902 0.110150 0.110460 0.110838 0.111289 0.111821 0.112439 0.113153 0.113971 0.114902 0.115957 0.117146 0.118484 0.119982 0.121655 0.123520 0.125595 0.127899 0.130451 0.133276 0.136395 0.139834 0.143617 0.147768 0.152308 0.157254 0.162612 0.168381 0.174539 0.181041 0.187813 0.194745 0.201688 0.208452 0.214817 0.220549 0.225417 0.229230 0.231865 0.233283 0.233545 0.232796 0.231251 0.229161 0.226786 0.224367 0.222118 0.220213 0.218785 0.217936 0.217736 0.218235 0.219470 0.221467 0.224254 0.227864 0.232344 0.237763 0.244219 0.251858 0.260883 0.271573 0.284306 0.299578 0.318031 0.340466 0.367842 0.401218 0.441570 0.489383 0.543866 0.601778 0.656335 0.697590 0.715841 0.707069 0.675778 0.632182 0.586794 0.547047 0.516945 0.498171 0.491261 0.496333 0.513310 0.541681 0.579752 0.623444 0.665154 0.694115 0.699867 0.677811 0.632094 0.572697 0.509857 0.450567 0.398190 0.353574 0.316257 0.285271 0.259556 0.238145 0.220221 0.205118 0.192304 0.181355 0.171937 0.163785 0.156687 0.150474 0.145011 0.140187 0.135912 0.132115 0.128735 0.125722 0.123038 0.120647 0.118523 0.116642 0.114986 0.113539 0.112289 0.111227 0.110345 0.109637 0.109100 0.108733 0.108534 0.108507 0.108652 0.108976 0.109484 0.110185 0.111089 0.112208 0.113558 0.115157 0.117026 0.119192 0.121689 0.124556 0.127841 0.131608 0.135933 0.140915 0.146679 0.153385 0.161242 0.170514 0.181543 0.194760 0.210700 0.230001 0.253361 0.281416 0.314442 0.351804 0.391116 0.427466 0.453677 0.462731 0.451624 0.423375 0.385019 0.343747 0.304484 0.269627 0.239820 0.214790 0.193907 0.176470 0.161839 0.149473 0.138933
0.201446 0.213674 0.227347 0.242720 0.260093 0.279797 0.302171 0.327502 0.355907 0.387131 0.420254 0.453383 0.483535 0.507082 0.520909 0.523851 0.517376 0.504957 0.490695 0.478230 0.470386 0.469423 0.477549 0.497568 0.533663 0.592502 0.684848 0.827454 1.042497 1.341940 1.667631 1.825690 1.670832 1.348903 1.054408 0.846277 0.713572 0.635539 0.597456 0.591482 0.615102 0.669709 0.758813 0.883657 1.032516 1.164867 1.215211 1.147054 0.996095 0.826946 0.679055 0.562729 0.474748 0.408697 0.358755 0.320494 0.290737 0.267246 0.248444 0.233213 0.220748 0.210466 0.201939 0.194851 0.188962 0.184094 0.180111 0.176909 0.174409 0.172546 0.171268 0.170530 0.170286 0.170490 0.171083 0.171997 0.173145 0.174417 0.175685 0.176805 0.177621 0.177987 0.177775 0.176899 0.175326 0.173075 0.170221 0.166876 0.163172 0.159249 0.155236 0.151241 0.147354 0.143637 0.140135 0.136872 0.133861 0.131103 0.128592 0.126317 0.124266 0.122424 0.120774 0.119302 0.117991 0.116828 0.115799 0.114891 0.114093 0.113392 0.112781 0.112249 0.111789 0.111394 0.111057 0.110774 0.110540 0.110352 0.110208 0.110106 0.110046 0.110029 0.110056 0.110129 0.110252 0.110428 0.110662 0.110960 0.111327 0.111770 0.112297 0.112916 0.113635 0.114465 0.115416 0.116501 0.117731 0.119121 0.120686 0.122445 0.124416 0.126620 0.129082 0.131827 0.134884 0.138283 0.142059 0.146246 0.150880 0.155997 0.161627 0.167796 0.174515 0.181776 0.189543 0.197738 0.206236 0.214846 0.223319 0.231341 0.238565 0.244641 0.249264 0.252233 0.253482 0.253101 0.251320 0.248466 0.244915 0.241044 0.237188 0.233629 0.230581 0.228200 0.226592 0.225822 0.225931 0.226939 0.228860 0.231709 0.235505 0.240287 0.246121 0.253111 0.261421 0.271294 0.283079 0.297270 0.314550 0.335853 0.362430 0.395931 0.438451 0.492463 0.560401 0.643449 0.738856 0.835805 0.912964 0.945131 0.920512 0.851293 0.763081 0.677647 0.606285 0.552272 0.514988 0.492565 0.483015 0.484480 0.495012 0.512115 0.532225 0.550476 0.561236 0.559672 0.543688 0.514823 0.477315 0.436113 0.395262 0.357304 0.323430 0.293922 0.268556 0.246886 0.228400 0.212611 0.199082 0.187443 0.177382 0.168644 0.161019 0.154336 0.148453 0.143257 0.138651 0.134559 0.130916 0.127668 0.124771 0.122190 0.119892 0.117853 0.116052 0.114472 0.113098 0.111921 0.110931 0.110122 0.109489 0.109030 0.108743 0.108631 0.108694 0.108937 0.109367 0.109990 0.110816 0.111857 0.113128 0.114645 0.116429 0.118505 0.120903 0.123659 0.126820 0.130442 0.134595 0.139371 0.144886 0.151294 0.158793 0.167650 0.178220 0.190977 0.206558 0.225814 0.249868 0.280149 0.318348 0.366125 0.424244 0.490673 0.557639 0.609885 0.629395 0.607665 0.553220 0.484095 0.415565 0.355420 0.305707 0.265671 0.233659 0.207983 0.187214 0.170225 0.156156 0.144361
0.209794 0.223337 0.238653 0.256118 0.276201 0.299472 0.326601 0.358316 0.395268 0.437730 0.485024 0.534656 0.581519 0.618183 0.637412 0.636182 0.617790 0.589817 0.560190 0.534744 0.517058 0.509427 0.514025 0.534034 0.574994 0.647049 0.769395 0.979817 1.354320 2.031085 3.091922 3.800268 3.092261 2.032132 1.356854 0.985103 0.779315 0.664283 0.603265 0.578380 0.581027 0.607112 0.653868 0.716479 0.783913 0.836486 0.851452 0.817896 0.745841 0.657029 0.569901 0.493797 0.431080 0.380721 0.340611 0.308621 0.282949 0.262178 0.245226 0.231279 0.219726 0.210110 0.202083 0.195387 0.189824 0.185245 0.181538 0.178618 0.176421 0.174899 0.174015 0.173734 0.174024 0.174846 0.176151 0.177867 0.179898 0.182113 0.184346 0.186398 0.188050 0.189081 0.189300 0.188572 0.186847 0.184163 0.180640 0.176455 0.171814 0.166922 0.161960 0.157078 0.152384 0.147953 0.143830 0.140036 0.136575 0.133440 0.130616 0.128083 0.125820 0.123804 0.122014 0.120428 0.119028 0.117794 0.116709 0.115759 0.114928 0.114203 0.113574 0.113029 0.112559 0.112156 0.111812 0.111522 0.111281 0.111084 0.110929 0.110816 0.110742 0.110709 0.110719 0.110774 0.110877 0.111034 0.111249 0.111528 0.111879 0.112309 0.112826 0.113439 0.114159 0.114996 0.115963 0.117072 0.118338 0.119778 0.121409 0.123251 0.125328 0.127664 0.130288 0.133233 0.136534 0.140231 0.144370 0.148998 0.154168 0.159934 0.166350 0.173464 0.181315 0.189922 0.199267 0.209285 0.219839 0.230701 0.241537 0.251907 0.261290 0.269134 0.274947 0.278386 0.279336 0.277941 0.274572 0.269753 0.264062 0.258053 0.252196 0.246856 0.242294 0.238677 0.236106 0.234630 0.234264 0.235007 0.236848 0.239777 0.243796 0.248927 0.255221 0.262783 0.271785 0.282503 0.295354 0.310957 0.330203 0.354374 0.385296 0.425574 0.478903 0.550418 0.646847 0.775585 0.940325 1.129148 1.296539 1.367948 1.302028 1.140433 0.958031 0.800667 0.680607 0.594518 0.535352 0.496681 0.473541 0.462168 0.459475 0.462559 0.468336 0.473455 0.474598 0.469145 0.455903 0.435406 0.409552 0.380818 0.351498 0.323290 0.297214 0.273738 0.252953 0.234732 0.218841 0.205008 0.192963 0.182457 0.173271 0.165214 0.158125 0.151868 0.146329 0.141412 0.137038 0.133139 0.129659 0.126552 0.123778 0.121305 0.119105 0.117156 0.115439 0.113938 0.112641 0.111539 0.110623 0.109888 0.109332 0.108952 0.108748 0.108723 0.108879 0.109223 0.109761 0.110501 0.111456 0.112638 0.114064 0.115754 0.117729 0.120018 0.122654 0.125678 0.129140 0.133104 0.137649 0.142879 0.148927 0.155974 0.164257 0.174104 0.185964 0.200462 0.218480 0.241271 0.270623 0.309093 0.360252 0.428805 0.519929 0.636171 0.768981 0.885925 0.933924 0.883496 0.764149 0.628987 0.510468 0.417162 0.346541 0.293440 0.253165 0.222146 0.197827 0.178413 0.162638 0.149610
0.218378 0.233291 0.250340 0.270049 0.293106 0.320415 0.353156 0.392812 0.441127 0.499795 0.569570 0.648294 0.727867 0.792451 0.823383 0.811900 0.766956 0.707500 0.649844 0.602862 0.569908 0.552063 0.550472 0.567953 0.610780 0.691983 0.839178 1.115992 1.690718 3.102353 7.353586 14.444379 7.350852 3.097061 1.683232 1.106885 0.829259 0.682311 0.602642 0.562745 0.549361 0.555261 0.575289 0.603854 0.633234 0.653516 0.655328 0.634437 0.594118 0.542656 0.488602 0.437789 0.393005 0.354924 0.323127 0.296771 0.274951 0.256843 0.241759 0.229141 0.218550 0.209644 0.202158 0.195890 0.190683 0.186421 0.183018 0.180410 0.178555 0.177422 0.176991 0.177249 0.178180 0.179763 0.181962 0.184713 0.187914 0.191411 0.194992 0.198380 0.201255 0.203279 0.204148 0.203646 0.201692 0.198354 0.193834 0.188421 0.182440 0.176196 0.169947 0.163889 0.158157 0.152829 0.147946 0.143516 0.139528 0.135961 0.132783 0.129963 0.127468 0.125266 0.123328 0.121626 0.120135 0.118831 0.117693 0.116703 0.115844 0.115100 0.114457 0.113903 0.113428 0.113020 0.112673 0.112378 0.112131 0.111927 0.111762 0.111635 0.111546 0.111495 0.111483 0.111515 0.111595 0.111726 0.111916 0.112171 0.112499 0.112909 0.113410 0.114011 0.114725 0.115564 0.116540 0.117668 0.118965 0.120450 0.122142 0.124065 0.126245 0.128712 0.131500 0.134649 0.138203 0.142213 0.146738 0.151842 0.157598 0.164087 0.171393 0.179602 0.188794 0.199032 0.210344 0.222698 0.235971 0.249903 0.264066 0.277841 0.290437 0.300967 0.308601 0.312737 0.313167 0.310132 0.304266 0.296436 0.287559 0.278463 0.269803 0.262044 0.255482 0.250278 0.246503 0.244166 0.243244 0.243692 0.245465 0.248519 0.252827 0.258380 0.265209 0.273400 0.283121 0.294665 0.308506 0.325374 0.346372 0.373154 0.408201 0.455282 0.520237 0.612273 0.746017 0.943984 1.235808 1.637499 2.072005 2.282213 2.075317 1.644358 1.246691 0.959615 0.767372 0.640577 0.556940 0.501992 0.466570 0.444680 0.432109 0.425571 0.422219 0.419466 0.415054 0.407302 0.395367 0.379335 0.360053 0.338779 0.316804 0.295207 0.274739 0.255840 0.238703 0.223347 0.209690 0.197596 0.186906 0.177461 0.169110 0.161715 0.155155 0.149325 0.144133 0.139502 0.135365 0.131665 0.128356 0.125395 0.122749 0.120389 0.118291 0.116436 0.114805 0.113386 0.112168 0.111142 0.110302 0.109644 0.109166 0.108866 0.108746 0.108810 0.109061 0.109506 0.110154 0.111015 0.112101 0.113429 0.115015 0.116881 0.119054 0.121562 0.124443 0.127742 0.131513 0.135825 0.140766 0.146448 0.153022 0.160689 0.169723 0.180507 0.193582 0.209726 0.230077 0.256341 0.291118 0.338467 0.404841 0.500544 0.641493 0.848674 1.133396 1.440818 1.588102 1.438124 1.128042 0.840725 0.631044 0.487716 0.389781 0.321337 0.272091 0.235597 0.207792 0.186065 0.168698 0.154532
0.227125 0.243427 0.262244 0.284267 0.310449 0.342122 0.381166 0.430238 0.493029 0.574376 0.679577 0.811179 0.960223 1.093032 1.154585 1.114330 1.002848 0.875311 0.765797 0.684034 0.628738 0.596580 0.585777 0.597542 0.637614 0.719751 0.875011 1.179614 1.857669 3.819137 14.452651 14.448538 14.446707 3.807236 1.839776 1.155646 0.844784 0.682870 0.593263 0.544090 0.520076 0.512787 0.516507 0.526198 0.536551 0.542068 0.538190 0.522833 0.497092 0.464407 0.428862 0.393807 0.361336 0.332423 0.307278 0.285698 0.267298 0.251646 0.238336 0.227011 0.217373 0.209183 0.202247 0.196417 0.191578 0.187648 0.184565 0.182293 0.180810 0.180108 0.180192 0.181074 0.182767 0.185277 0.188596 0.192681 0.197438 0.202695 0.208185 0.213527 0.218241 0.221793 0.223680 0.223535 0.221220 0.216860 0.210807 0.203551 0.195612 0.187453 0.179439 0.171821 0.164750 0.158301 0.152491 0.147306 0.142706 0.138646 0.135074 0.131941 0.129197 0.126800 0.124709 0.122889 0.121308 0.119936 0.118750 0.117726 0.116845 0.116087 0.115437 0.114881 0.114405 0.113999 0.113652 0.113357 0.113106 0.112895 0.112720 0.112580 0.112472 0.112399 0.112363 0.112367 0.112416 0.112516 0.112673 0.112897 0.113195 0.113577 0.114053 0.114635 0.115335 0.116167 0.117145 0.118286 0.119607 0.121130 0.122877 0.124876 0.127155 0.129750 0.132701 0.136055 0.139866 0.144199 0.149127 0.154736 0.161125 0.168406 0.176708 0.186167 0.196927 0.209126 0.222874 0.238220 0.255096 0.273255 0.292178 0.311011 0.328546 0.343324 0.353881 0.359116 0.358628 0.352856 0.342939 0.330378 0.316673 0.303072 0.290472 0.279432 0.270247 0.263028 0.257772 0.254412 0.252856 0.253001 0.254749 0.258011 0.262715 0.268814 0.276298 0.285216 0.295709 0.308062 0.322773 0.340655 0.362993 0.391783 0.430141 0.483037 0.558689 0.671354 0.847166 1.136763 1.641321 2.544324 3.954403 4.894986 3.955418 2.546527 1.645060 1.142573 0.855768 0.683653 0.575751 0.506040 0.460282 0.430131 0.410295 0.397098 0.387763 0.380068 0.372254 0.363059 0.351781 0.338287 0.322908 0.306267 0.289084 0.272019 0.255588 0.240139 0.225868 0.212850 0.201079 0.190498 0.181019 0.172544 0.164972 0.158206 0.152157 0.146743 0.141895 0.137549 0.133651 0.130154 0.127017 0.124206 0.121691 0.119448 0.117455 0.115694 0.114153 0.112817 0.111679 0.110731 0.109969 0.109388 0.108988 0.108770 0.108736 0.108889 0.109236 0.109785 0.110545 0.111528 0.112749 0.114225 0.115976 0.118025 0.120401 0.123136 0.126271 0.129853 0.133941 0.138609 0.143948 0.150081 0.157167 0.165425 0.175155 0.186785 0.200929 0.218496 0.240859 0.270151 0.309797 0.365519 0.447327 0.573687 0.780495 1.139588 1.781331 2.782887 3.450003 2.779857 1.775314 1.130667 0.768791 0.559357 0.430557 0.346518 0.288791 0.247370 0.216528 0.192827 0.174113 0.158987
0.235961 0.253628 0.274177 0.298474 0.327758 0.363846 0.409478 0.468883 0.548738 0.659675 0.818084 1.045546 1.353570 1.685197 1.851045 1.709059 1.401024 1.116236 0.911907 0.777248 0.691977 0.641738 0.618980 0.621817 0.653965 0.727025 0.867780 1.139337 1.709641 3.117436 7.365209 14.452744 7.355982 3.098790 1.681167 1.100348 0.817200 0.663186 0.574262 0.522102 0.492530 0.477501 0.471690 0.470881 0.471295 0.469540 0.463030 0.450504 0.432243 0.409733 0.384982 0.359869 0.335784 0.313560 0.293573 0.275889 0.260400 0.246913 0.235210 0.225084 0.216345 0.208838 0.202432 0.197029 0.192553 0.188952 0.186194 0.184268 0.183178 0.182943 0.183600 0.185193 0.187777 0.191404 0.196115 0.201914 0.208743 0.216436 0.224671 0.232932 0.240493 0.246485 0.250035 0.250481 0.247571 0.241544 0.233047 0.222938 0.212075 0.201165 0.190710 0.181014 0.172225 0.164380 0.157454 0.151381 0.146081 0.141469 0.137466 0.133995 0.130989 0.128390 0.126145 0.124209 0.122542 0.121109 0.119882 0.118832 0.117936 0.117173 0.116524 0.115973 0.115504 0.115105 0.114765 0.114473 0.114222 0.114007 0.113822 0.113667 0.113539 0.113440 0.113373 0.113343 0.113354 0.113414 0.113531 0.113714 0.113972 0.114317 0.114759 0.115312 0.115990 0.116806 0.117777 0.118922 0.120259 0.121812 0.123607 0.125673 0.128044 0.130760 0.133869 0.137425 0.141493 0.146152 0.151493 0.157627 0.164684 0.172818 0.182212 0.193075 0.205641 0.220166 0.236898 0.256045 0.277695 0.301706 0.327539 0.354071 0.379475 0.401280 0.416801 0.423890 0.421733 0.411187 0.394442 0.374230 0.353064 0.332822 0.314673 0.299209 0.286626 0.276889 0.269847 0.265305 0.263061 0.262927 0.264737 0.268343 0.273618 0.280459 0.288796 0.298615 0.309995 0.323169 0.338613 0.357171 0.380240 0.410068 0.450256 0.506728 0.589675 0.717864 0.929054 1.308457 2.079828 3.958247 9.599336 19.003176 9.597919 3.955528 2.076043 1.303972 0.924381 0.713666 0.586763 0.506037 0.452783 0.416773 0.391905 0.374230 0.360989 0.350151 0.340211 0.330107 0.319204 0.307248 0.294307 0.280658 0.266686 0.252781 0.239278 0.226430 0.214399 0.203272 0.193074 0.183790 0.175375 0.167772 0.160914 0.154734 0.149168 0.144155 0.139641 0.135574 0.131913 0.128617 0.125654 0.122993 0.120611 0.118486 0.116599 0.114936 0.113484 0.112233 0.111176 0.110307 0.109622 0.109119 0.108799 0.108663 0.108714 0.108958 0.109402 0.110056 0.110929 0.112038 0.113396 0.115024 0.116944 0.119182 0.121769 0.124740 0.128138 0.132014 0.136431 0.141463 0.147209 0.153792 0.161379 0.170194 0.180553 0.192907 0.207916 0.226571 0.250406 0.281864 0.324998 0.386884 0.480696 0.633130 0.904640 1.454195 2.790053 6.799950 13.483917 6.796492 2.783190 1.444032 0.891332 0.616879 0.461743 0.365500 0.301476 0.256503 0.223498 0.198387 0.178697 0.162858
0.244828 0.263788 0.285957 0.312359 0.344501 0.384674 0.436499 0.505955 0.603427 0.748002 0.976730 1.363753 2.043647 3.095849 3.801746 3.123532 2.098226 1.443934 1.081230 0.876192 0.756037 0.685820 0.649466 0.640933 0.660914 0.716872 0.826434 1.026399 1.392101 2.061227 3.115189 3.817070 3.102659 2.035808 1.353039 0.972455 0.755738 0.626654 0.547063 0.497233 0.466242 0.447501 0.436570 0.430087 0.425284 0.419882 0.412214 0.401399 0.387388 0.370808 0.352655 0.333974 0.315640 0.298264 0.282207 0.267624 0.254539 0.242894 0.232594 0.223532 0.215603 0.208715 0.202795 0.197785 0.193646 0.190357 0.187914 0.186331 0.185643 0.185902 0.187178 0.189566 0.193174 0.198126 0.204545 0.212530 0.222112 0.233189 0.245426 0.258149 0.270270 0.280328 0.286732 0.288210 0.284264 0.275378 0.262810 0.248137 0.232805 0.217887 0.204042 0.191585 0.180604 0.171045 0.162791 0.155694 0.149606 0.144390 0.139923 0.136098 0.132822 0.130020 0.127623 0.125576 0.123832 0.122347 0.121088 0.120022 0.119123 0.118365 0.117728 0.117192 0.116740 0.116357 0.116030 0.115748 0.115501 0.115284 0.115090 0.114918 0.114766 0.114637 0.114534 0.114461 0.114426 0.114437 0.114503 0.114633 0.114841 0.115137 0.115535 0.116048 0.116691 0.117481 0.118435 0.119573 0.120917 0.122490 0.124322 0.126446 0.128899 0.131727 0.134983 0.138732 0.143049 0.148029 0.153783 0.160449 0.168195 0.177225 0.187789 0.200190 0.214791 0.232015 0.252339 0.276253 0.304177 0.336294 0.372263 0.410797 0.449217 0.483285 0.507809 0.518290 0.512927 0.493568 0.464765 0.431758 0.398837 0.368739 0.342807 0.321445 0.304534 0.291722 0.282588 0.276726 0.273778 0.273442 0.275464 0.279627 0.285740 0.293628 0.303139 0.314160 0.326659 0.340757 0.356833 0.375682 0.398715 0.428288 0.468238 0.524920 0.609379 0.742302 0.966606 1.384582 2.294243 4.902696 19.006874 19.004437 19.002866 4.894733 2.282444 1.369151 0.947858 0.720696 0.585545 0.499666 0.442538 0.403218 0.375342 0.354918 0.339267 0.326502 0.315276 0.304647 0.294016 0.283073 0.271740 0.260104 0.248349 0.236692 0.225341 0.214466 0.204189 0.194586 0.185691 0.177509 0.170019 0.163189 0.156977 0.151336 0.146221 0.141588 0.137392 0.133597 0.130166 0.127068 0.124277 0.121766 0.119516 0.117509 0.115729 0.114163 0.112802 0.111636 0.110660 0.109870 0.109263 0.108838 0.108597 0.108543 0.108680 0.109015 0.109556 0.110315 0.111304 0.112539 0.114038 0.115822 0.117916 0.120349 0.123155 0.126371 0.130045 0.134230 0.138991 0.144405 0.150571 0.157614 0.165698 0.175046 0.185970 0.198919 0.214557 0.233893 0.258504 0.290937 0.335475 0.399719 0.498140 0.661053 0.961027 1.609814 3.465444 13.492149 13.490225 13.488140 3.457493 1.598054 0.945657 0.642330 0.476377 0.375273 0.308730 0.262283 0.228324 0.202537 0.182333 0.166081
0.253695 0.273839 0.297447 0.325662 0.360193 0.403696 0.460489 0.538004 0.649949 0.823966 1.122532 1.709900 3.111450 7.279300 14.212683 7.313031 3.177207 1.804755 1.243188 0.967759 0.815788 0.727148 0.677220 0.656128 0.661575 0.696664 0.770035 0.897075 1.099011 1.387091 1.702578 1.851070 1.686767 1.354953 1.049467 0.828383 0.679606 0.580769 0.514844 0.470692 0.441156 0.421477 0.408286 0.399020 0.391639 0.384528 0.376519 0.366939 0.355606 0.342745 0.328838 0.314457 0.300133 0.286286 0.273202 0.261050 0.249905 0.239783 0.230663 0.222506 0.215270 0.208917 0.203414 0.198744 0.194898 0.191885 0.189730 0.188474 0.188182 0.188942 0.190872 0.194122 0.198879 0.205369 0.213846 0.224576 0.237786 0.253563 0.271687 0.291388 0.311079 0.328263 0.339886 0.343293 0.337413 0.323305 0.303606 0.281357 0.259041 0.238228 0.219674 0.203582 0.189845 0.178219 0.168419 0.160167 0.153216 0.147353 0.142401 0.138214 0.134669 0.131668 0.129129 0.126983 0.125172 0.123649 0.122371 0.121304 0.120414 0.119676 0.119064 0.118556 0.118132 0.117776 0.117471 0.117206 0.116969 0.116752 0.116550 0.116360 0.116182 0.116016 0.115868 0.115744 0.115652 0.115601 0.115603 0.115669 0.115812 0.116046 0.116386 0.116846 0.117443 0.118194 0.119119 0.120238 0.121575 0.123157 0.125014 0.127183 0.129705 0.132631 0.136020 0.139947 0.144499 0.149785 0.155939 0.163128 0.171562 0.181502 0.193281 0.207316 0.224138 0.244407 0.268936 0.298688 0.334710 0.377955 0.428846 0.486458 0.547285 0.604096 0.646326 0.663641 0.651628 0.614755 0.563412 0.508222 0.456476 0.411747 0.375026 0.345966 0.323694 0.307246 0.295751 0.288487 0.284882 0.284489 0.286957 0.291995 0.299341 0.308743 0.319940 0.332676 0.346736 0.362038 0.378762 0.397537 0.419676 0.447486 0.484759 0.537680 0.616725 0.740910 0.948180 1.323867 2.091784 3.967016 9.605160 19.006247 9.598366 3.953410 2.071345 1.296608 0.914191 0.700430 0.570210 0.485871 0.428721 0.388596 0.359529 0.337778 0.320858 0.307051 0.295144 0.284289 0.273925 0.263717 0.253513 0.243294 0.233122 0.223106 0.213363 0.204001 0.195104 0.186731 0.178914 0.171663 0.164972 0.158823 0.153190 0.148040 0.143342 0.139062 0.135169 0.131632 0.128424 0.125519 0.122896 0.120533 0.118414 0.116523 0.114849 0.113380 0.112108 0.111027 0.110132 0.109420 0.108891 0.108544 0.108381 0.108409 0.108631 0.109057 0.109696 0.110560 0.111666 0.113029 0.114670 0.116614 0.118887 0.121522 0.124556 0.128031 0.131996 0.136508 0.141635 0.147457 0.154071 0.161599 0.170196 0.180074 0.191523 0.204960 0.221008 0.240615 0.265269 0.297376 0.340961 0.403088 0.496935 0.649214 0.920410 1.469526 2.804855 6.814164 13.497508 6.809444 2.795499 1.455700 0.902364 0.627283 0.471526 0.374671 0.310045 0.264481 0.230900 0.205230 0.185002 0.168648
0.262574 0.283769 0.308590 0.338238 0.374520 0.420261 0.480089 0.562061 0.681319 0.869344 1.201228 1.895860 3.840374 14.237849 14.260966 14.281629 3.924558 2.014579 1.347664 1.037480 0.867368 0.765301 0.703186 0.669411 0.659746 0.674019 0.714742 0.785736 0.888517 1.013137 1.124527 1.165868 1.105490 0.974395 0.828681 0.702581 0.605007 0.533096 0.481173 0.444018 0.417545 0.398664 0.385013 0.374730 0.366326 0.358630 0.350783 0.342248 0.332797 0.322460 0.311447 0.300056 0.288599 0.277348 0.266515 0.256246 0.246636 0.237734 0.229567 0.222143 0.215466 0.209538 0.204365 0.199959 0.196345 0.193556 0.191644 0.190679 0.190758 0.192009 0.194601 0.198756 0.204761 0.212980 0.223868 0.237965 0.255866 0.278107 0.304915 0.335731 0.368484 0.398925 0.420855 0.428207 0.418378 0.393958 0.360997 0.325680 0.292242 0.262736 0.237708 0.216913 0.199796 0.185745 0.174201 0.164688 0.156820 0.150288 0.144847 0.140302 0.136499 0.133314 0.130647 0.128418 0.126558 0.125013 0.123734 0.122682 0.121821 0.121119 0.120548 0.120084 0.119704 0.119388 0.119118 0.118879 0.118658 0.118447 0.118238 0.118028 0.117818 0.117608 0.117406 0.117218 0.117055 0.116928 0.116850 0.116835 0.116898 0.117055 0.117320 0.117712 0.118248 0.118946 0.119828 0.120914 0.122231 0.123807 0.125675 0.127873 0.130448 0.133454 0.136958 0.141041 0.145803 0.151369 0.157895 0.165579 0.174673 0.185503 0.198491 0.214192 0.233339 0.256901 0.286161 0.322798 0.368940 0.427098 0.499732 0.587981 0.688858 0.790916 0.871676 0.904596 0.877159 0.801942 0.705554 0.610538 0.528410 0.462235 0.410954 0.372197 0.343552 0.322998 0.308973 0.300319 0.296190 0.295977 0.299229 0.305590 0.314743 0.326355 0.340042 0.355346 0.371775 0.388899 0.406533 0.424986 0.445341 0.469746 0.501770 0.547008 0.614324 0.718523 0.886137 1.168040 1.665507 2.562019 3.966135 4.901168 3.956327 2.542289 1.635647 1.127798 0.835295 0.657006 0.542340 0.465205 0.411367 0.372597 0.343864 0.321935 0.304635 0.290454 0.278323 0.267486 0.257427 0.247816 0.238464 0.229292 0.220294 0.211508 0.202992 0.194808 0.187008 0.179633 0.172708 0.166245 0.160242 0.154689 0.149570 0.144865 0.140548 0.136597 0.132987 0.129696 0.126700 0.123981 0.121519 0.119300 0.117309 0.115533 0.113963 0.112589 0.111406 0.110409 0.109593 0.108959 0.108506 0.108235 0.108151 0.108258 0.108565 0.109081 0.109817 0.110788 0.112009 0.113501 0.115287 0.117394 0.119852 0.122697 0.125969 0.129716 0.133991 0.138856 0.144381 0.150648 0.157755 0.165816 0.174976 0.185421 0.197405 0.211286 0.227596 0.247150 0.271223 0.301865 0.342439 0.398640 0.480488 0.606489 0.812606 1.170754 1.811374 2.811695 3.477516 2.806053 1.800191 1.154235 0.791065 0.580353 0.450293 0.365012 0.306063 0.263443 0.231433 0.206600 0.186795 0.170625
0.271535 0.293652 0.319449 0.350123 0.387457 0.434217 0.494869 0.577039 0.694685 0.875739 1.182991 1.780952 3.195059 7.377040 14.324992 7.438272 3.310996 1.940189 1.372251 1.083269 0.912719 0.802656 0.729604 0.683221 0.658780 0.654243 0.668793 0.701404 0.748565 0.801006 0.841763 0.851119 0.819584 0.755827 0.678685 0.604110 0.540144 0.488746 0.448897 0.418604 0.395804 0.378661 0.365624 0.355400 0.346921 0.339331 0.331982 0.324439 0.316465 0.307993 0.299083 0.289871 0.280528 0.271220 0.262096 0.253274 0.244848 0.236888 0.229448 0.222574 0.216304 0.210674 0.205721 0.201488 0.198023 0.195386 0.193654 0.192925 0.193326 0.195030 0.198261 0.203323 0.210623 0.220707 0.234304 0.252376 0.276145 0.307061 0.346541 0.395232 0.451365 0.508225 0.552642 0.569070 0.550162 0.503249 0.443864 0.385160 0.333839 0.291652 0.257936 0.231257 0.210149 0.193369 0.179937 0.169104 0.160305 0.153110 0.147197 0.142317 0.138278 0.134932 0.132162 0.129871 0.127985 0.126440 0.125182 0.124167 0.123355 0.122710 0.122202 0.121803 0.121485 0.121226 0.121006 0.120805 0.120610 0.120410 0.120196 0.119964 0.119715 0.119453 0.119183 0.118917 0.118666 0.118444 0.118268 0.118152 0.118116 0.118175 0.118348 0.118654 0.119111 0.119740 0.120561 0.121600 0.122880 0.124434 0.126296 0.128506 0.131114 0.134179 0.137773 0.141985 0.146925 0.152734 0.159587 0.167714 0.177408 0.189061 0.203190 0.220497 0.241944 0.268867 0.303145 0.347448 0.405563 0.482779 0.586039 0.722987 0.897382 1.096629 1.272930 1.348062 1.278585 1.108009 0.914628 0.746313 0.615741 0.519239 0.449261 0.398971 0.363203 0.338306 0.321765 0.311869 0.307462 0.307770 0.312263 0.320557 0.332317 0.347163 0.364585 0.383872 0.404108 0.424285 0.443567 0.461685 0.479346 0.498527 0.522634 0.556661 0.607647 0.685759 0.806265 0.992015 1.272745 1.664406 2.089791 2.291575 2.076713 1.637998 1.232529 0.937350 0.736449 0.600200 0.506095 0.439512 0.391232 0.355385 0.328135 0.306901 0.289893 0.275842 0.263834 0.253214 0.243520 0.234440 0.225777 0.217422 0.209330 0.201496 0.193939 0.186687 0.179769 0.173211 0.167029 0.161233 0.155822 0.150791 0.146129 0.141822 0.137853 0.134205 0.130859 0.127797 0.125003 0.122461 0.120156 0.118075 0.116207 0.114543 0.113074 0.111794 0.110698 0.109782 0.109045 0.108486 0.108108 0.107912 0.107904 0.108091 0.108481 0.109085 0.109917 0.110992 0.112330 0.113952 0.115884 0.118156 0.120804 0.123866 0.127389 0.131424 0.136032 0.141280 0.147245 0.154011 0.161677 0.170354 0.180170 0.191283 0.203894 0.218277 0.234834 0.254183 0.277295 0.305723 0.341961 0.390019 0.456368 0.551394 0.691137 0.896719 1.179584 1.485000 1.630215 1.478156 1.166012 0.876664 0.664985 0.519691 0.419818 0.349464 0.298340 0.260005 0.230406 0.206941 0.187901 0.172137
0.280715 0.303652 0.330226 0.361562 0.399322 0.446017 0.505573 0.584383 0.693370 0.852286 1.098951 1.508267 2.215274 3.299016 4.038755 3.391965 2.388545 1.739480 1.362134 1.125291 0.962616 0.845236 0.760041 0.700093 0.661078 0.639978 0.634308 0.641290 0.656798 0.674405 0.685573 0.682139 0.660363 0.623008 0.577184 0.530225 0.487100 0.450117 0.419733 0.395423 0.376268 0.361259 0.349426 0.339902 0.331934 0.324894 0.318289 0.311757 0.305069 0.298106 0.290841 0.283310 0.275588 0.267767 0.259945 0.252217 0.244671 0.237391 0.230455 0.223936 0.217903 0.212422 0.207560 0.203385 0.199968 0.197392 0.195757 0.195185 0.195837 0.197922 0.201727 0.207641 0.216207 0.228183 0.244649 0.267144 0.297862 0.339874 0.397220 0.474348 0.573437 0.687095 0.787345 0.828411 0.784861 0.682111 0.565922 0.464257 0.384489 0.324424 0.279598 0.245952 0.220397 0.200721 0.185365 0.173231 0.163538 0.155726 0.149384 0.144209 0.139973 0.136500 0.133656 0.131335 0.129449 0.127931 0.126721 0.125769 0.125033 0.124472 0.124053 0.123743 0.123511 0.123332 0.123180 0.123034 0.122877 0.122694 0.122477 0.122221 0.121926 0.121598 0.121245 0.120881 0.120520 0.120181 0.119882 0.119642 0.119482 0.119422 0.119481 0.119679 0.120038 0.120578 0.121322 0.122293 0.123520 0.125034 0.126871 0.129073 0.131692 0.134790 0.138445 0.142751 0.147829 0.153830 0.160951 0.169445 0.179647 0.192006 0.207133 0.225872 0.249419 0.279499 0.318667 0.370791 0.441884 0.541474 0.684761 0.895214 1.203765 1.627084 2.084343 2.306067 2.090161 1.638797 1.221530 0.919270 0.715439 0.579207 0.487217 0.424400 0.381376 0.352308 0.333527 0.322711 0.318397 0.319673 0.325990 0.337008 0.352460 0.372012 0.395086 0.420686 0.447284 0.472892 0.495476 0.513677 0.527598 0.539218 0.552242 0.571619 0.603173 0.653584 0.730478 0.841620 0.990712 1.165631 1.320551 1.380560 1.303934 1.131948 0.939092 0.770829 0.639039 0.540001 0.466297 0.411174 0.369465 0.337430 0.312400 0.292460 0.276221 0.262664 0.251039 0.240792 0.231522 0.222947 0.214877 0.207194 0.199830 0.192757 0.185967 0.179468 0.173271 0.167388 0.161830 0.156600 0.151700 0.147125 0.142869 0.138920 0.135267 0.131896 0.128794 0.125947 0.123342 0.120968 0.118811 0.116863 0.115115 0.113558 0.112188 0.110998 0.109986 0.109149 0.108488 0.108003 0.107697 0.107574 0.107640 0.107903 0.108374 0.109065 0.109991 0.111169 0.112622 0.114373 0.116452 0.118893 0.121734 0.125021 0.128806 0.133148 0.138116 0.143784 0.150240 0.157577 0.165898 0.175313 0.185940 0.197906 0.211350 0.226447 0.243434 0.262682 0.284794 0.310769 0.342211 0.381594 0.432533 0.499879 0.589024 0.702753 0.832729 0.946692 0.991679 0.938276 0.816022 0.678026 0.556737 0.460713 0.387418 0.331684 0.288818 0.255261 0.228469 0.206659 0.188584 0.173361
0.290330 0.314043 0.341267 0.373014 0.410752 0.456636 0.513884 0.587395 0.684754 0.817786 1.004401 1.267971 1.621767 2.009661 2.240186 2.163194 1.904514 1.634519 1.401318 1.202598 1.036135 0.902134 0.798785 0.722211 0.667956 0.631893 0.610340 0.599740 0.596182 0.595129 0.591727 0.581880 0.563635 0.537801 0.507236 0.475362 0.444967 0.417745 0.394406 0.374984 0.359131 0.346323 0.335979 0.327527 0.320439 0.314256 0.308590 0.303137 0.297674 0.292051 0.286184 0.280038 0.273621 0.266969 0.260141 0.253214 0.246276 0.239424 0.232759 0.226382 0.220393 0.214890 0.209964 0.205708 0.202216 0.199589 0.197947 0.197433 0.198234 0.200597 0.204863 0.211505 0.221201 0.234939 0.254189 0.281191 0.319439 0.374484 0.455192 0.575267 0.752776 0.997444 1.261974 1.388730 1.259487 0.992454 0.745250 0.565157 0.442433 0.358993 0.301117 0.259918 0.229827 0.207333 0.190173 0.176858 0.166378 0.158037 0.151341 0.145933 0.141550 0.137995 0.135118 0.132800 0.130950 0.129491 0.128360 0.127504 0.126875 0.126431 0.126132 0.125943 0.125828 0.125756 0.125698 0.125628 0.125524 0.125368 0.125151 0.124866 0.124516 0.124106 0.123649 0.123162 0.122664 0.122177 0.121725 0.121332 0.121019 0.120811 0.120730 0.120797 0.121034 0.121464 0.122109 0.122995 0.124149 0.125602 0.127393 0.129564 0.132169 0.135273 0.138955 0.143316 0.148483 0.154618 0.161929 0.170693 0.181277 0.194177 0.210080 0.229954 0.255200 0.287900 0.331251 0.390343 0.473644 0.595931 0.784426 1.092040 1.624648 2.574385 4.054976 5.043173 4.060942 2.586401 1.642887 1.116767 0.816011 0.634855 0.520523 0.445946 0.396529 0.364024 0.343601 0.332374 0.328636 0.331421 0.340252 0.354959 0.375517 0.401838 0.433480 0.469251 0.506805 0.542489 0.571909 0.591436 0.600062 0.600302 0.597414 0.597660 0.606876 0.629858 0.670098 0.728976 0.803458 0.882219 0.943340 0.961033 0.922934 0.840684 0.739357 0.640186 0.553910 0.483215 0.426868 0.382388 0.347255 0.319318 0.296865 0.278565 0.263398 0.250582 0.239520 0.229760 0.220965 0.212888 0.205354 0.198247 0.191492 0.185046 0.178887 0.173008 0.167409 0.162093 0.157063 0.152319 0.147861 0.143687 0.139789 0.136161 0.132793 0.129676 0.126799 0.124152 0.121725 0.119508 0.117493 0.115671 0.114036 0.112583 0.111307 0.110204 0.109272 0.108512 0.107924 0.107509 0.107273 0.107220 0.107357 0.107695 0.108244 0.109018 0.110035 0.111315 0.112880 0.114759 0.116984 0.119594 0.122632 0.126150 0.130209 0.134876 0.140232 0.146364 0.153374 0.161370 0.170472 0.180798 0.192465 0.205578 0.220222 0.236457 0.254332 0.273922 0.295414 0.319225 0.346155 0.377498 0.415032 0.460689 0.515617 0.578182 0.640953 0.688924 0.704234 0.678453 0.620118 0.547246 0.475083 0.411387 0.358184 0.314709 0.279314 0.250323 0.226324 0.206212 0.189148 0.174502
0.300676 0.325208 0.353066 0.385124 0.422630 0.467370 0.521898 0.589839 0.676255 0.787906 0.932771 1.117082 1.336664 1.563045 1.743597 1.838513 1.844112 1.759702 1.588218 1.369941 1.158558 0.983450 0.849421 0.750687 0.679564 0.629377 0.594806 0.571491 0.555569 0.543425 0.531780 0.518087 0.500999 0.480544 0.457832 0.434447 0.411877 0.391194 0.372983 0.357427 0.344429 0.333730 0.324984 0.317817 0.311858 0.306762 0.302216 0.297954 0.293751 0.289432 0.284863 0.279952 0.274651 0.268949 0.262876 0.256496 0.249904 0.243218 0.236569 0.230094 0.223926 0.218195 0.213022 0.208521 0.204806 0.201994 0.200219 0.199641 0.200466 0.202969 0.207534 0.214706 0.225279 0.240448 0.262058 0.293061 0.338386 0.406649 0.513749 0.690605 0.999116 1.551629 2.414631 2.989629 2.412141 1.546634 0.991581 0.680479 0.500964 0.391118 0.320003 0.271702 0.237577 0.212679 0.194034 0.179775 0.168687 0.159951 0.153004 0.147444 0.142980 0.139398 0.136534 0.134264 0.132488 0.131126 0.130112 0.129389 0.128906 0.128617 0.128479 0.128450 0.128491 0.128564 0.128632 0.128665 0.128634 0.128519 0.128306 0.127988 0.127568 0.127055 0.126466 0.125823 0.125152 0.124480 0.123838 0.123252 0.122752 0.122363 0.122111 0.122018 0.122107 0.122402 0.122926 0.123704 0.124763 0.126135 0.127857 0.129974 0.132538 0.135617 0.139290 0.143663 0.148864 0.155063 0.162477 0.171396 0.182207 0.195439 0.211829 0.232429 0.258781 0.293221 0.339416 0.403398 0.495633 0.635561 0.862531 1.265639 2.079171 4.052222 9.967076 19.823768 9.973171 4.064504 2.097828 1.290962 0.894924 0.675560 0.543922 0.460845 0.407105 0.372505 0.351347 0.340378 0.337780 0.342657 0.354744 0.374238 0.401635 0.437504 0.482057 0.534390 0.591358 0.646545 0.690615 0.714543 0.714764 0.695858 0.667895 0.641302 0.623583 0.618792 0.628150 0.650375 0.681247 0.712897 0.734353 0.734991 0.709972 0.663046 0.603710 0.541750 0.483827 0.433090 0.390252 0.354762 0.325582 0.301596 0.281779 0.265260 0.251324 0.239392 0.229008 0.219812 0.211527 0.203945 0.196912 0.190317 0.184088 0.178174 0.172548 0.167192 0.162098 0.157263 0.152684 0.148359 0.144288 0.140465 0.136886 0.133546 0.130437 0.127551 0.124881 0.122419 0.120157 0.118088 0.116205 0.114503 0.112976 0.111620 0.110434 0.109414 0.108560 0.107872 0.107353 0.107006 0.106836 0.106850 0.107055 0.107463 0.108086 0.108941 0.110046 0.111422 0.113097 0.115100 0.117470 0.120248 0.123484 0.127239 0.131581 0.136590 0.142362 0.149004 0.156637 0.165400 0.175437 0.186899 0.199925 0.214622 0.231039 0.249131 0.268737 0.289584 0.311355 0.333827 0.357053 0.381496 0.407968 0.437272 0.469466 0.502844 0.533033 0.553211 0.556538 0.540060 0.506765 0.463621 0.417741 0.373989 0.334721 0.300562 0.271246 0.246159 0.224630 0.206049 0.189904 0.175779
0.312143 0.337654 0.366271 0.398713 0.436013 0.479643 0.531652 0.594834 0.672851 0.770231 0.892003 1.042641 1.224520 1.437959 1.685613 1.969858 2.241552 2.327605 2.100409 1.712452 1.358411 1.095954 0.912372 0.784562 0.694726 0.630960 0.585346 0.552354 0.527829 0.508460 0.491596 0.475284 0.458372 0.440520 0.422036 0.403590 0.385926 0.369654 0.355170 0.342646 0.332078 0.323337 0.316218 0.310471 0.305830 0.302025 0.298794 0.295887 0.293070 0.290131 0.286885 0.283179 0.278906 0.274011 0.268496 0.262422 0.255904 0.249092 0.242162 0.235299 0.228681 0.222475 0.216833 0.211891 0.207780 0.204626 0.202573 0.201789 0.202488 0.204963 0.209623 0.217057 0.228141 0.244212 0.267389 0.301170 0.351651 0.430173 0.559726 0.792390 1.265166 2.416144 5.872557 11.634396 5.870067 2.411146 1.257626 0.782253 0.546919 0.414606 0.333210 0.279723 0.242780 0.216264 0.196652 0.181800 0.170347 0.161392 0.154322 0.148708 0.144241 0.140694 0.137899 0.135723 0.134066 0.132846 0.131992 0.131446 0.131156 0.131070 0.131142 0.131325 0.131571 0.131835 0.132074 0.132247 0.132318 0.132261 0.132057 0.131699 0.131191 0.130546 0.129787 0.128945 0.128052 0.127147 0.126265 0.125442 0.124710 0.124100 0.123639 0.123352 0.123264 0.123397 0.123775 0.124420 0.125362 0.126630 0.128260 0.130297 0.132793 0.135813 0.139440 0.143777 0.148955 0.155144 0.162565 0.171512 0.182378 0.195704 0.212244 0.233080 0.259805 0.294845 0.342045 0.407789 0.503326 0.650005 0.892503 1.337756 2.297824 5.037307 19.820634 19.823552 19.826836 5.049809 2.316829 1.363578 0.925582 0.690924 0.552839 0.466859 0.411891 0.377011 0.356245 0.346284 0.345400 0.352915 0.368955 0.394335 0.430502 0.479407 0.543075 0.622428 0.714748 0.809754 0.887287 0.923585 0.907611 0.851030 0.778212 0.709881 0.656744 0.621655 0.603243 0.598045 0.601222 0.606790 0.608258 0.600149 0.579843 0.548406 0.509645 0.468132 0.427616 0.390417 0.357571 0.329243 0.305121 0.284686 0.267366 0.252618 0.239958 0.228976 0.219328 0.210739 0.202985 0.195894 0.189335 0.183209 0.177446 0.171998 0.166830 0.161923 0.157263 0.152841 0.148653 0.144695 0.140961 0.137450 0.134156 0.131073 0.128198 0.125523 0.123043 0.120751 0.118643 0.116711 0.114953 0.113363 0.111937 0.110675 0.109573 0.108631 0.107850 0.107231 0.106778 0.106494 0.106387 0.106462 0.106732 0.107206 0.107899 0.108830 0.110017 0.111486 0.113265 0.115389 0.117898 0.120841 0.124275 0.128267 0.132898 0.138264 0.144478 0.151673 0.160004 0.169649 0.180803 0.193678 0.208476 0.225360 0.244397 0.265479 0.288234 0.311962 0.335669 0.358279 0.378989 0.397621 0.414677 0.430966 0.446917 0.461883 0.473815 0.479645 0.476472 0.463032 0.440432 0.411580 0.379866 0.348068 0.317950 0.290375 0.265596 0.243533 0.223955 0.206584 0.191148 0.177401
0.325232 0.352036 0.381708 0.414798 0.452133 0.494935 0.544943 0.604545 0.676909 0.766151 0.877699 1.019398 1.204973 1.463682 1.862310 2.533083 3.559012 4.219401 3.471105 2.371409 1.651915 1.233885 0.981602 0.819925 0.710913 0.634596 0.579654 0.539116 0.508316 0.483921 0.463481 0.445253 0.428125 0.411553 0.395441 0.379980 0.365481 0.352253 0.340519 0.330400 0.321912 0.314989 0.309502 0.305284 0.302135 0.299838 0.298157 0.296845 0.295641 0.294283 0.292513 0.290101 0.286865 0.282693 0.277563 0.271540 0.264776 0.257480 0.249899 0.242284 0.234876 0.227889 0.221508 0.215891 0.211179 0.207505 0.205010 0.203859 0.204268 0.206526 0.211046 0.218428 0.229572 0.245865 0.269521 0.304244 0.356584 0.438995 0.577580 0.834852 1.393296 2.992502 11.635750 11.634427 11.633262 2.987507 1.385756 0.824711 0.564760 0.423399 0.338091 0.282713 0.244783 0.217728 0.197817 0.182806 0.171279 0.162308 0.155262 0.149704 0.145319 0.141877 0.139208 0.137181 0.135692 0.134661 0.134017 0.133701 0.133658 0.133835 0.134179 0.134637 0.135155 0.135675 0.136143 0.136506 0.136718 0.136743 0.136557 0.136149 0.135527 0.134710 0.133730 0.132628 0.131452 0.130248 0.129064 0.127943 0.126925 0.126045 0.125332 0.124813 0.124513 0.124453 0.124656 0.125145 0.125945 0.127085 0.128599 0.130530 0.132929 0.135858 0.139399 0.143653 0.148748 0.154851 0.162181 0.171024 0.181767 0.194938 0.211275 0.231828 0.258141 0.292546 0.338715 0.402676 0.494898 0.634820 0.861793 1.264914 2.078472 4.051562 9.966474 19.823246 9.972755 4.064229 2.097741 1.291120 0.895405 0.676467 0.545398 0.463080 0.410369 0.377176 0.357968 0.349739 0.351055 0.361615 0.382105 0.414243 0.460973 0.526742 0.617602 0.740320 0.898229 1.079963 1.242459 1.315249 1.259278 1.113944 0.950021 0.810799 0.707710 0.637208 0.591871 0.564347 0.548107 0.537357 0.527106 0.513587 0.494788 0.470631 0.442538 0.412606 0.382838 0.354705 0.329060 0.306242 0.286244 0.268860 0.253788 0.240704 0.229290 0.219262 0.210369 0.202400 0.195182 0.188575 0.182468 0.176776 0.171437 0.166402 0.161639 0.157124 0.152843 0.148783 0.144937 0.141299 0.137865 0.134631 0.131591 0.128741 0.126077 0.123594 0.121288 0.119154 0.117187 0.115384 0.113741 0.112255 0.110925 0.109749 0.108726 0.107858 0.107145 0.106590 0.106198 0.105974 0.105924 0.106058 0.106386 0.106922 0.107680 0.108680 0.109945 0.111500 0.113377 0.115615 0.118257 0.121359 0.124985 0.129211 0.134133 0.139863 0.146538 0.154324 0.163420 0.174062 0.186529 0.201134 0.218212 0.238074 0.260926 0.286720 0.314940 0.344372 0.373004 0.398328 0.418145 0.431548 0.439318 0.443333 0.445400 0.446330 0.445680 0.442123 0.434207 0.421122 0.403096 0.381266 0.357194 0.332379 0.307974 0.284719 0.263015 0.243025 0.224767 0.208177 0.193150 0.179565
0.340583 0.369207 0.400462 0.434688 0.472492 0.514887 0.563452 0.620491 0.689233 0.774230 0.882345 1.025439 1.227801 1.547650 2.146226 3.552454 7.744078 14.723522 7.678384 3.430658 1.984846 1.365781 1.042786 0.850168 0.724697 0.638020 0.575653 0.529339 0.493915 0.465921 0.442938 0.423278 0.405818 0.389890 0.375178 0.361608 0.349241 0.338187 0.328549 0.320391 0.313724 0.308513 0.304678 0.302105 0.300645 0.300115 0.300296 0.300926 0.301700 0.302279 0.302300 0.301418 0.299338 0.295868 0.290949 0.284669 0.277247 0.268993 0.260265 0.251419 0.242780 0.234623 0.227169 0.220596 0.215046 0.210648 0.207530 0.205844 0.205787 0.207630 0.211764 0.218763 0.229488 0.245265 0.268201 0.301788 0.352112 0.430511 0.559967 0.792559 1.265283 2.416227 5.872623 11.634458 5.870139 2.411240 1.257752 0.782424 0.547146 0.414898 0.333580 0.280182 0.243340 0.216938 0.197454 0.182747 0.171455 0.162680 0.155813 0.150424 0.146209 0.142945 0.140464 0.138641 0.137375 0.136587 0.136210 0.136184 0.136454 0.136966 0.137661 0.138478 0.139353 0.140215 0.140993 0.141617 0.142025 0.142167 0.142009 0.141539 0.140766 0.139719 0.138446 0.137004 0.135457 0.133869 0.132301 0.130808 0.129436 0.128225 0.127207 0.126411 0.125860 0.125574 0.125573 0.125878 0.126511 0.127499 0.128873 0.130672 0.132945 0.135751 0.139168 0.143292 0.148246 0.154190 0.161332 0.169944 0.180392 0.193171 0.208968 0.228749 0.253915 0.286547 0.329843 0.388895 0.472168 0.594443 0.782944 1.090583 1.623240 2.573055 4.053759 5.042111 4.060089 2.585825 1.642677 1.117038 0.816913 0.636591 0.523367 0.450271 0.402854 0.373081 0.356434 0.350508 0.354328 0.368081 0.393138 0.432341 0.490663 0.576381 0.702991 0.891519 1.169782 1.552774 1.967588 2.171179 1.981297 1.580337 1.211454 0.947581 0.773608 0.661379 0.589219 0.542586 0.511718 0.489781 0.471870 0.454609 0.436035 0.415460 0.393177 0.370033 0.347014 0.324964 0.304460 0.285807 0.269092 0.254253 0.241139 0.229561 0.219315 0.210204 0.202051 0.194697 0.188007 0.181871 0.176196 0.170911 0.165960 0.161300 0.156899 0.152734 0.148787 0.145047 0.141505 0.138152 0.134985 0.131997 0.129186 0.126546 0.124074 0.121767 0.119620 0.117629 0.115793 0.114108 0.112573 0.111184 0.109942 0.108847 0.107898 0.107097 0.106447 0.105952 0.105616 0.105446 0.105449 0.105636 0.106018 0.106609 0.107426 0.108490 0.109824 0.111458 0.113425 0.115767 0.118534 0.121785 0.125593 0.130046 0.135251 0.141343 0.148486 0.156885 0.166796 0.178536 0.192499 0.209164 0.229094 0.252907 0.281181 0.314231 0.351687 0.391855 0.431121 0.464135 0.485609 0.493194 0.488941 0.477726 0.464275 0.451328 0.439500 0.428050 0.415774 0.401676 0.385314 0.366825 0.346753 0.325807 0.304675 0.283924 0.263972 0.245097 0.227461 0.211139 0.196144 0.182442
0.359022 0.390308 0.424011 0.460177 0.499110 0.541594 0.589128 0.644144 0.710255 0.792726 0.899685 1.045356 1.259040 1.612653 2.322694 4.282911 14.788577 14.764734 14.725584 4.166644 2.168921 1.438258 1.078328 0.868499 0.732892 0.639268 0.571673 0.521224 0.482501 0.451960 0.427180 0.406481 0.388718 0.373148 0.359331 0.347039 0.336189 0.326768 0.318798 0.312301 0.307283 0.303729 0.301598 0.300821 0.301293 0.302865 0.305329 0.308402 0.311716 0.314816 0.317180 0.318275 0.317625 0.314904 0.309998 0.303039 0.294372 0.284482 0.273910 0.263173 0.252714 0.242885 0.233945 0.226077 0.219417 0.214069 0.210137 0.207740 0.207041 0.208276 0.211790 0.218092 0.227950 0.242532 0.263664 0.294280 0.339294 0.407311 0.514220 0.690933 0.999342 1.551788 2.414755 2.989747 2.412279 1.546816 0.991830 0.680817 0.501412 0.391699 0.320739 0.272616 0.238693 0.214025 0.195637 0.181667 0.170901 0.162528 0.155984 0.150877 0.146919 0.143904 0.141674 0.140112 0.139125 0.138639 0.138592 0.138927 0.139590 0.140525 0.141671 0.142956 0.144304 0.145625 0.146826 0.147812 0.148496 0.148806 0.148693 0.148140 0.147163 0.145806 0.144137 0.142240 0.140204 0.138116 0.136057 0.134093 0.132282 0.130667 0.129284 0.128158 0.127312 0.126762 0.126525 0.126617 0.127058 0.127870 0.129079 0.130722 0.132842 0.135495 0.138752 0.142702 0.147462 0.153178 0.160044 0.168310 0.178309 0.190488 0.205455 0.224055 0.247481 0.277460 0.316545 0.368606 0.439657 0.539227 0.682521 0.893010 1.201632 1.625062 2.082484 2.304433 2.088830 1.637868 1.221131 0.919566 0.716649 0.581620 0.491224 0.430532 0.390372 0.365201 0.351793 0.348492 0.354861 0.371608 0.400802 0.446456 0.515794 0.621847 0.788962 1.064714 1.544503 2.401569 3.738452 4.632155 3.749469 2.423622 1.577597 1.108770 0.843703 0.686637 0.589427 0.526913 0.484996 0.455180 0.432060 0.412160 0.393380 0.374665 0.355716 0.336709 0.318038 0.300124 0.283301 0.267778 0.253645 0.240894 0.229450 0.219202 0.210019 0.201768 0.194320 0.187559 0.181380 0.175697 0.170434 0.165532 0.160941 0.156625 0.152553 0.148702 0.145056 0.141603 0.138331 0.135234 0.132306 0.129541 0.126936 0.124486 0.122189 0.120041 0.118039 0.116182 0.114466 0.112890 0.111452 0.110153 0.108993 0.107971 0.107090 0.106351 0.105759 0.105317 0.105032 0.104911 0.104962 0.105196 0.105625 0.106265 0.107135 0.108254 0.109650 0.111354 0.113401 0.115837 0.118716 0.122102 0.126077 0.130740 0.136213 0.142652 0.150252 0.159264 0.170010 0.182909 0.198508 0.217521 0.240871 0.269719 0.305427 0.349336 0.402109 0.462288 0.524062 0.575933 0.604263 0.602520 0.576915 0.540689 0.504822 0.474458 0.450278 0.430824 0.414079 0.398261 0.382135 0.365052 0.346860 0.327744 0.308085 0.288328 0.268902 0.250166 0.232390 0.215749 0.200336 0.186178
0.381618 0.416906 0.454479 0.493911 0.534997 0.578146 0.624776 0.677631 0.740996 0.821029 0.926707 1.072417 1.284922 1.623579 2.247408 3.678612 7.885908 14.865715 7.806374 3.535740 2.064806 1.422627 1.080202 0.871910 0.733922 0.637169 0.566582 0.513519 0.472627 0.440390 0.414411 0.393022 0.375065 0.359754 0.346580 0.335232 0.325540 0.317421 0.310849 0.305824 0.302354 0.300451 0.300115 0.301329 0.304043 0.308155 0.313481 0.319722 0.326428 0.332982 0.338616 0.342482 0.343787 0.341962 0.336802 0.328522 0.317705 0.305149 0.291705 0.278138 0.265058 0.252902 0.241956 0.232393 0.224310 0.217769 0.212823 0.209542 0.208038 0.208491 0.211177 0.216518 0.225146 0.238010 0.256548 0.282975 0.320762 0.375442 0.455869 0.575732 0.753091 0.997662 1.262141 1.388891 1.259678 0.992713 0.745611 0.565652 0.443095 0.359855 0.302212 0.261281 0.231495 0.209345 0.192572 0.179690 0.169696 0.161899 0.155811 0.151084 0.147465 0.144766 0.142848 0.141606 0.140956 0.140836 0.141189 0.141966 0.143116 0.144585 0.146308 0.148206 0.150183 0.152128 0.153914 0.155409 0.156486 0.157039 0.156997 0.156333 0.155072 0.153282 0.151068 0.148552 0.145862 0.143118 0.140424 0.137865 0.135508 0.133401 0.131578 0.130063 0.128872 0.128018 0.127511 0.127363 0.127586 0.128197 0.129220 0.130683 0.132625 0.135095 0.138159 0.141897 0.146414 0.151844 0.158359 0.166182 0.175607 0.187019 0.200936 0.218057 0.239342 0.266129 0.300296 0.344513 0.402570 0.479757 0.583023 0.720013 0.894496 1.093884 1.270391 1.345809 1.276717 1.106652 0.913944 0.746511 0.617095 0.522112 0.454140 0.406515 0.374323 0.354272 0.344379 0.343733 0.352411 0.371581 0.403873 0.454233 0.531739 0.653658 0.855286 1.216840 1.949538 3.728981 9.064728 17.956751 9.073463 3.746395 1.975487 1.251044 0.897242 0.702527 0.586205 0.512352 0.462923 0.427936 0.401468 0.379862 0.360886 0.343261 0.326368 0.310015 0.294248 0.279210 0.265055 0.251897 0.239792 0.228741 0.218705 0.209615 0.201384 0.193920 0.187132 0.180932 0.175241 0.169989 0.165118 0.160576 0.156322 0.152323 0.148553 0.144989 0.141617 0.138422 0.135395 0.132529 0.129817 0.127254 0.124836 0.122559 0.120421 0.118418 0.116550 0.114813 0.113207 0.111730 0.110384 0.109166 0.108080 0.107125 0.106305 0.105623 0.105082 0.104689 0.104449 0.104371 0.104463 0.104738 0.105208 0.105891 0.106804 0.107971 0.109420 0.111182 0.113298 0.115814 0.118788 0.122293 0.126414 0.131263 0.136977 0.143732 0.151757 0.161349 0.172905 0.186960 0.204245 0.225777 0.252982 0.287867 0.333210 0.392642 0.470151 0.567726 0.678957 0.779361 0.828809 0.804934 0.729840 0.643335 0.569490 0.514184 0.474788 0.446618 0.425364 0.407695 0.391273 0.374631 0.357029 0.338288 0.318621 0.298464 0.278324 0.258676 0.239900 0.222258 0.205902 0.190890
0.409757 0.451197 0.495042 0.540047 0.585034 0.629619 0.675014 0.724542 0.783706 0.860122 0.963851 1.108744 1.315562 1.618887 2.082605 2.821337 3.890225 4.549712 3.761282 2.602151 1.822143 1.351786 1.057537 0.863073 0.728361 0.631512 0.559808 0.505428 0.463323 0.430106 0.403438 0.381681 0.363681 0.348635 0.336000 0.325421 0.316684 0.309670 0.304332 0.300665 0.298697 0.298478 0.300066 0.303515 0.308861 0.316082 0.325059 0.335506 0.346898 0.358402 0.368864 0.376903 0.381139 0.380534 0.374700 0.364031 0.349572 0.332707 0.314817 0.297052 0.280240 0.264899 0.251304 0.239571 0.229719 0.221727 0.215569 0.211242 0.208788 0.208314 0.210013 0.214199 0.221350 0.232173 0.247702 0.269440 0.299553 0.341087 0.398065 0.474918 0.573812 0.687346 0.787534 0.828594 0.785088 0.682431 0.566381 0.464897 0.385353 0.325556 0.281043 0.247755 0.222608 0.203392 0.188552 0.176997 0.167954 0.160869 0.155342 0.151080 0.147869 0.145548 0.143999 0.143132 0.142881 0.143192 0.144023 0.145335 0.147085 0.149225 0.151688 0.154388 0.157211 0.160012 0.162619 0.164843 0.166494 0.167410 0.167478 0.166658 0.164990 0.162584 0.159601 0.156226 0.152647 0.149029 0.145510 0.142195 0.139159 0.136451 0.134102 0.132130 0.130541 0.129340 0.128529 0.128110 0.128090 0.128479 0.129293 0.130555 0.132296 0.134560 0.137403 0.140895 0.145130 0.150224 0.156328 0.163634 0.172391 0.182921 0.195644 0.211113 0.230058 0.253448 0.282568 0.319095 0.365161 0.423279 0.495913 0.584209 0.685186 0.787407 0.868408 0.901664 0.874679 0.800064 0.704466 0.610483 0.529707 0.465301 0.416348 0.380671 0.356135 0.341117 0.334637 0.336405 0.346908 0.367620 0.401472 0.453818 0.534500 0.662541 0.878059 1.277373 2.141850 4.612071 17.946473 17.949491 17.953307 4.625637 2.161932 1.303590 0.909814 0.698938 0.574255 0.495162 0.442058 0.404449 0.376274 0.353855 0.334924 0.318111 0.302636 0.288108 0.274373 0.261403 0.249226 0.237877 0.227373 0.217710 0.208856 0.200766 0.193379 0.186629 0.180449 0.174774 0.169542 0.164700 0.160198 0.155996 0.152058 0.148355 0.144864 0.141564 0.138442 0.135484 0.132681 0.130025 0.127510 0.125130 0.122883 0.120764 0.118770 0.116901 0.115153 0.113527 0.112021 0.110635 0.109370 0.108227 0.107207 0.106313 0.105548 0.104915 0.104420 0.104069 0.103868 0.103826 0.103953 0.104262 0.104766 0.105483 0.106432 0.107638 0.109128 0.110938 0.113108 0.115688 0.118740 0.122340 0.126582 0.131585 0.137500 0.144525 0.152916 0.163019 0.175302 0.190420 0.209304 0.233313 0.264490 0.305980 0.362734 0.442617 0.557730 0.724000 0.950028 1.194420 1.319045 1.220257 1.001558 0.800883 0.659331 0.567872 0.509992 0.472851 0.447744 0.428874 0.412401 0.395898 0.378054 0.358451 0.337311 0.315238 0.292961 0.271158 0.250356 0.230903 0.212983 0.196655
0.445189 0.496294 0.550628 0.605504 0.657719 0.705037 0.748033 0.791163 0.842408 0.912264 1.013331 1.160959 1.374024 1.672777 2.066607 2.520642 2.901345 2.974859 2.639543 2.114971 1.639195 1.282021 1.028040 0.847884 0.718112 0.622725 0.551176 0.496486 0.453959 0.420367 0.393456 0.371631 0.353759 0.339041 0.326922 0.317034 0.309142 0.303120 0.298916 0.296545 0.296069 0.297593 0.301260 0.307231 0.315676 0.326725 0.340407 0.356540 0.374582 0.393453 0.411425 0.426180 0.435201 0.436477 0.429231 0.414242 0.393526 0.369598 0.344777 0.320788 0.298703 0.279059 0.262032 0.247587 0.235592 0.225889 0.218333 0.212820 0.209299 0.207791 0.208396 0.211313 0.216864 0.225525 0.237969 0.255112 0.278142 0.308475 0.347507 0.395865 0.451764 0.508476 0.552822 0.569248 0.550401 0.503609 0.444400 0.385927 0.334889 0.293039 0.259717 0.233488 0.212891 0.196687 0.183903 0.173797 0.165811 0.159529 0.154639 0.150907 0.148161 0.146271 0.145141 0.144704 0.144909 0.145721 0.147115 0.149067 0.151550 0.154528 0.157941 0.161699 0.165667 0.169660 0.173441 0.176732 0.179241 0.180709 0.180953 0.179907 0.177636 0.174323 0.170227 0.165638 0.160830 0.156037 0.151437 0.147157 0.143276 0.139838 0.136865 0.134358 0.132314 0.130721 0.129570 0.128854 0.128568 0.128714 0.129300 0.130342 0.131863 0.133900 0.136498 0.139718 0.143639 0.148361 0.154011 0.160749 0.168780 0.178362 0.189823 0.203579 0.220158 0.240220 0.264578 0.294195 0.330122 0.373313 0.424196 0.481853 0.542786 0.599776 0.642272 0.659959 0.648450 0.612245 0.561781 0.507737 0.457487 0.414706 0.380537 0.354835 0.337013 0.326516 0.323064 0.326807 0.338489 0.359703 0.393352 0.444559 0.522516 0.644559 0.846027 1.207156 1.939170 3.717658 9.052161 17.942624 9.057430 3.728078 1.954489 1.226963 0.869705 0.671240 0.551016 0.473319 0.420381 0.382531 0.354135 0.331751 0.313222 0.297196 0.282844 0.269686 0.257462 0.246043 0.235377 0.225441 0.216221 0.207696 0.199838 0.192610 0.185967 0.179860 0.174236 0.169048 0.164247 0.159790 0.155637 0.151755 0.148114 0.144688 0.141457 0.138403 0.135512 0.132773 0.130175 0.127712 0.125377 0.123166 0.121074 0.119099 0.117238 0.115490 0.113853 0.112327 0.110912 0.109608 0.108417 0.107340 0.106379 0.105538 0.104821 0.104231 0.103775 0.103459 0.103290 0.103278 0.103434 0.103769 0.104300 0.105042 0.106018 0.107252 0.108773 0.110617 0.112826 0.115453 0.118561 0.122231 0.126561 0.131678 0.137745 0.144974 0.153649 0.164152 0.177017 0.193003 0.213225 0.239373 0.274118 0.321868 0.390269 0.493359 0.658344 0.939587 1.435663 2.204950 2.722997 2.232197 1.490201 1.021447 0.767428 0.629256 0.551998 0.507571 0.480761 0.462542 0.447187 0.431103 0.412386 0.390537 0.366086 0.340118 0.313837 0.288273 0.264152 0.241895 0.221678 0.203506
0.489975 0.556542 0.629070 0.702414 0.768965 0.821750 0.859377 0.888852 0.923711 0.980266 1.076214 1.232687 1.477850 1.846496 2.356477 2.919651 3.240417 3.066966 2.563713 2.022257 1.576402 1.243982 1.003997 0.831026 0.704871 0.611304 0.540665 0.486423 0.444123 0.410678 0.383919 0.362306 0.344739 0.330439 0.318860 0.309636 0.302535 0.297437 0.294309 0.293196 0.294214 0.297548 0.303455 0.312256 0.324329 0.340072 0.359824 0.383709 0.411367 0.441570 0.471800 0.498096 0.515618 0.520168 0.510053 0.486966 0.455106 0.419311 0.383539 0.350302 0.320826 0.295461 0.274077 0.256328 0.241814 0.230158 0.221045 0.214235 0.209568 0.206963 0.206422 0.208030 0.211967 0.218510 0.228044 0.241054 0.258091 0.279654 0.305943 0.336374 0.368860 0.399135 0.420990 0.428348 0.418601 0.394331 0.361587 0.326552 0.293458 0.264362 0.239808 0.219556 0.203055 0.189699 0.178934 0.170296 0.163408 0.157975 0.153768 0.150611 0.148372 0.146954 0.146288 0.146329 0.147047 0.148430 0.150476 0.153185 0.156557 0.160578 0.165209 0.170366 0.175900 0.181577 0.187070 0.191964 0.195797 0.198135 0.198666 0.197273 0.194074 0.189382 0.183633 0.177285 0.170752 0.164360 0.158336 0.152822 0.147892 0.143573 0.139862 0.136740 0.134178 0.132149 0.130625 0.129584 0.129011 0.128896 0.129239 0.130046 0.131332 0.133125 0.135461 0.138389 0.141975 0.146300 0.151469 0.157612 0.164890 0.173504 0.183698 0.195773 0.210090 0.227071 0.247193 0.270945 0.298751 0.330798 0.366747 0.405320 0.443847 0.478099 0.502904 0.513779 0.508953 0.490308 0.462441 0.430653 0.399316 0.371273 0.348017 0.330154 0.317845 0.311133 0.310158 0.315333 0.327507 0.348207 0.380024 0.427312 0.497509 0.603784 0.770560 1.045450 1.523856 2.378998 3.713373 4.603924 3.717371 2.386872 1.535351 1.060157 0.787893 0.622941 0.517435 0.446663 0.397131 0.361050 0.333696 0.312099 0.294346 0.279200 0.265862 0.253833 0.242810 0.232614 0.223144 0.214342 0.206167 0.198590 0.191577 0.185096 0.179109 0.173578 0.168463 0.163724 0.159325 0.155229 0.151405 0.147825 0.144463 0.141298 0.138311 0.135487 0.132812 0.130275 0.127868 0.125584 0.123415 0.121359 0.119411 0.117567 0.115827 0.114190 0.112653 0.111217 0.109884 0.108653 0.107527 0.106509 0.105600 0.104805 0.104128 0.103574 0.103150 0.102862 0.102719 0.102729 0.102906 0.103260 0.103809 0.104569 0.105562 0.106813 0.108352 0.110216 0.112448 0.115102 0.118242 0.121952 0.126335 0.131520 0.137679 0.145035 0.153886 0.164645 0.177887 0.194446 0.215567 0.243189 0.280467 0.332840 0.410359 0.533290 0.747414 1.172950 2.194016 5.236953 10.301933 5.266649 2.253734 1.263282 0.869087 0.686916 0.596047 0.549635 0.525681 0.511807 0.500064 0.485336 0.465027 0.438860 0.408251 0.375383 0.342376 0.310824 0.281685 0.255392 0.232013 0.211403
0.546139 0.637667 0.742912 0.853244 0.951205 1.016456 1.041058 1.039119 1.038415 1.066861 1.149619 1.317131 1.621242 2.163049 3.124205 4.604825 5.597081 4.650428 3.185979 2.202697 1.609130 1.235130 0.986243 0.813295 0.689046 0.597368 0.528208 0.475052 0.433547 0.400710 0.374457 0.353313 0.336225 0.322446 0.311452 0.302894 0.296558 0.292342 0.290246 0.290358 0.292865 0.298057 0.306341 0.318259 0.334504 0.355910 0.383402 0.417819 0.459512 0.507587 0.558761 0.606296 0.640366 0.651358 0.635154 0.595871 0.543119 0.486720 0.433408 0.386462 0.346767 0.313964 0.287207 0.265562 0.248185 0.234379 0.223595 0.215424 0.209574 0.205856 0.204169 0.204496 0.206889 0.211470 0.218411 0.227912 0.240147 0.255162 0.272706 0.291980 0.311377 0.328384 0.339932 0.343359 0.337584 0.323660 0.304222 0.282308 0.260400 0.240069 0.222073 0.206618 0.193604 0.182792 0.173905 0.166677 0.160874 0.156299 0.152794 0.150236 0.148533 0.147618 0.147451 0.148011 0.149294 0.151317 0.154106 0.157700 0.162137 0.167448 0.173635 0.180646 0.188337 0.196430 0.204476 0.211851 0.217799 0.221566 0.222583 0.220636 0.215941 0.209070 0.200779 0.191823 0.182829 0.174242 0.166336 0.159249 0.153024 0.147649 0.143078 0.139253 0.136114 0.133605 0.131677 0.130289 0.129411 0.129022 0.129108 0.129669 0.130710 0.132247 0.134309 0.136933 0.140170 0.144086 0.148763 0.154303 0.160829 0.168490 0.177462 0.187953 0.200194 0.214439 0.230936 0.249893 0.271402 0.295322 0.321119 0.347679 0.373182 0.395171 0.410975 0.418468 0.416863 0.407051 0.391269 0.372308 0.352762 0.334612 0.319170 0.307218 0.299215 0.295487 0.296389 0.302443 0.314484 0.333841 0.362615 0.404122 0.463634 0.549617 0.675674 0.862876 1.139037 1.519113 1.930119 2.128906 1.933097 1.524950 1.147490 0.873564 0.688060 0.562986 0.477068 0.416481 0.372513 0.339636 0.314271 0.294056 0.277410 0.263271 0.250926 0.239905 0.229900 0.220717 0.212232 0.204365 0.197063 0.190286 0.183999 0.178169 0.172764 0.167751 0.163099 0.158775 0.154749 0.150992 0.147478 0.144183 0.141085 0.138166 0.135410 0.132801 0.130329 0.127982 0.125753 0.123635 0.121622 0.119709 0.117892 0.116170 0.114541 0.113004 0.111558 0.110204 0.108943 0.107777 0.106708 0.105739 0.104874 0.104117 0.103473 0.102948 0.102548 0.102281 0.102156 0.102182 0.102371 0.102737 0.103295 0.104063 0.105063 0.106320 0.107865 0.109734 0.111972 0.114631 0.117779 0.121499 0.125893 0.131097 0.137281 0.144674 0.153582 0.164425 0.177796 0.194558 0.216006 0.244173 0.282403 0.336547 0.417649 0.548728 0.784741 1.285818 2.700390 10.290208 10.305539 10.323282 2.767276 1.387948 0.924122 0.727668 0.638222 0.599663 0.586459 0.583549 0.580160 0.568696 0.545492 0.511140 0.469274 0.424450 0.380466 0.339710 0.303289 0.271435 0.243897 0.220213
0.614614 0.745984 0.911576 1.101801 1.278198 1.377572 1.366417 1.284764 1.203879 1.174152 1.225490 1.393414 1.758004 2.539505 4.456038 10.192360 19.738764 10.195323 4.448941 2.502093 1.668613 1.230653 0.966387 0.791925 0.669732 0.580600 0.513648 0.462229 0.422056 0.390252 0.364830 0.344392 0.327946 0.314788 0.304431 0.296552 0.290964 0.287595 0.286483 0.287775 0.291739 0.298790 0.309523 0.324765 0.345646 0.373668 0.410758 0.459199 0.521235 0.597887 0.686350 0.775977 0.845889 0.871439 0.840988 0.766171 0.671632 0.578244 0.496649 0.429643 0.376199 0.334064 0.300941 0.274894 0.254407 0.238337 0.225839 0.216300 0.209280 0.204478 0.201694 0.200817 0.201797 0.204634 0.209357 0.215989 0.224503 0.234749 0.246355 0.258619 0.270429 0.280304 0.286642 0.288157 0.284344 0.275680 0.263420 0.249138 0.234280 0.219920 0.206718 0.194995 0.184844 0.176220 0.169013 0.163091 0.158320 0.154581 0.151775 0.149824 0.148670 0.148280 0.148637 0.149749 0.151642 0.154366 0.157989 0.162597 0.168294 0.175180 0.183342 0.192806 0.203484 0.215087 0.227033 0.238378 0.247855 0.254086 0.255967 0.253074 0.245837 0.235362 0.223030 0.210113 0.197554 0.185935 0.175544 0.166462 0.158657 0.152032 0.146473 0.141860 0.138088 0.135062 0.132704 0.130952 0.129757 0.129083 0.128906 0.129213 0.130001 0.131277 0.133059 0.135372 0.138257 0.141761 0.145948 0.150894 0.156689 0.163441 0.171271 0.180312 0.190706 0.202587 0.216067 0.231193 0.247901 0.265945 0.284813 0.303657 0.321279 0.336229 0.347062 0.352697 0.352758 0.347719 0.338762 0.327447 0.315348 0.303811 0.293863 0.286239 0.281465 0.279968 0.282176 0.288621 0.300039 0.317497 0.342560 0.377510 0.425654 0.491661 0.581707 0.702603 0.857666 1.035462 1.192805 1.259063 1.194971 1.039684 0.863723 0.710151 0.590269 0.500614 0.434213 0.384718 0.347277 0.318397 0.295611 0.277182 0.261887 0.248869 0.237528 0.227452 0.218356 0.210050 0.202405 0.195335 0.188778 0.182690 0.177033 0.171776 0.166890 0.162345 0.158116 0.154175 0.150496 0.147058 0.143836 0.140811 0.137964 0.135279 0.132741 0.130337 0.128056 0.125889 0.123828 0.121865 0.119997 0.118217 0.116523 0.114913 0.113385 0.111938 0.110574 0.109292 0.108094 0.106984 0.105963 0.105036 0.104207 0.103480 0.102861 0.102356 0.101973 0.101720 0.101605 0.101638 0.101832 0.102201 0.102759 0.103526 0.104523 0.105775 0.107312 0.109171 0.111396 0.114041 0.117170 0.120866 0.125233 0.130402 0.136543 0.143880 0.152716 0.163462 0.176698 0.193264 0.214411 0.242089 0.279469 0.332013 0.409805 0.533159 0.747927 1.174427 2.196924 5.241964 10.310019 5.279194 2.272700 1.291401 0.910067 0.745579 0.678199 0.661317 0.671345 0.691315 0.705655 0.701307 0.672149 0.621326 0.558108 0.492236 0.430391 0.375753 0.329072 0.289839 0.257061 0.229667
0.692925 0.884609 1.160712 1.535908 1.944287 2.163882 2.029483 1.712813 1.444000 1.301298 1.291755 1.432986 1.808692 2.707322 5.343060 19.643253 19.636598 19.624732 5.298075 2.621423 1.662014 1.199093 0.933352 0.763001 0.645576 0.560552 0.496831 0.447874 0.409566 0.379192 0.354893 0.335374 0.319716 0.307274 0.297601 0.290413 0.285554 0.282990 0.282803 0.285200 0.290542 0.299378 0.312518 0.331131 0.356900 0.392246 0.440638 0.506935 0.597540 0.719505 0.876284 1.056161 1.214775 1.279546 1.210149 1.046903 0.862383 0.700944 0.574295 0.478973 0.407917 0.354713 0.314486 0.283756 0.260082 0.241761 0.227598 0.216752 0.208631 0.202819 0.199028 0.197062 0.196792 0.198132 0.201014 0.205360 0.211045 0.217852 0.225421 0.233200 0.240442 0.246255 0.249752 0.250259 0.247515 0.241752 0.233614 0.223956 0.213635 0.203361 0.193637 0.184774 0.176924 0.170137 0.164394 0.159647 0.155833 0.152890 0.150763 0.149411 0.148810 0.148951 0.149847 0.151534 0.154071 0.157547 0.162083 0.167832 0.174985 0.183763 0.194395 0.207079 0.221894 0.238652 0.256688 0.274625 0.290294 0.301040 0.304562 0.299933 0.288085 0.271329 0.252323 0.233242 0.215464 0.199657 0.186007 0.174431 0.164727 0.156655 0.149984 0.144509 0.140056 0.136485 0.133680 0.131553 0.130033 0.129070 0.128627 0.128678 0.129211 0.130225 0.131725 0.133729 0.136263 0.139362 0.143072 0.147446 0.152549 0.158453 0.165237 0.172983 0.181767 0.191649 0.202658 0.214762 0.227838 0.241630 0.255714 0.269479 0.282140 0.292826 0.300717 0.305235 0.306194 0.303869 0.298935 0.292311 0.284983 0.277869 0.271738 0.267207 0.264771 0.264855 0.267882 0.274328 0.284796 0.300086 0.321273 0.349785 0.387465 0.436499 0.499038 0.576040 0.664746 0.754768 0.825766 0.853728 0.827293 0.757725 0.668936 0.581159 0.504672 0.442115 0.392399 0.353244 0.322325 0.297669 0.277717 0.261283 0.247481 0.235657 0.225332 0.216164 0.207906 0.200387 0.193482 0.187108 0.181202 0.175716 0.170616 0.165869 0.161448 0.157329 0.153488 0.149901 0.146548 0.143409 0.140464 0.137695 0.135087 0.132625 0.130296 0.128088 0.125990 0.123994 0.122091 0.120276 0.118543 0.116888 0.115308 0.113801 0.112365 0.111000 0.109708 0.108490 0.107347 0.106283 0.105302 0.104407 0.103605 0.102899 0.102297 0.101804 0.101430 0.101181 0.101068 0.101101 0.101292 0.101654 0.102204 0.102960 0.103943 0.105177 0.106694 0.108529 0.110724 0.113331 0.116416 0.120058 0.124357 0.129439 0.135469 0.142661 0.151300 0.161775 0.174624 0.190616 0.210880 0.237127 0.272059 0.320124 0.389036 0.492924 0.659130 0.942213 1.441033 2.214378 2.738389 2.256306 1.526978 1.076503 0.848603 0.747175 0.720282 0.741869 0.795068 0.861233 0.914311 0.926059 0.882759 0.795497 0.689255 0.585309 0.494422 0.419280 0.358646 0.310043 0.270977 0.239335
0.771588 1.043105 1.504173 2.315044 3.571208 4.424956 3.651886 2.482460 1.771942 1.436171 1.334502 1.416980 1.725488 2.463352 4.342040 10.045829 19.568591 10.015100 4.274155 2.345248 1.536111 1.123104 0.880883 0.724285 0.615860 0.537059 0.477767 0.432023 0.396089 0.367502 0.344586 0.326168 0.311424 0.299773 0.290822 0.284327 0.280171 0.278356 0.279010 0.282402 0.288979 0.299430 0.314780 0.336564 0.367088 0.409893 0.470506 0.557724 0.685605 0.875880 1.157203 1.544999 1.964272 2.165059 1.959890 1.536229 1.144030 0.858284 0.663557 0.531184 0.439425 0.374206 0.326719 0.291414 0.264734 0.244342 0.228674 0.216661 0.207561 0.200857 0.196179 0.193266 0.191927 0.192016 0.193405 0.195961 0.199520 0.203856 0.208656 0.213508 0.217903 0.221289 0.223144 0.223090 0.220979 0.216930 0.211291 0.204549 0.197224 0.189782 0.182590 0.175905 0.169886 0.164617 0.160130 0.156423 0.153480 0.151278 0.149798 0.149028 0.148970 0.149641 0.151081 0.153352 0.156552 0.160813 0.166320 0.173314 0.182108 0.193095 0.206748 0.223584 0.244075 0.268426 0.296154 0.325464 0.352662 0.372353 0.379262 0.371130 0.350226 0.321835 0.291357 0.262494 0.237048 0.215502 0.197654 0.183030 0.171105 0.161402 0.153517 0.147122 0.141960 0.137829 0.134571 0.132067 0.130225 0.128975 0.128266 0.128064 0.128345 0.129099 0.130322 0.132022 0.134215 0.136922 0.140175 0.144009 0.148467 0.153595 0.159441 0.166047 0.173449 0.181662 0.190670 0.200404 0.210730 0.221423 0.232153 0.242486 0.251909 0.259882 0.265925 0.269716 0.271161 0.270435 0.267946 0.264264 0.260031 0.255876 0.252369 0.250002 0.249200 0.250342 0.253800 0.259972 0.269321 0.282408 0.299919 0.322667 0.351542 0.387347 0.430406 0.479832 0.532408 0.581555 0.617687 0.631423 0.618718 0.583530 0.535157 0.483093 0.433824 0.390470 0.353819 0.323443 0.298439 0.277823 0.260696 0.246303 0.234040 0.223432 0.214119 0.205829 0.198358 0.191558 0.185322 0.179569 0.174241 0.169293 0.164690 0.160402 0.156404 0.152675 0.149191 0.145935 0.142888 0.140031 0.137349 0.134826 0.132447 0.130200 0.128071 0.126051 0.124129 0.122297 0.120546 0.118872 0.117267 0.115730 0.114255 0.112843 0.111491 0.110200 0.108971 0.107806 0.106709 0.105683 0.104731 0.103860 0.103075 0.102381 0.101786 0.101297 0.100922 0.100670 0.100550 0.100574 0.100752 0.101100 0.101632 0.102367 0.103325 0.104531 0.106015 0.107809 0.109957 0.112508 0.115524 0.119081 0.123273 0.128221 0.134078 0.141042 0.149374 0.159426 0.171674 0.186785 0.205709 0.229835 0.261245 0.303147 0.360581 0.441542 0.558324 0.727133 0.956981 1.207076 1.340167 1.253901 1.053664 0.880141 0.778391 0.744943 0.770618 0.850737 0.981117 1.144689 1.292208 1.346147 1.263245 1.084625 0.885268 0.710950 0.573577 0.469335 0.390719 0.330929 0.284791 0.248598
0.831984 1.181849 1.874935 3.533685 8.468345 16.680336 8.543160 3.688536 2.121422 1.540741 1.338971 1.347786 1.544036 1.996896 2.875308 4.279598 5.213248 4.241756 2.793617 1.858373 1.325941 1.010859 0.811320 0.676719 0.581136 0.510510 0.456734 0.414866 0.381738 0.355238 0.333912 0.316742 0.303008 0.292206 0.283999 0.278188 0.274693 0.273554 0.274940 0.279173 0.286779 0.298562 0.315744 0.340190 0.374808 0.424270 0.496383 0.604813 0.774768 1.055285 1.544523 2.420643 3.789084 4.700794 3.784922 2.412310 1.532003 1.038555 0.753795 0.579551 0.466776 0.390246 0.336279 0.297048 0.267855 0.245763 0.228870 0.215906 0.206004 0.198559 0.193142 0.189439 0.187216 0.186287 0.186489 0.187665 0.189637 0.192194 0.195078 0.197980 0.200550 0.202428 0.203294 0.202919 0.201213 0.198238 0.194191 0.189360 0.184068 0.178625 0.173292 0.168271 0.163704 0.159684 0.156262 0.153465 0.151304 0.149785 0.148913 0.148699 0.149167 0.150357 0.152331 0.155182 0.159044 0.164100 0.170604 0.178905 0.189474 0.202945 0.220155 0.242175 0.270271 0.305688 0.348996 0.398666 0.448855 0.488097 0.502854 0.486736 0.446146 0.394634 0.343678 0.299128 0.262524 0.233299 0.210212 0.191994 0.177573 0.166104 0.156943 0.149605 0.143730 0.139043 0.135341 0.132469 0.130313 0.128784 0.127818 0.127370 0.127406 0.127907 0.128862 0.130269 0.132134 0.134468 0.137290 0.140622 0.144489 0.148916 0.153929 0.159546 0.165774 0.172604 0.179997 0.187875 0.196112 0.204523 0.212858 0.220813 0.228046 0.234216 0.239035 0.242315 0.244012 0.244243 0.243270 0.241462 0.239249 0.237070 0.235347 0.234461 0.234759 0.236557 0.240161 0.245886 0.254068 0.265080 0.279327 0.297218 0.319094 0.345079 0.374822 0.407118 0.439505 0.468113 0.488211 0.495686 0.488860 0.469337 0.441158 0.408976 0.376586 0.346371 0.319458 0.296119 0.276157 0.259164 0.244675 0.232246 0.221487 0.212075 0.203748 0.196300 0.189571 0.183441 0.177816 0.172627 0.167822 0.163360 0.159207 0.155337 0.151726 0.148356 0.145206 0.142259 0.139500 0.136912 0.134482 0.132195 0.130037 0.127998 0.126064 0.124227 0.122476 0.120802 0.119199 0.117659 0.116178 0.114751 0.113376 0.112051 0.110774 0.109548 0.108374 0.107254 0.106192 0.105193 0.104261 0.103403 0.102625 0.101933 0.101336 0.100840 0.100456 0.100191 0.100055 0.100060 0.100218 0.100541 0.101047 0.101751 0.102674 0.103840 0.105277 0.107018 0.109102 0.111577 0.114502 0.117946 0.121999 0.126770 0.132400 0.139067 0.147002 0.156511 0.167998 0.182014 0.199312 0.220942 0.248379 0.283702 0.329796 0.390450 0.469884 0.570436 0.686208 0.793482 0.853274 0.844938 0.793191 0.741847 0.721188 0.746846 0.831548 0.994014 1.260529 1.644461 2.065803 2.262965 2.039824 1.590897 1.175952 0.872729 0.664915 0.522484 0.422665 0.350695 0.297315 0.256673
0.852135 1.235988 2.049435 4.342689 16.635950 16.666510 16.703923 4.482803 2.270768 1.554218 1.292653 1.241566 1.334578 1.564077 1.927886 2.337777 2.527000 2.296300 1.839185 1.415396 1.102772 0.885217 0.733037 0.623816 0.543095 0.481825 0.434279 0.396740 0.366722 0.342519 0.322933 0.307113 0.294454 0.284534 0.277075 0.271922 0.269032 0.268479 0.270463 0.275348 0.283713 0.296446 0.314905 0.341192 0.378656 0.432842 0.513413 0.638359 0.844138 1.213345 1.963236 3.788523 9.269610 18.406490 9.265646 3.780585 1.951308 1.197400 0.824138 0.614256 0.485143 0.400329 0.341803 0.299880 0.268990 0.245751 0.228019 0.214387 0.203901 0.195897 0.189904 0.185576 0.182649 0.180915 0.180194 0.180318 0.181112 0.182389 0.183936 0.185519 0.186889 0.187804 0.188057 0.187500 0.186074 0.183810 0.180823 0.177291 0.173420 0.169416 0.165467 0.161728 0.158317 0.155321 0.152801 0.150796 0.149334 0.148438 0.148132 0.148443 0.149413 0.151101 0.153591 0.157002 0.161504 0.167331 0.174814 0.184419 0.196806 0.212912 0.234080 0.262230 0.300042 0.351049 0.419137 0.506219 0.605867 0.693709 0.729865 0.692180 0.602826 0.501699 0.413187 0.343729 0.291424 0.252394 0.223110 0.200890 0.183816 0.170537 0.160104 0.151847 0.145285 0.140071 0.135949 0.132731 0.130278 0.128486 0.127277 0.126594 0.126396 0.126655 0.127354 0.128482 0.130036 0.132021 0.134443 0.137313 0.140643 0.144444 0.148726 0.153491 0.158729 0.164418 0.170509 0.176929 0.183567 0.190275 0.196869 0.203132 0.208836 0.213760 0.217726 0.220622 0.222431 0.223235 0.223208 0.222601 0.221708 0.220842 0.220312 0.220413 0.221415 0.223573 0.227129 0.232317 0.239373 0.248531 0.260005 0.273965 0.290466 0.309349 0.330094 0.351656 0.372346 0.389899 0.401848 0.406212 0.402208 0.390556 0.373176 0.352472 0.330645 0.309322 0.289487 0.271600 0.255767 0.241885 0.229752 0.219130 0.209787 0.201513 0.194126 0.187478 0.181448 0.175940 0.170881 0.166210 0.161884 0.157865 0.154125 0.150639 0.147387 0.144350 0.141512 0.138858 0.136373 0.134043 0.131855 0.129797 0.127855 0.126019 0.124277 0.122619 0.121036 0.119518 0.118059 0.116650 0.115288 0.113967 0.112685 0.111439 0.110231 0.109061 0.107931 0.106846 0.105809 0.104825 0.103902 0.103046 0.102264 0.101563 0.100953 0.100441 0.100036 0.099748 0.099587 0.099564 0.099691 0.099982 0.100450 0.101114 0.101992 0.103107 0.104486 0.106160 0.108166 0.110548 0.113360 0.116668 0.120553 0.125112 0.130472 0.136788 0.144260 0.153145 0.163773 0.176580 0.192133 0.211182 0.234699 0.263924 0.300332 0.345435 0.400152 0.463409 0.529975 0.589232 0.628891 0.644507 0.645570 0.650587 0.679235 0.751632 0.895575 1.161547 1.650502 2.546658 3.958720 4.897750 3.935868 2.499832 1.577374 1.058444 0.757343 0.571708 0.450357 0.366934 0.307116 0.262689
0.821715 1.169555 1.860068 3.515494 8.445772 16.651840 8.506408 3.639851 2.054703 1.445298 1.194896 1.115577 1.140526 1.240387 1.386436 1.523309 1.569914 1.480895 1.296328 1.090798 0.910004 0.765943 0.654986 0.569845 0.503922 0.452209 0.411110 0.378081 0.351315 0.329516 0.311747 0.297331 0.285778 0.276749 0.270023 0.265489 0.263136 0.263063 0.265493 0.270813 0.279625 0.292853 0.311905 0.338974 0.377572 0.433577 0.517378 0.648737 0.869054 1.277470 2.163372 4.699579 18.405836 18.403848 18.402052 4.692002 2.151982 1.262239 0.849942 0.625692 0.490333 0.402449 0.342260 0.299351 0.267819 0.244117 0.226011 0.212039 0.201215 0.192850 0.186454 0.181664 0.178204 0.175857 0.174434 0.173769 0.173698 0.174054 0.174663 0.175343 0.175913 0.176203 0.176070 0.175417 0.174198 0.172430 0.170182 0.167565 0.164715 0.161772 0.158871 0.156130 0.153646 0.151497 0.149741 0.148425 0.147585 0.147257 0.147473 0.148277 0.149721 0.151881 0.154857 0.158793 0.163888 0.170427 0.178814 0.189634 0.203744 0.222426 0.247637 0.282426 0.331641 0.403023 0.508528 0.663921 0.877694 1.108642 1.219389 1.106908 0.874248 0.658806 0.501807 0.394777 0.321964 0.271421 0.235416 0.209103 0.189429 0.174433 0.162823 0.153727 0.146545 0.140856 0.136356 0.132826 0.130103 0.128070 0.126635 0.125734 0.125317 0.125349 0.125807 0.126673 0.127938 0.129597 0.131651 0.134101 0.136949 0.140196 0.143841 0.147875 0.152281 0.157028 0.162070 0.167337 0.172739 0.178160 0.183463 0.188493 0.193096 0.197126 0.200470 0.203062 0.204896 0.206032 0.206594 0.206752 0.206715 0.206709 0.206961 0.207694 0.209118 0.211429 0.214811 0.219435 0.225458 0.233015 0.242207 0.253067 0.265521 0.279322 0.293980 0.308696 0.322350 0.333591 0.341064 0.343738 0.341209 0.333828 0.322575 0.308754 0.293663 0.278373 0.263634 0.249893 0.237357 0.226070 0.215975 0.206966 0.198916 0.191696 0.185188 0.179290 0.173914 0.168988 0.164452 0.160261 0.156376 0.152767 0.149408 0.146278 0.143360 0.140637 0.138094 0.135719 0.133497 0.131416 0.129464 0.127630 0.125901 0.124266 0.122715 0.121236 0.119820 0.118457 0.117140 0.115861 0.114614 0.113394 0.112200 0.111028 0.109880 0.108757 0.107662 0.106599 0.105575 0.104596 0.103669 0.102802 0.102003 0.101281 0.100646 0.100105 0.099669 0.099348 0.099151 0.099091 0.099178 0.099425 0.099847 0.100461 0.101284 0.102338 0.103648 0.105243 0.107157 0.109431 0.112114 0.115265 0.118958 0.123278 0.128336 0.134265 0.141233 0.149448 0.159176 0.170745 0.184569 0.201158 0.221124 0.245156 0.273942 0.307963 0.347101 0.390050 0.433791 0.473897 0.506529 0.531646 0.555041 0.587821 0.645493 0.750517 0.942667 1.308428 2.073792 3.961580 9.657825 19.162042 9.638029 3.921259 2.011477 1.221919 0.829127 0.606776 0.468759 0.377026 0.312761 0.265824
0.751233 1.018761 1.474773 2.279133 3.526747 4.369000 3.580026 2.387816 1.643246 1.253920 1.062691 0.983912 0.974571 1.008939 1.063406 1.108918 1.115324 1.067695 0.976414 0.866117 0.757961 0.662729 0.583205 0.518282 0.465623 0.422853 0.387960 0.359353 0.335815 0.316422 0.300480 0.287473 0.277023 0.268867 0.262843 0.258874 0.256979 0.257273 0.259990 0.265516 0.274448 0.287688 0.306604 0.333305 0.371147 0.425680 0.506570 0.631812 0.837864 1.207325 1.957450 3.782954 9.264240 18.401301 9.260622 3.775707 1.946555 1.192751 0.819570 0.609743 0.480657 0.395835 0.337265 0.295256 0.264230 0.240799 0.222810 0.208845 0.197938 0.189414 0.182785 0.177691 0.173857 0.171062 0.169125 0.167881 0.167182 0.166880 0.166831 0.166892 0.166925 0.166806 0.166434 0.165738 0.164685 0.163281 0.161569 0.159620 0.157526 0.155385 0.153294 0.151343 0.149611 0.148166 0.147063 0.146349 0.146066 0.146253 0.146953 0.148216 0.150105 0.152705 0.156131 0.160542 0.166165 0.173321 0.182477 0.194321 0.209892 0.230799 0.259619 0.300657 0.361434 0.455822 0.610788 0.880304 1.362311 2.114782 2.616096 2.112796 1.358368 0.874460 0.603124 0.446441 0.350458 0.288223 0.245872 0.215886 0.193961 0.177512 0.164918 0.155127 0.147431 0.141345 0.136527 0.132729 0.129773 0.127525 0.125889 0.124789 0.124171 0.123993 0.124227 0.124850 0.125848 0.127209 0.128927 0.130998 0.133416 0.136175 0.139267 0.142677 0.146383 0.150354 0.154545 0.158896 0.163334 0.167767 0.172094 0.176205 0.179992 0.183358 0.186230 0.188567 0.190372 0.191689 0.192605 0.193243 0.193752 0.194295 0.195042 0.196158 0.197805 0.200130 0.203268 0.207340 0.212446 0.218658 0.226006 0.234461 0.243898 0.254072 0.264578 0.274834 0.284102 0.291557 0.296416 0.298107 0.296405 0.291490 0.283895 0.274356 0.263660 0.252504 0.241433 0.230818 0.220878 0.211715 0.203348 0.195745 0.188848 0.182587 0.176888 0.171684 0.166916 0.162529 0.158481 0.154734 0.151259 0.148030 0.145026 0.142230 0.139626 0.137200 0.134939 0.132830 0.130863 0.129026 0.127307 0.125694 0.124178 0.122745 0.121385 0.120087 0.118840 0.117634 0.116460 0.115310 0.114178 0.113057 0.111945 0.110841 0.109744 0.108658 0.107587 0.106535 0.105511 0.104522 0.103576 0.102684 0.101854 0.101098 0.100423 0.099842 0.099362 0.098996 0.098753 0.098644 0.098680 0.098875 0.099242 0.099796 0.100555 0.101538 0.102769 0.104273 0.106084 0.108236 0.110776 0.113756 0.117238 0.121301 0.126036 0.131556 0.138000 0.145534 0.154363 0.164731 0.176932 0.191302 0.208214 0.228037 0.251070 0.277405 0.306748 0.338231 0.370386 0.401574 0.430999 0.460051 0.493355 0.539372 0.611611 0.732844 0.947566 1.359675 2.270655 4.901495 19.163355 19.154277 19.146399 4.867142 2.218048 1.287604 0.854616 0.617685 0.473500 0.378876 0.313167 0.265483
0.662842 0.848686 1.117415 1.483163 1.879217 2.082386 1.925512 1.577106 1.261722 1.047398 0.921128 0.857526 0.836068 0.840570 0.855940 0.866786 0.859740 0.828311 0.775349 0.709947 0.641771 0.577502 0.520376 0.471227 0.429641 0.394715 0.365464 0.340983 0.320513 0.303435 0.289264 0.277626 0.268244 0.260924 0.255553 0.252088 0.250567 0.251113 0.253958 0.259470 0.268209 0.281006 0.299102 0.324377 0.359753 0.409910 0.482665 0.591686 0.762190 1.043215 1.532924 2.409480 3.778323 4.690399 3.774857 2.402539 1.522487 1.029250 0.744655 0.570523 0.457804 0.381263 0.327211 0.287809 0.258348 0.235875 0.218468 0.204838 0.194094 0.185602 0.178902 0.173651 0.169583 0.166487 0.164188 0.162535 0.161390 0.160626 0.160120 0.159757 0.159432 0.159049 0.158534 0.157833 0.156921 0.155798 0.154492 0.153049 0.151532 0.150012 0.148560 0.147246 0.146135 0.145284 0.144744 0.144560 0.144777 0.145436 0.146585 0.148277 0.150583 0.153592 0.157426 0.162256 0.168323 0.175972 0.185710 0.198296 0.214894 0.237353 0.268728 0.314341 0.384095 0.498044 0.701605 1.114212 2.117729 5.130476 10.152469 5.128180 2.113174 1.107468 0.692778 0.487267 0.371524 0.300152 0.253107 0.220493 0.196985 0.179520 0.166235 0.155948 0.147878 0.141497 0.136432 0.132422 0.129274 0.126846 0.125034 0.123758 0.122959 0.122591 0.122621 0.123021 0.123774 0.124864 0.126279 0.128010 0.130046 0.132378 0.134992 0.137870 0.140989 0.144317 0.147814 0.151431 0.155107 0.158771 0.162347 0.165756 0.168922 0.171780 0.174280 0.176398 0.178138 0.179536 0.180654 0.181581 0.182425 0.183306 0.184348 0.185677 0.187410 0.189659 0.192521 0.196078 0.200389 0.205489 0.211369 0.217972 0.225169 0.232744 0.240383 0.247672 0.254119 0.259206 0.262463 0.263552 0.262341 0.258928 0.253612 0.246831 0.239070 0.230789 0.222373 0.214113 0.206203 0.198758 0.191833 0.185437 0.179554 0.174150 0.169185 0.164618 0.160409 0.156522 0.152925 0.149592 0.146498 0.143625 0.140955 0.138473 0.136166 0.134024 0.132033 0.130184 0.128467 0.126869 0.125382 0.123993 0.122691 0.121464 0.120300 0.119188 0.118116 0.117071 0.116045 0.115026 0.114008 0.112985 0.111952 0.110908 0.109855 0.108795 0.107735 0.106680 0.105639 0.104624 0.103643 0.102709 0.101832 0.101025 0.100296 0.099659 0.099123 0.098699 0.098397 0.098228 0.098204 0.098337 0.098638 0.099124 0.099809 0.100712 0.101854 0.103259 0.104956 0.106977 0.109363 0.112158 0.115420 0.119212 0.123614 0.128718 0.134636 0.141501 0.149465 0.158711 0.169440 0.181875 0.196240 0.212734 0.231484 0.252479 0.275505 0.300117 0.325742 0.351997 0.379247 0.409301 0.446112 0.496594 0.572218 0.693007 0.897878 1.273422 2.046124 3.939365 9.639670 19.146938 9.625252 3.910289 2.001937 1.213537 0.821700 0.600151 0.462819 0.371678 0.307930 0.261448
0.575311 0.699144 0.855267 1.033437 1.194241 1.273059 1.234183 1.114109 0.978200 0.866474 0.789489 0.743693 0.721384 0.714080 0.713160 0.710335 0.698934 0.675588 0.640951 0.598648 0.553226 0.508494 0.466879 0.429545 0.396791 0.368441 0.344101 0.323318 0.305656 0.290732 0.278225 0.267880 0.259505 0.252966 0.248189 0.245158 0.243926 0.244615 0.247443 0.252745 0.261020 0.272991 0.289715 0.312746 0.344411 0.388263 0.449842 0.537952 0.666662 0.857705 1.139741 1.528197 1.948077 2.149420 1.944754 1.521540 1.129730 0.844308 0.649835 0.517638 0.425969 0.360742 0.313134 0.277581 0.250505 0.229546 0.213113 0.200103 0.189736 0.181449 0.174824 0.169545 0.165366 0.162092 0.159561 0.157631 0.156182 0.155101 0.154285 0.153640 0.153081 0.152534 0.151942 0.151263 0.150478 0.149583 0.148596 0.147549 0.146487 0.145461 0.144526 0.143737 0.143146 0.142804 0.142757 0.143047 0.143719 0.144815 0.146384 0.148482 0.151180 0.154569 0.158774 0.163964 0.170385 0.178386 0.188486 0.201465 0.218530 0.241614 0.273954 0.321270 0.394439 0.516232 0.741168 1.228330 2.622377 10.155777 10.154435 10.153095 2.617061 1.220471 0.730900 0.503725 0.379894 0.304913 0.256025 0.222359 0.198192 0.180279 0.166666 0.156124 0.147845 0.141282 0.136055 0.131894 0.128600 0.126028 0.124070 0.122643 0.121684 0.121146 0.120992 0.121191 0.121722 0.122567 0.123710 0.125139 0.126839 0.128797 0.130998 0.133422 0.136046 0.138841 0.141770 0.144793 0.147860 0.150916 0.153905 0.156767 0.159449 0.161905 0.164102 0.166026 0.167681 0.169094 0.170312 0.171400 0.172437 0.173510 0.174712 0.176134 0.177866 0.179986 0.182564 0.185654 0.189289 0.193479 0.198198 0.203381 0.208911 0.214612 0.220246 0.225519 0.230100 0.233655 0.235890 0.236597 0.235694 0.233235 0.229398 0.224449 0.218696 0.212445 0.205969 0.199487 0.193162 0.187101 0.181370 0.175999 0.170995 0.166349 0.162043 0.158054 0.154357 0.150931 0.147753 0.144804 0.142067 0.139527 0.137171 0.134987 0.132965 0.131095 0.129367 0.127773 0.126302 0.124945 0.123691 0.122529 0.121448 0.120435 0.119477 0.118560 0.117671 0.116796 0.115924 0.115042 0.114142 0.113215 0.112259 0.111270 0.110250 0.109204 0.108139 0.107064 0.105989 0.104928 0.103892 0.102896 0.101953 0.101076 0.100276 0.099567 0.098958 0.098462 0.098089 0.097849 0.097753 0.097813 0.098040 0.098448 0.099051 0.099866 0.100911 0.102209 0.103784 0.105665 0.107888 0.110492 0.113525 0.117042 0.121108 0.125799 0.131205 0.137427 0.144583 0.152803 0.162230 0.173009 0.185280 0.199157 0.214703 0.231907 0.250672 0.270842 0.292315 0.315255 0.340430 0.369620 0.406109 0.455372 0.526320 0.633960 0.805183 1.091501 1.595397 2.502504 3.922648 4.867721 3.910438 2.477972 1.558345 1.041708 0.742503 0.558464 0.438478 0.356236 0.297452 0.253936
0.498249 0.580724 0.674658 0.770695 0.850340 0.891743 0.884697 0.839812 0.779281 0.721795 0.676652 0.645732 0.626916 0.616298 0.609314 0.601512 0.589356 0.570947 0.546296 0.516930 0.485073 0.452868 0.421936 0.393281 0.367385 0.344378 0.324179 0.306606 0.291440 0.278461 0.267476 0.258321 0.250872 0.245043 0.240793 0.238127 0.237102 0.237836 0.240524 0.245458 0.253059 0.263925 0.278901 0.299185 0.326482 0.363233 0.412921 0.480418 0.572137 0.695137 0.852877 1.033645 1.193082 1.258606 1.189892 1.027256 0.843266 0.682273 0.555976 0.460903 0.389980 0.336778 0.296405 0.265358 0.241170 0.222105 0.206931 0.194760 0.184945 0.177005 0.170577 0.165381 0.161197 0.157848 0.155188 0.153090 0.151447 0.150160 0.149142 0.148316 0.147612 0.146972 0.146350 0.145713 0.145046 0.144344 0.143619 0.142894 0.142202 0.141581 0.141074 0.140727 0.140583 0.140686 0.141077 0.141799 0.142892 0.144399 0.146369 0.148857 0.151931 0.155680 0.160223 0.165724 0.172414 0.180630 0.190867 0.203873 0.220800 0.243491 0.274995 0.320636 0.390316 0.504100 0.707415 1.119708 2.122860 5.135202 10.156768 5.132040 2.116595 1.110458 0.695350 0.489439 0.373317 0.301587 0.254206 0.221276 0.197471 0.179725 0.166174 0.155632 0.147316 0.140693 0.135390 0.131141 0.127749 0.125071 0.122997 0.121445 0.120350 0.119662 0.119344 0.119364 0.119696 0.120322 0.121223 0.122383 0.123787 0.125420 0.127265 0.129301 0.131508 0.133857 0.136318 0.138856 0.141432 0.144001 0.146521 0.148949 0.151244 0.153375 0.155320 0.157068 0.158626 0.160012 0.161263 0.162425 0.163557 0.164724 0.165993 0.167431 0.169104 0.171068 0.173371 0.176046 0.179111 0.182561 0.186365 0.190460 0.194746 0.199084 0.203296 0.207173 0.210490 0.213024 0.214587 0.215045 0.214345 0.212518 0.209672 0.205975 0.201627 0.196836 0.191793 0.186664 0.181577 0.176628 0.171881 0.167375 0.163129 0.159147 0.155427 0.151959 0.148730 0.145727 0.142936 0.140344 0.137941 0.135714 0.133656 0.131757 0.130008 0.128403 0.126933 0.125591 0.124367 0.123253 0.122239 0.121313 0.120463 0.119675 0.118935 0.118227 0.117536 0.116844 0.116138 0.115402 0.114625 0.113798 0.112915 0.111974 0.110978 0.109931 0.108843 0.107726 0.106595 0.105464 0.104350 0.103269 0.102236 0.101267 0.100376 0.099576 0.098878 0.098294 0.097835 0.097512 0.097333 0.097309 0.097452 0.097774 0.098286 0.099005 0.099946 0.101129 0.102576 0.104312 0.106367 0.108775 0.111577 0.114818 0.118553 0.122842 0.127757 0.133375 0.139787 0.147086 0.155373 0.164747 0.175301 0.187106 0.200211 0.214629 0.230354 0.247398 0.265881 0.286174 0.309104 0.336210 0.370058 0.414683 0.476308 0.564576 0.694558 0.889216 1.178625 1.578992 2.012313 2.218374 2.001986 1.558302 1.147525 0.847689 0.642685 0.502628 0.404845 0.334644 0.282813 0.243539
0.434226 0.490416 0.550053 0.607225 0.653256 0.679657 0.682839 0.666545 0.639364 0.609955 0.584021 0.563908 0.549487 0.539168 0.530680 0.521680 0.510260 0.495328 0.476755 0.455217 0.431852 0.407887 0.384367 0.362049 0.341399 0.322647 0.305860 0.291007 0.278001 0.266738 0.257110 0.249024 0.242407 0.237210 0.233417 0.231046 0.230155 0.230851 0.233303 0.237752 0.244540 0.254135 0.267173 0.284517 0.307322 0.337116 0.375841 0.425798 0.489243 0.567205 0.656888 0.747647 0.818606 0.845118 0.815542 0.741508 0.647654 0.554845 0.473712 0.407040 0.353785 0.311675 0.278392 0.251972 0.230864 0.213885 0.200141 0.188956 0.179818 0.172333 0.166199 0.161176 0.157073 0.153733 0.151028 0.148847 0.147095 0.145687 0.144550 0.143617 0.142833 0.142151 0.141533 0.140955 0.140401 0.139869 0.139367 0.138912 0.138529 0.138250 0.138108 0.138142 0.138389 0.138890 0.139681 0.140803 0.142294 0.144198 0.146559 0.149432 0.152879 0.156982 0.161848 0.167626 0.174523 0.182840 0.193019 0.205724 0.221972 0.243353 0.272436 0.313522 0.374141 0.468181 0.622632 0.891495 1.372743 2.124380 2.624814 2.120614 1.365287 0.880498 0.608313 0.450819 0.354069 0.291111 0.248082 0.217461 0.194939 0.177927 0.164799 0.154496 0.146308 0.139740 0.134445 0.130169 0.126727 0.123980 0.121820 0.120168 0.118958 0.118143 0.117681 0.117542 0.117699 0.118129 0.118815 0.119739 0.120884 0.122233 0.123771 0.125476 0.127329 0.129305 0.131378 0.133517 0.135690 0.137865 0.140006 0.142081 0.144062 0.145924 0.147653 0.149242 0.150694 0.152027 0.153266 0.154445 0.155607 0.156801 0.158075 0.159479 0.161059 0.162856 0.164901 0.167214 0.169802 0.172653 0.175736 0.178994 0.182346 0.185682 0.188873 0.191767 0.194208 0.196046 0.197156 0.197449 0.196890 0.195496 0.193336 0.190518 0.187175 0.183451 0.179480 0.175388 0.171274 0.167220 0.163283 0.159504 0.155906 0.152505 0.149304 0.146303 0.143498 0.140881 0.138448 0.136189 0.134098 0.132168 0.130393 0.128766 0.127283 0.125937 0.124723 0.123633 0.122660 0.121796 0.121030 0.120352 0.119749 0.119204 0.118702 0.118224 0.117750 0.117261 0.116738 0.116163 0.115519 0.114796 0.113986 0.113086 0.112099 0.111033 0.109900 0.108717 0.107500 0.106270 0.105047 0.103852 0.102702 0.101616 0.100609 0.099696 0.098890 0.098202 0.097642 0.097220 0.096946 0.096828 0.096878 0.097104 0.097519 0.098134 0.098965 0.100028 0.101342 0.102928 0.104812 0.107023 0.109594 0.112564 0.115977 0.119880 0.124331 0.129390 0.135124 0.141602 0.148897 0.157080 0.166215 0.176359 0.187554 0.199839 0.213263 0.227919 0.244012 0.261950 0.282468 0.306780 0.336752 0.375129 0.425815 0.494185 0.587203 0.712459 0.873740 1.058983 1.222086 1.287527 1.213342 1.041503 0.847558 0.677661 0.543976 0.442867 0.366950 0.309511 0.265440 0.231074
0.382377 0.421971 0.462082 0.499240 0.529177 0.548186 0.554775 0.550437 0.538842 0.524133 0.509527 0.496779 0.486302 0.477557 0.469489 0.460899 0.450773 0.438498 0.423958 0.407481 0.389683 0.371289 0.352976 0.335292 0.318625 0.303216 0.289192 0.276598 0.265426 0.255642 0.247199 0.240052 0.234165 0.229518 0.226111 0.223969 0.223149 0.223743 0.225890 0.229783 0.235686 0.243946 0.255017 0.269479 0.288057 0.311612 0.341091 0.377350 0.420758 0.470432 0.523096 0.572018 0.607374 0.619552 0.604429 0.566118 0.514220 0.458549 0.405825 0.359312 0.319878 0.287140 0.260225 0.238167 0.220080 0.205217 0.192967 0.182843 0.174458 0.167504 0.161735 0.156953 0.152997 0.149734 0.147051 0.144853 0.143059 0.141595 0.140399 0.139417 0.138601 0.137914 0.137326 0.136817 0.136375 0.135997 0.135691 0.135470 0.135354 0.135370 0.135548 0.135919 0.136519 0.137383 0.138547 0.140049 0.141928 0.144223 0.146979 0.150245 0.154078 0.158548 0.163747 0.169798 0.176875 0.185224 0.195212 0.207381 0.222552 0.241975 0.267589 0.302440 0.351387 0.422198 0.526871 0.681217 0.893780 1.123406 1.232768 1.118877 0.884817 0.668011 0.509702 0.401426 0.327439 0.275796 0.238760 0.211484 0.190909 0.175063 0.162649 0.152786 0.144864 0.138453 0.133239 0.128994 0.125545 0.122762 0.120546 0.118817 0.117516 0.116592 0.116007 0.115729 0.115730 0.115989 0.116485 0.117201 0.118119 0.119223 0.120495 0.121917 0.123470 0.125132 0.126879 0.128687 0.130529 0.132378 0.134208 0.135994 0.137713 0.139349 0.140890 0.142332 0.143678 0.144940 0.146137 0.147295 0.148445 0.149622 0.150862 0.152200 0.153670 0.155299 0.157107 0.159107 0.161297 0.163664 0.166177 0.168789 0.171434 0.174030 0.176476 0.178667 0.180491 0.181845 0.182643 0.182826 0.182369 0.181282 0.179610 0.177424 0.174815 0.171883 0.168726 0.165436 0.162092 0.158759 0.155490 0.152321 0.149279 0.146382 0.143639 0.141055 0.138633 0.136371 0.134267 0.132317 0.130520 0.128870 0.127366 0.126003 0.124779 0.123689 0.122729 0.121895 0.121180 0.120576 0.120074 0.119661 0.119325 0.119048 0.118810 0.118590 0.118363 0.118105 0.117791 0.117396 0.116902 0.116291 0.115553 0.114686 0.113694 0.112586 0.111379 0.110095 0.108757 0.107391 0.106022 0.104677 0.103376 0.102142 0.100992 0.099941 0.099004 0.098191 0.097513 0.096978 0.096596 0.096374 0.096320 0.096443 0.096752 0.097258 0.097974 0.098912 0.100089 0.101523 0.103235 0.105250 0.107595 0.110301 0.113403 0.116941 0.120958 0.125502 0.130622 0.136372 0.142804 0.149972 0.157923 0.166705 0.176363 0.186948 0.198533 0.211241 0.225287 0.241037 0.259078 0.280295 0.305956 0.337777 0.377962 0.429105 0.493749 0.573142 0.664514 0.756893 0.828620 0.854084 0.821194 0.742072 0.642371 0.543811 0.457452 0.386182 0.328902 0.283235 0.246756 0.217407
0.340725 0.369700 0.398214 0.424234 0.445536 0.460325 0.467883 0.468841 0.464879 0.458049 0.450134 0.442279 0.434941 0.428017 0.421057 0.413479 0.404764 0.394590 0.382894 0.369861 0.355853 0.341321 0.326716 0.312432 0.298776 0.285969 0.274151 0.263402 0.253756 0.245222 0.237792 0.231453 0.226195 0.222015 0.218925 0.216953 0.216151 0.216595 0.218395 0.221701 0.226703 0.233650 0.242845 0.254651 0.269482 0.287766 0.309870 0.335940 0.365635 0.397739 0.429746 0.457701 0.476767 0.482743 0.473935 0.452027 0.421210 0.386311 0.351271 0.318588 0.289463 0.264223 0.242704 0.224523 0.209232 0.196393 0.185617 0.176569 0.168970 0.162587 0.157229 0.152737 0.148978 0.145841 0.143232 0.141070 0.139284 0.137814 0.136606 0.135616 0.134805 0.134142 0.133603 0.133172 0.132840 0.132607 0.132477 0.132464 0.132586 0.132865 0.133328 0.134005 0.134929 0.136134 0.137655 0.139528 0.141793 0.144488 0.147656 0.151340 0.155592 0.160469 0.166042 0.172404 0.179684 0.188064 0.197816 0.209339 0.223232 0.240385 0.262110 0.290318 0.327710 0.377860 0.444717 0.530266 0.628158 0.714100 0.748278 0.708598 0.617278 0.514248 0.423920 0.352746 0.298834 0.258303 0.227622 0.204101 0.185811 0.171392 0.159883 0.150600 0.143051 0.136875 0.131804 0.127635 0.124217 0.121430 0.119182 0.117401 0.116027 0.115014 0.114324 0.113925 0.113792 0.113900 0.114230 0.114764 0.115484 0.116374 0.117418 0.118597 0.119894 0.121289 0.122762 0.124293 0.125858 0.127437 0.129008 0.130552 0.132052 0.133494 0.134870 0.136176 0.137416 0.138598 0.139735 0.140848 0.141957 0.143089 0.144270 0.145525 0.146877 0.148344 0.149940 0.151669 0.153528 0.155503 0.157565 0.159676 0.161783 0.163823 0.165722 0.167402 0.168783 0.169795 0.170375 0.170485 0.170106 0.169243 0.167927 0.166207 0.164145 0.161812 0.159279 0.156616 0.153885 0.151138 0.148420 0.145764 0.143197 0.140737 0.138398 0.136187 0.134111 0.132171 0.130371 0.128710 0.127188 0.125805 0.124561 0.123454 0.122484 0.121649 0.120947 0.120375 0.119927 0.119598 0.119378 0.119255 0.119215 0.119238 0.119301 0.119378 0.119438 0.119450 0.119380 0.119198 0.118875 0.118389 0.117727 0.116884 0.115865 0.114685 0.113366 0.111938 0.110431 0.108881 0.107321 0.105780 0.104287 0.102867 0.101539 0.100322 0.099228 0.098268 0.097454 0.096791 0.096287 0.095948 0.095781 0.095793 0.095990 0.096381 0.096976 0.097787 0.098825 0.100106 0.101647 0.103469 0.105592 0.108044 0.110851 0.114044 0.117659 0.121731 0.126298 0.131401 0.137080 0.143374 0.150325 0.157971 0.166356 0.175537 0.185589 0.196636 0.208866 0.222574 0.238190 0.256321 0.277763 0.303504 0.334646 0.372217 0.416736 0.467412 0.520944 0.570411 0.605652 0.616708 0.599318 0.557784 0.502112 0.442523 0.386011 0.335971 0.293301 0.257595 0.227937 0.203313
0.307240 0.329275 0.350604 0.370009 0.386256 0.398393 0.406020 0.409399 0.409329 0.406854 0.402955 0.398342 0.393380 0.388119 0.382400 0.375965 0.368569 0.360065 0.350443 0.339833 0.328475 0.316667 0.304725 0.292938 0.281549 0.270746 0.260666 0.251400 0.243002 0.235505 0.228923 0.223264 0.218533 0.214741 0.211904 0.210050 0.209224 0.209487 0.210922 0.213639 0.217772 0.223485 0.230969 0.240431 0.252080 0.266083 0.282501 0.301180 0.321597 0.342693 0.362749 0.379456 0.390300 0.393267 0.387576 0.373998 0.354538 0.331698 0.307778 0.284485 0.262867 0.243431 0.226316 0.211446 0.198634 0.187651 0.178266 0.170262 0.163446 0.157649 0.152726 0.148554 0.145027 0.142054 0.139557 0.137469 0.135730 0.134291 0.133107 0.132141 0.131361 0.130742 0.130266 0.129921 0.129699 0.129602 0.129636 0.129813 0.130149 0.130668 0.131393 0.132355 0.133584 0.135116 0.136985 0.139230 0.141890 0.145005 0.148616 0.152765 0.157494 0.162848 0.168878 0.175641 0.183216 0.191710 0.201288 0.212199 0.224821 0.239707 0.257648 0.279699 0.307155 0.341326 0.382876 0.430386 0.478130 0.514754 0.526816 0.508007 0.464791 0.410761 0.357421 0.310639 0.271956 0.240803 0.215931 0.196059 0.180100 0.167194 0.156680 0.148058 0.140948 0.135061 0.130176 0.126121 0.122764 0.119998 0.117741 0.115926 0.114498 0.113414 0.112636 0.112135 0.111884 0.111861 0.112046 0.112421 0.112969 0.113674 0.114520 0.115490 0.116568 0.117736 0.118978 0.120274 0.121607 0.122959 0.124312 0.125651 0.126963 0.128237 0.129466 0.130648 0.131784 0.132881 0.133948 0.135000 0.136051 0.137122 0.138230 0.139392 0.140625 0.141941 0.143347 0.144845 0.146429 0.148084 0.149787 0.151506 0.153201 0.154821 0.156312 0.157617 0.158677 0.159443 0.159870 0.159931 0.159613 0.158919 0.157870 0.156500 0.154852 0.152979 0.150932 0.148765 0.146526 0.144257 0.141996 0.139773 0.137612 0.135532 0.133548 0.131669 0.129905 0.128261 0.126741 0.125348 0.124087 0.122958 0.121964 0.121107 0.120389 0.119810 0.119370 0.119068 0.118902 0.118867 0.118954 0.119152 0.119445 0.119811 0.120224 0.120651 0.121053 0.121390 0.121617 0.121691 0.121573 0.121233 0.120651 0.119820 0.118748 0.117455 0.115973 0.114342 0.112606 0.110809 0.108995 0.107203 0.105466 0.103814 0.102270 0.100850 0.099570 0.098440 0.097468 0.096660 0.096020 0.095553 0.095264 0.095156 0.095235 0.095506 0.095978 0.096658 0.097556 0.098684 0.100057 0.101689 0.103599 0.105807 0.108334 0.111206 0.114448 0.118089 0.122158 0.126685 0.131702 0.137241 0.143332 0.150012 0.157321 0.165308 0.174047 0.183641 0.194242 0.206067 0.219411 0.234660 0.252279 0.272775 0.296612 0.324035 0.354789 0.387701 0.420245 0.448375 0.467110 0.472122 0.461679 0.437555 0.404126 0.366427 0.328565 0.293140 0.261401 0.233685 0.209818 0.189399
0.280197 0.297596 0.314309 0.329581 0.342684 0.353066 0.360470 0.364987 0.366994 0.367023 0.365610 0.363178 0.359982 0.356112 0.351536 0.346161 0.339896 0.332699 0.324602 0.315719 0.306229 0.296353 0.286322 0.276358 0.266657 0.257378 0.248645 0.240548 0.233150 0.226494 0.220607 0.215507 0.211210 0.207730 0.205087 0.203306 0.202425 0.202489 0.203559 0.205711 0.209033 0.213628 0.219604 0.227064 0.236088 0.246700 0.258819 0.272193 0.286322 0.300397 0.313276 0.323587 0.329953 0.331333 0.327332 0.318335 0.305375 0.289817 0.273026 0.256129 0.239926 0.224904 0.211300 0.199179 0.188502 0.179169 0.171056 0.164031 0.157968 0.152748 0.148267 0.144430 0.141155 0.138371 0.136013 0.134028 0.132366 0.130986 0.129852 0.128933 0.128204 0.127645 0.127243 0.126987 0.126875 0.126909 0.127097 0.127449 0.127985 0.128726 0.129696 0.130927 0.132450 0.134301 0.136519 0.139144 0.142219 0.145786 0.149888 0.154567 0.159862 0.165805 0.172425 0.179746 0.187789 0.196583 0.206177 0.216664 0.228211 0.241084 0.255675 0.272477 0.292003 0.314559 0.339806 0.366117 0.389968 0.406124 0.409443 0.397772 0.373455 0.341828 0.308320 0.276645 0.248603 0.224669 0.204623 0.187975 0.174179 0.162735 0.153217 0.145277 0.138634 0.133067 0.128396 0.124480 0.121205 0.118482 0.116234 0.114402 0.112936 0.111796 0.110946 0.110358 0.110007 0.109870 0.109929 0.110166 0.110565 0.111109 0.111784 0.112574 0.113464 0.114439 0.115483 0.116580 0.117716 0.118875 0.120042 0.121206 0.122356 0.123482 0.124580 0.125647 0.126684 0.127694 0.128686 0.129668 0.130653 0.131652 0.132679 0.133747 0.134865 0.136042 0.137280 0.138579 0.139933 0.141327 0.142744 0.144156 0.145531 0.146831 0.148015 0.149040 0.149865 0.150452 0.150770 0.150801 0.150533 0.149969 0.149124 0.148022 0.146694 0.145179 0.143516 0.141744 0.139903 0.138028 0.136148 0.134291 0.132478 0.130729 0.129057 0.127475 0.125993 0.124617 0.123356 0.122215 0.121199 0.120313 0.119562 0.118950 0.118482 0.118161 0.117990 0.117971 0.118105 0.118387 0.118813 0.119372 0.120046 0.120812 0.121640 0.122488 0.123310 0.124048 0.124645 0.125040 0.125178 0.125015 0.124522 0.123688 0.122525 0.121063 0.119347 0.117434 0.115383 0.113256 0.111110 0.108994 0.106950 0.105010 0.103200 0.101539 0.100040 0.098711 0.097559 0.096586 0.095796 0.095189 0.094768 0.094533 0.094488 0.094636 0.094980 0.095528 0.096287 0.097264 0.098471 0.099920 0.101625 0.103600 0.105864 0.108435 0.111334 0.114581 0.118201 0.122215 0.126648 0.131526 0.136873 0.142719 0.149098 0.156055 0.163648 0.171959 0.181100 0.191219 0.202505 0.215186 0.229503 0.245676 0.263828 0.283864 0.305315 0.327145 0.347631 0.364424 0.374954 0.377163 0.370268 0.355092 0.333738 0.308822 0.282744 0.257286 0.233539 0.212031 0.192907 0.176084
0.258232 0.272481 0.286152 0.298757 0.309840 0.319051 0.326204 0.331300 0.334501 0.336066 0.336272 0.335359 0.333485 0.330733 0.327121 0.322638 0.317279 0.311064 0.304062 0.296387 0.288195 0.279663 0.270978 0.262320 0.253848 0.245701 0.237986 0.230789 0.224173 0.218182 0.212849 0.208196 0.204244 0.201007 0.198506 0.196761 0.195801 0.195659 0.196377 0.198003 0.200592 0.204201 0.208880 0.214667 0.221570 0.229538 0.238437 0.248011 0.257843 0.267342 0.275757 0.282249 0.286027 0.286516 0.283504 0.277195 0.268153 0.257161 0.245047 0.232552 0.220257 0.208565 0.197720 0.187842 0.178965 0.171066 0.164089 0.157960 0.152601 0.147935 0.143887 0.140388 0.137375 0.134794 0.132594 0.130731 0.129166 0.127865 0.126800 0.125945 0.125282 0.124795 0.124473 0.124311 0.124308 0.124469 0.124802 0.125320 0.126043 0.126992 0.128196 0.129685 0.131494 0.133663 0.136235 0.139256 0.142773 0.146836 0.151495 0.156795 0.162775 0.169464 0.176872 0.184989 0.193781 0.203189 0.213138 0.223558 0.234407 0.245700 0.257531 0.270056 0.283416 0.297582 0.312114 0.325893 0.337002 0.343012 0.341801 0.332578 0.316365 0.295526 0.272744 0.250196 0.229251 0.210555 0.194269 0.180281 0.168360 0.158236 0.149650 0.142367 0.136190 0.130948 0.126504 0.122741 0.119565 0.116897 0.114672 0.112838 0.111348 0.110165 0.109257 0.108597 0.108160 0.107926 0.107876 0.107994 0.108262 0.108667 0.109194 0.109829 0.110557 0.111366 0.112241 0.113168 0.114135 0.115129 0.116137 0.117150 0.118158 0.119154 0.120134 0.121095 0.122037 0.122962 0.123876 0.124785 0.125698 0.126622 0.127567 0.128541 0.129550 0.130600 0.131690 0.132819 0.133981 0.135162 0.136348 0.137516 0.138642 0.139696 0.140646 0.141462 0.142111 0.142567 0.142809 0.142820 0.142594 0.142134 0.141448 0.140555 0.139479 0.138247 0.136889 0.135438 0.133922 0.132372 0.130812 0.129265 0.127752 0.126291 0.124895 0.123578 0.122350 0.121221 0.120199 0.119292 0.118508 0.117855 0.117340 0.116969 0.116751 0.116693 0.116800 0.117079 0.117533 0.118164 0.118967 0.119935 0.121052 0.122292 0.123621 0.124989 0.126334 0.127584 0.128656 0.129467 0.129935 0.129996 0.129606 0.128749 0.127443 0.125731 0.123680 0.121372 0.118892 0.116324 0.113742 0.111209 0.108776 0.106479 0.104347 0.102397 0.100641 0.099083 0.097726 0.096571 0.095614 0.094856 0.094293 0.093925 0.093750 0.093771 0.093987 0.094402 0.095022 0.095851 0.096896 0.098168 0.099676 0.101432 0.103448 0.105740 0.108322 0.111211 0.114425 0.117980 0.121895 0.126189 0.130884 0.136002 0.141572 0.147627 0.154213 0.161388 0.169230 0.177832 0.187305 0.197767 0.209322 0.222030 0.235849 0.250567 0.265718 0.280510 0.293808 0.304226 0.310370 0.311189 0.306299 0.296121 0.281745 0.264605 0.246129 0.227496 0.209544 0.192779 0.177450 0.163625
0.240304 0.252395 0.264038 0.274907 0.284698 0.293167 0.300165 0.305642 0.309639 0.312255 0.313613 0.313823 0.312970 0.311106 0.308264 0.304474 0.299778 0.294244 0.287968 0.281081 0.273731 0.266081 0.258294 0.250524 0.242908 0.235565 0.228590 0.222060 0.216031 0.210548 0.205642 0.201335 0.197646 0.194591 0.192185 0.190445 0.189391 0.189044 0.189431 0.190581 0.192520 0.195274 0.198860 0.203273 0.208482 0.214407 0.220905 0.227746 0.234606 0.241060 0.246609 0.250724 0.252934 0.252902 0.250506 0.245860 0.239291 0.231262 0.222291 0.212869 0.203409 0.194226 0.185535 0.177468 0.170088 0.163415 0.157432 0.152108 0.147396 0.143249 0.139615 0.136447 0.133698 0.131327 0.129294 0.127566 0.126111 0.124904 0.123921 0.123143 0.122555 0.122147 0.121911 0.121844 0.121950 0.122233 0.122704 0.123380 0.124279 0.125428 0.126855 0.128595 0.130687 0.133176 0.136111 0.139547 0.143542 0.148156 0.153451 0.159486 0.166309 0.173953 0.182422 0.191679 0.201636 0.212142 0.222983 0.233899 0.244620 0.254912 0.264624 0.273706 0.282172 0.289991 0.296945 0.302489 0.305735 0.305623 0.301289 0.292475 0.279707 0.264139 0.247165 0.230040 0.213679 0.198629 0.185133 0.173233 0.162853 0.153860 0.146100 0.139420 0.133681 0.128756 0.124537 0.120932 0.117862 0.115260 0.113069 0.111243 0.109740 0.108527 0.107573 0.106853 0.106344 0.106027 0.105883 0.105897 0.106053 0.106337 0.106736 0.107237 0.107826 0.108492 0.109221 0.110002 0.110824 0.111675 0.112545 0.113426 0.114310 0.115191 0.116064 0.116927 0.117779 0.118623 0.119460 0.120295 0.121134 0.121982 0.122846 0.123730 0.124638 0.125573 0.126533 0.127517 0.128517 0.129523 0.130522 0.131496 0.132426 0.133289 0.134060 0.134716 0.135234 0.135594 0.135780 0.135781 0.135592 0.135215 0.134656 0.133930 0.133053 0.132048 0.130938 0.129747 0.128500 0.127220 0.125930 0.124648 0.123395 0.122185 0.121033 0.119952 0.118954 0.118050 0.117250 0.116563 0.116000 0.115570 0.115283 0.115151 0.115185 0.115394 0.115790 0.116384 0.117184 0.118197 0.119425 0.120863 0.122500 0.124310 0.126253 0.128272 0.130288 0.132204 0.133906 0.135273 0.136185 0.136542 0.136279 0.135370 0.133842 0.131761 0.129230 0.126368 0.123298 0.120136 0.116980 0.113910 0.110986 0.108249 0.105727 0.103434 0.101376 0.099556 0.097969 0.096610 0.095473 0.094551 0.093838 0.093330 0.093022 0.092912 0.092998 0.093282 0.093764 0.094447 0.095337 0.096438 0.097759 0.099307 0.101092 0.103125 0.105416 0.107978 0.110824 0.113967 0.117420 0.121199 0.125318 0.129796 0.134653 0.139915 0.145613 0.151787 0.158484 0.165758 0.173664 0.182251 0.191544 0.201519 0.212068 0.222961 0.233808 0.244032 0.252890 0.259547 0.263210 0.263311 0.259649 0.252457 0.242337 0.230116 0.216665 0.202761 0.189014 0.175847 0.163516 0.152147
0.225620 0.236243 0.246553 0.256324 0.265341 0.273422 0.280432 0.286289 0.290956 0.294431 0.296724 0.297854 0.297834 0.296682 0.294428 0.291120 0.286835 0.281680 0.275787 0.269308 0.262405 0.255241 0.247971 0.240735 0.233656 0.226837 0.220361 0.214292 0.208682 0.203566 0.198971 0.194918 0.191421 0.188491 0.186141 0.184381 0.183222 0.182678 0.182761 0.183484 0.184857 0.186885 0.189560 0.192857 0.196726 0.201079 0.205783 0.210648 0.215425 0.219811 0.223467 0.226055 0.227277 0.226931 0.224941 0.221373 0.216424 0.210380 0.203573 0.196331 0.188947 0.181660 0.174648 0.168032 0.161887 0.156249 0.151128 0.146515 0.142387 0.138718 0.135474 0.132622 0.130132 0.127970 0.126109 0.124523 0.123187 0.122082 0.121190 0.120496 0.119991 0.119666 0.119519 0.119548 0.119759 0.120161 0.120765 0.121590 0.122658 0.123997 0.125639 0.127624 0.129996 0.132808 0.136118 0.139992 0.144503 0.149731 0.155757 0.162664 0.170525 0.179394 0.189287 0.200160 0.211881 0.224204 0.236751 0.249024 0.260457 0.270501 0.278745 0.284989 0.289263 0.291731 0.292551 0.291738 0.289106 0.284350 0.277207 0.267653 0.255994 0.242827 0.228887 0.214885 0.201389 0.188781 0.177273 0.166942 0.157777 0.149712 0.142655 0.136505 0.131162 0.126531 0.122528 0.119078 0.116116 0.113585 0.111435 0.109626 0.108119 0.106885 0.105896 0.105127 0.104558 0.104170 0.103946 0.103871 0.103930 0.104110 0.104398 0.104782 0.105251 0.105793 0.106396 0.107051 0.107747 0.108475 0.109225 0.109991 0.110765 0.111542 0.112319 0.113092 0.113861 0.114626 0.115388 0.116151 0.116918 0.117691 0.118476 0.119275 0.120090 0.120922 0.121769 0.122627 0.123492 0.124353 0.125200 0.126018 0.126793 0.127505 0.128138 0.128672 0.129091 0.129380 0.129527 0.129524 0.129367 0.129057 0.128602 0.128010 0.127295 0.126474 0.125566 0.124590 0.123566 0.122513 0.121451 0.120397 0.119368 0.118378 0.117443 0.116574 0.115785 0.115086 0.114491 0.114010 0.113656 0.113441 0.113378 0.113482 0.113768 0.114251 0.114948 0.115876 0.117050 0.118486 0.120193 0.122176 0.124428 0.126928 0.129636 0.132485 0.135377 0.138182 0.140742 0.142878 0.144408 0.145178 0.145080 0.144076 0.142205 0.139576 0.136346 0.132696 0.128807 0.124840 0.120926 0.117163 0.113621 0.110342 0.107349 0.104651 0.102246 0.100126 0.098282 0.096699 0.095365 0.094269 0.093398 0.092745 0.092300 0.092058 0.092015 0.092167 0.092514 0.093056 0.093795 0.094734 0.095877 0.097230 0.098799 0.100592 0.102616 0.104880 0.107393 0.110164 0.113205 0.116524 0.120133 0.124045 0.128274 0.132837 0.137754 0.143049 0.148745 0.154870 0.161442 0.168470 0.175933 0.183770 0.191859 0.199989 0.207855 0.215047 0.221075 0.225420 0.227616 0.227338 0.224477 0.219171 0.211773 0.202777 0.192731 0.182153 0.171478 0.161038 0.151061 0.141684
0.213580 0.223237 0.232720 0.241866 0.250519 0.258531 0.265775 0.272141 0.277534 0.281870 0.285069 0.287060 0.287789 0.287228 0.285392 0.282344 0.278194 0.273094 0.267225 0.260777 0.253940 0.246892 0.239791 0.232771 0.225944 0.219400 0.213208 0.207420 0.202075 0.197201 0.192816 0.188934 0.185564 0.182712 0.180383 0.178582 0.177313 0.176581 0.176389 0.176737 0.177625 0.179040 0.180965 0.183362 0.186175 0.189321 0.192682 0.196106 0.199404 0.202358 0.204736 0.206312 0.206896 0.206356 0.204646 0.201806 0.197957 0.193282 0.187997 0.182327 0.176480 0.170634 0.164932 0.159479 0.154346 0.149578 0.145195 0.141204 0.137597 0.134362 0.131478 0.128926 0.126683 0.124727 0.123037 0.121595 0.120382 0.119384 0.118588 0.117983 0.117564 0.117325 0.117266 0.117391 0.117705 0.118220 0.118951 0.119918 0.121146 0.122666 0.124516 0.126740 0.129389 0.132526 0.136221 0.140556 0.145625 0.151531 0.158392 0.166328 0.175457 0.185885 0.197672 0.210804 0.225136 0.240337 0.255837 0.270811 0.284243 0.295100 0.302570 0.306288 0.306417 0.303524 0.298335 0.291484 0.283377 0.274196 0.264001 0.252859 0.240936 0.228516 0.215955 0.203618 0.191814 0.180770 0.170620 0.161423 0.153179 0.145848 0.139369 0.133668 0.128671 0.124305 0.120502 0.117200 0.114344 0.111885 0.109781 0.107993 0.106491 0.105244 0.104228 0.103421 0.102802 0.102354 0.102062 0.101910 0.101886 0.101975 0.102168 0.102452 0.102816 0.103250 0.103745 0.104290 0.104877 0.105497 0.106142 0.106806 0.107483 0.108168 0.108857 0.109547 0.110238 0.110929 0.111620 0.112313 0.113010 0.113712 0.114423 0.115143 0.115873 0.116612 0.117359 0.118110 0.118860 0.119600 0.120323 0.121015 0.121666 0.122260 0.122784 0.123225 0.123569 0.123804 0.123923 0.123920 0.123792 0.123540 0.123168 0.122686 0.122104 0.121435 0.120693 0.119896 0.119058 0.118198 0.117331 0.116473 0.115639 0.114843 0.114099 0.113421 0.112820 0.112311 0.111905 0.111618 0.111462 0.111453 0.111608 0.111945 0.112484 0.113247 0.114257 0.115539 0.117119 0.119022 0.121273 0.123886 0.126871 0.130215 0.133883 0.137805 0.141861 0.145881 0.149642 0.152876 0.155304 0.156672 0.156803 0.155635 0.153230 0.149769 0.145506 0.140721 0.135683 0.130617 0.125696 0.121040 0.116720 0.112776 0.109220 0.106047 0.103242 0.100786 0.098656 0.096829 0.095285 0.094005 0.092970 0.092167 0.091583 0.091208 0.091036 0.091059 0.091274 0.091679 0.092274 0.093058 0.094033 0.095203 0.096571 0.098141 0.099920 0.101912 0.104124 0.106561 0.109231 0.112140 0.115296 0.118706 0.122380 0.126328 0.130559 0.135085 0.139915 0.145056 0.150505 0.156246 0.162239 0.168412 0.174645 0.180764 0.186536 0.191670 0.195839 0.198715 0.200010 0.199534 0.197224 0.193167 0.187578 0.180767 0.173087 0.164887 0.156478 0.148114 0.139982 0.132212
0.203720 0.212796 0.221842 0.230746 0.239391 0.247655 0.255412 0.262527 0.268850 0.274218 0.278455 0.281392 0.282885 0.282847 0.281269 0.278228 0.273884 0.268457 0.262198 0.255363 0.248187 0.240876 0.233599 0.226489 0.219648 0.213149 0.207045 0.201374 0.196159 0.191414 0.187148 0.183365 0.180065 0.177248 0.174912 0.173054 0.171674 0.170766 0.170328 0.170350 0.170823 0.171729 0.173039 0.174714 0.176698 0.178915 0.181267 0.183632 0.185867 0.187814 0.189310 0.190201 0.190361 0.189704 0.188197 0.185864 0.182785 0.179078 0.174888 0.170371 0.165674 0.160932 0.156257 0.151735 0.147431 0.143389 0.139636 0.136185 0.133039 0.130193 0.127640 0.125365 0.123356 0.121597 0.120075 0.118775 0.117686 0.116796 0.116098 0.115585 0.115252 0.115100 0.115129 0.115346 0.115760 0.116383 0.117234 0.118335 0.119714 0.121407 0.123456 0.125911 0.128832 0.132294 0.136380 0.141195 0.146856 0.153506 0.161305 0.170436 0.181094 0.193475 0.207743 0.223982 0.242111 0.261766 0.282168 0.302030 0.319600 0.332951 0.340514 0.341623 0.336751 0.327256 0.314824 0.300943 0.286632 0.272436 0.258562 0.245052 0.231914 0.219187 0.206956 0.195332 0.184420 0.174306 0.165036 0.156625 0.149054 0.142286 0.136267 0.130937 0.126236 0.122102 0.118478 0.115313 0.112558 0.110171 0.108114 0.106353 0.104860 0.103607 0.102572 0.101735 0.101075 0.100578 0.100228 0.100011 0.099914 0.099926 0.100036 0.100233 0.100506 0.100848 0.101247 0.101697 0.102188 0.102714 0.103266 0.103841 0.104431 0.105032 0.105642 0.106257 0.106875 0.107497 0.108120 0.108747 0.109378 0.110013 0.110654 0.111301 0.111954 0.112611 0.113271 0.113929 0.114581 0.115221 0.115840 0.116431 0.116981 0.117481 0.117921 0.118288 0.118574 0.118770 0.118870 0.118870 0.118767 0.118563 0.118263 0.117872 0.117399 0.116855 0.116253 0.115605 0.114925 0.114229 0.113529 0.112840 0.112176 0.111551 0.110978 0.110470 0.110041 0.109705 0.109475 0.109368 0.109400 0.109589 0.109956 0.110523 0.111316 0.112363 0.113697 0.115353 0.117370 0.119790 0.122653 0.125998 0.129854 0.134233 0.139117 0.144439 0.150067 0.155782 0.161270 0.166129 0.169910 0.172190 0.172662 0.171213 0.167958 0.163204 0.157376 0.150925 0.144253 0.137676 0.131416 0.125605 0.120313 0.115559 0.111333 0.107609 0.104351 0.101520 0.099078 0.096989 0.095222 0.093749 0.092545 0.091589 0.090865 0.090359 0.090059 0.089956 0.090044 0.090317 0.090774 0.091411 0.092229 0.093227 0.094408 0.095774 0.097327 0.099071 0.101009 0.103145 0.105482 0.108025 0.110777 0.113743 0.116927 0.120333 0.123963 0.127821 0.131905 0.136210 0.140719 0.145406 0.150223 0.155097 0.159925 0.164566 0.168843 0.172552 0.175470 0.177382 0.178110 0.177533 0.175619 0.172421 0.168078 0.162791 0.156792 0.150323 0.143605 0.136829 0.130148 0.123673
0.195676 0.204479 0.213412 0.222408 0.231386 0.240246 0.248867 0.257089 0.264706 0.271461 0.277058 0.281190 0.283585 0.284060 0.282570 0.279218 0.274248 0.267993 0.260821 0.253087 0.245100 0.237106 0.229288 0.221777 0.214659 0.207986 0.201791 0.196087 0.190879 0.186164 0.181936 0.178188 0.174909 0.172091 0.169724 0.167798 0.166306 0.165236 0.164579 0.164321 0.164444 0.164925 0.165735 0.166833 0.168167 0.169669 0.171258 0.172838 0.174301 0.175529 0.176407 0.176827 0.176701 0.175973 0.174618 0.172652 0.170127 0.167121 0.163735 0.160076 0.156252 0.152363 0.148496 0.144722 0.141096 0.137660 0.134442 0.131457 0.128715 0.126218 0.123963 0.121944 0.120153 0.118581 0.117219 0.116058 0.115090 0.114308 0.113708 0.113285 0.113039 0.112971 0.113087 0.113393 0.113901 0.114626 0.115589 0.116815 0.118336 0.120191 0.122428 0.125103 0.128289 0.132069 0.136547 0.141851 0.148132 0.155576 0.164409 0.174898 0.187355 0.202128 0.219576 0.240009 0.263567 0.290014 0.318441 0.346945 0.372504 0.391410 0.400415 0.398163 0.385843 0.366528 0.343743 0.320321 0.297985 0.277495 0.258993 0.242316 0.227210 0.213443 0.200842 0.189294 0.178728 0.169095 0.160353 0.152458 0.145362 0.139013 0.133352 0.128322 0.123868 0.119934 0.116470 0.113429 0.110768 0.108451 0.106442 0.104711 0.103231 0.101978 0.100931 0.100070 0.099378 0.098839 0.098440 0.098168 0.098010 0.097955 0.097993 0.098114 0.098309 0.098570 0.098887 0.099253 0.099660 0.100103 0.100574 0.101069 0.101581 0.102108 0.102646 0.103191 0.103743 0.104300 0.104861 0.105425 0.105994 0.106566 0.107143 0.107723 0.108305 0.108889 0.109472 0.110051 0.110620 0.111175 0.111709 0.112215 0.112685 0.113110 0.113482 0.113792 0.114034 0.114200 0.114287 0.114291 0.114212 0.114049 0.113808 0.113494 0.113113 0.112674 0.112189 0.111667 0.111122 0.110565 0.110009 0.109468 0.108953 0.108478 0.108057 0.107703 0.107429 0.107251 0.107184 0.107245 0.107454 0.107833 0.108404 0.109196 0.110241 0.111576 0.113243 0.115291 0.117776 0.120760 0.124310 0.128497 0.133387 0.139033 0.145456 0.152621 0.160397 0.168522 0.176563 0.183910 0.189824 0.193565 0.194576 0.192645 0.187984 0.181154 0.172895 0.163947 0.154921 0.146253 0.138207 0.130914 0.124411 0.118680 0.113669 0.109315 0.105549 0.102306 0.099529 0.097162 0.095163 0.093491 0.092115 0.091006 0.090143 0.089507 0.089082 0.088857 0.088822 0.088970 0.089296 0.089794 0.090464 0.091303 0.092311 0.093488 0.094835 0.096353 0.098043 0.099906 0.101945 0.104160 0.106553 0.109125 0.111876 0.114806 0.117912 0.121192 0.124637 0.128233 0.131961 0.135786 0.139662 0.143522 0.147278 0.150820 0.154015 0.156717 0.158773 0.160039 0.160399 0.159778 0.158156 0.155570 0.152112 0.147915 0.143138 0.137949 0.132508 0.126958 0.121421 0.115990
0.189153 0.197940 0.207044 0.216444 0.226101 0.235951 0.245884 0.255723 0.265201 0.273946 0.281488 0.287307 0.290918 0.291975 0.290366 0.286251 0.280026 0.272225 0.263416 0.254111 0.244723 0.235548 0.226780 0.218537 0.210876 0.203817 0.197358 0.191484 0.186173 0.181400 0.177142 0.173373 0.170075 0.167226 0.164809 0.162807 0.161205 0.159988 0.159138 0.158638 0.158468 0.158600 0.159004 0.159641 0.160463 0.161414 0.162424 0.163419 0.164315 0.165024 0.165462 0.165552 0.165234 0.164465 0.163229 0.161535 0.159418 0.156932 0.154146 0.151137 0.147983 0.144759 0.141533 0.138362 0.135293 0.132362 0.129596 0.127013 0.124625 0.122436 0.120450 0.118663 0.117074 0.115677 0.114467 0.113439 0.112588 0.111911 0.111406 0.111071 0.110910 0.110924 0.111121 0.111512 0.112108 0.112928 0.113995 0.115336 0.116988 0.118992 0.121403 0.124285 0.127720 0.131806 0.136667 0.142456 0.149365 0.157636 0.167572 0.179555 0.194061 0.211673 0.233078 0.259023 0.290187 0.326866 0.368399 0.412289 0.453387 0.484170 0.497261 0.489456 0.463820 0.427590 0.388150 0.350510 0.317043 0.288311 0.263954 0.243281 0.225579 0.210241 0.196798 0.184906 0.174318 0.164858 0.156391 0.148815 0.142042 0.135997 0.130611 0.125821 0.121571 0.117808 0.114484 0.111555 0.108982 0.106731 0.104770 0.103070 0.101607 0.100358 0.099304 0.098426 0.097709 0.097137 0.096697 0.096378 0.096167 0.096055 0.096031 0.096087 0.096214 0.096404 0.096649 0.096942 0.097276 0.097646 0.098045 0.098468 0.098912 0.099371 0.099843 0.100326 0.100816 0.101313 0.101815 0.102322 0.102833 0.103347 0.103864 0.104383 0.104902 0.105421 0.105937 0.106446 0.106944 0.107428 0.107891 0.108327 0.108731 0.109095 0.109413 0.109678 0.109885 0.110030 0.110108 0.110118 0.110060 0.109933 0.109743 0.109493 0.109189 0.108840 0.108453 0.108039 0.107608 0.107172 0.106741 0.106327 0.105943 0.105602 0.105316 0.105099 0.104966 0.104932 0.105015 0.105233 0.105608 0.106165 0.106932 0.107943 0.109237 0.110859 0.112864 0.115318 0.118297 0.121889 0.126200 0.131345 0.137448 0.144633 0.152999 0.162590 0.173327 0.184938 0.196854 0.208153 0.217592 0.223816 0.225740 0.222947 0.215857 0.205554 0.193395 0.180624 0.168166 0.156589 0.146170 0.136985 0.128996 0.122104 0.116187 0.111124 0.106801 0.103116 0.099983 0.097329 0.095091 0.093219 0.091670 0.090410 0.089410 0.088647 0.088102 0.087760 0.087608 0.087637 0.087839 0.088208 0.088739 0.089430 0.090278 0.091282 0.092440 0.093751 0.095216 0.096834 0.098605 0.100527 0.102601 0.104823 0.107193 0.109706 0.112356 0.115137 0.118036 0.121036 0.124113 0.127235 0.130356 0.133420 0.136354 0.139070 0.141471 0.143449 0.144898 0.145721 0.145839 0.145204 0.143805 0.141667 0.138854 0.135456 0.131584 0.127357 0.122892 0.118298 0.113669 0.109081
0.183901 0.192893 0.202425 0.212533 0.223241 0.234539 0.246360 0.258533 0.270734 0.282446 0.292942 0.301348 0.306791 0.308617 0.306594 0.300994 0.292511 0.282058 0.270545 0.258732 0.247168 0.236199 0.226008 0.216672 0.208193 0.200538 0.193656 0.187488 0.181977 0.177071 0.172722 0.168889 0.165536 0.162633 0.160152 0.158069 0.156362 0.155011 0.153993 0.153288 0.152871 0.152716 0.152792 0.153062 0.153483 0.154007 0.154577 0.155132 0.155608 0.155939 0.156061 0.155920 0.155469 0.154680 0.153540 0.152053 0.150245 0.148151 0.145822 0.143312 0.140679 0.137979 0.135265 0.132583 0.129971 0.127462 0.125079 0.122841 0.120760 0.118844 0.117098 0.115522 0.114118 0.112882 0.111815 0.110912 0.110173 0.109597 0.109183 0.108933 0.108852 0.108944 0.109219 0.109688 0.110365 0.111272 0.112433 0.113878 0.115646 0.117785 0.120354 0.123424 0.127088 0.131458 0.136679 0.142933 0.150455 0.159550 0.170614 0.184170 0.200910 0.221746 0.247867 0.280783 0.322268 0.374059 0.436949 0.508804 0.581485 0.639027 0.662573 0.643185 0.589689 0.520832 0.452471 0.392641 0.343389 0.303851 0.272248 0.246793 0.226001 0.208733 0.194153 0.181658 0.170821 0.161334 0.152976 0.145581 0.139022 0.133196 0.128020 0.123422 0.119342 0.115724 0.112523 0.109695 0.107204 0.105016 0.103101 0.101434 0.099991 0.098750 0.097694 0.096805 0.096068 0.095469 0.094996 0.094637 0.094382 0.094221 0.094144 0.094144 0.094211 0.094340 0.094522 0.094750 0.095020 0.095325 0.095660 0.096020 0.096402 0.096800 0.097214 0.097638 0.098072 0.098514 0.098962 0.099415 0.099872 0.100333 0.100795 0.101259 0.101722 0.102183 0.102639 0.103088 0.103525 0.103948 0.104351 0.104730 0.105079 0.105394 0.105668 0.105898 0.106079 0.106207 0.106280 0.106296 0.106257 0.106162 0.106015 0.105820 0.105582 0.105308 0.105006 0.104684 0.104352 0.104019 0.103696 0.103394 0.103125 0.102901 0.102735 0.102642 0.102635 0.102732 0.102952 0.103314 0.103844 0.104569 0.105522 0.106743 0.108277 0.110181 0.112525 0.115391 0.118880 0.123118 0.128253 0.134467 0.141968 0.150994 0.161786 0.174551 0.189378 0.206089 0.224035 0.241866 0.257450 0.268179 0.271786 0.267360 0.255813 0.239413 0.220771 0.202019 0.184509 0.168891 0.155345 0.143784 0.134002 0.125759 0.118822 0.112981 0.108060 0.103910 0.100411 0.097463 0.094986 0.092916 0.091198 0.089791 0.088659 0.087775 0.087115 0.086662 0.086400 0.086316 0.086403 0.086650 0.087054 0.087607 0.088308 0.089152 0.090138 0.091262 0.092524 0.093920 0.095450 0.097111 0.098900 0.100814 0.102847 0.104995 0.107250 0.109601 0.112035 0.114533 0.117071 0.119617 0.122133 0.124569 0.126865 0.128955 0.130764 0.132214 0.133229 0.133741 0.133697 0.133067 0.131841 0.130040 0.127708 0.124908 0.121718 0.118226 0.114517 0.110673 0.106768 0.102866
0.179696 0.189083 0.199279 0.210397 0.222553 0.235842 0.250292 0.265798 0.282023 0.298284 0.313477 0.326116 0.334585 0.337595 0.334660 0.326299 0.313834 0.298911 0.283046 0.267370 0.252588 0.239055 0.226889 0.216064 0.206488 0.198035 0.190582 0.184011 0.178218 0.173116 0.168630 0.164697 0.161265 0.158290 0.155736 0.153570 0.151764 0.150292 0.149128 0.148249 0.147628 0.147239 0.147050 0.147027 0.147134 0.147326 0.147559 0.147783 0.147947 0.148000 0.147894 0.147588 0.147049 0.146253 0.145192 0.143868 0.142298 0.140507 0.138530 0.136409 0.134185 0.131902 0.129600 0.127316 0.125083 0.122926 0.120868 0.118926 0.117112 0.115436 0.113903 0.112517 0.111281 0.110195 0.109259 0.108474 0.107840 0.107358 0.107031 0.106862 0.106856 0.107021 0.107367 0.107907 0.108659 0.109643 0.110887 0.112423 0.114293 0.116549 0.119255 0.122489 0.126354 0.130976 0.136520 0.143197 0.151286 0.161158 0.173312 0.188431 0.207463 0.231739 0.263149 0.304373 0.359148 0.432386 0.529482 0.653081 0.794226 0.919018 0.971990 0.922305 0.800711 0.662588 0.541752 0.447081 0.375866 0.322661 0.282523 0.251705 0.227540 0.208175 0.192327 0.179110 0.167909 0.158289 0.149942 0.142643 0.136226 0.130561 0.125549 0.121108 0.117170 0.113679 0.110587 0.107852 0.105436 0.103308 0.101440 0.099806 0.098384 0.097155 0.096101 0.095205 0.094454 0.093835 0.093334 0.092943 0.092650 0.092447 0.092325 0.092276 0.092292 0.092367 0.092494 0.092667 0.092880 0.093127 0.093406 0.093709 0.094035 0.094379 0.094739 0.095111 0.095493 0.095885 0.096283 0.096687 0.097094 0.097506 0.097918 0.098332 0.098744 0.099153 0.099557 0.099953 0.100338 0.100709 0.101062 0.101392 0.101697 0.101971 0.102210 0.102411 0.102571 0.102687 0.102757 0.102780 0.102758 0.102691 0.102581 0.102433 0.102252 0.102043 0.101813 0.101570 0.101322 0.101078 0.100849 0.100645 0.100477 0.100357 0.100298 0.100314 0.100421 0.100636 0.100980 0.101474 0.102146 0.103026 0.104153 0.105571 0.107334 0.109510 0.112183 0.115457 0.119462 0.124363 0.130369 0.137742 0.146813 0.157985 0.171736 0.188590 0.209018 0.233227 0.260747 0.289815 0.316798 0.336392 0.343407 0.335618 0.315252 0.287499 0.257665 0.229383 0.204421 0.183247 0.165657 0.151180 0.139297 0.129529 0.121475 0.114808 0.109265 0.104642 0.100776 0.097538 0.094828 0.092566 0.090686 0.089139 0.087883 0.086884 0.086117 0.085560 0.085194 0.085007 0.084985 0.085121 0.085406 0.085833 0.086398 0.087097 0.087925 0.088880 0.089957 0.091155 0.092469 0.093896 0.095432 0.097073 0.098812 0.100641 0.102553 0.104535 0.106573 0.108648 0.110738 0.112814 0.114841 0.116778 0.118578 0.120188 0.121551 0.122609 0.123307 0.123599 0.123447 0.122829 0.121742 0.120199 0.118233 0.115888 0.113223 0.110299 0.107181 0.103933 0.100611 0.097267
0.176329 0.186269 0.197337 0.209755 0.223781 0.239686 0.257699 0.277915 0.300114 0.323512 0.346491 0.366494 0.380396 0.385486 0.380680 0.367088 0.347447 0.324910 0.302056 0.280523 0.261115 0.244064 0.229286 0.216557 0.205605 0.196169 0.188018 0.180954 0.174816 0.169472 0.164814 0.160756 0.157227 0.154171 0.151539 0.149292 0.147394 0.145815 0.144526 0.143501 0.142712 0.142131 0.141729 0.141474 0.141334 0.141270 0.141245 0.141218 0.141148 0.140996 0.140725 0.140303 0.139705 0.138912 0.137919 0.136725 0.135341 0.133787 0.132088 0.130274 0.128376 0.126427 0.124460 0.122503 0.120582 0.118721 0.116939 0.115251 0.113669 0.112203 0.110860 0.109644 0.108560 0.107610 0.106795 0.106119 0.105583 0.105190 0.104943 0.104849 0.104913 0.105145 0.105556 0.106160 0.106977 0.108028 0.109342 0.110956 0.112911 0.115264 0.118082 0.121452 0.125482 0.130314 0.136127 0.143163 0.151739 0.162291 0.175416 0.191963 0.213153 0.240792 0.277619 0.327885 0.398330 0.499712 0.648636 0.866993 1.166560 1.490038 1.646477 1.492648 1.171709 0.874543 0.658384 0.511394 0.411634 0.342460 0.293091 0.256780 0.229281 0.207880 0.190805 0.176877 0.165296 0.155512 0.147138 0.139895 0.133581 0.128043 0.123166 0.118857 0.115044 0.111666 0.108673 0.106022 0.103678 0.101608 0.099786 0.098186 0.096789 0.095574 0.094525 0.093628 0.092867 0.092232 0.091710 0.091292 0.090968 0.090730 0.090569 0.090478 0.090450 0.090478 0.090557 0.090680 0.090843 0.091041 0.091268 0.091522 0.091797 0.092092 0.092403 0.092728 0.093063 0.093408 0.093761 0.094119 0.094482 0.094848 0.095215 0.095583 0.095950 0.096313 0.096671 0.097021 0.097361 0.097687 0.097997 0.098287 0.098554 0.098794 0.099005 0.099183 0.099327 0.099433 0.099502 0.099532 0.099525 0.099482 0.099405 0.099298 0.099165 0.099011 0.098843 0.098668 0.098494 0.098328 0.098181 0.098061 0.097981 0.097952 0.097987 0.098101 0.098309 0.098630 0.099085 0.099698 0.100498 0.101520 0.102805 0.104403 0.106379 0.108810 0.111795 0.115459 0.119966 0.125526 0.132415 0.140999 0.151760 0.165340 0.182575 0.204528 0.232453 0.267578 0.310466 0.359612 0.409271 0.448167 0.462984 0.447435 0.407809 0.357422 0.307551 0.263945 0.228108 0.199479 0.176831 0.158912 0.144661 0.133243 0.124019 0.116507 0.110345 0.105258 0.101037 0.097524 0.094594 0.092152 0.090122 0.088445 0.087074 0.085970 0.085104 0.084450 0.083990 0.083706 0.083585 0.083618 0.083794 0.084106 0.084547 0.085113 0.085799 0.086599 0.087511 0.088529 0.089650 0.090869 0.092181 0.093580 0.095060 0.096612 0.098226 0.099892 0.101593 0.103313 0.105030 0.106720 0.108351 0.109891 0.111301 0.112538 0.113560 0.114324 0.114790 0.114922 0.114696 0.114097 0.113121 0.111781 0.110098 0.108107 0.105849 0.103371 0.100721 0.097950 0.095101 0.092215
0.173590 0.184203 0.196312 0.210290 0.226601 0.245802 0.268505 0.295268 0.326331 0.361127 0.397537 0.431203 0.455759 0.464978 0.456200 0.432108 0.398948 0.363108 0.328964 0.298653 0.272757 0.251045 0.232969 0.217920 0.205344 0.194772 0.185826 0.178208 0.171683 0.166068 0.161219 0.157022 0.153389 0.150247 0.147538 0.145214 0.143234 0.141562 0.140167 0.139020 0.138093 0.137357 0.136785 0.136347 0.136013 0.135751 0.135529 0.135312 0.135068 0.134765 0.134374 0.133870 0.133234 0.132451 0.131516 0.130428 0.129195 0.127830 0.126352 0.124783 0.123147 0.121470 0.119776 0.118088 0.116429 0.114817 0.113269 0.111799 0.110419 0.109137 0.107961 0.106898 0.105950 0.105123 0.104420 0.103843 0.103397 0.103086 0.102914 0.102888 0.103017 0.103309 0.103777 0.104437 0.105309 0.106416 0.107789 0.109463 0.111486 0.113913 0.116817 0.120288 0.124442 0.129430 0.135446 0.142752 0.151701 0.162779 0.176672 0.194370 0.217347 0.247862 0.289518 0.348303 0.434675 0.567904 0.785455 1.162307 1.834544 2.882693 3.581815 2.884774 1.838649 1.168328 0.793231 0.577230 0.445306 0.359966 0.301921 0.260706 0.230336 0.207225 0.189136 0.174626 0.162739 0.152825 0.144433 0.137242 0.131020 0.125595 0.120838 0.116650 0.112950 0.109676 0.106776 0.104206 0.101930 0.099918 0.098141 0.096577 0.095205 0.094007 0.092968 0.092071 0.091306 0.090659 0.090121 0.089682 0.089332 0.089064 0.088870 0.088743 0.088677 0.088665 0.088702 0.088782 0.088901 0.089054 0.089236 0.089445 0.089676 0.089927 0.090194 0.090475 0.090768 0.091070 0.091381 0.091698 0.092019 0.092344 0.092671 0.092998 0.093323 0.093646 0.093963 0.094273 0.094573 0.094861 0.095134 0.095390 0.095625 0.095838 0.096025 0.096184 0.096315 0.096415 0.096483 0.096520 0.096527 0.096505 0.096456 0.096384 0.096293 0.096187 0.096073 0.095956 0.095845 0.095746 0.095670 0.095625 0.095622 0.095672 0.095790 0.095989 0.096286 0.096700 0.097253 0.097971 0.098885 0.100032 0.101458 0.103218 0.105384 0.108044 0.111311 0.115334 0.120307 0.126489 0.134230 0.144009 0.156494 0.172623 0.193732 0.221713 0.259212 0.309704 0.377011 0.463010 0.561378 0.648148 0.684103 0.647456 0.559994 0.460937 0.374253 0.306266 0.255101 0.216936 0.188298 0.166544 0.149781 0.136676 0.126293 0.117966 0.111217 0.105698 0.101152 0.097388 0.094260 0.091656 0.089492 0.087699 0.086224 0.085026 0.084070 0.083330 0.082783 0.082412 0.082201 0.082139 0.082216 0.082423 0.082752 0.083197 0.083753 0.084415 0.085177 0.086034 0.086983 0.088016 0.089130 0.090316 0.091569 0.092879 0.094237 0.095630 0.097045 0.098466 0.099873 0.101244 0.102555 0.103775 0.104875 0.105822 0.106581 0.107122 0.107413 0.107430 0.107154 0.106575 0.105691 0.104511 0.103052 0.101338 0.099402 0.097278 0.095004 0.092617 0.090153 0.087646
0.171269 0.182623 0.195883 0.211611 0.230559 0.253718 0.282352 0.317956 0.361999 0.415155 0.475616 0.536482 0.584214 0.602826 0.584775 0.537621 0.477369 0.417573 0.365149 0.321920 0.287221 0.259595 0.237553 0.219834 0.205448 0.193643 0.183852 0.175653 0.168727 0.162833 0.157788 0.153452 0.149714 0.146490 0.143709 0.141315 0.139264 0.137514 0.136031 0.134785 0.133746 0.132886 0.132179 0.131597 0.131113 0.130697 0.130324 0.129963 0.129589 0.129175 0.128698 0.128138 0.127480 0.126712 0.125828 0.124828 0.123718 0.122507 0.121207 0.119837 0.118415 0.116959 0.115489 0.114026 0.112585 0.111184 0.109836 0.108554 0.107348 0.106227 0.105200 0.104271 0.103446 0.102730 0.102128 0.101642 0.101278 0.101042 0.100938 0.100974 0.101160 0.101505 0.102023 0.102731 0.103648 0.104800 0.106217 0.107936 0.110006 0.112483 0.115443 0.118978 0.123209 0.128291 0.134430 0.141901 0.151077 0.162482 0.176858 0.195295 0.219446 0.251902 0.296930 0.361935 0.460676 0.621012 0.906044 1.481720 2.878688 7.067959 14.049513 7.069623 2.881972 1.486537 0.912268 0.628481 0.469198 0.371295 0.306898 0.262242 0.229922 0.205683 0.186949 0.172089 0.160038 0.150080 0.141718 0.134604 0.128485 0.123176 0.118538 0.114466 0.110876 0.107702 0.104891 0.102400 0.100191 0.098235 0.096505 0.094977 0.093633 0.092455 0.091427 0.090536 0.089770 0.089116 0.088566 0.088110 0.087740 0.087447 0.087225 0.087068 0.086969 0.086922 0.086922 0.086965 0.087045 0.087158 0.087301 0.087469 0.087660 0.087871 0.088099 0.088340 0.088594 0.088859 0.089131 0.089410 0.089694 0.089982 0.090271 0.090561 0.090850 0.091136 0.091417 0.091691 0.091957 0.092211 0.092453 0.092680 0.092888 0.093078 0.093245 0.093390 0.093510 0.093605 0.093674 0.093717 0.093736 0.093733 0.093709 0.093667 0.093611 0.093547 0.093479 0.093413 0.093356 0.093315 0.093300 0.093319 0.093383 0.093503 0.093692 0.093966 0.094340 0.094835 0.095473 0.096282 0.097293 0.098548 0.100094 0.101993 0.104321 0.107177 0.110687 0.115019 0.120398 0.127128 0.135631 0.146504 0.160609 0.179223 0.204282 0.238794 0.287529 0.358099 0.462258 0.615501 0.826171 1.053746 1.163154 1.053090 0.824859 0.613537 0.459645 0.354842 0.283635 0.234270 0.199137 0.173467 0.154254 0.139563 0.128120 0.119063 0.111797 0.105904 0.101079 0.097100 0.093804 0.091063 0.088784 0.086892 0.085328 0.084048 0.083013 0.082196 0.081573 0.081123 0.080831 0.080684 0.080671 0.080782 0.081009 0.081346 0.081785 0.082321 0.082949 0.083663 0.084457 0.085326 0.086264 0.087263 0.088317 0.089416 0.090552 0.091712 0.092884 0.094052 0.095201 0.096309 0.097357 0.098319 0.099172 0.099889 0.100445 0.100814 0.100973 0.100905 0.100596 0.100037 0.099230 0.098179 0.096898 0.095407 0.093728 0.091888 0.089917 0.087844 0.085697 0.083503
0.169150 0.181250 0.195684 0.213239 0.235027 0.262639 0.298340 0.345297 0.407677 0.490070 0.594727 0.714056 0.819274 0.863283 0.819923 0.715369 0.596733 0.492810 0.411207 0.349682 0.303657 0.268970 0.242461 0.221868 0.205603 0.192551 0.181925 0.173160 0.165849 0.159691 0.154464 0.149999 0.146167 0.142869 0.140026 0.137575 0.135464 0.133651 0.132098 0.130772 0.129644 0.128687 0.127874 0.127180 0.126579 0.126047 0.125558 0.125090 0.124619 0.124125 0.123587 0.122990 0.122320 0.121569 0.120732 0.119808 0.118799 0.117714 0.116561 0.115354 0.114106 0.112834 0.111551 0.110274 0.109018 0.107795 0.106618 0.105497 0.104443 0.103464 0.102567 0.101758 0.101043 0.100427 0.099915 0.099512 0.099222 0.099053 0.099011 0.099102 0.099338 0.099729 0.100289 0.101035 0.101988 0.103172 0.104619 0.106367 0.108463 0.110966 0.113950 0.117510 0.121766 0.126877 0.133051 0.140567 0.149806 0.161303 0.175821 0.194486 0.219014 0.252119 0.298319 0.365571 0.468988 0.640203 0.954951 1.634282 3.574042 14.045792 14.046469 14.047125 3.576674 1.638145 0.959945 0.646198 0.475833 0.373096 0.306341 0.260450 0.227464 0.202876 0.183978 0.169072 0.157050 0.147168 0.138912 0.131920 0.125931 0.120752 0.116242 0.112289 0.108809 0.105735 0.103013 0.100600 0.098459 0.096560 0.094877 0.093388 0.092074 0.090918 0.089905 0.089022 0.088258 0.087601 0.087043 0.086574 0.086187 0.085875 0.085630 0.085447 0.085320 0.085243 0.085211 0.085221 0.085267 0.085345 0.085453 0.085585 0.085741 0.085916 0.086107 0.086314 0.086533 0.086762 0.087000 0.087244 0.087494 0.087748 0.088004 0.088260 0.088516 0.088769 0.089018 0.089261 0.089497 0.089723 0.089937 0.090139 0.090325 0.090494 0.090646 0.090778 0.090889 0.090980 0.091050 0.091100 0.091130 0.091142 0.091139 0.091124 0.091100 0.091071 0.091042 0.091019 0.091009 0.091019 0.091056 0.091130 0.091252 0.091431 0.091682 0.092020 0.092460 0.093023 0.093733 0.094618 0.095711 0.097054 0.098699 0.100709 0.103167 0.106178 0.109880 0.114456 0.120156 0.127321 0.136436 0.148201 0.163655 0.184399 0.212980 0.253637 0.313769 0.407014 0.559882 0.825426 1.299933 2.040385 2.533926 2.039763 1.298689 0.823564 0.557404 0.403926 0.310076 0.249347 0.208102 0.178943 0.157632 0.141622 0.129318 0.119679 0.112007 0.105821 0.100779 0.096634 0.093206 0.090358 0.087988 0.086016 0.084379 0.083030 0.081930 0.081047 0.080356 0.079837 0.079473 0.079250 0.079157 0.079182 0.079318 0.079556 0.079890 0.080314 0.080821 0.081406 0.082063 0.082786 0.083569 0.084403 0.085283 0.086200 0.087143 0.088103 0.089068 0.090024 0.090955 0.091846 0.092678 0.093431 0.094086 0.094621 0.095016 0.095252 0.095311 0.095180 0.094848 0.094310 0.093567 0.092622 0.091486 0.090173 0.088702 0.087094 0.085370 0.083554 0.081670 0.079738
0.167023 0.179797 0.195316 0.214604 0.239181 0.271363 0.314752 0.375072 0.461458 0.588026 0.773382 1.027549 1.301859 1.434089 1.302573 1.028989 0.775572 0.591000 0.465261 0.379758 0.320383 0.278007 0.246912 0.223497 0.205449 0.191247 0.179867 0.170602 0.162956 0.156573 0.151192 0.146621 0.142714 0.139358 0.136468 0.133972 0.131817 0.129955 0.128347 0.126961 0.125765 0.124732 0.123838 0.123058 0.122368 0.121747 0.121173 0.120624 0.120083 0.119530 0.118951 0.118330 0.117658 0.116927 0.116132 0.115273 0.114350 0.113370 0.112339 0.111267 0.110164 0.109044 0.107918 0.106799 0.105698 0.104626 0.103596 0.102615 0.101693 0.100837 0.100055 0.099352 0.098735 0.098208 0.097777 0.097448 0.097225 0.097116 0.097128 0.097268 0.097547 0.097977 0.098571 0.099346 0.100324 0.101529 0.102992 0.104751 0.106853 0.109355 0.112332 0.115876 0.120107 0.125179 0.131297 0.138734 0.147865 0.159208 0.173507 0.191851 0.215889 0.248213 0.293088 0.357916 0.456459 0.616575 0.901364 1.476778 2.873468 7.062448 14.043705 7.063519 2.875582 1.479881 0.905375 0.621393 0.461962 0.363970 0.299544 0.254922 0.222698 0.198612 0.180080 0.165462 0.153684 0.144018 0.135958 0.129147 0.123324 0.118300 0.113930 0.110105 0.106740 0.103769 0.101139 0.098806 0.096733 0.094893 0.093259 0.091810 0.090528 0.089396 0.088400 0.087529 0.086770 0.086113 0.085550 0.085073 0.084674 0.084345 0.084082 0.083877 0.083726 0.083623 0.083564 0.083545 0.083561 0.083608 0.083684 0.083786 0.083909 0.084052 0.084211 0.084386 0.084573 0.084770 0.084976 0.085190 0.085409 0.085632 0.085857 0.086084 0.086310 0.086534 0.086755 0.086970 0.087179 0.087380 0.087571 0.087750 0.087917 0.088070 0.088208 0.088329 0.088434 0.088522 0.088593 0.088648 0.088688 0.088714 0.088730 0.088737 0.088739 0.088741 0.088746 0.088761 0.088791 0.088843 0.088925 0.089047 0.089217 0.089447 0.089750 0.090141 0.090636 0.091256 0.092025 0.092970 0.094128 0.095539 0.097258 0.099351 0.101902 0.105022 0.108856 0.113598 0.119512 0.126966 0.136487 0.148844 0.165207 0.187409 0.218470 0.263630 0.332626 0.445172 0.645915 1.052264 2.039648 5.002501 9.940826 5.001910 2.038467 1.050496 0.643562 0.442241 0.329121 0.259558 0.213840 0.182230 0.159490 0.142601 0.129732 0.119714 0.111780 0.105405 0.100222 0.095968 0.092452 0.089531 0.087096 0.085065 0.083374 0.081971 0.080817 0.079879 0.079131 0.078553 0.078126 0.077837 0.077671 0.077620 0.077674 0.077824 0.078064 0.078388 0.078788 0.079258 0.079793 0.080387 0.081032 0.081722 0.082450 0.083207 0.083985 0.084773 0.085561 0.086337 0.087087 0.087796 0.088451 0.089034 0.089528 0.089917 0.090185 0.090317 0.090299 0.090121 0.089775 0.089257 0.088568 0.087710 0.086693 0.085527 0.084226 0.082806 0.081287 0.079684 0.078018 0.076306
0.164691 0.177987 0.194377 0.215098 0.242061 0.278317 0.328948 0.402837 0.516358 0.701346 1.021520 1.592522 2.482791 3.076373 2.483552 1.594052 1.023841 0.704484 0.520351 0.407729 0.334790 0.285165 0.249975 0.224142 0.204614 0.189483 0.177508 0.167857 0.159960 0.153412 0.147923 0.143280 0.139323 0.135932 0.133011 0.130488 0.128303 0.126408 0.124762 0.123331 0.122085 0.120996 0.120041 0.119197 0.118441 0.117754 0.117116 0.116510 0.115918 0.115325 0.114718 0.114085 0.113417 0.112707 0.111951 0.111148 0.110299 0.109408 0.108479 0.107520 0.106540 0.105548 0.104553 0.103567 0.102598 0.101657 0.100752 0.099892 0.099085 0.098337 0.097656 0.097047 0.096516 0.096068 0.095710 0.095446 0.095283 0.095228 0.095287 0.095469 0.095785 0.096245 0.096865 0.097661 0.098654 0.099868 0.101333 0.103087 0.105174 0.107652 0.110590 0.114080 0.118234 0.123201 0.129176 0.136416 0.145273 0.156229 0.169969 0.187479 0.210229 0.240478 0.281824 0.340254 0.426224 0.559006 0.776064 1.152383 1.824050 2.871604 3.570115 2.872464 1.825748 1.154875 0.779287 0.562878 0.430648 0.345120 0.287015 0.245871 0.215701 0.192908 0.175239 0.161232 0.149909 0.140599 0.132828 0.126260 0.120645 0.115802 0.111590 0.107905 0.104664 0.101801 0.099265 0.097014 0.095013 0.093232 0.091649 0.090242 0.088994 0.087889 0.086913 0.086055 0.085304 0.084651 0.084087 0.083604 0.083196 0.082855 0.082576 0.082354 0.082182 0.082058 0.081975 0.081931 0.081921 0.081942 0.081990 0.082063 0.082158 0.082272 0.082402 0.082548 0.082706 0.082875 0.083053 0.083238 0.083429 0.083624 0.083822 0.084021 0.084221 0.084419 0.084614 0.084805 0.084991 0.085170 0.085340 0.085501 0.085651 0.085789 0.085915 0.086028 0.086127 0.086212 0.086284 0.086344 0.086393 0.086431 0.086463 0.086489 0.086514 0.086542 0.086576 0.086623 0.086687 0.086775 0.086896 0.087057 0.087269 0.087541 0.087887 0.088322 0.088861 0.089526 0.090340 0.091331 0.092535 0.093995 0.095763 0.097907 0.100513 0.103692 0.107593 0.112412 0.118420 0.125993 0.135673 0.148255 0.164954 0.187692 0.219665 0.266506 0.338909 0.459257 0.681137 1.160940 2.532457 9.940094 9.939804 9.939532 2.531334 1.159259 0.678902 0.456471 0.335577 0.262636 0.215264 0.182770 0.159521 0.142323 0.129254 0.119102 0.111073 0.104627 0.099388 0.095088 0.091532 0.088574 0.086103 0.084036 0.082308 0.080867 0.079672 0.078692 0.077898 0.077270 0.076789 0.076441 0.076213 0.076094 0.076075 0.076148 0.076304 0.076538 0.076842 0.077211 0.077638 0.078117 0.078641 0.079205 0.079800 0.080419 0.081053 0.081694 0.082331 0.082954 0.083551 0.084110 0.084618 0.085060 0.085424 0.085696 0.085863 0.085913 0.085836 0.085622 0.085268 0.084769 0.084126 0.083342 0.082423 0.081377 0.080217 0.078954 0.077603 0.076179 0.074696 0.073169
0.161986 0.175583 0.192508 0.214153 0.242715 0.281810 0.337727 0.422154 0.558765 0.801177 1.290405 2.477348 6.036772 11.968682 6.037564 2.478940 1.292813 0.804425 0.562882 0.427177 0.343698 0.288776 0.250725 0.223260 0.202765 0.187044 0.174703 0.164826 0.156788 0.150155 0.144615 0.139943 0.135969 0.132567 0.129637 0.127104 0.124906 0.122993 0.121324 0.119865 0.118585 0.117457 0.116459 0.115568 0.114765 0.114030 0.113348 0.112700 0.112074 0.111455 0.110831 0.110194 0.109534 0.108846 0.108127 0.107374 0.106589 0.105773 0.104931 0.104069 0.103191 0.102308 0.101425 0.100552 0.099696 0.098867 0.098070 0.097315 0.096608 0.095954 0.095362 0.094836 0.094381 0.094004 0.093710 0.093504 0.093394 0.093384 0.093484 0.093702 0.094047 0.094532 0.095170 0.095978 0.096976 0.098188 0.099642 0.101374 0.103429 0.105858 0.108730 0.112128 0.116160 0.120963 0.126715 0.133653 0.142092 0.152461 0.165356 0.181619 0.202467 0.229702 0.266057 0.315781 0.385613 0.486307 0.634472 0.852003 1.150685 1.473233 1.628714 1.473924 1.152048 0.854003 0.637059 0.489414 0.389162 0.319684 0.270218 0.234022 0.206845 0.185954 0.169552 0.156426 0.145743 0.136914 0.129519 0.123252 0.117887 0.113252 0.109218 0.105685 0.102576 0.099827 0.097390 0.095224 0.093296 0.091579 0.090048 0.088685 0.087473 0.086397 0.085443 0.084601 0.083862 0.083214 0.082652 0.082167 0.081752 0.081403 0.081112 0.080875 0.080687 0.080543 0.080441 0.080375 0.080342 0.080339 0.080363 0.080411 0.080480 0.080569 0.080674 0.080793 0.080925 0.081068 0.081220 0.081380 0.081545 0.081715 0.081888 0.082064 0.082239 0.082414 0.082587 0.082756 0.082921 0.083080 0.083233 0.083377 0.083513 0.083639 0.083754 0.083859 0.083954 0.084037 0.084110 0.084174 0.084230 0.084279 0.084324 0.084367 0.084412 0.084461 0.084520 0.084593 0.084686 0.084805 0.084958 0.085152 0.085397 0.085704 0.086085 0.086554 0.087128 0.087826 0.088672 0.089695 0.090928 0.092415 0.094207 0.096371 0.098992 0.102181 0.106081 0.110886 0.116862 0.124376 0.133954 0.146367 0.162783 0.185036 0.216145 0.261351 0.330391 0.442979 0.643761 1.050147 2.037565 5.000450 9.938805 4.999916 2.036497 1.048548 0.641633 0.440327 0.327221 0.257668 0.211958 0.180352 0.157612 0.140722 0.127846 0.117819 0.109870 0.103477 0.098271 0.093991 0.090443 0.087485 0.085007 0.082928 0.081182 0.079719 0.078497 0.077484 0.076655 0.075986 0.075460 0.075063 0.074781 0.074603 0.074520 0.074523 0.074605 0.074760 0.074979 0.075258 0.075589 0.075967 0.076385 0.076838 0.077317 0.077816 0.078326 0.078841 0.079349 0.079843 0.080311 0.080744 0.081130 0.081457 0.081714 0.081891 0.081977 0.081962 0.081838 0.081599 0.081240 0.080759 0.080156 0.079433 0.078596 0.077652 0.076609 0.075477 0.074267 0.072993 0.071665 0.070295
0.158789 0.172411 0.189449 0.211351 0.240419 0.280486 0.338311 0.426732 0.572629 0.840360 1.417752 3.066011 11.963746 11.964196 11.964558 3.067642 1.420215 0.843673 0.576819 0.431828 0.344348 0.287503 0.248457 0.220452 0.199659 0.183775 0.171350 0.161435 0.153387 0.146760 0.141237 0.136584 0.132630 0.129245 0.126330 0.123806 0.121612 0.119697 0.118020 0.116546 0.115246 0.114095 0.113068 0.112146 0.111311 0.110544 0.109831 0.109156 0.108507 0.107873 0.107242 0.106606 0.105958 0.105294 0.104609 0.103901 0.103172 0.102422 0.101655 0.100874 0.100085 0.099294 0.098506 0.097730 0.096972 0.096238 0.095536 0.094872 0.094251 0.093681 0.093166 0.092712 0.092325 0.092010 0.091773 0.091618 0.091553 0.091584 0.091718 0.091965 0.092333 0.092835 0.093484 0.094296 0.095290 0.096489 0.097920 0.099617 0.101621 0.103982 0.106761 0.110036 0.113906 0.118493 0.123957 0.130506 0.138413 0.148043 0.159888 0.174626 0.193197 0.216926 0.247696 0.288181 0.342116 0.414407 0.510453 0.632902 0.772808 0.896288 0.947900 0.896841 0.773899 0.634503 0.512524 0.416893 0.344954 0.291300 0.251017 0.220368 0.196676 0.178060 0.163196 0.151147 0.141243 0.132995 0.126047 0.120133 0.115052 0.110651 0.106812 0.103445 0.100476 0.097848 0.095514 0.093437 0.091585 0.089932 0.088457 0.087140 0.085965 0.084920 0.083991 0.083167 0.082441 0.081802 0.081244 0.080759 0.080341 0.079985 0.079685 0.079437 0.079235 0.079077 0.078957 0.078872 0.078820 0.078796 0.078799 0.078825 0.078871 0.078937 0.079018 0.079115 0.079223 0.079343 0.079472 0.079608 0.079751 0.079898 0.080049 0.080202 0.080356 0.080510 0.080663 0.080813 0.080960 0.081102 0.081238 0.081368 0.081491 0.081606 0.081713 0.081811 0.081901 0.081983 0.082057 0.082125 0.082187 0.082245 0.082301 0.082358 0.082419 0.082487 0.082566 0.082662 0.082779 0.082923 0.083102 0.083323 0.083596 0.083929 0.084337 0.084832 0.085430 0.086151 0.087018 0.088058 0.089304 0.090797 0.092589 0.094743 0.097342 0.100489 0.104323 0.109028 0.114852 0.122137 0.131368 0.143243 0.158804 0.179650 0.208328 0.249077 0.309297 0.402626 0.555572 0.821191 1.295766 2.036282 2.529882 2.035773 1.294748 0.819666 0.553545 0.400099 0.306276 0.245568 0.204338 0.175187 0.153877 0.137863 0.125546 0.115888 0.108188 0.101966 0.096879 0.092680 0.089188 0.086267 0.083811 0.081742 0.079997 0.078526 0.077290 0.076258 0.075402 0.074702 0.074140 0.073701 0.073373 0.073144 0.073005 0.072948 0.072965 0.073049 0.073194 0.073393 0.073640 0.073929 0.074254 0.074609 0.074987 0.075382 0.075786 0.076191 0.076590 0.076974 0.077333 0.077660 0.077944 0.078176 0.078346 0.078446 0.078466 0.078400 0.078240 0.077981 0.077621 0.077156 0.076588 0.075918 0.075151 0.074291 0.073346 0.072324 0.071234 0.070086 0.068889 0.067654
0.155037 0.168390 0.185084 0.206514 0.234879 0.273796 0.329557 0.413850 0.550350 0.792676 1.281841 2.468743 6.028151 11.960066 6.028974 2.470395 1.284332 0.796022 0.554573 0.418974 0.335610 0.280812 0.242890 0.215558 0.195196 0.179609 0.167399 0.157647 0.149729 0.143206 0.137768 0.133187 0.129291 0.125954 0.123077 0.120582 0.118408 0.116506 0.114835 0.113360 0.112054 0.110891 0.109849 0.108909 0.108054 0.107268 0.106536 0.105845 0.105184 0.104542 0.103911 0.103282 0.102649 0.102008 0.101355 0.100689 0.100009 0.099317 0.098614 0.097904 0.097191 0.096479 0.095774 0.095082 0.094407 0.093756 0.093136 0.092550 0.092006 0.091508 0.091061 0.090671 0.090344 0.090083 0.089895 0.089785 0.089759 0.089824 0.089987 0.090257 0.090642 0.091155 0.091808 0.092616 0.093598 0.094775 0.096172 0.097821 0.099759 0.102032 0.104697 0.107823 0.111497 0.115828 0.120954 0.127052 0.134348 0.143141 0.153819 0.166895 0.183052 0.203192 0.228495 0.260462 0.300860 0.351419 0.412934 0.483272 0.554305 0.610087 0.631793 0.610529 0.555176 0.484549 0.414585 0.353399 0.303117 0.262939 0.231127 0.205912 0.185791 0.169584 0.156390 0.145529 0.136492 0.128894 0.122445 0.116921 0.112152 0.108006 0.104378 0.101186 0.098366 0.095864 0.093638 0.091653 0.089880 0.088294 0.086875 0.085606 0.084472 0.083458 0.082556 0.081753 0.081042 0.080414 0.079862 0.079380 0.078961 0.078602 0.078295 0.078038 0.077826 0.077654 0.077520 0.077420 0.077350 0.077309 0.077292 0.077299 0.077325 0.077370 0.077431 0.077507 0.077594 0.077693 0.077801 0.077916 0.078038 0.078165 0.078296 0.078430 0.078564 0.078700 0.078834 0.078967 0.079098 0.079224 0.079347 0.079464 0.079576 0.079681 0.079780 0.079873 0.079959 0.080039 0.080114 0.080184 0.080251 0.080317 0.080382 0.080451 0.080526 0.080609 0.080706 0.080820 0.080956 0.081121 0.081321 0.081563 0.081856 0.082211 0.082638 0.083151 0.083765 0.084498 0.085374 0.086417 0.087660 0.089142 0.090911 0.093027 0.095567 0.098629 0.102339 0.106865 0.112431 0.119342 0.128019 0.139059 0.153325 0.172092 0.197298 0.231949 0.280816 0.351511 0.455789 0.609143 0.819917 1.047588 1.157085 1.047102 0.818946 0.607689 0.453854 0.349101 0.277934 0.228601 0.193490 0.167833 0.148623 0.133925 0.122463 0.113377 0.106070 0.100122 0.095230 0.091171 0.087779 0.084927 0.082520 0.080483 0.078756 0.077292 0.076055 0.075012 0.074140 0.073418 0.072828 0.072355 0.071988 0.071716 0.071530 0.071420 0.071380 0.071402 0.071481 0.071610 0.071783 0.071994 0.072238 0.072508 0.072798 0.073102 0.073414 0.073725 0.074030 0.074320 0.074588 0.074826 0.075025 0.075178 0.075276 0.075313 0.075280 0.075173 0.074984 0.074712 0.074352 0.073903 0.073365 0.072741 0.072032 0.071244 0.070383 0.069454 0.068466 0.067425 0.066341 0.065222